time,longitude,latitude,pressure_hPa,geopotential height_m,temperature_C,dew point temperature_C,ice point temperature_C,relative humidity_%,humidity wrt ice_%,mixing ratio_g/kg,wind direction_degree,wind speed_m/s
2026-02-12 23:30:11, 26.6313,67.3663,1000.0,   18,     ,     ,     ,   ,   ,     ,   ,    
2026-02-12 23:30:11, 26.6313,67.3663, 977.9,  180,-28.5,-31.6,-28.7, 75, 98, 0.28,160, 0.9
2026-02-12 23:30:13, 26.6313,67.3664, 976.8,  189,-27.9,-29.2,-26.4, 89,116, 0.35,211, 0.8
2026-02-12 23:30:15, 26.6314,67.3664, 975.3,  200,-27.6,-28.5,-25.7, 92,121, 0.38,227, 1.0
2026-02-12 23:30:17, 26.6313,67.3664, 973.8,  211,-27.5,-28.5,-25.8, 91,119, 0.37,226, 1.1
2026-02-12 23:30:19, 26.6313,67.3664, 972.3,  222,-27.5,-28.7,-26.0, 90,118, 0.37,224, 1.3
2026-02-12 23:30:21, 26.6314,67.3665, 970.8,  233,-27.5,-28.8,-26.0, 89,116, 0.37,223, 1.5
2026-02-12 23:30:23, 26.6313,67.3665, 969.3,  244,-27.4,-28.7,-26.0, 88,115, 0.37,222, 1.7
2026-02-12 23:30:25, 26.6314,67.3665, 967.8,  255,-27.4,-28.7,-26.0, 88,115, 0.37,221, 1.9
2026-02-12 23:30:27, 26.6316,67.3665, 966.3,  266,-27.4,-28.7,-25.9, 89,116, 0.37,219, 2.2
2026-02-12 23:30:29, 26.6315,67.3666, 964.9,  277,-27.4,-28.5,-25.8, 90,118, 0.38,218, 2.4
2026-02-12 23:30:31, 26.6316,67.3666, 963.5,  287,-27.4,-28.3,-25.5, 92,121, 0.39,216, 2.8
2026-02-12 23:30:33, 26.6318,67.3666, 962.2,  297,-27.3,-28.0,-25.3, 94,123, 0.40,215, 3.1
2026-02-12 23:30:35, 26.6319,67.3667, 960.8,  307,-27.3,-27.9,-25.2, 95,124, 0.40,213, 3.4
2026-02-12 23:30:37, 26.6319,67.3667, 959.5,  317,-27.2,-27.6,-24.9, 96,126, 0.41,212, 3.8
2026-02-12 23:30:39, 26.6321,67.3667, 958.1,  327,-27.1,-27.3,-24.6, 98,128, 0.43,210, 4.2
2026-02-12 23:30:41, 26.6323,67.3668, 956.8,  337,-26.8,-26.8,-24.2,100,129, 0.45,209, 4.6
2026-02-12 23:30:43, 26.6323,67.3669, 955.4,  347,-26.3,-26.4,-23.8,100,129, 0.46,208, 5.0
2026-02-12 23:30:45, 26.6324,67.3671, 954.1,  358,-25.9,-25.9,-23.4,100,129, 0.48,207, 5.4
2026-02-12 23:30:47, 26.6324,67.3671, 952.6,  369,-25.3,-25.3,-22.8,100,128, 0.52,206, 5.7
2026-02-12 23:30:49, 26.6326,67.3672, 951.2,  379,-24.2,-24.2,-21.8,100,127, 0.57,205, 6.1
2026-02-12 23:30:51, 26.6328,67.3673, 949.9,  390,-23.6,-23.7,-21.4, 99,125, 0.59,205, 6.4
2026-02-12 23:30:53, 26.6329,67.3675, 948.5,  400,-23.4,-23.7,-21.3, 98,123, 0.60,205, 6.7
2026-02-12 23:30:55, 26.6330,67.3675, 947.2,  411,-23.2,-23.4,-21.0, 99,124, 0.61,205, 6.9
2026-02-12 23:30:57, 26.6332,67.3676, 945.8,  422,-23.0,-23.1,-20.8, 99,124, 0.63,205, 7.1
2026-02-12 23:30:59, 26.6333,67.3678, 944.3,  433,-22.8,-22.9,-20.6, 99,124, 0.64,206, 7.2
2026-02-12 23:31:01, 26.6335,67.3680, 942.9,  444,-22.6,-22.7,-20.4, 99,123, 0.65,206, 7.3
2026-02-12 23:31:03, 26.6336,67.3681, 941.6,  454,-22.3,-22.5,-20.2, 99,123, 0.67,207, 7.3
2026-02-12 23:31:05, 26.6337,67.3682, 940.2,  465,-22.0,-22.1,-19.9, 99,123, 0.69,208, 7.3
2026-02-12 23:31:07, 26.6339,67.3683, 938.9,  475,-21.6,-21.6,-19.4,100,123, 0.72,209, 7.2
2026-02-12 23:31:09, 26.6342,67.3684, 937.4,  487,-20.7,-20.7,-18.6,100,122, 0.78,210, 7.1
2026-02-12 23:31:11, 26.6344,67.3686, 936.0,  498,-19.8,-19.9,-17.8,100,121, 0.84,211, 7.0
2026-02-12 23:31:13, 26.6345,67.3686, 934.5,  510,-19.4,-19.6,-17.6, 98,119, 0.87,212, 6.9
2026-02-12 23:31:15, 26.6348,67.3687, 933.0,  522,-19.1,-19.2,-17.3, 99,119, 0.89,213, 6.7
2026-02-12 23:31:17, 26.6351,67.3688, 931.6,  533,-18.5,-18.8,-16.9, 97,116, 0.93,214, 6.6
2026-02-12 23:31:19, 26.6352,67.3689, 930.3,  544,-17.9,-19.1,-17.1, 91,108, 0.91,215, 6.4
2026-02-12 23:31:21, 26.6354,67.3690, 929.0,  554,-17.6,-19.4,-17.4, 86,102, 0.88,215, 6.2
2026-02-12 23:31:23, 26.6356,67.3691, 927.8,  564,-17.4,-19.3,-17.4, 85,100, 0.89,216, 6.1
2026-02-12 23:31:25, 26.6357,67.3692, 926.5,  574,-17.2,-19.4,-17.4, 83, 98, 0.89,216, 6.0
2026-02-12 23:31:27, 26.6358,67.3692, 925.2,  585,-16.9,-19.7,-17.7, 79, 93, 0.87,215, 5.8
2026-02-12 23:31:27, 26.6359,67.3692, 925.0,  586,-16.8,-19.7,-17.7, 79, 93, 0.87,215, 5.7
2026-02-12 23:31:29, 26.6360,67.3693, 923.9,  595,-16.5,-19.6,-17.6, 76, 90, 0.87,215, 5.7
2026-02-12 23:31:31, 26.6361,67.3694, 922.7,  605,-16.2,-19.1,-17.2, 78, 91, 0.91,214, 5.6
2026-02-12 23:31:33, 26.6362,67.3695, 921.5,  614,-16.2,-19.2,-17.3, 77, 90, 0.90,214, 5.6
2026-02-12 23:31:35, 26.6364,67.3695, 920.3,  624,-16.1,-19.3,-17.3, 76, 89, 0.90,213, 5.5
2026-02-12 23:31:37, 26.6367,67.3696, 919.1,  635,-16.0,-18.8,-16.9, 79, 92, 0.94,212, 5.5
2026-02-12 23:31:39, 26.6368,67.3697, 917.8,  645,-15.9,-18.5,-16.6, 81, 94, 0.97,210, 5.4
2026-02-12 23:31:41, 26.6368,67.3698, 916.6,  655,-15.8,-18.4,-16.5, 81, 94, 0.98,209, 5.4
2026-02-12 23:31:43, 26.6370,67.3698, 915.4,  665,-15.6,-18.3,-16.4, 80, 93, 0.98,208, 5.4
2026-02-12 23:31:45, 26.6372,67.3699, 914.2,  674,-15.5,-18.2,-16.4, 79, 92, 0.99,207, 5.4
2026-02-12 23:31:47, 26.6373,67.3700, 913.1,  684,-15.2,-17.9,-16.1, 80, 93, 1.02,206, 5.3
2026-02-12 23:31:49, 26.6373,67.3701, 911.9,  694,-15.1,-17.9,-16.0, 79, 92, 1.03,206, 5.3
2026-02-12 23:31:51, 26.6373,67.3703, 910.7,  704,-14.9,-18.0,-16.1, 77, 89, 1.02,205, 5.2
2026-02-12 23:31:53, 26.6375,67.3703, 909.5,  714,-14.7,-18.1,-16.2, 75, 87, 1.01,204, 5.2
2026-02-12 23:31:55, 26.6376,67.3704, 908.3,  724,-14.4,-17.8,-16.0, 75, 87, 1.04,204, 5.1
2026-02-12 23:31:57, 26.6376,67.3705, 907.1,  734,-14.2,-17.9,-16.0, 74, 85, 1.03,204, 5.0
2026-02-12 23:31:59, 26.6378,67.3706, 905.9,  744,-14.1,-18.0,-16.2, 72, 83, 1.02,203, 4.9
2026-02-12 23:32:01, 26.6379,67.3707, 904.6,  754,-14.1,-18.1,-16.2, 71, 82, 1.02,203, 4.8
2026-02-12 23:32:03, 26.6380,67.3707, 903.4,  765,-14.1,-18.7,-16.7, 68, 78, 0.97,203, 4.7
2026-02-12 23:32:05, 26.6380,67.3708, 902.0,  776,-13.9,-19.9,-17.9, 61, 69, 0.87,203, 4.5
2026-02-12 23:32:07, 26.6381,67.3709, 900.7,  788,-13.8,-20.7,-18.6, 56, 64, 0.82,203, 4.4
2026-02-12 23:32:09, 26.6382,67.3709, 899.4,  799,-13.8,-20.7,-18.6, 56, 64, 0.82,202, 4.3
2026-02-12 23:32:11, 26.6382,67.3709, 898.1,  809,-13.8,-20.6,-18.5, 56, 64, 0.82,202, 4.2
2026-02-12 23:32:13, 26.6383,67.3710, 896.9,  819,-13.8,-20.7,-18.6, 56, 64, 0.82,202, 4.1
2026-02-12 23:32:15, 26.6384,67.3711, 895.7,  829,-13.8,-20.7,-18.6, 56, 64, 0.82,202, 4.0
2026-02-12 23:32:17, 26.6386,67.3713, 894.5,  840,-13.8,-20.6,-18.5, 57, 65, 0.83,202, 3.9
2026-02-12 23:32:19, 26.6387,67.3713, 893.2,  851,-13.9,-20.6,-18.5, 57, 65, 0.83,202, 3.8
2026-02-12 23:32:21, 26.6387,67.3714, 891.9,  862,-14.0,-20.5,-18.5, 58, 66, 0.84,202, 3.7
2026-02-12 23:32:23, 26.6386,67.3714, 890.6,  873,-14.1,-20.2,-18.2, 60, 68, 0.86,202, 3.6
2026-02-12 23:32:25, 26.6386,67.3714, 889.4,  884,-14.1,-19.8,-17.7, 62, 71, 0.90,203, 3.6
2026-02-12 23:32:27, 26.6387,67.3715, 888.1,  894,-14.1,-19.5,-17.5, 64, 73, 0.92,204, 3.5
2026-02-12 23:32:29, 26.6388,67.3715, 887.0,  904,-14.2,-19.5,-17.5, 64, 73, 0.92,205, 3.5
2026-02-12 23:32:31, 26.6389,67.3716, 885.8,  914,-14.2,-19.6,-17.6, 63, 73, 0.91,206, 3.4
2026-02-12 23:32:33, 26.6390,67.3717, 884.7,  924,-14.2,-19.8,-17.8, 63, 72, 0.90,207, 3.3
2026-02-12 23:32:35, 26.6391,67.3717, 883.6,  933,-14.2,-20.1,-18.0, 61, 70, 0.88,209, 3.3
2026-02-12 23:32:37, 26.6392,67.3718, 882.4,  943,-14.2,-20.3,-18.2, 60, 69, 0.87,210, 3.3
2026-02-12 23:32:39, 26.6392,67.3719, 881.2,  954,-14.2,-20.3,-18.2, 60, 69, 0.86,211, 3.2
2026-02-12 23:32:41, 26.6392,67.3719, 879.9,  964,-14.2,-20.6,-18.5, 59, 68, 0.85,211, 3.2
2026-02-12 23:32:43, 26.6394,67.3719, 878.6,  976,-14.3,-21.2,-19.1, 56, 64, 0.80,212, 3.2
2026-02-12 23:32:45, 26.6395,67.3720, 877.3,  987,-14.3,-21.8,-19.6, 53, 61, 0.76,212, 3.2
2026-02-12 23:32:47, 26.6395,67.3720, 876.0,  999,-14.4,-21.7,-19.5, 54, 62, 0.77,212, 3.2
2026-02-12 23:32:49, 26.6397,67.3720, 874.7, 1010,-14.5,-21.6,-19.4, 55, 63, 0.78,211, 3.2
2026-02-12 23:32:51, 26.6399,67.3721, 873.4, 1021,-14.6,-21.8,-19.6, 54, 62, 0.76,210, 3.2
2026-02-12 23:32:53, 26.6399,67.3721, 872.1, 1032,-14.7,-22.1,-19.9, 53, 61, 0.75,210, 3.2
2026-02-12 23:32:55, 26.6400,67.3721, 870.8, 1043,-14.8,-22.7,-20.4, 51, 59, 0.71,209, 3.2
2026-02-12 23:32:57, 26.6399,67.3722, 869.5, 1055,-14.8,-24.2,-21.8, 45, 52, 0.62,209, 3.3
2026-02-12 23:32:59, 26.6399,67.3723, 868.3, 1065,-14.8,-25.3,-22.8, 40, 47, 0.56,209, 3.3
2026-02-12 23:33:01, 26.6400,67.3724, 867.2, 1075,-14.9,-26.2,-23.6, 38, 43, 0.52,210, 3.3
2026-02-12 23:33:03, 26.6401,67.3725, 866.1, 1084,-14.9,-27.2,-24.6, 34, 39, 0.47,210, 3.3
2026-02-12 23:33:05, 26.6403,67.3725, 865.1, 1093,-14.9,-28.2,-25.5, 31, 36, 0.43,211, 3.4
2026-02-12 23:33:07, 26.6403,67.3725, 864.0, 1103,-14.9,-28.5,-25.8, 31, 35, 0.42,213, 3.4
2026-02-12 23:33:09, 26.6404,67.3726, 862.8, 1113,-15.0,-28.7,-25.9, 30, 35, 0.42,214, 3.4
2026-02-12 23:33:11, 26.6404,67.3726, 861.6, 1124,-15.1,-28.8,-26.0, 30, 35, 0.41,216, 3.4
2026-02-12 23:33:13, 26.6405,67.3727, 860.3, 1135,-15.1,-28.9,-26.1, 30, 35, 0.41,218, 3.4
2026-02-12 23:33:15, 26.6406,67.3727, 859.1, 1146,-15.2,-28.9,-26.2, 30, 35, 0.41,219, 3.5
2026-02-12 23:33:17, 26.6407,67.3728, 857.9, 1156,-15.3,-29.0,-26.3, 30, 35, 0.40,220, 3.5
2026-02-12 23:33:19, 26.6409,67.3728, 856.7, 1167,-15.3,-29.1,-26.3, 30, 35, 0.40,221, 3.5
2026-02-12 23:33:21, 26.6411,67.3728, 855.5, 1177,-15.4,-29.2,-26.4, 30, 35, 0.40,221, 3.6
2026-02-12 23:33:23, 26.6412,67.3729, 854.3, 1188,-15.5,-29.3,-26.5, 30, 35, 0.40,221, 3.6
2026-02-12 23:33:25, 26.6413,67.3729, 853.1, 1199,-15.6,-29.4,-26.6, 30, 34, 0.39,220, 3.6
2026-02-12 23:33:27, 26.6414,67.3730, 851.9, 1209,-15.6,-29.8,-27.0, 29, 33, 0.38,219, 3.7
2026-02-12 23:33:29, 26.6415,67.3730, 850.8, 1219,-15.7,-30.6,-27.7, 27, 31, 0.35,217, 3.7
2026-02-12 23:33:30, 26.6415,67.3730, 850.0, 1226,-15.8,-30.9,-28.0, 26, 30, 0.34,217, 3.7
2026-02-12 23:33:31, 26.6415,67.3731, 849.5, 1230,-15.8,-31.2,-28.2, 25, 30, 0.33,216, 3.8
2026-02-12 23:33:33, 26.6417,67.3731, 848.3, 1241,-15.9,-31.8,-28.8, 24, 28, 0.32,214, 3.8
2026-02-12 23:33:35, 26.6418,67.3732, 847.0, 1253,-16.0,-32.5,-29.4, 23, 27, 0.30,212, 3.9
2026-02-12 23:33:37, 26.6420,67.3733, 845.7, 1264,-16.0,-32.6,-29.6, 23, 26, 0.29,210, 3.9
2026-02-12 23:33:39, 26.6421,67.3733, 844.5, 1275,-16.1,-32.7,-29.7, 23, 26, 0.29,208, 4.0
2026-02-12 23:33:41, 26.6422,67.3734, 843.2, 1286,-16.2,-32.9,-29.8, 22, 26, 0.29,206, 4.0
2026-02-12 23:33:43, 26.6422,67.3735, 842.0, 1298,-16.3,-33.0,-29.9, 22, 26, 0.28,205, 4.1
2026-02-12 23:33:45, 26.6422,67.3735, 840.7, 1309,-16.3,-33.3,-30.2, 22, 25, 0.27,204, 4.1
2026-02-12 23:33:47, 26.6423,67.3736, 839.5, 1320,-16.4,-33.5,-30.5, 21, 25, 0.27,203, 4.2
2026-02-12 23:33:49, 26.6423,67.3737, 838.2, 1331,-16.5,-33.6,-30.5, 21, 25, 0.27,202, 4.3
2026-02-12 23:33:51, 26.6424,67.3738, 837.0, 1342,-16.6,-33.7,-30.6, 21, 25, 0.27,202, 4.3
2026-02-12 23:33:53, 26.6425,67.3738, 835.8, 1353,-16.7,-33.7,-30.6, 21, 25, 0.27,201, 4.3
2026-02-12 23:33:55, 26.6425,67.3739, 834.7, 1363,-16.7,-33.7,-30.6, 22, 25, 0.27,201, 4.4
2026-02-12 23:33:57, 26.6425,67.3740, 833.5, 1373,-16.8,-33.3,-30.2, 23, 27, 0.28,201, 4.4
2026-02-12 23:33:59, 26.6426,67.3740, 832.4, 1384,-16.9,-32.5,-29.5, 25, 29, 0.30,201, 4.5
2026-02-12 23:34:01, 26.6428,67.3741, 831.2, 1394,-17.0,-31.9,-28.9, 26, 31, 0.32,202, 4.5
2026-02-12 23:34:03, 26.6429,67.3742, 830.0, 1405,-17.1,-31.9,-28.9, 26, 31, 0.32,202, 4.5
2026-02-12 23:34:05, 26.6430,67.3743, 828.8, 1416,-17.2,-32.1,-29.1, 26, 31, 0.31,202, 4.6
2026-02-12 23:34:07, 26.6431,67.3743, 827.6, 1427,-17.3,-32.0,-29.0, 27, 32, 0.32,202, 4.6
2026-02-12 23:34:09, 26.6432,67.3744, 826.4, 1438,-17.4,-31.9,-29.0, 27, 32, 0.32,203, 4.7
2026-02-12 23:34:11, 26.6432,67.3745, 825.1, 1449,-17.4,-32.1,-29.1, 27, 32, 0.32,203, 4.7
2026-02-12 23:34:13, 26.6433,67.3746, 823.9, 1460,-17.5,-32.3,-29.3, 26, 31, 0.31,204, 4.8
2026-02-12 23:34:15, 26.6434,67.3746, 822.7, 1471,-17.6,-32.5,-29.5, 26, 31, 0.30,204, 4.8
2026-02-12 23:34:17, 26.6435,67.3747, 821.5, 1482,-17.7,-32.6,-29.5, 26, 31, 0.30,205, 4.8
2026-02-12 23:34:19, 26.6435,67.3748, 820.3, 1493,-17.8,-32.7,-29.6, 26, 31, 0.30,205, 4.9
2026-02-12 23:34:21, 26.6435,67.3749, 819.1, 1504,-17.8,-32.9,-29.8, 26, 31, 0.29,206, 4.9
2026-02-12 23:34:23, 26.6436,67.3749, 817.9, 1515,-17.9,-33.0,-30.0, 25, 30, 0.29,206, 5.0
2026-02-12 23:34:25, 26.6438,67.3750, 816.7, 1526,-18.0,-33.2,-30.1, 25, 30, 0.29,207, 5.0
2026-02-12 23:34:27, 26.6440,67.3751, 815.5, 1537,-18.1,-33.4,-30.3, 25, 30, 0.28,207, 5.0
2026-02-12 23:34:29, 26.6442,67.3752, 814.2, 1549,-18.2,-33.6,-30.5, 25, 29, 0.27,208, 5.0
2026-02-12 23:34:31, 26.6443,67.3753, 813.0, 1560,-18.3,-33.9,-30.8, 24, 29, 0.27,208, 5.0
2026-02-12 23:34:33, 26.6445,67.3754, 811.7, 1571,-18.4,-34.1,-31.0, 24, 29, 0.26,208, 4.9
2026-02-12 23:34:35, 26.6445,67.3754, 810.5, 1583,-18.5,-34.2,-31.1, 24, 29, 0.26,208, 4.8
2026-02-12 23:34:37, 26.6445,67.3755, 809.2, 1595,-18.6,-34.2,-31.1, 24, 29, 0.26,208, 4.8
2026-02-12 23:34:39, 26.6446,67.3756, 807.9, 1606,-18.7,-34.4,-31.3, 24, 28, 0.26,207, 4.7
2026-02-12 23:34:41, 26.6448,67.3757, 806.6, 1618,-18.8,-34.6,-31.4, 24, 28, 0.25,207, 4.6
2026-02-12 23:34:43, 26.6448,67.3758, 805.4, 1630,-18.9,-34.8,-31.6, 23, 28, 0.25,206, 4.5
2026-02-12 23:34:45, 26.6449,67.3758, 804.0, 1642,-19.0,-34.9,-31.7, 23, 28, 0.25,205, 4.4
2026-02-12 23:34:47, 26.6451,67.3759, 802.7, 1655,-19.1,-34.8,-31.7, 24, 28, 0.25,204, 4.3
2026-02-12 23:34:49, 26.6452,67.3759, 801.4, 1667,-19.2,-34.9,-31.8, 23, 28, 0.25,204, 4.3
2026-02-12 23:34:51, 26.6453,67.3760, 800.1, 1679,-19.3,-35.2,-32.0, 23, 28, 0.24,203, 4.2
2026-02-12 23:34:53, 26.6454,67.3761, 798.8, 1691,-19.4,-35.3,-32.1, 23, 28, 0.24,203, 4.2
2026-02-12 23:34:55, 26.6454,67.3761, 797.6, 1702,-19.4,-35.3,-32.1, 23, 28, 0.24,202, 4.2
2026-02-12 23:34:57, 26.6453,67.3762, 796.3, 1714,-19.5,-35.3,-32.1, 23, 28, 0.24,202, 4.2
2026-02-12 23:34:59, 26.6454,67.3763, 795.0, 1726,-19.6,-35.4,-32.2, 23, 28, 0.24,203, 4.2
2026-02-12 23:35:01, 26.6455,67.3764, 793.8, 1738,-19.8,-35.6,-32.4, 23, 28, 0.23,203, 4.1
2026-02-12 23:35:03, 26.6455,67.3765, 792.6, 1749,-19.9,-35.7,-32.5, 23, 28, 0.23,204, 4.1
2026-02-12 23:35:05, 26.6455,67.3765, 791.5, 1759,-19.9,-35.7,-32.5, 23, 28, 0.23,204, 4.1
2026-02-12 23:35:07, 26.6456,67.3766, 790.5, 1769,-20.0,-35.8,-32.6, 23, 28, 0.23,205, 4.0
2026-02-12 23:35:09, 26.6458,67.3767, 789.5, 1778,-20.1,-35.9,-32.7, 23, 28, 0.23,206, 4.0
2026-02-12 23:35:11, 26.6460,67.3767, 788.4, 1788,-20.2,-36.0,-32.7, 23, 28, 0.23,206, 3.9
2026-02-12 23:35:13, 26.6462,67.3767, 787.4, 1798,-20.2,-36.0,-32.8, 23, 28, 0.22,206, 3.8
2026-02-12 23:35:15, 26.6462,67.3768, 786.3, 1808,-20.3,-36.2,-32.9, 23, 28, 0.22,206, 3.8
2026-02-12 23:35:17, 26.6462,67.3769, 785.2, 1818,-20.4,-36.3,-33.1, 23, 28, 0.22,206, 3.7
2026-02-12 23:35:19, 26.6463,67.3769, 784.1, 1829,-20.5,-36.4,-33.1, 23, 28, 0.22,206, 3.6
2026-02-12 23:35:21, 26.6465,67.3770, 783.0, 1839,-20.6,-36.4,-33.2, 23, 28, 0.22,205, 3.5
2026-02-12 23:35:23, 26.6465,67.3770, 781.9, 1849,-20.7,-36.5,-33.2, 23, 28, 0.22,204, 3.5
2026-02-12 23:35:25, 26.6465,67.3771, 780.8, 1860,-20.8,-36.6,-33.3, 23, 28, 0.21,204, 3.4
2026-02-12 23:35:27, 26.6465,67.3772, 779.7, 1870,-20.8,-36.7,-33.4, 23, 28, 0.21,204, 3.3
2026-02-12 23:35:29, 26.6466,67.3772, 778.6, 1880,-20.9,-36.8,-33.5, 23, 28, 0.21,204, 3.3
2026-02-12 23:35:31, 26.6467,67.3773, 777.5, 1891,-21.0,-36.9,-33.6, 23, 28, 0.21,205, 3.2
2026-02-12 23:35:33, 26.6466,67.3773, 776.4, 1902,-21.1,-36.9,-33.6, 23, 28, 0.21,206, 3.1
2026-02-12 23:35:35, 26.6467,67.3774, 775.1, 1914,-21.1,-37.0,-33.7, 23, 28, 0.21,208, 3.0
2026-02-12 23:35:37, 26.6467,67.3774, 773.9, 1926,-21.3,-37.3,-33.9, 22, 27, 0.20,210, 2.9
2026-02-12 23:35:39, 26.6468,67.3775, 772.6, 1937,-21.3,-37.6,-34.2, 22, 27, 0.20,213, 2.7
2026-02-12 23:35:41, 26.6469,67.3776, 771.5, 1948,-21.4,-37.8,-34.5, 21, 26, 0.19,216, 2.6
2026-02-12 23:35:43, 26.6470,67.3776, 770.3, 1960,-21.4,-38.2,-34.8, 21, 25, 0.18,219, 2.4
2026-02-12 23:35:45, 26.6471,67.3776, 769.1, 1971,-21.5,-38.6,-35.2, 20, 24, 0.18,223, 2.2
2026-02-12 23:35:47, 26.6472,67.3776, 767.9, 1983,-21.5,-39.0,-35.5, 19, 24, 0.17,227, 2.1
2026-02-12 23:35:49, 26.6473,67.3776, 766.7, 1995,-21.5,-39.0,-35.6, 19, 24, 0.17,232, 1.9
2026-02-12 23:35:51, 26.6474,67.3777, 765.5, 2006,-21.6,-39.0,-35.5, 19, 24, 0.17,236, 1.7
2026-02-12 23:35:53, 26.6475,67.3777, 764.4, 2017,-21.7,-39.0,-35.5, 19, 24, 0.17,241, 1.5
2026-02-12 23:35:55, 26.6475,67.3777, 763.3, 2027,-21.8,-38.9,-35.5, 20, 24, 0.17,247, 1.3
2026-02-12 23:35:57, 26.6476,67.3777, 762.3, 2037,-21.9,-39.0,-35.5, 20, 25, 0.17,253, 1.1
2026-02-12 23:35:59, 26.6477,67.3777, 761.2, 2047,-22.0,-39.0,-35.6, 20, 25, 0.17,260, 0.9
2026-02-12 23:36:01, 26.6478,67.3777, 760.2, 2057,-22.0,-39.0,-35.6, 20, 25, 0.17,268, 0.7
2026-02-12 23:36:03, 26.6478,67.3777, 759.2, 2067,-22.1,-39.1,-35.7, 20, 25, 0.17,277, 0.6
2026-02-12 23:36:05, 26.6476,67.3777, 758.2, 2077,-22.2,-39.3,-35.8, 20, 25, 0.17,288, 0.5
2026-02-12 23:36:07, 26.6476,67.3776, 757.1, 2086,-22.3,-39.4,-36.0, 20, 24, 0.17,301, 0.4
2026-02-12 23:36:09, 26.6476,67.3776, 756.1, 2096,-22.4,-39.6,-36.1, 19, 24, 0.16,315, 0.3
2026-02-12 23:36:11, 26.6477,67.3775, 755.1, 2106,-22.4,-39.6,-36.2, 19, 24, 0.16,333, 0.2
2026-02-12 23:36:13, 26.6478,67.3776, 754.1, 2116,-22.5,-39.7,-36.2, 19, 24, 0.16,  2, 0.1
2026-02-12 23:36:15, 26.6477,67.3776, 753.0, 2126,-22.6,-39.7,-36.2, 20, 25, 0.16, 68, 0.1
2026-02-12 23:36:17, 26.6477,67.3776, 752.0, 2137,-22.7,-39.6,-36.1, 20, 25, 0.16,125, 0.1
2026-02-12 23:36:19, 26.6477,67.3776, 750.9, 2147,-22.8,-39.7,-36.2, 20, 25, 0.16,148, 0.2
2026-02-12 23:36:21, 26.6477,67.3776, 749.9, 2157,-22.9,-39.8,-36.3, 20, 25, 0.16,162, 0.3
2026-02-12 23:36:23, 26.6477,67.3776, 748.8, 2168,-23.0,-39.8,-36.3, 20, 25, 0.16,173, 0.4
2026-02-12 23:36:25, 26.6476,67.3776, 747.6, 2179,-23.1,-39.8,-36.3, 20, 25, 0.16,181, 0.4
2026-02-12 23:36:27, 26.6475,67.3777, 746.5, 2190,-23.2,-39.8,-36.3, 20, 26, 0.16,189, 0.5
2026-02-12 23:36:29, 26.6475,67.3777, 745.5, 2200,-23.3,-39.9,-36.4, 20, 26, 0.16,197, 0.6
2026-02-12 23:36:31, 26.6476,67.3777, 744.5, 2210,-23.4,-40.0,-36.5, 20, 26, 0.16,203, 0.7
2026-02-12 23:36:33, 26.6477,67.3777, 743.6, 2219,-23.5,-39.9,-36.4, 21, 26, 0.16,209, 0.8
2026-02-12 23:36:35, 26.6477,67.3776, 742.6, 2228,-23.6,-39.9,-36.4, 21, 26, 0.16,214, 0.8
2026-02-12 23:36:37, 26.6476,67.3777, 741.6, 2238,-23.7,-39.9,-36.4, 21, 26, 0.16,219, 0.8
2026-02-12 23:36:39, 26.6476,67.3777, 740.7, 2248,-23.8,-40.0,-36.5, 21, 27, 0.16,223, 0.9
2026-02-12 23:36:41, 26.6477,67.3778, 739.7, 2258,-23.8,-40.0,-36.5, 21, 27, 0.16,226, 0.8
2026-02-12 23:36:43, 26.6479,67.3778, 738.6, 2268,-23.9,-40.0,-36.5, 21, 27, 0.16,229, 0.8
2026-02-12 23:36:45, 26.6481,67.3778, 737.6, 2278,-24.0,-40.0,-36.5, 21, 27, 0.16,231, 0.7
2026-02-12 23:36:47, 26.6481,67.3778, 736.5, 2289,-24.1,-40.1,-36.6, 21, 27, 0.16,232, 0.7
2026-02-12 23:36:49, 26.6481,67.3778, 735.3, 2300,-24.2,-40.2,-36.7, 22, 27, 0.16,230, 0.5
2026-02-12 23:36:51, 26.6480,67.3778, 734.2, 2312,-24.3,-40.3,-36.8, 21, 27, 0.16,224, 0.4
2026-02-12 23:36:53, 26.6480,67.3778, 733.1, 2322,-24.4,-40.3,-36.8, 22, 27, 0.16,208, 0.3
2026-02-12 23:36:55, 26.6479,67.3778, 732.1, 2333,-24.5,-40.4,-36.9, 22, 27, 0.15,172, 0.2
2026-02-12 23:36:57, 26.6479,67.3778, 731.0, 2343,-24.6,-40.5,-37.0, 21, 27, 0.15,137, 0.3
2026-02-12 23:36:59, 26.6480,67.3778, 729.9, 2354,-24.6,-40.5,-37.0, 21, 27, 0.15,121, 0.5
2026-02-12 23:37:01, 26.6480,67.3778, 728.8, 2366,-24.7,-40.6,-37.0, 22, 27, 0.15,115, 0.7
2026-02-12 23:37:03, 26.6480,67.3777, 727.5, 2378,-24.8,-40.7,-37.2, 21, 27, 0.15,112, 0.9
2026-02-12 23:37:05, 26.6480,67.3777, 726.3, 2390,-24.9,-40.8,-37.3, 21, 27, 0.15,112, 1.0
2026-02-12 23:37:07, 26.6480,67.3778, 725.1, 2402,-24.9,-40.7,-37.2, 22, 28, 0.15,112, 1.2
2026-02-12 23:37:09, 26.6478,67.3778, 723.9, 2414,-25.0,-40.7,-37.2, 22, 28, 0.15,113, 1.3
2026-02-12 23:37:11, 26.6476,67.3778, 722.9, 2425,-25.1,-40.9,-37.4, 21, 27, 0.15,113, 1.5
2026-02-12 23:37:13, 26.6475,67.3778, 721.8, 2436,-25.1,-41.2,-37.6, 21, 27, 0.14,114, 1.6
2026-02-12 23:37:15, 26.6474,67.3778, 720.8, 2446,-25.2,-41.2,-37.6, 21, 27, 0.14,114, 1.7
2026-02-12 23:37:17, 26.6474,67.3778, 719.7, 2457,-25.3,-41.1,-37.6, 21, 27, 0.15,115, 1.7
2026-02-12 23:37:19, 26.6473,67.3778, 718.6, 2467,-25.4,-41.0,-37.4, 22, 28, 0.15,115, 1.8
2026-02-12 23:37:21, 26.6472,67.3779, 717.5, 2478,-25.4,-40.7,-37.2, 23, 29, 0.15,114, 1.8
2026-02-12 23:37:23, 26.6472,67.3779, 716.4, 2490,-25.5,-40.5,-37.0, 23, 30, 0.16,113, 1.8
2026-02-12 23:37:25, 26.6471,67.3779, 715.3, 2501,-25.6,-40.5,-37.0, 23, 30, 0.16,112, 1.8
2026-02-12 23:37:27, 26.6471,67.3779, 714.2, 2512,-25.7,-40.5,-37.0, 24, 31, 0.16,110, 1.8
2026-02-12 23:37:29, 26.6470,67.3779, 713.1, 2523,-25.8,-40.3,-36.8, 24, 31, 0.16,108, 1.8
2026-02-12 23:37:31, 26.6470,67.3779, 712.0, 2534,-25.9,-40.4,-36.8, 25, 32, 0.16,106, 1.8
2026-02-12 23:37:33, 26.6468,67.3779, 710.9, 2545,-26.0,-40.5,-36.9, 25, 32, 0.16,103, 1.9
2026-02-12 23:37:35, 26.6467,67.3780, 709.9, 2556,-26.1,-40.5,-37.0, 24, 32, 0.16,100, 1.9
2026-02-12 23:37:37, 26.6466,67.3780, 708.8, 2567,-26.2,-40.7,-37.2, 24, 31, 0.15, 97, 1.9
2026-02-12 23:37:39, 26.6465,67.3780, 707.7, 2578,-26.3,-40.9,-37.3, 24, 31, 0.15, 95, 2.0
2026-02-12 23:37:41, 26.6464,67.3780, 706.6, 2590,-26.4,-40.9,-37.4, 24, 31, 0.15, 92, 2.1
2026-02-12 23:37:43, 26.6463,67.3780, 705.5, 2601,-26.4,-41.0,-37.4, 24, 31, 0.15, 90, 2.1
2026-02-12 23:37:45, 26.6463,67.3780, 704.4, 2613,-26.5,-41.0,-37.5, 24, 32, 0.15, 87, 2.2
2026-02-12 23:37:47, 26.6462,67.3779, 703.3, 2624,-26.6,-41.0,-37.5, 24, 32, 0.15, 85, 2.3
2026-02-12 23:37:49, 26.6460,67.3780, 702.2, 2634,-26.7,-41.1,-37.5, 25, 32, 0.15, 83, 2.4
2026-02-12 23:37:51, 26.6459,67.3780, 701.2, 2644,-26.8,-41.2,-37.6, 24, 32, 0.15, 82, 2.5
2026-02-12 23:37:53, 26.6459,67.3779, 700.3, 2655,-26.9,-41.3,-37.7, 24, 32, 0.15, 80, 2.5
2026-02-12 23:37:54, 26.6458,67.3779, 700.0, 2657,-26.9,-41.3,-37.7, 24, 32, 0.15, 79, 2.6
2026-02-12 23:37:55, 26.6457,67.3779, 699.2, 2665,-27.0,-41.3,-37.7, 25, 32, 0.15, 79, 2.6
2026-02-12 23:37:57, 26.6455,67.3779, 698.2, 2676,-27.0,-41.2,-37.6, 25, 33, 0.15, 79, 2.7
2026-02-12 23:37:59, 26.6454,67.3779, 697.2, 2686,-27.1,-41.0,-37.4, 26, 34, 0.15, 78, 2.7
2026-02-12 23:38:01, 26.6453,67.3779, 696.2, 2697,-27.2,-40.4,-36.9, 27, 36, 0.16, 78, 2.8
2026-02-12 23:38:03, 26.6451,67.3779, 695.1, 2708,-27.3,-39.5,-36.1, 30, 40, 0.18, 78, 2.8
2026-02-12 23:38:05, 26.6450,67.3779, 694.1, 2719,-27.3,-39.1,-35.6, 32, 42, 0.19, 78, 2.8
2026-02-12 23:38:07, 26.6449,67.3778, 693.0, 2730,-27.4,-39.7,-36.2, 30, 39, 0.18, 78, 2.9
2026-02-12 23:38:09, 26.6448,67.3778, 691.9, 2741,-27.4,-39.6,-36.2, 30, 40, 0.18, 78, 2.9
2026-02-12 23:38:11, 26.6447,67.3778, 690.8, 2753,-27.5,-38.6,-35.2, 34, 45, 0.20, 78, 2.9
2026-02-12 23:38:13, 26.6446,67.3778, 689.7, 2764,-27.6,-37.8,-34.5, 37, 49, 0.21, 77, 2.9
2026-02-12 23:38:15, 26.6445,67.3778, 688.7, 2774,-27.7,-37.5,-34.2, 39, 51, 0.22, 76, 2.9
2026-02-12 23:38:17, 26.6444,67.3778, 687.8, 2784,-27.8,-37.4,-34.1, 39, 52, 0.22, 74, 2.9
2026-02-12 23:38:19, 26.6441,67.3778, 686.8, 2794,-27.9,-37.2,-33.9, 41, 53, 0.23, 71, 2.9
2026-02-12 23:38:21, 26.6439,67.3778, 685.9, 2804,-28.0,-37.2,-33.8, 41, 54, 0.23, 68, 2.9
2026-02-12 23:38:23, 26.6437,67.3778, 685.0, 2814,-28.1,-37.2,-33.9, 41, 54, 0.23, 64, 3.0
2026-02-12 23:38:25, 26.6436,67.3779, 684.0, 2824,-28.1,-37.4,-34.1, 41, 54, 0.23, 59, 3.0
2026-02-12 23:38:27, 26.6436,67.3778, 683.0, 2834,-28.2,-37.6,-34.2, 40, 53, 0.22, 54, 3.1
2026-02-12 23:38:29, 26.6435,67.3778, 682.0, 2845,-28.3,-37.6,-34.2, 41, 54, 0.22, 48, 3.2
2026-02-12 23:38:31, 26.6434,67.3777, 681.0, 2855,-28.4,-37.6,-34.2, 41, 54, 0.22, 43, 3.3
2026-02-12 23:38:33, 26.6433,67.3776, 680.0, 2866,-28.5,-37.7,-34.3, 41, 54, 0.22, 38, 3.5
2026-02-12 23:38:35, 26.6431,67.3776, 679.0, 2876,-28.6,-37.7,-34.4, 41, 54, 0.22, 33, 3.6
2026-02-12 23:38:37, 26.6431,67.3775, 677.9, 2887,-28.7,-37.5,-34.2, 42, 56, 0.22, 29, 3.8
2026-02-12 23:38:39, 26.6430,67.3774, 676.9, 2898,-28.8,-37.5,-34.1, 43, 57, 0.23, 25, 4.0
2026-02-12 23:38:41, 26.6429,67.3774, 675.9, 2909,-28.9,-37.7,-34.3, 42, 56, 0.22, 22, 4.2
2026-02-12 23:38:43, 26.6429,67.3773, 674.9, 2920,-28.9,-37.8,-34.4, 42, 56, 0.22, 20, 4.3
2026-02-12 23:38:45, 26.6429,67.3772, 673.9, 2930,-29.0,-37.8,-34.4, 43, 57, 0.22, 18, 4.5
2026-02-12 23:38:47, 26.6428,67.3771, 672.9, 2940,-29.1,-37.9,-34.5, 43, 57, 0.22, 16, 4.6
2026-02-12 23:38:49, 26.6426,67.3770, 672.0, 2950,-29.2,-38.0,-34.6, 42, 56, 0.22, 14, 4.7
2026-02-12 23:38:51, 26.6425,67.3769, 671.0, 2961,-29.3,-38.2,-34.8, 42, 56, 0.21, 13, 4.7
2026-02-12 23:38:53, 26.6425,67.3769, 670.0, 2971,-29.3,-38.1,-34.8, 42, 56, 0.21, 13, 4.8
2026-02-12 23:38:55, 26.6426,67.3768, 669.0, 2982,-29.4,-37.9,-34.6, 44, 58, 0.22, 13, 4.8
2026-02-12 23:38:57, 26.6426,67.3766, 667.9, 2994,-29.5,-37.8,-34.4, 45, 60, 0.22, 13, 4.8
2026-02-12 23:38:59, 26.6426,67.3765, 666.8, 3006,-29.7,-37.9,-34.5, 45, 60, 0.22, 14, 4.8
2026-02-12 23:39:01, 26.6426,67.3765, 665.6, 3019,-29.8,-38.1,-34.7, 44, 59, 0.22, 15, 4.9
2026-02-12 23:39:03, 26.6425,67.3764, 664.4, 3031,-29.9,-38.1,-34.8, 45, 60, 0.21, 16, 4.9
2026-02-12 23:39:05, 26.6425,67.3764, 663.3, 3044,-30.0,-38.1,-34.7, 45, 61, 0.22, 18, 5.0
2026-02-12 23:39:07, 26.6425,67.3763, 662.1, 3056,-30.1,-38.1,-34.8, 46, 61, 0.22, 20, 5.0
2026-02-12 23:39:09, 26.6423,67.3762, 661.0, 3068,-30.2,-38.2,-34.8, 46, 61, 0.21, 21, 5.1
2026-02-12 23:39:11, 26.6422,67.3761, 659.9, 3080,-30.3,-38.3,-34.9, 46, 62, 0.21, 23, 5.2
2026-02-12 23:39:13, 26.6421,67.3760, 658.8, 3091,-30.4,-38.2,-34.8, 47, 63, 0.22, 24, 5.3
2026-02-12 23:39:15, 26.6419,67.3759, 657.7, 3103,-30.6,-38.0,-34.6, 48, 65, 0.22, 25, 5.3
2026-02-12 23:39:17, 26.6417,67.3758, 656.6, 3115,-30.7,-38.2,-34.8, 48, 65, 0.22, 25, 5.4
2026-02-12 23:39:19, 26.6416,67.3757, 655.6, 3126,-30.8,-38.5,-35.1, 47, 63, 0.21, 25, 5.5
2026-02-12 23:39:21, 26.6416,67.3756, 654.6, 3137,-30.9,-38.6,-35.2, 47, 63, 0.21, 25, 5.5
2026-02-12 23:39:23, 26.6415,67.3756, 653.7, 3147,-30.9,-38.5,-35.1, 48, 64, 0.21, 24, 5.6
2026-02-12 23:39:25, 26.6413,67.3755, 652.7, 3158,-31.0,-38.3,-34.9, 49, 66, 0.21, 23, 5.6
2026-02-12 23:39:27, 26.6411,67.3754, 651.7, 3169,-31.1,-38.2,-34.8, 50, 68, 0.22, 22, 5.6
2026-02-12 23:39:29, 26.6410,67.3753, 650.7, 3180,-31.2,-38.1,-34.7, 51, 69, 0.22, 20, 5.5
2026-02-12 23:39:31, 26.6409,67.3752, 649.7, 3190,-31.3,-38.2,-34.8, 51, 69, 0.22, 19, 5.5
2026-02-12 23:39:33, 26.6408,67.3751, 648.8, 3200,-31.4,-38.2,-34.8, 51, 70, 0.22, 17, 5.4
2026-02-12 23:39:35, 26.6407,67.3750, 647.9, 3210,-31.5,-38.1,-34.7, 52, 71, 0.22, 15, 5.3
2026-02-12 23:39:37, 26.6406,67.3748, 647.0, 3219,-31.5,-38.0,-34.6, 53, 72, 0.22, 14, 5.2
2026-02-12 23:39:39, 26.6407,67.3747, 646.2, 3229,-31.6,-38.0,-34.6, 53, 73, 0.22, 12, 5.2
2026-02-12 23:39:41, 26.6408,67.3746, 645.4, 3238,-31.7,-38.1,-34.7, 53, 72, 0.22, 11, 5.1
2026-02-12 23:39:43, 26.6408,67.3746, 644.5, 3247,-31.8,-38.3,-34.9, 52, 71, 0.22, 10, 5.0
2026-02-12 23:39:45, 26.6409,67.3745, 643.7, 3256,-31.8,-38.3,-34.9, 53, 72, 0.22,  9, 5.0
2026-02-12 23:39:47, 26.6408,67.3745, 642.8, 3266,-31.9,-38.1,-34.7, 54, 74, 0.22,  9, 5.0
2026-02-12 23:39:49, 26.6406,67.3745, 641.9, 3276,-32.0,-38.0,-34.6, 55, 75, 0.23,  9, 5.0
2026-02-12 23:39:51, 26.6405,67.3744, 641.0, 3286,-32.1,-38.1,-34.7, 55, 75, 0.22,  9, 5.0
2026-02-12 23:39:53, 26.6404,67.3743, 640.1, 3296,-32.1,-37.9,-34.5, 57, 78, 0.23,  8, 5.0
2026-02-12 23:39:55, 26.6405,67.3741, 639.1, 3307,-32.2,-37.5,-34.1, 59, 81, 0.24,  8, 5.0
2026-02-12 23:39:57, 26.6406,67.3740, 638.1, 3318,-32.3,-37.5,-34.2, 60, 82, 0.24,  8, 5.1
2026-02-12 23:39:59, 26.6406,67.3739, 637.0, 3330,-32.4,-37.7,-34.4, 59, 81, 0.23,  7, 5.1
2026-02-12 23:40:01, 26.6405,67.3738, 635.9, 3342,-32.5,-37.8,-34.4, 59, 82, 0.23,  7, 5.1
2026-02-12 23:40:03, 26.6404,67.3737, 634.9, 3354,-32.6,-37.9,-34.5, 60, 82, 0.23,  6, 5.2
2026-02-12 23:40:05, 26.6402,67.3737, 633.8, 3365,-32.7,-37.9,-34.5, 60, 83, 0.23,  5, 5.2
2026-02-12 23:40:07, 26.6401,67.3736, 632.7, 3377,-32.8,-37.8,-34.5, 61, 84, 0.23,  3, 5.2
2026-02-12 23:40:09, 26.6401,67.3735, 631.7, 3389,-32.9,-37.8,-34.4, 62, 85, 0.23,  2, 5.3
2026-02-12 23:40:11, 26.6402,67.3734, 630.7, 3400,-33.0,-37.9,-34.5, 62, 85, 0.23,  1, 5.3
2026-02-12 23:40:13, 26.6402,67.3733, 629.7, 3410,-33.1,-38.1,-34.7, 61, 84, 0.23,360, 5.4
2026-02-12 23:40:15, 26.6402,67.3732, 628.8, 3421,-33.2,-38.3,-34.9, 60, 83, 0.22,359, 5.4
2026-02-12 23:40:17, 26.6403,67.3731, 627.9, 3431,-33.2,-38.4,-35.0, 60, 83, 0.22,359, 5.5
2026-02-12 23:40:19, 26.6404,67.3730, 626.9, 3442,-33.3,-38.4,-35.0, 60, 83, 0.22,359, 5.6
2026-02-12 23:40:21, 26.6406,67.3730, 626.0, 3452,-33.4,-38.5,-35.1, 60, 83, 0.22,359, 5.6
2026-02-12 23:40:23, 26.6407,67.3729, 625.0, 3463,-33.5,-38.6,-35.2, 60, 83, 0.22,360, 5.7
2026-02-12 23:40:25, 26.6407,67.3727, 624.0, 3475,-33.5,-38.7,-35.3, 60, 83, 0.22,  1, 5.8
2026-02-12 23:40:27, 26.6406,67.3726, 622.9, 3487,-33.7,-38.7,-35.3, 60, 84, 0.22,  3, 5.9
2026-02-12 23:40:29, 26.6404,67.3725, 621.8, 3499,-33.8,-38.8,-35.4, 60, 84, 0.21,  5, 6.0
2026-02-12 23:40:31, 26.6403,67.3724, 620.8, 3511,-33.9,-38.9,-35.5, 60, 84, 0.21,  7, 6.1
2026-02-12 23:40:33, 26.6403,67.3722, 619.7, 3523,-34.0,-38.9,-35.5, 61, 85, 0.21,  9, 6.2
2026-02-12 23:40:35, 26.6403,67.3721, 618.6, 3535,-34.0,-39.1,-35.7, 60, 84, 0.21, 11, 6.2
2026-02-12 23:40:37, 26.6403,67.3720, 617.5, 3548,-34.1,-39.3,-35.8, 59, 83, 0.21, 13, 6.3
2026-02-12 23:40:39, 26.6403,67.3719, 616.4, 3560,-34.1,-39.3,-35.8, 60, 83, 0.21, 15, 6.4
2026-02-12 23:40:41, 26.6403,67.3719, 615.3, 3573,-34.2,-39.2,-35.8, 60, 84, 0.21, 16, 6.5
2026-02-12 23:40:43, 26.6401,67.3718, 614.2, 3585,-34.3,-39.2,-35.8, 61, 85, 0.21, 17, 6.5
2026-02-12 23:40:45, 26.6400,67.3716, 613.2, 3597,-34.4,-39.2,-35.8, 61, 86, 0.21, 18, 6.6
2026-02-12 23:40:47, 26.6397,67.3715, 612.2, 3609,-34.4,-39.2,-35.8, 62, 87, 0.21, 18, 6.5
2026-02-12 23:40:49, 26.6396,67.3714, 611.2, 3620,-34.5,-39.2,-35.8, 62, 87, 0.21, 19, 6.5
2026-02-12 23:40:51, 26.6395,67.3712, 610.2, 3631,-34.6,-39.3,-35.9, 62, 87, 0.21, 18, 6.4
2026-02-12 23:40:53, 26.6394,67.3711, 609.2, 3642,-34.7,-39.3,-35.8, 63, 89, 0.21, 18, 6.3
2026-02-12 23:40:55, 26.6392,67.3710, 608.3, 3653,-34.7,-39.1,-35.6, 65, 91, 0.21, 17, 6.2
2026-02-12 23:40:57, 26.6390,67.3709, 607.3, 3664,-34.8,-39.0,-35.6, 66, 92, 0.22, 15, 6.0
2026-02-12 23:40:59, 26.6390,67.3708, 606.3, 3676,-34.9,-39.1,-35.7, 65, 92, 0.21, 14, 5.8
2026-02-12 23:41:01, 26.6390,67.3706, 605.4, 3687,-34.9,-39.4,-35.9, 64, 90, 0.21, 12, 5.6
2026-02-12 23:41:03, 26.6390,67.3706, 604.4, 3698,-35.0,-39.7,-36.2, 62, 88, 0.20, 11, 5.4
2026-02-12 23:41:05, 26.6389,67.3705, 603.5, 3708,-35.1,-39.8,-36.3, 62, 87, 0.20,  9, 5.1
2026-02-12 23:41:07, 26.6389,67.3704, 602.6, 3718,-35.2,-39.8,-36.3, 63, 88, 0.20,  7, 4.9
2026-02-12 23:41:09, 26.6389,67.3703, 601.8, 3728,-35.3,-39.7,-36.2, 64, 90, 0.20,  6, 4.7
2026-02-12 23:41:11, 26.6390,67.3702, 601.0, 3738,-35.3,-39.6,-36.1, 65, 92, 0.21,  5, 4.5
2026-02-12 23:41:13, 26.6392,67.3701, 600.1, 3748,-35.4,-39.6,-36.2, 65, 92, 0.20,  4, 4.3
2026-02-12 23:41:15, 26.6392,67.3701, 599.2, 3758,-35.5,-39.8,-36.3, 65, 92, 0.20,  3, 4.2
2026-02-12 23:41:17, 26.6390,67.3701, 598.2, 3770,-35.5,-40.0,-36.5, 64, 90, 0.20,  2, 4.0
2026-02-12 23:41:19, 26.6389,67.3700, 597.2, 3781,-35.6,-40.2,-36.7, 63, 89, 0.19,  2, 4.0
2026-02-12 23:41:21, 26.6389,67.3699, 596.3, 3792,-35.7,-40.4,-36.9, 62, 87, 0.19,  2, 3.9
2026-02-12 23:41:23, 26.6390,67.3698, 595.4, 3803,-35.7,-40.5,-37.0, 61, 87, 0.19,  2, 3.9
2026-02-12 23:41:25, 26.6390,67.3697, 594.4, 3814,-35.8,-40.5,-36.9, 62, 88, 0.19,  1, 3.9
2026-02-12 23:41:27, 26.6389,67.3697, 593.5, 3825,-35.8,-40.3,-36.8, 63, 90, 0.19,  1, 3.9
2026-02-12 23:41:29, 26.6388,67.3697, 592.5, 3836,-35.9,-40.3,-36.8, 64, 90, 0.19,  1, 3.9
2026-02-12 23:41:31, 26.6388,67.3696, 591.5, 3848,-35.8,-40.5,-36.9, 62, 89, 0.19,360, 3.9
2026-02-12 23:41:33, 26.6389,67.3695, 590.5, 3860,-35.8,-40.7,-37.2, 61, 86, 0.19,359, 4.0
2026-02-12 23:41:35, 26.6389,67.3694, 589.5, 3872,-35.8,-40.9,-37.3, 60, 85, 0.18,358, 4.0
2026-02-12 23:41:37, 26.6390,67.3693, 588.4, 3884,-35.9,-40.9,-37.3, 60, 85, 0.18,357, 4.0
2026-02-12 23:41:39, 26.6390,67.3693, 587.4, 3896,-35.9,-40.8,-37.2, 61, 87, 0.19,356, 4.0
2026-02-12 23:41:41, 26.6390,67.3692, 586.4, 3908,-36.0,-40.8,-37.3, 61, 87, 0.18,355, 4.0
2026-02-12 23:41:43, 26.6389,67.3691, 585.4, 3920,-36.1,-41.0,-37.4, 60, 86, 0.18,353, 4.0
2026-02-12 23:41:45, 26.6389,67.3690, 584.5, 3931,-36.1,-41.3,-37.7, 59, 84, 0.18,352, 4.0
2026-02-12 23:41:47, 26.6390,67.3689, 583.6, 3942,-36.2,-41.4,-37.9, 58, 83, 0.17,350, 4.0
2026-02-12 23:41:49, 26.6390,67.3689, 582.7, 3952,-36.2,-41.4,-37.8, 59, 84, 0.17,349, 4.0
2026-02-12 23:41:51, 26.6389,67.3688, 581.8, 3962,-36.3,-41.4,-37.8, 59, 85, 0.18,347, 4.0
2026-02-12 23:41:53, 26.6390,67.3687, 580.9, 3973,-36.3,-41.3,-37.8, 60, 85, 0.18,345, 3.9
2026-02-12 23:41:55, 26.6392,67.3686, 580.0, 3984,-36.4,-41.2,-37.7, 61, 87, 0.18,344, 3.9
2026-02-12 23:41:57, 26.6394,67.3686, 579.0, 3996,-36.5,-41.3,-37.7, 62, 88, 0.18,342, 3.9
2026-02-12 23:41:59, 26.6394,67.3686, 578.1, 4007,-36.6,-41.5,-37.9, 60, 86, 0.17,341, 3.8
2026-02-12 23:42:01, 26.6393,67.3685, 577.2, 4018,-36.6,-41.8,-38.2, 59, 84, 0.17,340, 3.8
2026-02-12 23:42:03, 26.6393,67.3685, 576.2, 4029,-36.7,-41.8,-38.2, 59, 84, 0.17,339, 3.8
2026-02-12 23:42:05, 26.6395,67.3684, 575.3, 4040,-36.7,-41.7,-38.1, 60, 86, 0.17,339, 3.9
2026-02-12 23:42:07, 26.6397,67.3683, 574.4, 4052,-36.8,-41.6,-38.1, 61, 87, 0.17,339, 3.9
2026-02-12 23:42:09, 26.6398,67.3682, 573.4, 4064,-36.8,-41.8,-38.2, 60, 85, 0.17,339, 4.0
2026-02-12 23:42:11, 26.6398,67.3682, 572.4, 4076,-36.9,-41.9,-38.3, 59, 85, 0.17,340, 4.1
2026-02-12 23:42:13, 26.6398,67.3681, 571.4, 4088,-36.9,-41.9,-38.3, 60, 86, 0.17,341, 4.2
2026-02-12 23:42:15, 26.6399,67.3681, 570.4, 4100,-37.0,-42.0,-38.4, 60, 86, 0.17,342, 4.3
2026-02-12 23:42:17, 26.6398,67.3681, 569.4, 4112,-37.1,-42.1,-38.4, 60, 86, 0.17,343, 4.4
2026-02-12 23:42:19, 26.6398,67.3680, 568.4, 4124,-37.1,-42.1,-38.5, 60, 86, 0.17,344, 4.5
2026-02-12 23:42:21, 26.6399,67.3679, 567.5, 4136,-37.2,-42.1,-38.5, 60, 87, 0.17,346, 4.6
2026-02-12 23:42:23, 26.6401,67.3678, 566.5, 4147,-37.3,-42.2,-38.6, 60, 86, 0.16,347, 4.7
2026-02-12 23:42:25, 26.6403,67.3676, 565.5, 4159,-37.4,-42.4,-38.8, 60, 86, 0.16,348, 4.8
2026-02-12 23:42:27, 26.6403,67.3675, 564.5, 4172,-37.5,-42.5,-38.9, 59, 86, 0.16,349, 4.8
2026-02-12 23:42:29, 26.6403,67.3674, 563.5, 4184,-37.6,-42.8,-39.1, 59, 85, 0.16,349, 4.9
2026-02-12 23:42:31, 26.6404,67.3673, 562.5, 4196,-37.7,-42.9,-39.2, 59, 85, 0.16,350, 4.8
2026-02-12 23:42:33, 26.6404,67.3672, 561.6, 4207,-37.8,-42.8,-39.1, 60, 87, 0.16,350, 4.8
2026-02-12 23:42:35, 26.6403,67.3672, 560.7, 4218,-37.9,-42.7,-39.0, 61, 88, 0.16,349, 4.7
2026-02-12 23:42:37, 26.6402,67.3671, 559.9, 4228,-38.0,-42.7,-39.1, 61, 89, 0.16,349, 4.7
2026-02-12 23:42:39, 26.6402,67.3670, 559.1, 4238,-38.1,-42.7,-39.0, 62, 90, 0.16,347, 4.6
2026-02-12 23:42:41, 26.6402,67.3669, 558.2, 4249,-38.1,-42.6,-39.0, 63, 91, 0.16,346, 4.4
2026-02-12 23:42:43, 26.6403,67.3668, 557.3, 4260,-38.2,-42.7,-39.0, 63, 91, 0.16,344, 4.3
2026-02-12 23:42:45, 26.6405,67.3668, 556.4, 4271,-38.3,-42.9,-39.2, 62, 90, 0.16,343, 4.2
2026-02-12 23:42:47, 26.6406,67.3668, 555.5, 4282,-38.3,-42.9,-39.3, 62, 90, 0.16,341, 4.2
2026-02-12 23:42:49, 26.6407,67.3667, 554.6, 4294,-38.4,-42.9,-39.3, 62, 91, 0.16,339, 4.1
2026-02-12 23:42:51, 26.6409,67.3666, 553.7, 4304,-38.5,-43.0,-39.3, 63, 91, 0.16,337, 4.1
2026-02-12 23:42:53, 26.6409,67.3665, 552.9, 4315,-38.6,-43.0,-39.4, 63, 91, 0.16,335, 4.1
2026-02-12 23:42:55, 26.6409,67.3664, 552.0, 4325,-38.7,-43.2,-39.5, 62, 91, 0.15,334, 4.1
2026-02-12 23:42:57, 26.6409,67.3664, 551.1, 4336,-38.8,-43.2,-39.5, 63, 92, 0.15,332, 4.2
2026-02-12 23:42:59, 26.6411,67.3664, 550.2, 4348,-38.9,-42.9,-39.3, 65, 95, 0.16,331, 4.2
2026-02-12 23:43:01, 26.6413,67.3663, 549.3, 4359,-38.9,-42.9,-39.2, 66, 97, 0.16,329, 4.3
2026-02-12 23:43:03, 26.6414,67.3663, 548.5, 4369,-39.0,-43.1,-39.5, 65, 95, 0.16,327, 4.4
2026-02-12 23:43:05, 26.6413,67.3663, 547.7, 4379,-39.1,-43.4,-39.7, 64, 94, 0.15,326, 4.6
2026-02-12 23:43:07, 26.6413,67.3661, 547.0, 4388,-39.1,-43.4,-39.7, 64, 93, 0.15,324, 4.7
2026-02-12 23:43:09, 26.6414,67.3660, 546.3, 4397,-39.1,-43.3,-39.6, 64, 94, 0.15,322, 4.8
2026-02-12 23:43:11, 26.6416,67.3659, 545.6, 4405,-39.2,-43.3,-39.6, 65, 95, 0.15,321, 4.9
2026-02-12 23:43:13, 26.6418,67.3658, 545.0, 4414,-39.3,-43.3,-39.7, 65, 96, 0.15,319, 5.1
2026-02-12 23:43:15, 26.6421,67.3657, 544.3, 4422,-39.3,-43.4,-39.7, 65, 96, 0.15,318, 5.2
2026-02-12 23:43:17, 26.6423,67.3657, 543.6, 4431,-39.4,-43.4,-39.7, 66, 97, 0.15,318, 5.2
2026-02-12 23:43:19, 26.6425,67.3657, 542.9, 4440,-39.5,-43.5,-39.8, 66, 97, 0.15,318, 5.3
2026-02-12 23:43:21, 26.6427,67.3656, 542.1, 4449,-39.6,-43.6,-39.9, 66, 97, 0.15,318, 5.3
2026-02-12 23:43:23, 26.6429,67.3656, 541.4, 4459,-39.7,-43.6,-39.9, 66, 97, 0.15,319, 5.2
2026-02-12 23:43:25, 26.6431,67.3655, 540.6, 4468,-39.7,-43.6,-39.9, 67, 98, 0.15,321, 5.2
2026-02-12 23:43:27, 26.6434,67.3655, 539.8, 4478,-39.8,-43.7,-40.0, 67, 98, 0.15,324, 5.1
2026-02-12 23:43:29, 26.6436,67.3654, 539.0, 4489,-39.9,-43.8,-40.1, 66, 98, 0.15,327, 5.0
2026-02-12 23:43:31, 26.6437,67.3652, 538.1, 4500,-40.0,-44.0,-40.3, 65, 97, 0.14,331, 5.0
2026-02-12 23:43:33, 26.6437,67.3651, 537.2, 4511,-40.1,-44.2,-40.5, 64, 95, 0.14,335, 4.9
2026-02-12 23:43:35, 26.6437,67.3650, 536.3, 4523,-40.2,-44.4,-40.7, 64, 95, 0.14,339, 4.9
2026-02-12 23:43:37, 26.6438,67.3650, 535.4, 4534,-40.3,-44.5,-40.8, 64, 94, 0.14,343, 5.0
2026-02-12 23:43:39, 26.6438,67.3650, 534.5, 4546,-40.3,-44.7,-41.0, 63, 93, 0.13,346, 5.0
2026-02-12 23:43:41, 26.6438,67.3649, 533.6, 4557,-40.3,-44.8,-41.1, 62, 92, 0.13,349, 5.1
2026-02-12 23:43:43, 26.6438,67.3647, 532.8, 4568,-40.4,-44.8,-41.0, 63, 93, 0.13,352, 5.2
2026-02-12 23:43:45, 26.6439,67.3646, 532.0, 4578,-40.5,-44.8,-41.1, 63, 93, 0.13,353, 5.3
2026-02-12 23:43:47, 26.6439,67.3645, 531.2, 4588,-40.5,-44.8,-41.0, 64, 95, 0.13,354, 5.4
2026-02-12 23:43:49, 26.6438,67.3645, 530.5, 4597,-40.6,-44.6,-40.9, 65, 97, 0.14,354, 5.5
2026-02-12 23:43:51, 26.6437,67.3644, 529.8, 4606,-40.7,-44.5,-40.8, 67, 99, 0.14,354, 5.5
2026-02-12 23:43:53, 26.6436,67.3643, 529.1, 4616,-40.8,-44.5,-40.8, 67,100, 0.14,352, 5.5
2026-02-12 23:43:55, 26.6437,67.3642, 528.3, 4625,-40.9,-44.5,-40.8, 68,102, 0.14,351, 5.5
2026-02-12 23:43:57, 26.6438,67.3640, 527.6, 4634,-41.0,-44.5,-40.7, 69,103, 0.14,349, 5.5
2026-02-12 23:43:59, 26.6440,67.3638, 526.9, 4643,-41.0,-44.5,-40.8, 69,103, 0.14,346, 5.4
2026-02-12 23:44:01, 26.6441,67.3637, 526.2, 4652,-41.1,-44.6,-40.9, 69,102, 0.14,343, 5.4
2026-02-12 23:44:03, 26.6441,67.3636, 525.5, 4662,-41.1,-44.9,-41.1, 67,100, 0.13,340, 5.3
2026-02-12 23:44:05, 26.6441,67.3635, 524.7, 4672,-41.2,-45.0,-41.3, 66, 99, 0.13,337, 5.3
2026-02-12 23:44:07, 26.6441,67.3635, 523.9, 4682,-41.3,-45.1,-41.3, 67,100, 0.13,334, 5.2
2026-02-12 23:44:09, 26.6442,67.3635, 523.0, 4693,-41.4,-45.1,-41.3, 67,101, 0.13,331, 5.2
2026-02-12 23:44:11, 26.6444,67.3635, 522.1, 4706,-41.5,-45.1,-41.4, 68,101, 0.13,328, 5.1
2026-02-12 23:44:13, 26.6446,67.3634, 521.1, 4719,-41.6,-45.2,-41.5, 68,102, 0.13,326, 5.1
2026-02-12 23:44:15, 26.6449,67.3633, 520.0, 4732,-41.7,-45.4,-41.6, 68,102, 0.13,324, 5.1
2026-02-12 23:44:17, 26.6451,67.3632, 519.1, 4745,-41.8,-45.5,-41.7, 67,101, 0.13,322, 5.0
2026-02-12 23:44:19, 26.6453,67.3631, 518.1, 4757,-41.9,-45.5,-41.7, 68,102, 0.13,321, 4.9
2026-02-12 23:44:21, 26.6455,67.3631, 517.3, 4768,-41.9,-45.4,-41.6, 69,104, 0.13,319, 4.8
2026-02-12 23:44:23, 26.6457,67.3630, 516.4, 4780,-42.0,-45.3,-41.5, 70,106, 0.13,317, 4.7
2026-02-12 23:44:25, 26.6458,67.3629, 515.5, 4792,-42.1,-45.2,-41.4, 72,108, 0.13,316, 4.6
2026-02-12 23:44:27, 26.6458,67.3628, 514.6, 4804,-42.2,-45.2,-41.4, 73,110, 0.13,314, 4.4
2026-02-12 23:44:29, 26.6459,67.3627, 513.7, 4816,-42.3,-45.3,-41.5, 73,110, 0.13,312, 4.3
2026-02-12 23:44:31, 26.6460,67.3626, 512.8, 4827,-42.4,-45.5,-41.7, 71,108, 0.13,310, 4.2
2026-02-12 23:44:33, 26.6461,67.3626, 512.0, 4838,-42.4,-45.7,-41.9, 70,106, 0.13,307, 4.1
2026-02-12 23:44:35, 26.6462,67.3626, 511.2, 4848,-42.4,-45.7,-41.9, 70,105, 0.13,305, 4.0
2026-02-12 23:44:37, 26.6464,67.3626, 510.4, 4859,-42.4,-45.7,-41.9, 70,106, 0.13,303, 4.0
2026-02-12 23:44:39, 26.6466,67.3626, 509.5, 4870,-42.4,-45.7,-41.9, 70,106, 0.13,300, 4.1
2026-02-12 23:44:41, 26.6469,67.3626, 508.6, 4882,-42.4,-45.8,-42.0, 69,105, 0.12,299, 4.1
2026-02-12 23:44:43, 26.6471,67.3626, 507.7, 4895,-42.5,-46.0,-42.2, 68,103, 0.12,298, 4.2
2026-02-12 23:44:45, 26.6472,67.3625, 506.7, 4908,-42.6,-46.2,-42.4, 68,103, 0.12,297, 4.3
2026-02-12 23:44:47, 26.6472,67.3625, 505.7, 4921,-42.7,-46.2,-42.4, 68,104, 0.12,297, 4.4
2026-02-12 23:44:49, 26.6473,67.3625, 504.8, 4934,-42.8,-46.2,-42.4, 69,105, 0.12,297, 4.5
2026-02-12 23:44:51, 26.6476,67.3625, 503.9, 4946,-42.9,-46.3,-42.5, 69,105, 0.12,297, 4.6
2026-02-12 23:44:53, 26.6479,67.3624, 503.0, 4958,-43.0,-46.4,-42.6, 69,105, 0.12,297, 4.6
2026-02-12 23:44:55, 26.6481,67.3623, 502.1, 4970,-43.1,-46.5,-42.6, 69,106, 0.12,297, 4.7
2026-02-12 23:44:57, 26.6484,67.3622, 501.1, 4982,-43.2,-46.4,-42.6, 70,107, 0.12,298, 4.6
2026-02-12 23:44:59, 26.6487,67.3621, 500.2, 4995,-43.3,-46.5,-42.7, 71,108, 0.12,298, 4.6
2026-02-12 23:44:59, 26.6487,67.3621, 500.0, 4998,-43.4,-46.6,-42.7, 71,108, 0.12,299, 4.5
2026-02-12 23:45:01, 26.6489,67.3621, 499.3, 5007,-43.5,-46.7,-42.9, 70,107, 0.11,299, 4.5
2026-02-12 23:45:03, 26.6492,67.3621, 498.5, 5018,-43.5,-46.9,-43.1, 69,106, 0.11,299, 4.4
2026-02-12 23:45:05, 26.6494,67.3621, 497.7, 5029,-43.6,-47.0,-43.1, 69,106, 0.11,299, 4.3
2026-02-12 23:45:07, 26.6495,67.3621, 497.0, 5039,-43.7,-46.9,-43.1, 70,107, 0.11,299, 4.1
2026-02-12 23:45:09, 26.6495,67.3621, 496.2, 5049,-43.7,-46.9,-43.0, 71,109, 0.11,299, 4.0
2026-02-12 23:45:11, 26.6494,67.3620, 495.5, 5059,-43.8,-46.8,-43.0, 72,110, 0.11,299, 3.9
2026-02-12 23:45:13, 26.6495,67.3620, 494.7, 5069,-43.9,-46.9,-43.1, 72,111, 0.11,300, 3.9
2026-02-12 23:45:15, 26.6497,67.3619, 493.9, 5080,-44.0,-47.0,-43.2, 72,111, 0.11,300, 3.8
2026-02-12 23:45:17, 26.6500,67.3619, 493.2, 5090,-44.1,-47.1,-43.2, 72,111, 0.11,301, 3.8
2026-02-12 23:45:19, 26.6503,67.3619, 492.4, 5100,-44.2,-47.1,-43.2, 73,112, 0.11,302, 3.8
2026-02-12 23:45:21, 26.6505,67.3619, 491.7, 5110,-44.3,-47.2,-43.3, 73,112, 0.11,303, 3.9
2026-02-12 23:45:23, 26.6505,67.3619, 490.9, 5121,-44.4,-47.4,-43.5, 72,111, 0.11,304, 3.9
2026-02-12 23:45:25, 26.6506,67.3618, 490.1, 5131,-44.4,-47.6,-43.7, 71,110, 0.11,306, 4.0
2026-02-12 23:45:27, 26.6508,67.3617, 489.3, 5143,-44.5,-47.7,-43.8, 71,109, 0.11,307, 4.0
2026-02-12 23:45:29, 26.6509,67.3616, 488.4, 5154,-44.6,-47.9,-43.9, 70,108, 0.10,309, 4.1
2026-02-12 23:45:31, 26.6512,67.3616, 487.6, 5167,-44.7,-48.1,-44.1, 69,107, 0.10,311, 4.1
2026-02-12 23:45:33, 26.6514,67.3616, 486.7, 5179,-44.8,-48.2,-44.2, 69,107, 0.10,312, 4.2
2026-02-12 23:45:35, 26.6515,67.3616, 485.8, 5190,-44.9,-48.2,-44.3, 69,108, 0.10,314, 4.2
2026-02-12 23:45:37, 26.6515,67.3616, 485.1, 5201,-45.0,-48.2,-44.3, 70,109, 0.10,316, 4.3
2026-02-12 23:45:39, 26.6516,67.3615, 484.3, 5211,-45.0,-48.1,-44.2, 71,110, 0.10,317, 4.3
2026-02-12 23:45:41, 26.6519,67.3614, 483.6, 5221,-45.1,-48.0,-44.1, 73,113, 0.10,318, 4.4
2026-02-12 23:45:43, 26.6521,67.3612, 482.9, 5231,-45.2,-48.0,-44.0, 74,115, 0.10,319, 4.5
2026-02-12 23:45:45, 26.6522,67.3611, 482.1, 5242,-45.3,-47.9,-44.0, 75,116, 0.10,320, 4.5
2026-02-12 23:45:47, 26.6523,67.3611, 481.2, 5254,-45.4,-47.9,-44.0, 75,118, 0.10,320, 4.6
2026-02-12 23:45:49, 26.6523,67.3611, 480.3, 5267,-45.5,-48.0,-44.1, 76,118, 0.10,320, 4.6
2026-02-12 23:45:51, 26.6524,67.3610, 479.3, 5280,-45.6,-48.3,-44.3, 75,117, 0.10,319, 4.6
2026-02-12 23:45:53, 26.6525,67.3609, 478.4, 5293,-45.7,-48.6,-44.7, 72,113, 0.10,318, 4.6
2026-02-12 23:45:55, 26.6527,67.3609, 477.6, 5305,-45.7,-48.9,-45.0, 70,109, 0.09,317, 4.7
2026-02-12 23:45:57, 26.6528,67.3609, 476.7, 5317,-45.7,-49.1,-45.1, 69,107, 0.09,315, 4.6
2026-02-12 23:45:59, 26.6530,67.3608, 475.9, 5328,-45.8,-49.1,-45.1, 69,108, 0.09,314, 4.6
2026-02-12 23:46:01, 26.6531,67.3607, 475.2, 5338,-45.9,-49.0,-45.1, 70,110, 0.09,312, 4.5
2026-02-12 23:46:03, 26.6533,67.3605, 474.4, 5349,-46.0,-49.0,-45.0, 72,112, 0.09,310, 4.5
2026-02-12 23:46:05, 26.6536,67.3605, 473.6, 5360,-46.0,-49.0,-45.0, 72,113, 0.09,308, 4.4
2026-02-12 23:46:07, 26.6539,67.3604, 472.9, 5370,-46.2,-49.1,-45.1, 72,114, 0.09,306, 4.3
2026-02-12 23:46:09, 26.6541,67.3605, 472.1, 5381,-46.2,-49.1,-45.1, 73,114, 0.09,304, 4.1
2026-02-12 23:46:11, 26.6542,67.3605, 471.3, 5392,-46.3,-49.2,-45.2, 73,115, 0.09,303, 4.0
2026-02-12 23:46:13, 26.6543,67.3604, 470.5, 5404,-46.5,-49.2,-45.2, 73,116, 0.09,301, 3.9
2026-02-12 23:46:15, 26.6545,67.3603, 469.7, 5416,-46.6,-49.3,-45.3, 74,116, 0.09,300, 3.8
2026-02-12 23:46:17, 26.6546,67.3602, 468.9, 5426,-46.7,-49.4,-45.4, 74,117, 0.09,299, 3.7
2026-02-12 23:46:19, 26.6547,67.3602, 468.2, 5436,-46.7,-49.4,-45.4, 75,118, 0.09,298, 3.6
2026-02-12 23:46:21, 26.6548,67.3602, 467.5, 5446,-46.8,-49.3,-45.4, 76,119, 0.09,298, 3.6
2026-02-12 23:46:23, 26.6550,67.3603, 466.8, 5456,-46.9,-49.3,-45.3, 77,121, 0.09,299, 3.6
2026-02-12 23:46:25, 26.6551,67.3603, 466.1, 5466,-47.0,-49.3,-45.4, 77,122, 0.09,300, 3.5
2026-02-12 23:46:27, 26.6552,67.3602, 465.4, 5476,-47.1,-49.4,-45.4, 78,123, 0.09,301, 3.6
2026-02-12 23:46:29, 26.6553,67.3601, 464.6, 5487,-47.2,-49.4,-45.4, 78,124, 0.09,303, 3.6
2026-02-12 23:46:31, 26.6554,67.3601, 463.8, 5498,-47.3,-49.4,-45.4, 79,125, 0.09,305, 3.6
2026-02-12 23:46:33, 26.6557,67.3601, 463.0, 5510,-47.4,-49.4,-45.5, 80,127, 0.09,308, 3.6
2026-02-12 23:46:35, 26.6560,67.3601, 462.2, 5521,-47.5,-49.5,-45.5, 80,128, 0.09,310, 3.6
2026-02-12 23:46:37, 26.6562,67.3600, 461.5, 5532,-47.6,-49.5,-45.5, 81,128, 0.09,313, 3.7
2026-02-12 23:46:39, 26.6563,67.3599, 460.7, 5544,-47.7,-49.6,-45.6, 81,129, 0.09,315, 3.7
2026-02-12 23:46:41, 26.6563,67.3598, 459.9, 5555,-47.8,-49.7,-45.7, 81,130, 0.09,318, 3.7
2026-02-12 23:46:43, 26.6564,67.3598, 459.1, 5566,-47.9,-49.8,-45.8, 81,130, 0.09,320, 3.6
2026-02-12 23:46:45, 26.6565,67.3598, 458.3, 5578,-48.0,-50.0,-46.0, 81,129, 0.09,321, 3.6
2026-02-12 23:46:47, 26.6566,67.3597, 457.5, 5589,-48.1,-50.1,-46.1, 80,128, 0.09,322, 3.5
2026-02-12 23:46:49, 26.6567,67.3596, 456.8, 5600,-48.2,-50.2,-46.2, 80,128, 0.09,323, 3.5
2026-02-12 23:46:51, 26.6568,67.3595, 456.0, 5611,-48.3,-50.2,-46.2, 80,129, 0.09,322, 3.4
2026-02-12 23:46:53, 26.6568,67.3594, 455.2, 5623,-48.4,-50.3,-46.3, 81,129, 0.08,320, 3.3
2026-02-12 23:46:55, 26.6568,67.3594, 454.4, 5635,-48.5,-50.4,-46.4, 80,128, 0.08,317, 3.2
2026-02-12 23:46:57, 26.6569,67.3594, 453.5, 5646,-48.5,-50.7,-46.7, 78,125, 0.08,313, 3.2
2026-02-12 23:46:59, 26.6570,67.3593, 452.8, 5658,-48.6,-51.0,-47.0, 76,122, 0.08,308, 3.2
2026-02-12 23:47:01, 26.6572,67.3592, 452.0, 5669,-48.7,-51.3,-47.2, 75,120, 0.08,303, 3.2
2026-02-12 23:47:03, 26.6572,67.3592, 451.3, 5680,-48.8,-51.3,-47.2, 75,121, 0.08,297, 3.3
2026-02-12 23:47:05, 26.6573,67.3592, 450.5, 5691,-48.9,-51.1,-47.1, 77,124, 0.08,292, 3.4
2026-02-12 23:47:07, 26.6574,67.3592, 449.7, 5702,-49.0,-50.9,-46.9, 80,129, 0.08,288, 3.6
2026-02-12 23:47:09, 26.6577,67.3591, 449.0, 5713,-49.0,-50.7,-46.7, 83,133, 0.08,284, 3.9
2026-02-12 23:47:11, 26.6579,67.3591, 448.2, 5724,-49.1,-50.5,-46.5, 85,137, 0.08,281, 4.1
2026-02-12 23:47:13, 26.6581,67.3592, 447.4, 5736,-49.2,-50.5,-46.4, 87,140, 0.08,279, 4.3
2026-02-12 23:47:15, 26.6584,67.3592, 446.6, 5748,-49.3,-50.5,-46.4, 88,142, 0.08,277, 4.6
2026-02-12 23:47:17, 26.6587,67.3592, 445.7, 5761,-49.4,-50.6,-46.5, 88,142, 0.08,276, 4.8
2026-02-12 23:47:19, 26.6588,67.3592, 444.9, 5773,-49.5,-50.8,-46.8, 87,140, 0.08,275, 4.9
2026-02-12 23:47:21, 26.6590,67.3592, 444.1, 5784,-49.6,-51.1,-47.0, 84,136, 0.08,274, 5.1
2026-02-12 23:47:23, 26.6592,67.3591, 443.4, 5794,-49.6,-51.5,-47.4, 81,132, 0.08,274, 5.2
2026-02-12 23:47:25, 26.6596,67.3590, 442.7, 5804,-49.7,-51.8,-47.7, 78,127, 0.07,273, 5.3
2026-02-12 23:47:27, 26.6600,67.3590, 442.0, 5816,-49.7,-52.2,-48.1, 75,122, 0.07,273, 5.4
2026-02-12 23:47:29, 26.6603,67.3590, 441.2, 5828,-49.8,-52.6,-48.5, 72,118, 0.07,272, 5.4
2026-02-12 23:47:31, 26.6605,67.3590, 440.4, 5840,-49.8,-52.9,-48.8, 70,114, 0.06,271, 5.4
2026-02-12 23:47:33, 26.6606,67.3591, 439.6, 5851,-49.9,-53.2,-49.1, 69,112, 0.06,271, 5.4
2026-02-12 23:47:35, 26.6608,67.3591, 439.0, 5861,-50.0,-53.3,-49.1, 68,111, 0.06,271, 5.4
2026-02-12 23:47:37, 26.6611,67.3591, 438.3, 5870,-50.1,-53.3,-49.2, 69,112, 0.06,271, 5.3
2026-02-12 23:47:39, 26.6614,67.3591, 437.7, 5880,-50.1,-53.3,-49.2, 69,113, 0.06,271, 5.2
2026-02-12 23:47:41, 26.6617,67.3591, 437.1, 5889,-50.2,-53.3,-49.1, 70,114, 0.06,271, 5.1
2026-02-12 23:47:43, 26.6620,67.3591, 436.5, 5898,-50.3,-53.2,-49.1, 71,116, 0.06,271, 5.0
2026-02-12 23:47:45, 26.6623,67.3591, 435.9, 5906,-50.4,-53.1,-49.0, 72,118, 0.06,272, 4.9
2026-02-12 23:47:47, 26.6625,67.3591, 435.3, 5915,-50.4,-53.1,-48.9, 74,120, 0.06,272, 4.8
2026-02-12 23:47:49, 26.6626,67.3591, 434.7, 5924,-50.5,-53.0,-48.9, 75,122, 0.06,272, 4.7
2026-02-12 23:47:51, 26.6628,67.3591, 434.1, 5934,-50.6,-53.0,-48.9, 75,123, 0.06,272, 4.6
2026-02-12 23:47:53, 26.6630,67.3590, 433.4, 5944,-50.7,-53.1,-49.0, 75,123, 0.06,272, 4.6
2026-02-12 23:47:55, 26.6633,67.3590, 432.7, 5954,-50.8,-53.3,-49.1, 75,123, 0.06,271, 4.5
2026-02-12 23:47:57, 26.6635,67.3591, 432.0, 5965,-50.8,-53.5,-49.3, 74,121, 0.06,270, 4.5
2026-02-12 23:47:59, 26.6637,67.3591, 431.3, 5975,-50.9,-53.8,-49.6, 72,118, 0.06,268, 4.6
2026-02-12 23:48:01, 26.6639,67.3590, 430.6, 5986,-51.0,-54.0,-49.9, 70,115, 0.06,266, 4.6
2026-02-12 23:48:03, 26.6639,67.3590, 429.9, 5997,-51.0,-54.3,-50.1, 68,112, 0.06,263, 4.8
2026-02-12 23:48:05, 26.6639,67.3590, 429.1, 6008,-51.1,-54.6,-50.4, 67,110, 0.05,261, 4.9
2026-02-12 23:48:07, 26.6641,67.3590, 428.4, 6020,-51.2,-54.7,-50.5, 66,109, 0.05,259, 5.1
2026-02-12 23:48:09, 26.6644,67.3590, 427.6, 6031,-51.2,-54.8,-50.6, 66,109, 0.05,257, 5.3
2026-02-12 23:48:11, 26.6649,67.3591, 426.9, 6042,-51.3,-54.7,-50.5, 67,110, 0.05,255, 5.5
2026-02-12 23:48:13, 26.6653,67.3591, 426.2, 6053,-51.3,-54.6,-50.4, 68,112, 0.05,254, 5.7
2026-02-12 23:48:15, 26.6656,67.3592, 425.5, 6064,-51.4,-54.5,-50.3, 69,114, 0.06,253, 5.9
2026-02-12 23:48:17, 26.6659,67.3593, 424.7, 6075,-51.5,-54.5,-50.3, 70,116, 0.06,252, 6.0
2026-02-12 23:48:19, 26.6661,67.3593, 423.9, 6087,-51.6,-54.6,-50.4, 70,115, 0.05,252, 6.1
2026-02-12 23:48:21, 26.6662,67.3594, 423.2, 6099,-51.7,-54.9,-50.7, 69,113, 0.05,252, 6.2
2026-02-12 23:48:23, 26.6665,67.3594, 422.4, 6110,-51.7,-55.2,-51.0, 66,110, 0.05,252, 6.3
2026-02-12 23:48:25, 26.6669,67.3594, 421.6, 6123,-51.8,-55.6,-51.4, 64,106, 0.05,252, 6.3
2026-02-12 23:48:27, 26.6672,67.3594, 420.8, 6135,-51.9,-56.1,-51.8, 61,101, 0.05,252, 6.3
2026-02-12 23:48:29, 26.6675,67.3594, 420.1, 6146,-51.9,-56.5,-52.2, 58, 96, 0.04,253, 6.3
2026-02-12 23:48:31, 26.6677,67.3594, 419.4, 6157,-52.0,-56.8,-52.5, 56, 93, 0.04,253, 6.3
2026-02-12 23:48:33, 26.6680,67.3594, 418.7, 6168,-52.0,-56.8,-52.6, 56, 93, 0.04,254, 6.3
2026-02-12 23:48:35, 26.6683,67.3594, 418.0, 6179,-51.9,-56.5,-52.3, 58, 96, 0.04,254, 6.3
2026-02-12 23:48:37, 26.6685,67.3594, 417.2, 6190,-52.0,-56.2,-51.9, 61,101, 0.05,255, 6.3
2026-02-12 23:48:39, 26.6688,67.3593, 416.5, 6202,-52.1,-55.8,-51.6, 64,106, 0.05,255, 6.3
2026-02-12 23:48:41, 26.6691,67.3593, 415.7, 6214,-52.2,-55.6,-51.3, 67,111, 0.05,256, 6.3
2026-02-12 23:48:43, 26.6694,67.3593, 415.0, 6226,-52.3,-55.4,-51.2, 69,115, 0.05,257, 6.3
2026-02-12 23:48:45, 26.6697,67.3593, 414.2, 6237,-52.4,-55.3,-51.1, 71,118, 0.05,257, 6.3
2026-02-12 23:48:47, 26.6700,67.3592, 413.6, 6247,-52.5,-55.3,-51.0, 72,120, 0.05,258, 6.3
2026-02-12 23:48:49, 26.6702,67.3592, 412.9, 6258,-52.6,-55.3,-51.0, 73,121, 0.05,258, 6.3
2026-02-12 23:48:51, 26.6705,67.3592, 412.2, 6269,-52.7,-55.3,-51.1, 73,123, 0.05,259, 6.3
2026-02-12 23:48:53, 26.6708,67.3592, 411.5, 6280,-52.8,-55.3,-51.1, 74,124, 0.05,259, 6.3
2026-02-12 23:48:55, 26.6711,67.3591, 410.8, 6291,-52.9,-55.3,-51.1, 75,125, 0.05,260, 6.3
2026-02-12 23:48:57, 26.6714,67.3591, 410.1, 6302,-53.0,-55.4,-51.2, 75,126, 0.05,260, 6.3
2026-02-12 23:48:59, 26.6716,67.3591, 409.4, 6312,-53.1,-55.5,-51.3, 75,126, 0.05,261, 6.3
2026-02-12 23:49:01, 26.6719,67.3591, 408.8, 6322,-53.2,-55.7,-51.4, 74,125, 0.05,262, 6.3
2026-02-12 23:49:03, 26.6722,67.3591, 408.2, 6332,-53.2,-55.8,-51.6, 74,124, 0.05,262, 6.3
2026-02-12 23:49:05, 26.6725,67.3590, 407.6, 6342,-53.3,-56.0,-51.7, 73,123, 0.05,263, 6.3
2026-02-12 23:49:07, 26.6727,67.3590, 407.0, 6351,-53.4,-56.1,-51.9, 72,122, 0.05,263, 6.3
2026-02-12 23:49:09, 26.6730,67.3590, 406.4, 6360,-53.5,-56.2,-52.0, 72,121, 0.05,264, 6.4
2026-02-12 23:49:11, 26.6733,67.3590, 405.8, 6369,-53.5,-56.3,-52.0, 72,122, 0.05,264, 6.4
2026-02-12 23:49:13, 26.6736,67.3590, 405.2, 6380,-53.6,-56.3,-52.0, 73,123, 0.05,265, 6.4
2026-02-12 23:49:15, 26.6739,67.3589, 404.5, 6390,-53.8,-56.3,-52.0, 74,125, 0.05,265, 6.4
2026-02-12 23:49:17, 26.6741,67.3589, 403.9, 6400,-53.8,-56.1,-51.9, 76,128, 0.05,266, 6.4
2026-02-12 23:49:19, 26.6744,67.3589, 403.2, 6410,-53.9,-56.0,-51.7, 78,131, 0.05,266, 6.4
2026-02-12 23:49:21, 26.6747,67.3589, 402.6, 6420,-54.0,-55.8,-51.6, 80,135, 0.05,267, 6.4
2026-02-12 23:49:23, 26.6750,67.3588, 402.0, 6430,-54.0,-55.7,-51.5, 82,138, 0.05,267, 6.4
2026-02-12 23:49:25, 26.6753,67.3588, 401.4, 6440,-54.1,-55.6,-51.4, 83,141, 0.05,268, 6.4
2026-02-12 23:49:27, 26.6755,67.3588, 400.8, 6450,-54.1,-55.6,-51.4, 83,141, 0.05,268, 6.5
2026-02-12 23:49:29, 26.6758,67.3588, 400.1, 6460,-54.1,-55.7,-51.5, 82,139, 0.05,269, 6.5
2026-02-12 23:49:29, 26.6759,67.3588, 400.0, 6462,-54.1,-55.8,-51.5, 82,138, 0.05,270, 6.5
2026-02-12 23:49:31, 26.6761,67.3588, 399.4, 6472,-54.1,-55.9,-51.7, 80,136, 0.05,270, 6.5
2026-02-12 23:49:33, 26.6764,67.3587, 398.6, 6484,-54.1,-56.1,-51.9, 79,134, 0.05,270, 6.5
2026-02-12 23:49:35, 26.6767,67.3587, 397.9, 6495,-54.2,-56.2,-52.0, 78,132, 0.05,271, 6.5
2026-02-12 23:49:37, 26.6769,67.3587, 397.3, 6506,-54.3,-56.4,-52.1, 78,132, 0.05,271, 6.5
2026-02-12 23:49:39, 26.6772,67.3587, 396.7, 6516,-54.3,-56.5,-52.2, 77,131, 0.05,272, 6.5
2026-02-12 23:49:41, 26.6775,67.3586, 396.1, 6526,-54.4,-56.6,-52.3, 77,131, 0.05,272, 6.6
2026-02-12 23:49:43, 26.6778,67.3586, 395.4, 6536,-54.5,-56.7,-52.4, 77,130, 0.05,273, 6.6
2026-02-12 23:49:45, 26.6780,67.3586, 394.8, 6546,-54.6,-56.8,-52.5, 77,130, 0.05,273, 6.6
2026-02-12 23:49:47, 26.6783,67.3586, 394.1, 6556,-54.6,-56.9,-52.6, 76,130, 0.04,274, 6.6
2026-02-12 23:49:49, 26.6786,67.3586, 393.6, 6566,-54.7,-56.9,-52.6, 76,130, 0.04,274, 6.6
2026-02-12 23:49:51, 26.6789,67.3585, 393.0, 6575,-54.7,-57.0,-52.7, 76,129, 0.04,275, 6.7
2026-02-12 23:49:53, 26.6792,67.3585, 392.5, 6583,-54.8,-57.1,-52.8, 75,128, 0.04,275, 6.7
2026-02-12 23:49:55, 26.6794,67.3585, 391.9, 6592,-54.8,-57.3,-53.0, 74,126, 0.04,275, 6.7
2026-02-12 23:49:57, 26.6797,67.3585, 391.3, 6602,-54.9,-57.6,-53.3, 72,123, 0.04,276, 6.7
2026-02-12 23:49:59, 26.6800,67.3585, 390.7, 6613,-55.0,-57.9,-53.6, 70,119, 0.04,276, 6.7
2026-02-12 23:50:01, 26.6803,67.3584, 390.0, 6624,-55.0,-58.3,-54.0, 67,114, 0.04,277, 6.8
2026-02-12 23:50:03, 26.6806,67.3584, 389.4, 6633,-55.0,-58.6,-54.3, 64,109, 0.04,277, 6.8
2026-02-12 23:50:05, 26.6808,67.3584, 388.9, 6643,-55.0,-59.0,-54.7, 61,105, 0.04,278, 6.8
2026-02-12 23:50:07, 26.6811,67.3584, 388.2, 6653,-55.0,-59.3,-55.0, 59,101, 0.03,278, 6.8
2026-02-12 23:50:09, 26.6814,67.3583, 387.6, 6664,-55.1,-59.7,-55.3, 57, 97, 0.03,279, 6.9
2026-02-12 23:50:11, 26.6817,67.3583, 386.9, 6676,-55.2,-59.9,-55.5, 56, 95, 0.03,279, 6.9
2026-02-12 23:50:13, 26.6820,67.3583, 386.1, 6688,-55.2,-60.0,-55.6, 55, 95, 0.03,280, 6.9
2026-02-12 23:50:15, 26.6822,67.3583, 385.4, 6700,-55.1,-59.9,-55.6, 55, 94, 0.03,280, 6.9
2026-02-12 23:50:17, 26.6825,67.3582, 384.7, 6712,-55.0,-59.9,-55.5, 55, 94, 0.03,281, 6.9
2026-02-12 23:50:19, 26.6828,67.3582, 384.0, 6723,-55.0,-60.0,-55.6, 55, 93, 0.03,281, 7.0
2026-02-12 23:50:21, 26.6831,67.3582, 383.4, 6734,-55.1,-60.1,-55.7, 54, 92, 0.03,281, 7.0
2026-02-12 23:50:23, 26.6834,67.3582, 382.8, 6743,-55.1,-60.3,-55.9, 53, 90, 0.03,282, 7.0
2026-02-12 23:50:25, 26.6836,67.3582, 382.2, 6752,-55.2,-60.5,-56.1, 52, 88, 0.03,282, 7.1
2026-02-12 23:50:27, 26.6839,67.3581, 381.7, 6761,-55.2,-60.7,-56.3, 51, 87, 0.03,283, 7.1
2026-02-12 23:50:29, 26.6842,67.3581, 381.2, 6770,-55.3,-60.9,-56.5, 50, 86, 0.03,283, 7.1
2026-02-12 23:50:31, 26.6845,67.3581, 380.6, 6780,-55.3,-61.0,-56.6, 49, 85, 0.03,284, 7.1
2026-02-12 23:50:33, 26.6847,67.3581, 379.9, 6792,-55.2,-61.0,-56.6, 49, 84, 0.03,284, 7.2
2026-02-12 23:50:35, 26.6850,67.3580, 379.1, 6805,-55.2,-61.1,-56.7, 48, 82, 0.03,284, 7.2
2026-02-12 23:50:37, 26.6853,67.3580, 378.3, 6818,-55.3,-61.3,-56.9, 48, 82, 0.03,285, 7.2
2026-02-12 23:50:39, 26.6856,67.3580, 377.6, 6830,-55.4,-61.5,-57.0, 47, 81, 0.03,285, 7.3
2026-02-12 23:50:41, 26.6859,67.3580, 377.0, 6840,-55.4,-61.6,-57.2, 46, 80, 0.03,286, 7.3
2026-02-12 23:50:43, 26.6861,67.3580, 376.5, 6850,-55.4,-61.8,-57.3, 45, 78, 0.03,286, 7.3
2026-02-12 23:50:45, 26.6864,67.3580, 375.8, 6860,-55.4,-61.9,-57.5, 44, 76, 0.02,287, 7.3
2026-02-12 23:50:47, 26.6867,67.3580, 375.2, 6872,-55.4,-62.2,-57.8, 43, 74, 0.02,287, 7.4
2026-02-12 23:50:49, 26.6869,67.3580, 374.5, 6883,-55.4,-62.4,-58.0, 42, 72, 0.02,288, 7.4
2026-02-12 23:50:51, 26.6872,67.3579, 373.8, 6894,-55.4,-62.6,-58.1, 41, 70, 0.02,288, 7.4
2026-02-12 23:50:53, 26.6875,67.3579, 373.2, 6904,-55.4,-62.6,-58.2, 41, 70, 0.02,288, 7.4
2026-02-12 23:50:55, 26.6878,67.3579, 372.7, 6914,-55.4,-62.7,-58.2, 40, 69, 0.02,289, 7.5
2026-02-12 23:50:57, 26.6881,67.3578, 372.2, 6922,-55.4,-62.6,-58.2, 41, 69, 0.02,289, 7.5
2026-02-12 23:50:59, 26.6884,67.3578, 371.6, 6932,-55.3,-62.6,-58.1, 41, 69, 0.02,289, 7.6
2026-02-12 23:51:01, 26.6887,67.3577, 371.1, 6941,-55.3,-62.5,-58.1, 41, 70, 0.02,289, 7.6
2026-02-12 23:51:03, 26.6890,67.3576, 370.5, 6952,-55.3,-62.5,-58.1, 40, 69, 0.02,289, 7.7
2026-02-12 23:51:05, 26.6893,67.3576, 369.8, 6963,-55.2,-62.5,-58.0, 40, 69, 0.02,289, 7.8
2026-02-12 23:51:07, 26.6896,67.3575, 369.1, 6975,-55.1,-62.5,-58.1, 40, 68, 0.02,289, 7.8
2026-02-12 23:51:09, 26.6900,67.3575, 368.4, 6987,-55.2,-62.7,-58.2, 39, 67, 0.02,289, 7.8
2026-02-12 23:51:11, 26.6904,67.3575, 367.7, 6999,-55.3,-62.9,-58.4, 39, 67, 0.02,290, 7.9
2026-02-12 23:51:13, 26.6908,67.3575, 367.1, 7010,-55.4,-63.0,-58.5, 39, 66, 0.02,290, 7.9
2026-02-12 23:51:15, 26.6913,67.3574, 366.6, 7019,-55.4,-63.2,-58.7, 38, 65, 0.02,290, 7.9
2026-02-12 23:51:17, 26.6917,67.3574, 366.1, 7028,-55.4,-63.4,-58.9, 37, 63, 0.02,291, 7.9
2026-02-12 23:51:19, 26.6920,67.3573, 365.5, 7037,-55.4,-63.6,-59.2, 36, 61, 0.02,292, 7.9
2026-02-12 23:51:21, 26.6923,67.3573, 365.0, 7046,-55.4,-63.8,-59.3, 35, 60, 0.02,293, 7.9
2026-02-12 23:51:23, 26.6926,67.3572, 364.5, 7056,-55.4,-63.9,-59.4, 34, 59, 0.02,293, 7.9
2026-02-12 23:51:25, 26.6928,67.3571, 363.9, 7065,-55.4,-63.9,-59.5, 34, 59, 0.02,295, 7.9
2026-02-12 23:51:27, 26.6931,67.3571, 363.3, 7076,-55.4,-63.9,-59.4, 34, 59, 0.02,296, 7.9
2026-02-12 23:51:29, 26.6935,67.3570, 362.7, 7086,-55.4,-63.9,-59.4, 35, 59, 0.02,297, 8.0
2026-02-12 23:51:31, 26.6938,67.3570, 362.1, 7098,-55.4,-63.8,-59.3, 35, 60, 0.02,298, 8.0
2026-02-12 23:51:33, 26.6941,67.3569, 361.4, 7110,-55.5,-63.8,-59.3, 35, 60, 0.02,299, 8.1
2026-02-12 23:51:35, 26.6944,67.3568, 360.7, 7123,-55.5,-63.7,-59.2, 36, 61, 0.02,299, 8.2
2026-02-12 23:51:37, 26.6947,67.3568, 360.0, 7135,-55.5,-63.6,-59.1, 36, 62, 0.02,300, 8.4
2026-02-12 23:51:39, 26.6951,67.3567, 359.3, 7146,-55.6,-63.5,-59.0, 37, 63, 0.02,301, 8.5
2026-02-12 23:51:41, 26.6955,67.3566, 358.8, 7156,-55.6,-63.4,-58.9, 38, 65, 0.02,301, 8.6
2026-02-12 23:51:43, 26.6959,67.3565, 358.3, 7164,-55.6,-63.3,-58.8, 38, 66, 0.02,301, 8.8
2026-02-12 23:51:45, 26.6962,67.3564, 357.9, 7173,-55.7,-63.1,-58.7, 39, 67, 0.02,302, 8.9
2026-02-12 23:51:47, 26.6965,67.3563, 357.4, 7182,-55.7,-63.1,-58.6, 40, 68, 0.02,302, 9.0
2026-02-12 23:51:49, 26.6968,67.3562, 356.8, 7191,-55.7,-63.1,-58.6, 39, 68, 0.02,302, 9.1
2026-02-12 23:51:51, 26.6972,67.3561, 356.3, 7201,-55.7,-63.3,-58.8, 39, 67, 0.02,301, 9.2
2026-02-12 23:51:53, 26.6976,67.3561, 355.7, 7211,-55.8,-63.5,-59.0, 38, 65, 0.02,301, 9.2
2026-02-12 23:51:55, 26.6980,67.3560, 355.1, 7222,-55.8,-63.7,-59.2, 37, 63, 0.02,301, 9.3
2026-02-12 23:51:57, 26.6984,67.3559, 354.4, 7234,-55.8,-64.0,-59.5, 36, 61, 0.02,301, 9.3
2026-02-12 23:51:59, 26.6988,67.3557, 353.7, 7247,-55.8,-64.3,-59.8, 34, 59, 0.02,301, 9.3
2026-02-12 23:52:01, 26.6992,67.3556, 353.1, 7259,-55.9,-64.6,-60.1, 33, 57, 0.02,300, 9.3
2026-02-12 23:52:03, 26.6995,67.3555, 352.5, 7269,-55.9,-64.9,-60.4, 32, 55, 0.02,300, 9.3
2026-02-12 23:52:05, 26.6999,67.3554, 352.0, 7278,-55.9,-65.2,-60.7, 31, 53, 0.02,300, 9.3
2026-02-12 23:52:07, 26.7002,67.3553, 351.6, 7286,-55.8,-65.4,-60.9, 30, 51, 0.02,300, 9.3
2026-02-12 23:52:09, 26.7005,67.3552, 351.1, 7294,-55.8,-65.7,-61.1, 29, 49, 0.02,299, 9.3
2026-02-12 23:52:11, 26.7008,67.3551, 350.6, 7302,-55.8,-65.9,-61.3, 28, 48, 0.02,299, 9.2
2026-02-12 23:52:13, 26.7012,67.3550, 350.1, 7311,-55.8,-66.0,-61.5, 27, 47, 0.02,298, 9.2
2026-02-12 23:52:15, 26.7015,67.3549, 349.6, 7320,-55.8,-66.2,-61.6, 27, 46, 0.02,298, 9.2
2026-02-12 23:52:17, 26.7018,67.3548, 349.1, 7330,-55.9,-66.3,-61.8, 26, 45, 0.02,298, 9.2
2026-02-12 23:52:19, 26.7022,67.3547, 348.4, 7342,-55.9,-66.5,-62.0, 26, 44, 0.01,297, 9.2
2026-02-12 23:52:21, 26.7025,67.3547, 347.8, 7355,-56.0,-66.7,-62.2, 25, 44, 0.01,297, 9.2
2026-02-12 23:52:23, 26.7029,67.3546, 347.1, 7368,-56.0,-66.9,-62.4, 25, 43, 0.01,297, 9.2
2026-02-12 23:52:25, 26.7032,67.3544, 346.4, 7380,-56.0,-67.1,-62.5, 24, 41, 0.01,297, 9.2
2026-02-12 23:52:27, 26.7035,67.3543, 345.8, 7391,-56.0,-67.3,-62.7, 24, 40, 0.01,296, 9.2
2026-02-12 23:52:29, 26.7039,67.3542, 345.2, 7401,-55.9,-67.4,-62.8, 23, 40, 0.01,296, 9.2
2026-02-12 23:52:31, 26.7042,67.3541, 344.8, 7409,-55.9,-67.5,-63.0, 23, 39, 0.01,295, 9.1
2026-02-12 23:52:33, 26.7045,67.3540, 344.3, 7418,-56.0,-67.7,-63.1, 22, 39, 0.01,295, 9.1
2026-02-12 23:52:35, 26.7049,67.3539, 343.8, 7427,-56.1,-67.7,-63.1, 22, 39, 0.01,295, 9.1
2026-02-12 23:52:37, 26.7052,67.3538, 343.4, 7436,-56.1,-67.7,-63.1, 22, 39, 0.01,295, 9.1
2026-02-12 23:52:39, 26.7056,67.3537, 342.9, 7445,-56.1,-67.7,-63.1, 23, 39, 0.01,294, 9.1
2026-02-12 23:52:41, 26.7059,67.3536, 342.4, 7454,-56.2,-67.6,-63.1, 23, 40, 0.01,294, 9.1
2026-02-12 23:52:43, 26.7062,67.3535, 341.9, 7464,-56.2,-67.6,-63.0, 23, 40, 0.01,293, 9.1
2026-02-12 23:52:45, 26.7066,67.3534, 341.3, 7473,-56.3,-67.6,-63.1, 23, 40, 0.01,293, 9.1
2026-02-12 23:52:47, 26.7069,67.3533, 340.8, 7483,-56.3,-67.7,-63.1, 23, 40, 0.01,293, 9.1
2026-02-12 23:52:49, 26.7072,67.3532, 340.2, 7495,-56.3,-67.6,-63.1, 23, 40, 0.01,292, 9.1
2026-02-12 23:52:51, 26.7076,67.3531, 339.5, 7507,-56.2,-67.6,-63.0, 23, 40, 0.01,292, 9.1
2026-02-12 23:52:53, 26.7079,67.3531, 338.8, 7520,-56.2,-67.7,-63.1, 23, 40, 0.01,292, 9.1
2026-02-12 23:52:55, 26.7083,67.3530, 338.1, 7534,-56.2,-67.7,-63.2, 23, 39, 0.01,292, 9.2
2026-02-12 23:52:57, 26.7088,67.3530, 337.4, 7546,-56.3,-67.8,-63.2, 23, 39, 0.01,293, 9.3
2026-02-12 23:52:59, 26.7091,67.3529, 336.7, 7559,-56.3,-67.9,-63.3, 23, 39, 0.01,293, 9.4
2026-02-12 23:53:01, 26.7095,67.3529, 336.1, 7572,-56.4,-67.9,-63.4, 23, 39, 0.01,294, 9.5
2026-02-12 23:53:03, 26.7098,67.3528, 335.4, 7584,-56.4,-67.9,-63.4, 23, 39, 0.01,294, 9.7
2026-02-12 23:53:05, 26.7103,67.3527, 334.9, 7594,-56.4,-67.9,-63.3, 23, 39, 0.01,295, 9.9
2026-02-12 23:53:07, 26.7109,67.3527, 334.5, 7602,-56.4,-67.9,-63.3, 23, 39, 0.01,296,10.0
2026-02-12 23:53:09, 26.7114,67.3526, 334.0, 7611,-56.4,-68.0,-63.4, 22, 39, 0.01,297,10.2
2026-02-12 23:53:11, 26.7117,67.3525, 333.5, 7621,-56.5,-68.1,-63.5, 22, 39, 0.01,297,10.4
2026-02-12 23:53:13, 26.7121,67.3524, 332.9, 7632,-56.6,-68.3,-63.7, 22, 38, 0.01,298,10.6
2026-02-12 23:53:15, 26.7124,67.3523, 332.3, 7644,-56.6,-68.4,-63.8, 22, 37, 0.01,299,10.8
2026-02-12 23:53:17, 26.7128,67.3522, 331.6, 7656,-56.5,-68.5,-63.9, 21, 37, 0.01,299,11.0
2026-02-12 23:53:19, 26.7133,67.3520, 331.0, 7669,-56.4,-68.4,-63.8, 21, 37, 0.01,299,11.2
2026-02-12 23:53:21, 26.7138,67.3519, 330.3, 7681,-56.3,-68.2,-63.6, 21, 37, 0.01,299,11.3
2026-02-12 23:53:23, 26.7143,67.3518, 329.7, 7694,-56.2,-67.9,-63.3, 22, 38, 0.01,300,11.4
2026-02-12 23:53:25, 26.7149,67.3517, 329.0, 7707,-56.1,-67.5,-62.9, 23, 40, 0.01,300,11.5
2026-02-12 23:53:27, 26.7154,67.3516, 328.3, 7720,-56.2,-67.1,-62.5, 25, 43, 0.01,300,11.5
2026-02-12 23:53:29, 26.7158,67.3515, 327.6, 7733,-56.3,-66.7,-62.2, 26, 45, 0.02,301,11.6
2026-02-12 23:53:31, 26.7162,67.3515, 327.0, 7746,-56.4,-66.4,-61.8, 28, 48, 0.02,301,11.5
2026-02-12 23:53:33, 26.7167,67.3514, 326.4, 7757,-56.5,-66.1,-61.6, 29, 51, 0.02,301,11.5
2026-02-12 23:53:35, 26.7173,67.3513, 325.9, 7767,-56.5,-65.9,-61.4, 30, 52, 0.02,302,11.3
2026-02-12 23:53:37, 26.7179,67.3512, 325.4, 7776,-56.6,-65.8,-61.3, 31, 53, 0.02,303,11.2
2026-02-12 23:53:39, 26.7183,67.3510, 325.0, 7785,-56.6,-65.8,-61.2, 31, 54, 0.02,304,11.0
2026-02-12 23:53:41, 26.7187,67.3509, 324.5, 7794,-56.6,-65.8,-61.3, 31, 54, 0.02,305,10.8
2026-02-12 23:53:43, 26.7191,67.3507, 324.1, 7803,-56.7,-65.9,-61.4, 31, 53, 0.02,306,10.6
2026-02-12 23:53:45, 26.7194,67.3506, 323.6, 7812,-56.7,-66.0,-61.5, 31, 53, 0.02,307,10.4
2026-02-12 23:53:47, 26.7197,67.3505, 323.1, 7820,-56.8,-66.2,-61.6, 30, 53, 0.02,308,10.1
2026-02-12 23:53:49, 26.7201,67.3504, 322.7, 7830,-56.9,-66.3,-61.7, 30, 52, 0.02,309, 9.8
2026-02-12 23:53:51, 26.7205,67.3503, 322.2, 7839,-56.9,-66.3,-61.8, 30, 52, 0.02,310, 9.6
2026-02-12 23:53:53, 26.7208,67.3502, 321.7, 7849,-57.0,-66.5,-61.9, 30, 52, 0.02,311, 9.3
2026-02-12 23:53:55, 26.7211,67.3501, 321.1, 7860,-57.1,-66.6,-62.1, 29, 51, 0.02,311, 9.1
2026-02-12 23:53:57, 26.7215,67.3500, 320.5, 7872,-57.1,-66.8,-62.3, 29, 50, 0.02,312, 8.9
2026-02-12 23:53:59, 26.7218,67.3499, 319.9, 7885,-57.2,-67.1,-62.5, 28, 49, 0.01,312, 8.7
2026-02-12 23:54:01, 26.7221,67.3498, 319.2, 7899,-57.0,-67.2,-62.6, 27, 47, 0.01,312, 8.6
2026-02-12 23:54:03, 26.7223,67.3497, 318.4, 7913,-56.9,-67.4,-62.8, 26, 45, 0.01,312, 8.5
2026-02-12 23:54:05, 26.7225,67.3496, 317.7, 7928,-56.9,-67.6,-63.1, 25, 43, 0.01,312, 8.4
2026-02-12 23:54:07, 26.7227,67.3495, 316.9, 7943,-56.8,-67.9,-63.3, 24, 42, 0.01,311, 8.4
2026-02-12 23:54:09, 26.7228,67.3494, 316.2, 7957,-56.9,-68.2,-63.6, 23, 41, 0.01,310, 8.5
2026-02-12 23:54:11, 26.7231,67.3492, 315.6, 7970,-57.0,-68.4,-63.8, 23, 40, 0.01,310, 8.6
2026-02-12 23:54:13, 26.7234,67.3491, 315.0, 7981,-57.1,-68.6,-64.0, 22, 39, 0.01,309, 8.7
2026-02-12 23:54:15, 26.7237,67.3490, 314.6, 7991,-57.1,-68.6,-64.0, 22, 39, 0.01,308, 8.8
2026-02-12 23:54:17, 26.7241,67.3490, 314.1, 8000,-57.2,-68.7,-64.1, 22, 39, 0.01,308, 8.9
2026-02-12 23:54:19, 26.7246,67.3489, 313.7, 8009,-57.3,-68.7,-64.1, 23, 39, 0.01,307, 9.1
2026-02-12 23:54:21, 26.7250,67.3488, 313.1, 8019,-57.3,-68.7,-64.1, 23, 40, 0.01,307, 9.2
2026-02-12 23:54:23, 26.7255,67.3486, 312.6, 8031,-57.4,-68.8,-64.2, 23, 40, 0.01,307, 9.3
2026-02-12 23:54:25, 26.7259,67.3485, 311.9, 8044,-57.5,-68.8,-64.2, 23, 40, 0.01,307, 9.3
2026-02-12 23:54:27, 26.7262,67.3484, 311.3, 8056,-57.5,-68.9,-64.3, 23, 40, 0.01,307, 9.4
2026-02-12 23:54:29, 26.7266,67.3483, 310.7, 8069,-57.5,-69.0,-64.4, 22, 39, 0.01,308, 9.4
2026-02-12 23:54:31, 26.7269,67.3482, 310.1, 8081,-57.6,-69.2,-64.6, 22, 38, 0.01,308, 9.5
2026-02-12 23:54:33, 26.7272,67.3481, 309.5, 8093,-57.6,-69.5,-64.9, 21, 37, 0.01,308, 9.5
2026-02-12 23:54:35, 26.7275,67.3481, 308.9, 8105,-57.6,-69.9,-65.2, 20, 35, 0.01,309, 9.6
2026-02-12 23:54:37, 26.7277,67.3479, 308.4, 8117,-57.7,-70.2,-65.6, 19, 34, 0.01,309, 9.6
2026-02-12 23:54:39, 26.7280,67.3478, 307.7, 8129,-57.7,-70.6,-65.9, 18, 32, 0.01,310, 9.7
2026-02-12 23:54:41, 26.7284,67.3477, 307.1, 8142,-57.6,-70.7,-66.1, 18, 31, 0.01,310, 9.7
2026-02-12 23:54:43, 26.7289,67.3475, 306.5, 8155,-57.5,-70.9,-66.3, 17, 30, 0.01,310, 9.8
2026-02-12 23:54:45, 26.7293,67.3474, 305.9, 8168,-57.5,-71.1,-66.5, 17, 29, 0.01,310, 9.9
2026-02-12 23:54:47, 26.7297,67.3474, 305.2, 8181,-57.5,-71.3,-66.7, 16, 28, 0.01,310,10.0
2026-02-12 23:54:49, 26.7299,67.3473, 304.6, 8195,-57.6,-71.5,-66.9, 16, 28, 0.01,310,10.1
2026-02-12 23:54:51, 26.7302,67.3472, 303.9, 8209,-57.6,-71.6,-67.0, 16, 27, 0.01,310,10.3
2026-02-12 23:54:53, 26.7305,67.3471, 303.1, 8224,-57.6,-71.8,-67.1, 15, 27, 0.01,310,10.4
2026-02-12 23:54:55, 26.7308,67.3469, 302.4, 8239,-57.4,-71.7,-67.1, 15, 26, 0.01,310,10.5
2026-02-12 23:54:57, 26.7312,67.3467, 301.9, 8251,-57.5,-71.8,-67.1, 15, 26, 0.01,310,10.6
2026-02-12 23:54:59, 26.7317,67.3466, 301.4, 8262,-57.5,-71.8,-67.1, 15, 26, 0.01,309,10.6
2026-02-12 23:55:01, 26.7322,67.3464, 300.9, 8272,-57.6,-71.8,-67.2, 15, 26, 0.01,309,10.6
2026-02-12 23:55:03, 26.7327,67.3463, 300.4, 8281,-57.6,-71.9,-67.2, 15, 27, 0.01,309,10.6
2026-02-12 23:55:05, 26.7331,67.3462, 300.0, 8290,-57.7,-71.9,-67.2, 15, 27, 0.01,309,10.6
2026-02-12 23:55:05, 26.7332,67.3462, 299.9, 8292,-57.7,-71.9,-67.2, 15, 27, 0.01,309,10.5
2026-02-12 23:55:07, 26.7336,67.3461, 299.4, 8304,-57.8,-71.9,-67.3, 15, 27, 0.01,310,10.3
2026-02-12 23:55:09, 26.7340,67.3460, 298.8, 8316,-57.8,-71.9,-67.2, 15, 27, 0.01,310,10.2
2026-02-12 23:55:11, 26.7343,67.3459, 298.2, 8327,-57.7,-71.8,-67.1, 15, 27, 0.01,310, 9.9
2026-02-12 23:55:13, 26.7347,67.3457, 297.7, 8338,-57.7,-71.8,-67.1, 15, 27, 0.01,310, 9.7
2026-02-12 23:55:15, 26.7350,67.3456, 297.2, 8350,-57.8,-71.8,-67.2, 15, 27, 0.01,311, 9.5
2026-02-12 23:55:17, 26.7353,67.3455, 296.6, 8363,-57.8,-71.9,-67.3, 15, 27, 0.01,311, 9.3
2026-02-12 23:55:19, 26.7356,67.3454, 295.9, 8377,-57.9,-72.0,-67.4, 15, 27, 0.01,311, 9.1
2026-02-12 23:55:21, 26.7359,67.3453, 295.3, 8391,-57.9,-72.1,-67.5, 15, 27, 0.01,311, 8.9
2026-02-12 23:55:23, 26.7361,67.3452, 294.6, 8404,-57.9,-72.2,-67.5, 15, 26, 0.01,311, 8.8
2026-02-12 23:55:25, 26.7363,67.3452, 294.0, 8417,-57.9,-72.2,-67.5, 15, 26, 0.01,311, 8.7
2026-02-12 23:55:27, 26.7365,67.3450, 293.4, 8430,-57.8,-72.2,-67.5, 15, 26, 0.01,310, 8.5
2026-02-12 23:55:29, 26.7368,67.3449, 292.8, 8444,-57.8,-72.2,-67.6, 15, 26, 0.01,310, 8.4
2026-02-12 23:55:31, 26.7372,67.3448, 292.1, 8458,-57.9,-72.3,-67.6, 15, 26, 0.01,309, 8.4
2026-02-12 23:55:33, 26.7377,67.3447, 291.5, 8471,-57.9,-72.3,-67.7, 15, 26, 0.01,308, 8.3
2026-02-12 23:55:35, 26.7381,67.3446, 290.9, 8485,-58.0,-72.4,-67.7, 15, 26, 0.01,307, 8.2
2026-02-12 23:55:37, 26.7385,67.3445, 290.2, 8498,-58.0,-72.3,-67.7, 15, 26, 0.01,307, 8.1
2026-02-12 23:55:39, 26.7387,67.3444, 289.6, 8512,-58.1,-72.3,-67.7, 15, 26, 0.01,306, 8.0
2026-02-12 23:55:41, 26.7390,67.3443, 289.0, 8526,-58.2,-72.3,-67.7, 15, 27, 0.01,305, 7.9
2026-02-12 23:55:43, 26.7392,67.3442, 288.4, 8539,-58.2,-72.3,-67.6, 15, 27, 0.01,304, 7.9
2026-02-12 23:55:45, 26.7394,67.3441, 287.8, 8552,-58.3,-72.2,-67.6, 16, 27, 0.01,303, 7.9
2026-02-12 23:55:47, 26.7398,67.3441, 287.2, 8565,-58.3,-72.2,-67.5, 16, 28, 0.01,302, 7.9
2026-02-12 23:55:49, 26.7401,67.3441, 286.6, 8579,-58.3,-72.1,-67.5, 16, 28, 0.01,302, 7.9
2026-02-12 23:55:51, 26.7404,67.3440, 285.9, 8592,-58.3,-72.1,-67.4, 16, 28, 0.01,301, 8.0
2026-02-12 23:55:53, 26.7407,67.3440, 285.3, 8607,-58.4,-72.1,-67.4, 16, 29, 0.01,301, 8.1
2026-02-12 23:55:55, 26.7409,67.3439, 284.6, 8622,-58.5,-72.2,-67.5, 16, 29, 0.01,301, 8.2
2026-02-12 23:55:57, 26.7411,67.3439, 284.0, 8636,-58.5,-72.2,-67.5, 16, 28, 0.01,301, 8.3
2026-02-12 23:55:59, 26.7415,67.3437, 283.4, 8650,-58.5,-72.3,-67.6, 16, 28, 0.01,301, 8.4
2026-02-12 23:56:01, 26.7419,67.3436, 282.8, 8661,-58.5,-72.4,-67.7, 16, 28, 0.01,301, 8.5
2026-02-12 23:56:03, 26.7424,67.3435, 282.3, 8672,-58.5,-72.5,-67.8, 15, 27, 0.01,301, 8.6
2026-02-12 23:56:05, 26.7429,67.3434, 281.9, 8682,-58.4,-72.6,-67.9, 15, 26, 0.01,301, 8.7
2026-02-12 23:56:07, 26.7432,67.3434, 281.4, 8694,-58.4,-72.7,-68.1, 15, 26, 0.01,301, 8.8
2026-02-12 23:56:09, 26.7436,67.3433, 280.8, 8706,-58.4,-72.9,-68.3, 14, 25, 0.01,301, 8.9
2026-02-12 23:56:11, 26.7439,67.3432, 280.2, 8720,-58.4,-73.1,-68.4, 14, 25, 0.01,301, 9.0
2026-02-12 23:56:13, 26.7443,67.3431, 279.6, 8733,-58.4,-73.3,-68.6, 14, 24, 0.01,301, 9.1
2026-02-12 23:56:15, 26.7446,67.3430, 279.1, 8745,-58.5,-73.5,-68.8, 13, 23, 0.01,301, 9.2
2026-02-12 23:56:17, 26.7448,67.3430, 278.6, 8757,-58.5,-73.7,-69.0, 13, 23, 0.01,300, 9.3
2026-02-12 23:56:19, 26.7451,67.3429, 278.0, 8768,-58.6,-74.0,-69.3, 13, 22, 0.01,300, 9.4
2026-02-12 23:56:21, 26.7454,67.3428, 277.5, 8781,-58.7,-74.3,-69.6, 12, 21, 0.01,300, 9.5
2026-02-12 23:56:23, 26.7458,67.3427, 276.9, 8795,-58.7,-74.7,-70.0, 12, 20, 0.01,300, 9.7
2026-02-12 23:56:25, 26.7462,67.3427, 276.2, 8810,-58.7,-74.9,-70.2, 11, 20, 0.01,299, 9.9
2026-02-12 23:56:27, 26.7467,67.3426, 275.6, 8823,-58.6,-75.1,-70.4, 11, 19, 0.01,299,10.0
2026-02-12 23:56:29, 26.7472,67.3425, 275.1, 8836,-58.6,-75.3,-70.6, 10, 18, 0.01,299,10.2
2026-02-12 23:56:31, 26.7478,67.3424, 274.5, 8849,-58.6,-75.6,-70.9, 10, 18, 0.01,299,10.4
2026-02-12 23:56:33, 26.7483,67.3423, 274.0, 8862,-58.6,-75.7,-71.0, 10, 17, 0.01,300,10.6
2026-02-12 23:56:35, 26.7486,67.3422, 273.4, 8875,-58.6,-75.7,-70.9, 10, 17, 0.01,300,10.8
2026-02-12 23:56:37, 26.7490,67.3421, 272.8, 8887,-58.5,-75.6,-70.9, 10, 17, 0.01,300,11.0
2026-02-12 23:56:39, 26.7493,67.3420, 272.3, 8900,-58.5,-75.5,-70.8, 10, 17, 0.01,300,11.2
2026-02-12 23:56:41, 26.7498,67.3419, 271.8, 8912,-58.5,-75.5,-70.8, 10, 18, 0.01,301,11.4
2026-02-12 23:56:43, 26.7503,67.3418, 271.2, 8924,-58.6,-75.4,-70.7, 10, 18, 0.01,301,11.7
2026-02-12 23:56:45, 26.7508,67.3417, 270.6, 8938,-58.6,-75.3,-70.6, 10, 18, 0.01,301,11.9
2026-02-12 23:56:47, 26.7513,67.3416, 270.0, 8952,-58.6,-75.2,-70.5, 10, 19, 0.01,302,12.1
2026-02-12 23:56:49, 26.7518,67.3415, 269.4, 8966,-58.7,-75.1,-70.4, 11, 19, 0.01,302,12.2
2026-02-12 23:56:51, 26.7522,67.3414, 268.8, 8980,-58.7,-75.1,-70.4, 11, 19, 0.01,302,12.5
2026-02-12 23:56:53, 26.7527,67.3412, 268.2, 8994,-58.8,-75.1,-70.4, 11, 19, 0.01,303,12.9
2026-02-12 23:56:55, 26.7531,67.3411, 267.7, 9007,-58.9,-75.1,-70.4, 11, 20, 0.01,303,13.2
2026-02-12 23:56:57, 26.7536,67.3410, 267.1, 9020,-58.9,-75.0,-70.3, 11, 20, 0.01,303,13.4
2026-02-12 23:56:59, 26.7541,67.3409, 266.6, 9033,-58.8,-75.0,-70.3, 11, 20, 0.01,304,13.7
2026-02-12 23:57:01, 26.7548,67.3408, 266.1, 9044,-58.8,-74.9,-70.2, 11, 20, 0.01,304,14.0
2026-02-12 23:57:03, 26.7555,67.3406, 265.6, 9055,-58.8,-74.9,-70.2, 11, 20, 0.01,305,14.3
2026-02-12 23:57:05, 26.7561,67.3405, 265.2, 9066,-58.8,-74.8,-70.1, 11, 20, 0.01,305,14.6
2026-02-12 23:57:07, 26.7566,67.3403, 264.7, 9077,-58.8,-74.8,-70.1, 11, 20, 0.01,306,14.8
2026-02-12 23:57:09, 26.7571,67.3401, 264.2, 9089,-58.8,-74.8,-70.1, 12, 20, 0.01,307,15.0
2026-02-12 23:57:11, 26.7578,67.3399, 263.7, 9100,-58.9,-74.8,-70.1, 12, 21, 0.01,308,15.1
2026-02-12 23:57:13, 26.7583,67.3397, 263.2, 9112,-59.0,-74.8,-70.1, 12, 21, 0.01,309,15.2
2026-02-12 23:57:15, 26.7588,67.3396, 262.7, 9125,-59.1,-74.8,-70.1, 12, 21, 0.01,310,15.3
2026-02-12 23:57:17, 26.7594,67.3395, 262.2, 9137,-59.1,-74.9,-70.2, 12, 21, 0.01,311,15.3
2026-02-12 23:57:19, 26.7600,67.3396, 261.7, 9149,-59.2,-75.0,-70.3, 12, 21, 0.01,312,15.3
2026-02-12 23:57:21, 26.7605,67.3396, 261.2, 9160,-59.3,-75.1,-70.4, 12, 20, 0.01,313,15.2
2026-02-12 23:57:23, 26.7612,67.3336, 260.7, 9173,-59.3,-75.3,-70.6, 11, 20, 0.01,314,15.1
2026-02-12 23:57:25, 26.7621,67.3191, 260.2, 9185,-59.1,-75.3,-70.6, 11, 20, 0.01,315,15.0
2026-02-12 23:57:27, 26.7628,67.3076, 259.6, 9199,-58.8,-75.2,-70.5, 11, 19, 0.01,316,14.9
2026-02-12 23:57:29, 26.7632,67.3053, 259.0, 9213,-58.4,-75.2,-70.5, 10, 18, 0.01,317,14.8
2026-02-12 23:57:31, 26.7636,67.3057, 258.4, 9228,-58.3,-75.3,-70.6, 10, 18, 0.01,317,14.7
2026-02-12 23:57:33, 26.7639,67.3058, 257.8, 9242,-58.3,-75.5,-70.8, 10, 17, 0.01,318,14.6
2026-02-12 23:57:35, 26.7643,67.3056, 257.3, 9256,-58.4,-75.8,-71.1,  9, 17, 0.01,318,14.4
2026-02-12 23:57:37, 26.7647,67.3054, 256.7, 9269,-58.3,-75.9,-71.2,  9, 16, 0.01,319,14.3
2026-02-12 23:57:39, 26.7652,67.3051, 256.2, 9283,-58.3,-76.1,-71.4,  9, 16, 0.01,319,14.1
2026-02-12 23:57:41, 26.7657,67.3050, 255.7, 9296,-58.3,-76.3,-71.6,  9, 15, 0.00,319,13.9
2026-02-12 23:57:43, 26.7661,67.3047, 255.1, 9309,-58.4,-76.6,-71.9,  8, 15, 0.00,319,13.8
2026-02-12 23:57:45, 26.7664,67.3045, 254.6, 9322,-58.4,-76.8,-72.1,  8, 14, 0.00,319,13.7
2026-02-12 23:57:47, 26.7667,67.3043, 254.0, 9336,-58.4,-77.0,-72.2,  8, 14, 0.00,319,13.6
2026-02-12 23:57:49, 26.7670,67.3042, 253.4, 9350,-58.2,-77.0,-72.3,  8, 13, 0.00,319,13.5
2026-02-12 23:57:51, 26.7675,67.3040, 252.9, 9363,-58.1,-77.2,-72.4,  7, 13, 0.00,318,13.3
2026-02-12 23:57:53, 26.7679,67.3040, 252.4, 9377,-57.9,-77.3,-72.5,  7, 12, 0.00,318,13.2
2026-02-12 23:57:55, 26.7684,67.3043, 251.8, 9391,-57.7,-77.3,-72.6,  7, 12, 0.00,317,13.1
2026-02-12 23:57:57, 26.7687,67.3049, 251.2, 9406,-57.6,-77.5,-72.7,  7, 12, 0.00,317,13.0
2026-02-12 23:57:59, 26.7691,67.3057, 250.6, 9421,-57.5,-77.6,-72.9,  6, 11, 0.00,316,12.9
2026-02-12 23:58:01, 26.7694,67.3067, 250.0, 9436,-57.5,-77.8,-73.0,  6, 11, 0.00,315,12.9
2026-02-12 23:58:01, 26.7694,67.3067, 250.0, 9436,-57.5,-77.8,-73.0,  6, 11, 0.00,315,12.8
2026-02-12 23:58:03, 26.7697,67.3078, 249.5, 9449,-57.5,-77.9,-73.2,  6, 11, 0.00,315,12.8
2026-02-12 23:58:05, 26.7700,67.3090, 248.9, 9463,-57.5,-78.0,-73.3,  6, 11, 0.00,314,12.8
2026-02-12 23:58:07, 26.7702,67.3103, 248.4, 9477,-57.5,-78.1,-73.3,  6, 10, 0.00,313,12.7
2026-02-12 23:58:09, 26.7705,67.3114, 247.8, 9492,-57.4,-78.0,-73.3,  6, 10, 0.00,312,12.7
2026-02-12 23:58:11, 26.7708,67.3124, 247.2, 9506,-57.3,-78.0,-73.3,  6, 10, 0.00,312,12.6
2026-02-12 23:58:13, 26.7712,67.3133, 246.7, 9521,-57.2,-78.0,-73.3,  6, 10, 0.00,311,12.6
2026-02-12 23:58:15, 26.7715,67.3141, 246.2, 9534,-57.2,-78.0,-73.3,  6, 10, 0.00,310,12.5
2026-02-12 23:58:17, 26.7718,67.3149, 245.7, 9547,-57.1,-78.0,-73.3,  6, 10, 0.00,309,12.5
2026-02-12 23:58:19, 26.7722,67.3158, 245.1, 9560,-57.1,-78.0,-73.3,  6, 10, 0.00,309,12.4
2026-02-12 23:58:21, 26.7725,67.3167, 244.6, 9574,-57.1,-78.2,-73.4,  6, 10, 0.00,308,12.4
2026-02-12 23:58:23, 26.7728,67.3176, 244.0, 9589,-57.2,-78.3,-73.5,  6, 10, 0.00,307,12.3
2026-02-12 23:58:25, 26.7732,67.3184, 243.5, 9604,-57.2,-78.3,-73.6,  6, 10, 0.00,306,12.3
2026-02-12 23:58:27, 26.7735,67.3192, 242.9, 9618,-57.1,-78.3,-73.6,  5, 10, 0.00,306,12.2
2026-02-12 23:58:29, 26.7738,67.3200, 242.4, 9632,-57.0,-78.3,-73.5,  5, 10, 0.00,305,12.2
2026-02-12 23:58:31, 26.7742,67.3209, 241.9, 9645,-57.1,-78.3,-73.6,  5,  9, 0.00,304,12.2
2026-02-12 23:58:33, 26.7745,67.3218, 241.4, 9659,-57.2,-78.5,-73.7,  5,  9, 0.00,303,12.1
2026-02-12 23:58:35, 26.7748,67.3228, 240.8, 9672,-57.3,-78.6,-73.8,  5,  9, 0.00,303,12.1
2026-02-12 23:58:37, 26.7751,67.3239, 240.4, 9685,-57.4,-78.6,-73.9,  5,  9, 0.00,302,12.1
2026-02-12 23:58:39, 26.7754,67.3250, 239.9, 9697,-57.5,-78.7,-74.0,  5,  9, 0.00,301,12.0
2026-02-12 23:58:41, 26.7757,67.3261, 239.4, 9709,-57.5,-78.8,-74.0,  5,  9, 0.00,300,11.9
2026-02-12 23:58:43, 26.7759,67.3273, 239.0, 9722,-57.6,-78.8,-74.1,  5,  9, 0.00,299,11.9
2026-02-12 23:58:45, 26.7762,67.3285, 238.5, 9735,-57.6,-78.8,-74.1,  5,  9, 0.00,298,11.8
2026-02-12 23:58:47, 26.7765,67.3296, 237.9, 9749,-57.6,-78.9,-74.2,  5,  9, 0.00,297,11.8
2026-02-12 23:58:49, 26.7768,67.3306, 237.4, 9763,-57.7,-79.0,-74.3,  5,  9, 0.00,296,11.8
2026-02-12 23:58:51, 26.7771,67.3315, 236.9, 9777,-57.7,-79.1,-74.4,  5,  9, 0.00,295,11.8
2026-02-12 23:58:53, 26.7775,67.3322, 236.3, 9791,-57.6,-79.2,-74.4,  5,  9, 0.00,294,11.8
2026-02-12 23:58:55, 26.7779,67.3327, 235.8, 9805,-57.6,-79.2,-74.5,  5,  9, 0.00,294,11.8
2026-02-12 23:58:57, 26.7783,67.3331, 235.3, 9818,-57.5,-79.3,-74.6,  5,  9, 0.00,293,11.9
2026-02-12 23:58:59, 26.7788,67.3331, 234.9, 9831,-57.3,-79.4,-74.6,  5,  8, 0.00,293,11.9
2026-02-12 23:59:01, 26.7794,67.3331, 234.4, 9844,-57.2,-79.4,-74.7,  5,  8, 0.00,293,12.0
2026-02-12 23:59:03, 26.7799,67.3330, 233.8, 9858,-57.2,-79.5,-74.8,  5,  8, 0.00,293,12.1
2026-02-12 23:59:05, 26.7803,67.3329, 233.3, 9873,-57.2,-79.6,-74.9,  4,  8, 0.00,293,12.3
2026-02-12 23:59:07, 26.7808,67.3328, 232.7, 9889,-57.3,-79.9,-75.1,  4,  8, 0.00,294,12.4
2026-02-12 23:59:09, 26.7813,67.3328, 232.2, 9904,-57.3,-80.0,-75.2,  4,  8, 0.00,294,12.5
2026-02-12 23:59:11, 26.7819,67.3327, 231.7, 9918,-57.1,-79.9,-75.2,  4,  7, 0.00,295,12.6
2026-02-12 23:59:13, 26.7824,67.3325, 231.2, 9931,-57.0,-80.0,-75.2,  4,  7, 0.00,296,12.7
2026-02-12 23:59:15, 26.7830,67.3324, 230.7, 9944,-56.9,-80.0,-75.2,  4,  7, 0.00,297,12.8
2026-02-12 23:59:17, 26.7837,67.3322, 230.2, 9958,-56.9,-80.1,-75.3,  4,  7, 0.00,297,12.8
2026-02-12 23:59:19, 26.7843,67.3321, 229.7, 9973,-56.9,-80.2,-75.4,  4,  7, 0.00,298,12.8
2026-02-12 23:59:21, 26.7849,67.3320, 229.1, 9988,-56.9,-80.3,-75.6,  4,  7, 0.00,299,12.7
2026-02-12 23:59:23, 26.7855,67.3319, 228.6,10002,-57.0,-80.5,-75.8,  4,  7, 0.00,300,12.6
2026-02-12 23:59:25, 26.7859,67.3318, 228.1,10017,-57.0,-80.7,-75.9,  4,  7, 0.00,300,12.5
2026-02-12 23:59:27, 26.7864,67.3316, 227.5,10031,-56.7,-80.6,-75.9,  4,  6, 0.00,301,12.3
2026-02-12 23:59:29, 26.7868,67.3315, 227.0,10046,-56.5,-80.6,-75.9,  4,  6, 0.00,301,12.1
2026-02-12 23:59:31, 26.7873,67.3314, 226.5,10060,-56.3,-80.6,-75.9,  3,  6, 0.00,302,11.8
2026-02-12 23:59:33, 26.7877,67.3312, 226.0,10075,-56.1,-80.6,-75.9,  3,  6, 0.00,302,11.6
2026-02-12 23:59:35, 26.7882,67.3312, 225.5,10089,-56.0,-80.7,-76.0,  3,  6, 0.00,302,11.3
2026-02-12 23:59:37, 26.7886,67.3311, 225.0,10103,-56.1,-80.9,-76.2,  3,  6, 0.00,302,11.1
2026-02-12 23:59:39, 26.7890,67.3310, 224.5,10117,-56.2,-81.1,-76.3,  3,  5, 0.00,302,10.9
2026-02-12 23:59:41, 26.7894,67.3309, 224.0,10131,-56.2,-81.2,-76.4,  3,  5, 0.00,302,10.7
2026-02-12 23:59:43, 26.7897,67.3308, 223.5,10144,-56.3,-81.3,-76.5,  3,  5, 0.00,302,10.5
2026-02-12 23:59:45, 26.7901,67.3307, 223.0,10158,-56.3,-81.4,-76.6,  3,  5, 0.00,302,10.4
2026-02-12 23:59:47, 26.7906,67.3306, 222.6,10171,-56.3,-81.4,-76.7,  3,  5, 0.00,301,10.3
2026-02-12 23:59:49, 26.7910,67.3305, 222.1,10184,-56.3,-81.4,-76.7,  3,  5, 0.00,301,10.2
2026-02-12 23:59:51, 26.7913,67.3303, 221.7,10198,-56.1,-81.4,-76.6,  3,  5, 0.00,300,10.1
2026-02-12 23:59:53, 26.7916,67.3303, 221.2,10212,-56.1,-81.4,-76.7,  3,  5, 0.00,300,10.1
2026-02-12 23:59:55, 26.7919,67.3301, 220.7,10226,-56.1,-81.5,-76.7,  3,  5, 0.00,299,10.1
2026-02-12 23:59:57, 26.7923,67.3300, 220.1,10242,-55.9,-81.5,-76.7,  3,  5, 0.00,299,10.0
2026-02-12 23:59:59, 26.7928,67.3299, 219.6,10257,-55.9,-81.5,-76.7,  3,  5, 0.00,298,10.0
2026-02-13 00:00:01, 26.7934,67.3298, 219.1,10271,-55.8,-81.5,-76.7,  3,  5, 0.00,297,10.1
2026-02-13 00:00:03, 26.7939,67.3297, 218.7,10284,-55.8,-81.5,-76.8,  3,  5, 0.00,297,10.1
2026-02-13 00:00:05, 26.7945,67.3296, 218.2,10297,-55.9,-81.6,-76.9,  3,  5, 0.00,296,10.2
2026-02-13 00:00:07, 26.7950,67.3295, 217.8,10309,-55.9,-81.7,-76.9,  3,  5, 0.00,295,10.2
2026-02-13 00:00:09, 26.7956,67.3295, 217.3,10322,-55.9,-81.7,-76.9,  3,  5, 0.00,294,10.3
2026-02-13 00:00:11, 26.7962,67.3294, 216.9,10336,-56.0,-81.7,-77.0,  3,  5, 0.00,294,10.4
2026-02-13 00:00:13, 26.7968,67.3294, 216.4,10349,-56.1,-81.8,-77.1,  3,  5, 0.00,293,10.5
2026-02-13 00:00:15, 26.7974,67.3293, 216.0,10362,-56.2,-81.9,-77.1,  3,  5, 0.00,292,10.5
2026-02-13 00:00:17, 26.7980,67.3293, 215.6,10375,-56.3,-81.9,-77.2,  3,  5, 0.00,291,10.6
2026-02-13 00:00:19, 26.7985,67.3292, 215.1,10388,-56.4,-82.0,-77.2,  3,  5, 0.00,291,10.7
2026-02-13 00:00:21, 26.7991,67.3292, 214.7,10400,-56.4,-82.0,-77.2,  3,  5, 0.00,290,10.8
2026-02-13 00:00:23, 26.7997,67.3291, 214.3,10413,-56.4,-82.0,-77.2,  3,  5, 0.00,289,10.8
2026-02-13 00:00:25, 26.8002,67.3290, 213.8,10426,-56.3,-81.9,-77.1,  3,  5, 0.00,289,10.9
2026-02-13 00:00:27, 26.8008,67.3289, 213.4,10439,-56.3,-81.9,-77.1,  3,  5, 0.00,288,11.0
2026-02-13 00:00:29, 26.8013,67.3289, 212.9,10452,-56.3,-81.9,-77.2,  3,  5, 0.00,287,11.0
2026-02-13 00:00:31, 26.8019,67.3288, 212.5,10466,-56.3,-82.0,-77.2,  3,  5, 0.00,287,11.1
2026-02-13 00:00:33, 26.8025,67.3287, 212.0,10481,-56.3,-82.0,-77.3,  3,  5, 0.00,286,11.2
2026-02-13 00:00:35, 26.8031,67.3286, 211.5,10495,-56.3,-82.0,-77.3,  3,  5, 0.00,286,11.3
2026-02-13 00:00:37, 26.8036,67.3286, 211.0,10510,-56.3,-82.1,-77.3,  3,  5, 0.00,285,11.4
2026-02-13 00:00:39, 26.8042,67.3285, 210.5,10525,-56.2,-82.1,-77.3,  3,  5, 0.00,284,11.5
2026-02-13 00:00:41, 26.8048,67.3285, 210.1,10539,-56.2,-82.0,-77.3,  3,  5, 0.00,284,11.5
2026-02-13 00:00:43, 26.8053,67.3284, 209.6,10554,-56.1,-82.0,-77.3,  3,  5, 0.00,283,11.6
2026-02-13 00:00:45, 26.8059,67.3283, 209.1,10568,-56.2,-82.1,-77.3,  3,  5, 0.00,283,11.7
2026-02-13 00:00:47, 26.8065,67.3282, 208.6,10582,-56.2,-82.1,-77.4,  3,  5, 0.00,282,11.8
2026-02-13 00:00:49, 26.8070,67.3282, 208.2,10596,-56.3,-82.2,-77.4,  3,  5, 0.00,281,11.9
2026-02-13 00:00:51, 26.8076,67.3281, 207.8,10608,-56.4,-82.2,-77.4,  3,  5, 0.00,281,12.0
2026-02-13 00:00:53, 26.8082,67.3281, 207.4,10620,-56.4,-82.2,-77.5,  3,  5, 0.00,280,12.1
2026-02-13 00:00:55, 26.8087,67.3280, 207.1,10630,-56.5,-82.2,-77.5,  3,  5, 0.00,280,12.2
2026-02-13 00:00:57, 26.8093,67.3279, 206.8,10639,-56.6,-82.3,-77.5,  3,  5, 0.00,279,12.3
2026-02-13 00:00:59, 26.8099,67.3278, 206.4,10649,-56.6,-82.3,-77.5,  3,  5, 0.00,279,12.4
2026-02-13 00:01:01, 26.8104,67.3278, 206.1,10658,-56.6,-82.3,-77.5,  3,  5, 0.00,278,12.4
2026-02-13 00:01:03, 26.8110,67.3277, 205.8,10668,-56.5,-82.2,-77.5,  3,  5, 0.00,278,12.5
2026-02-13 00:01:05, 26.8115,67.3276, 205.5,10677,-56.5,-82.2,-77.4,  3,  5, 0.00,277,12.6
2026-02-13 00:01:07, 26.8121,67.3275, 205.2,10687,-56.5,-82.2,-77.5,  3,  5, 0.00,276,12.7
2026-02-13 00:01:09, 26.8126,67.3275, 204.9,10696,-56.6,-82.3,-77.5,  3,  5, 0.00,276,12.8
2026-02-13 00:01:11, 26.8132,67.3274, 204.6,10706,-56.6,-82.3,-77.5,  3,  5, 0.00,275,12.9
2026-02-13 00:01:13, 26.8137,67.3273, 204.3,10716,-56.7,-82.3,-77.5,  3,  5, 0.00,275,13.0
2026-02-13 00:01:15, 26.8143,67.3273, 204.0,10725,-56.8,-82.3,-77.6,  3,  5, 0.00,275,13.1
2026-02-13 00:01:17, 26.8149,67.3272, 203.7,10734,-56.8,-82.3,-77.6,  3,  5, 0.00,274,13.2
2026-02-13 00:01:19, 26.8155,67.3272, 203.4,10744,-56.9,-82.3,-77.6,  3,  5, 0.00,274,13.4
2026-02-13 00:01:21, 26.8161,67.3271, 203.1,10754,-56.9,-82.3,-77.6,  3,  5, 0.00,274,13.5
2026-02-13 00:01:23, 26.8167,67.3271, 202.8,10763,-57.0,-82.4,-77.6,  3,  5, 0.00,274,13.6
2026-02-13 00:01:25, 26.8174,67.3271, 202.5,10772,-57.1,-82.4,-77.6,  3,  5, 0.00,274,13.7
2026-02-13 00:01:27, 26.8179,67.3271, 202.2,10781,-57.2,-82.4,-77.7,  3,  5, 0.00,274,13.8
2026-02-13 00:01:29, 26.8185,67.3270, 201.9,10791,-57.2,-82.5,-77.7,  3,  5, 0.00,274,13.9
2026-02-13 00:01:31, 26.8191,67.3270, 201.6,10800,-57.3,-82.5,-77.7,  3,  5, 0.00,274,14.0
2026-02-13 00:01:33, 26.8198,67.3270, 201.3,10810,-57.4,-82.5,-77.8,  3,  5, 0.00,275,14.1
2026-02-13 00:01:35, 26.8205,67.3270, 201.0,10819,-57.4,-82.5,-77.8,  3,  5, 0.00,275,14.1
2026-02-13 00:01:37, 26.8213,67.3270, 200.7,10829,-57.5,-82.6,-77.8,  3,  5, 0.00,276,14.2
2026-02-13 00:01:39, 26.8220,67.3270, 200.4,10838,-57.5,-82.6,-77.8,  3,  5, 0.00,276,14.2
2026-02-13 00:01:41, 26.8227,67.3269, 200.1,10847,-57.4,-82.5,-77.8,  3,  5, 0.00,277,14.2
2026-02-13 00:01:42, 26.8229,67.3269, 200.0,10850,-57.4,-82.5,-77.8,  3,  5, 0.00,277,14.2
2026-02-13 00:01:43, 26.8234,67.3269, 199.8,10856,-57.5,-82.5,-77.8,  3,  5, 0.00,277,14.2
2026-02-13 00:01:45, 26.8240,67.3269, 199.5,10865,-57.4,-82.5,-77.8,  3,  5, 0.00,277,14.2
2026-02-13 00:01:47, 26.8247,67.3268, 199.2,10874,-57.4,-82.5,-77.7,  3,  5, 0.00,278,14.2
2026-02-13 00:01:49, 26.8253,67.3268, 198.9,10883,-57.4,-82.5,-77.8,  3,  5, 0.00,278,14.2
2026-02-13 00:01:51, 26.8260,67.3267, 198.7,10892,-57.4,-82.6,-77.8,  3,  5, 0.00,278,14.2
2026-02-13 00:01:53, 26.8266,67.3267, 198.4,10901,-57.4,-82.6,-77.8,  3,  5, 0.00,278,14.1
2026-02-13 00:01:55, 26.8272,67.3267, 198.1,10910,-57.3,-82.6,-77.8,  3,  5, 0.00,278,14.1
2026-02-13 00:01:57, 26.8278,67.3266, 197.8,10919,-57.3,-82.6,-77.8,  3,  5, 0.00,279,14.1
2026-02-13 00:01:59, 26.8284,67.3266, 197.6,10927,-57.2,-82.6,-77.8,  3,  5, 0.00,279,14.1
2026-02-13 00:02:01, 26.8290,67.3265, 197.3,10936,-57.2,-82.6,-77.8,  3,  5, 0.00,279,14.0
2026-02-13 00:02:03, 26.8296,67.3265, 197.0,10944,-57.2,-82.7,-77.9,  3,  5, 0.00,279,14.0
2026-02-13 00:02:05, 26.8302,67.3264, 196.8,10953,-57.3,-82.7,-78.0,  3,  5, 0.00,279,14.0
2026-02-13 00:02:07, 26.8309,67.3263, 196.5,10962,-57.3,-82.8,-78.0,  3,  5, 0.00,280,14.0
2026-02-13 00:02:09, 26.8316,67.3263, 196.2,10972,-57.2,-82.7,-78.0,  3,  5, 0.00,280,14.0
2026-02-13 00:02:11, 26.8323,67.3262, 195.9,10981,-57.2,-82.8,-78.0,  3,  5, 0.00,280,14.0
2026-02-13 00:02:13, 26.8330,67.3261, 195.6,10990,-57.2,-82.8,-78.0,  3,  5, 0.00,280,14.1
2026-02-13 00:02:15, 26.8337,67.3260, 195.3,10999,-57.2,-82.8,-78.1,  3,  5, 0.00,280,14.1
2026-02-13 00:02:17, 26.8344,67.3259, 195.1,11008,-57.2,-82.9,-78.1,  3,  5, 0.00,280,14.1
2026-02-13 00:02:19, 26.8351,67.3258, 194.8,11017,-57.0,-82.8,-78.0,  3,  5, 0.00,280,14.1
2026-02-13 00:02:21, 26.8358,67.3258, 194.5,11026,-56.8,-82.7,-77.9,  3,  5, 0.00,280,14.1
2026-02-13 00:02:23, 26.8365,67.3257, 194.2,11035,-56.8,-82.7,-77.9,  3,  5, 0.00,280,14.1
2026-02-13 00:02:25, 26.8372,67.3256, 193.9,11044,-56.9,-82.8,-78.0,  3,  5, 0.00,281,14.1
2026-02-13 00:02:27, 26.8378,67.3255, 193.7,11054,-57.0,-82.8,-78.1,  3,  5, 0.00,281,14.1
2026-02-13 00:02:29, 26.8385,67.3255, 193.4,11063,-57.0,-82.9,-78.1,  3,  5, 0.00,281,14.1
2026-02-13 00:02:31, 26.8392,67.3254, 193.1,11072,-57.1,-82.9,-78.2,  3,  5, 0.00,281,14.2
2026-02-13 00:02:33, 26.8399,67.3253, 192.8,11081,-57.1,-83.0,-78.2,  3,  5, 0.00,281,14.2
2026-02-13 00:02:35, 26.8405,67.3252, 192.5,11090,-57.1,-83.0,-78.3,  3,  5, 0.00,281,14.2
2026-02-13 00:02:37, 26.8412,67.3252, 192.3,11099,-57.1,-83.1,-78.3,  3,  5, 0.00,281,14.2
2026-02-13 00:02:39, 26.8419,67.3251, 192.0,11108,-57.0,-83.0,-78.3,  3,  4, 0.00,281,14.2
2026-02-13 00:02:41, 26.8426,67.3250, 191.7,11117,-56.9,-83.0,-78.2,  3,  4, 0.00,281,14.2
2026-02-13 00:02:43, 26.8432,67.3250, 191.5,11126,-56.9,-83.0,-78.2,  3,  4, 0.00,282,14.2
2026-02-13 00:02:45, 26.8439,67.3249, 191.2,11134,-56.8,-82.9,-78.2,  3,  4, 0.00,282,14.2
2026-02-13 00:02:47, 26.8446,67.3248, 190.9,11143,-56.7,-82.9,-78.1,  3,  4, 0.00,282,14.2
2026-02-13 00:02:49, 26.8453,67.3247, 190.7,11152,-56.7,-82.9,-78.1,  3,  4, 0.00,282,14.2
2026-02-13 00:02:51, 26.8460,67.3247, 190.4,11162,-56.7,-82.9,-78.1,  3,  4, 0.00,282,14.2
2026-02-13 00:02:53, 26.8467,67.3246, 190.1,11171,-56.7,-82.9,-78.2,  3,  4, 0.00,282,14.2
2026-02-13 00:02:55, 26.8473,67.3245, 189.8,11181,-56.7,-83.0,-78.2,  3,  4, 0.00,282,14.3
2026-02-13 00:02:57, 26.8480,67.3244, 189.5,11190,-56.8,-83.0,-78.2,  3,  4, 0.00,282,14.3
2026-02-13 00:02:59, 26.8487,67.3243, 189.2,11200,-56.8,-83.0,-78.2,  3,  4, 0.00,282,14.3
2026-02-13 00:03:01, 26.8494,67.3243, 188.9,11210,-56.8,-83.0,-78.3,  3,  4, 0.00,283,14.3
2026-02-13 00:03:03, 26.8501,67.3242, 188.7,11219,-56.8,-83.1,-78.3,  2,  4, 0.00,283,14.3
2026-02-13 00:03:05, 26.8507,67.3241, 188.4,11228,-56.8,-83.1,-78.4,  2,  4, 0.00,283,14.3
2026-02-13 00:03:07, 26.8514,67.3240, 188.1,11237,-56.8,-83.1,-78.4,  2,  4, 0.00,283,14.3
2026-02-13 00:03:09, 26.8521,67.3240, 187.8,11247,-56.7,-83.1,-78.3,  2,  4, 0.00,283,14.3
2026-02-13 00:03:11, 26.8528,67.3239, 187.5,11256,-56.6,-83.0,-78.3,  2,  4, 0.00,283,14.3
2026-02-13 00:03:13, 26.8535,67.3238, 187.2,11266,-56.5,-83.0,-78.2,  2,  4, 0.00,283,14.3
2026-02-13 00:03:15, 26.8541,67.3238, 187.0,11276,-56.4,-83.0,-78.2,  2,  4, 0.00,283,14.3
2026-02-13 00:03:17, 26.8548,67.3237, 186.7,11286,-56.4,-83.0,-78.2,  2,  4, 0.00,284,14.4
2026-02-13 00:03:19, 26.8555,67.3236, 186.4,11296,-56.4,-83.0,-78.2,  2,  4, 0.00,284,14.4
2026-02-13 00:03:21, 26.8562,67.3235, 186.1,11305,-56.4,-83.0,-78.3,  2,  4, 0.00,284,14.4
2026-02-13 00:03:23, 26.8569,67.3235, 185.9,11314,-56.4,-83.0,-78.2,  2,  4, 0.00,284,14.4
2026-02-13 00:03:25, 26.8575,67.3234, 185.6,11322,-56.3,-82.9,-78.2,  2,  4, 0.00,284,14.4
2026-02-13 00:03:27, 26.8582,67.3233, 185.3,11332,-56.3,-82.9,-78.2,  2,  4, 0.00,284,14.4
2026-02-13 00:03:29, 26.8589,67.3232, 185.1,11341,-56.4,-83.0,-78.2,  2,  4, 0.00,284,14.4
2026-02-13 00:03:31, 26.8596,67.3231, 184.8,11351,-56.4,-83.0,-78.3,  2,  4, 0.00,284,14.4
2026-02-13 00:03:33, 26.8603,67.3231, 184.5,11360,-56.5,-83.0,-78.3,  2,  4, 0.00,284,14.4
2026-02-13 00:03:35, 26.8609,67.3230, 184.2,11370,-56.6,-83.0,-78.3,  2,  4, 0.00,285,14.4
2026-02-13 00:03:37, 26.8616,67.3229, 183.9,11379,-56.6,-83.1,-78.3,  2,  4, 0.00,285,14.5
2026-02-13 00:03:39, 26.8623,67.3229, 183.7,11388,-56.7,-83.1,-78.3,  2,  4, 0.00,285,14.5
2026-02-13 00:03:41, 26.8630,67.3228, 183.4,11398,-56.8,-83.1,-78.3,  2,  4, 0.00,285,14.5
2026-02-13 00:03:43, 26.8636,67.3227, 183.1,11407,-56.9,-83.1,-78.3,  2,  4, 0.00,285,14.5
2026-02-13 00:03:45, 26.8643,67.3226, 182.9,11416,-56.9,-83.1,-78.4,  3,  4, 0.00,285,14.5
2026-02-13 00:03:47, 26.8650,67.3226, 182.6,11426,-57.0,-83.1,-78.4,  3,  4, 0.00,285,14.5
2026-02-13 00:03:49, 26.8657,67.3225, 182.3,11435,-57.0,-83.2,-78.4,  3,  4, 0.00,285,14.5
2026-02-13 00:03:51, 26.8664,67.3224, 182.1,11444,-57.1,-83.2,-78.4,  3,  4, 0.00,285,14.5
2026-02-13 00:03:53, 26.8671,67.3223, 181.8,11453,-57.1,-83.2,-78.4,  3,  4, 0.00,285,14.5
2026-02-13 00:03:55, 26.8677,67.3222, 181.6,11462,-57.1,-83.2,-78.4,  3,  4, 0.00,286,14.5
2026-02-13 00:03:57, 26.8684,67.3222, 181.3,11472,-57.1,-83.2,-78.4,  3,  4, 0.00,286,14.6
2026-02-13 00:03:59, 26.8691,67.3221, 181.0,11481,-57.0,-83.1,-78.4,  3,  4, 0.00,286,14.6
2026-02-13 00:04:01, 26.8698,67.3220, 180.7,11491,-57.0,-83.1,-78.4,  3,  4, 0.00,286,14.6
2026-02-13 00:04:03, 26.8705,67.3220, 180.5,11500,-57.1,-83.2,-78.4,  3,  4, 0.00,286,14.6
2026-02-13 00:04:05, 26.8711,67.3219, 180.2,11510,-57.1,-83.2,-78.5,  3,  4, 0.00,286,14.6
2026-02-13 00:04:07, 26.8718,67.3218, 179.9,11520,-57.2,-83.3,-78.5,  3,  4, 0.00,286,14.6
2026-02-13 00:04:09, 26.8725,67.3217, 179.7,11529,-57.2,-83.4,-78.6,  3,  4, 0.00,286,14.6
2026-02-13 00:04:11, 26.8732,67.3217, 179.4,11539,-57.2,-83.4,-78.6,  3,  4, 0.00,286,14.6
2026-02-13 00:04:13, 26.8739,67.3216, 179.1,11548,-57.2,-83.4,-78.6,  2,  4, 0.00,287,14.6
2026-02-13 00:04:15, 26.8745,67.3215, 178.8,11558,-57.2,-83.4,-78.7,  2,  4, 0.00,287,14.7
2026-02-13 00:04:17, 26.8752,67.3214, 178.5,11568,-57.2,-83.4,-78.7,  2,  4, 0.00,287,14.7
2026-02-13 00:04:19, 26.8759,67.3213, 178.3,11578,-57.2,-83.4,-78.7,  2,  4, 0.00,287,14.7
2026-02-13 00:04:21, 26.8766,67.3213, 178.0,11587,-57.2,-83.5,-78.7,  2,  4, 0.00,287,14.7
2026-02-13 00:04:23, 26.8773,67.3212, 177.7,11597,-57.1,-83.4,-78.7,  2,  4, 0.00,287,14.7
2026-02-13 00:04:25, 26.8779,67.3211, 177.5,11606,-56.9,-83.3,-78.5,  2,  4, 0.00,287,14.7
2026-02-13 00:04:27, 26.8786,67.3210, 177.2,11616,-56.8,-83.3,-78.5,  2,  4, 0.00,287,14.7
2026-02-13 00:04:29, 26.8793,67.3210, 176.9,11626,-56.8,-83.3,-78.5,  2,  4, 0.00,287,14.7
2026-02-13 00:04:31, 26.8800,67.3209, 176.7,11635,-56.9,-83.3,-78.6,  2,  4, 0.00,288,14.7
2026-02-13 00:04:33, 26.8807,67.3208, 176.4,11644,-56.9,-83.4,-78.6,  2,  4, 0.00,288,14.8
2026-02-13 00:04:35, 26.8813,67.3208, 176.2,11654,-57.0,-83.4,-78.6,  2,  4, 0.00,288,14.8
2026-02-13 00:04:37, 26.8820,67.3207, 175.9,11663,-57.1,-83.4,-78.7,  2,  4, 0.00,288,14.8
2026-02-13 00:04:39, 26.8827,67.3206, 175.6,11672,-57.1,-83.5,-78.7,  2,  4, 0.00,288,14.8
2026-02-13 00:04:41, 26.8834,67.3205, 175.4,11682,-57.2,-83.5,-78.7,  2,  4, 0.00,288,14.8
2026-02-13 00:04:43, 26.8841,67.3205, 175.1,11692,-57.2,-83.5,-78.8,  2,  4, 0.00,288,14.8
2026-02-13 00:04:45, 26.8847,67.3204, 174.8,11701,-57.3,-83.6,-78.8,  2,  4, 0.00,288,14.8
2026-02-13 00:04:47, 26.8854,67.3203, 174.6,11710,-57.3,-83.6,-78.8,  2,  4, 0.00,288,14.8
2026-02-13 00:04:49, 26.8861,67.3202, 174.3,11720,-57.2,-83.5,-78.8,  2,  4, 0.00,289,14.8
2026-02-13 00:04:51, 26.8868,67.3201, 174.0,11729,-57.2,-83.5,-78.8,  2,  4, 0.00,289,14.9
2026-02-13 00:04:53, 26.8875,67.3201, 173.8,11739,-57.2,-83.5,-78.8,  2,  4, 0.00,289,14.9
2026-02-13 00:04:55, 26.8881,67.3200, 173.5,11749,-57.2,-83.5,-78.8,  2,  4, 0.00,289,14.9
2026-02-13 00:04:57, 26.8888,67.3199, 173.2,11759,-57.3,-83.6,-78.8,  2,  4, 0.00,289,14.9
2026-02-13 00:04:59, 26.8895,67.3199, 172.9,11769,-57.4,-83.6,-78.9,  2,  4, 0.00,289,14.9
2026-02-13 00:05:01, 26.8902,67.3198, 172.7,11780,-57.5,-83.7,-79.0,  2,  4, 0.00,289,14.9
2026-02-13 00:05:03, 26.8909,67.3197, 172.4,11790,-57.5,-83.8,-79.0,  2,  4, 0.00,289,14.9
2026-02-13 00:05:05, 26.8915,67.3196, 172.1,11801,-57.4,-83.7,-79.0,  2,  4, 0.00,289,14.9
2026-02-13 00:05:07, 26.8922,67.3196, 171.8,11812,-57.4,-83.7,-79.0,  2,  4, 0.00,289,15.0
2026-02-13 00:05:09, 26.8929,67.3195, 171.5,11823,-57.4,-83.7,-79.0,  2,  4, 0.00,290,15.0
2026-02-13 00:05:11, 26.8936,67.3194, 171.2,11835,-57.4,-83.7,-79.0,  2,  4, 0.00,290,15.0
2026-02-13 00:05:13, 26.8943,67.3193, 170.8,11848,-57.2,-83.7,-78.9,  2,  4, 0.00,290,15.0
2026-02-13 00:05:15, 26.8949,67.3192, 170.4,11862,-57.2,-83.7,-79.0,  2,  4, 0.00,290,15.0
2026-02-13 00:05:17, 26.8956,67.3192, 170.1,11875,-57.3,-83.8,-79.0,  2,  4, 0.00,290,15.0
2026-02-13 00:05:19, 26.8963,67.3191, 169.7,11889,-57.2,-83.8,-79.0,  2,  4, 0.00,290,15.0
2026-02-13 00:05:21, 26.8970,67.3190, 169.4,11902,-57.2,-83.7,-79.0,  2,  4, 0.00,290,15.0
2026-02-13 00:05:23, 26.8976,67.3190, 169.0,11915,-57.0,-83.6,-78.9,  2,  4, 0.00,290,15.1
2026-02-13 00:05:25, 26.8983,67.3189, 168.7,11928,-57.0,-83.7,-78.9,  2,  4, 0.00,290,15.1
2026-02-13 00:05:27, 26.8990,67.3188, 168.3,11941,-57.2,-83.8,-79.0,  2,  4, 0.00,290,15.1
2026-02-13 00:05:29, 26.8997,67.3187, 167.9,11955,-57.2,-83.8,-79.0,  2,  4, 0.00,291,15.1
2026-02-13 00:05:31, 26.9004,67.3187, 167.6,11969,-57.3,-83.8,-79.1,  2,  4, 0.00,291,15.1
2026-02-13 00:05:33, 26.9011,67.3186, 167.2,11982,-57.3,-83.8,-79.1,  2,  4, 0.00,291,15.1
2026-02-13 00:05:35, 26.9017,67.3185, 166.9,11995,-57.4,-83.9,-79.1,  2,  4, 0.00,291,15.1
2026-02-13 00:05:37, 26.9024,67.3184, 166.6,12007,-57.5,-84.0,-79.2,  2,  4, 0.00,291,15.2
2026-02-13 00:05:39, 26.9031,67.3183, 166.2,12020,-57.5,-84.0,-79.2,  2,  4, 0.00,291,15.2
2026-02-13 00:05:41, 26.9038,67.3183, 165.9,12033,-57.6,-84.0,-79.2,  2,  4, 0.00,291,15.2
2026-02-13 00:05:43, 26.9044,67.3182, 165.6,12045,-57.7,-84.0,-79.3,  2,  4, 0.00,291,15.2
2026-02-13 00:05:45, 26.9051,67.3181, 165.2,12058,-57.7,-84.0,-79.3,  2,  4, 0.00,291,15.2
2026-02-13 00:05:47, 26.9059,67.3180, 164.9,12071,-57.7,-84.1,-79.3,  2,  4, 0.00,291,15.2
2026-02-13 00:05:49, 26.9066,67.3180, 164.5,12084,-57.7,-84.1,-79.3,  2,  4, 0.00,292,15.2
2026-02-13 00:05:51, 26.9073,67.3179, 164.2,12097,-57.7,-84.1,-79.3,  2,  4, 0.00,292,15.2
2026-02-13 00:05:53, 26.9079,67.3178, 163.9,12110,-57.6,-84.1,-79.3,  2,  4, 0.00,292,15.2
2026-02-13 00:05:55, 26.9084,67.3177, 163.5,12123,-57.5,-84.0,-79.2,  2,  4, 0.00,292,15.3
2026-02-13 00:05:57, 26.9090,67.3176, 163.2,12136,-57.5,-84.0,-79.3,  2,  4, 0.00,292,15.3
2026-02-13 00:05:59, 26.9097,67.3175, 162.9,12148,-57.4,-84.0,-79.3,  2,  4, 0.00,292,15.4
2026-02-13 00:06:01, 26.9105,67.3174, 162.6,12161,-57.4,-84.0,-79.3,  2,  4, 0.00,292,15.5
2026-02-13 00:06:03, 26.9112,67.3173, 162.2,12174,-57.2,-84.0,-79.2,  2,  4, 0.00,291,15.5
2026-02-13 00:06:05, 26.9120,67.3171, 161.9,12186,-57.1,-83.9,-79.1,  2,  4, 0.00,291,15.6
2026-02-13 00:06:07, 26.9127,67.3170, 161.6,12199,-57.1,-83.9,-79.2,  2,  4, 0.00,291,15.7
2026-02-13 00:06:09, 26.9135,67.3169, 161.3,12211,-57.1,-84.0,-79.2,  2,  4, 0.00,291,15.7
2026-02-13 00:06:11, 26.9142,67.3168, 160.9,12224,-57.2,-84.0,-79.3,  2,  4, 0.00,291,15.8
2026-02-13 00:06:13, 26.9149,67.3167, 160.6,12237,-57.2,-84.0,-79.3,  2,  4, 0.00,291,15.8
2026-02-13 00:06:15, 26.9157,67.3167, 160.3,12251,-57.2,-84.0,-79.3,  2,  4, 0.00,291,15.9
2026-02-13 00:06:17, 26.9164,67.3166, 159.9,12264,-57.1,-84.0,-79.2,  2,  4, 0.00,291,16.0
2026-02-13 00:06:19, 26.9171,67.3166, 159.6,12277,-57.2,-84.0,-79.3,  2,  4, 0.00,291,16.0
2026-02-13 00:06:21, 26.9178,67.3165, 159.3,12289,-57.3,-84.0,-79.3,  2,  4, 0.00,291,16.1
2026-02-13 00:06:23, 26.9186,67.3164, 159.0,12301,-57.3,-84.0,-79.3,  2,  4, 0.00,291,16.1
2026-02-13 00:06:25, 26.9193,67.3163, 158.7,12313,-57.4,-84.0,-79.3,  2,  4, 0.00,291,16.2
2026-02-13 00:06:27, 26.9200,67.3162, 158.4,12325,-57.5,-84.1,-79.3,  2,  4, 0.00,291,16.3
2026-02-13 00:06:29, 26.9208,67.3161, 158.1,12337,-57.6,-84.1,-79.3,  2,  4, 0.00,291,16.3
2026-02-13 00:06:31, 26.9215,67.3161, 157.8,12349,-57.7,-84.1,-79.4,  2,  4, 0.00,290,16.4
2026-02-13 00:06:33, 26.9222,67.3160, 157.4,12362,-57.8,-84.2,-79.4,  2,  4, 0.00,290,16.4
2026-02-13 00:06:35, 26.9230,67.3159, 157.1,12375,-57.9,-84.3,-79.5,  2,  4, 0.00,290,16.5
2026-02-13 00:06:37, 26.9237,67.3158, 156.8,12388,-58.0,-84.3,-79.5,  2,  4, 0.00,290,16.6
2026-02-13 00:06:39, 26.9244,67.3157, 156.5,12401,-58.1,-84.3,-79.6,  2,  4, 0.00,290,16.6
2026-02-13 00:06:41, 26.9252,67.3156, 156.2,12413,-58.2,-84.4,-79.7,  2,  4, 0.00,290,16.7
2026-02-13 00:06:43, 26.9259,67.3155, 155.9,12426,-58.2,-84.5,-79.7,  2,  4, 0.00,290,16.8
2026-02-13 00:06:45, 26.9266,67.3154, 155.6,12438,-58.1,-84.4,-79.6,  2,  4, 0.00,290,16.8
2026-02-13 00:06:47, 26.9274,67.3154, 155.3,12450,-58.0,-84.3,-79.5,  2,  4, 0.00,290,16.9
2026-02-13 00:06:49, 26.9281,67.3153, 155.0,12463,-58.0,-84.3,-79.5,  2,  4, 0.00,290,16.9
2026-02-13 00:06:51, 26.9288,67.3152, 154.7,12475,-57.9,-84.2,-79.5,  2,  4, 0.00,290,17.0
2026-02-13 00:06:53, 26.9296,67.3151, 154.3,12488,-57.9,-84.2,-79.5,  2,  4, 0.00,290,17.1
2026-02-13 00:06:55, 26.9303,67.3150, 154.0,12501,-57.8,-84.2,-79.4,  2,  4, 0.00,290,17.1
2026-02-13 00:06:57, 26.9310,67.3149, 153.7,12514,-57.9,-84.3,-79.5,  2,  4, 0.00,290,17.2
2026-02-13 00:06:59, 26.9318,67.3149, 153.4,12527,-58.0,-84.3,-79.6,  2,  4, 0.00,290,17.2
2026-02-13 00:07:01, 26.9325,67.3148, 153.1,12540,-58.1,-84.4,-79.6,  2,  4, 0.00,289,17.3
2026-02-13 00:07:03, 26.9332,67.3147, 152.8,12553,-58.2,-84.4,-79.7,  2,  4, 0.00,289,17.4
2026-02-13 00:07:05, 26.9339,67.3147, 152.4,12566,-58.2,-84.5,-79.7,  2,  4, 0.00,289,17.4
2026-02-13 00:07:07, 26.9347,67.3146, 152.1,12579,-58.3,-84.5,-79.7,  2,  4, 0.00,289,17.5
2026-02-13 00:07:09, 26.9354,67.3145, 151.8,12592,-58.3,-84.5,-79.7,  2,  4, 0.00,289,17.5
2026-02-13 00:07:11, 26.9362,67.3144, 151.5,12605,-58.4,-84.6,-79.8,  2,  4, 0.00,289,17.6
2026-02-13 00:07:13, 26.9369,67.3142, 151.2,12618,-58.4,-84.6,-79.8,  2,  4, 0.00,289,17.7
2026-02-13 00:07:15, 26.9377,67.3140, 150.8,12632,-58.3,-84.5,-79.7,  2,  4, 0.00,289,17.7
2026-02-13 00:07:17, 26.9385,67.3139, 150.5,12645,-58.3,-84.5,-79.7,  2,  4, 0.00,289,17.8
2026-02-13 00:07:19, 26.9392,67.3138, 150.2,12658,-58.3,-84.5,-79.7,  2,  4, 0.00,289,17.9
2026-02-13 00:07:21, 26.9398,67.3138, 150.0,12667,-58.3,-84.5,-79.8,  2,  4, 0.00,289,17.9
2026-02-13 00:07:21, 26.9400,67.3137, 149.9,12670,-58.4,-84.5,-79.8,  2,  4, 0.00,289,17.9
2026-02-13 00:07:23, 26.9408,67.3137, 149.7,12681,-58.3,-84.5,-79.7,  2,  4, 0.00,289,18.0
2026-02-13 00:07:25, 26.9415,67.3136, 149.4,12692,-58.2,-84.4,-79.7,  2,  4, 0.00,289,18.0
2026-02-13 00:07:27, 26.9423,67.3136, 149.2,12703,-58.2,-84.4,-79.6,  2,  4, 0.00,289,18.0
2026-02-13 00:07:29, 26.9431,67.3136, 148.9,12715,-58.2,-84.4,-79.6,  2,  4, 0.00,288,18.1
2026-02-13 00:07:31, 26.9439,67.3135, 148.6,12728,-58.2,-84.4,-79.7,  2,  4, 0.00,288,18.1
2026-02-13 00:07:33, 26.9448,67.3134, 148.3,12741,-58.3,-84.5,-79.8,  2,  4, 0.00,288,18.1
2026-02-13 00:07:35, 26.9456,67.3133, 148.0,12753,-58.4,-84.6,-79.8,  2,  4, 0.00,288,18.1
2026-02-13 00:07:37, 26.9465,67.3132, 147.7,12765,-58.5,-84.6,-79.9,  2,  4, 0.00,288,18.0
2026-02-13 00:07:39, 26.9473,67.3131, 147.4,12778,-58.5,-84.6,-79.9,  2,  4, 0.00,288,18.0
2026-02-13 00:07:41, 26.9482,67.3130, 147.1,12790,-58.6,-84.7,-79.9,  2,  4, 0.00,288,18.0
2026-02-13 00:07:43, 26.9489,67.3129, 146.8,12803,-58.7,-84.7,-80.0,  2,  4, 0.00,288,18.0
2026-02-13 00:07:45, 26.9497,67.3128, 146.5,12815,-58.7,-84.7,-79.9,  2,  4, 0.00,288,17.9
2026-02-13 00:07:47, 26.9504,67.3128, 146.2,12828,-58.6,-84.7,-79.9,  2,  4, 0.00,288,17.9
2026-02-13 00:07:49, 26.9510,67.3126, 145.9,12840,-58.6,-84.6,-79.9,  2,  4, 0.00,287,17.8
2026-02-13 00:07:51, 26.9517,67.3125, 145.6,12853,-58.6,-84.6,-79.8,  2,  4, 0.00,287,17.8
2026-02-13 00:07:53, 26.9525,67.3124, 145.3,12867,-58.6,-84.6,-79.8,  2,  4, 0.00,287,17.8
2026-02-13 00:07:55, 26.9532,67.3123, 145.0,12880,-58.7,-84.6,-79.9,  2,  4, 0.00,287,17.8
2026-02-13 00:07:57, 26.9540,67.3122, 144.7,12892,-58.7,-84.7,-79.9,  2,  4, 0.00,286,17.8
2026-02-13 00:07:59, 26.9547,67.3122, 144.5,12904,-58.8,-84.7,-79.9,  2,  4, 0.00,286,17.8
2026-02-13 00:08:01, 26.9555,67.3122, 144.2,12915,-58.7,-84.7,-79.9,  2,  4, 0.00,286,17.8
2026-02-13 00:08:03, 26.9562,67.3121, 143.9,12926,-58.7,-84.6,-79.9,  2,  4, 0.00,286,17.8
2026-02-13 00:08:05, 26.9570,67.3121, 143.7,12939,-58.7,-84.7,-79.9,  2,  4, 0.00,285,17.8
2026-02-13 00:08:07, 26.9578,67.3120, 143.4,12952,-58.7,-84.7,-79.9,  2,  4, 0.00,285,17.8
2026-02-13 00:08:09, 26.9585,67.3119, 143.1,12964,-58.7,-84.7,-80.0,  2,  4, 0.00,285,17.8
2026-02-13 00:08:11, 26.9593,67.3119, 142.8,12977,-58.7,-84.8,-80.0,  2,  4, 0.00,285,17.8
2026-02-13 00:08:13, 26.9600,67.3118, 142.5,12990,-58.7,-84.8,-80.0,  2,  4, 0.00,285,17.8
2026-02-13 00:08:15, 26.9608,67.3117, 142.2,13002,-58.7,-84.8,-80.1,  2,  4, 0.00,284,17.8
2026-02-13 00:08:17, 26.9615,67.3117, 141.9,13014,-58.7,-84.9,-80.1,  2,  4, 0.00,284,17.7
2026-02-13 00:08:19, 26.9622,67.3116, 141.7,13027,-58.7,-84.9,-80.1,  2,  4, 0.00,284,17.7
2026-02-13 00:08:21, 26.9629,67.3115, 141.4,13039,-58.7,-84.9,-80.1,  2,  4, 0.00,284,17.7
2026-02-13 00:08:23, 26.9637,67.3115, 141.1,13051,-58.7,-84.9,-80.2,  2,  4, 0.00,283,17.7
2026-02-13 00:08:25, 26.9645,67.3114, 140.9,13061,-58.7,-85.0,-80.2,  2,  4, 0.00,283,17.7
2026-02-13 00:08:27, 26.9652,67.3113, 140.6,13072,-58.7,-85.0,-80.2,  2,  4, 0.00,283,17.7
2026-02-13 00:08:29, 26.9660,67.3113, 140.4,13083,-58.7,-85.0,-80.2,  2,  4, 0.00,283,17.7
2026-02-13 00:08:31, 26.9667,67.3112, 140.2,13094,-58.7,-85.0,-80.2,  2,  4, 0.00,282,17.7
2026-02-13 00:08:33, 26.9674,67.3111, 139.9,13105,-58.7,-85.0,-80.3,  2,  4, 0.00,282,17.7
2026-02-13 00:08:35, 26.9681,67.3111, 139.7,13116,-58.8,-85.1,-80.3,  2,  4, 0.00,282,17.7
2026-02-13 00:08:37, 26.9688,67.3111, 139.4,13128,-58.9,-85.1,-80.3,  2,  4, 0.00,282,17.7
2026-02-13 00:08:39, 26.9695,67.3110, 139.1,13140,-58.9,-85.1,-80.3,  2,  4, 0.00,281,17.7
2026-02-13 00:08:41, 26.9701,67.3110, 138.8,13152,-58.8,-85.0,-80.2,  2,  4, 0.00,281,17.7
2026-02-13 00:08:43, 26.9708,67.3109, 138.6,13164,-58.8,-85.0,-80.2,  2,  4, 0.00,281,17.7
2026-02-13 00:08:45, 26.9715,67.3109, 138.3,13176,-58.8,-84.9,-80.2,  2,  4, 0.00,280,17.7
2026-02-13 00:08:47, 26.9723,67.3108, 138.1,13189,-58.9,-84.9,-80.1,  2,  4, 0.00,280,17.7
2026-02-13 00:08:49, 26.9731,67.3107, 137.8,13201,-59.0,-84.9,-80.1,  2,  4, 0.00,280,17.7
2026-02-13 00:08:51, 26.9739,67.3106, 137.5,13213,-59.0,-84.9,-80.1,  2,  4, 0.00,280,17.7
2026-02-13 00:08:53, 26.9748,67.3105, 137.2,13225,-59.0,-84.8,-80.1,  2,  4, 0.00,280,17.7
2026-02-13 00:08:55, 26.9758,67.3103, 137.0,13238,-59.0,-84.8,-80.0,  2,  4, 0.00,280,17.7
2026-02-13 00:08:57, 26.9767,67.3102, 136.7,13250,-59.1,-84.8,-80.0,  2,  4, 0.00,280,17.7
2026-02-13 00:08:59, 26.9775,67.3102, 136.4,13262,-59.1,-84.8,-80.0,  3,  4, 0.00,280,17.8
2026-02-13 00:09:01, 26.9783,67.3102, 136.2,13275,-59.2,-84.8,-80.0,  3,  4, 0.00,280,17.8
2026-02-13 00:09:03, 26.9791,67.3101, 135.9,13287,-59.2,-84.8,-80.0,  3,  5, 0.00,280,17.8
2026-02-13 00:09:05, 26.9799,67.3100, 135.6,13299,-59.3,-84.8,-80.1,  3,  5, 0.00,280,17.8
2026-02-13 00:09:07, 26.9807,67.3099, 135.4,13311,-59.3,-84.8,-80.1,  3,  5, 0.00,280,17.9
2026-02-13 00:09:09, 26.9815,67.3098, 135.1,13324,-59.3,-84.8,-80.0,  3,  5, 0.00,281,17.9
2026-02-13 00:09:11, 26.9823,67.3097, 134.8,13336,-59.4,-84.8,-80.0,  3,  5, 0.00,281,17.9
2026-02-13 00:09:13, 26.9832,67.3096, 134.6,13349,-59.4,-84.8,-80.1,  3,  5, 0.00,281,17.9
2026-02-13 00:09:15, 26.9840,67.3095, 134.3,13361,-59.5,-84.9,-80.1,  3,  5, 0.00,281,18.0
2026-02-13 00:09:17, 26.9848,67.3094, 134.1,13373,-59.6,-84.9,-80.2,  3,  5, 0.00,282,18.0
2026-02-13 00:09:19, 26.9857,67.3094, 133.8,13385,-59.7,-84.9,-80.2,  3,  5, 0.00,282,18.0
2026-02-13 00:09:21, 26.9866,67.3094, 133.5,13397,-59.7,-85.0,-80.2,  3,  5, 0.00,282,18.0
2026-02-13 00:09:23, 26.9875,67.3095, 133.3,13409,-59.8,-85.0,-80.2,  3,  5, 0.00,282,18.0
2026-02-13 00:09:25, 26.9884,67.3096, 133.0,13421,-59.8,-85.0,-80.2,  3,  5, 0.00,282,17.9
2026-02-13 00:09:27, 26.9894,67.3097, 132.8,13432,-59.8,-85.0,-80.3,  3,  5, 0.00,283,17.9
2026-02-13 00:09:29, 26.9903,67.3098, 132.5,13444,-59.9,-85.1,-80.3,  3,  5, 0.00,283,17.8
2026-02-13 00:09:31, 26.9911,67.3097, 132.3,13457,-60.0,-85.1,-80.4,  3,  5, 0.00,283,17.8
2026-02-13 00:09:33, 26.9920,67.3097, 132.0,13469,-60.0,-85.1,-80.4,  3,  5, 0.00,283,17.7
2026-02-13 00:09:35, 26.9928,67.3096, 131.7,13482,-60.0,-85.1,-80.4,  3,  5, 0.00,283,17.7
2026-02-13 00:09:37, 26.9936,67.3095, 131.5,13494,-60.0,-85.2,-80.4,  3,  5, 0.00,283,17.6
2026-02-13 00:09:39, 26.9944,67.3094, 131.2,13505,-60.1,-85.2,-80.5,  3,  5, 0.00,282,17.5
2026-02-13 00:09:41, 26.9952,67.3093, 131.0,13517,-60.0,-85.2,-80.4,  3,  5, 0.00,282,17.4
2026-02-13 00:09:43, 26.9960,67.3093, 130.7,13530,-59.9,-85.1,-80.4,  3,  5, 0.00,282,17.4
2026-02-13 00:09:45, 26.9967,67.3093, 130.4,13543,-59.8,-85.1,-80.3,  3,  5, 0.00,282,17.3
2026-02-13 00:09:47, 26.9975,67.3092, 130.2,13556,-59.7,-85.0,-80.3,  3,  5, 0.00,282,17.3
2026-02-13 00:09:49, 26.9983,67.3092, 129.9,13569,-59.8,-85.1,-80.3,  3,  5, 0.00,281,17.3
2026-02-13 00:09:51, 26.9991,67.3091, 129.6,13582,-59.8,-85.1,-80.3,  3,  5, 0.00,281,17.2
2026-02-13 00:09:53, 26.9999,67.3091, 129.4,13594,-59.7,-85.1,-80.3,  3,  5, 0.00,281,17.3
2026-02-13 00:09:55, 27.0008,67.3091, 129.1,13606,-59.7,-85.1,-80.4,  3,  5, 0.00,281,17.3
2026-02-13 00:09:57, 27.0016,67.3091, 128.9,13618,-59.7,-85.1,-80.3,  3,  5, 0.00,280,17.3
2026-02-13 00:09:59, 27.0024,67.3091, 128.7,13630,-59.6,-85.1,-80.3,  3,  5, 0.00,280,17.3
2026-02-13 00:10:01, 27.0032,67.3091, 128.4,13640,-59.6,-85.1,-80.3,  3,  5, 0.00,280,17.4
2026-02-13 00:10:03, 27.0040,67.3091, 128.2,13652,-59.6,-85.1,-80.4,  3,  5, 0.00,279,17.4
2026-02-13 00:10:05, 27.0049,67.3092, 128.0,13663,-59.6,-85.1,-80.4,  3,  5, 0.00,279,17.4
2026-02-13 00:10:07, 27.0057,67.3092, 127.7,13675,-59.6,-85.1,-80.4,  3,  5, 0.00,279,17.5
2026-02-13 00:10:09, 27.0065,67.3092, 127.5,13686,-59.6,-85.1,-80.3,  3,  5, 0.00,278,17.5
2026-02-13 00:10:11, 27.0073,67.3092, 127.3,13697,-59.6,-85.1,-80.3,  3,  5, 0.00,278,17.5
2026-02-13 00:10:13, 27.0081,67.3092, 127.0,13708,-59.6,-85.1,-80.3,  3,  5, 0.00,278,17.5
2026-02-13 00:10:15, 27.0090,67.3091, 126.8,13719,-59.6,-85.1,-80.3,  3,  5, 0.00,278,17.6
2026-02-13 00:10:17, 27.0098,67.3091, 126.6,13730,-59.6,-85.1,-80.3,  3,  5, 0.00,277,17.6
2026-02-13 00:10:19, 27.0106,67.3091, 126.4,13741,-59.6,-85.1,-80.3,  3,  5, 0.00,277,17.6
2026-02-13 00:10:21, 27.0114,67.3091, 126.2,13752,-59.6,-85.1,-80.3,  3,  5, 0.00,277,17.6
2026-02-13 00:10:23, 27.0122,67.3091, 125.9,13763,-59.7,-85.1,-80.4,  3,  5, 0.00,276,17.6
2026-02-13 00:10:25, 27.0131,67.3091, 125.7,13774,-59.8,-85.2,-80.4,  3,  5, 0.00,276,17.7
2026-02-13 00:10:27, 27.0139,67.3091, 125.5,13784,-59.9,-85.2,-80.5,  3,  5, 0.00,276,17.7
2026-02-13 00:10:29, 27.0147,67.3091, 125.3,13795,-59.8,-85.1,-80.4,  3,  5, 0.00,276,17.7
2026-02-13 00:10:31, 27.0155,67.3091, 125.1,13806,-59.8,-85.1,-80.4,  3,  5, 0.00,275,17.7
2026-02-13 00:10:33, 27.0163,67.3091, 124.9,13816,-59.8,-85.1,-80.3,  3,  5, 0.00,275,17.8
2026-02-13 00:10:35, 27.0172,67.3091, 124.7,13826,-59.8,-85.1,-80.3,  3,  5, 0.00,275,17.8
2026-02-13 00:10:37, 27.0180,67.3091, 124.5,13836,-59.9,-85.1,-80.3,  3,  5, 0.00,274,17.8
2026-02-13 00:10:39, 27.0188,67.3091, 124.2,13847,-60.0,-85.1,-80.4,  3,  5, 0.00,274,17.9
2026-02-13 00:10:41, 27.0196,67.3091, 124.0,13858,-60.1,-85.2,-80.4,  3,  5, 0.00,274,17.9
2026-02-13 00:10:43, 27.0204,67.3091, 123.8,13868,-60.2,-85.2,-80.4,  3,  5, 0.00,274,17.9
2026-02-13 00:10:45, 27.0213,67.3091, 123.6,13878,-60.3,-85.2,-80.4,  3,  5, 0.00,273,18.0
2026-02-13 00:10:47, 27.0221,67.3091, 123.5,13887,-60.4,-85.2,-80.5,  3,  5, 0.00,273,18.0
2026-02-13 00:10:49, 27.0229,67.3091, 123.3,13897,-60.5,-85.3,-80.5,  3,  5, 0.00,273,18.0
2026-02-13 00:10:51, 27.0237,67.3090, 123.1,13906,-60.5,-85.3,-80.5,  3,  5, 0.00,272,18.0
2026-02-13 00:10:53, 27.0245,67.3090, 122.9,13916,-60.6,-85.3,-80.5,  3,  5, 0.00,272,18.0
2026-02-13 00:10:55, 27.0253,67.3090, 122.7,13926,-60.6,-85.3,-80.5,  3,  5, 0.00,272,18.1
2026-02-13 00:10:57, 27.0262,67.3090, 122.5,13935,-60.6,-85.3,-80.5,  3,  5, 0.00,272,18.1
2026-02-13 00:10:59, 27.0270,67.3090, 122.3,13945,-60.6,-85.3,-80.5,  3,  5, 0.00,271,18.2
2026-02-13 00:11:01, 27.0278,67.3091, 122.1,13955,-60.6,-85.3,-80.5,  3,  5, 0.00,271,18.2
2026-02-13 00:11:03, 27.0287,67.3091, 121.9,13965,-60.6,-85.2,-80.5,  3,  5, 0.00,271,18.3
2026-02-13 00:11:05, 27.0296,67.3091, 121.7,13975,-60.6,-85.3,-80.5,  3,  5, 0.00,271,18.4
2026-02-13 00:11:07, 27.0305,67.3091, 121.5,13985,-60.6,-85.3,-80.5,  3,  5, 0.00,271,18.5
2026-02-13 00:11:09, 27.0313,67.3091, 121.3,13995,-60.7,-85.3,-80.5,  3,  5, 0.00,271,18.7
2026-02-13 00:11:11, 27.0321,67.3091, 121.1,14005,-60.7,-85.3,-80.6,  3,  5, 0.00,271,18.8
2026-02-13 00:11:13, 27.0329,67.3091, 120.9,14015,-60.8,-85.4,-80.6,  3,  5, 0.00,272,18.8
2026-02-13 00:11:15, 27.0338,67.3091, 120.7,14025,-60.9,-85.4,-80.7,  3,  5, 0.00,272,19.0
2026-02-13 00:11:17, 27.0347,67.3090, 120.5,14035,-60.9,-85.5,-80.7,  3,  5, 0.00,272,19.1
2026-02-13 00:11:19, 27.0357,67.3090, 120.3,14045,-61.0,-85.6,-80.8,  3,  5, 0.00,272,19.2
2026-02-13 00:11:21, 27.0366,67.3090, 120.2,14055,-61.0,-85.6,-80.8,  3,  5, 0.00,273,19.3
2026-02-13 00:11:23, 27.0376,67.3090, 120.0,14065,-61.0,-85.6,-80.8,  3,  5, 0.00,273,19.4
2026-02-13 00:11:25, 27.0386,67.3090, 119.8,14075,-61.0,-85.6,-80.8,  3,  5, 0.00,274,19.5
2026-02-13 00:11:27, 27.0394,67.3090, 119.6,14084,-61.0,-85.6,-80.8,  3,  5, 0.00,274,19.6
2026-02-13 00:11:29, 27.0403,67.3089, 119.4,14094,-60.9,-85.5,-80.8,  3,  5, 0.00,275,19.6
2026-02-13 00:11:31, 27.0411,67.3089, 119.2,14104,-60.9,-85.5,-80.7,  3,  5, 0.00,275,19.7
2026-02-13 00:11:33, 27.0420,67.3089, 119.0,14113,-60.9,-85.5,-80.8,  3,  5, 0.00,275,19.8
2026-02-13 00:11:35, 27.0429,67.3089, 118.9,14123,-61.0,-85.6,-80.8,  3,  5, 0.00,276,19.9
2026-02-13 00:11:37, 27.0439,67.3088, 118.7,14133,-61.1,-85.6,-80.9,  3,  5, 0.00,276,19.9
2026-02-13 00:11:39, 27.0449,67.3088, 118.5,14143,-61.1,-85.6,-80.8,  3,  5, 0.00,276,19.9
2026-02-13 00:11:41, 27.0459,67.3087, 118.3,14153,-61.0,-85.6,-80.8,  3,  5, 0.00,277,20.0
2026-02-13 00:11:43, 27.0468,67.3087, 118.1,14162,-61.0,-85.5,-80.8,  3,  5, 0.00,277,20.0
2026-02-13 00:11:45, 27.0477,67.3086, 117.9,14172,-61.0,-85.5,-80.8,  3,  5, 0.00,277,20.0
2026-02-13 00:11:47, 27.0487,67.3085, 117.7,14182,-61.0,-85.5,-80.8,  3,  5, 0.00,277,20.0
2026-02-13 00:11:49, 27.0496,67.3085, 117.5,14192,-61.1,-85.5,-80.8,  3,  5, 0.00,277,19.9
2026-02-13 00:11:51, 27.0505,67.3084, 117.4,14202,-61.1,-85.6,-80.8,  3,  5, 0.00,278,19.9
2026-02-13 00:11:53, 27.0514,67.3083, 117.2,14212,-61.2,-85.6,-80.9,  3,  5, 0.00,278,19.8
2026-02-13 00:11:55, 27.0523,67.3083, 117.0,14221,-61.3,-85.7,-80.9,  3,  5, 0.00,278,19.8
2026-02-13 00:11:57, 27.0531,67.3082, 116.8,14231,-61.3,-85.7,-80.9,  3,  5, 0.00,278,19.7
2026-02-13 00:11:59, 27.0539,67.3082, 116.6,14240,-61.3,-85.7,-80.9,  3,  5, 0.00,277,19.6
2026-02-13 00:12:01, 27.0548,67.3081, 116.5,14249,-61.3,-85.7,-80.9,  3,  5, 0.00,277,19.5
2026-02-13 00:12:03, 27.0556,67.3081, 116.3,14259,-61.2,-85.7,-80.9,  3,  5, 0.00,277,19.4
2026-02-13 00:12:05, 27.0564,67.3080, 116.1,14269,-61.2,-85.7,-80.9,  3,  5, 0.00,277,19.3
2026-02-13 00:12:07, 27.0573,67.3080, 115.9,14279,-61.2,-85.7,-80.9,  3,  5, 0.00,277,19.3
2026-02-13 00:12:09, 27.0581,67.3079, 115.7,14288,-61.2,-85.7,-80.9,  3,  5, 0.00,277,19.2
2026-02-13 00:12:11, 27.0590,67.3079, 115.5,14298,-61.2,-85.7,-80.9,  3,  5, 0.00,277,19.1
2026-02-13 00:12:13, 27.0599,67.3078, 115.4,14308,-61.2,-85.7,-80.9,  3,  5, 0.00,277,19.1
2026-02-13 00:12:15, 27.0607,67.3077, 115.2,14317,-61.2,-85.7,-80.9,  3,  5, 0.00,277,19.0
2026-02-13 00:12:17, 27.0616,67.3077, 115.0,14326,-61.2,-85.7,-80.9,  3,  5, 0.00,277,18.9
2026-02-13 00:12:19, 27.0625,67.3076, 114.9,14335,-61.3,-85.7,-81.0,  3,  5, 0.00,277,18.9
2026-02-13 00:12:21, 27.0633,67.3076, 114.7,14345,-61.3,-85.8,-81.0,  3,  5, 0.00,277,18.8
2026-02-13 00:12:23, 27.0642,67.3075, 114.5,14354,-61.4,-85.8,-81.1,  3,  5, 0.00,277,18.7
2026-02-13 00:12:25, 27.0650,67.3075, 114.3,14364,-61.5,-85.9,-81.1,  3,  5, 0.00,277,18.7
2026-02-13 00:12:27, 27.0659,67.3074, 114.2,14374,-61.6,-85.9,-81.2,  3,  5, 0.00,277,18.6
2026-02-13 00:12:29, 27.0668,67.3073, 114.0,14383,-61.6,-86.0,-81.2,  3,  5, 0.00,277,18.5
2026-02-13 00:12:31, 27.0676,67.3073, 113.8,14393,-61.6,-86.0,-81.3,  3,  5, 0.00,277,18.5
2026-02-13 00:12:33, 27.0685,67.3072, 113.6,14402,-61.7,-86.0,-81.3,  3,  5, 0.00,277,18.4
2026-02-13 00:12:35, 27.0693,67.3072, 113.5,14412,-61.6,-86.0,-81.2,  3,  5, 0.00,277,18.3
2026-02-13 00:12:37, 27.0702,67.3071, 113.3,14422,-61.6,-86.0,-81.2,  3,  5, 0.00,277,18.2
2026-02-13 00:12:39, 27.0711,67.3071, 113.1,14431,-61.6,-86.0,-81.2,  3,  5, 0.00,277,18.2
2026-02-13 00:12:41, 27.0719,67.3070, 112.9,14441,-61.5,-86.0,-81.2,  3,  5, 0.00,277,18.1
2026-02-13 00:12:43, 27.0728,67.3070, 112.7,14451,-61.5,-86.0,-81.2,  3,  5, 0.00,277,18.0
2026-02-13 00:12:45, 27.0737,67.3069, 112.6,14461,-61.4,-86.0,-81.2,  3,  5, 0.00,277,18.0
2026-02-13 00:12:47, 27.0745,67.3068, 112.4,14471,-61.5,-86.0,-81.2,  3,  5, 0.00,277,17.9
2026-02-13 00:12:49, 27.0753,67.3068, 112.2,14481,-61.5,-86.0,-81.3,  3,  5, 0.00,277,17.9
2026-02-13 00:12:51, 27.0761,67.3068, 112.0,14490,-61.5,-86.0,-81.3,  3,  5, 0.00,277,17.8
2026-02-13 00:12:53, 27.0770,67.3067, 111.8,14500,-61.5,-86.0,-81.3,  3,  5, 0.00,277,17.8
2026-02-13 00:12:55, 27.0778,67.3067, 111.7,14510,-61.5,-86.0,-81.2,  3,  5, 0.00,277,17.7
2026-02-13 00:12:57, 27.0786,67.3067, 111.5,14520,-61.5,-86.0,-81.2,  3,  5, 0.00,277,17.7
2026-02-13 00:12:59,        ,       , 111.3,14530,-61.5,-86.0,-81.2,  3,  5, 0.00,   ,    
2026-02-13 00:13:01,        ,       , 111.1,14539,-61.5,-86.0,-81.2,  3,  5, 0.00,   ,    
2026-02-13 00:13:03,        ,       , 111.0,14549,-61.6,-86.0,-81.2,  3,  5, 0.00,   ,    
2026-02-13 00:13:05,        ,       , 110.8,14559,-61.7,-86.0,-81.3,  3,  5, 0.00,   ,    
2026-02-13 00:13:07,        ,       , 110.6,14569,-61.8,-86.1,-81.3,  3,  5, 0.00,   ,    
2026-02-13 00:13:09,        ,       , 110.4,14579,-61.9,-86.1,-81.3,  3,  5, 0.00,   ,    
2026-02-13 00:13:11,        ,       , 110.2,14589,-62.0,-86.1,-81.4,  3,  5, 0.00,   ,    
2026-02-13 00:13:13,        ,       , 110.1,14599,-62.1,-86.2,-81.4,  3,  5, 0.00,   ,    
2026-02-13 00:13:15,        ,       , 109.9,14608,-62.2,-86.2,-81.4,  3,  5, 0.00,   ,    
2026-02-13 00:13:17,        ,       , 109.7,14618,-62.2,-86.1,-81.4,  3,  5, 0.00,   ,    
2026-02-13 00:13:19,        ,       , 109.6,14627,-62.3,-86.2,-81.4,  3,  5, 0.00,   ,    
2026-02-13 00:13:21,        ,       , 109.4,14637,-62.3,-86.2,-81.4,  3,  5, 0.00,   ,    
2026-02-13 00:13:23,        ,       , 109.2,14646,-62.3,-86.1,-81.4,  3,  5, 0.00,   ,    
2026-02-13 00:13:25,        ,       , 109.0,14656,-62.4,-86.2,-81.4,  3,  6, 0.00,   ,    
2026-02-13 00:13:27,        ,       , 108.9,14666,-62.4,-86.2,-81.4,  3,  6, 0.00,   ,    
2026-02-13 00:13:29,        ,       , 108.7,14675,-62.5,-86.2,-81.5,  3,  6, 0.00,   ,    
2026-02-13 00:13:31,        ,       , 108.5,14685,-62.6,-86.2,-81.5,  3,  6, 0.00,   ,    
2026-02-13 00:13:33,        ,       , 108.4,14694,-62.5,-86.2,-81.4,  3,  6, 0.00,   ,    
2026-02-13 00:13:35,        ,       , 108.2,14704,-62.6,-86.2,-81.4,  3,  6, 0.00,   ,    
2026-02-13 00:13:37,        ,       , 108.0,14714,-62.6,-86.2,-81.4,  3,  6, 0.00,   ,    
2026-02-13 00:13:39,        ,       , 107.9,14723,-62.6,-86.2,-81.4,  3,  6, 0.00,   ,    
2026-02-13 00:13:41,        ,       , 107.7,14733,-62.6,-86.2,-81.4,  3,  6, 0.00,   ,    
2026-02-13 00:13:43,        ,       , 107.5,14743,-62.7,-86.2,-81.5,  3,  6, 0.00,   ,    
2026-02-13 00:13:45,        ,       , 107.4,14752,-62.8,-86.3,-81.5,  3,  6, 0.00,   ,    
2026-02-13 00:13:47,        ,       , 107.2,14762,-62.9,-86.3,-81.5,  3,  6, 0.00,   ,    
2026-02-13 00:13:49,        ,       , 107.0,14772,-63.0,-86.4,-81.6,  3,  6, 0.00,   ,    
2026-02-13 00:13:51,        ,       , 106.8,14782,-63.1,-86.4,-81.7,  3,  6, 0.00,   ,    
2026-02-13 00:13:53,        ,       , 106.7,14792,-63.1,-86.5,-81.7,  3,  6, 0.00,   ,    
2026-02-13 00:13:55,        ,       , 106.5,14801,-63.0,-86.4,-81.7,  3,  6, 0.00,   ,    
2026-02-13 00:13:57,        ,       , 106.3,14811,-63.0,-86.5,-81.7,  3,  6, 0.00,   ,    
2026-02-13 00:13:59,        ,       , 106.2,14821,-63.0,-86.5,-81.7,  3,  6, 0.00,   ,    
2026-02-13 00:14:01,        ,       , 106.0,14830,-62.9,-86.4,-81.6,  3,  6, 0.00,   ,    
2026-02-13 00:14:03,        ,       , 105.9,14840,-62.7,-86.3,-81.5,  3,  6, 0.00,   ,    
2026-02-13 00:14:05,        ,       , 105.7,14849,-62.7,-86.3,-81.5,  3,  6, 0.00,   ,    
2026-02-13 00:14:07,        ,       , 105.5,14859,-62.7,-86.3,-81.6,  3,  6, 0.00,   ,    
2026-02-13 00:14:09,        ,       , 105.3,14869,-62.7,-86.3,-81.6,  3,  6, 0.00,   ,    
2026-02-13 00:14:11,        ,       , 105.2,14879,-62.7,-86.4,-81.6,  3,  6, 0.00,   ,    
2026-02-13 00:14:13,        ,       , 105.0,14889,-62.7,-86.4,-81.7,  3,  6, 0.00,   ,    
2026-02-13 00:14:15,        ,       , 104.8,14898,-62.7,-86.5,-81.7,  3,  5, 0.00,   ,    
2026-02-13 00:14:17,        ,       , 104.7,14908,-62.6,-86.5,-81.7,  3,  5, 0.00,   ,    
2026-02-13 00:14:19,        ,       , 104.5,14918,-62.5,-86.4,-81.6,  3,  5, 0.00,   ,    
2026-02-13 00:14:21,        ,       , 104.3,14928,-62.4,-86.3,-81.5,  3,  5, 0.00,   ,    
2026-02-13 00:14:23,        ,       , 104.2,14938,-62.2,-86.2,-81.5,  3,  5, 0.00,   ,    
2026-02-13 00:14:25,        ,       , 104.0,14948,-62.2,-86.2,-81.4,  3,  5, 0.00,   ,    
2026-02-13 00:14:27,        ,       , 103.8,14958,-62.2,-86.2,-81.4,  3,  5, 0.00,   ,    
2026-02-13 00:14:29,        ,       , 103.7,14968,-62.2,-86.2,-81.4,  3,  5, 0.00,   ,    
2026-02-13 00:14:31,        ,       , 103.5,14978,-62.3,-86.2,-81.5,  3,  5, 0.00,   ,    
2026-02-13 00:14:33,        ,       , 103.3,14989,-62.4,-86.2,-81.5,  3,  5, 0.00,   ,    
2026-02-13 00:14:35,        ,       , 103.2,14999,-62.5,-86.3,-81.5,  3,  5, 0.00,   ,    
2026-02-13 00:14:37,        ,       , 103.0,15009,-62.6,-86.3,-81.5,  3,  6, 0.00,   ,    
2026-02-13 00:14:39,        ,       , 102.8,15018,-62.6,-86.3,-81.6,  3,  6, 0.00,   ,    
2026-02-13 00:14:41,        ,       , 102.7,15028,-62.7,-86.3,-81.6,  3,  6, 0.00,   ,    
2026-02-13 00:14:43,        ,       , 102.5,15038,-62.7,-86.3,-81.6,  3,  6, 0.00,   ,    
2026-02-13 00:14:45,        ,       , 102.3,15047,-62.8,-86.4,-81.6,  3,  6, 0.00,   ,    
2026-02-13 00:14:47,        ,       , 102.2,15057,-62.9,-86.4,-81.6,  3,  6, 0.00,   ,    
2026-02-13 00:14:49,        ,       , 102.0,15066,-62.9,-86.4,-81.7,  3,  6, 0.00,   ,    
2026-02-13 00:14:51,        ,       , 101.9,15076,-62.9,-86.4,-81.7,  3,  6, 0.00,   ,    
2026-02-13 00:14:53,        ,       , 101.7,15086,-62.9,-86.4,-81.6,  3,  6, 0.00,   ,    
2026-02-13 00:14:55,        ,       , 101.6,15095,-62.8,-86.3,-81.6,  3,  6, 0.00,   ,    
2026-02-13 00:14:57,        ,       , 101.4,15105,-62.8,-86.3,-81.6,  3,  6, 0.00,   ,    
2026-02-13 00:14:59,        ,       , 101.2,15114,-62.7,-86.3,-81.5,  3,  6, 0.00,   ,    
2026-02-13 00:15:01,        ,       , 101.1,15124,-62.8,-86.3,-81.6,  3,  6, 0.00,   ,    
2026-02-13 00:15:03,        ,       , 100.9,15133,-62.8,-86.4,-81.6,  3,  6, 0.00,   ,    
2026-02-13 00:15:05,        ,       , 100.8,15143,-62.8,-86.4,-81.7,  3,  6, 0.00,   ,    
2026-02-13 00:15:07,        ,       , 100.6,15153,-62.8,-86.5,-81.7,  3,  6, 0.00,   ,    
2026-02-13 00:15:09,        ,       , 100.5,15163,-62.9,-86.5,-81.8,  3,  6, 0.00,   ,    
2026-02-13 00:15:11,        ,       , 100.3,15172,-62.9,-86.6,-81.8,  3,  6, 0.00,   ,    
2026-02-13 00:15:13,        ,       , 100.1,15182,-62.9,-86.6,-81.8,  3,  6, 0.00,   ,    
2026-02-13 00:15:15,        ,       , 100.0,15190,-62.9,-86.6,-81.8,  3,  6, 0.00,   ,    
2026-02-13 00:15:15,        ,       , 100.0,15191,-62.9,-86.6,-81.8,  3,  6, 0.00,   ,    
2026-02-13 00:15:17,        ,       ,  99.8,15201,-62.9,-86.6,-81.8,  3,  5, 0.00,   ,    
2026-02-13 00:15:19,        ,       ,  99.7,15210,-62.8,-86.6,-81.8,  3,  5, 0.00,   ,    
2026-02-13 00:15:21,        ,       ,  99.5,15220,-62.7,-86.6,-81.8,  3,  5, 0.00,   ,    
2026-02-13 00:15:23,        ,       ,  99.4,15229,-62.6,-86.5,-81.8,  3,  5, 0.00,   ,    
2026-02-13 00:15:25,        ,       ,  99.2,15238,-62.5,-86.4,-81.7,  3,  5, 0.00,   ,    
2026-02-13 00:15:27,        ,       ,  99.1,15247,-62.5,-86.4,-81.7,  3,  5, 0.00,   ,    
2026-02-13 00:15:29,        ,       ,  98.9,15257,-62.4,-86.4,-81.6,  3,  5, 0.00,   ,    
2026-02-13 00:15:31,        ,       ,  98.8,15267,-62.3,-86.4,-81.6,  3,  5, 0.00,   ,    
2026-02-13 00:15:33,        ,       ,  98.6,15276,-62.3,-86.3,-81.6,  3,  5, 0.00,   ,    
2026-02-13 00:15:35,        ,       ,  98.5,15286,-62.2,-86.3,-81.5,  3,  5, 0.00,   ,    
2026-02-13 00:15:37,        ,       ,  98.3,15296,-62.2,-86.3,-81.5,  3,  5, 0.00,   ,    
2026-02-13 00:15:39,        ,       ,  98.2,15305,-62.3,-86.3,-81.6,  3,  5, 0.00,   ,    
2026-02-13 00:15:41,        ,       ,  98.0,15315,-62.4,-86.4,-81.6,  3,  5, 0.00,   ,    
2026-02-13 00:15:43,        ,       ,  97.8,15325,-62.5,-86.4,-81.7,  3,  5, 0.00,   ,    
2026-02-13 00:15:45,        ,       ,  97.7,15335,-62.5,-86.4,-81.7,  3,  5, 0.00,   ,    
2026-02-13 00:15:47,        ,       ,  97.5,15344,-62.6,-86.5,-81.7,  3,  5, 0.00,   ,    
2026-02-13 00:15:49,        ,       ,  97.4,15354,-62.7,-86.5,-81.7,  3,  5, 0.00,   ,    
2026-02-13 00:15:51,        ,       ,  97.2,15364,-62.8,-86.5,-81.8,  3,  5, 0.00,   ,    
2026-02-13 00:15:53,        ,       ,  97.1,15374,-62.9,-86.6,-81.8,  3,  6, 0.00,   ,    
2026-02-13 00:15:55,        ,       ,  96.9,15384,-62.9,-86.6,-81.9,  3,  6, 0.00,   ,    
2026-02-13 00:15:57,        ,       ,  96.8,15394,-63.0,-86.7,-81.9,  3,  6, 0.00,   ,    
2026-02-13 00:15:59,        ,       ,  96.6,15404,-63.1,-86.7,-81.9,  3,  6, 0.00,   ,    
2026-02-13 00:16:01,        ,       ,  96.4,15414,-63.1,-86.7,-81.9,  3,  6, 0.00,   ,    
2026-02-13 00:16:03,        ,       ,  96.3,15424,-63.1,-86.7,-81.9,  3,  6, 0.00,   ,    
2026-02-13 00:16:05,        ,       ,  96.1,15434,-63.2,-86.7,-82.0,  3,  6, 0.00,   ,    
2026-02-13 00:16:07,        ,       ,  96.0,15444,-63.2,-86.8,-82.1,  3,  6, 0.00,   ,    
2026-02-13 00:16:09,        ,       ,  95.8,15454,-63.2,-86.8,-82.1,  3,  6, 0.00,   ,    
2026-02-13 00:16:11,        ,       ,  95.7,15463,-63.2,-86.8,-82.0,  3,  6, 0.00,   ,    
2026-02-13 00:16:13,        ,       ,  95.5,15473,-63.1,-86.8,-82.0,  3,  6, 0.00,   ,    
2026-02-13 00:16:15,        ,       ,  95.4,15482,-63.2,-86.8,-82.1,  3,  6, 0.00,   ,    
2026-02-13 00:16:17,        ,       ,  95.2,15492,-63.3,-86.9,-82.2,  3,  5, 0.00,   ,    
2026-02-13 00:16:19,        ,       ,  95.1,15502,-63.3,-87.0,-82.2,  3,  5, 0.00,   ,    
2026-02-13 00:16:21,        ,       ,  94.9,15512,-63.3,-87.0,-82.3,  3,  5, 0.00,   ,    
2026-02-13 00:16:23,        ,       ,  94.8,15522,-63.2,-87.0,-82.2,  3,  5, 0.00,   ,    
2026-02-13 00:16:25,        ,       ,  94.6,15531,-63.2,-87.0,-82.2,  3,  5, 0.00,   ,    
2026-02-13 00:16:27,        ,       ,  94.5,15541,-63.2,-87.0,-82.2,  3,  5, 0.00,   ,    
2026-02-13 00:16:29,        ,       ,  94.3,15552,-63.1,-86.9,-82.2,  3,  5, 0.00,   ,    
2026-02-13 00:16:31,        ,       ,  94.2,15562,-62.8,-86.8,-82.0,  3,  5, 0.00,   ,    
2026-02-13 00:16:33,        ,       ,  94.0,15571,-62.6,-86.6,-81.8,  3,  5, 0.00,   ,    
2026-02-13 00:16:35,        ,       ,  93.8,15581,-62.6,-86.6,-81.8,  3,  5, 0.00,   ,    
2026-02-13 00:16:37,        ,       ,  93.7,15591,-62.7,-86.6,-81.9,  3,  5, 0.00,   ,    
2026-02-13 00:16:39,        ,       ,  93.5,15601,-62.8,-86.7,-81.9,  3,  5, 0.00,   ,    
2026-02-13 00:16:41,        ,       ,  93.4,15611,-62.8,-86.7,-82.0,  3,  5, 0.00,   ,    
2026-02-13 00:16:43,        ,       ,  93.2,15621,-62.9,-86.8,-82.0,  3,  5, 0.00,   ,    
2026-02-13 00:16:45,        ,       ,  93.1,15631,-63.0,-86.8,-82.0,  3,  5, 0.00,   ,    
2026-02-13 00:16:47,        ,       ,  92.9,15641,-63.1,-86.8,-82.1,  3,  5, 0.00,   ,    
2026-02-13 00:16:49,        ,       ,  92.8,15651,-63.2,-86.8,-82.1,  3,  6, 0.00,   ,    
2026-02-13 00:16:51,        ,       ,  92.6,15661,-63.2,-86.8,-82.1,  3,  6, 0.00,   ,    
2026-02-13 00:16:53,        ,       ,  92.5,15671,-63.3,-86.9,-82.1,  3,  6, 0.00,   ,    
2026-02-13 00:16:55,        ,       ,  92.3,15680,-63.4,-86.9,-82.2,  3,  6, 0.00,   ,    
2026-02-13 00:16:57,        ,       ,  92.2,15690,-63.5,-87.0,-82.2,  3,  6, 0.00,   ,    
2026-02-13 00:16:59,        ,       ,  92.1,15700,-63.6,-87.0,-82.2,  3,  6, 0.00,   ,    
2026-02-13 00:17:01,        ,       ,  91.9,15709,-63.7,-87.0,-82.3,  3,  6, 0.00,   ,    
2026-02-13 00:17:03,        ,       ,  91.8,15719,-63.7,-87.1,-82.3,  3,  6, 0.00,   ,    
2026-02-13 00:17:05,        ,       ,  91.6,15729,-63.6,-87.0,-82.2,  3,  6, 0.00,   ,    
2026-02-13 00:17:07,        ,       ,  91.5,15738,-63.6,-86.9,-82.1,  3,  6, 0.00,   ,    
2026-02-13 00:17:09,        ,       ,  91.3,15748,-63.6,-86.9,-82.1,  3,  6, 0.00,   ,    
2026-02-13 00:17:11,        ,       ,  91.2,15758,-63.6,-86.9,-82.2,  3,  6, 0.00,   ,    
2026-02-13 00:17:13,        ,       ,  91.0,15768,-63.6,-87.0,-82.2,  3,  6, 0.00,   ,    
2026-02-13 00:17:15,        ,       ,  90.9,15779,-63.6,-86.9,-82.1,  3,  6, 0.00,   ,    
2026-02-13 00:17:17,        ,       ,  90.7,15788,-63.6,-86.9,-82.1,  3,  6, 0.00,   ,    
2026-02-13 00:17:19,        ,       ,  90.6,15798,-63.6,-86.9,-82.1,  3,  6, 0.00,   ,    
2026-02-13 00:17:21,        ,       ,  90.4,15808,-63.6,-86.9,-82.1,  3,  6, 0.00,   ,    
2026-02-13 00:17:23,        ,       ,  90.3,15818,-63.7,-86.9,-82.2,  3,  6, 0.00,   ,    
2026-02-13 00:17:25,        ,       ,  90.1,15828,-63.8,-87.0,-82.2,  3,  6, 0.00,   ,    
2026-02-13 00:17:27,        ,       ,  90.0,15838,-63.8,-87.0,-82.3,  3,  6, 0.00,   ,    
2026-02-13 00:17:29,        ,       ,  89.8,15848,-63.8,-87.0,-82.3,  3,  6, 0.00,   ,    
2026-02-13 00:17:31,        ,       ,  89.7,15858,-63.9,-87.1,-82.3,  3,  6, 0.00,   ,    
2026-02-13 00:17:33,        ,       ,  89.6,15868,-63.9,-87.1,-82.3,  3,  6, 0.00,   ,    
2026-02-13 00:17:35,        ,       ,  89.4,15878,-63.9,-87.1,-82.3,  3,  6, 0.00,   ,    
2026-02-13 00:17:37,        ,       ,  89.3,15888,-64.0,-87.1,-82.4,  3,  6, 0.00,   ,    
2026-02-13 00:17:39,        ,       ,  89.1,15898,-64.0,-87.1,-82.4,  3,  6, 0.00,   ,    
2026-02-13 00:17:41,        ,       ,  89.0,15909,-64.0,-87.1,-82.4,  3,  6, 0.00,   ,    
2026-02-13 00:17:43,        ,       ,  88.8,15919,-64.0,-87.1,-82.4,  3,  6, 0.00,   ,    
2026-02-13 00:17:45,        ,       ,  88.7,15930,-63.9,-87.1,-82.3,  3,  6, 0.00,   ,    
2026-02-13 00:17:47,        ,       ,  88.5,15940,-63.9,-87.0,-82.3,  3,  6, 0.00,   ,    
2026-02-13 00:17:49,        ,       ,  88.4,15950,-63.8,-87.0,-82.2,  3,  6, 0.00,   ,    
2026-02-13 00:17:51,        ,       ,  88.2,15960,-63.8,-87.0,-82.2,  3,  6, 0.00,   ,    
2026-02-13 00:17:53,        ,       ,  88.1,15971,-63.8,-87.0,-82.2,  3,  6, 0.00,   ,    
2026-02-13 00:17:55,        ,       ,  87.9,15981,-63.8,-87.0,-82.3,  3,  6, 0.00,   ,    
2026-02-13 00:17:57,        ,       ,  87.8,15992,-63.9,-87.1,-82.3,  3,  6, 0.00,   ,    
2026-02-13 00:17:59,        ,       ,  87.6,16002,-63.9,-87.1,-82.4,  3,  6, 0.00,   ,    
2026-02-13 00:18:01,        ,       ,  87.5,16012,-64.0,-87.1,-82.4,  3,  6, 0.00,   ,    
2026-02-13 00:18:03,        ,       ,  87.3,16022,-64.0,-87.2,-82.4,  3,  6, 0.00,   ,    
2026-02-13 00:18:05,        ,       ,  87.2,16031,-64.1,-87.3,-82.5,  3,  6, 0.00,   ,    
2026-02-13 00:18:07,        ,       ,  87.1,16041,-64.1,-87.3,-82.5,  3,  6, 0.00,   ,    
2026-02-13 00:18:09,        ,       ,  86.9,16051,-64.0,-87.2,-82.5,  3,  6, 0.00,   ,    
2026-02-13 00:18:11,        ,       ,  86.8,16062,-63.9,-87.1,-82.4,  3,  6, 0.00,   ,    
2026-02-13 00:18:13,        ,       ,  86.6,16072,-63.8,-87.1,-82.3,  3,  6, 0.00,   ,    
2026-02-13 00:18:15,        ,       ,  86.5,16083,-63.7,-87.0,-82.3,  3,  6, 0.00,   ,    
2026-02-13 00:18:17,        ,       ,  86.3,16094,-63.7,-87.0,-82.3,  3,  6, 0.00,   ,    
2026-02-13 00:18:19,        ,       ,  86.2,16105,-63.7,-87.0,-82.3,  3,  6, 0.00,   ,    
2026-02-13 00:18:21,        ,       ,  86.0,16115,-63.7,-87.1,-82.3,  3,  6, 0.00,   ,    
2026-02-13 00:18:23,        ,       ,  85.9,16126,-63.7,-87.1,-82.3,  3,  6, 0.00,   ,    
2026-02-13 00:18:25,        ,       ,  85.7,16136,-63.8,-87.1,-82.4,  3,  6, 0.00,   ,    
2026-02-13 00:18:27,        ,       ,  85.6,16147,-63.8,-87.1,-82.4,  3,  6, 0.00,   ,    
2026-02-13 00:18:29,        ,       ,  85.4,16158,-63.8,-87.1,-82.4,  3,  6, 0.00,   ,    
2026-02-13 00:18:31,        ,       ,  85.3,16168,-63.9,-87.2,-82.4,  3,  6, 0.00,   ,    
2026-02-13 00:18:33,        ,       ,  85.1,16179,-63.9,-87.2,-82.5,  3,  6, 0.00,   ,    
2026-02-13 00:18:35,        ,       ,  85.0,16189,-64.0,-87.3,-82.5,  3,  6, 0.00,   ,    
2026-02-13 00:18:37,        ,       ,  84.8,16200,-64.1,-87.3,-82.5,  3,  6, 0.00,   ,    
2026-02-13 00:18:39,        ,       ,  84.7,16210,-64.1,-87.3,-82.6,  3,  6, 0.00,   ,    
2026-02-13 00:18:41,        ,       ,  84.6,16220,-64.2,-87.3,-82.6,  3,  6, 0.00,   ,    
2026-02-13 00:18:43,        ,       ,  84.4,16230,-64.2,-87.4,-82.6,  3,  6, 0.00,   ,    
2026-02-13 00:18:45,        ,       ,  84.3,16241,-64.3,-87.5,-82.7,  3,  6, 0.00,   ,    
2026-02-13 00:18:47,        ,       ,  84.1,16252,-64.3,-87.5,-82.7,  3,  6, 0.00,   ,    
2026-02-13 00:18:49,        ,       ,  84.0,16262,-64.3,-87.5,-82.7,  3,  6, 0.00,   ,    
2026-02-13 00:18:51,        ,       ,  83.8,16273,-64.3,-87.5,-82.7,  3,  6, 0.00,   ,    
2026-02-13 00:18:53,        ,       ,  83.7,16283,-64.2,-87.4,-82.7,  3,  6, 0.00,   ,    
2026-02-13 00:18:55,        ,       ,  83.5,16294,-64.3,-87.4,-82.7,  3,  6, 0.00,   ,    
2026-02-13 00:18:57,        ,       ,  83.4,16304,-64.3,-87.4,-82.7,  3,  6, 0.00,   ,    
2026-02-13 00:18:59,        ,       ,  83.3,16314,-64.3,-87.4,-82.7,  3,  6, 0.00,   ,    
2026-02-13 00:19:01,        ,       ,  83.1,16325,-64.3,-87.4,-82.7,  3,  6, 0.00,   ,    
2026-02-13 00:19:03,        ,       ,  83.0,16336,-64.3,-87.4,-82.7,  3,  6, 0.00,   ,    
2026-02-13 00:19:05,        ,       ,  82.8,16346,-64.4,-87.4,-82.7,  3,  6, 0.00,   ,    
2026-02-13 00:19:07,        ,       ,  82.7,16357,-64.5,-87.5,-82.7,  3,  6, 0.00,   ,    
2026-02-13 00:19:09,        ,       ,  82.5,16368,-64.5,-87.5,-82.8,  3,  6, 0.00,   ,    
2026-02-13 00:19:11,        ,       ,  82.4,16378,-64.6,-87.5,-82.8,  3,  6, 0.00,   ,    
2026-02-13 00:19:13,        ,       ,  82.3,16389,-64.6,-87.5,-82.8,  3,  6, 0.00,   ,    
2026-02-13 00:19:15,        ,       ,  82.1,16400,-64.7,-87.5,-82.8,  3,  6, 0.00,   ,    
2026-02-13 00:19:17,        ,       ,  82.0,16411,-64.7,-87.5,-82.8,  3,  6, 0.00,   ,    
2026-02-13 00:19:19,        ,       ,  81.8,16422,-64.8,-87.5,-82.8,  3,  6, 0.00,   ,    
2026-02-13 00:19:21,        ,       ,  81.7,16434,-64.8,-87.5,-82.8,  3,  6, 0.00,   ,    
2026-02-13 00:19:23,        ,       ,  81.5,16445,-64.9,-87.5,-82.8,  3,  6, 0.00,   ,    
2026-02-13 00:19:25,        ,       ,  81.4,16456,-64.9,-87.5,-82.8,  3,  6, 0.00,   ,    
2026-02-13 00:19:27,        ,       ,  81.2,16466,-65.0,-87.6,-82.8,  3,  6, 0.00,   ,    
2026-02-13 00:19:29,        ,       ,  81.1,16477,-65.1,-87.6,-82.9,  3,  6, 0.00,   ,    
2026-02-13 00:19:31,        ,       ,  80.9,16488,-65.2,-87.7,-82.9,  3,  6, 0.00,   ,    
2026-02-13 00:19:33,        ,       ,  80.8,16498,-65.3,-87.7,-83.0,  3,  6, 0.00,   ,    
2026-02-13 00:19:35,        ,       ,  80.7,16509,-65.4,-87.8,-83.0,  3,  6, 0.00,   ,    
2026-02-13 00:19:37,        ,       ,  80.5,16520,-65.5,-87.8,-83.1,  3,  6, 0.00,   ,    
2026-02-13 00:19:39,        ,       ,  80.4,16530,-65.6,-87.9,-83.1,  3,  6, 0.00,   ,    
2026-02-13 00:19:41,        ,       ,  80.2,16541,-65.6,-87.8,-83.1,  3,  7, 0.00,   ,    
2026-02-13 00:19:43,        ,       ,  80.1,16551,-65.5,-87.8,-83.1,  3,  7, 0.00,   ,    
2026-02-13 00:19:45,        ,       ,  80.0,16560,-65.6,-87.8,-83.1,  3,  7, 0.00,   ,    
2026-02-13 00:19:47,        ,       ,  79.8,16570,-65.6,-87.9,-83.1,  3,  7, 0.00,   ,    
2026-02-13 00:19:49,        ,       ,  79.7,16580,-65.7,-87.9,-83.2,  3,  7, 0.00,   ,    
2026-02-13 00:19:51,        ,       ,  79.6,16590,-65.7,-87.9,-83.2,  3,  7, 0.00,   ,    
2026-02-13 00:19:53,        ,       ,  79.5,16600,-65.7,-88.0,-83.2,  3,  7, 0.00,   ,    
2026-02-13 00:19:55,        ,       ,  79.3,16609,-65.7,-88.0,-83.2,  3,  6, 0.00,   ,    
2026-02-13 00:19:57,        ,       ,  79.2,16619,-65.7,-88.0,-83.2,  3,  6, 0.00,   ,    
2026-02-13 00:19:59,        ,       ,  79.1,16628,-65.7,-88.0,-83.2,  3,  6, 0.00,   ,    
2026-02-13 00:20:01,        ,       ,  79.0,16637,-65.6,-87.9,-83.2,  3,  6, 0.00,   ,    
2026-02-13 00:20:03,        ,       ,  78.8,16647,-65.6,-87.9,-83.2,  3,  6, 0.00,   ,    
2026-02-13 00:20:05,        ,       ,  78.7,16656,-65.6,-87.9,-83.2,  3,  6, 0.00,   ,    
2026-02-13 00:20:07,        ,       ,  78.6,16666,-65.7,-88.0,-83.2,  3,  6, 0.00,   ,    
2026-02-13 00:20:09,        ,       ,  78.5,16676,-65.7,-88.0,-83.3,  3,  6, 0.00,   ,    
2026-02-13 00:20:11,        ,       ,  78.3,16686,-65.7,-88.0,-83.3,  3,  6, 0.00,   ,    
2026-02-13 00:20:13,        ,       ,  78.2,16696,-65.7,-88.0,-83.2,  3,  6, 0.00,   ,    
2026-02-13 00:20:15,        ,       ,  78.1,16705,-65.7,-88.0,-83.2,  3,  6, 0.00,   ,    
2026-02-13 00:20:17,        ,       ,  78.0,16714,-65.7,-88.0,-83.2,  3,  6, 0.00,   ,    
2026-02-13 00:20:19,        ,       ,  77.8,16723,-65.7,-88.0,-83.3,  3,  6, 0.00,   ,    
2026-02-13 00:20:21,        ,       ,  77.7,16733,-65.8,-88.0,-83.3,  3,  6, 0.00,   ,    
2026-02-13 00:20:23,        ,       ,  77.6,16743,-65.8,-88.1,-83.3,  3,  6, 0.00,   ,    
2026-02-13 00:20:25,        ,       ,  77.5,16753,-65.8,-88.1,-83.3,  3,  6, 0.00,   ,    
2026-02-13 00:20:27,        ,       ,  77.3,16763,-65.8,-88.0,-83.3,  3,  6, 0.00,   ,    
2026-02-13 00:20:29,        ,       ,  77.2,16773,-65.8,-88.0,-83.3,  3,  6, 0.00,   ,    
2026-02-13 00:20:31,        ,       ,  77.1,16784,-65.8,-88.0,-83.3,  3,  7, 0.00,   ,    
2026-02-13 00:20:33,        ,       ,  77.0,16794,-65.8,-88.0,-83.3,  3,  7, 0.00,   ,    
2026-02-13 00:20:35,        ,       ,  76.8,16804,-65.9,-88.1,-83.3,  3,  7, 0.00,   ,    
2026-02-13 00:20:37,        ,       ,  76.7,16814,-65.9,-88.1,-83.3,  3,  7, 0.00,   ,    
2026-02-13 00:20:39,        ,       ,  76.6,16824,-66.0,-88.1,-83.4,  3,  7, 0.00,   ,    
2026-02-13 00:20:41,        ,       ,  76.4,16834,-65.9,-88.1,-83.3,  3,  7, 0.00,   ,    
2026-02-13 00:20:43,        ,       ,  76.3,16845,-65.9,-88.0,-83.3,  3,  7, 0.00,   ,    
2026-02-13 00:20:45,        ,       ,  76.2,16856,-65.9,-88.0,-83.3,  3,  7, 0.00,   ,    
2026-02-13 00:20:47,        ,       ,  76.0,16866,-66.0,-88.1,-83.3,  4,  7, 0.00,   ,    
2026-02-13 00:20:49,        ,       ,  75.9,16877,-66.0,-88.1,-83.3,  4,  7, 0.00,   ,    
2026-02-13 00:20:51,        ,       ,  75.8,16887,-66.0,-88.1,-83.3,  4,  7, 0.00,   ,    
2026-02-13 00:20:53,        ,       ,  75.7,16897,-66.0,-88.0,-83.3,  4,  7, 0.00,   ,    
2026-02-13 00:20:55,        ,       ,  75.5,16908,-66.1,-88.1,-83.3,  4,  7, 0.00,   ,    
2026-02-13 00:20:57,        ,       ,  75.4,16918,-66.2,-88.1,-83.4,  4,  7, 0.00,   ,    
2026-02-13 00:20:59,        ,       ,  75.3,16928,-66.2,-88.2,-83.4,  4,  7, 0.00,   ,    
2026-02-13 00:21:01,        ,       ,  75.1,16938,-66.3,-88.3,-83.5,  4,  7, 0.00,   ,    
2026-02-13 00:21:03,        ,       ,  75.0,16948,-66.3,-88.2,-83.5,  4,  7, 0.00,   ,    
2026-02-13 00:21:05,        ,       ,  74.9,16958,-66.3,-88.2,-83.5,  4,  7, 0.00,   ,    
2026-02-13 00:21:07,        ,       ,  74.8,16968,-66.3,-88.2,-83.5,  4,  7, 0.00,   ,    
2026-02-13 00:21:09,        ,       ,  74.7,16978,-66.3,-88.2,-83.4,  4,  7, 0.00,   ,    
2026-02-13 00:21:11,        ,       ,  74.5,16988,-66.2,-88.2,-83.4,  4,  7, 0.00,   ,    
2026-02-13 00:21:13,        ,       ,  74.4,16998,-66.1,-88.1,-83.3,  4,  7, 0.00,   ,    
2026-02-13 00:21:15,        ,       ,  74.3,17008,-66.1,-88.1,-83.4,  4,  7, 0.00,   ,    
2026-02-13 00:21:17,        ,       ,  74.2,17019,-66.2,-88.1,-83.4,  4,  7, 0.00,   ,    
2026-02-13 00:21:19,        ,       ,  74.0,17029,-66.2,-88.1,-83.4,  4,  7, 0.00,   ,    
2026-02-13 00:21:21,        ,       ,  73.9,17040,-66.2,-88.1,-83.4,  4,  7, 0.00,   ,    
2026-02-13 00:21:23,        ,       ,  73.8,17050,-66.2,-88.1,-83.4,  4,  7, 0.00,   ,    
2026-02-13 00:21:25,        ,       ,  73.6,17061,-66.2,-88.2,-83.4,  4,  7, 0.00,   ,    
2026-02-13 00:21:27,        ,       ,  73.5,17071,-66.3,-88.2,-83.4,  4,  7, 0.00,   ,    
2026-02-13 00:21:29,        ,       ,  73.4,17081,-66.4,-88.2,-83.5,  4,  7, 0.00,   ,    
2026-02-13 00:21:31,        ,       ,  73.3,17092,-66.3,-88.2,-83.5,  4,  7, 0.00,   ,    
2026-02-13 00:21:33,        ,       ,  73.2,17102,-66.3,-88.2,-83.4,  4,  7, 0.00,   ,    
2026-02-13 00:21:35,        ,       ,  73.0,17111,-66.2,-88.1,-83.4,  4,  7, 0.00,   ,    
2026-02-13 00:21:37,        ,       ,  72.9,17121,-66.1,-88.0,-83.3,  4,  7, 0.00,   ,    
2026-02-13 00:21:39,        ,       ,  72.8,17131,-66.1,-88.1,-83.3,  4,  7, 0.00,   ,    
2026-02-13 00:21:41,        ,       ,  72.7,17142,-66.2,-88.1,-83.4,  4,  7, 0.00,   ,    
2026-02-13 00:21:43,        ,       ,  72.5,17152,-66.3,-88.2,-83.4,  4,  7, 0.00,   ,    
2026-02-13 00:21:45,        ,       ,  72.4,17163,-66.3,-88.2,-83.5,  4,  7, 0.00,   ,    
2026-02-13 00:21:47,        ,       ,  72.3,17173,-66.2,-88.1,-83.3,  4,  7, 0.00,   ,    
2026-02-13 00:21:49,        ,       ,  72.2,17184,-66.0,-87.9,-83.2,  4,  7, 0.00,   ,    
2026-02-13 00:21:51,        ,       ,  72.0,17194,-65.9,-87.9,-83.1,  4,  7, 0.00,   ,    
2026-02-13 00:21:53,        ,       ,  71.9,17204,-66.0,-87.9,-83.1,  4,  7, 0.00,   ,    
2026-02-13 00:21:55,        ,       ,  71.8,17214,-66.0,-87.9,-83.1,  4,  7, 0.00,   ,    
2026-02-13 00:21:57,        ,       ,  71.7,17224,-66.1,-87.9,-83.2,  4,  7, 0.00,   ,    
2026-02-13 00:21:59,        ,       ,  71.6,17234,-66.2,-88.0,-83.2,  4,  7, 0.00,   ,    
2026-02-13 00:22:01,        ,       ,  71.4,17244,-66.3,-88.0,-83.2,  4,  7, 0.00,   ,    
2026-02-13 00:22:03,        ,       ,  71.3,17255,-66.4,-88.0,-83.3,  4,  7, 0.00,   ,    
2026-02-13 00:22:05,        ,       ,  71.2,17266,-66.5,-88.1,-83.3,  4,  7, 0.00,   ,    
2026-02-13 00:22:07,        ,       ,  71.1,17276,-66.6,-88.1,-83.3,  4,  7, 0.00,   ,    
2026-02-13 00:22:09,        ,       ,  70.9,17287,-66.7,-88.1,-83.4,  4,  7, 0.00,   ,    
2026-02-13 00:22:11,        ,       ,  70.8,17298,-66.7,-88.1,-83.4,  4,  7, 0.00,   ,    
2026-02-13 00:22:13,        ,       ,  70.7,17308,-66.8,-88.2,-83.4,  4,  7, 0.00,   ,    
2026-02-13 00:22:15,        ,       ,  70.6,17319,-66.9,-88.2,-83.4,  4,  7, 0.00,   ,    
2026-02-13 00:22:17,        ,       ,  70.4,17330,-67.0,-88.2,-83.5,  4,  7, 0.00,   ,    
2026-02-13 00:22:19,        ,       ,  70.3,17340,-67.0,-88.2,-83.5,  4,  7, 0.00,   ,    
2026-02-13 00:22:21,        ,       ,  70.2,17350,-67.1,-88.3,-83.5,  4,  8, 0.00,   ,    
2026-02-13 00:22:23,        ,       ,  70.1,17361,-67.1,-88.2,-83.5,  4,  8, 0.00,   ,    
2026-02-13 00:22:24,        ,       ,  70.0,17368,-67.1,-88.2,-83.4,  4,  8, 0.00,   ,    
2026-02-13 00:22:25,        ,       ,  70.0,17372,-67.1,-88.2,-83.4,  4,  8, 0.00,   ,    
2026-02-13 00:22:27,        ,       ,  69.8,17383,-67.1,-88.2,-83.5,  4,  8, 0.00,   ,    
2026-02-13 00:22:29,        ,       ,  69.7,17394,-67.2,-88.3,-83.5,  4,  8, 0.00,   ,    
2026-02-13 00:22:31,        ,       ,  69.6,17404,-67.3,-88.3,-83.6,  4,  8, 0.00,   ,    
2026-02-13 00:22:33,        ,       ,  69.5,17415,-67.4,-88.4,-83.6,  4,  8, 0.00,   ,    
2026-02-13 00:22:35,        ,       ,  69.3,17426,-67.4,-88.4,-83.6,  4,  8, 0.00,   ,    
2026-02-13 00:22:37,        ,       ,  69.2,17437,-67.3,-88.3,-83.6,  4,  8, 0.00,   ,    
2026-02-13 00:22:39,        ,       ,  69.1,17448,-67.3,-88.3,-83.5,  4,  8, 0.00,   ,    
2026-02-13 00:22:41,        ,       ,  68.9,17459,-67.3,-88.3,-83.5,  4,  8, 0.00,   ,    
2026-02-13 00:22:43,        ,       ,  68.8,17470,-67.3,-88.3,-83.6,  4,  8, 0.00,   ,    
2026-02-13 00:22:45,        ,       ,  68.7,17481,-67.4,-88.3,-83.6,  4,  8, 0.00,   ,    
2026-02-13 00:22:47,        ,       ,  68.6,17492,-67.4,-88.4,-83.6,  4,  8, 0.00,   ,    
2026-02-13 00:22:49,        ,       ,  68.4,17503,-67.4,-88.3,-83.6,  4,  8, 0.00,   ,    
2026-02-13 00:22:51,        ,       ,  68.3,17514,-67.4,-88.3,-83.6,  4,  8, 0.00,   ,    
2026-02-13 00:22:53,        ,       ,  68.2,17525,-67.4,-88.3,-83.6,  4,  8, 0.00,   ,    
2026-02-13 00:22:55,        ,       ,  68.1,17536,-67.4,-88.3,-83.6,  4,  8, 0.00,   ,    
2026-02-13 00:22:57,        ,       ,  68.0,17546,-67.4,-88.3,-83.6,  4,  8, 0.00,   ,    
2026-02-13 00:22:59,        ,       ,  67.8,17557,-67.4,-88.3,-83.6,  4,  8, 0.00,   ,    
2026-02-13 00:23:01,        ,       ,  67.7,17568,-67.4,-88.3,-83.6,  4,  8, 0.00,   ,    
2026-02-13 00:23:03,        ,       ,  67.6,17578,-67.5,-88.4,-83.6,  4,  8, 0.00,   ,    
2026-02-13 00:23:05,        ,       ,  67.5,17590,-67.5,-88.4,-83.6,  4,  8, 0.00,   ,    
2026-02-13 00:23:07,        ,       ,  67.3,17601,-67.4,-88.4,-83.6,  4,  8, 0.00,   ,    
2026-02-13 00:23:09,        ,       ,  67.2,17612,-67.4,-88.4,-83.6,  4,  8, 0.00,   ,    
2026-02-13 00:23:11,        ,       ,  67.1,17623,-67.5,-88.4,-83.7,  4,  8, 0.00,   ,    
2026-02-13 00:23:13,        ,       ,  67.0,17634,-67.5,-88.5,-83.7,  4,  8, 0.00,   ,    
2026-02-13 00:23:15,        ,       ,  66.8,17645,-67.6,-88.5,-83.8,  4,  8, 0.00,   ,    
2026-02-13 00:23:17,        ,       ,  66.7,17656,-67.6,-88.6,-83.8,  4,  8, 0.00,   ,    
2026-02-13 00:23:19,        ,       ,  66.6,17667,-67.7,-88.6,-83.9,  4,  8, 0.00,   ,    
2026-02-13 00:23:21,        ,       ,  66.5,17678,-67.7,-88.7,-83.9,  4,  8, 0.00,   ,    
2026-02-13 00:23:23,        ,       ,  66.4,17690,-67.7,-88.7,-83.9,  4,  8, 0.00,   ,    
2026-02-13 00:23:25,        ,       ,  66.2,17701,-67.6,-88.7,-83.9,  4,  8, 0.00,   ,    
2026-02-13 00:23:27,        ,       ,  66.1,17712,-67.6,-88.7,-84.0,  4,  8, 0.00,   ,    
2026-02-13 00:23:29,        ,       ,  66.0,17722,-67.6,-88.8,-84.0,  4,  7, 0.00,   ,    
2026-02-13 00:23:31,        ,       ,  65.9,17733,-67.6,-88.8,-84.0,  4,  7, 0.00,   ,    
2026-02-13 00:23:33,        ,       ,  65.8,17743,-67.5,-88.8,-84.0,  4,  7, 0.00,   ,    
2026-02-13 00:23:35,        ,       ,  65.7,17753,-67.5,-88.8,-84.0,  4,  7, 0.00,   ,    
2026-02-13 00:23:37,        ,       ,  65.5,17764,-67.5,-88.8,-84.0,  4,  7, 0.00,   ,    
2026-02-13 00:23:39,        ,       ,  65.4,17774,-67.5,-88.8,-84.0,  4,  7, 0.00,   ,    
2026-02-13 00:23:41,        ,       ,  65.3,17785,-67.5,-88.8,-84.1,  4,  7, 0.00,   ,    
2026-02-13 00:23:43,        ,       ,  65.2,17795,-67.5,-88.9,-84.1,  4,  7, 0.00,   ,    
2026-02-13 00:23:45,        ,       ,  65.1,17806,-67.5,-88.9,-84.1,  4,  7, 0.00,   ,    
2026-02-13 00:23:47,        ,       ,  65.0,17817,-67.5,-88.9,-84.1,  4,  7, 0.00,   ,    
2026-02-13 00:23:49,        ,       ,  64.9,17827,-67.5,-88.9,-84.1,  4,  7, 0.00,   ,    
2026-02-13 00:23:51,        ,       ,  64.7,17838,-67.5,-88.9,-84.1,  4,  7, 0.00,   ,    
2026-02-13 00:23:53,        ,       ,  64.6,17848,-67.4,-88.9,-84.1,  4,  7, 0.00,   ,    
2026-02-13 00:23:55,        ,       ,  64.5,17858,-67.4,-88.9,-84.1,  4,  7, 0.00,   ,    
2026-02-13 00:23:57,        ,       ,  64.4,17869,-67.5,-88.9,-84.1,  4,  7, 0.00,   ,    
2026-02-13 00:23:59,        ,       ,  64.3,17879,-67.5,-88.9,-84.2,  4,  7, 0.00,   ,    
2026-02-13 00:24:01,        ,       ,  64.2,17890,-67.5,-88.9,-84.2,  4,  7, 0.00,   ,    
2026-02-13 00:24:03,        ,       ,  64.1,17901,-67.6,-89.0,-84.2,  4,  7, 0.00,   ,    
2026-02-13 00:24:05,        ,       ,  64.0,17911,-67.7,-89.0,-84.3,  4,  7, 0.00,   ,    
2026-02-13 00:24:07,        ,       ,  63.8,17922,-67.7,-89.0,-84.3,  4,  7, 0.00,   ,    
2026-02-13 00:24:09,        ,       ,  63.7,17933,-67.7,-89.0,-84.3,  4,  7, 0.00,   ,    
2026-02-13 00:24:11,        ,       ,  63.6,17944,-67.6,-89.0,-84.2,  4,  7, 0.00,   ,    
2026-02-13 00:24:13,        ,       ,  63.5,17954,-67.6,-89.0,-84.2,  4,  7, 0.00,   ,    
2026-02-13 00:24:15,        ,       ,  63.4,17965,-67.7,-89.0,-84.2,  4,  7, 0.00,   ,    
2026-02-13 00:24:17,        ,       ,  63.3,17975,-67.7,-89.0,-84.3,  4,  7, 0.00,   ,    
2026-02-13 00:24:19,        ,       ,  63.2,17985,-67.7,-89.0,-84.3,  4,  7, 0.00,   ,    
2026-02-13 00:24:21,        ,       ,  63.1,17995,-67.8,-89.1,-84.3,  4,  7, 0.00,   ,    
2026-02-13 00:24:23,        ,       ,  63.0,18005,-67.8,-89.1,-84.3,  4,  7, 0.00,   ,    
2026-02-13 00:24:25,        ,       ,  62.9,18015,-67.8,-89.0,-84.3,  4,  7, 0.00,   ,    
2026-02-13 00:24:27,        ,       ,  62.8,18026,-67.8,-89.0,-84.3,  4,  7, 0.00,   ,    
2026-02-13 00:24:29,        ,       ,  62.6,18036,-67.9,-89.0,-84.3,  4,  7, 0.00,   ,    
2026-02-13 00:24:31,        ,       ,  62.5,18046,-67.9,-89.1,-84.3,  4,  7, 0.00,   ,    
2026-02-13 00:24:33,        ,       ,  62.4,18056,-68.0,-89.1,-84.3,  4,  7, 0.00,   ,    
2026-02-13 00:24:35,        ,       ,  62.3,18066,-68.0,-89.1,-84.3,  4,  7, 0.00,   ,    
2026-02-13 00:24:37,        ,       ,  62.2,18077,-67.9,-89.0,-84.2,  4,  7, 0.00,   ,    
2026-02-13 00:24:39,        ,       ,  62.1,18087,-67.9,-89.0,-84.2,  4,  8, 0.00,   ,    
2026-02-13 00:24:41,        ,       ,  62.0,18098,-68.0,-89.0,-84.2,  4,  8, 0.00,   ,    
2026-02-13 00:24:43,        ,       ,  61.9,18109,-68.0,-89.0,-84.3,  4,  8, 0.00,   ,    
2026-02-13 00:24:45,        ,       ,  61.8,18120,-68.1,-89.0,-84.3,  4,  8, 0.00,   ,    
2026-02-13 00:24:47,        ,       ,  61.7,18131,-68.2,-89.1,-84.3,  4,  8, 0.00,   ,    
2026-02-13 00:24:49,        ,       ,  61.5,18142,-68.3,-89.1,-84.3,  4,  8, 0.00,   ,    
2026-02-13 00:24:51,        ,       ,  61.4,18152,-68.4,-89.1,-84.4,  4,  8, 0.00,   ,    
2026-02-13 00:24:53,        ,       ,  61.3,18162,-68.4,-89.1,-84.4,  4,  8, 0.00,   ,    
2026-02-13 00:24:55,        ,       ,  61.2,18171,-68.5,-89.2,-84.4,  4,  8, 0.00,   ,    
2026-02-13 00:24:57,        ,       ,  61.1,18180,-68.5,-89.1,-84.4,  4,  8, 0.00,   ,    
2026-02-13 00:24:59,        ,       ,  61.1,18190,-68.5,-89.1,-84.4,  4,  8, 0.00,   ,    
2026-02-13 00:25:01,        ,       ,  61.0,18200,-68.6,-89.1,-84.4,  4,  8, 0.00,   ,    
2026-02-13 00:25:03,        ,       ,  60.9,18210,-68.6,-89.2,-84.4,  4,  8, 0.00,   ,    
2026-02-13 00:25:05,        ,       ,  60.8,18220,-68.7,-89.2,-84.4,  4,  8, 0.00,   ,    
2026-02-13 00:25:07,        ,       ,  60.6,18230,-68.7,-89.2,-84.4,  4,  8, 0.00,   ,    
2026-02-13 00:25:09,        ,       ,  60.5,18240,-68.7,-89.2,-84.4,  4,  8, 0.00,   ,    
2026-02-13 00:25:11,        ,       ,  60.4,18251,-68.8,-89.2,-84.5,  4,  8, 0.00,   ,    
2026-02-13 00:25:13,        ,       ,  60.3,18262,-68.9,-89.3,-84.5,  4,  8, 0.00,   ,    
2026-02-13 00:25:15,        ,       ,  60.2,18272,-69.0,-89.3,-84.6,  4,  8, 0.00,   ,    
2026-02-13 00:25:17,        ,       ,  60.1,18282,-69.0,-89.4,-84.6,  4,  8, 0.00,   ,    
2026-02-13 00:25:19,        ,       ,  60.0,18292,-69.1,-89.4,-84.6,  4,  8, 0.00,   ,    
2026-02-13 00:25:21,        ,       ,  59.9,18302,-69.1,-89.4,-84.6,  4,  8, 0.00,   ,    
2026-02-13 00:25:23,        ,       ,  59.8,18312,-69.0,-89.3,-84.6,  4,  8, 0.00,   ,    
2026-02-13 00:25:25,        ,       ,  59.7,18322,-69.0,-89.3,-84.6,  4,  8, 0.00,   ,    
2026-02-13 00:25:27,        ,       ,  59.6,18332,-69.1,-89.4,-84.7,  4,  8, 0.00,   ,    
2026-02-13 00:25:29,        ,       ,  59.5,18342,-69.1,-89.4,-84.7,  4,  8, 0.00,   ,    
2026-02-13 00:25:31,        ,       ,  59.4,18352,-69.0,-89.4,-84.6,  4,  8, 0.00,   ,    
2026-02-13 00:25:33,        ,       ,  59.3,18362,-68.9,-89.3,-84.6,  4,  8, 0.00,   ,    
2026-02-13 00:25:35,        ,       ,  59.2,18372,-68.9,-89.3,-84.6,  4,  8, 0.00,   ,    
2026-02-13 00:25:37,        ,       ,  59.1,18382,-68.8,-89.3,-84.5,  4,  8, 0.00,   ,    
2026-02-13 00:25:39,        ,       ,  59.0,18392,-68.7,-89.2,-84.5,  4,  8, 0.00,   ,    
2026-02-13 00:25:41,        ,       ,  58.9,18401,-68.6,-89.2,-84.5,  4,  8, 0.00,   ,    
2026-02-13 00:25:43,        ,       ,  58.8,18411,-68.6,-89.2,-84.5,  4,  8, 0.00,   ,    
2026-02-13 00:25:45,        ,       ,  58.8,18420,-68.7,-89.3,-84.5,  4,  8, 0.00,   ,    
2026-02-13 00:25:47,        ,       ,  58.7,18429,-68.7,-89.3,-84.6,  4,  8, 0.00,   ,    
2026-02-13 00:25:49,        ,       ,  58.6,18439,-68.7,-89.3,-84.6,  4,  8, 0.00,   ,    
2026-02-13 00:25:51,        ,       ,  58.5,18449,-68.7,-89.4,-84.6,  4,  8, 0.00,   ,    
2026-02-13 00:25:53,        ,       ,  58.4,18459,-68.7,-89.4,-84.6,  4,  8, 0.00,   ,    
2026-02-13 00:25:55,        ,       ,  58.3,18468,-68.6,-89.4,-84.6,  4,  8, 0.00,   ,    
2026-02-13 00:25:57,        ,       ,  58.2,18478,-68.6,-89.4,-84.7,  4,  8, 0.00,   ,    
2026-02-13 00:25:59,        ,       ,  58.1,18488,-68.5,-89.4,-84.6,  4,  8, 0.00,   ,    
2026-02-13 00:26:01,        ,       ,  58.0,18498,-68.4,-89.3,-84.5,  4,  8, 0.00,   ,    
2026-02-13 00:26:03,        ,       ,  57.9,18508,-68.3,-89.2,-84.5,  4,  8, 0.00,   ,    
2026-02-13 00:26:05,        ,       ,  57.8,18518,-68.2,-89.2,-84.5,  4,  8, 0.00,   ,    
2026-02-13 00:26:07,        ,       ,  57.7,18528,-68.1,-89.2,-84.4,  4,  7, 0.00,   ,    
2026-02-13 00:26:09,        ,       ,  57.6,18538,-68.0,-89.1,-84.4,  4,  7, 0.00,   ,    
2026-02-13 00:26:11,        ,       ,  57.5,18548,-68.0,-89.1,-84.4,  4,  7, 0.00,   ,    
2026-02-13 00:26:13,        ,       ,  57.4,18559,-67.9,-89.1,-84.4,  4,  7, 0.00,   ,    
2026-02-13 00:26:15,        ,       ,  57.3,18569,-67.8,-89.1,-84.3,  4,  7, 0.00,   ,    
2026-02-13 00:26:17,        ,       ,  57.2,18580,-67.8,-89.1,-84.3,  4,  7, 0.00,   ,    
2026-02-13 00:26:19,        ,       ,  57.1,18590,-67.9,-89.1,-84.3,  4,  7, 0.00,   ,    
2026-02-13 00:26:21,        ,       ,  57.0,18601,-68.0,-89.2,-84.4,  4,  7, 0.00,   ,    
2026-02-13 00:26:23,        ,       ,  56.9,18612,-68.0,-89.2,-84.5,  4,  7, 0.00,   ,    
2026-02-13 00:26:25,        ,       ,  56.8,18622,-68.1,-89.3,-84.5,  4,  7, 0.00,   ,    
2026-02-13 00:26:27,        ,       ,  56.7,18632,-68.2,-89.3,-84.6,  4,  7, 0.00,   ,    
2026-02-13 00:26:29,        ,       ,  56.6,18642,-68.2,-89.3,-84.6,  4,  7, 0.00,   ,    
2026-02-13 00:26:31,        ,       ,  56.5,18653,-68.2,-89.3,-84.6,  4,  7, 0.00,   ,    
2026-02-13 00:26:33,        ,       ,  56.4,18664,-68.2,-89.3,-84.6,  4,  7, 0.00,   ,    
2026-02-13 00:26:35,        ,       ,  56.3,18674,-68.3,-89.3,-84.6,  4,  7, 0.00,   ,    
2026-02-13 00:26:37,        ,       ,  56.2,18685,-68.3,-89.3,-84.6,  4,  7, 0.00,   ,    
2026-02-13 00:26:39,        ,       ,  56.1,18695,-68.3,-89.3,-84.5,  4,  8, 0.00,   ,    
2026-02-13 00:26:41,        ,       ,  56.0,18706,-68.3,-89.3,-84.5,  4,  8, 0.00,   ,    
2026-02-13 00:26:43,        ,       ,  55.9,18716,-68.3,-89.2,-84.5,  4,  8, 0.00,   ,    
2026-02-13 00:26:45,        ,       ,  55.8,18726,-68.3,-89.2,-84.5,  4,  8, 0.00,   ,    
2026-02-13 00:26:47,        ,       ,  55.7,18736,-68.3,-89.3,-84.5,  4,  8, 0.00,   ,    
2026-02-13 00:26:49,        ,       ,  55.6,18747,-68.3,-89.3,-84.5,  4,  8, 0.00,   ,    
2026-02-13 00:26:51,        ,       ,  55.5,18758,-68.3,-89.3,-84.5,  4,  8, 0.00,   ,    
2026-02-13 00:26:53,        ,       ,  55.4,18768,-68.4,-89.3,-84.6,  4,  8, 0.00,   ,    
2026-02-13 00:26:55,        ,       ,  55.4,18778,-68.4,-89.4,-84.6,  4,  8, 0.00,   ,    
2026-02-13 00:26:57,        ,       ,  55.2,18788,-68.5,-89.4,-84.7,  4,  8, 0.00,   ,    
2026-02-13 00:26:59,        ,       ,  55.2,18799,-68.5,-89.4,-84.7,  4,  8, 0.00,   ,    
2026-02-13 00:27:01,        ,       ,  55.1,18809,-68.4,-89.4,-84.6,  4,  8, 0.00,   ,    
2026-02-13 00:27:03,        ,       ,  55.0,18819,-68.4,-89.4,-84.6,  4,  8, 0.00,   ,    
2026-02-13 00:27:05,        ,       ,  54.9,18830,-68.4,-89.4,-84.6,  4,  8, 0.00,   ,    
2026-02-13 00:27:07,        ,       ,  54.8,18840,-68.5,-89.4,-84.7,  4,  8, 0.00,   ,    
2026-02-13 00:27:09,        ,       ,  54.7,18851,-68.5,-89.5,-84.7,  4,  8, 0.00,   ,    
2026-02-13 00:27:11,        ,       ,  54.6,18862,-68.5,-89.5,-84.7,  4,  8, 0.00,   ,    
2026-02-13 00:27:13,        ,       ,  54.5,18873,-68.5,-89.4,-84.7,  4,  7, 0.00,   ,    
2026-02-13 00:27:15,        ,       ,  54.4,18884,-68.4,-89.4,-84.7,  4,  7, 0.00,   ,    
2026-02-13 00:27:17,        ,       ,  54.3,18894,-68.4,-89.4,-84.6,  4,  7, 0.00,   ,    
2026-02-13 00:27:19,        ,       ,  54.2,18905,-68.3,-89.3,-84.6,  4,  7, 0.00,   ,    
2026-02-13 00:27:21,        ,       ,  54.1,18916,-68.3,-89.4,-84.6,  4,  7, 0.00,   ,    
2026-02-13 00:27:23,        ,       ,  54.0,18926,-68.3,-89.3,-84.6,  4,  7, 0.00,   ,    
2026-02-13 00:27:25,        ,       ,  53.9,18937,-68.3,-89.3,-84.5,  4,  7, 0.00,   ,    
2026-02-13 00:27:27,        ,       ,  53.8,18948,-68.3,-89.3,-84.6,  4,  8, 0.00,   ,    
2026-02-13 00:27:29,        ,       ,  53.7,18959,-68.4,-89.4,-84.6,  4,  8, 0.00,   ,    
2026-02-13 00:27:31,        ,       ,  53.6,18969,-68.4,-89.4,-84.7,  4,  8, 0.00,   ,    
2026-02-13 00:27:33,        ,       ,  53.5,18980,-68.5,-89.4,-84.7,  4,  8, 0.00,   ,    
2026-02-13 00:27:35,        ,       ,  53.4,18990,-68.5,-89.4,-84.7,  4,  8, 0.00,   ,    
2026-02-13 00:27:37,        ,       ,  53.3,19000,-68.5,-89.4,-84.7,  4,  8, 0.00,   ,    
2026-02-13 00:27:39,        ,       ,  53.2,19011,-68.5,-89.4,-84.7,  4,  8, 0.00,   ,    
2026-02-13 00:27:41,        ,       ,  53.1,19022,-68.6,-89.5,-84.7,  4,  8, 0.00,   ,    
2026-02-13 00:27:43,        ,       ,  53.0,19032,-68.6,-89.5,-84.7,  4,  8, 0.00,   ,    
2026-02-13 00:27:45,        ,       ,  53.0,19043,-68.6,-89.5,-84.7,  4,  8, 0.00,   ,    
2026-02-13 00:27:47,        ,       ,  52.9,19054,-68.6,-89.5,-84.7,  4,  8, 0.00,   ,    
2026-02-13 00:27:49,        ,       ,  52.8,19065,-68.6,-89.4,-84.7,  4,  8, 0.00,   ,    
2026-02-13 00:27:51,        ,       ,  52.7,19076,-68.5,-89.4,-84.7,  4,  8, 0.00,   ,    
2026-02-13 00:27:53,        ,       ,  52.6,19088,-68.5,-89.4,-84.6,  4,  8, 0.00,   ,    
2026-02-13 00:27:55,        ,       ,  52.5,19099,-68.5,-89.4,-84.6,  4,  8, 0.00,   ,    
2026-02-13 00:27:57,        ,       ,  52.4,19111,-68.5,-89.4,-84.6,  4,  8, 0.00,   ,    
2026-02-13 00:27:59,        ,       ,  52.2,19123,-68.5,-89.4,-84.6,  4,  8, 0.00,   ,    
2026-02-13 00:28:01,        ,       ,  52.1,19135,-68.6,-89.4,-84.7,  4,  8, 0.00,   ,    
2026-02-13 00:28:03,        ,       ,  52.0,19147,-68.6,-89.5,-84.7,  4,  8, 0.00,   ,    
2026-02-13 00:28:05,        ,       ,  51.9,19159,-68.7,-89.5,-84.8,  4,  8, 0.00,   ,    
2026-02-13 00:28:07,        ,       ,  51.8,19170,-68.7,-89.5,-84.7,  4,  8, 0.00,   ,    
2026-02-13 00:28:09,        ,       ,  51.7,19182,-68.6,-89.4,-84.7,  4,  8, 0.00,   ,    
2026-02-13 00:28:11,        ,       ,  51.6,19193,-68.6,-89.4,-84.7,  4,  8, 0.00,   ,    
2026-02-13 00:28:13,        ,       ,  51.5,19205,-68.7,-89.5,-84.7,  4,  8, 0.00,   ,    
2026-02-13 00:28:15,        ,       ,  51.4,19216,-68.8,-89.5,-84.8,  4,  8, 0.00,   ,    
2026-02-13 00:28:17,        ,       ,  51.3,19228,-68.8,-89.6,-84.8,  4,  8, 0.00,   ,    
2026-02-13 00:28:19,        ,       ,  51.2,19239,-68.7,-89.5,-84.8,  4,  8, 0.00,   ,    
2026-02-13 00:28:21,        ,       ,  51.1,19251,-68.6,-89.5,-84.7,  4,  8, 0.00,   ,    
2026-02-13 00:28:23,        ,       ,  51.0,19263,-68.6,-89.5,-84.7,  4,  8, 0.00,   ,    
2026-02-13 00:28:25,        ,       ,  51.0,19274,-68.6,-89.5,-84.7,  4,  8, 0.00,   ,    
2026-02-13 00:28:27,        ,       ,  50.9,19286,-68.6,-89.5,-84.7,  4,  8, 0.00,   ,    
2026-02-13 00:28:29,        ,       ,  50.8,19298,-68.7,-89.5,-84.8,  4,  8, 0.00,   ,    
2026-02-13 00:28:31,        ,       ,  50.6,19310,-68.7,-89.5,-84.8,  4,  8, 0.00,   ,    
2026-02-13 00:28:33,        ,       ,  50.5,19321,-68.6,-89.5,-84.7,  4,  8, 0.00,   ,    
2026-02-13 00:28:35,        ,       ,  50.5,19333,-68.6,-89.5,-84.7,  4,  8, 0.00,   ,    
2026-02-13 00:28:37,        ,       ,  50.4,19344,-68.7,-89.5,-84.7,  4,  8, 0.00,   ,    
2026-02-13 00:28:39,        ,       ,  50.3,19356,-68.7,-89.5,-84.8,  4,  8, 0.00,   ,    
2026-02-13 00:28:41,        ,       ,  50.2,19367,-68.8,-89.5,-84.8,  4,  8, 0.00,   ,    
2026-02-13 00:28:43,        ,       ,  50.1,19379,-68.8,-89.6,-84.8,  4,  8, 0.00,   ,    
2026-02-13 00:28:44,        ,       ,  50.0,19386,-68.8,-89.6,-84.8,  4,  8, 0.00,   ,    
2026-02-13 00:28:45,        ,       ,  50.0,19390,-68.8,-89.6,-84.8,  4,  8, 0.00,   ,    
2026-02-13 00:28:47,        ,       ,  49.9,19402,-68.8,-89.6,-84.8,  4,  8, 0.00,   ,    
2026-02-13 00:28:49,        ,       ,  49.8,19413,-68.8,-89.5,-84.8,  4,  8, 0.00,   ,    
2026-02-13 00:28:51,        ,       ,  49.7,19425,-68.8,-89.5,-84.8,  4,  8, 0.00,   ,    
2026-02-13 00:28:53,        ,       ,  49.6,19437,-68.8,-89.5,-84.8,  4,  8, 0.00,   ,    
2026-02-13 00:28:55,        ,       ,  49.5,19448,-68.7,-89.5,-84.8,  4,  8, 0.00,   ,    
2026-02-13 00:28:57,        ,       ,  49.4,19459,-68.8,-89.6,-84.8,  4,  8, 0.00,   ,    
2026-02-13 00:28:59,        ,       ,  49.3,19471,-68.8,-89.6,-84.9,  4,  8, 0.00,   ,    
2026-02-13 00:29:01,        ,       ,  49.2,19482,-68.9,-89.7,-84.9,  4,  8, 0.00,   ,    
2026-02-13 00:29:03,        ,       ,  49.1,19493,-68.9,-89.7,-84.9,  4,  8, 0.00,   ,    
2026-02-13 00:29:05,        ,       ,  49.0,19504,-68.8,-89.6,-84.9,  4,  8, 0.00,   ,    
2026-02-13 00:29:07,        ,       ,  48.9,19516,-68.7,-89.6,-84.8,  4,  8, 0.00,   ,    
2026-02-13 00:29:09,        ,       ,  48.8,19528,-68.7,-89.5,-84.8,  4,  8, 0.00,   ,    
2026-02-13 00:29:11,        ,       ,  48.7,19539,-68.7,-89.6,-84.8,  4,  8, 0.00,   ,    
2026-02-13 00:29:13,        ,       ,  48.6,19552,-68.7,-89.6,-84.9,  4,  8, 0.00,   ,    
2026-02-13 00:29:15,        ,       ,  48.5,19564,-68.7,-89.7,-84.9,  4,  8, 0.00,   ,    
2026-02-13 00:29:17,        ,       ,  48.5,19575,-68.8,-89.7,-85.0,  4,  7, 0.00,   ,    
2026-02-13 00:29:19,        ,       ,  48.4,19587,-68.8,-89.7,-85.0,  4,  7, 0.00,   ,    
2026-02-13 00:29:21,        ,       ,  48.3,19598,-68.7,-89.7,-85.0,  4,  7, 0.00,   ,    
2026-02-13 00:29:23,        ,       ,  48.2,19610,-68.7,-89.7,-85.0,  4,  7, 0.00,   ,    
2026-02-13 00:29:25,        ,       ,  48.1,19623,-68.7,-89.7,-85.0,  4,  7, 0.00,   ,    
2026-02-13 00:29:27,        ,       ,  48.0,19635,-68.6,-89.7,-85.0,  4,  7, 0.00,   ,    
2026-02-13 00:29:29,        ,       ,  47.9,19646,-68.6,-89.7,-84.9,  4,  7, 0.00,   ,    
2026-02-13 00:29:31,        ,       ,  47.8,19658,-68.5,-89.6,-84.9,  4,  7, 0.00,   ,    
2026-02-13 00:29:33,        ,       ,  47.7,19669,-68.4,-89.6,-84.9,  4,  7, 0.00,   ,    
2026-02-13 00:29:35,        ,       ,  47.6,19680,-68.4,-89.6,-84.9,  4,  7, 0.00,   ,    
2026-02-13 00:29:37,        ,       ,  47.5,19692,-68.3,-89.6,-84.8,  4,  7, 0.00,   ,    
2026-02-13 00:29:39,        ,       ,  47.4,19703,-68.3,-89.6,-84.8,  4,  7, 0.00,   ,    
2026-02-13 00:29:41,        ,       ,  47.3,19714,-68.3,-89.6,-84.8,  4,  7, 0.00,   ,    
2026-02-13 00:29:43,        ,       ,  47.3,19724,-68.3,-89.6,-84.8,  4,  7, 0.00,   ,    
2026-02-13 00:29:45,        ,       ,  47.2,19735,-68.3,-89.6,-84.8,  4,  7, 0.00,   ,    
2026-02-13 00:29:47,        ,       ,  47.1,19747,-68.3,-89.6,-84.8,  4,  7, 0.00,   ,    
2026-02-13 00:29:49,        ,       ,  47.0,19759,-68.3,-89.6,-84.8,  4,  7, 0.00,   ,    
2026-02-13 00:29:51,        ,       ,  46.9,19771,-68.3,-89.6,-84.8,  4,  7, 0.00,   ,    
2026-02-13 00:29:53,        ,       ,  46.8,19782,-68.3,-89.6,-84.9,  4,  7, 0.00,   ,    
2026-02-13 00:29:55,        ,       ,  46.7,19793,-68.4,-89.7,-84.9,  4,  7, 0.00,   ,    
2026-02-13 00:29:57,        ,       ,  46.6,19804,-68.4,-89.7,-84.9,  4,  7, 0.00,   ,    
2026-02-13 00:29:59,        ,       ,  46.5,19815,-68.5,-89.7,-85.0,  4,  7, 0.00,   ,    
2026-02-13 00:30:01,        ,       ,  46.5,19826,-68.5,-89.7,-85.0,  4,  7, 0.00,   ,    
2026-02-13 00:30:03,        ,       ,  46.4,19838,-68.4,-89.7,-84.9,  4,  7, 0.00,   ,    
2026-02-13 00:30:05,        ,       ,  46.3,19849,-68.4,-89.7,-84.9,  4,  7, 0.00,   ,    
2026-02-13 00:30:07,        ,       ,  46.2,19861,-68.4,-89.7,-85.0,  4,  7, 0.00,   ,    
2026-02-13 00:30:09,        ,       ,  46.1,19872,-68.5,-89.7,-85.0,  4,  7, 0.00,   ,    
2026-02-13 00:30:11,        ,       ,  46.0,19883,-68.5,-89.8,-85.0,  4,  7, 0.00,   ,    
2026-02-13 00:30:13,        ,       ,  45.9,19894,-68.5,-89.8,-85.0,  4,  7, 0.00,   ,    
2026-02-13 00:30:15,        ,       ,  45.9,19905,-68.5,-89.8,-85.0,  4,  7, 0.00,   ,    
2026-02-13 00:30:17,        ,       ,  45.8,19916,-68.5,-89.8,-85.0,  4,  7, 0.00,   ,    
2026-02-13 00:30:19,        ,       ,  45.7,19927,-68.5,-89.8,-85.0,  4,  7, 0.00,   ,    
2026-02-13 00:30:21,        ,       ,  45.6,19937,-68.5,-89.8,-85.0,  4,  7, 0.00,   ,    
2026-02-13 00:30:23,        ,       ,  45.5,19948,-68.5,-89.8,-85.0,  4,  7, 0.00,   ,    
2026-02-13 00:30:25,        ,       ,  45.4,19960,-68.4,-89.7,-85.0,  4,  7, 0.00,   ,    
2026-02-13 00:30:27,        ,       ,  45.4,19970,-68.4,-89.7,-85.0,  4,  7, 0.00,   ,    
2026-02-13 00:30:29,        ,       ,  45.3,19981,-68.4,-89.7,-85.0,  4,  7, 0.00,   ,    
2026-02-13 00:30:31,        ,       ,  45.2,19991,-68.5,-89.8,-85.0,  4,  7, 0.00,   ,    
2026-02-13 00:30:33,        ,       ,  45.1,20002,-68.5,-89.8,-85.0,  4,  7, 0.00,   ,    
2026-02-13 00:30:35,        ,       ,  45.0,20013,-68.5,-89.8,-85.1,  4,  7, 0.00,   ,    
2026-02-13 00:30:37,        ,       ,  45.0,20024,-68.6,-89.8,-85.1,  4,  7, 0.00,   ,    
2026-02-13 00:30:39,        ,       ,  44.9,20036,-68.6,-89.8,-85.1,  4,  7, 0.00,   ,    
2026-02-13 00:30:41,        ,       ,  44.8,20047,-68.6,-89.9,-85.1,  4,  7, 0.00,   ,    
2026-02-13 00:30:43,        ,       ,  44.7,20059,-68.6,-89.9,-85.1,  4,  7, 0.00,   ,    
2026-02-13 00:30:45,        ,       ,  44.6,20070,-68.6,-89.9,-85.1,  4,  7, 0.00,   ,    
2026-02-13 00:30:47,        ,       ,  44.5,20081,-68.6,-89.9,-85.1,  4,  7, 0.00,   ,    
2026-02-13 00:30:49,        ,       ,  44.4,20093,-68.6,-89.9,-85.1,  4,  7, 0.00,   ,    
2026-02-13 00:30:51,        ,       ,  44.4,20104,-68.6,-89.9,-85.2,  4,  7, 0.00,   ,    
2026-02-13 00:30:53,        ,       ,  44.3,20116,-68.7,-89.9,-85.2,  4,  7, 0.00,   ,    
2026-02-13 00:30:55,        ,       ,  44.2,20127,-68.7,-90.0,-85.2,  4,  7, 0.00,   ,    
2026-02-13 00:30:57,        ,       ,  44.1,20138,-68.7,-90.0,-85.3,  4,  7, 0.00,   ,    
2026-02-13 00:30:59,        ,       ,  44.0,20149,-68.7,-90.1,-85.3,  4,  7, 0.00,   ,    
2026-02-13 00:31:01,        ,       ,  43.9,20160,-68.7,-90.1,-85.3,  4,  7, 0.00,   ,    
2026-02-13 00:31:03,        ,       ,  43.9,20171,-68.7,-90.1,-85.3,  4,  7, 0.00,   ,    
2026-02-13 00:31:05,        ,       ,  43.8,20182,-68.6,-90.1,-85.3,  4,  7, 0.00,   ,    
2026-02-13 00:31:07,        ,       ,  43.7,20192,-68.6,-90.1,-85.4,  4,  7, 0.00,   ,    
2026-02-13 00:31:09,        ,       ,  43.6,20203,-68.7,-90.2,-85.4,  4,  7, 0.00,   ,    
2026-02-13 00:31:11,        ,       ,  43.5,20214,-68.7,-90.2,-85.5,  3,  7, 0.00,   ,    
2026-02-13 00:31:13,        ,       ,  43.5,20225,-68.6,-90.2,-85.5,  3,  7, 0.00,   ,    
2026-02-13 00:31:15,        ,       ,  43.4,20236,-68.5,-90.2,-85.4,  3,  7, 0.00,   ,    
2026-02-13 00:31:17,        ,       ,  43.3,20248,-68.4,-90.2,-85.4,  3,  7, 0.00,   ,    
2026-02-13 00:31:19,        ,       ,  43.2,20258,-68.3,-90.1,-85.4,  3,  6, 0.00,   ,    
2026-02-13 00:31:21,        ,       ,  43.1,20270,-68.2,-90.1,-85.4,  3,  6, 0.00,   ,    
2026-02-13 00:31:23,        ,       ,  43.1,20281,-68.2,-90.2,-85.4,  3,  6, 0.00,   ,    
2026-02-13 00:31:25,        ,       ,  43.0,20292,-68.2,-90.2,-85.4,  3,  6, 0.00,   ,    
2026-02-13 00:31:27,        ,       ,  42.9,20303,-68.1,-90.1,-85.4,  3,  6, 0.00,   ,    
2026-02-13 00:31:29,        ,       ,  42.8,20314,-68.0,-90.1,-85.3,  3,  6, 0.00,   ,    
2026-02-13 00:31:31,        ,       ,  42.8,20324,-67.9,-90.1,-85.3,  3,  6, 0.00,   ,    
2026-02-13 00:31:33,        ,       ,  42.7,20335,-67.9,-90.1,-85.3,  3,  6, 0.00,   ,    
2026-02-13 00:31:35,        ,       ,  42.6,20346,-67.9,-90.1,-85.4,  3,  6, 0.00,   ,    
2026-02-13 00:31:37,        ,       ,  42.5,20358,-67.9,-90.1,-85.4,  3,  6, 0.00,   ,    
2026-02-13 00:31:39,        ,       ,  42.4,20369,-67.8,-90.1,-85.3,  3,  6, 0.00,   ,    
2026-02-13 00:31:41,        ,       ,  42.4,20380,-67.8,-90.1,-85.3,  3,  6, 0.00,   ,    
2026-02-13 00:31:43,        ,       ,  42.3,20392,-67.8,-90.1,-85.3,  3,  6, 0.00,   ,    
2026-02-13 00:31:45,        ,       ,  42.2,20403,-67.8,-90.1,-85.3,  3,  6, 0.00,   ,    
2026-02-13 00:31:47,        ,       ,  42.1,20414,-67.7,-90.0,-85.2,  3,  6, 0.00,   ,    
2026-02-13 00:31:49,        ,       ,  42.0,20426,-67.6,-89.9,-85.2,  3,  6, 0.00,   ,    
2026-02-13 00:31:51,        ,       ,  42.0,20436,-67.6,-89.9,-85.1,  3,  6, 0.00,   ,    
2026-02-13 00:31:53,        ,       ,  41.9,20447,-67.6,-89.9,-85.1,  3,  6, 0.00,   ,    
2026-02-13 00:31:55,        ,       ,  41.8,20458,-67.7,-89.9,-85.1,  3,  6, 0.00,   ,    
2026-02-13 00:31:57,        ,       ,  41.7,20468,-67.7,-89.9,-85.2,  3,  6, 0.00,   ,    
2026-02-13 00:31:59,        ,       ,  41.7,20480,-67.8,-90.0,-85.2,  3,  6, 0.00,   ,    
2026-02-13 00:32:01,        ,       ,  41.6,20491,-67.9,-90.0,-85.2,  3,  6, 0.00,   ,    
2026-02-13 00:32:03,        ,       ,  41.5,20502,-68.0,-90.0,-85.3,  3,  6, 0.00,   ,    
2026-02-13 00:32:05,        ,       ,  41.4,20513,-68.0,-90.1,-85.3,  3,  6, 0.00,   ,    
2026-02-13 00:32:07,        ,       ,  41.4,20524,-68.1,-90.1,-85.3,  3,  6, 0.00,   ,    
2026-02-13 00:32:09,        ,       ,  41.3,20535,-68.1,-90.1,-85.3,  3,  6, 0.00,   ,    
2026-02-13 00:32:11,        ,       ,  41.2,20546,-68.2,-90.1,-85.3,  3,  6, 0.00,   ,    
2026-02-13 00:32:13,        ,       ,  41.1,20556,-68.2,-90.1,-85.3,  3,  6, 0.00,   ,    
2026-02-13 00:32:15,        ,       ,  41.1,20566,-68.3,-90.1,-85.4,  3,  6, 0.00,   ,    
2026-02-13 00:32:17,        ,       ,  41.0,20577,-68.3,-90.1,-85.4,  3,  7, 0.00,   ,    
2026-02-13 00:32:19,        ,       ,  40.9,20587,-68.4,-90.2,-85.4,  3,  7, 0.00,   ,    
2026-02-13 00:32:21,        ,       ,  40.9,20598,-68.4,-90.2,-85.4,  3,  7, 0.00,   ,    
2026-02-13 00:32:23,        ,       ,  40.8,20608,-68.4,-90.2,-85.4,  3,  7, 0.00,   ,    
2026-02-13 00:32:25,        ,       ,  40.7,20619,-68.3,-90.1,-85.4,  3,  7, 0.00,   ,    
2026-02-13 00:32:27,        ,       ,  40.6,20629,-68.4,-90.1,-85.4,  3,  7, 0.00,   ,    
2026-02-13 00:32:29,        ,       ,  40.6,20640,-68.4,-90.2,-85.4,  3,  7, 0.00,   ,    
2026-02-13 00:32:31,        ,       ,  40.5,20651,-68.4,-90.1,-85.4,  3,  7, 0.00,   ,    
2026-02-13 00:32:33,        ,       ,  40.4,20662,-68.3,-90.1,-85.4,  3,  7, 0.00,   ,    
2026-02-13 00:32:35,        ,       ,  40.3,20673,-68.3,-90.1,-85.4,  3,  7, 0.00,   ,    
2026-02-13 00:32:37,        ,       ,  40.3,20684,-68.3,-90.1,-85.4,  3,  7, 0.00,   ,    
2026-02-13 00:32:39,        ,       ,  40.2,20695,-68.3,-90.1,-85.4,  3,  7, 0.00,   ,    
2026-02-13 00:32:41,        ,       ,  40.1,20707,-68.4,-90.2,-85.4,  3,  7, 0.00,   ,    
2026-02-13 00:32:43,        ,       ,  40.0,20718,-68.4,-90.3,-85.5,  3,  6, 0.00,   ,    
2026-02-13 00:32:45,        ,       ,  40.0,20728,-68.5,-90.3,-85.6,  3,  6, 0.00,   ,    
2026-02-13 00:32:47,        ,       ,  39.9,20739,-68.6,-90.4,-85.7,  3,  6, 0.00,   ,    
2026-02-13 00:32:49,        ,       ,  39.8,20750,-68.7,-90.5,-85.7,  3,  6, 0.00,   ,    
2026-02-13 00:32:51,        ,       ,  39.8,20760,-68.7,-90.6,-85.8,  3,  6, 0.00,   ,    
2026-02-13 00:32:53,        ,       ,  39.7,20771,-68.7,-90.6,-85.8,  3,  6, 0.00,   ,    
2026-02-13 00:32:55,        ,       ,  39.6,20781,-68.6,-90.5,-85.8,  3,  6, 0.00,   ,    
2026-02-13 00:32:57,        ,       ,  39.5,20792,-68.5,-90.5,-85.7,  3,  6, 0.00,   ,    
2026-02-13 00:32:59,        ,       ,  39.5,20803,-68.4,-90.5,-85.7,  3,  6, 0.00,   ,    
2026-02-13 00:33:01,        ,       ,  39.4,20814,-68.3,-90.5,-85.7,  3,  6, 0.00,   ,    
2026-02-13 00:33:03,        ,       ,  39.3,20825,-68.3,-90.5,-85.7,  3,  6, 0.00,   ,    
2026-02-13 00:33:05,        ,       ,  39.3,20836,-68.3,-90.5,-85.8,  3,  6, 0.00,   ,    
2026-02-13 00:33:07,        ,       ,  39.2,20847,-68.2,-90.5,-85.7,  3,  6, 0.00,   ,    
2026-02-13 00:33:09,        ,       ,  39.1,20858,-68.1,-90.5,-85.7,  3,  6, 0.00,   ,    
2026-02-13 00:33:11,        ,       ,  39.0,20868,-68.0,-90.4,-85.7,  3,  6, 0.00,   ,    
2026-02-13 00:33:13,        ,       ,  39.0,20879,-67.9,-90.4,-85.7,  3,  6, 0.00,   ,    
2026-02-13 00:33:15,        ,       ,  38.9,20889,-67.8,-90.3,-85.6,  3,  6, 0.00,   ,    
2026-02-13 00:33:17,        ,       ,  38.8,20900,-67.7,-90.3,-85.5,  3,  6, 0.00,   ,    
2026-02-13 00:33:19,        ,       ,  38.8,20910,-67.7,-90.2,-85.5,  3,  6, 0.00,   ,    
2026-02-13 00:33:21,        ,       ,  38.7,20920,-67.7,-90.2,-85.5,  3,  6, 0.00,   ,    
2026-02-13 00:33:23,        ,       ,  38.6,20929,-67.7,-90.3,-85.5,  3,  6, 0.00,   ,    
2026-02-13 00:33:25,        ,       ,  38.6,20940,-67.8,-90.3,-85.6,  3,  6, 0.00,   ,    
2026-02-13 00:33:27,        ,       ,  38.5,20951,-67.9,-90.4,-85.6,  3,  6, 0.00,   ,    
2026-02-13 00:33:29,        ,       ,  38.5,20961,-68.0,-90.4,-85.6,  3,  6, 0.00,   ,    
2026-02-13 00:33:31,        ,       ,  38.4,20972,-68.0,-90.4,-85.6,  3,  6, 0.00,   ,    
2026-02-13 00:33:33,        ,       ,  38.3,20982,-67.9,-90.3,-85.5,  3,  6, 0.00,   ,    
2026-02-13 00:33:35,        ,       ,  38.2,20993,-67.9,-90.3,-85.5,  3,  6, 0.00,   ,    
2026-02-13 00:33:37,        ,       ,  38.2,21004,-68.0,-90.3,-85.6,  3,  6, 0.00,   ,    
2026-02-13 00:33:39,        ,       ,  38.1,21015,-68.1,-90.4,-85.6,  3,  6, 0.00,   ,    
2026-02-13 00:33:41,        ,       ,  38.0,21026,-68.2,-90.4,-85.7,  3,  6, 0.00,   ,    
2026-02-13 00:33:43,        ,       ,  38.0,21036,-68.3,-90.5,-85.7,  3,  6, 0.00,   ,    
2026-02-13 00:33:45,        ,       ,  37.9,21047,-68.4,-90.5,-85.8,  3,  6, 0.00,   ,    
2026-02-13 00:33:47,        ,       ,  37.8,21058,-68.4,-90.6,-85.8,  3,  6, 0.00,   ,    
2026-02-13 00:33:49,        ,       ,  37.8,21069,-68.5,-90.6,-85.9,  3,  6, 0.00,   ,    
2026-02-13 00:33:51,        ,       ,  37.7,21080,-68.4,-90.6,-85.8,  3,  6, 0.00,   ,    
2026-02-13 00:33:53,        ,       ,  37.6,21091,-68.3,-90.5,-85.8,  3,  6, 0.00,   ,    
2026-02-13 00:33:55,        ,       ,  37.6,21101,-68.2,-90.5,-85.7,  3,  6, 0.00,   ,    
2026-02-13 00:33:57,        ,       ,  37.5,21112,-68.2,-90.5,-85.7,  3,  6, 0.00,   ,    
2026-02-13 00:33:59,        ,       ,  37.4,21122,-68.1,-90.5,-85.7,  3,  6, 0.00,   ,    
2026-02-13 00:34:01,        ,       ,  37.4,21133,-68.2,-90.5,-85.8,  3,  6, 0.00,   ,    
2026-02-13 00:34:03,        ,       ,  37.3,21144,-68.1,-90.5,-85.8,  3,  6, 0.00,   ,    
2026-02-13 00:34:05,        ,       ,  37.2,21156,-68.0,-90.5,-85.8,  3,  6, 0.00,   ,    
2026-02-13 00:34:07,        ,       ,  37.1,21167,-67.9,-90.4,-85.7,  3,  6, 0.00,   ,    
2026-02-13 00:34:09,        ,       ,  37.1,21178,-67.9,-90.5,-85.8,  3,  6, 0.00,   ,    
2026-02-13 00:34:11,        ,       ,  37.0,21188,-68.0,-90.6,-85.8,  3,  6, 0.00,   ,    
2026-02-13 00:34:13,        ,       ,  37.0,21199,-67.9,-90.6,-85.9,  3,  6, 0.00,   ,    
2026-02-13 00:34:15,        ,       ,  36.9,21210,-67.8,-90.5,-85.8,  3,  6, 0.00,   ,    
2026-02-13 00:34:17,        ,       ,  36.8,21220,-67.7,-90.5,-85.8,  3,  6, 0.00,   ,    
2026-02-13 00:34:19,        ,       ,  36.8,21231,-67.8,-90.6,-85.8,  3,  6, 0.00,   ,    
2026-02-13 00:34:21,        ,       ,  36.7,21241,-67.8,-90.7,-85.9,  3,  6, 0.00,   ,    
2026-02-13 00:34:23,        ,       ,  36.6,21251,-67.8,-90.7,-85.9,  3,  5, 0.00,   ,    
2026-02-13 00:34:25,        ,       ,  36.6,21262,-67.7,-90.6,-85.9,  3,  5, 0.00,   ,    
2026-02-13 00:34:27,        ,       ,  36.5,21273,-67.7,-90.7,-85.9,  3,  5, 0.00,   ,    
2026-02-13 00:34:29,        ,       ,  36.4,21285,-67.7,-90.7,-85.9,  3,  5, 0.00,   ,    
2026-02-13 00:34:31,        ,       ,  36.4,21296,-67.6,-90.6,-85.9,  3,  5, 0.00,   ,    
2026-02-13 00:34:33,        ,       ,  36.3,21308,-67.4,-90.5,-85.8,  3,  5, 0.00,   ,    
2026-02-13 00:34:35,        ,       ,  36.2,21319,-67.3,-90.4,-85.7,  3,  5, 0.00,   ,    
2026-02-13 00:34:37,        ,       ,  36.2,21330,-67.2,-90.3,-85.6,  3,  5, 0.00,   ,    
2026-02-13 00:34:39,        ,       ,  36.1,21341,-67.1,-90.3,-85.5,  3,  5, 0.00,   ,    
2026-02-13 00:34:41,        ,       ,  36.0,21352,-67.0,-90.2,-85.5,  3,  5, 0.00,   ,    
2026-02-13 00:34:43,        ,       ,  36.0,21363,-67.1,-90.3,-85.5,  3,  5, 0.00,   ,    
2026-02-13 00:34:45,        ,       ,  35.9,21374,-67.1,-90.3,-85.6,  3,  5, 0.00,   ,    
2026-02-13 00:34:47,        ,       ,  35.8,21386,-67.2,-90.3,-85.6,  3,  5, 0.00,   ,    
2026-02-13 00:34:49,        ,       ,  35.8,21398,-67.2,-90.3,-85.6,  3,  5, 0.00,   ,    
2026-02-13 00:34:51,        ,       ,  35.7,21410,-67.3,-90.3,-85.6,  3,  5, 0.00,   ,    
2026-02-13 00:34:53,        ,       ,  35.6,21421,-67.3,-90.4,-85.6,  3,  5, 0.00,   ,    
2026-02-13 00:34:55,        ,       ,  35.5,21433,-67.4,-90.4,-85.7,  3,  5, 0.00,   ,    
2026-02-13 00:34:57,        ,       ,  35.5,21445,-67.5,-90.5,-85.7,  3,  5, 0.00,   ,    
2026-02-13 00:34:59,        ,       ,  35.4,21457,-67.5,-90.5,-85.7,  3,  5, 0.00,   ,    
2026-02-13 00:35:01,        ,       ,  35.3,21468,-67.5,-90.5,-85.7,  3,  5, 0.00,   ,    
2026-02-13 00:35:03,        ,       ,  35.3,21480,-67.5,-90.5,-85.7,  3,  5, 0.00,   ,    
2026-02-13 00:35:05,        ,       ,  35.2,21492,-67.5,-90.5,-85.7,  3,  5, 0.00,   ,    
2026-02-13 00:35:07,        ,       ,  35.1,21504,-67.5,-90.5,-85.7,  3,  5, 0.00,   ,    
2026-02-13 00:35:09,        ,       ,  35.1,21516,-67.5,-90.5,-85.7,  3,  5, 0.00,   ,    
2026-02-13 00:35:11,        ,       ,  35.0,21529,-67.5,-90.5,-85.8,  3,  5, 0.00,   ,    
2026-02-13 00:35:13,        ,       ,  34.9,21541,-67.5,-90.5,-85.8,  3,  5, 0.00,   ,    
2026-02-13 00:35:15,        ,       ,  34.8,21553,-67.4,-90.5,-85.8,  3,  5, 0.00,   ,    
2026-02-13 00:35:17,        ,       ,  34.8,21565,-67.3,-90.4,-85.7,  3,  5, 0.00,   ,    
2026-02-13 00:35:19,        ,       ,  34.7,21576,-67.2,-90.4,-85.6,  3,  5, 0.00,   ,    
2026-02-13 00:35:21,        ,       ,  34.6,21588,-67.1,-90.4,-85.6,  3,  5, 0.00,   ,    
2026-02-13 00:35:23,        ,       ,  34.6,21600,-67.2,-90.5,-85.7,  3,  5, 0.00,   ,    
2026-02-13 00:35:25,        ,       ,  34.5,21612,-67.2,-90.5,-85.8,  3,  5, 0.00,   ,    
2026-02-13 00:35:27,        ,       ,  34.4,21625,-67.2,-90.5,-85.8,  3,  5, 0.00,   ,    
2026-02-13 00:35:29,        ,       ,  34.4,21637,-67.2,-90.5,-85.8,  3,  5, 0.00,   ,    
2026-02-13 00:35:31,        ,       ,  34.3,21649,-67.1,-90.5,-85.7,  3,  5, 0.00,   ,    
2026-02-13 00:35:33,        ,       ,  34.2,21661,-67.0,-90.5,-85.7,  3,  5, 0.00,   ,    
2026-02-13 00:35:35,        ,       ,  34.2,21673,-67.0,-90.5,-85.7,  3,  5, 0.00,   ,    
2026-02-13 00:35:37,        ,       ,  34.1,21686,-67.0,-90.5,-85.7,  3,  5, 0.00,   ,    
2026-02-13 00:35:39,        ,       ,  34.0,21698,-67.0,-90.5,-85.7,  3,  5, 0.00,   ,    
2026-02-13 00:35:41,        ,       ,  33.9,21711,-66.9,-90.4,-85.7,  3,  5, 0.00,   ,    
2026-02-13 00:35:43,        ,       ,  33.9,21723,-66.9,-90.4,-85.6,  3,  5, 0.00,   ,    
2026-02-13 00:35:45,        ,       ,  33.8,21736,-66.9,-90.4,-85.6,  3,  5, 0.00,   ,    
2026-02-13 00:35:47,        ,       ,  33.7,21748,-67.0,-90.4,-85.7,  3,  5, 0.00,   ,    
2026-02-13 00:35:49,        ,       ,  33.7,21761,-67.0,-90.5,-85.7,  3,  5, 0.00,   ,    
2026-02-13 00:35:51,        ,       ,  33.6,21773,-67.1,-90.5,-85.7,  3,  5, 0.00,   ,    
2026-02-13 00:35:53,        ,       ,  33.5,21786,-67.2,-90.5,-85.8,  3,  5, 0.00,   ,    
2026-02-13 00:35:55,        ,       ,  33.5,21798,-67.2,-90.6,-85.8,  3,  5, 0.00,   ,    
2026-02-13 00:35:57,        ,       ,  33.4,21811,-67.3,-90.6,-85.8,  3,  5, 0.00,   ,    
2026-02-13 00:35:59,        ,       ,  33.3,21823,-67.3,-90.6,-85.9,  3,  5, 0.00,   ,    
2026-02-13 00:36:01,        ,       ,  33.2,21835,-67.3,-90.6,-85.8,  3,  5, 0.00,   ,    
2026-02-13 00:36:03,        ,       ,  33.2,21847,-67.1,-90.4,-85.6,  3,  5, 0.00,   ,    
2026-02-13 00:36:05,        ,       ,  33.1,21859,-67.0,-90.4,-85.6,  3,  5, 0.00,   ,    
2026-02-13 00:36:07,        ,       ,  33.0,21872,-67.1,-90.4,-85.6,  3,  5, 0.00,   ,    
2026-02-13 00:36:09,        ,       ,  33.0,21884,-67.1,-90.4,-85.6,  3,  5, 0.00,   ,    
2026-02-13 00:36:11,        ,       ,  32.9,21896,-67.0,-90.3,-85.6,  3,  5, 0.00,   ,    
2026-02-13 00:36:13,        ,       ,  32.9,21908,-67.0,-90.3,-85.6,  3,  5, 0.00,   ,    
2026-02-13 00:36:15,        ,       ,  32.8,21921,-67.1,-90.3,-85.6,  3,  5, 0.00,   ,    
2026-02-13 00:36:17,        ,       ,  32.7,21933,-67.1,-90.4,-85.6,  3,  5, 0.00,   ,    
2026-02-13 00:36:19,        ,       ,  32.6,21944,-67.2,-90.4,-85.7,  3,  5, 0.00,   ,    
2026-02-13 00:36:21,        ,       ,  32.6,21956,-67.2,-90.4,-85.7,  3,  5, 0.00,   ,    
2026-02-13 00:36:23,        ,       ,  32.5,21968,-67.3,-90.5,-85.7,  3,  5, 0.00,   ,    
2026-02-13 00:36:25,        ,       ,  32.5,21981,-67.4,-90.5,-85.8,  3,  5, 0.00,   ,    
2026-02-13 00:36:27,        ,       ,  32.4,21993,-67.4,-90.6,-85.8,  3,  5, 0.00,   ,    
2026-02-13 00:36:29,        ,       ,  32.3,22006,-67.5,-90.6,-85.9,  3,  5, 0.00,   ,    
2026-02-13 00:36:31,        ,       ,  32.3,22018,-67.5,-90.6,-85.9,  3,  5, 0.00,   ,    
2026-02-13 00:36:33,        ,       ,  32.2,22030,-67.5,-90.7,-85.9,  3,  5, 0.00,   ,    
2026-02-13 00:36:35,        ,       ,  32.1,22042,-67.6,-90.7,-85.9,  3,  5, 0.00,   ,    
2026-02-13 00:36:37,        ,       ,  32.1,22054,-67.6,-90.7,-86.0,  3,  5, 0.00,   ,    
2026-02-13 00:36:39,        ,       ,  32.0,22065,-67.6,-90.8,-86.0,  3,  5, 0.00,   ,    
2026-02-13 00:36:41,        ,       ,  31.9,22077,-67.6,-90.8,-86.1,  3,  5, 0.00,   ,    
2026-02-13 00:36:43,        ,       ,  31.9,22089,-67.5,-90.8,-86.0,  3,  5, 0.00,   ,    
2026-02-13 00:36:45,        ,       ,  31.8,22102,-67.4,-90.7,-86.0,  3,  5, 0.00,   ,    
2026-02-13 00:36:47,        ,       ,  31.8,22114,-67.3,-90.7,-86.0,  3,  5, 0.00,   ,    
2026-02-13 00:36:49,        ,       ,  31.7,22126,-67.3,-90.7,-86.0,  3,  5, 0.00,   ,    
2026-02-13 00:36:51,        ,       ,  31.6,22138,-67.3,-90.8,-86.0,  3,  5, 0.00,   ,    
2026-02-13 00:36:53,        ,       ,  31.6,22150,-67.2,-90.8,-86.0,  3,  5, 0.00,   ,    
2026-02-13 00:36:55,        ,       ,  31.5,22162,-67.1,-90.7,-86.0,  3,  5, 0.00,   ,    
2026-02-13 00:36:57,        ,       ,  31.4,22174,-67.1,-90.8,-86.0,  3,  5, 0.00,   ,    
2026-02-13 00:36:59,        ,       ,  31.4,22186,-67.2,-90.8,-86.1,  3,  5, 0.00,   ,    
2026-02-13 00:37:01,        ,       ,  31.3,22198,-67.2,-90.8,-86.1,  3,  5, 0.00,   ,    
2026-02-13 00:37:03,        ,       ,  31.2,22209,-67.1,-90.8,-86.1,  3,  5, 0.00,   ,    
2026-02-13 00:37:05,        ,       ,  31.2,22220,-67.1,-90.8,-86.0,  3,  5, 0.00,   ,    
2026-02-13 00:37:07,        ,       ,  31.1,22231,-67.0,-90.7,-86.0,  3,  5, 0.00,   ,    
2026-02-13 00:37:09,        ,       ,  31.1,22242,-66.9,-90.6,-85.9,  3,  5, 0.00,   ,    
2026-02-13 00:37:11,        ,       ,  31.0,22253,-66.9,-90.6,-85.8,  3,  5, 0.00,   ,    
2026-02-13 00:37:13,        ,       ,  31.0,22264,-66.8,-90.5,-85.8,  3,  5, 0.00,   ,    
2026-02-13 00:37:15,        ,       ,  30.9,22276,-66.8,-90.5,-85.8,  3,  5, 0.00,   ,    
2026-02-13 00:37:17,        ,       ,  30.9,22288,-66.9,-90.6,-85.8,  3,  5, 0.00,   ,    
2026-02-13 00:37:19,        ,       ,  30.8,22300,-67.0,-90.6,-85.9,  3,  5, 0.00,   ,    
2026-02-13 00:37:21,        ,       ,  30.7,22312,-67.0,-90.7,-85.9,  3,  5, 0.00,   ,    
2026-02-13 00:37:23,        ,       ,  30.7,22325,-67.1,-90.7,-86.0,  3,  5, 0.00,   ,    
2026-02-13 00:37:25,        ,       ,  30.6,22337,-67.2,-90.8,-86.0,  3,  5, 0.00,   ,    
2026-02-13 00:37:27,        ,       ,  30.5,22349,-67.2,-90.8,-86.1,  3,  5, 0.00,   ,    
2026-02-13 00:37:29,        ,       ,  30.5,22360,-67.2,-90.8,-86.0,  3,  5, 0.00,   ,    
2026-02-13 00:37:31,        ,       ,  30.4,22372,-67.2,-90.7,-86.0,  3,  5, 0.00,   ,    
2026-02-13 00:37:33,        ,       ,  30.4,22383,-67.1,-90.7,-85.9,  3,  5, 0.00,   ,    
2026-02-13 00:37:35,        ,       ,  30.3,22395,-67.1,-90.7,-85.9,  3,  5, 0.00,   ,    
2026-02-13 00:37:37,        ,       ,  30.2,22406,-67.1,-90.7,-86.0,  3,  5, 0.00,   ,    
2026-02-13 00:37:39,        ,       ,  30.2,22418,-67.2,-90.8,-86.0,  3,  5, 0.00,   ,    
2026-02-13 00:37:41,        ,       ,  30.1,22430,-67.2,-90.8,-86.1,  3,  5, 0.00,   ,    
2026-02-13 00:37:43,        ,       ,  30.1,22441,-67.1,-90.8,-86.0,  3,  5, 0.00,   ,    
2026-02-13 00:37:45,        ,       ,  30.0,22451,-67.1,-90.7,-86.0,  3,  5, 0.00,   ,    
2026-02-13 00:37:46,        ,       ,  30.0,22456,-67.1,-90.8,-86.0,  3,  5, 0.00,   ,    
2026-02-13 00:37:47,        ,       ,  30.0,22462,-67.1,-90.8,-86.0,  3,  5, 0.00,   ,    
2026-02-13 00:37:49,        ,       ,  29.9,22472,-67.1,-90.9,-86.1,  3,  5, 0.00,   ,    
2026-02-13 00:37:51,        ,       ,  29.9,22482,-67.2,-90.9,-86.2,  3,  5, 0.00,   ,    
2026-02-13 00:37:53,        ,       ,  29.8,22494,-67.1,-90.9,-86.1,  2,  5, 0.00,   ,    
2026-02-13 00:37:55,        ,       ,  29.8,22505,-66.9,-90.8,-86.1,  2,  5, 0.00,   ,    
2026-02-13 00:37:57,        ,       ,  29.7,22516,-66.8,-90.8,-86.0,  2,  5, 0.00,   ,    
2026-02-13 00:37:59,        ,       ,  29.6,22527,-66.9,-90.8,-86.1,  2,  5, 0.00,   ,    
2026-02-13 00:38:01,        ,       ,  29.6,22538,-66.9,-90.9,-86.1,  2,  5, 0.00,   ,    
2026-02-13 00:38:03,        ,       ,  29.5,22548,-66.8,-90.9,-86.1,  2,  5, 0.00,   ,    
2026-02-13 00:38:05,        ,       ,  29.5,22559,-66.8,-90.9,-86.1,  2,  5, 0.00,   ,    
2026-02-13 00:38:07,        ,       ,  29.4,22570,-66.9,-90.9,-86.2,  2,  5, 0.00,   ,    
2026-02-13 00:38:09,        ,       ,  29.4,22581,-66.9,-90.9,-86.2,  2,  5, 0.00,   ,    
2026-02-13 00:38:11,        ,       ,  29.3,22591,-66.8,-90.9,-86.2,  2,  5, 0.00,   ,    
2026-02-13 00:38:13,        ,       ,  29.3,22602,-66.7,-90.8,-86.0,  2,  5, 0.00,   ,    
2026-02-13 00:38:15,        ,       ,  29.2,22613,-66.5,-90.7,-85.9,  2,  5, 0.00,   ,    
2026-02-13 00:38:17,        ,       ,  29.2,22624,-66.6,-90.7,-85.9,  2,  5, 0.00,   ,    
2026-02-13 00:38:19,        ,       ,  29.1,22635,-66.6,-90.7,-85.9,  2,  5, 0.00,   ,    
2026-02-13 00:38:21,        ,       ,  29.1,22647,-66.7,-90.7,-86.0,  2,  5, 0.00,   ,    
2026-02-13 00:38:23,        ,       ,  29.0,22658,-66.7,-90.7,-86.0,  2,  5, 0.00,   ,    
2026-02-13 00:38:25,        ,       ,  29.0,22669,-66.7,-90.7,-85.9,  2,  5, 0.00,   ,    
2026-02-13 00:38:27,        ,       ,  28.9,22680,-66.7,-90.7,-85.9,  2,  5, 0.00,   ,    
2026-02-13 00:38:29,        ,       ,  28.9,22691,-66.8,-90.7,-86.0,  2,  5, 0.00,   ,    
2026-02-13 00:38:31,        ,       ,  28.8,22702,-66.9,-90.8,-86.0,  2,  5, 0.00,   ,    
2026-02-13 00:38:33,        ,       ,  28.7,22714,-67.0,-90.8,-86.1,  2,  5, 0.00,   ,    
2026-02-13 00:38:35,        ,       ,  28.7,22725,-67.0,-90.9,-86.2,  2,  5, 0.00,   ,    
2026-02-13 00:38:37,        ,       ,  28.6,22736,-67.1,-91.0,-86.2,  2,  5, 0.00,   ,    
2026-02-13 00:38:39,        ,       ,  28.6,22747,-67.2,-91.0,-86.3,  2,  5, 0.00,   ,    
2026-02-13 00:38:41,        ,       ,  28.5,22758,-67.1,-91.0,-86.3,  2,  5, 0.00,   ,    
2026-02-13 00:38:43,        ,       ,  28.5,22768,-67.1,-91.1,-86.3,  2,  5, 0.00,   ,    
2026-02-13 00:38:45,        ,       ,  28.4,22778,-67.0,-91.1,-86.3,  2,  5, 0.00,   ,    
2026-02-13 00:38:47,        ,       ,  28.4,22788,-66.9,-91.0,-86.3,  2,  5, 0.00,   ,    
2026-02-13 00:38:49,        ,       ,  28.3,22799,-66.7,-91.0,-86.2,  2,  4, 0.00,   ,    
2026-02-13 00:38:51,        ,       ,  28.3,22811,-66.6,-90.9,-86.2,  2,  4, 0.00,   ,    
2026-02-13 00:38:53,        ,       ,  28.2,22823,-66.6,-91.0,-86.2,  2,  4, 0.00,   ,    
2026-02-13 00:38:55,        ,       ,  28.2,22834,-66.6,-91.0,-86.3,  2,  4, 0.00,   ,    
2026-02-13 00:38:57,        ,       ,  28.1,22846,-66.6,-91.1,-86.3,  2,  4, 0.00,   ,    
2026-02-13 00:38:59,        ,       ,  28.1,22857,-66.5,-91.1,-86.4,  2,  4, 0.00,   ,    
2026-02-13 00:39:01,        ,       ,  28.0,22868,-66.4,-91.1,-86.3,  2,  4, 0.00,   ,    
2026-02-13 00:39:03,        ,       ,  28.0,22879,-66.3,-91.0,-86.3,  2,  4, 0.00,   ,    
2026-02-13 00:39:05,        ,       ,  27.9,22890,-66.1,-90.9,-86.2,  2,  4, 0.00,   ,    
2026-02-13 00:39:07,        ,       ,  27.9,22901,-66.0,-90.9,-86.1,  2,  4, 0.00,   ,    
2026-02-13 00:39:09,        ,       ,  27.8,22912,-66.0,-90.9,-86.2,  2,  4, 0.00,   ,    
2026-02-13 00:39:11,        ,       ,  27.8,22924,-66.0,-90.9,-86.2,  2,  4, 0.00,   ,    
2026-02-13 00:39:13,        ,       ,  27.7,22934,-65.9,-90.9,-86.1,  2,  4, 0.00,   ,    
2026-02-13 00:39:15,        ,       ,  27.7,22946,-65.8,-90.8,-86.1,  2,  4, 0.00,   ,    
2026-02-13 00:39:17,        ,       ,  27.6,22957,-65.8,-90.8,-86.1,  2,  4, 0.00,   ,    
2026-02-13 00:39:19,        ,       ,  27.6,22968,-65.8,-90.8,-86.1,  2,  4, 0.00,   ,    
2026-02-13 00:39:21,        ,       ,  27.5,22979,-65.9,-90.8,-86.1,  2,  4, 0.00,   ,    
2026-02-13 00:39:23,        ,       ,  27.5,22990,-65.9,-90.9,-86.1,  2,  4, 0.00,   ,    
2026-02-13 00:39:25,        ,       ,  27.4,23001,-65.9,-90.9,-86.1,  2,  4, 0.00,   ,    
2026-02-13 00:39:27,        ,       ,  27.4,23013,-65.9,-90.9,-86.1,  2,  4, 0.00,   ,    
2026-02-13 00:39:29,        ,       ,  27.3,23024,-65.9,-90.9,-86.1,  2,  4, 0.00,   ,    
2026-02-13 00:39:31,        ,       ,  27.3,23035,-65.9,-90.8,-86.1,  2,  4, 0.00,   ,    
2026-02-13 00:39:33,        ,       ,  27.2,23046,-65.8,-90.8,-86.1,  2,  4, 0.00,   ,    
2026-02-13 00:39:35,        ,       ,  27.2,23057,-65.8,-90.8,-86.0,  2,  4, 0.00,   ,    
2026-02-13 00:39:37,        ,       ,  27.1,23068,-65.7,-90.7,-85.9,  2,  4, 0.00,   ,    
2026-02-13 00:39:39,        ,       ,  27.1,23079,-65.7,-90.7,-85.9,  2,  4, 0.00,   ,    
2026-02-13 00:39:41,        ,       ,  27.0,23090,-65.7,-90.7,-86.0,  2,  4, 0.00,   ,    
2026-02-13 00:39:43,        ,       ,  27.0,23102,-65.7,-90.8,-86.0,  2,  4, 0.00,   ,    
2026-02-13 00:39:45,        ,       ,  26.9,23112,-65.7,-90.8,-86.0,  2,  4, 0.00,   ,    
2026-02-13 00:39:47,        ,       ,  26.9,23124,-65.8,-90.8,-86.1,  2,  4, 0.00,   ,    
2026-02-13 00:39:49,        ,       ,  26.8,23135,-65.8,-90.9,-86.1,  2,  4, 0.00,   ,    
2026-02-13 00:39:51,        ,       ,  26.8,23148,-65.7,-90.8,-86.1,  2,  4, 0.00,   ,    
2026-02-13 00:39:53,        ,       ,  26.7,23159,-65.6,-90.8,-86.1,  2,  4, 0.00,   ,    
2026-02-13 00:39:55,        ,       ,  26.7,23171,-65.4,-90.7,-86.0,  2,  4, 0.00,   ,    
2026-02-13 00:39:57,        ,       ,  26.6,23182,-65.3,-90.6,-85.9,  2,  4, 0.00,   ,    
2026-02-13 00:39:59,        ,       ,  26.6,23194,-65.3,-90.7,-86.0,  2,  4, 0.00,   ,    
2026-02-13 00:40:01,        ,       ,  26.5,23206,-65.3,-90.8,-86.0,  2,  4, 0.00,   ,    
2026-02-13 00:40:03,        ,       ,  26.4,23218,-65.3,-90.8,-86.1,  2,  4, 0.00,   ,    
2026-02-13 00:40:05,        ,       ,  26.4,23229,-65.2,-90.8,-86.1,  2,  4, 0.00,   ,    
2026-02-13 00:40:07,        ,       ,  26.4,23240,-65.2,-90.8,-86.1,  2,  4, 0.00,   ,    
2026-02-13 00:40:09,        ,       ,  26.3,23252,-65.1,-90.8,-86.1,  2,  4, 0.00,   ,    
2026-02-13 00:40:11,        ,       ,  26.2,23264,-65.0,-90.8,-86.0,  2,  4, 0.00,   ,    
2026-02-13 00:40:13,        ,       ,  26.2,23276,-64.9,-90.7,-86.0,  2,  4, 0.00,   ,    
2026-02-13 00:40:15,        ,       ,  26.1,23289,-64.8,-90.7,-85.9,  2,  4, 0.00,   ,    
2026-02-13 00:40:17,        ,       ,  26.1,23302,-64.8,-90.7,-86.0,  2,  4, 0.00,   ,    
2026-02-13 00:40:19,        ,       ,  26.0,23315,-64.8,-90.8,-86.0,  2,  4, 0.00,   ,    
2026-02-13 00:40:21,        ,       ,  26.0,23328,-64.8,-90.8,-86.1,  2,  3, 0.00,   ,    
2026-02-13 00:40:23,        ,       ,  25.9,23341,-64.7,-90.8,-86.0,  2,  3, 0.00,   ,    
2026-02-13 00:40:25,        ,       ,  25.9,23355,-64.6,-90.7,-86.0,  2,  3, 0.00,   ,    
2026-02-13 00:40:27,        ,       ,  25.8,23369,-64.5,-90.7,-85.9,  2,  3, 0.00,   ,    
2026-02-13 00:40:29,        ,       ,  25.8,23382,-64.3,-90.6,-85.8,  2,  3, 0.00,   ,    
2026-02-13 00:40:31,        ,       ,  25.7,23395,-64.4,-90.7,-85.9,  2,  3, 0.00,   ,    
2026-02-13 00:40:33,        ,       ,  25.6,23407,-64.4,-90.8,-86.0,  2,  3, 0.00,   ,    
2026-02-13 00:40:35,        ,       ,  25.6,23419,-64.5,-90.8,-86.1,  2,  3, 0.00,   ,    
2026-02-13 00:40:37,        ,       ,  25.5,23432,-64.5,-90.9,-86.1,  2,  3, 0.00,   ,    
2026-02-13 00:40:39,        ,       ,  25.5,23446,-64.5,-90.9,-86.2,  2,  3, 0.00,   ,    
2026-02-13 00:40:41,        ,       ,  25.4,23460,-64.4,-90.9,-86.2,  2,  3, 0.00,   ,    
2026-02-13 00:40:43,        ,       ,  25.4,23473,-64.3,-90.9,-86.1,  2,  3, 0.00,   ,    
2026-02-13 00:40:45,        ,       ,  25.3,23486,-64.0,-90.8,-86.0,  2,  3, 0.00,   ,    
2026-02-13 00:40:47,        ,       ,  25.3,23499,-63.9,-90.7,-85.9,  2,  3, 0.00,   ,    
2026-02-13 00:40:49,        ,       ,  25.2,23512,-63.7,-90.6,-85.9,  2,  3, 0.00,   ,    
2026-02-13 00:40:51,        ,       ,  25.1,23525,-63.6,-90.6,-85.8,  2,  3, 0.00,   ,    
2026-02-13 00:40:53,        ,       ,  25.1,23538,-63.5,-90.6,-85.8,  2,  3, 0.01,   ,    
2026-02-13 00:40:55,        ,       ,  25.1,23551,-63.5,-90.5,-85.8,  2,  3, 0.01,   ,    
2026-02-13 00:40:57,        ,       ,  25.0,23565,-63.4,-90.5,-85.7,  2,  3, 0.01,   ,    
2026-02-13 00:40:59,        ,       ,  24.9,23580,-63.2,-90.4,-85.6,  2,  3, 0.01,   ,    
2026-02-13 00:41:01,        ,       ,  24.9,23592,-63.1,-90.3,-85.5,  2,  3, 0.01,   ,    
2026-02-13 00:41:03,        ,       ,  24.8,23606,-63.0,-90.2,-85.5,  2,  3, 0.01,   ,    
2026-02-13 00:41:05,        ,       ,  24.8,23618,-63.1,-90.2,-85.5,  2,  3, 0.01,   ,    
2026-02-13 00:41:07,        ,       ,  24.7,23630,-63.1,-90.3,-85.5,  2,  3, 0.01,   ,    
2026-02-13 00:41:09,        ,       ,  24.7,23643,-63.2,-90.3,-85.5,  2,  3, 0.01,   ,    
2026-02-13 00:41:11,        ,       ,  24.6,23656,-63.2,-90.3,-85.5,  2,  3, 0.01,   ,    
2026-02-13 00:41:13,        ,       ,  24.6,23668,-63.2,-90.2,-85.5,  2,  3, 0.01,   ,    
2026-02-13 00:41:15,        ,       ,  24.5,23682,-63.2,-90.2,-85.5,  2,  3, 0.01,   ,    
2026-02-13 00:41:17,        ,       ,  24.5,23695,-63.3,-90.2,-85.4,  2,  3, 0.01,   ,    
2026-02-13 00:41:19,        ,       ,  24.4,23709,-63.3,-90.2,-85.4,  2,  3, 0.01,   ,    
2026-02-13 00:41:21,        ,       ,  24.4,23723,-63.3,-90.1,-85.4,  2,  3, 0.01,   ,    
2026-02-13 00:41:23,        ,       ,  24.3,23736,-63.4,-90.2,-85.4,  2,  3, 0.01,   ,    
2026-02-13 00:41:25,        ,       ,  24.2,23750,-63.4,-90.2,-85.5,  2,  3, 0.01,   ,    
2026-02-13 00:41:27,        ,       ,  24.2,23764,-63.4,-90.2,-85.5,  2,  3, 0.01,   ,    
2026-02-13 00:41:29,        ,       ,  24.1,23778,-63.5,-90.2,-85.5,  2,  3, 0.01,   ,    
2026-02-13 00:41:31,        ,       ,  24.1,23791,-63.4,-90.2,-85.4,  2,  3, 0.01,   ,    
2026-02-13 00:41:33,        ,       ,  24.0,23805,-63.4,-90.2,-85.4,  2,  3, 0.01,   ,    
2026-02-13 00:41:35,        ,       ,  24.0,23818,-63.4,-90.2,-85.4,  2,  3, 0.01,   ,    
2026-02-13 00:41:37,        ,       ,  23.9,23831,-63.3,-90.1,-85.3,  2,  3, 0.01,   ,    
2026-02-13 00:41:39,        ,       ,  23.9,23844,-63.2,-90.0,-85.2,  2,  3, 0.01,   ,    
2026-02-13 00:41:41,        ,       ,  23.8,23857,-63.2,-90.0,-85.3,  2,  3, 0.01,   ,    
2026-02-13 00:41:43,        ,       ,  23.8,23870,-63.3,-90.1,-85.4,  2,  3, 0.01,   ,    
2026-02-13 00:41:45,        ,       ,  23.7,23882,-63.4,-90.2,-85.4,  2,  3, 0.01,   ,    
2026-02-13 00:41:47,        ,       ,  23.7,23895,-63.4,-90.2,-85.5,  2,  3, 0.01,   ,    
2026-02-13 00:41:49,        ,       ,  23.6,23908,-63.5,-90.2,-85.5,  2,  3, 0.01,   ,    
2026-02-13 00:41:51,        ,       ,  23.6,23922,-63.5,-90.3,-85.5,  2,  3, 0.01,   ,    
2026-02-13 00:41:53,        ,       ,  23.5,23936,-63.5,-90.3,-85.5,  2,  3, 0.01,   ,    
2026-02-13 00:41:55,        ,       ,  23.5,23950,-63.5,-90.3,-85.5,  2,  3, 0.01,   ,    
2026-02-13 00:41:57,        ,       ,  23.4,23964,-63.5,-90.3,-85.5,  2,  3, 0.01,   ,    
2026-02-13 00:41:59,        ,       ,  23.4,23978,-63.4,-90.2,-85.5,  2,  3, 0.01,   ,    
2026-02-13 00:42:01,        ,       ,  23.3,23991,-63.2,-90.1,-85.4,  2,  3, 0.01,   ,    
2026-02-13 00:42:03,        ,       ,  23.3,24004,-63.3,-90.2,-85.4,  2,  3, 0.01,   ,    
2026-02-13 00:42:05,        ,       ,  23.2,24017,-63.3,-90.2,-85.5,  2,  3, 0.01,   ,    
2026-02-13 00:42:07,        ,       ,  23.2,24030,-63.3,-90.2,-85.5,  2,  3, 0.01,   ,    
2026-02-13 00:42:09,        ,       ,  23.1,24043,-63.2,-90.2,-85.4,  2,  3, 0.01,   ,    
2026-02-13 00:42:11,        ,       ,  23.1,24056,-63.1,-90.1,-85.4,  2,  3, 0.01,   ,    
2026-02-13 00:42:13,        ,       ,  23.0,24068,-63.1,-90.1,-85.3,  2,  3, 0.01,   ,    
2026-02-13 00:42:15,        ,       ,  23.0,24081,-63.0,-90.0,-85.3,  2,  3, 0.01,   ,    
2026-02-13 00:42:17,        ,       ,  22.9,24094,-62.9,-90.0,-85.2,  2,  3, 0.01,   ,    
2026-02-13 00:42:19,        ,       ,  22.9,24107,-62.9,-89.9,-85.2,  2,  3, 0.01,   ,    
2026-02-13 00:42:21,        ,       ,  22.8,24119,-62.9,-90.0,-85.2,  2,  3, 0.01,   ,    
2026-02-13 00:42:23,        ,       ,  22.8,24131,-63.0,-90.0,-85.3,  2,  3, 0.01,   ,    
2026-02-13 00:42:25,        ,       ,  22.7,24144,-63.1,-90.1,-85.3,  2,  3, 0.01,   ,    
2026-02-13 00:42:27,        ,       ,  22.7,24156,-63.1,-90.1,-85.3,  2,  3, 0.01,   ,    
2026-02-13 00:42:29,        ,       ,  22.6,24169,-63.2,-90.1,-85.4,  2,  3, 0.01,   ,    
2026-02-13 00:42:31,        ,       ,  22.6,24183,-63.2,-90.1,-85.4,  2,  3, 0.01,   ,    
2026-02-13 00:42:33,        ,       ,  22.6,24196,-63.3,-90.2,-85.4,  2,  3, 0.01,   ,    
2026-02-13 00:42:35,        ,       ,  22.5,24209,-63.3,-90.2,-85.5,  2,  3, 0.01,   ,    
2026-02-13 00:42:37,        ,       ,  22.4,24222,-63.4,-90.2,-85.5,  2,  3, 0.01,   ,    
2026-02-13 00:42:39,        ,       ,  22.4,24235,-63.4,-90.3,-85.5,  2,  3, 0.01,   ,    
2026-02-13 00:42:41,        ,       ,  22.4,24248,-63.3,-90.2,-85.5,  2,  3, 0.01,   ,    
2026-02-13 00:42:43,        ,       ,  22.3,24261,-63.3,-90.2,-85.5,  2,  3, 0.01,   ,    
2026-02-13 00:42:45,        ,       ,  22.3,24275,-63.3,-90.2,-85.5,  2,  3, 0.01,   ,    
2026-02-13 00:42:47,        ,       ,  22.2,24288,-63.3,-90.3,-85.5,  2,  3, 0.01,   ,    
2026-02-13 00:42:49,        ,       ,  22.2,24301,-63.3,-90.3,-85.5,  2,  3, 0.01,   ,    
2026-02-13 00:42:51,        ,       ,  22.1,24314,-63.1,-90.2,-85.4,  2,  3, 0.01,   ,    
2026-02-13 00:42:53,        ,       ,  22.1,24325,-63.0,-90.1,-85.4,  2,  3, 0.01,   ,    
2026-02-13 00:42:55,        ,       ,  22.0,24338,-62.9,-90.1,-85.3,  2,  3, 0.01,   ,    
2026-02-13 00:42:57,        ,       ,  22.0,24350,-62.9,-90.0,-85.3,  2,  3, 0.01,   ,    
2026-02-13 00:42:59,        ,       ,  21.9,24363,-62.8,-90.0,-85.3,  2,  3, 0.01,   ,    
2026-02-13 00:43:01,        ,       ,  21.9,24375,-62.7,-89.9,-85.2,  2,  3, 0.01,   ,    
2026-02-13 00:43:03,        ,       ,  21.9,24387,-62.8,-90.0,-85.2,  2,  3, 0.01,   ,    
2026-02-13 00:43:05,        ,       ,  21.8,24400,-62.9,-90.1,-85.3,  2,  3, 0.01,   ,    
2026-02-13 00:43:07,        ,       ,  21.8,24412,-63.0,-90.1,-85.4,  2,  3, 0.01,   ,    
2026-02-13 00:43:09,        ,       ,  21.7,24426,-63.1,-90.2,-85.4,  2,  3, 0.01,   ,    
2026-02-13 00:43:11,        ,       ,  21.7,24439,-63.2,-90.2,-85.5,  2,  3, 0.01,   ,    
2026-02-13 00:43:13,        ,       ,  21.6,24452,-63.3,-90.3,-85.5,  2,  3, 0.01,   ,    
2026-02-13 00:43:15,        ,       ,  21.6,24464,-63.3,-90.3,-85.6,  2,  3, 0.01,   ,    
2026-02-13 00:43:17,        ,       ,  21.5,24477,-63.3,-90.3,-85.6,  2,  3, 0.01,   ,    
2026-02-13 00:43:19,        ,       ,  21.5,24489,-63.3,-90.3,-85.6,  2,  3, 0.01,   ,    
2026-02-13 00:43:21,        ,       ,  21.4,24502,-63.3,-90.3,-85.5,  2,  3, 0.01,   ,    
2026-02-13 00:43:23,        ,       ,  21.4,24515,-63.2,-90.2,-85.5,  2,  3, 0.01,   ,    
2026-02-13 00:43:25,        ,       ,  21.4,24527,-63.3,-90.3,-85.5,  2,  3, 0.01,   ,    
2026-02-13 00:43:27,        ,       ,  21.3,24539,-63.3,-90.3,-85.6,  2,  3, 0.01,   ,    
2026-02-13 00:43:29,        ,       ,  21.3,24551,-63.2,-90.3,-85.5,  2,  3, 0.01,   ,    
2026-02-13 00:43:31,        ,       ,  21.2,24564,-63.1,-90.3,-85.5,  2,  3, 0.01,   ,    
2026-02-13 00:43:33,        ,       ,  21.2,24576,-63.0,-90.3,-85.5,  2,  3, 0.01,   ,    
2026-02-13 00:43:35,        ,       ,  21.2,24588,-63.1,-90.4,-85.6,  2,  3, 0.01,   ,    
2026-02-13 00:43:37,        ,       ,  21.1,24600,-63.1,-90.4,-85.7,  2,  3, 0.01,   ,    
2026-02-13 00:43:39,        ,       ,  21.1,24613,-63.0,-90.4,-85.6,  2,  3, 0.01,   ,    
2026-02-13 00:43:41,        ,       ,  21.0,24625,-62.8,-90.3,-85.6,  2,  3, 0.01,   ,    
2026-02-13 00:43:43,        ,       ,  21.0,24637,-62.7,-90.3,-85.6,  2,  3, 0.01,   ,    
2026-02-13 00:43:45,        ,       ,  20.9,24649,-62.7,-90.3,-85.6,  2,  3, 0.01,   ,    
2026-02-13 00:43:47,        ,       ,  20.9,24662,-62.7,-90.3,-85.6,  2,  3, 0.01,   ,    
2026-02-13 00:43:49,        ,       ,  20.9,24675,-62.6,-90.3,-85.6,  2,  3, 0.01,   ,    
2026-02-13 00:43:51,        ,       ,  20.8,24688,-62.5,-90.3,-85.5,  2,  3, 0.01,   ,    
2026-02-13 00:43:53,        ,       ,  20.8,24700,-62.5,-90.3,-85.5,  1,  3, 0.01,   ,    
2026-02-13 00:43:55,        ,       ,  20.7,24712,-62.4,-90.3,-85.6,  1,  3, 0.01,   ,    
2026-02-13 00:43:57,        ,       ,  20.7,24725,-62.3,-90.2,-85.5,  1,  3, 0.01,   ,    
2026-02-13 00:43:59,        ,       ,  20.6,24737,-62.2,-90.2,-85.4,  1,  3, 0.01,   ,    
2026-02-13 00:44:01,        ,       ,  20.6,24749,-62.3,-90.3,-85.5,  1,  3, 0.01,   ,    
2026-02-13 00:44:03,        ,       ,  20.6,24760,-62.3,-90.3,-85.6,  1,  3, 0.01,   ,    
2026-02-13 00:44:05,        ,       ,  20.5,24771,-62.3,-90.3,-85.6,  1,  3, 0.01,   ,    
2026-02-13 00:44:07,        ,       ,  20.5,24783,-62.2,-90.3,-85.5,  1,  3, 0.01,   ,    
2026-02-13 00:44:09,        ,       ,  20.5,24796,-62.0,-90.2,-85.5,  1,  3, 0.01,   ,    
2026-02-13 00:44:11,        ,       ,  20.4,24808,-62.0,-90.2,-85.4,  1,  3, 0.01,   ,    
2026-02-13 00:44:13,        ,       ,  20.4,24820,-61.9,-90.2,-85.4,  1,  3, 0.01,   ,    
2026-02-13 00:44:15,        ,       ,  20.3,24832,-61.8,-90.1,-85.4,  1,  3, 0.01,   ,    
2026-02-13 00:44:17,        ,       ,  20.3,24843,-61.8,-90.1,-85.3,  1,  3, 0.01,   ,    
2026-02-13 00:44:19,        ,       ,  20.3,24855,-61.7,-90.0,-85.3,  1,  3, 0.01,   ,    
2026-02-13 00:44:21,        ,       ,  20.2,24868,-61.5,-89.9,-85.2,  1,  3, 0.01,   ,    
2026-02-13 00:44:23,        ,       ,  20.2,24880,-61.3,-89.8,-85.1,  1,  3, 0.01,   ,    
2026-02-13 00:44:25,        ,       ,  20.1,24892,-61.4,-89.8,-85.1,  1,  3, 0.01,   ,    
2026-02-13 00:44:27,        ,       ,  20.1,24904,-61.4,-89.8,-85.1,  1,  3, 0.01,   ,    
2026-02-13 00:44:29,        ,       ,  20.1,24915,-61.4,-89.8,-85.0,  1,  3, 0.01,   ,    
2026-02-13 00:44:31,        ,       ,  20.0,24927,-61.3,-89.7,-85.0,  1,  3, 0.01,   ,    
2026-02-13 00:44:32,        ,       ,  20.0,24935,-61.3,-89.7,-85.0,  1,  3, 0.01,   ,    
2026-02-13 00:44:33,        ,       ,  20.0,24939,-61.3,-89.7,-85.0,  1,  3, 0.01,   ,    
2026-02-13 00:44:35,        ,       ,  19.9,24951,-61.4,-89.8,-85.0,  1,  3, 0.01,   ,    
2026-02-13 00:44:37,        ,       ,  19.9,24963,-61.4,-89.8,-85.0,  1,  3, 0.01,   ,    
2026-02-13 00:44:39,        ,       ,  19.9,24975,-61.5,-89.8,-85.1,  1,  3, 0.01,   ,    
2026-02-13 00:44:41,        ,       ,  19.8,24987,-61.5,-89.8,-85.1,  1,  3, 0.01,   ,    
2026-02-13 00:44:43,        ,       ,  19.8,25000,-61.6,-89.9,-85.1,  1,  3, 0.01,   ,    
2026-02-13 00:44:45,        ,       ,  19.8,25014,-61.5,-89.8,-85.1,  1,  3, 0.01,   ,    
2026-02-13 00:44:47,        ,       ,  19.7,25026,-61.4,-89.8,-85.0,  1,  3, 0.01,   ,    
2026-02-13 00:44:49,        ,       ,  19.7,25038,-61.3,-89.7,-85.0,  1,  3, 0.01,   ,    
2026-02-13 00:44:51,        ,       ,  19.6,25050,-61.3,-89.7,-85.0,  1,  3, 0.01,   ,    
2026-02-13 00:44:53,        ,       ,  19.6,25062,-61.3,-89.7,-85.0,  1,  3, 0.01,   ,    
2026-02-13 00:44:55,        ,       ,  19.6,25074,-61.2,-89.8,-85.0,  1,  3, 0.01,   ,    
2026-02-13 00:44:57,        ,       ,  19.5,25086,-61.1,-89.7,-84.9,  1,  3, 0.01,   ,    
2026-02-13 00:44:59,        ,       ,  19.5,25098,-60.9,-89.6,-84.8,  1,  3, 0.01,   ,    
2026-02-13 00:45:01,        ,       ,  19.4,25110,-60.8,-89.6,-84.8,  1,  2, 0.01,   ,    
2026-02-13 00:45:03,        ,       ,  19.4,25123,-60.7,-89.5,-84.8,  1,  2, 0.01,   ,    
2026-02-13 00:45:05,        ,       ,  19.4,25136,-60.7,-89.6,-84.8,  1,  2, 0.01,   ,    
2026-02-13 00:45:07,        ,       ,  19.3,25149,-60.7,-89.6,-84.8,  1,  2, 0.01,   ,    
2026-02-13 00:45:09,        ,       ,  19.3,25162,-60.7,-89.6,-84.9,  1,  2, 0.01,   ,    
2026-02-13 00:45:11,        ,       ,  19.2,25174,-60.8,-89.7,-84.9,  1,  2, 0.01,   ,    
2026-02-13 00:45:13,        ,       ,  19.2,25187,-60.8,-89.7,-84.9,  1,  2, 0.01,   ,    
2026-02-13 00:45:15,        ,       ,  19.2,25200,-60.7,-89.6,-84.8,  1,  2, 0.01,   ,    
2026-02-13 00:45:17,        ,       ,  19.1,25214,-60.4,-89.4,-84.6,  1,  2, 0.01,   ,    
2026-02-13 00:45:19,        ,       ,  19.1,25227,-60.3,-89.3,-84.6,  1,  2, 0.01,   ,    
2026-02-13 00:45:21,        ,       ,  19.0,25240,-60.3,-89.3,-84.5,  1,  2, 0.01,   ,    
2026-02-13 00:45:23,        ,       ,  19.0,25253,-60.3,-89.3,-84.5,  1,  2, 0.01,   ,    
2026-02-13 00:45:25,        ,       ,  19.0,25266,-60.3,-89.3,-84.5,  1,  2, 0.01,   ,    
2026-02-13 00:45:27,        ,       ,  18.9,25278,-60.4,-89.3,-84.5,  1,  2, 0.01,   ,    
2026-02-13 00:45:29,        ,       ,  18.9,25291,-60.4,-89.3,-84.5,  1,  2, 0.01,   ,    
2026-02-13 00:45:31,        ,       ,  18.9,25303,-60.4,-89.2,-84.5,  1,  2, 0.01,   ,    
2026-02-13 00:45:33,        ,       ,  18.8,25316,-60.4,-89.2,-84.5,  1,  2, 0.01,   ,    
2026-02-13 00:45:35,        ,       ,  18.8,25329,-60.4,-89.2,-84.4,  1,  2, 0.01,   ,    
2026-02-13 00:45:37,        ,       ,  18.7,25341,-60.4,-89.2,-84.5,  1,  3, 0.01,   ,    
2026-02-13 00:45:39,        ,       ,  18.7,25354,-60.5,-89.3,-84.5,  1,  3, 0.01,   ,    
2026-02-13 00:45:41,        ,       ,  18.7,25368,-60.5,-89.3,-84.5,  1,  3, 0.01,   ,    
2026-02-13 00:45:43,        ,       ,  18.6,25381,-60.4,-89.2,-84.5,  1,  3, 0.01,   ,    
2026-02-13 00:45:45,        ,       ,  18.6,25395,-60.5,-89.3,-84.5,  1,  2, 0.01,   ,    
2026-02-13 00:45:47,        ,       ,  18.5,25408,-60.5,-89.3,-84.6,  1,  2, 0.01,   ,    
2026-02-13 00:45:49,        ,       ,  18.5,25421,-60.5,-89.4,-84.6,  1,  2, 0.01,   ,    
2026-02-13 00:45:51,        ,       ,  18.5,25434,-60.4,-89.4,-84.6,  1,  2, 0.01,   ,    
2026-02-13 00:45:53,        ,       ,  18.4,25448,-60.3,-89.3,-84.6,  1,  2, 0.01,   ,    
2026-02-13 00:45:55,        ,       ,  18.4,25461,-60.2,-89.3,-84.6,  1,  2, 0.01,   ,    
2026-02-13 00:45:57,        ,       ,  18.3,25475,-60.2,-89.3,-84.6,  1,  2, 0.01,   ,    
2026-02-13 00:45:59,        ,       ,  18.3,25489,-60.0,-89.3,-84.5,  1,  2, 0.01,   ,    
2026-02-13 00:46:01,        ,       ,  18.3,25502,-59.9,-89.2,-84.5,  1,  2, 0.01,   ,    
2026-02-13 00:46:03,        ,       ,  18.2,25516,-59.8,-89.2,-84.4,  1,  2, 0.01,   ,    
2026-02-13 00:46:05,        ,       ,  18.2,25529,-59.7,-89.2,-84.4,  1,  2, 0.01,   ,    
2026-02-13 00:46:07,        ,       ,  18.1,25542,-59.7,-89.2,-84.4,  1,  2, 0.01,   ,    
2026-02-13 00:46:09,        ,       ,  18.1,25554,-59.6,-89.1,-84.4,  1,  2, 0.01,   ,    
2026-02-13 00:46:11,        ,       ,  18.1,25566,-59.5,-89.1,-84.3,  1,  2, 0.01,   ,    
2026-02-13 00:46:13,        ,       ,  18.0,25579,-59.5,-89.1,-84.4,  1,  2, 0.01,   ,    
2026-02-13 00:46:15,        ,       ,  18.0,25593,-59.5,-89.1,-84.4,  1,  2, 0.01,   ,    
2026-02-13 00:46:17,        ,       ,  17.9,25607,-59.5,-89.1,-84.4,  1,  2, 0.01,   ,    
2026-02-13 00:46:19,        ,       ,  17.9,25620,-59.5,-89.2,-84.4,  1,  2, 0.01,   ,    
2026-02-13 00:46:21,        ,       ,  17.9,25634,-59.5,-89.2,-84.4,  1,  2, 0.01,   ,    
2026-02-13 00:46:23,        ,       ,  17.8,25647,-59.6,-89.2,-84.5,  1,  2, 0.01,   ,    
2026-02-13 00:46:25,        ,       ,  17.8,25660,-59.5,-89.2,-84.5,  1,  2, 0.01,   ,    
2026-02-13 00:46:27,        ,       ,  17.8,25673,-59.4,-89.2,-84.4,  1,  2, 0.01,   ,    
2026-02-13 00:46:29,        ,       ,  17.7,25686,-59.3,-89.1,-84.3,  1,  2, 0.01,   ,    
2026-02-13 00:46:31,        ,       ,  17.7,25699,-59.2,-89.0,-84.3,  1,  2, 0.01,   ,    
2026-02-13 00:46:33,        ,       ,  17.6,25712,-59.1,-88.9,-84.2,  1,  2, 0.01,   ,    
2026-02-13 00:46:35,        ,       ,  17.6,25726,-58.9,-88.9,-84.1,  1,  2, 0.01,   ,    
2026-02-13 00:46:37,        ,       ,  17.6,25739,-58.8,-88.8,-84.0,  1,  2, 0.01,   ,    
2026-02-13 00:46:39,        ,       ,  17.5,25752,-58.8,-88.8,-84.0,  1,  2, 0.01,   ,    
2026-02-13 00:46:41,        ,       ,  17.5,25765,-58.7,-88.7,-84.0,  1,  2, 0.01,   ,    
2026-02-13 00:46:43,        ,       ,  17.5,25777,-58.7,-88.7,-84.0,  1,  2, 0.01,   ,    
2026-02-13 00:46:45,        ,       ,  17.4,25790,-58.7,-88.7,-84.0,  1,  2, 0.01,   ,    
2026-02-13 00:46:47,        ,       ,  17.4,25803,-58.7,-88.7,-84.0,  1,  2, 0.01,   ,    
2026-02-13 00:46:49,        ,       ,  17.4,25816,-58.6,-88.7,-83.9,  1,  2, 0.01,   ,    
2026-02-13 00:46:51,        ,       ,  17.3,25829,-58.6,-88.6,-83.9,  1,  2, 0.01,   ,    
2026-02-13 00:46:53,        ,       ,  17.3,25842,-58.5,-88.6,-83.8,  1,  2, 0.01,   ,    
2026-02-13 00:46:55,        ,       ,  17.3,25855,-58.3,-88.4,-83.7,  1,  2, 0.01,   ,    
2026-02-13 00:46:57,        ,       ,  17.2,25866,-58.2,-88.4,-83.6,  1,  2, 0.01,   ,    
2026-02-13 00:46:59,        ,       ,  17.2,25878,-58.2,-88.4,-83.6,  1,  2, 0.01,   ,    
2026-02-13 00:47:01,        ,       ,  17.2,25891,-58.3,-88.4,-83.6,  1,  2, 0.01,   ,    
2026-02-13 00:47:03,        ,       ,  17.1,25904,-58.3,-88.4,-83.6,  1,  2, 0.01,   ,    
2026-02-13 00:47:05,        ,       ,  17.1,25916,-58.3,-88.4,-83.6,  1,  2, 0.01,   ,    
2026-02-13 00:47:07,        ,       ,  17.1,25928,-58.3,-88.4,-83.6,  1,  2, 0.01,   ,    
2026-02-13 00:47:09,        ,       ,  17.0,25942,-58.3,-88.4,-83.6,  1,  2, 0.01,   ,    
2026-02-13 00:47:11,        ,       ,  17.0,25956,-58.3,-88.4,-83.7,  1,  2, 0.01,   ,    
2026-02-13 00:47:13,        ,       ,  16.9,25971,-58.4,-88.5,-83.8,  1,  2, 0.01,   ,    
2026-02-13 00:47:15,        ,       ,  16.9,25985,-58.5,-88.6,-83.9,  1,  2, 0.01,   ,    
2026-02-13 00:47:17,        ,       ,  16.9,25999,-58.6,-88.7,-83.9,  1,  2, 0.01,   ,    
2026-02-13 00:47:19,        ,       ,  16.8,26012,-58.4,-88.6,-83.9,  1,  2, 0.01,   ,    
2026-02-13 00:47:21,        ,       ,  16.8,26025,-58.2,-88.5,-83.7,  1,  2, 0.01,   ,    
2026-02-13 00:47:23,        ,       ,  16.8,26038,-57.9,-88.3,-83.5,  1,  2, 0.01,   ,    
2026-02-13 00:47:25,        ,       ,  16.7,26052,-57.8,-88.2,-83.5,  1,  2, 0.01,   ,    
2026-02-13 00:47:27,        ,       ,  16.7,26065,-57.7,-88.2,-83.5,  1,  2, 0.01,   ,    
2026-02-13 00:47:29,        ,       ,  16.6,26080,-57.6,-88.2,-83.4,  1,  2, 0.01,   ,    
2026-02-13 00:47:31,        ,       ,  16.6,26094,-57.6,-88.1,-83.4,  1,  2, 0.01,   ,    
2026-02-13 00:47:33,        ,       ,  16.6,26108,-57.5,-88.1,-83.4,  1,  2, 0.01,   ,    
2026-02-13 00:47:35,        ,       ,  16.5,26121,-57.5,-88.1,-83.3,  1,  2, 0.01,   ,    
2026-02-13 00:47:37,        ,       ,  16.5,26134,-57.5,-88.1,-83.3,  1,  2, 0.01,   ,    
2026-02-13 00:47:39,        ,       ,  16.5,26146,-57.5,-88.1,-83.3,  1,  2, 0.01,   ,    
2026-02-13 00:47:41,        ,       ,  16.4,26158,-57.5,-88.1,-83.3,  1,  2, 0.01,   ,    
2026-02-13 00:47:43,        ,       ,  16.4,26170,-57.5,-88.1,-83.3,  1,  2, 0.01,   ,    
2026-02-13 00:47:45,        ,       ,  16.4,26182,-57.4,-88.0,-83.3,  1,  2, 0.01,   ,    
2026-02-13 00:47:47,        ,       ,  16.4,26194,-57.4,-88.0,-83.3,  1,  2, 0.01,   ,    
2026-02-13 00:47:49,        ,       ,  16.3,26207,-57.4,-88.0,-83.3,  1,  2, 0.01,   ,    
2026-02-13 00:47:51,        ,       ,  16.3,26221,-57.5,-88.1,-83.3,  1,  2, 0.01,   ,    
2026-02-13 00:47:53,        ,       ,  16.2,26235,-57.4,-88.0,-83.3,  1,  2, 0.01,   ,    
2026-02-13 00:47:55,        ,       ,  16.2,26249,-57.3,-88.0,-83.2,  1,  2, 0.01,   ,    
2026-02-13 00:47:57,        ,       ,  16.2,26263,-57.3,-88.0,-83.2,  1,  2, 0.01,   ,    
2026-02-13 00:47:59,        ,       ,  16.1,26277,-57.3,-88.0,-83.3,  1,  2, 0.01,   ,    
2026-02-13 00:48:01,        ,       ,  16.1,26290,-57.3,-88.0,-83.2,  1,  2, 0.01,   ,    
2026-02-13 00:48:03,        ,       ,  16.1,26304,-57.1,-87.9,-83.1,  1,  2, 0.01,   ,    
2026-02-13 00:48:05,        ,       ,  16.0,26317,-57.0,-87.9,-83.1,  1,  2, 0.01,   ,    
2026-02-13 00:48:07,        ,       ,  16.0,26329,-57.0,-87.9,-83.1,  1,  2, 0.01,   ,    
2026-02-13 00:48:09,        ,       ,  16.0,26342,-57.0,-87.9,-83.1,  1,  2, 0.01,   ,    
2026-02-13 00:48:11,        ,       ,  15.9,26357,-56.9,-87.8,-83.0,  1,  2, 0.01,   ,    
2026-02-13 00:48:13,        ,       ,  15.9,26372,-56.7,-87.7,-83.0,  1,  2, 0.01,   ,    
2026-02-13 00:48:15,        ,       ,  15.9,26388,-56.6,-87.6,-82.9,  1,  2, 0.01,   ,    
2026-02-13 00:48:17,        ,       ,  15.8,26401,-56.5,-87.5,-82.8,  1,  2, 0.01,   ,    
2026-02-13 00:48:19,        ,       ,  15.8,26413,-56.5,-87.5,-82.7,  1,  2, 0.01,   ,    
2026-02-13 00:48:21,        ,       ,  15.8,26426,-56.5,-87.5,-82.7,  1,  2, 0.01,   ,    
2026-02-13 00:48:23,        ,       ,  15.7,26439,-56.5,-87.5,-82.7,  1,  2, 0.01,   ,    
2026-02-13 00:48:25,        ,       ,  15.7,26452,-56.6,-87.5,-82.8,  1,  2, 0.01,   ,    
2026-02-13 00:48:27,        ,       ,  15.7,26465,-56.7,-87.5,-82.8,  1,  2, 0.01,   ,    
2026-02-13 00:48:29,        ,       ,  15.6,26478,-56.8,-87.6,-82.8,  1,  2, 0.01,   ,    
2026-02-13 00:48:31,        ,       ,  15.6,26490,-56.9,-87.6,-82.9,  1,  2, 0.01,   ,    
2026-02-13 00:48:33,        ,       ,  15.6,26502,-57.0,-87.7,-82.9,  1,  2, 0.01,   ,    
2026-02-13 00:48:35,        ,       ,  15.5,26515,-57.0,-87.7,-82.9,  1,  2, 0.01,   ,    
2026-02-13 00:48:37,        ,       ,  15.5,26528,-57.0,-87.7,-83.0,  1,  2, 0.01,   ,    
2026-02-13 00:48:39,        ,       ,  15.5,26542,-57.0,-87.8,-83.0,  1,  2, 0.01,   ,    
2026-02-13 00:48:41,        ,       ,  15.4,26554,-57.0,-87.8,-83.0,  1,  2, 0.01,   ,    
2026-02-13 00:48:43,        ,       ,  15.4,26567,-56.9,-87.8,-83.0,  1,  2, 0.01,   ,    
2026-02-13 00:48:45,        ,       ,  15.4,26579,-56.9,-87.8,-83.0,  1,  2, 0.01,   ,    
2026-02-13 00:48:47,        ,       ,  15.4,26591,-56.7,-87.8,-83.0,  1,  2, 0.01,   ,    
2026-02-13 00:48:49,        ,       ,  15.3,26604,-56.4,-87.6,-82.9,  1,  2, 0.01,   ,    
2026-02-13 00:48:51,        ,       ,  15.3,26616,-56.0,-87.4,-82.6,  1,  2, 0.01,   ,    
2026-02-13 00:48:53,        ,       ,  15.3,26630,-55.6,-87.2,-82.4,  1,  2, 0.01,   ,    
2026-02-13 00:48:55,        ,       ,  15.2,26644,-55.5,-87.2,-82.4,  1,  2, 0.01,   ,    
2026-02-13 00:48:57,        ,       ,  15.2,26657,-55.6,-87.3,-82.5,  1,  2, 0.01,   ,    
2026-02-13 00:48:59,        ,       ,  15.2,26671,-55.8,-87.4,-82.7,  1,  2, 0.01,   ,    
2026-02-13 00:49:01,        ,       ,  15.1,26684,-55.8,-87.5,-82.7,  1,  2, 0.01,   ,    
2026-02-13 00:49:03,        ,       ,  15.1,26697,-55.9,-87.6,-82.8,  1,  2, 0.01,   ,    
2026-02-13 00:49:05,        ,       ,  15.1,26710,-56.0,-87.6,-82.9,  1,  2, 0.01,   ,    
2026-02-13 00:49:07,        ,       ,  15.0,26723,-55.8,-87.5,-82.7,  1,  2, 0.01,   ,    
2026-02-13 00:49:09,        ,       ,  15.0,26736,-55.4,-87.2,-82.5,  1,  2, 0.01,   ,    
2026-02-13 00:49:11,        ,       ,  15.0,26750,-55.2,-87.1,-82.3,  1,  2, 0.02,   ,    
2026-02-13 00:49:13,        ,       ,  14.9,26762,-55.1,-87.0,-82.3,  1,  2, 0.02,   ,    
2026-02-13 00:49:15,        ,       ,  14.9,26775,-55.1,-87.0,-82.3,  1,  2, 0.02,   ,    
2026-02-13 00:49:17,        ,       ,  14.9,26788,-55.1,-87.0,-82.2,  1,  2, 0.02,   ,    
2026-02-13 00:49:19,        ,       ,  14.9,26801,-55.1,-87.0,-82.2,  1,  2, 0.02,   ,    
2026-02-13 00:49:21,        ,       ,  14.8,26814,-55.1,-87.0,-82.2,  1,  2, 0.02,   ,    
2026-02-13 00:49:23,        ,       ,  14.8,26827,-55.0,-87.0,-82.2,  1,  2, 0.02,   ,    
2026-02-13 00:49:25,        ,       ,  14.8,26839,-55.1,-87.0,-82.3,  1,  2, 0.02,   ,    
2026-02-13 00:49:27,        ,       ,  14.7,26852,-55.1,-87.1,-82.3,  1,  2, 0.02,   ,    
2026-02-13 00:49:29,        ,       ,  14.7,26864,-55.1,-87.1,-82.3,  1,  2, 0.02,   ,    
2026-02-13 00:49:31,        ,       ,  14.7,26876,-55.1,-87.1,-82.4,  1,  2, 0.02,   ,    
2026-02-13 00:49:33,        ,       ,  14.7,26889,-55.0,-87.1,-82.4,  1,  2, 0.02,   ,    
2026-02-13 00:49:35,        ,       ,  14.6,26903,-54.9,-87.1,-82.3,  1,  2, 0.02,   ,    
2026-02-13 00:49:37,        ,       ,  14.6,26916,-54.7,-87.0,-82.2,  1,  2, 0.02,   ,    
2026-02-13 00:49:39,        ,       ,  14.6,26929,-54.3,-86.8,-82.0,  1,  2, 0.02,   ,    
2026-02-13 00:49:41,        ,       ,  14.5,26942,-54.1,-86.6,-81.9,  1,  2, 0.02,   ,    
2026-02-13 00:49:43,        ,       ,  14.5,26955,-54.0,-86.6,-81.8,  1,  2, 0.02,   ,    
2026-02-13 00:49:45,        ,       ,  14.5,26967,-53.9,-86.6,-81.8,  1,  2, 0.02,   ,    
2026-02-13 00:49:47,        ,       ,  14.4,26978,-53.7,-86.5,-81.7,  1,  2, 0.02,   ,    
2026-02-13 00:49:49,        ,       ,  14.4,26990,-53.5,-86.3,-81.6,  1,  2, 0.02,   ,    
2026-02-13 00:49:51,        ,       ,  14.4,27002,-53.5,-86.3,-81.5,  1,  2, 0.02,   ,    
2026-02-13 00:49:53,        ,       ,  14.4,27015,-53.4,-86.2,-81.5,  1,  2, 0.02,   ,    
2026-02-13 00:49:55,        ,       ,  14.3,27026,-53.4,-86.2,-81.5,  1,  2, 0.02,   ,    
2026-02-13 00:49:57,        ,       ,  14.3,27037,-53.4,-86.2,-81.5,  1,  2, 0.02,   ,    
2026-02-13 00:49:59,        ,       ,  14.3,27048,-53.4,-86.2,-81.4,  1,  2, 0.02,   ,    
2026-02-13 00:50:01,        ,       ,  14.3,27060,-53.4,-86.2,-81.4,  1,  2, 0.02,   ,    
2026-02-13 00:50:03,        ,       ,  14.2,27073,-53.4,-86.2,-81.4,  1,  2, 0.02,   ,    
2026-02-13 00:50:05,        ,       ,  14.2,27087,-53.5,-86.2,-81.5,  1,  2, 0.02,   ,    
2026-02-13 00:50:07,        ,       ,  14.2,27099,-53.5,-86.2,-81.5,  1,  2, 0.02,   ,    
2026-02-13 00:50:09,        ,       ,  14.2,27111,-53.4,-86.1,-81.4,  1,  2, 0.02,   ,    
2026-02-13 00:50:11,        ,       ,  14.1,27122,-53.2,-86.1,-81.3,  1,  2, 0.02,   ,    
2026-02-13 00:50:13,        ,       ,  14.1,27132,-53.0,-85.9,-81.2,  1,  2, 0.02,   ,    
2026-02-13 00:50:15,        ,       ,  14.1,27143,-52.9,-85.9,-81.1,  1,  2, 0.02,   ,    
2026-02-13 00:50:17,        ,       ,  14.1,27155,-53.0,-85.9,-81.2,  1,  2, 0.02,   ,    
2026-02-13 00:50:19,        ,       ,  14.0,27167,-53.0,-86.0,-81.2,  1,  2, 0.02,   ,    
2026-02-13 00:50:21,        ,       ,  14.0,27179,-52.9,-86.0,-81.2,  1,  2, 0.02,   ,    
2026-02-13 00:50:23,        ,       ,  14.0,27191,-52.9,-86.0,-81.2,  1,  2, 0.02,   ,    
2026-02-13 00:50:25,        ,       ,  14.0,27203,-52.9,-86.0,-81.2,  1,  2, 0.02,   ,    
2026-02-13 00:50:27,        ,       ,  13.9,27214,-52.8,-86.0,-81.2,  1,  2, 0.02,   ,    
2026-02-13 00:50:29,        ,       ,  13.9,27225,-52.3,-85.7,-80.9,  1,  2, 0.02,   ,    
2026-02-13 00:50:31,        ,       ,  13.9,27236,-51.9,-85.5,-80.7,  1,  2, 0.02,   ,    
2026-02-13 00:50:33,        ,       ,  13.9,27248,-51.9,-85.4,-80.7,  1,  2, 0.02,   ,    
2026-02-13 00:50:35,        ,       ,  13.8,27259,-51.9,-85.5,-80.8,  1,  2, 0.02,   ,    
2026-02-13 00:50:37,        ,       ,  13.8,27271,-52.0,-85.6,-80.8,  1,  2, 0.02,   ,    
2026-02-13 00:50:39,        ,       ,  13.8,27282,-52.0,-85.7,-80.9,  1,  2, 0.02,   ,    
2026-02-13 00:50:41,        ,       ,  13.8,27293,-52.0,-85.7,-81.0,  1,  2, 0.02,   ,    
2026-02-13 00:50:43,        ,       ,  13.7,27304,-52.0,-85.7,-81.0,  1,  2, 0.02,   ,    
2026-02-13 00:50:45,        ,       ,  13.7,27315,-51.9,-85.7,-80.9,  1,  1, 0.02,   ,    
2026-02-13 00:50:47,        ,       ,  13.7,27327,-51.8,-85.7,-80.9,  1,  1, 0.02,   ,    
2026-02-13 00:50:49,        ,       ,  13.7,27339,-51.6,-85.6,-80.9,  1,  1, 0.02,   ,    
2026-02-13 00:50:51,        ,       ,  13.6,27352,-51.3,-85.4,-80.7,  1,  1, 0.02,   ,    
2026-02-13 00:50:53,        ,       ,  13.6,27364,-50.9,-85.2,-80.5,  1,  1, 0.02,   ,    
2026-02-13 00:50:55,        ,       ,  13.6,27375,-50.7,-85.1,-80.3,  1,  1, 0.02,   ,    
2026-02-13 00:50:57,        ,       ,  13.6,27384,-50.5,-85.0,-80.3,  1,  1, 0.02,   ,    
2026-02-13 00:50:59,        ,       ,  13.6,27395,-50.5,-85.0,-80.3,  1,  1, 0.02,   ,    
2026-02-13 00:51:01,        ,       ,  13.5,27407,-50.4,-85.0,-80.2,  1,  1, 0.02,   ,    
2026-02-13 00:51:03,        ,       ,  13.5,27419,-50.2,-84.9,-80.2,  1,  1, 0.02,   ,    
2026-02-13 00:51:05,        ,       ,  13.5,27432,-50.1,-84.9,-80.1,  1,  1, 0.02,   ,    
2026-02-13 00:51:07,        ,       ,  13.4,27444,-50.0,-84.9,-80.1,  1,  1, 0.02,   ,    
2026-02-13 00:51:09,        ,       ,  13.4,27460,-50.0,-84.9,-80.1,  1,  1, 0.02,   ,    
2026-02-13 00:51:11,        ,       ,  13.4,27471,-49.7,-84.8,-80.0,  1,  1, 0.03,   ,    
2026-02-13 00:51:13,        ,       ,  13.4,27482,-49.5,-84.6,-79.9,  1,  1, 0.03,   ,    
2026-02-13 00:51:15,        ,       ,  13.3,27493,-49.4,-84.6,-79.8,  1,  1, 0.03,   ,    
2026-02-13 00:51:17,        ,       ,  13.3,27505,-49.3,-84.5,-79.8,  1,  1, 0.03,   ,    
2026-02-13 00:51:19,        ,       ,  13.3,27518,-49.2,-84.5,-79.8,  1,  1, 0.03,   ,    
2026-02-13 00:51:21,        ,       ,  13.3,27531,-49.0,-84.4,-79.7,  1,  1, 0.03,   ,    
2026-02-13 00:51:23,        ,       ,  13.2,27544,-48.6,-84.2,-79.4,  1,  1, 0.03,   ,    
2026-02-13 00:51:25,        ,       ,  13.2,27557,-48.3,-84.0,-79.2,  1,  1, 0.03,   ,    
2026-02-13 00:51:27,        ,       ,  13.2,27568,-48.0,-83.8,-79.0,  1,  1, 0.03,   ,    
2026-02-13 00:51:29,        ,       ,  13.2,27580,-48.0,-83.8,-79.0,  1,  1, 0.03,   ,    
2026-02-13 00:51:31,        ,       ,  13.2,27590,-48.0,-83.8,-79.0,  1,  1, 0.03,   ,    
2026-02-13 00:51:33,        ,       ,  13.1,27601,-48.0,-83.8,-79.1,  1,  1, 0.03,   ,    
2026-02-13 00:51:35,        ,       ,  13.1,27613,-48.1,-83.8,-79.1,  1,  1, 0.03,   ,    
2026-02-13 00:51:37,        ,       ,  13.1,27626,-48.0,-83.8,-79.0,  1,  1, 0.03,   ,    
2026-02-13 00:51:39,        ,       ,  13.1,27639,-48.0,-83.7,-79.0,  1,  1, 0.03,   ,    
2026-02-13 00:51:41,        ,       ,  13.0,27650,-47.9,-83.7,-78.9,  1,  1, 0.03,   ,    
2026-02-13 00:51:43,        ,       ,  13.0,27661,-47.7,-83.6,-78.8,  1,  1, 0.03,   ,    
2026-02-13 00:51:45,        ,       ,  13.0,27672,-47.5,-83.5,-78.7,  1,  1, 0.03,   ,    
2026-02-13 00:51:47,        ,       ,  13.0,27685,-47.4,-83.4,-78.6,  1,  1, 0.03,   ,    
2026-02-13 00:51:49,        ,       ,  12.9,27698,-47.3,-83.3,-78.6,  1,  1, 0.03,   ,    
2026-02-13 00:51:51,        ,       ,  12.9,27710,-47.1,-83.2,-78.4,  1,  1, 0.03,   ,    
2026-02-13 00:51:53,        ,       ,  12.9,27721,-46.9,-83.1,-78.3,  1,  1, 0.03,   ,    
2026-02-13 00:51:55,        ,       ,  12.9,27732,-46.8,-83.0,-78.3,  1,  1, 0.03,   ,    
2026-02-13 00:51:57,        ,       ,  12.8,27743,-46.7,-83.0,-78.2,  1,  1, 0.04,   ,    
2026-02-13 00:51:59,        ,       ,  12.8,27754,-46.5,-82.9,-78.1,  1,  1, 0.04,   ,    
2026-02-13 00:52:01,        ,       ,  12.8,27766,-46.4,-82.8,-78.0,  1,  1, 0.04,   ,    
2026-02-13 00:52:03,        ,       ,  12.8,27780,-46.3,-82.7,-78.0,  1,  1, 0.04,   ,    
2026-02-13 00:52:05,        ,       ,  12.8,27794,-46.3,-82.7,-77.9,  1,  1, 0.04,   ,    
2026-02-13 00:52:07,        ,       ,  12.7,27809,-46.2,-82.7,-77.9,  1,  1, 0.04,   ,    
2026-02-13 00:52:09,        ,       ,  12.7,27822,-46.2,-82.6,-77.8,  1,  1, 0.04,   ,    
2026-02-13 00:52:11,        ,       ,  12.7,27834,-46.1,-82.5,-77.8,  1,  1, 0.04,   ,    
2026-02-13 00:52:13,        ,       ,  12.7,27846,-46.2,-82.5,-77.8,  1,  1, 0.04,   ,    
2026-02-13 00:52:15,        ,       ,  12.6,27858,-46.2,-82.5,-77.7,  1,  1, 0.04,   ,    
2026-02-13 00:52:17,        ,       ,  12.6,27871,-46.2,-82.5,-77.7,  1,  1, 0.04,   ,    
2026-02-13 00:52:19,        ,       ,  12.6,27884,-46.2,-82.5,-77.7,  1,  1, 0.04,   ,    
2026-02-13 00:52:21,        ,       ,  12.6,27897,-46.2,-82.4,-77.7,  1,  1, 0.04,   ,    
2026-02-13 00:52:23,        ,       ,  12.5,27910,-46.2,-82.4,-77.6,  1,  1, 0.04,   ,    
2026-02-13 00:52:25,        ,       ,  12.5,27924,-46.1,-82.3,-77.6,  1,  1, 0.04,   ,    
2026-02-13 00:52:27,        ,       ,  12.5,27938,-46.2,-82.3,-77.6,  1,  1, 0.04,   ,    
2026-02-13 00:52:29,        ,       ,  12.5,27951,-46.1,-82.3,-77.5,  1,  1, 0.04,   ,    
2026-02-13 00:52:31,        ,       ,  12.4,27964,-46.1,-82.3,-77.5,  1,  1, 0.04,   ,    
2026-02-13 00:52:33,        ,       ,  12.4,27976,-46.2,-82.3,-77.5,  1,  1, 0.04,   ,    
2026-02-13 00:52:35,        ,       ,  12.4,27990,-46.2,-82.3,-77.6,  1,  1, 0.04,   ,    
2026-02-13 00:52:37,        ,       ,  12.4,28004,-46.2,-82.4,-77.6,  1,  1, 0.04,   ,    
2026-02-13 00:52:39,        ,       ,  12.3,28018,-46.2,-82.4,-77.6,  1,  1, 0.04,   ,    
2026-02-13 00:52:41,        ,       ,  12.3,28031,-46.2,-82.4,-77.6,  1,  1, 0.04,   ,    
2026-02-13 00:52:43,        ,       ,  12.3,28043,-46.3,-82.4,-77.7,  1,  1, 0.04,   ,    
2026-02-13 00:52:45,        ,       ,  12.3,28054,-46.4,-82.6,-77.8,  1,  1, 0.04,   ,    
2026-02-13 00:52:47,        ,       ,  12.2,28066,-46.5,-82.6,-77.9,  1,  1, 0.04,   ,    
2026-02-13 00:52:49,        ,       ,  12.2,28080,-46.3,-82.6,-77.8,  1,  1, 0.04,   ,    
2026-02-13 00:52:51,        ,       ,  12.2,28095,-45.8,-82.3,-77.5,  1,  1, 0.04,   ,    
2026-02-13 00:52:53,        ,       ,  12.2,28110,-45.4,-82.0,-77.3,  1,  1, 0.04,   ,    
2026-02-13 00:52:55,        ,       ,  12.1,28123,-45.4,-82.0,-77.2,  1,  1, 0.04,   ,    
2026-02-13 00:52:57,        ,       ,  12.1,28136,-45.4,-82.0,-77.2,  1,  1, 0.04,   ,    
2026-02-13 00:52:59,        ,       ,  12.1,28148,-45.3,-82.0,-77.2,  1,  1, 0.04,   ,    
2026-02-13 00:53:01,        ,       ,  12.1,28162,-45.3,-82.0,-77.2,  1,  1, 0.04,   ,    
2026-02-13 00:53:03,        ,       ,  12.1,28174,-45.4,-82.0,-77.2,  1,  1, 0.04,   ,    
2026-02-13 00:53:05,        ,       ,  12.0,28186,-45.5,-82.0,-77.3,  1,  1, 0.04,   ,    
2026-02-13 00:53:07,        ,       ,  12.0,28198,-45.6,-82.1,-77.3,  1,  1, 0.04,   ,    
2026-02-13 00:53:09,        ,       ,  12.0,28211,-45.8,-82.2,-77.4,  1,  1, 0.04,   ,    
2026-02-13 00:53:11,        ,       ,  11.9,28225,-45.9,-82.2,-77.5,  1,  1, 0.04,   ,    
2026-02-13 00:53:13,        ,       ,  11.9,28240,-46.0,-82.3,-77.5,  1,  1, 0.04,   ,    
2026-02-13 00:53:15,        ,       ,  11.9,28255,-46.2,-82.4,-77.6,  1,  1, 0.04,   ,    
2026-02-13 00:53:17,        ,       ,  11.9,28269,-46.2,-82.4,-77.7,  1,  1, 0.04,   ,    
2026-02-13 00:53:19,        ,       ,  11.8,28283,-46.2,-82.5,-77.7,  1,  1, 0.04,   ,    
2026-02-13 00:53:21,        ,       ,  11.8,28297,-46.2,-82.5,-77.7,  1,  1, 0.04,   ,    
2026-02-13 00:53:23,        ,       ,  11.8,28310,-46.1,-82.4,-77.7,  1,  1, 0.04,   ,    
2026-02-13 00:53:25,        ,       ,  11.8,28323,-46.0,-82.4,-77.6,  1,  1, 0.04,   ,    
2026-02-13 00:53:27,        ,       ,  11.8,28336,-45.9,-82.4,-77.6,  1,  1, 0.04,   ,    
2026-02-13 00:53:29,        ,       ,  11.7,28347,-45.8,-82.4,-77.6,  1,  1, 0.04,   ,    
2026-02-13 00:53:31,        ,       ,  11.7,28360,-45.6,-82.3,-77.5,  1,  1, 0.04,   ,    
2026-02-13 00:53:33,        ,       ,  11.7,28373,-45.2,-82.0,-77.3,  1,  1, 0.05,   ,    
2026-02-13 00:53:35,        ,       ,  11.7,28385,-44.8,-81.8,-77.0,  1,  1, 0.05,   ,    
2026-02-13 00:53:37,        ,       ,  11.7,28399,-44.7,-81.8,-77.0,  1,  1, 0.05,   ,    
2026-02-13 00:53:39,        ,       ,  11.6,28412,-44.7,-81.8,-77.1,  1,  1, 0.05,   ,    
2026-02-13 00:53:41,        ,       ,  11.6,28426,-44.7,-81.8,-77.1,  1,  1, 0.05,   ,    
2026-02-13 00:53:43,        ,       ,  11.6,28440,-44.8,-81.9,-77.1,  1,  1, 0.05,   ,    
2026-02-13 00:53:45,        ,       ,  11.6,28454,-44.8,-81.9,-77.1,  1,  1, 0.05,   ,    
2026-02-13 00:53:47,        ,       ,  11.5,28467,-44.9,-81.9,-77.1,  1,  1, 0.05,   ,    
2026-02-13 00:53:49,        ,       ,  11.5,28482,-45.0,-81.9,-77.2,  1,  1, 0.05,   ,    
2026-02-13 00:53:51,        ,       ,  11.5,28496,-45.1,-81.9,-77.1,  1,  1, 0.05,   ,    
2026-02-13 00:53:53,        ,       ,  11.5,28508,-45.1,-81.9,-77.1,  1,  1, 0.05,   ,    
2026-02-13 00:53:55,        ,       ,  11.4,28520,-45.2,-81.9,-77.1,  1,  1, 0.05,   ,    
2026-02-13 00:53:57,        ,       ,  11.4,28534,-45.3,-81.9,-77.1,  1,  1, 0.05,   ,    
2026-02-13 00:53:59,        ,       ,  11.4,28548,-45.3,-81.9,-77.1,  1,  1, 0.05,   ,    
2026-02-13 00:54:01,        ,       ,  11.4,28563,-45.4,-81.9,-77.1,  1,  1, 0.05,   ,    
2026-02-13 00:54:03,        ,       ,  11.3,28576,-45.4,-81.9,-77.1,  1,  1, 0.05,   ,    
2026-02-13 00:54:05,        ,       ,  11.3,28588,-45.5,-81.9,-77.1,  1,  1, 0.05,   ,    
2026-02-13 00:54:07,        ,       ,  11.3,28600,-45.6,-81.9,-77.2,  1,  1, 0.05,   ,    
2026-02-13 00:54:09,        ,       ,  11.3,28612,-45.7,-82.0,-77.2,  1,  1, 0.05,   ,    
2026-02-13 00:54:11,        ,       ,  11.3,28625,-45.8,-82.0,-77.3,  1,  1, 0.05,   ,    
2026-02-13 00:54:13,        ,       ,  11.2,28638,-45.9,-82.1,-77.3,  1,  1, 0.05,   ,    
2026-02-13 00:54:15,        ,       ,  11.2,28652,-45.9,-82.1,-77.4,  1,  1, 0.05,   ,    
2026-02-13 00:54:17,        ,       ,  11.2,28667,-46.0,-82.2,-77.4,  1,  1, 0.05,   ,    
2026-02-13 00:54:19,        ,       ,  11.2,28680,-46.0,-82.2,-77.5,  1,  1, 0.05,   ,    
2026-02-13 00:54:21,        ,       ,  11.1,28693,-46.1,-82.3,-77.5,  1,  1, 0.05,   ,    
2026-02-13 00:54:23,        ,       ,  11.1,28705,-46.2,-82.4,-77.6,  1,  1, 0.04,   ,    
2026-02-13 00:54:25,        ,       ,  11.1,28716,-46.3,-82.5,-77.7,  1,  1, 0.04,   ,    
2026-02-13 00:54:27,        ,       ,  11.1,28729,-46.4,-82.6,-77.9,  1,  1, 0.04,   ,    
2026-02-13 00:54:29,        ,       ,  11.1,28742,-46.4,-82.8,-78.0,  1,  1, 0.04,   ,    
2026-02-13 00:54:31,        ,       ,  11.0,28756,-46.3,-82.8,-78.0,  1,  1, 0.04,   ,    
2026-02-13 00:54:33,        ,       ,  11.0,28770,-46.0,-82.7,-77.9,  1,  1, 0.04,   ,    
2026-02-13 00:54:35,        ,       ,  11.0,28785,-45.7,-82.6,-77.8,  1,  1, 0.04,   ,    
2026-02-13 00:54:37,        ,       ,  11.0,28799,-45.2,-82.3,-77.6,  1,  1, 0.05,   ,    
2026-02-13 00:54:39,        ,       ,  10.9,28813,-44.8,-82.2,-77.4,  1,  1, 0.05,   ,    
2026-02-13 00:54:41,        ,       ,  10.9,28827,-44.6,-82.2,-77.4,  1,  1, 0.05,   ,    
2026-02-13 00:54:43,        ,       ,  10.9,28841,-44.3,-82.1,-77.4,  1,  1, 0.05,   ,    
2026-02-13 00:54:45,        ,       ,  10.9,28854,-44.1,-82.0,-77.3,  1,  1, 0.05,   ,    
2026-02-13 00:54:47,        ,       ,  10.9,28866,-43.8,-81.9,-77.2,  1,  1, 0.05,   ,    
2026-02-13 00:54:49,        ,       ,  10.8,28879,-43.7,-81.9,-77.1,  1,  1, 0.05,   ,    
2026-02-13 00:54:51,        ,       ,  10.8,28892,-43.7,-81.9,-77.2,  1,  1, 0.05,   ,    
2026-02-13 00:54:53,        ,       ,  10.8,28905,-43.7,-82.0,-77.2,  1,  1, 0.05,   ,    
2026-02-13 00:54:55,        ,       ,  10.8,28918,-43.7,-82.0,-77.2,  1,  1, 0.05,   ,    
2026-02-13 00:54:57,        ,       ,  10.8,28931,-43.8,-82.0,-77.2,  1,  1, 0.05,   ,    
2026-02-13 00:54:59,        ,       ,  10.7,28945,-43.7,-82.0,-77.2,  1,  1, 0.05,   ,    
2026-02-13 00:55:01,        ,       ,  10.7,28959,-43.6,-81.9,-77.1,  1,  1, 0.05,   ,    
2026-02-13 00:55:03,        ,       ,  10.7,28972,-43.5,-81.8,-77.1,  1,  1, 0.05,   ,    
2026-02-13 00:55:05,        ,       ,  10.7,28984,-43.4,-81.7,-77.0,  1,  1, 0.05,   ,    
2026-02-13 00:55:07,        ,       ,  10.7,28996,-43.4,-81.7,-76.9,  1,  1, 0.05,   ,    
2026-02-13 00:55:09,        ,       ,  10.6,29010,-43.3,-81.6,-76.9,  1,  1, 0.05,   ,    
2026-02-13 00:55:11,        ,       ,  10.6,29024,-43.3,-81.6,-76.8,  1,  1, 0.05,   ,    
2026-02-13 00:55:13,        ,       ,  10.6,29040,-43.4,-81.6,-76.9,  1,  1, 0.05,   ,    
2026-02-13 00:55:15,        ,       ,  10.6,29054,-43.3,-81.6,-76.8,  1,  1, 0.05,   ,    
2026-02-13 00:55:17,        ,       ,  10.5,29068,-43.3,-81.6,-76.8,  1,  1, 0.05,   ,    
2026-02-13 00:55:19,        ,       ,  10.5,29082,-43.3,-81.6,-76.9,  1,  1, 0.05,   ,    
2026-02-13 00:55:21,        ,       ,  10.5,29095,-43.3,-81.6,-76.8,  1,  1, 0.05,   ,    
2026-02-13 00:55:23,        ,       ,  10.5,29108,-43.3,-81.6,-76.8,  1,  1, 0.05,   ,    
2026-02-13 00:55:25,        ,       ,  10.4,29121,-43.2,-81.5,-76.8,  1,  1, 0.05,   ,    
2026-02-13 00:55:27,        ,       ,  10.4,29134,-43.1,-81.5,-76.7,  1,  1, 0.06,   ,    
2026-02-13 00:55:29,        ,       ,  10.4,29147,-43.0,-81.4,-76.6,  1,  1, 0.06,   ,    
2026-02-13 00:55:31,        ,       ,  10.4,29160,-42.9,-81.3,-76.6,  1,  1, 0.06,   ,    
2026-02-13 00:55:33,        ,       ,  10.4,29173,-42.8,-81.3,-76.5,  1,  1, 0.06,   ,    
2026-02-13 00:55:35,        ,       ,  10.3,29187,-42.8,-81.2,-76.5,  1,  1, 0.06,   ,    
2026-02-13 00:55:37,        ,       ,  10.3,29200,-42.7,-81.2,-76.5,  1,  1, 0.06,   ,    
2026-02-13 00:55:39,        ,       ,  10.3,29212,-42.7,-81.2,-76.4,  1,  1, 0.06,   ,    
2026-02-13 00:55:41,        ,       ,  10.3,29225,-42.6,-81.1,-76.4,  1,  1, 0.06,   ,    
2026-02-13 00:55:43,        ,       ,  10.3,29239,-42.7,-81.1,-76.4,  1,  1, 0.06,   ,    
2026-02-13 00:55:45,        ,       ,  10.2,29253,-42.7,-81.1,-76.4,  1,  1, 0.06,   ,    
2026-02-13 00:55:47,        ,       ,  10.2,29266,-42.8,-81.2,-76.4,  1,  1, 0.06,   ,    
2026-02-13 00:55:49,        ,       ,  10.2,29280,-42.9,-81.2,-76.5,  1,  1, 0.06,   ,    
2026-02-13 00:55:51,        ,       ,  10.2,29294,-42.9,-81.2,-76.5,  1,  1, 0.06,   ,    
2026-02-13 00:55:53,        ,       ,  10.2,29308,-42.9,-81.2,-76.5,  1,  1, 0.06,   ,    
2026-02-13 00:55:55,        ,       ,  10.2,29322,-42.9,-81.2,-76.5,  1,  1, 0.06,   ,    
2026-02-13 00:55:57,        ,       ,  10.1,29335,-43.0,-81.2,-76.5,  1,  1, 0.06,   ,    
2026-02-13 00:55:59,        ,       ,  10.1,29348,-43.0,-81.3,-76.5,  1,  1, 0.06,   ,    
2026-02-13 00:56:01,        ,       ,  10.1,29362,-43.0,-81.3,-76.6,  1,  1, 0.06,   ,    
2026-02-13 00:56:03,        ,       ,  10.1,29375,-43.0,-81.3,-76.5,  1,  1, 0.06,   ,    
2026-02-13 00:56:05,        ,       ,  10.1,29389,-42.9,-81.3,-76.5,  1,  1, 0.06,   ,    
2026-02-13 00:56:07,        ,       ,  10.0,29402,-42.9,-81.2,-76.5,  1,  1, 0.06,   ,    
2026-02-13 00:56:09,        ,       ,  10.0,29420,-42.8,-81.2,-76.4,  1,  1, 0.06,   ,    
2026-02-13 00:56:11,        ,       ,  10.0,29432,-42.7,-81.1,-76.4,  1,  1, 0.06,   ,    
2026-02-13 00:56:13,        ,       ,  10.0,29447,-42.7,-81.2,-76.4,  1,  1, 0.06,   ,    
2026-02-13 00:56:15,        ,       ,   9.9,29460,-42.7,-81.2,-76.4,  1,  1, 0.06,   ,    
2026-02-13 00:56:17,        ,       ,   9.9,29473,-42.7,-81.2,-76.5,  1,  1, 0.06,   ,    
2026-02-13 00:56:19,        ,       ,   9.9,29486,-42.8,-81.3,-76.5,  1,  1, 0.06,   ,    
2026-02-13 00:56:21,        ,       ,   9.9,29500,-42.9,-81.4,-76.6,  1,  1, 0.06,   ,    
2026-02-13 00:56:23,        ,       ,   9.9,29514,-43.0,-81.4,-76.7,  1,  1, 0.06,   ,    
2026-02-13 00:56:25,        ,       ,   9.8,29528,-42.9,-81.4,-76.7,  1,  1, 0.06,   ,    
2026-02-13 00:56:27,        ,       ,   9.8,29541,-42.8,-81.4,-76.7,  1,  1, 0.06,   ,    
2026-02-13 00:56:29,        ,       ,   9.8,29556,-42.7,-81.4,-76.6,  1,  1, 0.06,   ,    
2026-02-13 00:56:31,        ,       ,   9.8,29570,-42.6,-81.4,-76.6,  1,  1, 0.06,   ,    
2026-02-13 00:56:33,        ,       ,   9.8,29582,-42.6,-81.4,-76.7,  1,  1, 0.06,   ,    
2026-02-13 00:56:35,        ,       ,   9.7,29594,-42.5,-81.4,-76.7,  1,  1, 0.06,   ,    
2026-02-13 00:56:37,        ,       ,   9.7,29606,-42.4,-81.4,-76.7,  1,  1, 0.06,   ,    
2026-02-13 00:56:39,        ,       ,   9.7,29619,-42.4,-81.5,-76.7,  1,  1, 0.06,   ,    
2026-02-13 00:56:41,        ,       ,   9.7,29633,-42.3,-81.5,-76.7,  1,  1, 0.06,   ,    
2026-02-13 00:56:43,        ,       ,   9.7,29647,-42.1,-81.4,-76.7,  1,  1, 0.06,   ,    
2026-02-13 00:56:45,        ,       ,   9.7,29661,-41.9,-81.4,-76.6,  1,  1, 0.06,   ,    
2026-02-13 00:56:47,        ,       ,   9.6,29674,-41.8,-81.3,-76.6,  1,  1, 0.06,   ,    
2026-02-13 00:56:49,        ,       ,   9.6,29687,-41.6,-81.3,-76.5,  1,  1, 0.06,   ,    
2026-02-13 00:56:51,        ,       ,   9.6,29701,-41.3,-81.1,-76.4,  1,  1, 0.06,   ,    
2026-02-13 00:56:53,        ,       ,   9.6,29716,-41.0,-81.0,-76.3,  1,  1, 0.06,   ,    
2026-02-13 00:56:55,        ,       ,   9.6,29730,-40.9,-81.0,-76.3,  1,  1, 0.06,   ,    
2026-02-13 00:56:57,        ,       ,   9.5,29744,-40.9,-81.0,-76.3,  1,  1, 0.06,   ,    
2026-02-13 00:56:59,        ,       ,   9.5,29758,-40.8,-81.0,-76.3,  1,  1, 0.06,   ,    
2026-02-13 00:57:01,        ,       ,   9.5,29770,-40.7,-81.0,-76.2,  1,  1, 0.07,   ,    
2026-02-13 00:57:03,        ,       ,   9.5,29781,-40.6,-81.0,-76.2,  1,  1, 0.07,   ,    
2026-02-13 00:57:05,        ,       ,   9.5,29795,-40.5,-81.0,-76.2,  1,  1, 0.07,   ,    
2026-02-13 00:57:07,        ,       ,   9.4,29811,-40.2,-80.8,-76.0,  1,  1, 0.07,   ,    
2026-02-13 00:57:09,        ,       ,   9.4,29826,-39.8,-80.5,-75.8,  1,  1, 0.07,   ,    
2026-02-13 00:57:11,        ,       ,   9.4,29838,-39.5,-80.3,-75.6,  1,  1, 0.07,   ,    
2026-02-13 00:57:13,        ,       ,   9.4,29852,-39.4,-80.3,-75.5,  1,  1, 0.07,   ,    
2026-02-13 00:57:15,        ,       ,   9.4,29866,-39.4,-80.3,-75.5,  1,  1, 0.07,   ,    
2026-02-13 00:57:17,        ,       ,   9.3,29880,-39.5,-80.3,-75.6,  1,  1, 0.07,   ,    
2026-02-13 00:57:19,        ,       ,   9.3,29893,-39.5,-80.3,-75.6,  1,  1, 0.07,   ,    
2026-02-13 00:57:21,        ,       ,   9.3,29906,-39.6,-80.4,-75.6,  1,  1, 0.07,   ,    
2026-02-13 00:57:23,        ,       ,   9.3,29920,-39.6,-80.3,-75.6,  1,  1, 0.07,   ,    
2026-02-13 00:57:25,        ,       ,   9.3,29934,-39.5,-80.3,-75.5,  1,  1, 0.08,   ,    
2026-02-13 00:57:27,        ,       ,   9.2,29949,-39.6,-80.3,-75.5,  1,  1, 0.08,   ,    
2026-02-13 00:57:29,        ,       ,   9.2,29964,-39.7,-80.3,-75.6,  1,  1, 0.07,   ,    
2026-02-13 00:57:31,        ,       ,   9.2,29979,-39.8,-80.4,-75.6,  1,  1, 0.07,   ,    
2026-02-13 00:57:33,        ,       ,   9.2,29992,-39.8,-80.4,-75.7,  1,  1, 0.07,   ,    
2026-02-13 00:57:35,        ,       ,   9.2,30006,-39.7,-80.3,-75.5,  1,  1, 0.08,   ,    
2026-02-13 00:57:37,        ,       ,   9.2,30019,-39.3,-80.0,-75.3,  1,  1, 0.08,   ,    
2026-02-13 00:57:39,        ,       ,   9.1,30033,-39.2,-80.0,-75.2,  1,  1, 0.08,   ,    
2026-02-13 00:57:41,        ,       ,   9.1,30046,-39.2,-80.0,-75.2,  1,  1, 0.08,   ,    
2026-02-13 00:57:43,        ,       ,   9.1,30059,-39.2,-80.0,-75.2,  1,  1, 0.08,   ,    
2026-02-13 00:57:45,        ,       ,   9.1,30072,-39.2,-80.0,-75.3,  1,  1, 0.08,   ,    
2026-02-13 00:57:47,        ,       ,   9.1,30087,-39.3,-80.1,-75.3,  1,  1, 0.08,   ,    
2026-02-13 00:57:49,        ,       ,   9.1,30102,-39.4,-80.2,-75.4,  1,  1, 0.08,   ,    
2026-02-13 00:57:51,        ,       ,   9.0,30117,-39.4,-80.2,-75.5,  1,  1, 0.08,   ,    
2026-02-13 00:57:53,        ,       ,   9.0,30131,-39.3,-80.2,-75.4,  1,  1, 0.08,   ,    
2026-02-13 00:57:55,        ,       ,   9.0,30144,-39.1,-80.1,-75.3,  1,  1, 0.08,   ,    
2026-02-13 00:57:57,        ,       ,   9.0,30157,-39.0,-80.0,-75.3,  1,  1, 0.08,   ,    
2026-02-13 00:57:59,        ,       ,   8.9,30170,-38.9,-80.0,-75.2,  1,  1, 0.08,   ,    
2026-02-13 00:58:01,        ,       ,   8.9,30184,-38.8,-80.0,-75.2,  1,  1, 0.08,   ,    
2026-02-13 00:58:03,        ,       ,   8.9,30199,-38.8,-80.0,-75.2,  1,  1, 0.08,   ,    
2026-02-13 00:58:05,        ,       ,   8.9,30213,-38.8,-80.0,-75.2,  1,  1, 0.08,   ,    
2026-02-13 00:58:07,        ,       ,   8.9,30228,-38.7,-79.9,-75.2,  1,  1, 0.08,   ,    
2026-02-13 00:58:09,        ,       ,   8.9,30242,-38.7,-80.0,-75.2,  1,  1, 0.08,   ,    
2026-02-13 00:58:11,        ,       ,   8.8,30255,-38.7,-80.0,-75.2,  1,  1, 0.08,   ,    
2026-02-13 00:58:13,        ,       ,   8.8,30268,-38.6,-80.0,-75.2,  1,  1, 0.08,   ,    
2026-02-13 00:58:15,        ,       ,   8.8,30281,-38.6,-80.0,-75.3,  1,  1, 0.08,   ,    
2026-02-13 00:58:17,        ,       ,   8.8,30295,-38.5,-80.0,-75.2,  1,  1, 0.08,   ,    
2026-02-13 00:58:19,        ,       ,   8.8,30310,-38.2,-79.8,-75.1,  1,  1, 0.08,   ,    
2026-02-13 00:58:21,        ,       ,   8.8,30326,-38.0,-79.8,-75.0,  1,  1, 0.09,   ,    
2026-02-13 00:58:23,        ,       ,   8.7,30341,-38.0,-79.8,-75.1,  1,  1, 0.09,   ,    
2026-02-13 00:58:25,        ,       ,   8.7,30355,-38.0,-79.8,-75.1,  1,  1, 0.09,   ,    
2026-02-13 00:58:27,        ,       ,   8.7,30369,-37.7,-79.7,-75.0,  1,  1, 0.09,   ,    
2026-02-13 00:58:29,        ,       ,   8.7,30382,-37.6,-79.7,-74.9,  1,  1, 0.09,   ,    
2026-02-13 00:58:31,        ,       ,   8.7,30396,-37.5,-79.7,-74.9,  1,  1, 0.09,   ,    
2026-02-13 00:58:33,        ,       ,   8.7,30410,-37.3,-79.5,-74.8,  1,  1, 0.09,   ,    
2026-02-13 00:58:35,        ,       ,   8.6,30422,-37.3,-79.5,-74.7,  1,  1, 0.09,   ,    
2026-02-13 00:58:37,        ,       ,   8.6,30436,-37.3,-79.5,-74.8,  1,  1, 0.09,   ,    
2026-02-13 00:58:39,        ,       ,   8.6,30449,-37.3,-79.5,-74.8,  1,  1, 0.09,   ,    
2026-02-13 00:58:41,        ,       ,   8.6,30463,-37.1,-79.4,-74.7,  1,  1, 0.09,   ,    
2026-02-13 00:58:43,        ,       ,   8.6,30476,-36.9,-79.2,-74.5,  1,  1, 0.10,   ,    
2026-02-13 00:58:45,        ,       ,   8.6,30489,-36.7,-79.1,-74.4,  1,  1, 0.10,   ,    
2026-02-13 00:58:47,        ,       ,   8.5,30502,-36.4,-79.0,-74.2,  1,  1, 0.10,   ,    
2026-02-13 00:58:49,        ,       ,   8.5,30516,-36.3,-78.8,-74.1,  1,  1, 0.10,   ,    
2026-02-13 00:58:51,        ,       ,   8.5,30530,-36.2,-78.8,-74.0,  1,  1, 0.10,   ,    
2026-02-13 00:58:53,        ,       ,   8.5,30542,-36.2,-78.8,-74.0,  1,  1, 0.10,   ,    
2026-02-13 00:58:55,        ,       ,   8.5,30554,-36.2,-78.8,-74.0,  1,  1, 0.10,   ,    
2026-02-13 00:58:57,        ,       ,   8.5,30566,-35.9,-78.6,-73.9,  1,  1, 0.11,   ,    
2026-02-13 00:58:59,        ,       ,   8.4,30578,-35.6,-78.4,-73.7,  1,  1, 0.11,   ,    
2026-02-13 00:59:01,        ,       ,   8.4,30592,-35.4,-78.3,-73.6,  1,  1, 0.11,   ,    
2026-02-13 00:59:03,        ,       ,   8.4,30606,-35.2,-78.2,-73.4,  1,  1, 0.11,   ,    
2026-02-13 00:59:05,        ,       ,   8.4,30619,-35.2,-78.1,-73.4,  1,  1, 0.12,   ,    
2026-02-13 00:59:07,        ,       ,   8.4,30629,-35.1,-78.1,-73.4,  1,  1, 0.12,   ,    
2026-02-13 00:59:09,        ,       ,   8.4,30641,-35.0,-78.0,-73.3,  1,  1, 0.12,   ,    
2026-02-13 00:59:11,        ,       ,   8.3,30652,-34.9,-77.9,-73.2,  1,  1, 0.12,   ,    
2026-02-13 00:59:13,        ,       ,   8.3,30664,-34.8,-77.9,-73.2,  1,  1, 0.12,   ,    
2026-02-13 00:59:15,        ,       ,   8.3,30677,-34.8,-77.9,-73.2,  1,  1, 0.12,   ,    
2026-02-13 00:59:17,        ,       ,   8.3,30691,-34.7,-77.9,-73.1,  1,  1, 0.12,   ,    
2026-02-13 00:59:19,        ,       ,   8.3,30704,-34.7,-77.9,-73.1,  1,  1, 0.12,   ,    
2026-02-13 00:59:21,        ,       ,   8.3,30718,-34.7,-77.8,-73.1,  1,  1, 0.12,   ,    
2026-02-13 00:59:23,        ,       ,   8.3,30732,-34.4,-77.6,-72.9,  1,  1, 0.13,   ,    
2026-02-13 00:59:25,        ,       ,   8.2,30747,-34.2,-77.5,-72.8,  1,  1, 0.13,   ,    
2026-02-13 00:59:27,        ,       ,   8.2,30761,-34.2,-77.5,-72.8,  1,  1, 0.13,   ,    
2026-02-13 00:59:29,        ,       ,   8.2,30773,-34.2,-77.5,-72.8,  1,  1, 0.13,   ,    
2026-02-13 00:59:31,        ,       ,   8.2,30786,-34.2,-77.5,-72.8,  1,  1, 0.13,   ,    
2026-02-13 00:59:33,        ,       ,   8.2,30798,-34.1,-77.4,-72.7,  1,  1, 0.13,   ,    
2026-02-13 00:59:35,        ,       ,   8.2,30810,-33.9,-77.3,-72.6,  1,  1, 0.13,   ,    
2026-02-13 00:59:37,        ,       ,   8.2,30822,-33.9,-77.3,-72.6,  1,  1, 0.13,   ,    
2026-02-13 00:59:39,        ,       ,   8.1,30835,-34.0,-77.4,-72.6,  1,  1, 0.13,   ,    
2026-02-13 00:59:41,        ,       ,   8.1,30847,-33.9,-77.3,-72.6,  1,  1, 0.13,   ,    
2026-02-13 00:59:43,        ,       ,   8.1,30859,-33.9,-77.3,-72.6,  1,  1, 0.14,   ,    
2026-02-13 00:59:45,        ,       ,   8.1,30870,-33.8,-77.2,-72.5,  1,  1, 0.14,   ,    
2026-02-13 00:59:47,        ,       ,   8.1,30881,-33.7,-77.2,-72.5,  1,  1, 0.14,   ,    
2026-02-13 00:59:49,        ,       ,   8.1,30894,-33.7,-77.2,-72.4,  1,  1, 0.14,   ,    
2026-02-13 00:59:51,        ,       ,   8.1,30908,-33.7,-77.2,-72.4,  1,  1, 0.14,   ,    
2026-02-13 00:59:53,        ,       ,   8.0,30921,-33.7,-77.2,-72.5,  1,  1, 0.14,   ,    
2026-02-13 00:59:55,        ,       ,   8.0,30933,-33.7,-77.2,-72.4,  1,  1, 0.14,   ,    
2026-02-13 00:59:57,        ,       ,   8.0,30944,-33.6,-77.1,-72.4,  1,  1, 0.14,   ,    
2026-02-13 00:59:59,        ,       ,   8.0,30955,-33.5,-77.1,-72.4,  1,  1, 0.14,   ,    
2026-02-13 01:00:01,        ,       ,   8.0,30966,-33.6,-77.1,-72.4,  1,  1, 0.14,   ,    
2026-02-13 01:00:03,        ,       ,   8.0,30977,-33.6,-77.1,-72.4,  1,  1, 0.14,   ,    
2026-02-13 01:00:05,        ,       ,   8.0,30989,-33.6,-77.1,-72.4,  1,  1, 0.14,   ,    
2026-02-13 01:00:07,        ,       ,   8.0,31000,-33.5,-77.1,-72.4,  1,  1, 0.14,   ,    
2026-02-13 01:00:09,        ,       ,   7.9,31012,-33.5,-77.1,-72.3,  1,  1, 0.14,   ,    
2026-02-13 01:00:11,        ,       ,   7.9,31025,-33.5,-77.0,-72.3,  1,  1, 0.14,   ,    
2026-02-13 01:00:13,        ,       ,   7.9,31038,-33.4,-77.0,-72.3,  1,  1, 0.15,   ,    
2026-02-13 01:00:15,        ,       ,   7.9,31049,-33.4,-77.0,-72.3,  1,  1, 0.15,   ,    
2026-02-13 01:00:17,        ,       ,   7.9,31061,-33.4,-77.0,-72.2,  1,  1, 0.15,   ,    
2026-02-13 01:00:19,        ,       ,   7.9,31072,-33.2,-76.9,-72.2,  1,  1, 0.15,   ,    
2026-02-13 01:00:21,        ,       ,   7.8,31083,-33.0,-76.7,-72.0,  1,  1, 0.15,   ,    
2026-02-13 01:00:23,        ,       ,   7.8,31094,-32.9,-76.6,-71.9,  1,  1, 0.15,   ,    
2026-02-13 01:00:25,        ,       ,   7.8,31106,-32.8,-76.6,-71.9,  1,  1, 0.16,   ,    
2026-02-13 01:00:27,        ,       ,   7.8,31119,-32.8,-76.6,-71.9,  1,  1, 0.16,   ,    
2026-02-13 01:00:29,        ,       ,   7.8,31132,-32.8,-76.6,-71.9,  1,  1, 0.16,   ,    
2026-02-13 01:00:31,        ,       ,   7.8,31144,-32.8,-76.6,-71.9,  1,  1, 0.16,   ,    
2026-02-13 01:00:33,        ,       ,   7.8,31156,-32.6,-76.5,-71.8,  1,  1, 0.16,   ,    
2026-02-13 01:00:35,        ,       ,   7.8,31168,-32.5,-76.4,-71.7,  1,  1, 0.16,   ,    
2026-02-13 01:00:37,        ,       ,   7.7,31181,-32.4,-76.4,-71.6,  1,  1, 0.16,   ,    
2026-02-13 01:00:39,        ,       ,   7.7,31193,-32.4,-76.4,-71.7,  1,  1, 0.16,   ,    
2026-02-13 01:00:41,        ,       ,   7.7,31205,-32.5,-76.4,-71.7,  1,  1, 0.16,   ,    
2026-02-13 01:00:43,        ,       ,   7.7,31217,-32.4,-76.4,-71.6,  1,  1, 0.16,   ,    
2026-02-13 01:00:45,        ,       ,   7.7,31228,-32.3,-76.3,-71.6,  1,  1, 0.17,   ,    
2026-02-13 01:00:47,        ,       ,   7.7,31240,-32.4,-76.3,-71.6,  1,  1, 0.17,   ,    
2026-02-13 01:00:49,        ,       ,   7.7,31253,-32.4,-76.4,-71.7,  1,  1, 0.16,   ,    
2026-02-13 01:00:51,        ,       ,   7.7,31266,-32.5,-76.4,-71.7,  1,  1, 0.16,   ,    
2026-02-13 01:00:53,        ,       ,   7.6,31281,-32.5,-76.4,-71.7,  1,  1, 0.16,   ,    
2026-02-13 01:00:55,        ,       ,   7.6,31295,-32.4,-76.3,-71.6,  1,  1, 0.17,   ,    
2026-02-13 01:00:57,        ,       ,   7.6,31307,-32.4,-76.3,-71.6,  1,  1, 0.17,   ,    
2026-02-13 01:00:59,        ,       ,   7.6,31319,-32.4,-76.4,-71.6,  1,  1, 0.17,   ,    
2026-02-13 01:01:01,        ,       ,   7.6,31331,-32.4,-76.3,-71.6,  1,  1, 0.17,   ,    
2026-02-13 01:01:03,        ,       ,   7.6,31344,-32.3,-76.3,-71.6,  1,  1, 0.17,   ,    
2026-02-13 01:01:05,        ,       ,   7.5,31357,-32.3,-76.3,-71.6,  1,  1, 0.17,   ,    
2026-02-13 01:01:07,        ,       ,   7.5,31371,-32.2,-76.2,-71.5,  1,  1, 0.17,   ,    
2026-02-13 01:01:09,        ,       ,   7.5,31384,-32.2,-76.2,-71.5,  1,  1, 0.17,   ,    
2026-02-13 01:01:11,        ,       ,   7.5,31397,-32.2,-76.2,-71.5,  1,  1, 0.17,   ,    
2026-02-13 01:01:13,        ,       ,   7.5,31408,-32.2,-76.2,-71.5,  1,  1, 0.17,   ,    
2026-02-13 01:01:15,        ,       ,   7.5,31419,-31.9,-76.1,-71.3,  1,  1, 0.18,   ,    
2026-02-13 01:01:17,        ,       ,   7.5,31430,-31.5,-75.8,-71.1,  1,  1, 0.18,   ,    
2026-02-13 01:01:19,        ,       ,   7.5,31441,-31.3,-75.7,-70.9,  1,  1, 0.19,   ,    
2026-02-13 01:01:21,        ,       ,   7.5,31455,-31.3,-75.6,-70.9,  1,  1, 0.19,   ,    
2026-02-13 01:01:23,        ,       ,   7.4,31469,-31.2,-75.6,-70.9,  1,  1, 0.19,   ,    
2026-02-13 01:01:25,        ,       ,   7.4,31483,-31.1,-75.5,-70.8,  1,  1, 0.19,   ,    
2026-02-13 01:01:27,        ,       ,   7.4,31497,-30.7,-75.3,-70.6,  1,  1, 0.20,   ,    
2026-02-13 01:01:29,        ,       ,   7.4,31510,-30.6,-75.2,-70.5,  1,  1, 0.20,   ,    
2026-02-13 01:01:31,        ,       ,   7.4,31524,-30.6,-75.2,-70.5,  1,  1, 0.20,   ,    
2026-02-13 01:01:33,        ,       ,   7.4,31538,-30.7,-75.3,-70.6,  1,  1, 0.20,   ,    
2026-02-13 01:01:35,        ,       ,   7.3,31553,-30.8,-75.3,-70.6,  1,  1, 0.20,   ,    
2026-02-13 01:01:37,        ,       ,   7.3,31570,-30.8,-75.3,-70.6,  1,  1, 0.20,   ,    
2026-02-13 01:01:39,        ,       ,   7.3,31586,-30.9,-75.4,-70.7,  1,  1, 0.20,   ,    
2026-02-13 01:01:41,        ,       ,   7.3,31602,-30.8,-75.3,-70.6,  1,  1, 0.20,   ,    
2026-02-13 01:01:43,        ,       ,   7.3,31616,-30.8,-75.3,-70.6,  1,  1, 0.20,   ,    
2026-02-13 01:01:45,        ,       ,   7.3,31630,-30.8,-75.4,-70.7,  1,  1, 0.20,   ,    
2026-02-13 01:01:47,        ,       ,   7.3,31642,-30.9,-75.4,-70.7,  1,  1, 0.20,   ,    
2026-02-13 01:01:49,        ,       ,   7.2,31655,-31.0,-75.4,-70.7,  1,  1, 0.20,   ,    
2026-02-13 01:01:51,        ,       ,   7.2,31668,-30.9,-75.4,-70.7,  1,  1, 0.20,   ,    
2026-02-13 01:01:53,        ,       ,   7.2,31682,-30.9,-75.4,-70.7,  1,  1, 0.20,   ,    
2026-02-13 01:01:55,        ,       ,   7.2,31694,-31.0,-75.5,-70.7,  1,  1, 0.20,   ,    
2026-02-13 01:01:57,        ,       ,   7.2,31708,-30.9,-75.4,-70.7,  1,  1, 0.20,   ,    
2026-02-13 01:01:59,        ,       ,   7.2,31722,-30.9,-75.4,-70.7,  1,  1, 0.20,   ,    
2026-02-13 01:02:01,        ,       ,   7.2,31736,-31.0,-75.5,-70.7,  1,  1, 0.20,   ,    
2026-02-13 01:02:03,        ,       ,   7.2,31749,-31.1,-75.5,-70.8,  1,  1, 0.20,   ,    
2026-02-13 01:02:05,        ,       ,   7.1,31762,-31.0,-75.4,-70.7,  1,  1, 0.20,   ,    
2026-02-13 01:02:07,        ,       ,   7.1,31776,-30.8,-75.4,-70.7,  1,  1, 0.21,   ,    
2026-02-13 01:02:09,        ,       ,   7.1,31790,-30.9,-75.4,-70.7,  1,  1, 0.21,   ,    
2026-02-13 01:02:11,        ,       ,   7.1,31804,-30.9,-75.4,-70.7,  1,  1, 0.21,   ,    
2026-02-13 01:02:13,        ,       ,   7.1,31819,-31.0,-75.4,-70.7,  1,  1, 0.21,   ,    
2026-02-13 01:02:15,        ,       ,   7.1,31835,-30.6,-75.2,-70.5,  1,  1, 0.21,   ,    
2026-02-13 01:02:17,        ,       ,   7.0,31852,-29.6,-74.6,-69.9,  1,  1, 0.23,   ,    
2026-02-13 01:02:19,        ,       ,   7.0,31868,-29.1,-74.2,-69.5,  1,  1, 0.25,   ,    
2026-02-13 01:02:21,        ,       ,   7.0,31882,-28.9,-74.1,-69.4,  1,  1, 0.25,   ,    
2026-02-13 01:02:23,        ,       ,   7.0,31897,-28.9,-74.1,-69.4,  1,  1, 0.25,   ,    
2026-02-13 01:02:25,        ,       ,   7.0,31912,-28.9,-74.1,-69.4,  1,  1, 0.25,   ,    
2026-02-13 01:02:27,        ,       ,   7.0,31927,-29.0,-74.2,-69.5,  1,  1, 0.25,   ,    
2026-02-13 01:02:29,        ,       ,   7.0,31941,-29.1,-74.2,-69.5,  1,  1, 0.25,   ,    
2026-02-13 01:02:31,        ,       ,   7.0,31952,-29.2,-74.3,-69.6,  1,  1, 0.25,   ,    
2026-02-13 01:02:33,        ,       ,   6.9,31964,-29.2,-74.3,-69.6,  1,  1, 0.25,   ,    
2026-02-13 01:02:35,        ,       ,   6.9,31977,-29.3,-74.4,-69.7,  1,  1, 0.25,   ,    
2026-02-13 01:02:37,        ,       ,   6.9,31991,-29.4,-74.4,-69.7,  1,  1, 0.24,   ,    
2026-02-13 01:02:39,        ,       ,   6.9,32006,-29.5,-74.5,-69.8,  1,  1, 0.24,   ,    
2026-02-13 01:02:41,        ,       ,   6.9,32023,-29.5,-74.5,-69.8,  1,  1, 0.24,   ,    
2026-02-13 01:02:43,        ,       ,   6.9,32041,-29.5,-74.5,-69.8,  1,  1, 0.24,   ,    
2026-02-13 01:02:45,        ,       ,   6.8,32057,-29.6,-74.5,-69.8,  1,  1, 0.24,   ,    
2026-02-13 01:02:47,        ,       ,   6.8,32072,-29.7,-74.6,-69.9,  1,  1, 0.24,   ,    
2026-02-13 01:02:49,        ,       ,   6.8,32085,-29.8,-74.7,-70.0,  1,  1, 0.24,   ,    
2026-02-13 01:02:51,        ,       ,   6.8,32099,-29.9,-74.8,-70.1,  1,  1, 0.24,   ,    
2026-02-13 01:02:53,        ,       ,   6.8,32113,-30.1,-74.8,-70.1,  1,  1, 0.23,   ,    
2026-02-13 01:02:55,        ,       ,   6.8,32126,-30.1,-74.9,-70.2,  1,  1, 0.23,   ,    
2026-02-13 01:02:57,        ,       ,   6.8,32139,-30.1,-74.9,-70.2,  1,  1, 0.23,   ,    
2026-02-13 01:02:59,        ,       ,   6.8,32152,-30.2,-75.0,-70.3,  1,  1, 0.23,   ,    
2026-02-13 01:03:01,        ,       ,   6.7,32165,-30.4,-75.1,-70.4,  1,  1, 0.23,   ,    
2026-02-13 01:03:03,        ,       ,   6.7,32180,-30.5,-75.1,-70.4,  1,  1, 0.23,   ,    
2026-02-13 01:03:05,        ,       ,   6.7,32195,-30.6,-75.2,-70.5,  1,  1, 0.23,   ,    
2026-02-13 01:03:07,        ,       ,   6.7,32210,-30.6,-75.2,-70.5,  1,  1, 0.22,   ,    
2026-02-13 01:03:09,        ,       ,   6.7,32224,-30.7,-75.3,-70.6,  1,  1, 0.22,   ,    
2026-02-13 01:03:11,        ,       ,   6.7,32238,-30.8,-75.3,-70.6,  1,  1, 0.22,   ,    
2026-02-13 01:03:13,        ,       ,   6.7,32251,-30.9,-75.4,-70.7,  1,  1, 0.22,   ,    
2026-02-13 01:03:15,        ,       ,   6.7,32265,-31.0,-75.4,-70.7,  1,  1, 0.22,   ,    
2026-02-13 01:03:17,        ,       ,   6.6,32278,-31.0,-75.5,-70.8,  1,  1, 0.22,   ,    
2026-02-13 01:03:19,        ,       ,   6.6,32293,-31.1,-75.5,-70.8,  1,  1, 0.22,   ,    
2026-02-13 01:03:21,        ,       ,   6.6,32307,-31.2,-75.6,-70.9,  1,  1, 0.22,   ,    
2026-02-13 01:03:23,        ,       ,   6.6,32322,-31.3,-75.7,-71.0,  1,  1, 0.21,   ,    
2026-02-13 01:03:25,        ,       ,   6.6,32335,-31.3,-75.7,-70.9,  1,  1, 0.21,   ,    
2026-02-13 01:03:27,        ,       ,   6.6,32349,-31.3,-75.6,-70.9,  1,  1, 0.21,   ,    
2026-02-13 01:03:29,        ,       ,   6.6,32363,-31.2,-75.5,-70.8,  1,  1, 0.22,   ,    
2026-02-13 01:03:31,        ,       ,   6.5,32377,-30.8,-75.3,-70.6,  1,  1, 0.23,   ,    
2026-02-13 01:03:33,        ,       ,   6.5,32389,-30.4,-75.1,-70.4,  1,  1, 0.23,   ,    
2026-02-13 01:03:35,        ,       ,   6.5,32402,-30.3,-75.0,-70.3,  1,  1, 0.24,   ,    
2026-02-13 01:03:37,        ,       ,   6.5,32416,-30.2,-74.9,-70.2,  1,  1, 0.24,   ,    
2026-02-13 01:03:39,        ,       ,   6.5,32431,-30.2,-74.9,-70.2,  1,  1, 0.24,   ,    
2026-02-13 01:03:41,        ,       ,   6.5,32445,-30.2,-74.9,-70.2,  1,  1, 0.24,   ,    
2026-02-13 01:03:43,        ,       ,   6.5,32459,-30.2,-74.9,-70.2,  1,  1, 0.24,   ,    
2026-02-13 01:03:45,        ,       ,   6.5,32471,-30.2,-75.0,-70.3,  1,  1, 0.24,   ,    
2026-02-13 01:03:47,        ,       ,   6.5,32483,-30.2,-75.0,-70.3,  1,  1, 0.24,   ,    
2026-02-13 01:03:49,        ,       ,   6.4,32495,-30.3,-75.0,-70.3,  1,  1, 0.24,   ,    
2026-02-13 01:03:51,        ,       ,   6.4,32508,-30.3,-75.0,-70.3,  1,  1, 0.24,   ,    
2026-02-13 01:03:53,        ,       ,   6.4,32521,-30.3,-75.0,-70.3,  1,  1, 0.24,   ,    
2026-02-13 01:03:55,        ,       ,   6.4,32534,-30.2,-75.0,-70.3,  1,  1, 0.24,   ,    
2026-02-13 01:03:57,        ,       ,   6.4,32546,-30.2,-75.0,-70.3,  1,  1, 0.24,   ,    
2026-02-13 01:03:59,        ,       ,   6.4,32559,-30.2,-75.0,-70.3,  1,  1, 0.24,   ,    
2026-02-13 01:04:01,        ,       ,   6.4,32573,-30.2,-74.9,-70.2,  1,  1, 0.25,   ,    
2026-02-13 01:04:03,        ,       ,   6.3,32588,-30.2,-74.9,-70.2,  1,  1, 0.25,   ,    
2026-02-13 01:04:05,        ,       ,   6.3,32604,-30.2,-74.9,-70.2,  1,  1, 0.25,   ,    
2026-02-13 01:04:07,        ,       ,   6.3,32619,-30.0,-74.8,-70.1,  1,  1, 0.25,   ,    
2026-02-13 01:04:09,        ,       ,   6.3,32631,-29.8,-74.7,-70.0,  1,  1, 0.26,   ,    
2026-02-13 01:04:11,        ,       ,   6.3,32642,-29.7,-74.6,-69.9,  1,  1, 0.26,   ,    
2026-02-13 01:04:13,        ,       ,   6.3,32654,-29.6,-74.6,-69.9,  1,  1, 0.26,   ,    
2026-02-13 01:04:15,        ,       ,   6.3,32666,-29.6,-74.6,-69.9,  1,  1, 0.26,   ,    
2026-02-13 01:04:17,        ,       ,   6.3,32678,-29.5,-74.5,-69.8,  1,  1, 0.27,   ,    
2026-02-13 01:04:19,        ,       ,   6.3,32692,-29.5,-74.5,-69.8,  1,  1, 0.27,   ,    
2026-02-13 01:04:21,        ,       ,   6.2,32706,-29.5,-74.5,-69.8,  1,  1, 0.27,   ,    
2026-02-13 01:04:23,        ,       ,   6.2,32719,-29.4,-74.4,-69.7,  1,  1, 0.27,   ,    
2026-02-13 01:04:25,        ,       ,   6.2,32733,-29.2,-74.3,-69.6,  1,  1, 0.28,   ,    
2026-02-13 01:04:27,        ,       ,   6.2,32745,-29.0,-74.2,-69.5,  1,  1, 0.28,   ,    
2026-02-13 01:04:29,        ,       ,   6.2,32757,-29.0,-74.2,-69.5,  1,  1, 0.28,   ,    
2026-02-13 01:04:31,        ,       ,   6.2,32771,-29.1,-74.2,-69.5,  1,  1, 0.28,   ,    
2026-02-13 01:04:33,        ,       ,   6.2,32786,-29.2,-74.3,-69.6,  1,  1, 0.28,   ,    
2026-02-13 01:04:35,        ,       ,   6.2,32801,-29.2,-74.3,-69.6,  1,  1, 0.28,   ,    
2026-02-13 01:04:37,        ,       ,   6.2,32815,-29.1,-74.2,-69.6,  1,  1, 0.28,   ,    
2026-02-13 01:04:39,        ,       ,   6.1,32828,-28.9,-74.1,-69.4,  1,  1, 0.29,   ,    
2026-02-13 01:04:41,        ,       ,   6.1,32838,-28.6,-73.9,-69.2,  1,  1, 0.30,   ,    
2026-02-13 01:04:43,        ,       ,   6.1,32850,-28.5,-73.8,-69.2,  1,  1, 0.30,   ,    
2026-02-13 01:04:45,        ,       ,   6.1,32864,-28.5,-73.8,-69.2,  1,  1, 0.30,   ,    
2026-02-13 01:04:47,        ,       ,   6.1,32879,-28.5,-73.9,-69.2,  1,  1, 0.30,   ,    
2026-02-13 01:04:49,        ,       ,   6.1,32892,-28.6,-73.9,-69.2,  1,  1, 0.30,   ,    
