Time (s),Thrust (N),Oxidizer Tank Pressure (kPa),Combustion Chamber Pressure (kPa),Injector Pressure Drop (kPa),Oxidizer Mass (kg),Fuel Mass (kg),Oxidizer Mass Flow Rate (kg/s),Fuel Mass Flow Rate (kg/s),Exhaust Mass Flow Rate (kg/s),Oxidizer to Fuel Ratio,Grain ID (cm),Regression Rate (mm/s)
0,0,5060.1283,101.325,0,1,0.89806353,0,0,0,8.27,2,0
0.001,0,5060.1283,200.21101,-6.4923746,0.99556047,0.89752671,4.4395308,0.53682355,0.025176459,8.27,2.0115068,0.057534089
0.002,51.003971,5053.6359,296.66624,-8.0601611,0.99116715,0.89699547,4.3933237,0.53123623,0.04970635,8.27,2.0228287,0.05660957
0.003,107.31589,5045.5758,390.35583,-8.3848816,0.98681989,0.8964698,4.347256,0.52566579,0.073594901,8.27,2.0339692,0.055702447
0.004,161.90876,5037.1909,481.1907,-8.3986523,0.98251807,0.89594963,4.3018161,0.52017124,0.096762442,8.27,2.0449329,0.054818309
0.005,214.78744,5028.7922,569.17839,-8.3364223,0.97826092,0.89543486,4.2571535,0.51477068,0.11919033,8.27,2.0557245,0.053958319
0.006,265.97644,5020.4558,654.37242,-8.2568226,0.97404761,0.89492539,4.2133145,0.50946972,0.1408171,8.27,2.066349,0.053122331
0.007,315.5252,5012.199,736.84812,-8.1743093,0.9698773,0.89442112,4.1703088,0.5042695,0.16168883,8.27,2.076811,0.052309757
0.008,363.48787,5004.0247,816.69171,-8.0923895,0.96574917,0.89392195,4.1281307,0.49916937,0.18184498,8.27,2.0871149,0.051519855
0.009,409.91971,4995.9323,893.9944,-8.0118836,0.9616624,0.89342779,4.0867675,0.49416777,0.20131176,8.27,2.0972653,0.050751832
0.01,454.87689,4987.9204,968.84898,-7.9329579,0.9576162,0.89293852,4.0462024,0.48926269,0.22011622,8.27,2.1072663,0.050004881
0.011,498.41521,4979.9874,1041.3477,-7.8556191,0.95360978,0.89245407,4.0064166,0.48445182,0.23828534,8.27,2.1171219,0.049278202
0.012,540.59486,4972.1318,1111.5798,-7.7798353,0.94964239,0.89197434,3.9673898,0.47973275,0.25591096,8.27,2.1268361,0.048571014
0.013,581.46756,4964.352,1179.6324,-7.7055653,0.94571329,0.89149924,3.9291021,0.47510304,0.27300991,8.27,2.1364126,0.04788257
0.014,621.0801,4956.6464,1245.5902,-7.6327662,0.94182175,0.89102868,3.8915332,0.47056024,0.28955934,8.27,2.1458551,0.047212148
0.015,659.48173,4949.0137,1309.5349,-7.5613941,0.93796709,0.89056257,3.8546624,0.46610187,0.30558169,8.27,2.1551669,0.046559052
0.016,696.71966,4941.4523,1371.5449,-7.4914056,0.93414862,0.89010085,3.8184697,0.46172548,0.3210985,8.27,2.1643514,0.045922615
0.017,732.83913,4933.9609,1431.6952,-7.4227584,0.93036569,0.88964342,3.7829352,0.45742869,0.33613036,8.27,2.1734118,0.0453022
0.018,767.88339,4926.5381,1490.0576,-7.3554111,0.92661765,0.88919021,3.7480397,0.45320916,0.3506969,8.27,2.1823513,0.0446972
0.019,801.89375,4919.1827,1546.7005,-7.2893238,0.92290388,0.88874115,3.7137645,0.44906463,0.36481686,8.27,2.1911727,0.044107035
0.02,834.91321,4911.8934,1601.6889,-7.2244578,0.91922379,0.88829615,3.6800915,0.44499292,0.37855204,8.27,2.1998789,0.043531153
0.021,866.97629,4904.6689,1655.0848,-7.1607766,0.91557679,0.88785516,3.6470036,0.44099197,0.3918863,8.27,2.2084727,0.042969033
0.022,898.11803,4897.5081,1706.948,-7.0982445,0.9119623,0.8874181,3.614484,0.43705974,0.40482647,8.27,2.2169568,0.042420173
0.023,928.37265,4890.4099,1757.3353,-7.0368269,0.90837979,0.88698491,3.5825165,0.43319426,0.4173877,8.27,2.2253336,0.041884096
0.024,957.7728,4883.3731,1806.3009,-6.9764907,0.9048287,0.88655551,3.5510855,0.42939365,0.42958442,8.27,2.2336056,0.041360347
0.025,986.34964,4876.3966,1853.8966,-6.9172039,0.90130853,0.88612986,3.5201758,0.42565608,0.44143038,8.27,2.2417753,0.040848491
0.026,1014.1329,4869.4794,1900.1718,-6.8589357,0.89781875,0.88570788,3.4897729,0.42197979,0.45293866,8.27,2.249845,0.040348114
0.027,1041.1509,4862.6204,1945.1737,-6.8016567,0.89435889,0.88528951,3.4598629,0.4183631,0.46412176,8.27,2.2578167,0.039858822
0.028,1067.4308,4855.8188,1988.9472,-6.7453383,0.89092846,0.88487471,3.4304322,0.41480438,0.47499155,8.27,2.2656928,0.039380236
0.029,1092.9984,4849.0734,2031.5353,-6.6899534,0.88752699,0.88446341,3.401468,0.41130206,0.4855594,8.27,2.2734752,0.038911999
0.03,1117.8811,4842.3835,2072.9789,-6.6354758,0.88415403,0.88405555,3.3729578,0.40785464,0.49585628,8.27,2.2811659,0.038453764
0.031,1142.1007,4835.748,2113.317,-6.5818806,0.88080914,0.88365109,3.3448899,0.40446069,0.5058795,8.27,2.288767,0.038005208
0.032,1165.6787,4829.1661,2152.5872,-6.5291437,0.87749189,0.88324997,3.3172527,0.40111883,0.51563191,8.27,2.2962802,0.037566016
0.033,1188.6366,4822.637,2190.8253,-6.477242,0.87420185,0.88285215,3.2900351,0.39782771,0.52512286,8.27,2.3037074,0.037135889
0.034,1210.9952,4816.1597,2228.0658,-6.426153,0.87093863,0.88245756,3.2632266,0.39458604,0.53436128,8.27,2.3110503,0.036714539
0.035,1232.7742,4809.7336,2264.3415,-6.3758553,0.86770181,0.88206617,3.2368167,0.39139258,0.54335572,8.27,2.3183106,0.036301693
0.036,1253.9925,4803.3577,2299.6838,-6.3263281,0.86449102,0.88167792,3.2107955,0.38824614,0.55211435,8.27,2.32549,0.035897086
0.037,1274.6683,4797.0314,2334.1229,-6.2775516,0.86130586,0.88129278,3.1851536,0.38514554,0.560645,8.27,2.3325901,0.035500467
0.038,1294.8189,4790.7539,2367.6878,-6.2295066,0.85814598,0.88091069,3.1598817,0.38208969,0.56895514,8.27,2.3396124,0.035111595
0.039,1314.4609,4784.5243,2400.406,-6.1821746,0.85501101,0.88053161,3.1349709,0.3790775,0.57705194,8.27,2.3465585,0.034730238
0.04,1333.6104,4778.3422,2432.3041,-6.1355378,0.8519006,0.8801555,3.1104127,0.37610795,0.58494225,8.27,2.3534297,0.034356175
0.041,1352.2826,4772.2066,2463.4077,-6.0895791,0.8488144,0.87978232,3.0861989,0.37318003,0.59263267,8.27,2.3602276,0.033989192
0.042,1370.4923,4766.1171,2493.7412,-6.0442821,0.84575208,0.87941203,3.0623214,0.37029279,0.60012948,8.27,2.3669534,0.033629085
0.043,1388.2534,4760.0728,2523.3279,-5.9996309,0.8427133,0.87904458,3.0387726,0.36744529,0.60743874,8.27,2.3736085,0.033275659
0.044,1405.5808,4754.0731,2552.1904,-5.9556101,0.83969776,0.87867995,3.015545,0.36463664,0.61457824,8.27,2.3801942,0.032928723
0.045,1422.4863,4748.1175,2580.3502,-5.9122051,0.83670513,0.87831808,2.9926317,0.36186599,0.62154463,8.27,2.3867119,0.0325881
0.046,1438.9824,4742.2053,2607.8281,-5.8694018,0.8337351,0.87795895,2.9700258,0.3591325,0.62834008,8.27,2.3931626,0.032253615
0.047,1455.081,4736.3359,2634.6442,-5.8271865,0.83078738,0.87760251,2.9477205,0.35643537,0.63496969,8.27,2.3995476,0.0319251
0.048,1470.7937,4730.5087,2660.8177,-5.7855458,0.82786167,0.87724874,2.9257095,0.35377382,0.64143841,8.27,2.4058681,0.031602395
0.049,1486.1316,4724.7232,2686.3672,-5.744467,0.82495768,0.87689759,2.9039864,0.35114709,0.64775095,8.27,2.4121252,0.031285344
0.05,1501.1054,4718.9787,2711.3104,-5.7039376,0.82207514,0.87654904,2.8825453,0.34855444,0.65391189,8.27,2.4183199,0.030973798
0.051,1515.7255,4713.2748,2735.6646,-5.6639457,0.81921376,0.87620304,2.8613802,0.34599519,0.65992558,8.27,2.4244534,0.030667614
0.052,1530.0018,4707.6108,2759.4463,-5.6244798,0.81637327,0.87585957,2.8404856,0.34346864,0.66579626,8.27,2.4305268,0.030366652
0.053,1543.9439,4701.9864,2782.6715,-5.5855286,0.81355342,0.8755186,2.819856,0.34097413,0.67152798,8.27,2.4365409,0.03007078
0.054,1557.561,4696.4008,2805.3554,-5.5470814,0.81075393,0.87518009,2.7994861,0.33851102,0.67712466,8.27,2.4424969,0.029779868
0.055,1570.862,4690.8538,2827.513,-5.5091277,0.80797456,0.87484401,2.7793708,0.33607869,0.68259005,8.27,2.4483957,0.029493793
0.056,1583.8555,4685.3446,2849.1585,-5.4716574,0.80521506,0.87451033,2.7595051,0.33367655,0.68792779,8.27,2.4542381,0.029212435
0.057,1596.5498,4679.873,2870.3057,-5.4346607,0.80247517,0.87417903,2.7398841,0.33130401,0.69314137,8.27,2.4600253,0.028935678
0.058,1608.9528,4674.4383,2890.9679,-5.3981282,0.79975467,0.87385007,2.7205034,0.3289605,0.69823418,8.27,2.465758,0.02866341
0.059,1621.0723,4669.0402,2911.1579,-5.3620507,0.79705331,0.87352342,2.7013582,0.32664549,0.70320947,8.27,2.4714371,0.028395524
0.06,1632.9158,4663.6781,2930.8882,-5.3264193,0.79437087,0.87319906,2.6824442,0.32435843,0.70807039,8.27,2.4770634,0.028131916
0.061,1644.4904,4658.3517,2950.1707,-5.2912254,0.79170711,0.87287697,2.6637573,0.32209883,0.71281995,8.27,2.4826379,0.027872485
0.062,1655.8031,4653.0605,2969.017,-5.2564606,0.78906182,0.8725571,2.6452932,0.31986617,0.71746111,8.27,2.4881614,0.027617133
0.063,1666.8606,4647.804,2987.4383,-5.222117,0.78643477,0.87223944,2.627048,0.31765998,0.72199668,8.27,2.4936345,0.027365767
0.064,1677.6694,4642.5819,3005.4454,-5.1881867,0.78382575,0.87192396,2.6090178,0.31547978,0.72642939,8.27,2.4990582,0.027118296
0.065,1688.2359,4637.3937,3023.0487,-5.1546621,0.78123455,0.87161063,2.5911988,0.31332513,0.73076425,8.27,2.5044331,0.026874632
0.066,1698.5664,4632.2391,3040.2584,-5.1215358,0.77866096,0.87129944,2.5735874,0.31119557,0.73500675,8.27,2.50976,0.02663469
0.067,1708.6664,4627.1175,3057.0842,-5.0888009,0.77610478,0.87099035,2.55618,0.30909069,0.73915395,8.27,2.5150397,0.026398388
0.068,1718.5415,4622.0287,3073.5355,-5.0564504,0.77356581,0.87068334,2.5389733,0.30701008,0.74320825,8.27,2.5202729,0.026165645
0.069,1728.1974,4616.9723,3089.6216,-5.0244776,0.77104385,0.87037838,2.5219639,0.30495331,0.74717194,8.27,2.5254601,0.025936386
0.07,1737.6393,4611.9478,3105.3514,-4.992876,0.7685387,0.87007546,2.5051484,0.30292001,0.75104728,8.27,2.5306022,0.025710535
0.071,1746.8725,4606.9549,3120.7335,-4.9616392,0.76605017,0.86977455,2.4885238,0.30090977,0.75483643,8.27,2.5356998,0.025488019
0.072,1755.9019,4601.9933,3135.7762,-4.9307611,0.76357809,0.86947563,2.472087,0.29892224,0.75854148,8.27,2.5407536,0.025268768
0.073,1764.7324,4597.0625,3150.4876,-4.9002356,0.76112225,0.86917868,2.4558348,0.29695705,0.76216448,8.27,2.5457641,0.025052713
0.074,1773.3687,4592.1623,3164.8756,-4.870057,0.75868249,0.86888366,2.4397645,0.29501384,0.76570738,8.27,2.5507321,0.024839789
0.075,1781.8154,4587.2922,3178.9477,-4.8402196,0.75625861,0.86859057,2.4238731,0.29309228,0.76917211,8.27,2.5556581,0.024629931
0.076,1790.0769,4582.452,3192.7115,-4.8107179,0.75385046,0.86829938,2.408158,0.29119201,0.77256051,8.27,2.5605427,0.024423077
0.077,1798.1576,4577.6413,3206.1739,-4.7815465,0.75145784,0.86801006,2.3926163,0.28931273,0.77587437,8.27,2.5653865,0.024219167
0.078,1806.0616,4572.8597,3219.342,-4.7527003,0.74908059,0.86772261,2.3772455,0.28745411,0.77911544,8.27,2.5701902,0.02401814
0.079,1813.7929,4568.107,3232.2225,-4.7241742,0.74671855,0.86743699,2.362043,0.28561584,0.78228541,8.27,2.5749541,0.023819942
0.08,1821.3554,4563.3829,3244.822,-4.6959632,0.74437155,0.8671532,2.3470063,0.28379761,0.78538592,8.27,2.5796791,0.023624516
0.081,1828.7531,4558.6869,3257.1468,-4.6680626,0.74203941,0.8668712,2.3321329,0.28199915,0.78841855,8.27,2.5843654,0.023431807
0.082,1835.9896,4554.0188,3269.203,-4.6404677,0.73972199,0.86659098,2.3174206,0.28022015,0.79138486,8.27,2.5890138,0.023241765
0.083,1843.0685,4549.3784,3280.9968,-4.613174,0.73741912,0.86631252,2.302867,0.27846034,0.79428634,8.27,2.5936246,0.023054338
0.084,1849.9932,4544.7652,3292.5338,-4.5861771,0.73513065,0.8660358,2.2884698,0.27671945,0.79712445,8.27,2.5981985,0.022869477
0.085,1856.7673,4540.179,3303.8199,-4.5594725,0.73285643,0.8657608,2.2742269,0.27499721,0.7999006,8.27,2.602736,0.022687133
0.086,1863.394,4535.6195,3314.8605,-4.5330562,0.73059629,0.86548751,2.2601361,0.27329336,0.80261618,8.27,2.6072374,0.02250726
0.087,1869.8766,4531.0865,3325.6609,-4.506924,0.7283501,0.8652159,2.2461952,0.27160764,0.80527252,8.27,2.6117034,0.022329813
0.088,1876.2181,4526.5796,3336.2263,-4.4810719,0.72611769,0.86494596,2.2324023,0.26993982,0.80787091,8.27,2.6161343,0.022154746
0.089,1882.4216,4522.0985,3346.5619,-4.4554961,0.72389894,0.86467767,2.2187554,0.26828965,0.81041263,8.27,2.6205307,0.021982017
0.09,1888.4901,4517.643,3356.6726,-4.4301927,0.72169369,0.86441101,2.2052524,0.26665688,0.8128989,8.27,2.624893,0.021811585
0.091,1894.4265,4513.2128,3366.5631,-4.4051581,0.7195018,0.86414597,2.1918916,0.2650413,0.81533091,8.27,2.6292217,0.021643407
0.092,1900.2335,4508.8076,3376.2382,-4.3803886,0.71732312,0.86388253,2.178671,0.26344268,0.81770984,8.27,2.6335172,0.021477444
0.093,1905.9139,4504.4273,3385.7023,-4.3558807,0.71515754,0.86362067,2.1655887,0.26186079,0.82003682,8.27,2.6377799,0.021313658
0.094,1911.4703,4500.0714,3394.9599,-4.3316309,0.71300489,0.86336037,2.1526431,0.26029542,0.82231294,8.27,2.6420103,0.02115201
0.095,1916.9054,4495.7397,3404.0154,-4.307636,0.71086506,0.86310163,2.1398324,0.25874636,0.82453927,8.27,2.6462088,0.020992464
0.096,1922.2216,4491.4321,3412.8729,-4.2838925,0.7087379,0.86284441,2.1271549,0.25721341,0.82671688,8.27,2.6503758,0.020834984
0.097,1927.4214,4487.1482,3421.5365,-4.2603973,0.7066233,0.86258872,2.1146089,0.25569636,0.82884676,8.27,2.6545117,0.020679534
0.098,1932.5073,4482.8878,3430.0102,-4.2371473,0.7045211,0.86233452,2.1021928,0.25419502,0.83092992,8.27,2.658617,0.020526082
0.099,1937.4814,4478.6507,3438.2978,-4.2141394,0.7024312,0.86208181,2.0899049,0.25270918,0.83296732,8.27,2.6626919,0.020374592
0.1,1942.3463,4474.4365,3446.4033,-4.1913706,0.70035345,0.86183057,2.0777438,0.25123867,0.8349599,8.27,2.6667369,0.020225034
0.101,1947.1039,4470.2452,3454.3302,-4.1688379,0.69828775,0.86158079,2.0657079,0.2497833,0.83690858,8.27,2.6707524,0.020077374
0.102,1951.7565,4466.0763,3462.0822,-4.1465386,0.69623395,0.86133245,2.0537957,0.24834289,0.83881425,8.27,2.6747387,0.019931582
0.103,1956.3063,4461.9298,3469.6628,-4.1244697,0.69419195,0.86108553,2.0420057,0.24691725,0.84067778,8.27,2.6786962,0.019787629
0.104,1960.7552,4457.8053,3477.0754,-4.1026286,0.69216161,0.86084002,2.0303365,0.24550622,0.84250003,8.27,2.6826253,0.019645483
0.105,1965.1053,4453.7027,3484.3234,-4.0810126,0.69014282,0.86059591,2.0187866,0.24410963,0.84428182,8.27,2.6865263,0.019505117
0.106,1969.3586,4449.6217,3491.41,-4.059619,0.68813547,0.86035319,2.0073548,0.2427273,0.84602396,8.27,2.6903996,0.019366503
0.107,1973.5168,4445.5621,3498.3384,-4.0384452,0.68613943,0.86011183,1.9960396,0.24135908,0.84772725,8.27,2.6942455,0.019229612
0.108,1977.582,4441.5236,3505.1117,-4.0174889,0.68415459,0.85987182,1.9848397,0.2400048,0.84939244,8.27,2.6980644,0.019094418
0.109,1981.5561,4437.5061,3511.733,-3.9967473,0.68218083,0.85963316,1.9737538,0.2386643,0.85102212,8.27,2.7018566,0.018960894
0.11,1985.4407,4433.5094,3518.2051,-3.9762183,0.68021805,0.85939582,1.9627806,0.23733744,0.85261574,8.27,2.7056224,0.018829016
0.111,1989.2376,4429.5332,3524.5311,-3.9558994,0.67826613,0.8591598,1.9519189,0.23602405,0.85417342,8.27,2.7093622,0.018698758
0.112,1992.9483,4425.5773,3530.7136,-3.9357883,0.67632497,0.85892507,1.9411675,0.234724,0.85569587,8.27,2.7130762,0.018570095
0.113,1996.5747,4421.6415,3536.7555,-3.9158828,0.67439444,0.85869164,1.9305251,0.23343714,0.85718376,8.27,2.7167648,0.018443003
0.114,2000.1183,4417.7256,3542.6595,-3.8961805,0.67247445,0.85845947,1.9199906,0.23216331,0.85863776,8.27,2.7204283,0.018317459
0.115,2003.5807,4413.8294,3548.4282,-3.8766793,0.67056489,0.85822857,1.9095627,0.23090239,0.86005853,8.27,2.724067,0.01819344
0.116,2006.9634,4409.9527,3554.0642,-3.8573771,0.66866565,0.85799892,1.8992404,0.22965422,0.8614467,8.27,2.7276811,0.018070923
0.117,2010.2679,4406.0954,3559.57,-3.8382716,0.66677663,0.8577705,1.8890225,0.22841868,0.8628029,8.27,2.7312711,0.017949886
0.118,2013.4958,4402.2571,3564.9481,-3.8193609,0.66489772,0.8575433,1.8789078,0.22719562,0.86412774,8.27,2.7348372,0.017830307
0.119,2016.6485,4398.4377,3570.2009,-3.8006429,0.66302882,0.85731732,1.8688953,0.22598492,0.86542181,8.27,2.7383796,0.017712166
0.12,2019.7274,4394.6371,3575.3307,-3.7821155,0.66116984,0.85709253,1.858984,0.22478645,0.86668569,8.27,2.7418987,0.017595441
0.121,2022.7338,4390.855,3580.3398,-3.7637769,0.65932067,0.85686893,1.8491727,0.22360008,0.86791995,8.27,2.7453947,0.017480112
0.122,2025.6692,4387.0912,3585.2305,-3.745625,0.65748121,0.85664651,1.8394604,0.22242568,0.86912515,8.27,2.748868,0.01736616
0.123,2028.5348,4383.3456,3590.0051,-3.727658,0.65565136,0.85642524,1.829846,0.22126313,0.87030183,8.27,2.7523187,0.017253565
0.124,2031.332,4379.6179,3594.6655,-3.709874,0.65383103,0.85620513,1.8203287,0.2201123,0.87145053,8.27,2.7557471,0.017142307
0.125,2034.0619,4375.908,3599.2141,-3.6922711,0.65202012,0.85598616,1.8109073,0.21897308,0.87257176,8.27,2.7591536,0.017032368
0.126,2036.726,4372.2158,3603.6527,-3.6748475,0.65021854,0.85576831,1.801581,0.21784534,0.87366604,8.27,2.7625384,0.016923729
0.127,2039.3253,4368.5409,3607.9835,-3.6576015,0.64842619,0.85555158,1.7923486,0.21672898,0.87473386,8.27,2.7659016,0.016816373
0.128,2041.861,4364.8833,3612.2084,-3.6405313,0.64664298,0.85533596,1.7832094,0.21562387,0.87577571,8.27,2.7692437,0.016710282
0.129,2044.3344,4361.2428,3616.3294,-3.6236351,0.64486882,0.85512143,1.7741623,0.2145299,0.87679207,8.27,2.7725648,0.016605438
0.13,2046.7465,4357.6191,3620.3483,-3.6069112,0.64310362,0.85490798,1.7652064,0.21344696,0.8777834,8.27,2.7758651,0.016501824
0.131,2049.0984,4354.0122,3624.2671,-3.590358,0.64134728,0.85469561,1.7563408,0.21237494,0.87875017,8.27,2.779145,0.016399424
0.132,2051.3913,4350.4219,3628.0874,-3.5739739,0.63959971,0.85448429,1.7475646,0.21131373,0.87969281,8.27,2.7824047,0.01629822
0.133,2053.6263,4346.8479,3631.8112,-3.5577571,0.63786083,0.85427403,1.7388769,0.21026323,0.88061178,8.27,2.7856443,0.016198198
0.134,2055.8043,4343.2901,3635.4401,-3.541706,0.63613056,0.85406481,1.7302768,0.20922332,0.8815075,8.27,2.7888642,0.016099341
0.135,2057.9264,4339.7484,3638.9759,-3.5258191,0.63440879,0.85385661,1.7217636,0.2081939,0.88238038,8.27,2.7920645,0.016001633
0.136,2059.9936,4336.2226,3642.4203,-3.5100949,0.63269546,0.85364944,1.7133362,0.20717488,0.88323085,8.27,2.7952455,0.01590506
0.137,2062.0069,4332.7125,3645.7748,-3.4945317,0.63099046,0.85344327,1.704994,0.20616614,0.8840593,8.27,2.7984074,0.015809606
0.138,2063.9673,4329.218,3649.041,-3.479128,0.62929373,0.8532381,1.6967359,0.20516758,0.88486614,8.27,2.8015505,0.015715257
0.139,2065.8756,4325.7389,3652.2207,-3.4638824,0.62760517,0.85303392,1.6885613,0.20417912,0.88565174,8.27,2.8046749,0.015621997
0.14,2067.7329,4322.275,3655.3152,-3.4487933,0.6259247,0.85283072,1.6804693,0.20320064,0.88641649,8.27,2.8077808,0.015529813
0.141,2069.54,4318.8262,3658.3262,-3.4338593,0.62425224,0.85262849,1.6724591,0.20223206,0.88716077,8.27,2.8108686,0.015438691
0.142,2071.2978,4315.3923,3661.255,-3.4190789,0.62258771,0.85242722,1.6645299,0.20127327,0.88788492,8.27,2.8139383,0.015348616
0.143,2073.0073,4311.9732,3664.1032,-3.4044506,0.62093103,0.85222689,1.6566809,0.20032418,0.88858933,8.27,2.8169902,0.015259576
0.144,2074.6691,4308.5688,3666.8722,-3.3899732,0.61928212,0.85202751,1.6489114,0.19938469,0.88927432,8.27,2.8200245,0.015171557
0.145,2076.2843,4305.1788,3669.5634,-3.3756451,0.61764089,0.85182906,1.6412206,0.19845472,0.88994026,8.27,2.8230414,0.015084546
0.146,2077.8536,4301.8032,3672.1781,-3.361465,0.61600729,0.85163152,1.6336076,0.19753418,0.89058747,8.27,2.8260411,0.014998529
0.147,2079.3778,4298.4417,3674.7177,-3.3474316,0.61438122,0.8514349,1.6260719,0.19662296,0.89121628,8.27,2.8290238,0.014913495
0.148,2080.8577,4295.0943,3677.1835,-3.3335433,0.6127626,0.85123918,1.6186125,0.19572098,0.89182703,8.27,2.8319897,0.01482943
0.149,2082.2941,4291.7607,3679.5768,-3.319799,0.61115137,0.85104435,1.6112289,0.19482816,0.89242002,8.27,2.834939,0.014746322
0.15,2083.6878,4288.4409,3681.8989,-3.3061973,0.60954745,0.8508504,1.6039202,0.1939444,0.89299557,8.27,2.8378718,0.01466416
0.151,2085.0394,4285.1347,3684.1511,-3.2927369,0.60795077,0.85065734,1.5966857,0.19306961,0.89355399,8.27,2.8407884,0.014582931
0.152,2086.3498,4281.842,3686.3344,-3.2794164,0.60636124,0.85046513,1.5895248,0.19220372,0.89409558,8.27,2.8436889,0.014502624
0.153,2087.6197,4278.5626,3688.4502,-3.2662346,0.60477881,0.85027378,1.5824366,0.19134663,0.89462062,8.27,2.8465736,0.014423226
0.154,2088.8497,4275.2964,3690.4997,-3.2531902,0.60320339,0.85008329,1.5754206,0.19049826,0.89512941,8.27,2.8494425,0.014344726
0.155,2090.0405,4272.0432,3692.4839,-3.240282,0.60163491,0.84989363,1.568476,0.18965852,0.89562224,8.27,2.852296,0.014267114
0.156,2091.1929,4268.8029,3694.404,-3.2275087,0.60007331,0.8497048,1.5616021,0.18882734,0.89609938,8.27,2.855134,0.014190378
0.157,2092.3075,4265.5754,3696.2611,-3.214869,0.59851851,0.8495168,1.5547983,0.18800463,0.8965611,8.27,2.8579569,0.014114507
0.158,2093.385,4262.3605,3698.0564,-3.2023618,0.59697045,0.84932961,1.5480638,0.1871903,0.89700767,8.27,2.8607648,0.01403949
0.159,2094.4259,4259.1581,3699.7908,-3.1899857,0.59542905,0.84914322,1.541398,0.18638428,0.89743936,8.27,2.8635579,0.013965317
0.16,2095.431,4255.9682,3701.4655,-3.1777397,0.59389425,0.84895763,1.5348003,0.18558649,0.89785642,8.27,2.8663363,0.013891977
0.161,2096.4009,4252.7904,3703.0815,-3.1656224,0.59236598,0.84877284,1.5282699,0.18479684,0.89825911,8.27,2.8691002,0.01381946
0.162,2097.3361,4249.6248,3704.6397,-3.1536328,0.59084417,0.84858882,1.5218062,0.18401527,0.89864767,8.27,2.8718497,0.013747756
0.163,2098.2372,4246.4712,3706.1412,-3.1417696,0.58932876,0.84840558,1.5154087,0.18324168,0.89902236,8.27,2.8745851,0.013676854
0.164,2099.1049,4243.3294,3707.587,-3.1300316,0.58781969,0.84822311,1.5090765,0.182476,0.8993834,8.27,2.8773065,0.013606745
0.165,2099.9398,4240.1994,3708.978,-3.1184178,0.58631688,0.84804139,1.5028092,0.18171816,0.89973104,8.27,2.8800139,0.013537419
0.166,2100.7423,4237.0809,3710.3152,-3.1069269,0.58482027,0.84786042,1.496606,0.18096808,0.90006551,8.27,2.8827077,0.013468867
0.167,2101.5131,4233.974,3711.5995,-3.0955578,0.5833298,0.84768019,1.4904663,0.18022567,0.90038703,8.27,2.8853879,0.013401078
0.168,2102.2527,4230.8785,3712.8318,-3.0843094,0.58184542,0.8475007,1.4843896,0.17949088,0.90069583,8.27,2.8880547,0.013334043
0.169,2102.9616,4227.7941,3714.013,-3.0731806,0.58036704,0.84732194,1.4783751,0.17876362,0.90099213,8.27,2.8907083,0.013267753
0.17,2103.6403,4224.721,3715.144,-3.0621702,0.57889462,0.84714389,1.4724223,0.17804381,0.90127613,8.27,2.8933487,0.0132022
0.171,2104.2895,4221.6588,3716.2256,-3.0512771,0.57742809,0.84696656,1.4665306,0.1773314,0.90154806,8.27,2.8959762,0.013137373
0.172,2104.9095,4218.6075,3717.2587,-3.0405002,0.57596739,0.84678994,1.4606994,0.17662629,0.90180813,8.27,2.8985908,0.013073264
0.173,2105.5009,4215.567,3718.2441,-3.0298384,0.57451246,0.84661401,1.454928,0.17592842,0.90205652,8.27,2.9011928,0.013009864
0.174,2106.0642,4212.5372,3719.1827,-3.0192907,0.57306324,0.84643877,1.4492159,0.17523772,0.90229345,8.27,2.9037823,0.012947165
0.175,2106.5998,4209.5179,3720.0752,-3.008856,0.57161968,0.84626422,1.4435625,0.17455411,0.90251912,8.27,2.9063593,0.012885157
0.176,2107.1083,4206.509,3720.9224,-2.9985332,0.57018171,0.84609034,1.4379672,0.17387753,0.90273371,8.27,2.9089241,0.012823833
0.177,2107.5901,4203.5105,3721.7252,-2.9883212,0.56874928,0.84591713,1.4324294,0.17320791,0.90293742,8.27,2.9114767,0.012763183
0.178,2108.0457,4200.5222,3722.4842,-2.9782189,0.56732234,0.84574459,1.4269485,0.17254517,0.90313043,8.27,2.9140173,0.0127032
0.179,2108.4754,4197.544,3723.2003,-2.9682254,0.56590081,0.8455727,1.421524,0.17188924,0.90331293,8.27,2.9165461,0.012643876
0.18,2108.8798,4194.5757,3723.8741,-2.9583396,0.56448466,0.84540146,1.4161553,0.17124006,0.90348509,8.27,2.9190631,0.012585202
0.181,2109.2593,4191.6174,3724.5065,-2.9485604,0.56307381,0.84523086,1.4108418,0.17059756,0.9036471,8.27,2.9215686,0.012527171
0.182,2109.6143,4188.6688,3725.098,-2.9388868,0.56166823,0.8450609,1.405583,0.16996166,0.90379913,8.27,2.9240625,0.012469773
0.183,2109.9452,4185.7299,3725.6494,-2.9293178,0.56026785,0.84489157,1.4003782,0.16933231,0.90394135,8.27,2.9265451,0.012413003
0.184,2110.2525,4182.8006,3726.1614,-2.9198523,0.55887263,0.84472286,1.395227,0.16870944,0.90407392,8.27,2.9290165,0.012356851
0.185,2110.5365,4179.8808,3726.6347,-2.9104895,0.5574825,0.84455476,1.3901289,0.16809297,0.90419702,8.27,2.9314768,0.012301311
0.186,2110.7977,4176.9703,3727.0699,-2.9012281,0.55609741,0.84438728,1.3850831,0.16748285,0.90431081,8.27,2.933926,0.012246375
0.187,2111.0364,4174.0691,3727.4676,-2.8920674,0.55471733,0.8442204,1.3800893,0.166879,0.90441544,8.27,2.9363644,0.012192035
0.188,2111.2531,4171.177,3727.8286,-2.8830062,0.55334218,0.84405412,1.3751469,0.16628136,0.90451108,8.27,2.9387921,0.012138284
0.189,2111.448,4168.294,3728.1535,-2.8740436,0.55197192,0.84388843,1.3702552,0.16568987,0.90459787,8.27,2.9412091,0.012085115
0.19,2111.6217,4165.4199,3728.4428,-2.8651785,0.55060651,0.84372333,1.3654139,0.16510447,0.90467597,8.27,2.9436156,0.01203252
0.191,2111.7744,4162.5548,3728.6972,-2.8564101,0.54924589,0.8435588,1.3606224,0.16452508,0.90474553,8.27,2.9460117,0.011980493
0.192,2111.9064,4159.6984,3728.9173,-2.8477374,0.54789001,0.84339485,1.3558801,0.16395165,0.9048067,8.27,2.9483975,0.011929026
0.193,2112.0183,4156.8506,3729.1037,-2.8391594,0.54653882,0.84323146,1.3511865,0.1633841,0.90485961,8.27,2.9507732,0.011878113
0.194,2112.1102,4154.0115,3729.2569,-2.8306751,0.54519228,0.84306864,1.3465412,0.16282239,0.90490442,8.27,2.9531387,0.011827746
0.195,2112.1826,4151.1808,3729.3775,-2.8222835,0.54385034,0.84290638,1.3419435,0.16226645,0.90494126,8.27,2.9554943,0.011777919
0.196,2112.2358,4148.3585,3729.4662,-2.8139839,0.54251294,0.84274466,1.3373931,0.16171621,0.90497026,8.27,2.95784,0.011728625
0.197,2112.2701,4145.5445,3729.5233,-2.8057751,0.54118005,0.84258349,1.3328893,0.16117162,0.90499157,8.27,2.960176,0.011679858
0.198,2112.2858,4142.7387,3729.5496,-2.7976563,0.53985162,0.84242286,1.3284317,0.16063261,0.90500531,8.27,2.9625023,0.011631611
0.199,2112.2833,4139.9411,3729.5454,-2.7896266,0.5385276,0.84226276,1.3240197,0.16009912,0.90501162,8.27,2.9648191,0.011583877
0.2,2112.2629,4137.1515,3729.5114,-2.7816849,0.53720795,0.84210319,1.319653,0.1595711,0.90501062,8.27,2.9671264,0.01153665
0.201,2112.2248,4134.3698,3729.448,-2.7738305,0.53589262,0.84194414,1.3153309,0.15904848,0.90500244,8.27,2.9694244,0.011489924
0.202,2112.1695,4131.5959,3729.3558,-2.7660624,0.53458156,0.84178561,1.3110531,0.1585312,0.9049872,8.27,2.9717131,0.011443692
0.203,2112.0971,4128.8299,3729.2352,-2.7583797,0.53327475,0.84162759,1.3068189,0.15801921,0.90496503,8.27,2.9739927,0.011397948
0.204,2112.008,4126.0715,3729.0867,-2.7507815,0.53197212,0.84147007,1.302628,0.15751245,0.90493604,8.27,2.9762633,0.011352687
0.205,2111.9025,4123.3207,3728.9109,-2.7432669,0.53067364,0.84131306,1.2984798,0.15701086,0.90490035,8.27,2.9785248,0.011307901
0.206,2111.7808,4120.5775,3728.7082,-2.735835,0.52937926,0.84115655,1.2943739,0.15651437,0.90485808,8.27,2.9807776,0.011263586
0.207,2111.6432,4117.8416,3728.479,-2.7284849,0.52808895,0.84100053,1.2903098,0.15602295,0.90480934,8.27,2.9830215,0.011219735
0.208,2111.4901,4115.1131,3728.2239,-2.7212158,0.52680267,0.84084499,1.286287,0.15553652,0.90475424,8.27,2.9852568,0.011176341
0.209,2111.3216,4112.3919,3727.9432,-2.7140268,0.52552036,0.84068993,1.2823051,0.15505503,0.9046929,8.27,2.9874835,0.011133401
0.21,2111.1381,4109.6779,3727.6375,-2.7069171,0.524242,0.84053536,1.2783636,0.15457843,0.90462542,8.27,2.9897016,0.011090907
0.211,2110.9398,4106.971,3727.307,-2.6998857,0.52296754,0.84038125,1.2744621,0.15410666,0.9045519,8.27,2.9919114,0.011048854
0.212,2110.7269,4104.2711,3726.9524,-2.6929318,0.52169694,0.84022761,1.2706,0.15363966,0.90447246,8.27,2.9941129,0.011007236
0.213,2110.4998,4101.5782,3726.5739,-2.6860546,0.52043016,0.84007443,1.266777,0.15317738,0.9043872,8.27,2.9963061,0.010966048
0.214,2110.2586,4098.8921,3726.1721,-2.6792532,0.51916717,0.83992171,1.2629925,0.15271978,0.90429621,8.27,2.9984911,0.010925285
0.215,2110.0036,4096.2128,3725.7473,-2.6725268,0.51790792,0.83976945,1.2592463,0.15226678,0.90419959,8.27,3.0006681,0.010884941
0.216,2109.7351,4093.5403,3725.2998,-2.6658746,0.51665238,0.83961763,1.2555377,0.15181834,0.90409745,8.27,3.0028371,0.01084501
0.217,2109.4532,4090.8744,3724.8302,-2.6592957,0.51540052,0.83946625,1.2518664,0.15137441,0.90398988,8.27,3.0049982,0.010805488
0.218,2109.1583,4088.2151,3724.3388,-2.6527893,0.51415229,0.83931532,1.2482319,0.15093494,0.90387697,8.27,3.0071515,0.010766368
0.219,2108.8505,4085.5624,3723.826,-2.6463547,0.51290765,0.83916482,1.2446338,0.15049986,0.90375882,8.27,3.009297,0.010727647
0.22,2108.5301,4082.916,3723.2921,-2.639991,0.51166658,0.83901475,1.2410717,0.15006914,0.90363552,8.27,3.0114349,0.010689318
0.221,2108.1972,4080.276,3722.7375,-2.6336973,0.51042903,0.83886511,1.2375452,0.14964271,0.90350716,8.27,3.0135652,0.010651377
0.222,2107.8522,4077.6423,3722.1626,-2.627473,0.50919498,0.83871589,1.2340538,0.14922053,0.90337382,8.27,3.0156879,0.010613819
0.223,2107.4952,4075.0148,3721.5678,-2.6213172,0.50796438,0.83856708,1.2305971,0.14880255,0.9032356,8.27,3.0178032,0.010576638
0.224,2107.1264,4072.3935,3720.9533,-2.6152291,0.50673721,0.83841869,1.2271747,0.14838872,0.90309258,8.27,3.0199112,0.010539831
0.225,2106.746,4069.7783,3720.3196,-2.609208,0.50551342,0.83827072,1.2237862,0.14797898,0.90294484,8.27,3.0220119,0.010503391
0.226,2106.3543,4067.1691,3719.6669,-2.6032531,0.50429299,0.83812314,1.2204311,0.14757329,0.90279246,8.27,3.0241054,0.010467314
0.227,2105.9514,4064.5658,3718.9956,-2.5973637,0.50307588,0.83797597,1.2171091,0.1471716,0.90263554,8.27,3.0261917,0.010431596
0.228,2105.5375,4061.9685,3718.3061,-2.5915388,0.50186206,0.8378292,1.2138199,0.14677386,0.90247414,8.27,3.0282709,0.010396232
0.229,2105.1129,4059.3769,3717.5986,-2.5857779,0.5006515,0.83768282,1.2105629,0.14638003,0.90230835,8.27,3.0303432,0.010361217
0.23,2104.6777,4056.7912,3716.8734,-2.5800802,0.49944416,0.83753683,1.2073377,0.14599005,0.90213824,8.27,3.0324085,0.010326547
0.231,2104.2321,4054.2111,3716.131,-2.5744449,0.49824002,0.83739122,1.2041441,0.14560388,0.90196389,8.27,3.0344669,0.010292217
0.232,2103.7763,4051.6366,3715.3715,-2.5688712,0.49703904,0.837246,1.2009816,0.14522147,0.90178538,8.27,3.0365186,0.010258222
0.233,2103.3104,4049.0678,3714.5953,-2.5633585,0.49584119,0.83710116,1.1978498,0.14484278,0.90160277,8.27,3.0385635,0.010224559
0.234,2102.8347,4046.5044,3713.8027,-2.5579061,0.49464644,0.83695669,1.1947483,0.14446775,0.90141615,8.27,3.0406017,0.010191222
0.235,2102.3493,4043.9465,3712.994,-2.5525132,0.49345476,0.83681259,1.1916768,0.14409635,0.90122557,8.27,3.0426334,0.010158209
0.236,2101.8544,4041.394,3712.1694,-2.547179,0.49226613,0.83666887,1.188635,0.14372853,0.90103112,8.27,3.0446585,0.010125513
0.237,2101.3502,4038.8468,3711.3292,-2.541903,0.4910805,0.8365255,1.1856223,0.14336424,0.90083285,8.27,3.0466771,0.010093132
0.238,2100.8367,4036.3049,3710.4738,-2.5366844,0.48989787,0.8363825,1.1826385,0.14300344,0.90063084,8.27,3.0486893,0.01006106
0.239,2100.3143,4033.7682,3709.6033,-2.5315224,0.48871818,0.83623985,1.1796832,0.14264609,0.90042516,8.27,3.0506952,0.010029295
0.24,2099.783,4031.2367,3708.7181,-2.5264165,0.48754143,0.83609756,1.176756,0.14229214,0.90021586,8.27,3.0526947,0.0099978307
0.241,2099.2431,4028.7103,3707.8185,-2.5213659,0.48636757,0.83595562,1.1738566,0.14194155,0.90000302,8.27,3.0546881,0.0099666646
0.242,2098.6946,4026.1889,3706.9046,-2.51637,0.48519659,0.83581402,1.1709847,0.14159428,0.89978669,8.27,3.0566752,0.0099357923
0.243,2098.1377,4023.6725,3705.9767,-2.511428,0.48402845,0.83567277,1.1681398,0.14125028,0.89956694,8.27,3.0586563,0.0099052099
0.244,2097.5725,4021.1611,3705.0351,-2.5065394,0.48286312,0.83553186,1.1653216,0.14090951,0.89934383,8.27,3.0606312,0.0098749135
0.245,2096.9993,4018.6546,3704.08,-2.5017034,0.48170059,0.83539129,1.1625299,0.14057193,0.89911742,8.27,3.0626002,0.0098448993
0.246,2096.4181,4016.1529,3703.1117,-2.4969195,0.48054083,0.83525105,1.1597642,0.1402375,0.89888777,8.27,3.0645633,0.0098151635
0.247,2095.8292,4013.656,3702.1303,-2.4921869,0.47938381,0.83511115,1.1570242,0.13990619,0.89865493,8.27,3.0665204,0.0097857024
0.248,2095.2325,4011.1638,3701.1363,-2.487505,0.4782295,0.83497157,1.1543096,0.13957794,0.89841897,8.27,3.0684717,0.0097565124
0.249,2094.6284,4008.6763,3700.1296,-2.4828732,0.47707788,0.83483232,1.15162,0.13925272,0.89817994,8.27,3.0704172,0.0097275896
0.25,2094.0168,4006.1934,3699.1107,-2.4782909,0.47592892,0.83469339,1.1489552,0.13893049,0.89793789,8.27,3.072357,0.0096989307
0.251,2093.398,4003.7151,3698.0797,-2.4737574,0.47478261,0.83455478,1.1463147,0.13861121,0.89769288,8.27,3.0742911,0.009670532
0.252,2092.7721,4001.2413,3697.0368,-2.4692722,0.47363891,0.83441648,1.1436984,0.13829485,0.89744496,8.27,3.0762196,0.0096423899
0.253,2092.1392,3998.7721,3695.9822,-2.4648345,0.4724978,0.8342785,1.1411058,0.13798136,0.89719419,8.27,3.0781425,0.0096145012
0.254,2091.4994,3996.3072,3694.9162,-2.4604439,0.47135926,0.83414083,1.1385367,0.1376707,0.89694061,8.27,3.0800599,0.0095868622
0.255,2090.8528,3993.8468,3693.839,-2.4560997,0.47022327,0.83400347,1.1359907,0.13736285,0.89668428,8.27,3.0819718,0.0095594697
0.256,2090.1997,3991.3907,3692.7507,-2.4518013,0.46908981,0.83386641,1.1334676,0.13705775,0.89642524,8.27,3.0838782,0.0095323204
0.257,2089.54,3988.9389,3691.6516,-2.4475481,0.46795884,0.83372965,1.130967,0.13675539,0.89616355,8.27,3.0857793,0.0095054108
0.258,2088.874,3986.4913,3690.5419,-2.4433396,0.46683035,0.8335932,1.1284887,0.13645571,0.89589925,8.27,3.087675,0.0094787378
0.259,2088.2017,3984.048,3689.4217,-2.4391751,0.46570432,0.83345704,1.1260323,0.13615868,0.89563239,8.27,3.0895655,0.0094522982
0.26,2087.5232,3981.6088,3688.2913,-2.4350541,0.46458072,0.83332117,1.1235975,0.13586427,0.89536302,8.27,3.0914507,0.0094260888
0.261,2086.8387,3979.1738,3687.1507,-2.4309761,0.46345954,0.8331856,1.1211841,0.13557244,0.89509118,8.27,3.0933307,0.0094001064
0.262,2086.1482,3976.7428,3686.0003,-2.4269405,0.46234075,0.83305032,1.1187918,0.13528317,0.89481692,8.27,3.0952056,0.0093743481
0.263,2085.4519,3974.3159,3684.8402,-2.4229467,0.46122432,0.83291532,1.1164202,0.1349964,0.89454028,8.27,3.0970754,0.0093488106
0.264,2084.7499,3971.8929,3683.6706,-2.4189942,0.46011026,0.83278061,1.1140692,0.13471212,0.89426131,8.27,3.0989401,0.0093234911
0.265,2084.0423,3969.4739,3682.4916,-2.4150824,0.45899852,0.83264618,1.1117384,0.13443028,0.89398004,8.27,3.1007998,0.0092983865
0.266,2083.3292,3967.0588,3681.3035,-2.4112109,0.45788909,0.83251203,1.1094276,0.13415085,0.89369652,8.27,3.1026544,0.0092734939
0.267,2082.6107,3964.6476,3680.1063,-2.407379,0.45678195,0.83237816,1.1071364,0.13387381,0.89341079,8.27,3.1045042,0.0092488105
0.268,2081.8869,3962.2402,3678.9002,-2.4035863,0.45567709,0.83224456,1.1048646,0.13359911,0.89312289,8.27,3.1063491,0.0092243333
0.269,2081.1578,3959.8367,3677.6855,-2.3998322,0.45457448,0.83211123,1.102612,0.13332673,0.89283287,8.27,3.1081891,0.0092000596
0.27,2080.4236,3957.4368,3676.4623,-2.3961163,0.4534741,0.83197817,1.1003783,0.13305663,0.89254075,8.27,3.1100243,0.0091759865
0.271,2079.6844,3955.0407,3675.2307,-2.3924379,0.45237594,0.83184538,1.0981633,0.13278879,0.89224658,8.27,3.1118547,0.0091521114
0.272,2078.9403,3952.6483,3673.9909,-2.3887967,0.45127997,0.83171286,1.0959666,0.13252316,0.89195039,8.27,3.1136804,0.0091284314
0.273,2078.1914,3950.2595,3672.743,-2.3851922,0.45018618,0.8315806,1.093788,0.13225973,0.89165223,8.27,3.1155014,0.009104944
0.274,2077.4377,3947.8743,3671.4872,-2.3816237,0.44909455,0.8314486,1.0916273,0.13199846,0.89135213,8.27,3.1173177,0.0090816466
0.275,2076.6793,3945.4927,3670.2236,-2.378091,0.44800507,0.83131686,1.0894842,0.13173932,0.89105013,8.27,3.1191294,0.0090585364
0.276,2075.9163,3943.1146,3668.9524,-2.3745934,0.44691771,0.83118538,1.0873585,0.13148229,0.89074625,8.27,3.1209365,0.009035611
0.277,2075.1489,3940.74,3667.6738,-2.3711305,0.44583246,0.83105415,1.0852499,0.13122732,0.89044054,8.27,3.1227391,0.0090128677
0.278,2074.3771,3938.3688,3666.3878,-2.3677018,0.4447493,0.83092318,1.0831583,0.1309744,0.89013303,8.27,3.1245372,0.0089903042
0.279,2073.6009,3936.0011,3665.0946,-2.364307,0.44366822,0.83079246,1.0810833,0.13072349,0.88982375,8.27,3.1263308,0.008967918
0.28,2072.8205,3933.6368,3663.7943,-2.3609454,0.44258919,0.83066198,1.0790247,0.13047458,0.88951274,8.27,3.1281199,0.0089457065
0.281,2072.0359,3931.2759,3662.4871,-2.3576167,0.44151221,0.83053175,1.0769824,0.13022762,0.88920002,8.27,3.1299046,0.0089236675
0.282,2071.2473,3928.9183,3661.173,-2.3543205,0.44043726,0.83040177,1.074956,0.12998259,0.88888563,8.27,3.131685,0.0089017985
0.283,2070.4546,3926.5639,3659.8523,-2.3510562,0.43936431,0.83027203,1.0729454,0.12973947,0.88856961,8.27,3.133461,0.0088800973
0.284,2069.658,3924.2129,3658.5251,-2.3478234,0.43829336,0.83014253,1.0709503,0.12949823,0.88825197,8.27,3.1352327,0.0088585615
0.285,2068.8575,3921.8651,3657.1914,-2.3446218,0.43722439,0.83001327,1.0689706,0.12925884,0.88793276,8.27,3.1370002,0.0088371888
0.286,2068.0532,3919.5204,3655.8514,-2.3414509,0.43615738,0.82988425,1.0670059,0.12902127,0.88761199,8.27,3.1387634,0.0088159771
0.287,2067.2453,3917.179,3654.5052,-2.3383102,0.43509233,0.82975547,1.0650561,0.12878551,0.88728971,8.27,3.1405223,0.008794924
0.288,2066.4336,3914.8407,3653.1529,-2.3351994,0.43402921,0.82962692,1.0631211,0.12855152,0.88696593,8.27,3.1422772,0.0087740276
0.289,2065.6184,3912.5055,3651.7946,-2.3321181,0.43296801,0.8294986,1.0612004,0.12831928,0.88664069,8.27,3.1440278,0.0087532855
0.29,2064.7997,3910.1734,3650.4305,-2.3290658,0.43190871,0.82937051,1.0592941,0.12808876,0.88631402,8.27,3.1457743,0.0087326957
0.291,2063.9776,3907.8443,3649.0607,-2.3260421,0.43085131,0.82924265,1.0574018,0.12785995,0.88598593,8.27,3.1475168,0.0087122561
0.292,2063.152,3905.5183,3647.6852,-2.3230467,0.42979579,0.82911502,1.0555233,0.12763281,0.88565647,8.27,3.1492552,0.0086919646
0.293,2062.3232,3903.1952,3646.3042,-2.3200791,0.42874213,0.82898761,1.0536586,0.12740732,0.88532564,8.27,3.1509896,0.0086718192
0.294,2061.4911,3900.8751,3644.9178,-2.317139,0.42769032,0.82886042,1.0518073,0.12718347,0.88499349,8.27,3.1527199,0.008651818
0.295,2060.6558,3898.558,3643.5261,-2.314226,0.42664035,0.82873346,1.0499693,0.12696122,0.88466003,8.27,3.1544463,0.0086319589
0.296,2059.8174,3896.2438,3642.1292,-2.3113398,0.42559221,0.82860672,1.0481444,0.12674055,0.88432529,8.27,3.1561688,0.0086122401
0.297,2058.9759,3893.9324,3640.7271,-2.3084798,0.42454587,0.8284802,1.0463324,0.12652145,0.88398929,8.27,3.1578873,0.0085926595
0.298,2058.1313,3891.6239,3639.3201,-2.3056459,0.42350134,0.8283539,1.0445331,0.12630388,0.88365206,8.27,3.1596019,0.0085732153
0.299,2057.2839,3889.3183,3637.9081,-2.3028376,0.4224586,0.82822781,1.0427463,0.12608783,0.88331362,8.27,3.1613127,0.0085539057
0.3,2056.4335,3887.0155,3636.4913,-2.3000545,0.42141762,0.82810194,1.0409719,0.12587327,0.882974,8.27,3.1630197,0.0085347288
0.301,2055.5803,3884.7154,3635.0697,-2.2972964,0.42037841,0.82797628,1.0392097,0.12566018,0.88263321,8.27,3.1647228,0.0085156828
0.302,2054.7243,3882.4181,3633.6435,-2.2945628,0.41934095,0.82785083,1.0374595,0.12544855,0.88229128,8.27,3.1664222,0.0084967659
0.303,2053.8656,3880.1236,3632.2128,-2.2918535,0.41830523,0.82772559,1.0357212,0.12523835,0.88194823,8.27,3.1681177,0.0084779764
0.304,2053.0042,3877.8317,3630.7775,-2.289168,0.41727124,0.82760056,1.0339945,0.12502956,0.88160408,8.27,3.1698096,0.0084593126
0.305,2052.1402,3875.5425,3629.338,-2.2865061,0.41623896,0.82747574,1.0322793,0.12482216,0.88125886,8.27,3.1714978,0.0084407726
0.306,2051.2736,3873.256,3627.8941,-2.2838674,0.41520838,0.82735112,1.0305754,0.12461614,0.88091258,8.27,3.1731822,0.008422355
0.307,2050.4044,3870.9722,3626.446,-2.2812516,0.4141795,0.82722671,1.0288828,0.12441146,0.88056527,8.27,3.174863,0.0084040579
0.308,2049.5328,3868.6909,3624.9937,-2.2786584,0.4131523,0.8271025,1.0272011,0.12420811,0.88021694,8.27,3.1765402,0.0083858799
0.309,2048.6588,3866.4122,3623.5374,-2.2760874,0.41212677,0.8269785,1.0255303,0.12400608,0.87986761,8.27,3.1782138,0.0083678192
0.31,2047.7823,3864.1362,3622.0772,-2.2735384,0.4111029,0.82685469,1.0238701,0.12380534,0.87951731,8.27,3.1798838,0.0083498743
0.311,2046.9036,3861.8626,3620.613,-2.2710111,0.41008068,0.82673108,1.0222206,0.12360587,0.87916604,8.27,3.1815502,0.0083320436
0.312,2046.0225,3859.5916,3619.1451,-2.268505,0.4090601,0.82660768,1.0205814,0.12340766,0.87881384,8.27,3.183213,0.0083143256
0.313,2045.1392,3857.3231,3617.6734,-2.26602,0.40804115,0.82648447,1.0189524,0.12321069,0.87846072,8.27,3.1848724,0.0082967188
0.314,2044.2537,3855.0571,3616.198,-2.2635558,0.40702381,0.82636145,1.0173336,0.12301494,0.8781067,8.27,3.1865282,0.0082792216
0.315,2043.366,3852.7935,3614.719,-2.261112,0.40600809,0.82623863,1.0157247,0.1228204,0.87775179,8.27,3.1881806,0.0082618327
0.316,2042.4762,3850.5324,3613.2365,-2.2586884,0.40499396,0.826116,1.0141256,0.12262703,0.87739601,8.27,3.1898295,0.0082445505
0.317,2041.5844,3848.2737,3611.7506,-2.2562846,0.40398143,0.82599357,1.0125361,0.12243484,0.87703938,8.27,3.191475,0.0082273737
0.318,2040.6905,3846.0174,3610.2612,-2.2539005,0.40297047,0.82587133,1.0109562,0.1222438,0.87668192,8.27,3.193117,0.0082103008
0.319,2039.7946,3843.7635,3608.7685,-2.2515357,0.40196108,0.82574927,1.0093857,0.12205389,0.87632364,8.27,3.1947557,0.0081933305
0.32,2038.8967,3841.512,3607.2726,-2.2491899,0.40095326,0.82562741,1.0078244,0.12186511,0.87596456,8.27,3.196391,0.0081764613
0.321,2037.9969,3839.2628,3605.7735,-2.2468629,0.39994699,0.82550573,1.0062723,0.12167742,0.87560469,8.27,3.1980229,0.008159692
0.322,2037.0953,3837.016,3604.2712,-2.2445544,0.39894226,0.82538424,1.0047291,0.12149082,0.87524405,8.27,3.1996515,0.0081430212
0.323,2036.1918,3834.7714,3602.7659,-2.2422642,0.39793906,0.82526293,1.0031948,0.12130529,0.87488266,8.27,3.2012768,0.0081264477
0.324,2035.2865,3832.5291,3601.2576,-2.239992,0.39693739,0.82514181,1.0016692,0.12112082,0.87452052,8.27,3.2028988,0.00810997
0.325,2034.3795,3830.2891,3599.7463,-2.2377376,0.39593724,0.82502087,1.0001522,0.12093739,0.87415766,8.27,3.2045175,0.0080935871
0.326,2033.4707,3828.0514,3598.2322,-2.2355006,0.3949386,0.82490012,0.9986437,0.12075498,0.87379409,8.27,3.206133,0.0080772975
0.327,2032.5602,3825.8159,3596.7152,-2.2332809,0.39394145,0.82477955,0.99714356,0.12057359,0.87342982,8.27,3.2077452,0.0080611002
0.328,2031.648,3823.5826,3595.1954,-2.2310782,0.3929458,0.82465915,0.99565165,0.12039319,0.87306487,8.27,3.2093542,0.0080449938
0.329,2030.7343,3821.3515,3593.673,-2.2288923,0.39195163,0.82453894,0.99416785,0.12021377,0.87269925,8.27,3.21096,0.0080289773
0.33,2029.8189,3819.1227,3592.1478,-2.2267229,0.39095894,0.8244189,0.99269206,0.12003532,0.87233297,8.27,3.2125626,0.0080130493
0.331,2028.9019,3816.8959,3590.6201,-2.2245698,0.38996772,0.82429905,0.99122415,0.11985782,0.87196605,8.27,3.2141621,0.0079972089
0.332,2027.9835,3814.6714,3589.0898,-2.2224328,0.38897795,0.82417936,0.98976402,0.11968126,0.8715985,8.27,3.2157584,0.0079814548
0.333,2027.0635,3812.4489,3587.557,-2.2203117,0.38798964,0.82405986,0.98831155,0.11950563,0.87123033,8.27,3.2173515,0.0079657859
0.334,2026.142,3810.2286,3586.0218,-2.2182061,0.38700278,0.82394053,0.98686662,0.11933091,0.87086156,8.27,3.2189415,0.0079502011
0.335,2025.2191,3808.0104,3584.4841,-2.216116,0.38601735,0.82382137,0.98542914,0.11915709,0.8704922,8.27,3.2205285,0.0079346993
0.336,2024.2948,3805.7943,3582.9441,-2.2140411,0.38503335,0.82370239,0.983999,0.11898416,0.87012225,8.27,3.2221123,0.0079192796
0.337,2023.3691,3803.5803,3581.4018,-2.2119811,0.38405077,0.82358357,0.98257608,0.1188121,0.86975174,8.27,3.2236931,0.0079039407
0.338,2022.4421,3801.3683,3579.8573,-2.2099359,0.38306961,0.82346493,0.98116029,0.11864091,0.86938067,8.27,3.2252709,0.0078886817
0.339,2021.5137,3799.1583,3578.3105,-2.2079053,0.38208986,0.82334646,0.97975152,0.11847056,0.86900905,8.27,3.2268456,0.0078735016
0.34,2020.5841,3796.9504,3576.7616,-2.205889,0.38111151,0.82322816,0.97834968,0.11830105,0.8686369,8.27,3.2284172,0.0078583993
0.341,2019.6531,3794.7445,3575.2105,-2.2038869,0.38013456,0.82311003,0.97695466,0.11813237,0.86826423,8.27,3.2299859,0.0078433738
0.342,2018.7209,3792.5407,3573.6574,-2.2018988,0.37915899,0.82299207,0.97556637,0.1179645,0.86789104,8.27,3.2315516,0.0078284243
0.343,2017.7875,3790.3388,3572.1022,-2.1999244,0.3781848,0.82287427,0.97418472,0.11779743,0.86751735,8.27,3.2331143,0.0078135497
0.344,2016.8529,3788.1388,3570.5451,-2.1979636,0.377212,0.82275664,0.97280959,0.11763115,0.86714317,8.27,3.2346741,0.0077987491
0.345,2015.9172,3785.9409,3568.986,-2.1960161,0.37624055,0.82263917,0.97144092,0.11746565,0.8667685,8.27,3.2362309,0.0077840215
0.346,2014.9802,3783.7449,3567.425,-2.1940819,0.37527048,0.82252187,0.97007859,0.11730092,0.86639337,8.27,3.2377847,0.0077693661
0.347,2014.0422,3781.5508,3565.8621,-2.1921607,0.37430175,0.82240473,0.96872252,0.11713694,0.86601777,8.27,3.2393357,0.0077547819
0.348,2013.1031,3779.3586,3564.2974,-2.1902523,0.37333438,0.82228776,0.96737263,0.11697372,0.86564172,8.27,3.2408838,0.0077402681
0.349,2012.1628,3777.1684,3562.7309,-2.1883565,0.37236835,0.82217095,0.96602883,0.11681122,0.86526523,8.27,3.2424289,0.0077258238
0.35,2011.2216,3774.98,3561.1627,-2.1864733,0.37140366,0.8220543,0.96469102,0.11664946,0.86488831,8.27,3.2439712,0.007711448
0.351,2010.2793,3772.7935,3559.5927,-2.1846023,0.3704403,0.82193781,0.96335913,0.11648841,0.86451096,8.27,3.2455106,0.0076971401
0.352,2009.336,3770.6089,3558.0211,-2.1827435,0.36947827,0.82182148,0.96203307,0.11632806,0.86413319,8.27,3.2470472,0.0076828991
0.353,2008.3917,3768.4262,3556.4478,-2.1808966,0.36851756,0.82170531,0.96071275,0.11616841,0.86375502,8.27,3.248581,0.0076687242
0.354,2007.4464,3766.2453,3554.8729,-2.1790616,0.36755816,0.8215893,0.95939811,0.11600944,0.86337645,8.27,3.2501119,0.0076546146
0.355,2006.5002,3764.0662,3553.2965,-2.1772382,0.36660007,0.82147345,0.95808905,0.11585116,0.86299749,8.27,3.25164,0.0076405695
0.356,2005.5531,3761.889,3551.7185,-2.1754263,0.36564328,0.82135776,0.95678551,0.11569353,0.86261815,8.27,3.2531653,0.0076265882
0.357,2004.6051,3759.7136,3550.139,-2.1736257,0.3646878,0.82124222,0.95548739,0.11553656,0.86223844,8.27,3.2546879,0.0076126698
0.358,2003.6562,3757.5399,3548.558,-2.1718362,0.3637336,0.82112684,0.95419463,0.11538025,0.86185836,8.27,3.2562076,0.0075988136
0.359,2002.7064,3755.3681,3546.9756,-2.1700578,0.36278069,0.82101162,0.95290716,0.11522457,0.86147792,8.27,3.2577246,0.0075850189
0.36,2001.7558,3753.198,3545.3918,-2.1682903,0.36182907,0.82089655,0.95162489,0.11506952,0.86109714,8.27,3.2592389,0.0075712849
0.361,2000.8044,3751.0298,3543.8066,-2.1665334,0.36087872,0.82078163,0.95034776,0.11491509,0.86071601,8.27,3.2607504,0.0075576109
0.362,1999.8521,3748.8632,3542.22,-2.1647872,0.35992965,0.82066687,0.94907569,0.11476127,0.86033455,8.27,3.2622592,0.0075439962
0.363,1998.8991,3746.6984,3540.6321,-2.1630513,0.35898184,0.82055226,0.94780862,0.11460806,0.85995276,8.27,3.2637653,0.00753044
0.364,1997.9452,3744.5354,3539.043,-2.1613258,0.35803529,0.82043781,0.94654647,0.11445544,0.85957065,8.27,3.2652687,0.0075169418
0.365,1996.9907,3742.3741,3537.4526,-2.1596104,0.35709,0.82032351,0.94528918,0.11430341,0.85918823,8.27,3.2667694,0.0075035007
0.366,1996.0353,3740.2144,3535.8609,-2.157905,0.35614596,0.82020935,0.94403668,0.11415196,0.8588055,8.27,3.2682674,0.0074901162
0.367,1995.0793,3738.0565,3534.2681,-2.1562095,0.35520318,0.82009535,0.9427889,0.11400108,0.85842247,8.27,3.2697628,0.0074767876
0.368,1994.1226,3735.9003,3532.6741,-2.1545237,0.35426163,0.8199815,0.94154579,0.11385076,0.85803915,8.27,3.2712555,0.0074635142
0.369,1993.1651,3733.7458,3531.0789,-2.1528475,0.35332132,0.8198678,0.94030726,0.113701,0.85765554,8.27,3.2727455,0.0074502954
0.37,1992.207,3731.593,3529.4826,-2.1511808,0.35238225,0.81975425,0.93907328,0.11355179,0.85727166,8.27,3.2742329,0.0074371306
0.371,1991.2482,3729.4418,3527.8852,-2.1495235,0.35144441,0.81964085,0.93784376,0.11340311,0.8568875,8.27,3.2757177,0.0074240192
0.372,1990.2888,3727.2923,3526.2867,-2.1478754,0.35050779,0.81952759,0.93661865,0.11325498,0.85650307,8.27,3.2771999,0.0074109604
0.373,1989.3288,3725.1444,3524.6872,-2.1462364,0.34957239,0.81941448,0.9353979,0.11310736,0.85611838,8.27,3.2786795,0.0073979538
0.374,1988.3681,3722.9981,3523.0866,-2.1446064,0.34863821,0.81930152,0.93418144,0.11296027,0.85573343,8.27,3.2801565,0.0073849988
0.375,1987.4068,3720.8535,3521.4851,-2.1429852,0.34770524,0.81918871,0.93296921,0.11281369,0.85534824,8.27,3.2816309,0.0073720947
0.376,1986.445,3718.7105,3519.8826,-2.1413728,0.34677348,0.81907604,0.93176115,0.11266761,0.8549628,8.27,3.2831028,0.007359241
0.377,1985.4826,3716.5692,3518.2791,-2.1397691,0.34584292,0.81896352,0.93055722,0.11252203,0.85457713,8.27,3.2845721,0.0073464372
0.378,1984.5196,3714.4294,3516.6747,-2.1381738,0.34491356,0.81885114,0.92935736,0.11237695,0.85419122,8.27,3.2860388,0.0073336826
0.379,1983.556,3712.2912,3515.0693,-2.136587,0.3439854,0.81873891,0.9281615,0.11223235,0.85380508,8.27,3.287503,0.0073209767
0.38,1982.592,3710.1546,3513.4631,-2.1350084,0.34305843,0.81862682,0.92696961,0.11208822,0.85341872,8.27,3.2889647,0.0073083191
0.381,1981.6274,3708.0196,3511.856,-2.1334381,0.34213265,0.81851488,0.92578162,0.11194457,0.85303214,8.27,3.2904238,0.0072957091
0.382,1980.6623,3705.8862,3510.2481,-2.1318758,0.34120805,0.81840308,0.92459748,0.11180139,0.85264536,8.27,3.2918804,0.0072831463
0.383,1979.6967,3703.7543,3508.6394,-2.1303216,0.34028464,0.81829142,0.92341715,0.11165866,0.85225836,8.27,3.2933346,0.00727063
0.384,1978.7306,3701.624,3507.0298,-2.1287752,0.33936239,0.8181799,0.92224057,0.11151639,0.85187117,8.27,3.2947862,0.00725816
0.385,1977.7641,3699.4952,3505.4195,-2.1272365,0.33844133,0.81806853,0.9210677,0.11137457,0.85148377,8.27,3.2962354,0.0072457355
0.386,1976.7971,3697.368,3503.8083,-2.1257056,0.33752143,0.81795729,0.91989848,0.11123319,0.85109619,8.27,3.297682,0.0072333562
0.387,1975.8296,3695.2423,3502.1965,-2.1241822,0.3366027,0.8178462,0.91873287,0.11109225,0.85070842,8.27,3.2991262,0.0072210215
0.388,1974.8617,3693.1181,3500.5839,-2.1226663,0.33568512,0.81773525,0.91757082,0.11095173,0.85032046,8.27,3.300568,0.0072087311
0.389,1973.8934,3690.9954,3498.9706,-2.1211578,0.33476871,0.81762444,0.91641228,0.11081164,0.84993232,8.27,3.3020073,0.0071964843
0.39,1972.9247,3688.8743,3497.3566,-2.1196566,0.33385346,0.81751377,0.91525722,0.11067197,0.84954438,8.27,3.3034441,0.0071842808
0.391,1971.9556,3686.7546,3495.7419,-2.1181626,0.33293935,0.81740323,0.91410558,0.11053272,0.84915647,8.27,3.3048786,0.0071721202
0.392,1970.9861,3684.6365,3494.1266,-2.1166757,0.33202639,0.81729284,0.91295734,0.11039387,0.8487684,8.27,3.3063106,0.007160002
0.393,1970.0162,3682.5198,3492.5106,-2.1151959,0.33111458,0.81718258,0.91181245,0.11025544,0.84838016,8.27,3.3077401,0.0071479259
0.394,1969.0459,3680.4046,3490.894,-2.113723,0.33020391,0.81707247,0.91067087,0.1101174,0.84799177,8.27,3.3091673,0.0071358913
0.395,1968.0752,3678.2909,3489.2767,-2.112257,0.32929438,0.81696249,0.90953254,0.10997975,0.84760322,8.27,3.3105921,0.0071238978
0.396,1967.1042,3676.1786,3487.6589,-2.1107978,0.32838598,0.81685264,0.90839745,0.1098425,0.84721452,8.27,3.3120145,0.0071119451
0.397,1966.1329,3674.0678,3486.0405,-2.1093453,0.32747871,0.81674294,0.90726553,0.10970563,0.84682567,8.27,3.3134345,0.0071000327
0.398,1965.1612,3671.9585,3484.4215,-2.1078994,0.32657258,0.81663337,0.90613676,0.10956914,0.84643668,8.27,3.3148521,0.0070881602
0.399,1964.1892,3669.8506,3482.802,-2.10646,0.32566757,0.81652394,0.90501109,0.10943302,0.84604755,8.27,3.3162674,0.0070763272
0.4,1963.2168,3667.7441,3481.1819,-2.1050271,0.32476368,0.81641464,0.90388848,0.10929728,0.84565828,8.27,3.3176803,0.0070645333
0.401,1962.2442,3665.6391,3479.5614,-2.1036006,0.32386091,0.81630548,0.9027689,0.1091619,0.84526888,8.27,3.3190909,0.0070527781
0.402,1961.2712,3663.5355,3477.9403,-2.1021804,0.32295926,0.81619645,0.90165231,0.10902688,0.84487935,8.27,3.3204991,0.0070410613
0.403,1960.298,3661.4333,3476.3187,-2.1007663,0.32205872,0.81608756,0.90053867,0.10889222,0.8444897,8.27,3.3219049,0.0070293824
0.404,1959.3244,3659.3325,3474.6966,-2.0993585,0.32115929,0.8159788,0.89942795,0.10875791,0.84409992,8.27,3.3233085,0.0070177411
0.405,1958.3506,3657.2332,3473.0741,-2.0979567,0.32026097,0.81587018,0.89832011,0.10862396,0.84371002,8.27,3.3247097,0.0070061371
0.406,1957.3765,3655.1352,3471.4511,-2.0965609,0.31936375,0.81576169,0.89721512,0.10849034,0.84332001,8.27,3.3261086,0.0069945699
0.407,1956.4022,3653.0387,3469.8277,-2.095171,0.31846764,0.81565333,0.89611293,0.10835707,0.84292989,8.27,3.3275052,0.0069830392
0.408,1955.4275,3650.9435,3468.2039,-2.093787,0.31757263,0.81554511,0.89501353,0.10822413,0.84253966,8.27,3.3288995,0.0069715447
0.409,1954.4527,3648.8497,3466.5796,-2.0924087,0.31667871,0.81543701,0.89391687,0.10809152,0.84214932,8.27,3.3302916,0.006960086
0.41,1953.4776,3646.7573,3464.9549,-2.0910362,0.31578589,0.81532905,0.89282292,0.10795924,0.84175888,8.27,3.3316813,0.0069486628
0.411,1952.5022,3644.6663,3463.3299,-2.0896694,0.31489416,0.81522123,0.89173164,0.10782728,0.84136834,8.27,3.3330688,0.0069372747
0.412,1951.5266,3642.5766,3461.7045,-2.0883081,0.31400351,0.81511353,0.89064302,0.10769565,0.8409777,8.27,3.3344539,0.0069259214
0.413,1950.5509,3640.4883,3460.0787,-2.0869524,0.31311396,0.81500597,0.88955701,0.10756433,0.84058697,8.27,3.3358369,0.0069146027
0.414,1949.5749,3638.4013,3458.4525,-2.0856021,0.31222548,0.81489853,0.88847359,0.10743332,0.84019614,8.27,3.3372175,0.0069033181
0.415,1948.5986,3636.3157,3456.826,-2.0842572,0.31133809,0.81479123,0.88739273,0.10730263,0.83980523,8.27,3.3385959,0.0068920674
0.416,1947.6222,3634.2315,3455.1992,-2.0829176,0.31045178,0.81468406,0.88631439,0.10717224,0.83941423,8.27,3.3399721,0.0068808502
0.417,1946.6456,3632.1485,3453.572,-2.0815833,0.30956654,0.81457702,0.88523854,0.10704215,0.83902314,8.27,3.341346,0.0068696663
0.418,1945.6688,3630.067,3451.9446,-2.0802543,0.30868237,0.8144701,0.88416517,0.10691235,0.83863198,8.27,3.3427177,0.0068585153
0.419,1944.6919,3627.9867,3450.3168,-2.0789303,0.30779928,0.81436332,0.88309423,0.10678286,0.83824073,8.27,3.3440872,0.006847397
0.42,1943.7147,3625.9078,3448.6888,-2.0776115,0.30691725,0.81425667,0.88202571,0.10665365,0.83784941,8.27,3.3454545,0.006836311
0.421,1942.7374,3623.8302,3447.0604,-2.0762978,0.30603629,0.81415014,0.88095957,0.10652474,0.83745802,8.27,3.3468195,0.0068252571
0.422,1941.7599,3621.7539,3445.4318,-2.074989,0.3051564,0.81404375,0.87989579,0.10639611,0.83706656,8.27,3.3481824,0.0068142351
0.423,1940.7823,3619.6789,3443.8029,-2.0736851,0.30427756,0.81393748,0.87883435,0.10626776,0.83667502,8.27,3.349543,0.0068032445
0.424,1939.8045,3617.6052,3442.1738,-2.0723861,0.30339979,0.81383134,0.87777521,0.10613969,0.83628342,8.27,3.3509015,0.0067922852
0.425,1938.8265,3615.5328,3440.5445,-2.0710919,0.30252307,0.81372533,0.87671835,0.10601189,0.83589176,8.27,3.3522578,0.0067813568
0.426,1937.8485,3613.4617,3438.9149,-2.0698025,0.30164741,0.81361944,0.87566374,0.10588437,0.83550003,8.27,3.3536118,0.0067704592
0.427,1936.8702,3611.3919,3437.285,-2.0685179,0.30077279,0.81351369,0.87461137,0.10575712,0.83510824,8.27,3.3549638,0.006759592
0.428,1935.8919,3609.3234,3435.655,-2.0672378,0.29989923,0.81340806,0.8735612,0.10563013,0.8347164,8.27,3.3563135,0.006748755
0.429,1934.9134,3607.2562,3434.0247,-2.0659624,0.29902672,0.81330255,0.87251321,0.10550341,0.8343245,8.27,3.3576611,0.006737948
0.43,1933.9348,3605.1902,3432.3943,-2.0646916,0.29815525,0.81319718,0.87146739,0.10537695,0.83393255,8.27,3.3590065,0.0067271706
0.431,1932.9561,3603.1255,3430.7636,-2.0634253,0.29728483,0.81309193,0.8704237,0.10525075,0.83354054,8.27,3.3603498,0.0067164227
0.432,1931.9773,3601.0621,3429.1328,-2.0621635,0.29641545,0.8129868,0.86938212,0.1051248,0.83314848,8.27,3.361691,0.006705704
0.433,1930.9984,3598.9999,3427.5018,-2.0609061,0.2955471,0.8128818,0.86834263,0.10499911,0.83275638,8.27,3.36303,0.0066950142
0.434,1930.0194,3596.939,3425.8706,-2.0596531,0.2946798,0.81277693,0.86730522,0.10487367,0.83236423,8.27,3.3643668,0.0066843531
0.435,1929.0402,3594.8794,3424.2393,-2.0584044,0.29381353,0.81267218,0.86626985,0.10474847,0.83197204,8.27,3.3657016,0.0066737206
0.436,1928.061,3592.821,3422.6078,-2.05716,0.29294829,0.81256756,0.86523651,0.10462352,0.8315798,8.27,3.3670342,0.0066631163
0.437,1927.0817,3590.7638,3420.9762,-2.0559198,0.29208409,0.81246306,0.86420517,0.10449881,0.83118753,8.27,3.3683647,0.00665254
0.438,1926.1023,3588.7079,3419.3444,-2.0546839,0.29122091,0.81235868,0.86317582,0.10437434,0.83079521,8.27,3.3696931,0.0066419915
0.439,1925.1229,3586.6532,3417.7125,-2.0534521,0.29035876,0.81225443,0.86214843,0.10425011,0.83040286,8.27,3.3710194,0.0066314707
0.44,1924.1433,3584.5997,3416.0805,-2.0522244,0.28949764,0.81215031,0.86112299,0.10412612,0.83001047,8.27,3.3723436,0.0066209772
0.441,1923.1637,3582.5475,3414.4484,-2.0510008,0.28863754,0.8120463,0.86009947,0.10400235,0.82961805,8.27,3.3736657,0.0066105109
0.442,1922.184,3580.4965,3412.8161,-2.0497813,0.28777846,0.81194242,0.85907786,0.10387882,0.8292256,8.27,3.3749857,0.0066000715
0.443,1921.2043,3578.4467,3411.1838,-2.0485657,0.2869204,0.81183867,0.85805813,0.10375552,0.82883312,8.27,3.3763037,0.0065896589
0.444,1920.2245,3576.3982,3409.5513,-2.0473542,0.28606336,0.81173504,0.85704028,0.10363244,0.8284406,8.27,3.3776195,0.0065792729
0.445,1919.2446,3574.3508,3407.9187,-2.0461465,0.28520734,0.81163153,0.85602427,0.10350959,0.82804806,8.27,3.3789333,0.0065689132
0.446,1918.2647,3572.3047,3406.2861,-2.0449427,0.28435233,0.81152814,0.8550101,0.10338695,0.8276555,8.27,3.380245,0.0065585796
0.447,1917.2847,3570.2597,3404.6534,-2.0437428,0.28349833,0.81142488,0.85399775,0.10326454,0.82726291,8.27,3.3815547,0.006548272
0.448,1916.3047,3568.216,3403.0206,-2.0425467,0.28264534,0.81132173,0.85298719,0.10314234,0.8268703,8.27,3.3828623,0.0065379901
0.449,1915.3247,3566.1734,3401.3877,-2.0413543,0.28179337,0.81121871,0.85197841,0.10302036,0.82647766,8.27,3.3841678,0.0065277338
0.45,1914.3446,3564.1321,3399.7548,-2.0401657,0.28094239,0.81111581,0.85097139,0.1028986,0.82608501,8.27,3.3854713,0.0065175029
0.451,1913.3645,3562.0919,3398.1218,-2.0389809,0.28009243,0.81101304,0.84996612,0.10277704,0.82569234,8.27,3.3867728,0.0065072972
0.452,1912.3843,3560.0529,3396.4888,-2.0377996,0.27924347,0.81091038,0.84896258,0.10265569,0.82529964,8.27,3.3880722,0.0064971165
0.453,1911.4041,3558.0151,3394.8557,-2.0366221,0.27839551,0.81080785,0.84796076,0.10253455,0.82490694,8.27,3.3893696,0.0064869606
0.454,1910.4239,3555.9785,3393.2226,-2.0354481,0.27754854,0.81070543,0.84696063,0.10241362,0.82451422,8.27,3.3906649,0.0064768294
0.455,1909.4437,3553.9431,3391.5895,-2.0342777,0.27670258,0.81060314,0.84596219,0.10229289,0.82412148,8.27,3.3919583,0.0064667227
0.456,1908.4635,3551.9088,3389.9563,-2.0331108,0.27585762,0.81050097,0.84496542,0.10217236,0.82372873,8.27,3.3932496,0.0064566403
0.457,1907.4832,3549.8757,3388.3231,-2.0319475,0.27501365,0.81039892,0.8439703,0.10205203,0.82333597,8.27,3.3945389,0.0064465821
0.458,1906.5029,3547.8437,3386.6898,-2.0307876,0.27417067,0.81029698,0.84297682,0.1019319,0.82294321,8.27,3.3958262,0.0064365478
0.459,1905.5226,3545.8129,3385.0566,-2.0296312,0.27332868,0.81019517,0.84198496,0.10181197,0.82255043,8.27,3.3971116,0.0064265374
0.46,1904.5423,3543.7833,3383.4233,-2.0284782,0.27248769,0.81009348,0.84099471,0.10169223,0.82215764,8.27,3.3983949,0.0064165505
0.461,1903.562,3541.7548,3381.79,-2.0273286,0.27164768,0.80999191,0.84000606,0.10157268,0.82176485,8.27,3.3996762,0.0064065872
0.462,1902.5817,3539.7275,3380.1568,-2.0261824,0.27080867,0.80989045,0.83901899,0.10145332,0.82137205,8.27,3.4009555,0.0063966472
0.463,1901.6014,3537.7013,3378.5235,-2.0250395,0.26997063,0.80978912,0.83803348,0.10133416,0.82097925,8.27,3.4022329,0.0063867304
0.464,1900.6211,3535.6763,3376.8902,-2.0238999,0.26913358,0.80968791,0.83704954,0.10121518,0.82058645,8.27,3.4035082,0.0063768366
0.465,1899.6408,3533.6524,3375.257,-2.0227635,0.26829751,0.80958681,0.83606713,0.10109639,0.82019364,8.27,3.4047816,0.0063669657
0.466,1898.6605,3531.6296,3373.6237,-2.0216305,0.26746243,0.80948583,0.83508625,0.10097778,0.81980083,8.27,3.406053,0.0063571175
0.467,1897.6803,3529.608,3371.9905,-2.0205006,0.26662832,0.80938497,0.83410689,0.10085936,0.81940802,8.27,3.4073225,0.0063472919
0.468,1896.7,3527.5875,3370.3573,-2.019374,0.26579519,0.80928423,0.83312904,0.10074112,0.81901521,8.27,3.40859,0.0063374886
0.469,1895.7197,3525.5681,3368.7241,-2.0182505,0.26496304,0.80918361,0.83215267,0.10062306,0.81862241,8.27,3.4098555,0.0063277077
0.47,1894.7395,3523.5499,3367.091,-2.0171302,0.26413186,0.8090831,0.83117778,0.10050517,0.8182296,8.27,3.4111191,0.0063179489
0.471,1893.7593,3521.5327,3365.4579,-2.0160129,0.26330166,0.80898271,0.83020437,0.10038747,0.8178368,8.27,3.4123808,0.0063082121
0.472,1892.7791,3519.5167,3363.8248,-2.0148988,0.26247243,0.80888244,0.8292324,0.10026994,0.817444,8.27,3.4136405,0.0062984972
0.473,1891.7989,3517.5018,3362.1917,-2.0137878,0.26164416,0.80878229,0.82826188,0.10015259,0.81705121,8.27,3.4148982,0.006288804
0.474,1890.8188,3515.488,3360.5587,-2.0126798,0.26081687,0.80868226,0.8272928,0.1000354,0.81665843,8.27,3.4161541,0.0062791324
0.475,1889.8387,3513.4753,3358.9258,-2.0115749,0.25999055,0.80858234,0.82632513,0.099918396,0.81626565,8.27,3.417408,0.0062694823
0.476,1888.8586,3511.4638,3357.2929,-2.0104729,0.25916519,0.80848254,0.82535888,0.099801557,0.81587288,8.27,3.4186599,0.0062598534
0.477,1887.8786,3509.4533,3355.6601,-2.0093739,0.25834079,0.80838285,0.82439402,0.099684888,0.81548012,8.27,3.41991,0.0062502458
0.478,1886.8985,3507.4439,3354.0273,-2.0082779,0.25751736,0.80828328,0.82343056,0.099568386,0.81508737,8.27,3.4211581,0.0062406592
0.479,1885.9186,3505.4356,3352.3946,-2.0071848,0.25669489,0.80818383,0.82246847,0.099452052,0.81469462,8.27,3.4224043,0.0062310936
0.48,1884.9386,3503.4285,3350.7619,-2.0060947,0.25587339,0.8080845,0.82150775,0.099335883,0.81430189,8.27,3.4236486,0.0062215488
0.481,1883.9587,3501.4224,3349.1293,-2.0050074,0.25505284,0.80798528,0.82054839,0.099219878,0.81390917,8.27,3.424891,0.0062120247
0.482,1882.9788,3499.4174,3347.4968,-2.003923,0.25423325,0.80788617,0.81959038,0.099104036,0.81351647,8.27,3.4261315,0.0062025212
0.483,1881.999,3497.4134,3345.8643,-2.0028415,0.25341461,0.80778718,0.8186337,0.098988356,0.81312377,8.27,3.4273701,0.0061930381
0.484,1881.0192,3495.4106,3344.232,-2.0017628,0.25259694,0.80768831,0.81767836,0.098872836,0.81273109,8.27,3.4286069,0.0061835753
0.485,1880.0395,3493.4088,3342.5997,-2.0006869,0.25178021,0.80758955,0.81672433,0.098757476,0.81233843,8.27,3.4298417,0.0061741328
0.486,1879.0598,3491.4081,3340.9675,-1.9996138,0.25096444,0.80749091,0.81577161,0.098642275,0.81194578,8.27,3.4310746,0.0061647104
0.487,1878.0802,3489.4085,3339.3353,-1.9985436,0.25014962,0.80739238,0.8148202,0.098527231,0.81155314,8.27,3.4323057,0.0061553079
0.488,1877.1006,3487.41,3337.7033,-1.997476,0.24933575,0.80729397,0.81387007,0.098412342,0.81116052,8.27,3.4335349,0.0061459254
0.489,1876.1211,3485.4125,3336.0713,-1.9964112,0.24852283,0.80719567,0.81292123,0.098297609,0.81076792,8.27,3.4347622,0.0061365626
0.49,1875.1416,3483.4161,3334.4395,-1.995349,0.24771085,0.80709749,0.81197366,0.09818303,0.81037534,8.27,3.4359876,0.0061272194
0.491,1874.1622,3481.4208,3332.8077,-1.9942898,0.24689983,0.80699942,0.81102736,0.098068604,0.80998277,8.27,3.4372112,0.0061178958
0.492,1873.1829,3479.4265,3331.176,-1.9932329,0.24608974,0.80690147,0.81008231,0.09795433,0.80959023,8.27,3.4384329,0.0061085916
0.493,1872.2036,3477.4332,3329.5445,-1.9921791,0.24528061,0.80680363,0.80913851,0.097840207,0.8091977,8.27,3.4396528,0.0060993068
0.494,1871.2243,3475.4411,3327.913,-1.9911274,0.24447241,0.8067059,0.80819595,0.097726234,0.8088052,8.27,3.4408708,0.0060900412
0.495,1870.2452,3473.4499,3326.2816,-1.990079,0.24366516,0.80660829,0.80725463,0.09761241,0.80841271,8.27,3.442087,0.0060807947
0.496,1869.266,3471.4598,3324.6504,-1.9890324,0.24285884,0.80651079,0.80631452,0.097498733,0.80802025,8.27,3.4433013,0.0060715672
0.497,1868.287,3469.4708,3323.0192,-1.9879896,0.24205347,0.8064134,0.80537564,0.097385204,0.80762781,8.27,3.4445137,0.0060623587
0.498,1867.308,3467.4828,3321.3882,-1.9869476,0.24124903,0.80631613,0.80443796,0.097271821,0.80723539,8.27,3.4457244,0.0060531689
0.499,1866.3291,3465.4959,3319.7572,-1.9859107,0.24044553,0.80621897,0.80350148,0.097158583,0.80684299,8.27,3.4469332,0.006043998
0.5,1865.3503,3463.51,3318.1264,-1.9848728,0.23964296,0.80612193,0.80256619,0.097045489,0.80645062,8.27,3.4481402,0.0060348456
0.501,1864.3715,3461.5251,3316.4957,-1.9838425,0.23884133,0.806025,0.80163209,0.096932538,0.80605827,8.27,3.4493453,0.0060257117
0.502,1863.3928,3459.5412,3314.8652,-1.9828075,0.23804063,0.80592818,0.80069917,0.09681973,0.80566595,8.27,3.4505486,0.0060165963
0.503,1862.4141,3457.5584,3313.2347,-1.9817855,0.23724086,0.80583147,0.79976742,0.096707064,0.80527365,8.27,3.4517501,0.0060074992
0.504,1861.4356,3455.5767,3311.6044,-1.9807504,0.23644202,0.80573488,0.79883682,0.096594537,0.80488137,8.27,3.4529498,0.0059984203
0.505,1860.4571,3453.5959,3309.9741,-1.9797411,0.23564412,0.80563839,0.79790741,0.096482153,0.80448912,8.27,3.4541477,0.0059893597
0.506,1859.4787,3451.6162,3308.3441,-1.9786995,0.23484714,0.80554202,0.7969791,0.096369904,0.8040969,8.27,3.4553437,0.0059803169
0.507,1858.5003,3449.6375,3306.7141,-1.9777125,0.23405109,0.80544577,0.796052,0.096257799,0.8037047,8.27,3.456538,0.0059712925
0.508,1857.5221,3447.6598,3305.0843,-1.9766489,0.23325596,0.80534962,0.79512595,0.096145822,0.80331254,8.27,3.4577304,0.0059622853
0.509,1856.5439,3445.6831,3303.4546,-1.9757083,0.23246176,0.80525359,0.79420116,0.096033997,0.80292039,8.27,3.4589211,0.0059532969
0.51,1855.5658,3443.7074,3301.825,-1.9745852,0.23166848,0.80515766,0.79327729,0.095922284,0.80252828,8.27,3.46011,0.0059443247
0.511,1854.5878,3441.7328,3300.1956,-1.9737499,0.23087613,0.80506185,0.79235485,0.095810743,0.8021362,8.27,3.461297,0.0059353725
0.512,1853.6098,3439.7591,3298.5663,-1.9724734,0.23008469,0.80496615,0.79143303,0.095699278,0.80174414,8.27,3.4624823,0.0059264342
0.513,1852.632,3437.7866,3296.9371,-1.9718935,0.22929418,0.80487057,0.79051308,0.095588039,0.80135211,8.27,3.4636658,0.005917519
0.514,1851.6542,3435.8147,3295.3081,-1.9702222,0.22850459,0.80477509,0.78959303,0.095476787,0.80096012,8.27,3.4648476,0.0059086122
0.515,1850.6765,3433.8445,3293.6793,-1.9702882,0.22771591,0.80467972,0.78867597,0.095365897,0.80056815,8.27,3.4660275,0.0058997368
0.516,1849.6989,3431.8742,3292.0505,-1.967586,0.22692815,0.80458447,0.78775697,0.095254773,0.80017621,8.27,3.4672057,0.0058908561
0.517,1848.7214,3429.9066,3290.4219,-1.9693402,0.22614131,0.80448932,0.7868439,0.095144365,0.79978431,8.27,3.4683821,0.0058820287
0.518,1847.744,3427.9373,3288.7935,-1.9638874,0.22535539,0.80439429,0.78592409,0.095033142,0.79939243,8.27,3.4695567,0.00587316
0.519,1846.7666,3425.9734,3287.1652,-1.9701854,0.22457037,0.80429937,0.78501805,0.094923585,0.79900059,8.27,3.4707296,0.0058644031
0.52,1845.7893,3424.0032,3285.537,-1.9572094,0.22378628,0.80420455,0.78409229,0.094811643,0.79860878,8.27,3.4719007,0.0058555078
0.521,1844.8122,3422.046,3283.9091,-1.9760795,0.22300307,0.80410985,0.78320182,0.094703968,0.79821699,8.27,3.4730701,0.005846885
0.522,1843.8351,3420.0699,3282.2811,-1.9419857,0.22222082,0.80401526,0.78225563,0.094589556,0.79782526,8.27,3.4742376,0.0058378551
0.523,1842.8582,3418.1279,3280.6537,-1.9966,0.22143941,0.80392077,0.78140528,0.094486733,0.79743352,8.27,3.4754036,0.0058295494
0.524,1841.8811,3416.1313,3279.0258,-1.9016291,0.22065902,0.80382641,0.7803966,0.094364764,0.79704188,8.27,3.4765676,0.0058200711
0.525,1840.9047,3414.2297,3277.399,-2.0606616,0.21987936,0.80373213,0.77965876,0.094275545,0.79665015,8.27,3.4777301,0.0058126216
0.526,1839.9274,3412.169,3275.7707,-1.7854024,0.2191009,0.803638,0.77846202,0.094130837,0.79625868,8.27,3.4788904,0.0058017595
0.527,1838.9518,3410.3836,3274.1454,-2.2578785,0.21832284,0.80354392,0.7780557,0.094081705,0.79586686,8.27,3.4800498,0.0057967971
0.528,1837.9735,3408.1257,3272.5155,-1.4339624,0.21754655,0.80345005,0.7762859,0.093867703,0.79547572,8.27,3.4812061,0.0057816847
0.529,1837.0001,3406.6918,3270.8939,-2.8734352,0.21676966,0.80335611,0.77689156,0.093940938,0.79508349,8.27,3.482363,0.0057842736
0.53,1836.0183,3403.8183,3269.2582,-0.33337938,0.21599633,0.8032626,0.77333534,0.093510924,0.79469326,8.27,3.4835142,0.0057558833
0.531,1835.0518,3403.485,3267.6479,-4.8393936,0.2152192,0.80316863,0.77712338,0.09396897,0.79429962,8.27,3.4846706,0.005782166
0.532,1834.0583,3398.6456,3265.9927,3.2191773,0.21445136,0.80307579,0.76784669,0.092847242,0.79391209,8.27,3.4858129,0.0057112471
0.533,1833.1132,3401.8647,3264.4181,0,0.21366944,0.80298124,0.78191526,0.094548399,0.79351376,8.27,3.4869757,0.0058139834
0.534,1832.1569,3398.7449,3262.8248,0,0.2128919,0.80288722,0.77753968,0.094019309,0.79313481,8.27,3.4881316,0.0057795206
0.535,1831.1895,3395.625,3261.2132,0,0.21211871,0.80279372,0.77319162,0.093493546,0.79275139,8.27,3.4892806,0.0057452965
0.536,1830.2112,3392.5052,3259.5833,0,0.21134984,0.80270075,0.768871,0.0929711,0.79236352,8.27,3.4904229,0.0057113102
0.537,1829.222,3389.3853,3257.9354,0,0.21058526,0.8026083,0.76457773,0.092451962,0.79197126,8.27,3.4915584,0.0056775604
0.538,1828.2222,3386.2655,3256.2697,0,0.20982495,0.80251637,0.76031173,0.091936122,0.79157467,8.27,3.4926872,0.005644046
0.539,1827.2118,3383.1456,3254.5863,0,0.20906888,0.80242494,0.75607293,0.09142357,0.79117377,8.27,3.4938094,0.005610766
0.54,1826.1909,3380.0258,3252.8855,0,0.20831702,0.80233403,0.75186123,0.090914296,0.79076863,8.27,3.4949249,0.0055777193
0.541,1825.1596,3376.9059,3251.1674,0,0.20756934,0.80224362,0.74767655,0.090408289,0.79035929,8.27,3.4960339,0.0055449046
0.542,1824.1181,3373.786,3249.4322,0,0.20682582,0.80215371,0.74351881,0.08990554,0.78994578,8.27,3.4971363,0.0055123209
0.543,1823.0665,3370.6662,3247.6802,0,0.20608643,0.80206431,0.73938793,0.089406037,0.78952817,8.27,3.4982323,0.0054799671
0.544,1822.0048,3367.5463,3245.9115,0,0.20535115,0.8019754,0.7352838,0.08890977,0.78910648,8.27,3.4993219,0.0054478421
0.545,1820.9333,3364.4265,3244.1262,0,0.20461994,0.80188698,0.73120635,0.08841673,0.78868078,8.27,3.5004051,0.0054159448
0.546,1819.8519,3361.3066,3242.3246,0,0.20389279,0.80179905,0.72715549,0.087926904,0.78825109,8.27,3.5014819,0.0053842739
0.547,1818.7608,3358.1868,3240.5069,0,0.20316966,0.80171161,0.72313113,0.087440282,0.78781747,8.27,3.5025525,0.0053528285
0.548,1817.6602,3355.0669,3238.6732,0,0.20245052,0.80162466,0.71913317,0.086956853,0.78737996,8.27,3.5036168,0.0053216074
0.549,1816.55,3351.9471,3236.8237,0,0.20173536,0.80153818,0.71516153,0.086476606,0.7869386,8.27,3.504675,0.0052906095
0.55,1815.4305,3348.8272,3234.9586,0,0.20102415,0.80145218,0.71121611,0.08599953,0.78649343,8.27,3.5057269,0.0052598336
0.551,1814.3017,3345.7073,3233.078,0,0.20031685,0.80136666,0.70729682,0.085525613,0.7860445,8.27,3.5067728,0.0052292786
0.552,1813.1638,3342.5875,3231.1822,0,0.19961344,0.8012816,0.70340356,0.085054844,0.78559185,8.27,3.5078126,0.0051989435
0.553,1812.0168,3339.4676,3229.2713,0,0.19891391,0.80119701,0.69953623,0.084587211,0.78513552,8.27,3.5088463,0.005168827
0.554,1810.8608,3336.3478,3227.3455,0,0.19821821,0.80111289,0.69569475,0.084122702,0.78467555,8.27,3.5098741,0.0051389281
0.555,1809.696,3333.2279,3225.4049,0,0.19752633,0.80102923,0.691879,0.083661306,0.78421198,8.27,3.510896,0.0051092455
0.556,1808.5224,3330.1081,3223.4497,0,0.19683825,0.80094603,0.68808889,0.08320301,0.78374486,8.27,3.5119119,0.0050797782
0.557,1807.3402,3326.9882,3221.4801,0,0.19615392,0.80086328,0.68432433,0.082747803,0.78327422,8.27,3.512922,0.005050525
0.558,1806.1494,3323.8684,3219.4963,0,0.19547334,0.80078098,0.6805852,0.082295671,0.78280011,8.27,3.5139263,0.0050214848
0.559,1804.9502,3320.7485,3217.4984,0,0.19479647,0.80069914,0.6768714,0.081846603,0.78232256,8.27,3.5149249,0.0049926564
0.56,1803.7426,3317.6286,3215.4866,0,0.19412328,0.80061774,0.67318284,0.081400585,0.78184162,8.27,3.5159177,0.0049640387
0.561,1802.5268,3314.5088,3213.461,0,0.19345376,0.80053678,0.6695194,0.080957606,0.78135732,8.27,3.5169048,0.0049356304
0.562,1801.3028,3311.3889,3211.4218,0,0.19278788,0.80045626,0.66588097,0.080517651,0.7808697,8.27,3.5178863,0.0049074305
0.563,1800.0707,3308.2691,3209.3692,0,0.19212561,0.80037618,0.66226746,0.080080708,0.7803788,8.27,3.5188622,0.0048794378
0.564,1798.8306,3305.1492,3207.3033,0,0.19146694,0.80029653,0.65867874,0.079646764,0.77988467,8.27,3.5198325,0.004851651
0.565,1797.5827,3302.0294,3205.2242,0,0.19081182,0.80021732,0.65511471,0.079215806,0.77938733,8.27,3.5207973,0.0048240691
0.566,1796.327,3298.9095,3203.1322,0,0.19016025,0.80013853,0.65157526,0.078787819,0.77888682,8.27,3.5217566,0.0047966908
0.567,1795.0636,3295.7897,3201.0274,0,0.18951219,0.80006017,0.64806027,0.07836279,0.77838319,8.27,3.5227105,0.004769515
0.568,1793.7926,3292.6698,3198.91,0,0.18886762,0.79998223,0.64456963,0.077940705,0.77787647,8.27,3.5236591,0.0047425404
0.569,1792.5141,3289.5499,3196.78,0,0.18822651,0.7999047,0.64110322,0.07752155,0.77736669,8.27,3.5246022,0.004715766
0.57,1791.2282,3286.4301,3194.6377,0,0.18758885,0.7998276,0.63766093,0.077105311,0.7768539,8.27,3.52554,0.0046891903
0.571,1789.935,3283.3102,3192.4832,0,0.18695461,0.79975091,0.63424263,0.076691974,0.77633813,8.27,3.5264726,0.0046628124
0.572,1788.6345,3280.1904,3190.3166,0,0.18632376,0.79967463,0.63084821,0.076281524,0.77581941,8.27,3.5273999,0.0046366309
0.573,1787.3269,3277.0705,3188.1381,0,0.18569628,0.79959875,0.62747754,0.075873947,0.77529779,8.27,3.5283221,0.0046106446
0.574,1786.0122,3273.9507,3185.9479,0,0.18507215,0.79952328,0.6241305,0.075469227,0.77477329,8.27,3.529239,0.0045848523
0.575,1784.6905,3270.8308,3183.746,0,0.18445135,0.79944822,0.62080698,0.075067349,0.77424595,8.27,3.5301509,0.0045592529
0.576,1783.362,3267.711,3181.5327,0,0.18383384,0.79937355,0.61750684,0.074668299,0.77371581,8.27,3.5310577,0.004533845
0.577,1782.0266,3264.5911,3179.308,0,0.18321961,0.79929927,0.61422995,0.074272062,0.7731829,8.27,3.5319594,0.0045086274
0.578,1780.6845,3261.4712,3177.0721,0,0.18260863,0.7992254,0.6109762,0.073878621,0.77264725,8.27,3.5328561,0.0044835989
0.579,1779.3358,3258.3514,3174.8252,0,0.18200089,0.79915191,0.60774544,0.073487962,0.7721089,8.27,3.5337479,0.0044587583
0.58,1777.9805,3255.2315,3172.5674,0,0.18139635,0.79907881,0.60453756,0.073100068,0.77156788,8.27,3.5346347,0.0044341042
0.581,1776.6188,3252.1117,3170.2988,0,0.180795,0.79900609,0.60135242,0.072714923,0.77102423,8.27,3.5355166,0.0044096355
0.582,1775.2507,3248.9918,3168.0195,0,0.18019681,0.79893376,0.59818988,0.072332513,0.77047798,8.27,3.5363937,0.0043853508
0.583,1773.8763,3245.872,3165.7298,0,0.17960176,0.79886181,0.59504981,0.071952819,0.76992916,8.27,3.5372659,0.004361249
0.584,1772.4956,3242.7521,3163.4296,0,0.17900983,0.79879023,0.59193209,0.071575826,0.7693778,8.27,3.5381334,0.0043373287
0.585,1771.1088,3239.6323,3161.1193,0,0.17842099,0.79871903,0.58883656,0.071201518,0.76882393,8.27,3.5389961,0.0043135886
0.586,1769.716,3236.5124,3158.7988,0,0.17783523,0.7986482,0.58576309,0.070829878,0.7682676,8.27,3.5398541,0.0042900276
0.587,1768.3171,3233.3925,3156.4684,0,0.17725251,0.79857774,0.58271155,0.070460889,0.76770882,8.27,3.5407074,0.0042666442
0.588,1766.9123,3230.2727,3154.1281,0,0.17667283,0.79850765,0.5796818,0.070094534,0.76714763,8.27,3.5415561,0.0042434372
0.589,1765.5017,3227.1528,3151.7781,0,0.17609616,0.79843791,0.57667369,0.069730796,0.76658407,8.27,3.5424002,0.0042204054
0.59,1764.0854,3224.033,3149.4185,0,0.17552247,0.79836854,0.57368707,0.069369658,0.76601815,8.27,3.5432397,0.0041975474
0.591,1762.6633,3220.9131,3147.0494,0,0.17495175,0.79829953,0.57072182,0.069011103,0.76544992,8.27,3.5440747,0.0041748618
0.592,1761.2357,3217.7933,3144.671,0,0.17438397,0.79823088,0.56777778,0.068655112,0.7648794,8.27,3.5449052,0.0041523475
0.593,1759.8025,3214.6734,3142.2834,0,0.17381912,0.79816258,0.56485481,0.068301669,0.76430663,8.27,3.5457312,0.004130003
0.594,1758.3638,3211.5536,3139.8866,0,0.17325716,0.79809463,0.56195275,0.067950756,0.76373162,8.27,3.5465527,0.0041078272
0.595,1756.9198,3208.4337,3137.4809,0,0.17269809,0.79802702,0.55907148,0.067602355,0.76315442,8.27,3.5473699,0.0040858186
0.596,1755.4705,3205.3138,3135.0664,0,0.17214188,0.79795977,0.55621082,0.067256448,0.76257504,8.27,3.5481827,0.0040639759
0.597,1754.0158,3202.194,3132.6431,0,0.17158851,0.79789285,0.55337064,0.066913016,0.76199353,8.27,3.5489911,0.0040422978
0.598,1752.5561,3199.0741,3130.2111,0,0.17103796,0.79782628,0.55055079,0.066572042,0.7614099,8.27,3.5497953,0.004020783
0.599,1751.0912,3195.9543,3127.7707,0,0.17049021,0.79776005,0.54775111,0.066233508,0.76082419,8.27,3.5505952,0.0039994302
0.6,1749.6212,3192.8344,3125.3219,0,0.16994524,0.79769415,0.54497145,0.065897394,0.76023642,8.27,3.5513908,0.0039782379
0.601,1748.1464,3189.7146,3122.8648,0,0.16940303,0.79762859,0.54221166,0.065563683,0.75964662,8.27,3.5521823,0.003957205
0.602,1746.6666,3186.5947,3120.3995,0,0.16886356,0.79756336,0.53947158,0.065232355,0.75905482,8.27,3.5529695,0.0039363299
0.603,1745.1819,3183.4749,3117.9262,0,0.1683268,0.79749845,0.53675106,0.064903393,0.75846104,8.27,3.5537527,0.0039156115
0.604,1743.6925,3180.355,3115.4449,0,0.16779275,0.79743388,0.53404994,0.064576777,0.75786532,8.27,3.5545317,0.0038950482
0.605,1742.1984,3177.2351,3112.9558,0,0.16726139,0.79736962,0.53136807,0.064252488,0.75726768,8.27,3.5553066,0.0038746389
0.606,1740.6997,3174.1153,3110.459,0,0.16673268,0.79730569,0.52870529,0.063930507,0.75666813,8.27,3.5560775,0.0038543821
0.607,1739.1964,3170.9954,3107.9546,0,0.16620662,0.79724208,0.52606145,0.063610816,0.75606672,8.27,3.5568443,0.0038342765
0.608,1737.6885,3167.8756,3105.4426,0,0.16568318,0.79717879,0.52343637,0.063293394,0.75546347,8.27,3.5576072,0.0038143207
0.609,1736.1762,3164.7557,3102.9233,0,0.16516235,0.79711581,0.52082991,0.062978224,0.7548584,8.27,3.5583661,0.0037945134
0.61,1734.6596,3161.6359,3100.3966,0,0.16464411,0.79705314,0.51824191,0.062665285,0.75425153,8.27,3.5591211,0.0037748532
0.611,1733.1386,3158.516,3097.8627,0,0.16412844,0.79699079,0.5156722,0.062354558,0.7536429,8.27,3.5598721,0.0037553387
0.612,1731.6133,3155.3962,3095.3218,0,0.16361532,0.79692874,0.51312062,0.062046024,0.75303252,8.27,3.5606193,0.0037359687
0.613,1730.0839,3152.2763,3092.7738,0,0.16310473,0.796867,0.51058702,0.061739663,0.75242042,8.27,3.5613627,0.0037167417
0.614,1728.5503,3149.1564,3090.2189,0,0.16259666,0.79680557,0.50807122,0.061435456,0.75180663,8.27,3.5621022,0.0036976564
0.615,1727.0126,3146.0366,3087.6572,0,0.16209109,0.79674444,0.50557308,0.061133383,0.75119116,8.27,3.562838,0.0036787115
0.616,1725.4709,3142.9167,3085.0888,0,0.16158799,0.7966836,0.50309242,0.060833425,0.75057405,8.27,3.5635699,0.0036599055
0.617,1723.9252,3139.7969,3082.5138,0,0.16108737,0.79662307,0.50062909,0.060535561,0.74995531,8.27,3.5642982,0.0036412371
0.618,1722.3756,3136.677,3079.9323,0,0.16058918,0.79656283,0.49818292,0.060239773,0.74933497,8.27,3.5650227,0.003622705
0.619,1720.8221,3133.5572,3077.3444,0,0.16009343,0.79650288,0.49575375,0.05994604,0.74871305,8.27,3.5657436,0.0036043078
0.62,1719.2649,3130.4373,3074.7501,0,0.15960009,0.79644323,0.49334141,0.059654343,0.74808957,8.27,3.5664608,0.0035860441
0.621,1717.7039,3127.3174,3072.1496,0,0.15910914,0.79638386,0.49094575,0.059364661,0.74746456,8.27,3.5671744,0.0035679126
0.622,1716.1392,3124.1976,3069.5429,0,0.15862058,0.79632478,0.48856659,0.059076976,0.74683803,8.27,3.5678844,0.003549912
0.623,1714.5708,3121.0777,3066.9301,0,0.15813437,0.79626599,0.48620377,0.058791266,0.74621001,8.27,3.5685908,0.0035320409
0.624,1712.9989,3117.9579,3064.3114,0,0.15765051,0.79620749,0.48385714,0.058507514,0.74558053,8.27,3.5692936,0.0035142979
0.625,1711.4234,3114.838,3061.6868,0,0.15716899,0.79614926,0.48152652,0.058225697,0.74494959,8.27,3.569993,0.0034966817
0.626,1709.8445,3111.7182,3059.0564,0,0.15668978,0.79609131,0.47921175,0.057945798,0.74431723,8.27,3.5706888,0.0034791909
0.627,1708.2621,3108.5983,3056.4203,0,0.15621286,0.79603365,0.47691267,0.057667796,0.74368345,8.27,3.5713812,0.0034618243
0.628,1706.6763,3105.4785,3053.7786,0,0.15573823,0.79597625,0.47462912,0.057391671,0.74304829,8.27,3.5720701,0.0034445805
0.629,1705.0872,3102.3586,3051.1313,0,0.15526587,0.79591914,0.47236092,0.057117403,0.74241177,8.27,3.5727556,0.0034274581
0.63,1703.4948,3099.2387,3048.4785,0,0.15479577,0.79586229,0.47010793,0.056844973,0.74177389,8.27,3.5734377,0.0034104559
0.631,1701.8992,3096.1189,3045.8203,0,0.1543279,0.79580572,0.46786996,0.056574361,0.74113469,8.27,3.5741164,0.0033935724
0.632,1700.3004,3092.999,3043.1568,0,0.15386225,0.79574941,0.46564687,0.056305547,0.74049418,8.27,3.5747917,0.0033768064
0.633,1698.6984,3089.8792,3040.4881,0,0.15339881,0.79569337,0.46343849,0.056038512,0.73985238,8.27,3.5754638,0.0033601566
0.634,1697.0934,3086.7593,3037.8143,0,0.15293757,0.7956376,0.46124465,0.055773235,0.73920931,8.27,3.5761325,0.0033436216
0.635,1695.4853,3083.6395,3035.1353,0,0.1524785,0.79558209,0.4590652,0.055509698,0.73856499,8.27,3.5767979,0.0033272002
0.636,1693.8741,3080.5196,3032.4514,0,0.1520216,0.79552684,0.45689997,0.055247881,0.73791943,8.27,3.5774601,0.003310891
0.637,1692.2601,3077.3998,3029.7625,0,0.15156685,0.79547186,0.4547488,0.054987763,0.73727266,8.27,3.5781191,0.0032946928
0.638,1690.6431,3074.2799,3027.0688,0,0.15111424,0.79541713,0.45261154,0.054729327,0.73662469,8.27,3.5787748,0.0032786042
0.639,1689.0232,3071.16,3024.3703,0,0.15066375,0.79536265,0.45048801,0.054472552,0.73597554,8.27,3.5794273,0.003262624
0.64,1687.4005,3068.0402,3021.667,0,0.15021537,0.79530844,0.44837806,0.05421742,0.73532523,8.27,3.5800766,0.0032467509
0.641,1685.7751,3064.9203,3018.9592,0,0.14976909,0.79525447,0.44628154,0.05396391,0.73467377,8.27,3.5807228,0.0032309836
0.642,1684.1469,3061.8005,3016.2467,0,0.14932489,0.79520076,0.44419827,0.053712004,0.73402118,8.27,3.5813659,0.0032153209
0.643,1682.5159,3058.6806,3013.5298,0,0.14888277,0.7951473,0.44212812,0.053461683,0.73336748,8.27,3.5820059,0.0031997614
0.644,1680.8823,3055.5608,3010.8084,0,0.14844269,0.79509409,0.44007091,0.053212927,0.73271268,8.27,3.5826427,0.003184304
0.645,1679.2461,3052.4409,3008.0826,0,0.14800467,0.79504112,0.43802649,0.052965718,0.73205681,8.27,3.5832765,0.0031689474
0.646,1677.6073,3049.3211,3005.3526,0,0.14756867,0.7949884,0.4359947,0.052720037,0.73139987,8.27,3.5839072,0.0031536904
0.647,1675.966,3046.2012,3002.6183,0,0.1471347,0.79493592,0.4339754,0.052475865,0.73074188,8.27,3.584535,0.0031385317
0.648,1674.3221,3043.0813,2999.8798,0,0.14670273,0.79488369,0.43196842,0.052233183,0.73008286,8.27,3.5851596,0.0031234701
0.649,1672.6758,3039.9615,2997.1372,0,0.14627276,0.7948317,0.42997362,0.051991974,0.72942287,8.27,3.5857813,0.0031085043
0.65,1671.0271,3036.8416,2994.3905,0,0.14584477,0.79477995,0.42799084,0.051752218,0.72876301,8.27,3.5864001,0.0030936333
0.651,1669.3759,3033.7218,2991.6398,0,0.14541875,0.79472843,0.42601997,0.051513902,0.72810216,8.27,3.5870158,0.0030788561
0.652,1667.7225,3030.6019,2988.8852,0,0.14499468,0.79467716,0.42406086,0.051277009,0.72744034,8.27,3.5876287,0.0030641715
0.653,1666.0667,3027.4821,2986.1268,0,0.14457257,0.79462611,0.42211337,0.05104152,0.72677756,8.27,3.5882386,0.0030495783
0.654,1664.4086,3024.3622,2983.3644,0,0.14415239,0.79457531,0.42017733,0.050807416,0.72611382,8.27,3.5888456,0.0030350753
0.655,1662.7482,3021.2424,2980.5984,0,0.14373414,0.79452473,0.41825261,0.05057468,0.72544916,8.27,3.5894497,0.0030206614
0.656,1661.0856,3018.1225,2977.8286,0,0.1433178,0.79447439,0.41633905,0.050343295,0.72478357,8.27,3.590051,0.0030063354
0.657,1659.4208,3015.0026,2975.0551,0,0.14290337,0.79442428,0.41443651,0.050113241,0.72411709,8.27,3.5906494,0.0029920962
0.658,1657.7538,3011.8828,2972.2781,0,0.14249082,0.79437439,0.41254484,0.049884503,0.7234497,8.27,3.591245,0.0029779425
0.659,1656.0847,3008.7629,2969.4975,0,0.14208016,0.79432473,0.4106639,0.049657061,0.72278144,8.27,3.5918378,0.0029638734
0.66,1654.4136,3005.6431,2966.7134,0,0.14167136,0.7942753,0.40879354,0.0494309,0.72211232,8.27,3.5924278,0.0029498876
0.661,1652.7403,3002.5232,2963.9259,0,0.14126443,0.7942261,0.40693363,0.049206001,0.72144234,8.27,3.593015,0.0029359841
0.662,1651.065,2999.4034,2961.135,0,0.14085935,0.79417711,0.40508402,0.048982348,0.72077151,8.27,3.5935994,0.0029221617
0.663,1649.3877,2996.2835,2958.3407,0,0.1404561,0.79412835,0.40324457,0.048759923,0.72009986,8.27,3.5941811,0.0029084193
0.664,1647.7085,2993.1637,2955.5432,0,0.14005469,0.79407982,0.40141514,0.048538711,0.7194274,8.27,3.59476,0.002894756
0.665,1646.0272,2990.0438,2952.7424,0,0.13965509,0.7940315,0.3995956,0.048318694,0.71875412,8.27,3.5953363,0.0028811705
0.666,1644.3441,2986.9239,2949.9384,0,0.1392573,0.7939834,0.39778581,0.048099856,0.71808006,8.27,3.5959098,0.0028676618
0.667,1642.6591,2983.8041,2947.1313,0,0.13886132,0.79393552,0.39598563,0.04788218,0.71740521,8.27,3.5964806,0.0028542289
0.668,1640.9722,2980.6842,2944.3211,0,0.13846712,0.79388785,0.39419493,0.047665651,0.7167296,8.27,3.5970488,0.0028408707
0.669,1639.2835,2977.5644,2941.5078,0,0.13807471,0.7938404,0.39241358,0.047450252,0.71605322,8.27,3.5976143,0.0028275863
0.67,1637.5929,2974.4445,2938.6915,0,0.13768407,0.79379316,0.39064145,0.047235968,0.7153761,8.27,3.5981772,0.0028143745
0.671,1635.9006,2971.3247,2935.8722,0,0.13729519,0.79374614,0.38887841,0.047022782,0.71469823,8.27,3.5987375,0.0028012344
0.672,1634.2065,2968.2048,2933.0501,0,0.13690807,0.79369933,0.38712433,0.04681068,0.71401965,8.27,3.5992951,0.0027881649
0.673,1632.5107,2965.085,2930.225,0,0.13652269,0.79365273,0.38537907,0.046599646,0.71334034,8.27,3.5998501,0.0027751652
0.674,1630.8132,2961.9651,2927.3971,0,0.13613904,0.79360634,0.38364253,0.046389665,0.71266033,8.27,3.6004026,0.0027622341
0.675,1629.114,2958.8452,2924.5664,0,0.13575713,0.79356016,0.38191456,0.046180721,0.71197962,8.27,3.6009524,0.0027493708
0.676,1627.4132,2955.7254,2921.733,0,0.13537694,0.79351419,0.38019505,0.0459728,0.71129823,8.27,3.6014998,0.0027365743
0.677,1625.7107,2952.6055,2918.8968,0,0.13499845,0.79346842,0.37848388,0.045765887,0.71061616,8.27,3.6020445,0.0027238436
0.678,1624.0066,2949.4857,2916.058,0,0.13462167,0.79342286,0.37678093,0.045559967,0.70993342,8.27,3.6025868,0.0027111778
0.679,1622.301,2946.3658,2913.2165,0,0.13424658,0.79337751,0.37508607,0.045355027,0.70925002,8.27,3.6031265,0.002698576
0.68,1620.5937,2943.246,2910.3724,0,0.13387318,0.79333236,0.37339919,0.045151051,0.70856598,8.27,3.6036637,0.0026860373
0.681,1618.885,2940.1261,2907.5258,0,0.13350146,0.79328741,0.37172018,0.044948026,0.7078813,8.27,3.6041984,0.0026735607
0.682,1617.1747,2937.0063,2904.6766,0,0.13313142,0.79324266,0.37004891,0.044745939,0.70719598,8.27,3.6047306,0.0026611454
0.683,1615.4629,2933.8864,2901.825,0,0.13276303,0.79319812,0.36838528,0.044544774,0.70651004,8.27,3.6052604,0.0026487905
0.684,1613.7496,2930.7665,2898.9708,0,0.1323963,0.79315377,0.36672917,0.044344519,0.70582349,8.27,3.6057877,0.0026364952
0.685,1612.0349,2927.6467,2896.1143,0,0.13203122,0.79310963,0.36508048,0.044145161,0.70513634,8.27,3.6063125,0.0026242586
0.686,1610.3187,2924.5268,2893.2554,0,0.13166778,0.79306568,0.36343909,0.043946685,0.70444858,8.27,3.606835,0.0026120798
0.687,1608.6012,2921.407,2890.3941,0,0.13130598,0.79302193,0.36180489,0.04374908,0.70376024,8.27,3.6073549,0.002599958
0.688,1606.8822,2918.2871,2887.5305,0,0.1309458,0.79297838,0.36017779,0.043552332,0.70307132,8.27,3.6078725,0.0025878924
0.689,1605.1619,2915.1673,2884.6646,0,0.13058724,0.79293502,0.35855766,0.043356428,0.70238183,8.27,3.6083877,0.0025758821
0.69,1603.4401,2912.0474,2881.7964,0,0.1302303,0.79289186,0.35694442,0.043161357,0.70169177,8.27,3.6089005,0.0025639265
0.691,1601.7171,2908.9276,2878.926,0,0.12987496,0.79284889,0.35533796,0.042967105,0.70100115,8.27,3.6094109,0.0025520246
0.692,1599.9927,2905.8077,2876.0534,0,0.12952122,0.79280612,0.35373818,0.042773661,0.70030998,8.27,3.6099189,0.0025401758
0.693,1598.2671,2902.6878,2873.1787,0,0.12916908,0.79276354,0.35214498,0.042581013,0.69961827,8.27,3.6104246,0.0025283792
0.694,1596.5401,2899.568,2870.3017,0,0.12881852,0.79272115,0.35055826,0.042389148,0.69892602,8.27,3.6109279,0.0025166341
0.695,1594.8119,2896.4481,2867.4227,0,0.12846954,0.79267895,0.34897792,0.042198056,0.69823324,8.27,3.6114289,0.0025049398
0.696,1593.0824,2893.3283,2864.5416,0,0.12812214,0.79263694,0.34740387,0.042007724,0.69753994,8.27,3.6119276,0.0024932955
0.697,1591.3517,2890.2084,2861.6585,0,0.1277763,0.79259513,0.34583603,0.041818141,0.69684612,8.27,3.6124239,0.0024817005
0.698,1589.6197,2887.0886,2858.7733,0,0.12743203,0.7925535,0.34427428,0.041629296,0.6961518,8.27,3.6129179,0.002470154
0.699,1587.8866,2883.9687,2855.8861,0,0.12708931,0.79251206,0.34271855,0.041441179,0.69545697,8.27,3.6134097,0.0024586555
0.7,1586.1523,2880.8489,2852.9969,0,0.12674814,0.7924708,0.34116875,0.041253778,0.69476164,8.27,3.6138991,0.0024472042
0.701,1584.4168,2877.729,2850.1058,0,0.12640851,0.79242973,0.33962478,0.041067083,0.69406583,8.27,3.6143863,0.0024357993
0.702,1582.6801,2874.6091,2847.2128,0,0.12607043,0.79238885,0.33808656,0.040881084,0.69336953,8.27,3.6148712,0.0024244404
0.703,1580.9423,2871.4893,2844.3178,0,0.12573387,0.79234816,0.33655401,0.040695769,0.69267275,8.27,3.6153538,0.0024131266
0.704,1579.2033,2868.3694,2841.421,0,0.12539885,0.79230765,0.33502704,0.040511129,0.69197551,8.27,3.6158342,0.0024018574
0.705,1577.4633,2865.2496,2838.5223,0,0.12506534,0.79226732,0.33350557,0.040327154,0.69127779,8.27,3.6163123,0.0023906321
0.706,1575.7221,2862.1297,2835.6218,0,0.12473335,0.79222718,0.33198951,0.040143835,0.69057961,8.27,3.6167882,0.0023794501
0.707,1573.9799,2859.0099,2832.7195,0,0.12440287,0.79218721,0.3304788,0.03996116,0.68988098,8.27,3.6172618,0.0023683108
0.708,1572.2366,2855.89,2829.8153,0,0.1240739,0.79214744,0.32897334,0.039779122,0.6891819,8.27,3.6177333,0.0023572135
0.709,1570.4922,2852.7702,2826.9095,0,0.12374643,0.79210784,0.32747307,0.03959771,0.68848237,8.27,3.6182025,0.0023461577
0.71,1568.7467,2849.6503,2824.0018,0,0.12342045,0.79206842,0.3259779,0.039416916,0.68778241,8.27,3.6186695,0.0023351428
0.711,1567.0003,2846.5304,2821.0925,0,0.12309596,0.79202918,0.32448776,0.039236731,0.687082,8.27,3.6191344,0.0023241682
0.712,1565.2528,2843.4106,2818.1814,0,0.12277296,0.79199013,0.32300259,0.039057145,0.68638117,8.27,3.619597,0.0023132334
0.713,1563.5043,2840.2907,2815.2687,0,0.12245144,0.79195125,0.3215223,0.03887815,0.68567992,8.27,3.6200575,0.0023023378
0.714,1561.7548,2837.1709,2812.3543,0,0.12213139,0.79191255,0.32004683,0.038699737,0.68497824,8.27,3.6205158,0.0022914808
0.715,1560.0043,2834.051,2809.4382,0,0.12181281,0.79187403,0.3185761,0.038521898,0.68427615,8.27,3.6209719,0.0022806619
0.716,1558.2528,2830.9312,2806.5205,0,0.1214957,0.79183568,0.31711005,0.038344626,0.68357365,8.27,3.6214259,0.0022698806
0.717,1556.5004,2827.8113,2803.6013,0,0.12118005,0.79179751,0.31564862,0.038167911,0.68287075,8.27,3.6218777,0.0022591364
0.718,1554.747,2824.6915,2800.6804,0,0.12086586,0.79175952,0.31419173,0.037991745,0.68216744,8.27,3.6223274,0.0022484288
0.719,1552.9926,2821.5716,2797.7579,0,0.12055312,0.79172171,0.31273933,0.037816122,0.68146373,8.27,3.622775,0.0022377572
0.72,1551.2373,2818.4517,2794.8339,0,0.12024183,0.79168407,0.31129134,0.037641033,0.68075964,8.27,3.6232204,0.0022271212
0.721,1549.4811,2815.3319,2791.9084,0,0.11993198,0.7916466,0.30984771,0.03746647,0.68005515,8.27,3.6236637,0.0022165203
0.722,1547.724,2812.212,2788.9813,0,0.11962358,0.79160931,0.30840838,0.037292428,0.67935028,8.27,3.6241049,0.002205954
0.723,1545.966,2809.0922,2786.0528,0,0.1193166,0.79157219,0.30697328,0.037118897,0.67864503,8.27,3.624544,0.0021954218
0.724,1544.2071,2805.9723,2783.1227,0,0.11901106,0.79153524,0.30554236,0.036945872,0.6779394,8.27,3.624981,0.0021849234
0.725,1542.4473,2802.8525,2780.1912,0,0.11870694,0.79149847,0.30411556,0.036773344,0.6772334,8.27,3.6254158,0.0021744583
0.726,1540.6866,2799.7326,2777.2582,0,0.11840425,0.79146187,0.30269282,0.036601309,0.67652702,8.27,3.6258486,0.0021640259
0.727,1538.9251,2796.6128,2774.3238,0,0.11810298,0.79142544,0.3012741,0.036429758,0.67582029,8.27,3.6262794,0.002153626
0.728,1537.1627,2793.4929,2771.388,0,0.11780312,0.79138918,0.29985932,0.036258685,0.67511319,8.27,3.626708,0.002143258
0.729,1535.3994,2790.373,2768.4507,0,0.11750467,0.79135309,0.29844845,0.036088084,0.67440573,8.27,3.6271346,0.0021329216
0.73,1533.6353,2787.2532,2765.512,0,0.11720763,0.79131717,0.29704143,0.035917948,0.67369792,8.27,3.6275591,0.0021226164
0.731,1531.8704,2784.1333,2762.572,0,0.11691199,0.79128142,0.29563821,0.035748272,0.67298976,8.27,3.6279816,0.0021123419
0.732,1530.1046,2781.0135,2759.6306,0,0.11661775,0.79124585,0.29423873,0.035579049,0.67228125,8.27,3.628402,0.0021020979
0.733,1528.338,2777.8936,2756.6878,0,0.11632491,0.79121044,0.29284296,0.035410273,0.67157239,8.27,3.6288204,0.0020918838
0.734,1526.5707,2774.7738,2753.7437,0,0.11603346,0.79117519,0.29145084,0.035241939,0.67086319,8.27,3.6292367,0.0020816993
0.735,1524.8025,2771.6539,2750.7982,0,0.11574339,0.79114012,0.29006232,0.035074041,0.67015365,8.27,3.629651,0.0020715441
0.736,1523.0335,2768.5341,2747.8514,0,0.11545472,0.79110521,0.28867737,0.034906574,0.66944378,8.27,3.6300633,0.0020614178
0.737,1521.2637,2765.4142,2744.9034,0,0.11516742,0.79107047,0.28729592,0.034739531,0.66873358,8.27,3.6304736,0.0020513201
0.738,1519.4932,2762.2943,2741.954,0,0.1148815,0.7910359,0.28591795,0.034572909,0.66802304,8.27,3.6308818,0.0020412505
0.739,1517.7219,2759.1745,2739.0033,0,0.11459696,0.79100149,0.28454341,0.0344067,0.66731218,8.27,3.6312881,0.0020312089
0.74,1515.9498,2756.0546,2736.0514,0,0.11431379,0.79096725,0.28317226,0.034240902,0.666601,8.27,3.6316923,0.0020211947
0.741,1514.177,2752.9348,2733.0982,0,0.11403198,0.79093318,0.28180444,0.034075507,0.66588949,8.27,3.6320946,0.0020112078
0.742,1512.4034,2749.8149,2730.1438,0,0.11375154,0.79089927,0.28043994,0.033910512,0.66517767,8.27,3.6324948,0.0020012478
0.743,1510.629,2746.6951,2727.1881,0,0.11347246,0.79086552,0.27907869,0.033745912,0.66446553,8.27,3.6328931,0.0019913144
0.744,1508.854,2743.5752,2724.2312,0,0.11319474,0.79083194,0.27772068,0.033581702,0.66375308,8.27,3.6332894,0.0019814073
0.745,1507.0782,2740.4554,2721.2731,0,0.11291838,0.79079852,0.27636585,0.033417878,0.66304032,8.27,3.6336837,0.0019715262
0.746,1505.3016,2737.3355,2718.3138,0,0.11264336,0.79076527,0.27501418,0.033254435,0.66232725,8.27,3.634076,0.0019616708
0.747,1503.5244,2734.2156,2715.3532,0,0.1123697,0.79073218,0.27366562,0.033091369,0.66161387,8.27,3.6344664,0.0019518409
0.748,1501.7464,2731.0958,2712.3915,0,0.11209738,0.79069925,0.27232015,0.032928676,0.66090019,8.27,3.6348548,0.001942036
0.749,1499.9677,2727.9759,2709.4286,0,0.1118264,0.79066648,0.27097772,0.03276635,0.66018622,8.27,3.6352412,0.0019322561
0.75,1498.1884,2724.8561,2706.4646,0,0.11155676,0.79063388,0.2696383,0.03260439,0.65947194,8.27,3.6356257,0.0019225007
0.751,1496.4083,2721.7362,2703.4994,0,0.11128846,0.79060143,0.26830187,0.032442789,0.65875737,8.27,3.6360083,0.0019127697
0.752,1494.6275,2718.6164,2700.533,0,0.11102149,0.79056915,0.26696838,0.032281545,0.6580425,8.27,3.6363889,0.0019030628
0.753,1492.8461,2715.4965,2697.5655,0,0.11075585,0.79053703,0.26563781,0.032120654,0.65732734,8.27,3.6367676,0.0018933798
0.754,1491.064,2712.3767,2694.5969,0,0.11049154,0.79050507,0.26431013,0.031960112,0.65661189,8.27,3.6371443,0.0018837203
0.755,1489.2812,2709.2568,2691.6272,0,0.11022856,0.79047327,0.2629853,0.031799916,0.65589616,8.27,3.6375191,0.0018740843
0.756,1487.4977,2706.1369,2688.6563,0,0.1099669,0.79044163,0.26166331,0.031640061,0.65518014,8.27,3.637892,0.0018644713
0.757,1485.7136,2703.0171,2685.6844,0,0.10970655,0.79041015,0.26034411,0.031480545,0.65446384,8.27,3.638263,0.0018548813
0.758,1483.9288,2699.8972,2682.7113,0,0.10944752,0.79037883,0.25902768,0.031321364,0.65374725,8.27,3.6386321,0.0018453139
0.759,1482.1433,2696.7774,2679.7372,0,0.10918981,0.79034767,0.257714,0.031162515,0.65303039,8.27,3.6389992,0.001835769
0.76,1480.3572,2693.6575,2676.7619,0,0.10893341,0.79031666,0.25640303,0.031003995,0.65231325,8.27,3.6393645,0.0018262464
0.761,1478.5705,2690.5377,2673.7857,0,0.10867831,0.79028582,0.25509476,0.0308458,0.65159584,8.27,3.6397278,0.0018167458
0.762,1476.7831,2687.4178,2670.8083,0,0.10842452,0.79025513,0.25378916,0.030687927,0.65087815,8.27,3.6400893,0.001807267
0.763,1474.9951,2684.298,2667.8299,0,0.10817204,0.7902246,0.25248619,0.030530374,0.65016019,8.27,3.6404488,0.0017978099
0.764,1473.2064,2681.1781,2664.8504,0,0.10792085,0.79019423,0.25118585,0.030373138,0.64944196,8.27,3.6408065,0.0017883742
0.765,1471.4171,2678.0582,2661.8699,0,0.10767096,0.79016401,0.2498881,0.030216215,0.64872347,8.27,3.6411623,0.0017789598
0.766,1469.6272,2674.9384,2658.8884,0,0.10742237,0.79013395,0.24859292,0.030059603,0.6480047,8.27,3.6415162,0.0017695665
0.767,1467.8367,2671.8185,2655.9058,0,0.10717507,0.79010405,0.24730029,0.0299033,0.64728568,8.27,3.6418683,0.001760194
0.768,1466.0456,2668.6987,2652.9222,0,0.10692906,0.7900743,0.24601019,0.029747302,0.64656639,8.27,3.6422184,0.0017508423
0.769,1464.2538,2665.5788,2649.9376,0,0.10668434,0.79004471,0.2447226,0.029591608,0.64584684,8.27,3.6425667,0.0017415111
0.77,1462.4615,2662.459,2646.952,0,0.1064409,0.79001527,0.24343749,0.029436214,0.64512703,8.27,3.6429132,0.0017322003
0.771,1460.6685,2659.3391,2643.9654,0,0.10619874,0.78998599,0.24215485,0.029281118,0.64440696,8.27,3.6432577,0.0017229097
0.772,1458.8749,2656.2192,2640.9778,0,0.10595787,0.78995686,0.24087465,0.029126318,0.64368663,8.27,3.6436005,0.0017136391
0.773,1457.0808,2653.0994,2637.9892,0,0.10571827,0.78992789,0.23959688,0.028971812,0.64296605,8.27,3.6439413,0.0017043884
0.774,1455.2861,2649.9795,2634.9996,0,0.10547995,0.78989907,0.23832152,0.028817596,0.64224522,8.27,3.6442804,0.0016951575
0.775,1453.4907,2646.8597,2632.0091,0,0.1052429,0.78987041,0.23704855,0.02866367,0.64152414,8.27,3.6446176,0.0016859461
0.776,1451.6948,2643.7398,2629.0176,0,0.10500712,0.7898419,0.23577795,0.028510031,0.64080281,8.27,3.6449529,0.0016767542
0.777,1449.8983,2640.62,2626.0251,0,0.10477261,0.78981354,0.23450971,0.028356676,0.64008122,8.27,3.6452864,0.0016675815
0.778,1448.1013,2637.5001,2623.0317,0,0.10453937,0.78978534,0.2332438,0.028203604,0.63935939,8.27,3.6456181,0.001658428
0.779,1446.3036,2634.3803,2620.0373,0,0.10430739,0.78975729,0.23198022,0.028050813,0.63863732,8.27,3.645948,0.0016492935
0.78,1444.5054,2631.2604,2617.0419,0,0.10407667,0.78972939,0.23071894,0.0278983,0.637915,8.27,3.646276,0.0016401779
0.781,1442.7066,2628.1405,2614.0457,0,0.10384721,0.78970165,0.22945995,0.027746064,0.63719244,8.27,3.6466022,0.001631081
0.782,1440.9073,2625.0207,2611.0485,0,0.10361901,0.78967405,0.22820324,0.027594104,0.63646963,8.27,3.6469266,0.0016220027
0.783,1439.1074,2621.9008,2608.0503,0,0.10339206,0.78964661,0.22694878,0.027442416,0.63574659,8.27,3.6472492,0.0016129429
0.784,1437.307,2618.781,2605.0513,0,0.10316636,0.78961932,0.22569657,0.027291001,0.6350233,8.27,3.64757,0.0016039015
0.785,1435.5059,2615.6611,2602.0513,0,0.10294192,0.78959218,0.2244466,0.027139854,0.63429978,8.27,3.647889,0.0015948783
0.786,1433.7044,2612.5413,2599.0504,0,0.10271872,0.78956519,0.22319883,0.026988976,0.63357603,8.27,3.6482062,0.0015858732
0.787,1431.9023,2609.4214,2596.0486,0,0.10249676,0.78953835,0.22195328,0.026838365,0.63285203,8.27,3.6485215,0.0015768862
0.788,1430.0996,2606.3016,2593.0459,0,0.10227605,0.78951166,0.22070991,0.026688018,0.63212781,8.27,3.6488351,0.001567917
0.789,1428.2965,2603.1817,2590.0424,0,0.10205659,0.78948512,0.21946872,0.026537934,0.63140335,8.27,3.6491469,0.0015589657
0.79,1426.4927,2600.0618,2587.0379,0,0.10183836,0.78945874,0.21822969,0.026388113,0.63067866,8.27,3.6494569,0.001550032
0.791,1424.6885,2596.942,2584.0325,0,0.10162136,0.7894325,0.21699282,0.026238551,0.62995374,8.27,3.6497651,0.0015411159
0.792,1422.8837,2593.8221,2581.0263,0,0.10140561,0.78940641,0.21575809,0.026089249,0.62922859,8.27,3.6500716,0.0015322172
0.793,1421.0784,2590.7023,2578.0191,0,0.10119108,0.78938047,0.21452549,0.025940204,0.62850321,8.27,3.6503762,0.0015233359
0.794,1419.2726,2587.5824,2575.0111,0,0.10097778,0.78935468,0.213295,0.025791415,0.6277776,8.27,3.6506791,0.0015144719
0.795,1417.4662,2584.4626,2572.0023,0,0.10076572,0.78932903,0.21206663,0.025642881,0.62705178,8.27,3.6509803,0.001505625
0.796,1415.6593,2581.3427,2568.9926,0,0.10055488,0.78930354,0.21084035,0.025494601,0.62632572,8.27,3.6512796,0.0014967953
0.797,1413.8519,2578.2229,2565.982,0,0.10034526,0.78927819,0.20961615,0.025346572,0.62559944,8.27,3.6515772,0.0014879825
0.798,1412.044,2575.103,2562.9705,0,0.10013687,0.78925299,0.20839404,0.025198795,0.62487294,8.27,3.6518731,0.0014791866
0.799,1410.2356,2571.9831,2559.9583,0,0.099929694,0.78922794,0.20717398,0.025051268,0.62414622,8.27,3.6521671,0.0014704075
0.8,1408.4266,2568.8633,2556.9451,0,0.099723738,0.78920304,0.20595599,0.024903989,0.62341928,8.27,3.6524595,0.0014616451
0.801,1406.6172,2565.7434,2553.9312,0,0.099518998,0.78917828,0.20474003,0.024756957,0.62269212,8.27,3.65275,0.0014528994
0.802,1404.8073,2562.6236,2550.9164,0,0.099315472,0.78915367,0.20352612,0.024610172,0.62196474,8.27,3.6530389,0.0014441702
0.803,1402.9968,2559.5037,2547.9007,0,0.099113157,0.78912921,0.20231424,0.024463632,0.62123715,8.27,3.653326,0.0014354574
0.804,1401.1859,2556.3839,2544.8843,0,0.098912053,0.78910489,0.20110437,0.024317336,0.62050934,8.27,3.6536113,0.001426761
0.805,1399.3744,2553.264,2541.867,0,0.098712157,0.78908072,0.19989651,0.024171283,0.61978131,8.27,3.6538949,0.001418081
0.806,1397.5625,2550.1442,2538.8489,0,0.098513466,0.78905669,0.19869066,0.024025473,0.61905308,8.27,3.6541768,0.0014094172
0.807,1395.7501,2547.0243,2535.83,0,0.098315979,0.78903281,0.1974868,0.023879903,0.61832462,8.27,3.654457,0.0014007695
0.808,1393.9372,2543.9044,2532.8102,0,0.098119694,0.78900908,0.19628492,0.023734573,0.61759596,8.27,3.6547354,0.0013921379
0.809,1392.1238,2540.7846,2529.7897,0,0.097924609,0.78898549,0.19508502,0.023589483,0.61686709,8.27,3.6550121,0.0013835223
0.81,1390.3099,2537.6647,2526.7684,0,0.097730722,0.78896205,0.19388709,0.023444631,0.616138,8.27,3.6552871,0.0013749226
0.811,1388.4956,2534.5449,2523.7462,0,0.097538031,0.78893875,0.19269113,0.023300016,0.61540871,8.27,3.6555604,0.0013663388
0.812,1386.6807,2531.425,2520.7233,0,0.097346534,0.78891559,0.19149712,0.023155637,0.61467921,8.27,3.6558319,0.0013577707
0.813,1384.8654,2528.3052,2517.6996,0,0.097156229,0.78889258,0.19030505,0.023011494,0.6139495,8.27,3.6561018,0.0013492184
0.814,1383.0496,2525.1853,2514.6751,0,0.096967114,0.78886971,0.18911493,0.022867585,0.61321959,8.27,3.6563699,0.0013406818
0.815,1381.2334,2522.0655,2511.6498,0,0.096779187,0.78884699,0.18792674,0.022723911,0.61248947,8.27,3.6566363,0.0013321607
0.816,1379.4166,2518.9456,2508.6238,0,0.096592447,0.78882441,0.18674048,0.022580469,0.61175915,8.27,3.6569011,0.0013236552
0.817,1377.5995,2515.8257,2505.5969,0,0.09640689,0.78880197,0.18555613,0.022437259,0.61102862,8.27,3.6571641,0.0013151651
0.818,1375.7818,2512.7059,2502.5693,0,0.096222517,0.78877967,0.1843737,0.022294281,0.6102979,8.27,3.6574254,0.0013066904
0.819,1373.9637,2509.586,2499.541,0,0.096039324,0.78875752,0.18319318,0.022151533,0.60956697,8.27,3.6576851,0.001298231
0.82,1372.1451,2506.4662,2496.5118,0,0.095857309,0.78873551,0.18201456,0.022009015,0.60883607,8.27,3.657943,0.0012897869
0.821,1370.3262,2503.3463,2493.4819,0,0.095676471,0.78871365,0.18083785,0.021866729,0.60810628,8.27,3.6581993,0.0012813582
0.822,1368.5069,2500.2265,2490.4513,0,0.095496808,0.78869192,0.17966316,0.021724687,0.60737629,8.27,3.6584539,0.0012729456
0.823,1366.687,2497.1066,2487.4198,0,0.095318318,0.78867034,0.17849049,0.021582888,0.60664609,8.27,3.6587068,0.001264549
0.824,1364.8668,2493.9868,2484.3877,0,0.095140998,0.7886489,0.17731981,0.021441331,0.60591569,8.27,3.658958,0.0012561682
0.825,1363.0461,2490.8669,2481.3547,0,0.094964847,0.7886276,0.17615111,0.021300013,0.60518509,8.27,3.6592076,0.0012478033
0.826,1361.2249,2487.747,2478.321,0,0.094789862,0.78860644,0.17498438,0.021158934,0.60445429,8.27,3.6594555,0.001239454
0.827,1359.4032,2484.6272,2475.2866,0,0.094616043,0.78858542,0.17381962,0.021018092,0.60372329,8.27,3.6597017,0.0012311203
0.828,1357.5812,2481.5073,2472.2515,0,0.094443386,0.78856454,0.1726568,0.020877485,0.6029921,8.27,3.6599463,0.001222802
0.829,1355.7587,2478.3875,2469.2156,0,0.09427189,0.78854381,0.17149591,0.020737112,0.6022607,8.27,3.6601892,0.0012144992
0.83,1353.9357,2475.2676,2466.1789,0,0.094101553,0.78852321,0.17033695,0.020596972,0.60152911,8.27,3.6604304,0.0012062116
0.831,1352.1123,2472.1478,2463.1416,0,0.093932373,0.78850275,0.16917991,0.020457063,0.60079732,8.27,3.66067,0.0011979393
0.832,1350.2885,2469.0279,2460.1035,0,0.093764348,0.78848244,0.16802477,0.020317385,0.60006534,8.27,3.6609079,0.001189682
0.833,1348.4642,2465.9081,2457.0647,0,0.093597477,0.78846226,0.16687153,0.020177936,0.59933317,8.27,3.6611442,0.0011814398
0.834,1346.6395,2462.7882,2454.0252,0,0.093431757,0.78844222,0.16572017,0.020038715,0.5986008,8.27,3.6613789,0.0011732126
0.835,1344.8144,2459.6683,2450.985,0,0.093267186,0.78842232,0.16457069,0.019899721,0.59786825,8.27,3.6616119,0.0011650002
0.836,1342.9888,2456.5485,2447.944,0,0.093103763,0.78840256,0.16342308,0.019760952,0.5971355,8.27,3.6618432,0.0011568026
0.837,1341.1629,2453.4286,2444.9024,0,0.092941485,0.78838294,0.16227732,0.019622409,0.59640256,8.27,3.662073,0.0011486197
0.838,1339.3365,2450.3088,2441.86,0,0.092780352,0.78836345,0.16113342,0.019484089,0.59566943,8.27,3.662301,0.0011404514
0.839,1337.5096,2447.1889,2438.817,0,0.092620361,0.78834411,0.15999136,0.019345992,0.59493612,8.27,3.6625275,0.0011322977
0.84,1335.6824,2444.0691,2435.7733,0,0.09246151,0.7883249,0.15885113,0.019208117,0.59420261,8.27,3.6627523,0.0011241586
0.841,1333.8547,2440.9492,2432.7289,0,0.092303797,0.78830583,0.15771273,0.019070463,0.59346893,8.27,3.6629755,0.0011160338
0.842,1332.0267,2437.8294,2429.6837,0,0.092147221,0.78828689,0.15657615,0.018933029,0.59273505,8.27,3.6631971,0.0011079234
0.843,1330.1982,2434.7095,2426.638,0,0.091991779,0.7882681,0.15544138,0.018795814,0.59200099,8.27,3.6634171,0.0010998274
0.844,1328.3693,2431.5896,2423.5915,0,0.091837471,0.78824944,0.15430842,0.018658817,0.59126675,8.27,3.6636354,0.0010917455
0.845,1326.54,2428.4698,2420.5443,0,0.091684294,0.78823092,0.15317726,0.018522038,0.59053232,8.27,3.6638522,0.0010836778
0.846,1324.7103,2425.3499,2417.4965,0,0.091532246,0.78821253,0.15204788,0.018385476,0.58979771,8.27,3.6640673,0.0010756243
0.847,1322.8801,2422.2301,2414.448,0,0.091381325,0.78819428,0.1509203,0.018249129,0.58906292,8.27,3.6642808,0.0010675848
0.848,1321.0496,2419.1102,2411.3989,0,0.091231531,0.78817617,0.14979449,0.018112998,0.58832795,8.27,3.6644927,0.0010595593
0.849,1319.2187,2415.9904,2408.3491,0,0.09108286,0.78815819,0.14867046,0.017977081,0.5875928,8.27,3.664703,0.0010515477
0.85,1317.3874,2412.8705,2405.2986,0,0.090935312,0.78814035,0.14754819,0.017841377,0.58685747,8.27,3.6649118,0.00104355
0.851,1315.5557,2409.7507,2402.2474,0,0.090788885,0.78812265,0.14642768,0.017705887,0.58612196,8.27,3.6651189,0.0010355661
0.852,1313.7236,2406.6308,2399.1956,0,0.090643576,0.78810507,0.14530893,0.017570609,0.58538627,8.27,3.6653244,0.001027596
0.853,1311.8911,2403.5109,2396.1432,0,0.090499384,0.78808764,0.14419194,0.017435542,0.58465041,8.27,3.6655283,0.0010196397
0.854,1310.0582,2400.3911,2393.0901,0,0.090356307,0.78807034,0.14307668,0.017300687,0.58391437,8.27,3.6657307,0.0010116969
0.855,1308.2249,2397.2712,2390.0364,0,0.090214344,0.78805317,0.14196316,0.017166042,0.58317816,8.27,3.6659314,0.0010037679
0.856,1306.3912,2394.1514,2386.982,0,0.090073493,0.78803614,0.14085138,0.017031606,0.58244177,8.27,3.6661306,0.00099585233
0.857,1304.5572,2391.0315,2383.927,0,0.089933751,0.78801924,0.13974133,0.01689738,0.5817052,8.27,3.6663282,0.00098795033
0.858,1302.7227,2387.9117,2380.8714,0,0.089795118,0.78800248,0.138633,0.016763362,0.58096847,8.27,3.6665242,0.00098006179
0.859,1300.8879,2384.7918,2377.8151,0,0.089657592,0.78798585,0.13752639,0.016629552,0.58023156,8.27,3.6667186,0.00097218667
0.86,1299.0527,2381.672,2374.7582,0,0.08952117,0.78796935,0.1364215,0.016495949,0.57949448,8.27,3.6669115,0.00096432493
0.861,1297.2171,2378.5521,2371.7006,0,0.089385852,0.78795299,0.13531831,0.016362553,0.57875722,8.27,3.6671028,0.00095647651
0.862,1295.3812,2375.4322,2368.6425,0,0.089251635,0.78793676,0.13421683,0.016229363,0.5780198,8.27,3.6672925,0.00094864138
0.863,1293.5449,2372.3124,2365.5837,0,0.089118518,0.78792067,0.13311705,0.016096379,0.57728221,8.27,3.6674807,0.00094081948
0.864,1291.7082,2369.1925,2362.5243,0,0.088986499,0.7879047,0.13201897,0.015963599,0.57654445,8.27,3.6676673,0.00093301078
0.865,1289.8711,2366.0727,2359.4643,0,0.088855577,0.78788887,0.13092257,0.015831025,0.57580652,8.27,3.6678523,0.00092521522
0.866,1288.0337,2362.9528,2356.4037,0,0.088725749,0.78787317,0.12982787,0.015698654,0.57506842,8.27,3.6680358,0.00091743277
0.867,1286.1958,2359.833,2353.3425,0,0.088597014,0.78785761,0.12873485,0.015566487,0.57433016,8.27,3.6682177,0.00090966339
0.868,1284.3577,2356.7131,2350.2806,0,0.08846937,0.78784217,0.1276435,0.015434523,0.57359173,8.27,3.6683981,0.00090190702
0.869,1282.5191,2353.5933,2347.2182,0,0.088342817,0.78782687,0.12655383,0.015302761,0.57285313,8.27,3.6685769,0.00089416363
0.87,1280.6802,2350.4734,2344.1552,0,0.088217351,0.7878117,0.12546583,0.015171201,0.57211437,8.27,3.6687542,0.00088643317
0.871,1278.841,2347.3535,2341.0915,0,0.088092971,0.78779666,0.1243795,0.015039843,0.57137545,8.27,3.66893,0.00087871562
0.872,1277.0013,2344.2337,2338.0273,0,0.087969676,0.78778175,0.12329483,0.014908685,0.57063636,8.27,3.6691042,0.00087101091
0.873,1275.1614,2341.1138,2334.9625,0,0.087847465,0.78776697,0.12221181,0.014777728,0.56989711,8.27,3.6692768,0.00086331902
0.874,1273.321,2337.994,2331.8971,0,0.087726334,0.78775232,0.12113045,0.014646972,0.56915769,8.27,3.669448,0.00085563991
0.875,1271.4803,2334.8741,2328.8311,0,0.087606283,0.78773781,0.12005075,0.014516414,0.56841812,8.27,3.6696176,0.00084797353
0.876,1269.6393,2331.7543,2325.7645,0,0.087487311,0.78772342,0.11897268,0.014386056,0.56767838,8.27,3.6697856,0.00084031984
0.877,1267.7979,2328.6344,2322.6974,0,0.087369414,0.78770917,0.11789627,0.014255897,0.56693849,8.27,3.6699522,0.00083267882
0.878,1265.9562,2325.5146,2319.6296,0,0.087252593,0.78769504,0.11682149,0.014125935,0.56619843,8.27,3.6701172,0.00082505041
0.879,1264.1141,2322.3947,2316.5613,0,0.087136845,0.78768104,0.11574834,0.013996172,0.56545822,8.27,3.6702807,0.00081743458
0.88,1262.2717,2319.2748,2313.4924,0,0.087022168,0.78766718,0.11467683,0.013866605,0.56471784,8.27,3.6704426,0.00080983129
0.881,1260.4289,2316.155,2310.423,0,0.086908561,0.78765344,0.11360694,0.013737236,0.56397731,8.27,3.6706031,0.00080224051
0.882,1258.5858,2313.0351,2307.353,0,0.086796022,0.78763983,0.11253868,0.013608063,0.56323663,8.27,3.670762,0.00079466219
0.883,1256.7423,2309.9153,2304.2824,0,0.08668455,0.78762635,0.11147204,0.013479085,0.56249578,8.27,3.6709194,0.0007870963
0.884,1254.8985,2306.7954,2301.2113,0,0.086574143,0.787613,0.11040701,0.013350304,0.56175478,8.27,3.6710753,0.00077954281
0.885,1253.0544,2303.6756,2298.1395,0,0.086464799,0.78759978,0.1093436,0.013221717,0.56101363,8.27,3.6712297,0.00077200167
0.886,1251.2099,2300.5557,2295.0673,0,0.086356518,0.78758669,0.1082818,0.013093325,0.56027232,8.27,3.6713826,0.00076447285
0.887,1249.3651,2297.4359,2291.9945,0,0.086249296,0.78757372,0.1072216,0.012965127,0.55953085,8.27,3.671534,0.00075695631
0.888,1247.5199,2294.316,2288.9211,0,0.086143133,0.78756089,0.10616301,0.012837123,0.55878924,8.27,3.6716839,0.00074945202
0.889,1245.6745,2291.1961,2285.8472,0,0.086038027,0.78754818,0.10510602,0.012709313,0.55804747,8.27,3.6718323,0.00074195994
0.89,1243.8286,2288.0763,2282.7728,0,0.085933976,0.78753559,0.10405062,0.012581695,0.55730555,8.27,3.6719792,0.00073448003
0.891,1241.9825,2284.9564,2279.6978,0,0.08583098,0.78752314,0.10299681,0.01245427,0.55656347,8.27,3.6721246,0.00072701226
0.892,1240.1361,2281.8366,2276.6222,0,0.085729035,0.78751081,0.10194459,0.012327037,0.55582125,8.27,3.6722685,0.00071955659
0.893,1238.2893,2278.7167,2273.5461,0,0.085628141,0.78749861,0.10089396,0.012199995,0.55507888,8.27,3.6724109,0.000712113
0.894,1236.4422,2275.5969,2270.4695,0,0.085528296,0.78748654,0.099844912,0.012073145,0.55433635,8.27,3.6725519,0.00070468143
0.895,1234.5947,2272.477,2267.3924,0,0.085429499,0.78747459,0.098797439,0.011946486,0.55359368,8.27,3.6726913,0.00069726187
0.896,1232.747,2269.3572,2264.3147,0,0.085331747,0.78746277,0.097751542,0.011820017,0.55285086,8.27,3.6728293,0.00068985426
0.897,1230.8989,2266.2373,2261.2365,0,0.08523504,0.78745108,0.096707216,0.011693738,0.55210789,8.27,3.6729658,0.00068245859
0.898,1229.0505,2263.1174,2258.1578,0,0.085139375,0.78743951,0.095664459,0.011567649,0.55136478,8.27,3.6731008,0.00067507481
0.899,1227.2018,2259.9976,2255.0785,0,0.085044752,0.78742807,0.094623266,0.011441749,0.55062151,8.27,3.6732343,0.00066770289
0.9,1225.3528,2256.8777,2251.9987,0,0.084951169,0.78741675,0.093583635,0.011316038,0.5498781,8.27,3.6733664,0.00066034279
0.901,1223.5034,2253.7579,2248.9184,0,0.084858623,0.78740556,0.092545562,0.011190515,0.54913455,8.27,3.673497,0.00065299448
0.902,1221.6538,2250.638,2245.8376,0,0.084767114,0.7873945,0.091509044,0.011065181,0.54839085,8.27,3.6736261,0.00064565794
0.903,1219.8038,2247.5182,2242.7563,0,0.08467664,0.78738356,0.090474078,0.010940034,0.54764701,8.27,3.6737538,0.00063833311
0.904,1217.9536,2244.3983,2239.6745,0,0.084587199,0.78737274,0.089440659,0.010815074,0.54690302,8.27,3.67388,0.00063101998
0.905,1216.103,2241.2785,2236.5921,0,0.08449879,0.78736205,0.088408786,0.010690301,0.54615889,8.27,3.6740048,0.0006237185
0.906,1214.2521,2238.1586,2233.5093,0,0.084411412,0.78735149,0.087378454,0.010565714,0.54541462,8.27,3.674128,0.00061642864
0.907,1212.4009,2235.0387,2230.4259,0,0.084325062,0.78734105,0.086349661,0.010441313,0.5446702,8.27,3.6742499,0.00060915037
0.908,1210.5494,2231.9189,2227.3421,0,0.08423974,0.78733073,0.085322403,0.010317098,0.54392564,8.27,3.6743703,0.00060188366
0.909,1208.6976,2228.799,2224.2577,0,0.084155443,0.78732054,0.084296676,0.010193068,0.54318095,8.27,3.6744892,0.00059462847
0.91,1206.8455,2225.6792,2221.1729,0,0.084072171,0.78731047,0.083272478,0.010069223,0.54243611,8.27,3.6746067,0.00058738477
0.911,1204.9932,2222.5593,2218.0875,0,0.083989921,0.78730052,0.082249806,0.0099455629,0.54169113,8.27,3.6747227,0.00058015252
0.912,1203.1405,2219.4395,2215.0017,0,0.083908692,0.7872907,0.081228655,0.0098220865,0.54094601,8.27,3.6748373,0.00057293171
0.913,1201.2875,2216.3196,2211.9153,0,0.083828483,0.787281,0.080209023,0.0096987937,0.54020076,8.27,3.6749504,0.00056572228
0.914,1199.4342,2213.1998,2208.8285,0,0.083749292,0.78727143,0.079190908,0.0095756841,0.53945536,8.27,3.6750621,0.00055852421
0.915,1197.5806,2210.0799,2205.7412,0,0.083671118,0.78726197,0.078174304,0.0094527575,0.53870983,8.27,3.6751724,0.00055133746
0.916,1195.7267,2206.96,2202.6534,0,0.083593959,0.78725264,0.07715921,0.0093300133,0.53796416,8.27,3.6752812,0.00054416201
0.917,1193.8726,2203.8402,2199.5652,0,0.083517813,0.78724343,0.076145622,0.0092074512,0.53721836,8.27,3.6753886,0.00053699782
0.918,1192.0181,2200.7203,2196.4764,0,0.08344268,0.78723435,0.075133537,0.0090850709,0.53647241,8.27,3.6754946,0.00052984486
0.919,1190.1634,2197.6005,2193.3872,0,0.083368557,0.78722539,0.074122951,0.008962872,0.53572634,8.27,3.6755991,0.0005227031
0.92,1188.3084,2194.4806,2190.2975,0,0.083295443,0.78721655,0.073113862,0.0088408539,0.53498013,8.27,3.6757022,0.00051557251
0.921,1186.4531,2191.3608,2187.2074,0,0.083223337,0.78720783,0.072106266,0.0087190165,0.53423378,8.27,3.6758039,0.00050845304
0.922,1184.5975,2188.2409,2184.1167,0,0.083152236,0.78719923,0.071100161,0.0085973593,0.5334873,8.27,3.6759042,0.00050134468
0.923,1182.7416,2185.121,2181.0256,0,0.083082141,0.78719075,0.070095543,0.0084758818,0.53274069,8.27,3.6760031,0.00049424739
0.924,1180.8854,2182.0012,2177.9341,0,0.083013049,0.7871824,0.069092409,0.0083545839,0.53199394,8.27,3.6761005,0.00048716113
0.925,1179.029,2178.8813,2174.842,0,0.082944958,0.78717417,0.068090755,0.0082334649,0.53124706,8.27,3.6761965,0.00048008589
0.926,1177.1723,2175.7615,2171.7495,0,0.082877867,0.78716605,0.067090579,0.0081125247,0.53050005,8.27,3.6762911,0.00047302162
0.927,1175.3153,2172.6416,2168.6566,0,0.082811775,0.78715806,0.066091878,0.0079917627,0.52975291,8.27,3.6763843,0.00046596829
0.928,1173.458,2169.5218,2165.5632,0,0.082746681,0.78715019,0.065094648,0.0078711787,0.52900564,8.27,3.6764761,0.00045892588
0.929,1171.6005,2166.4019,2162.4693,0,0.082682582,0.78714244,0.064098887,0.0077507723,0.52825823,8.27,3.6765665,0.00045189434
0.93,1169.7427,2163.2821,2159.375,0,0.082619477,0.78713481,0.063104591,0.007630543,0.5275107,8.27,3.6766554,0.00044487366
0.931,1167.8846,2160.1622,2156.2803,0,0.082557365,0.7871273,0.062111757,0.0075104905,0.52676304,8.27,3.676743,0.0004378638
0.932,1166.0262,2157.0423,2153.1851,0,0.082496245,0.78711991,0.061120382,0.0073906145,0.52601525,8.27,3.6768292,0.00043086473
0.933,1164.1676,2153.9225,2150.0894,0,0.082436115,0.78711264,0.060130463,0.0072709145,0.52526733,8.27,3.676914,0.00042387642
0.934,1162.3087,2150.8026,2146.9933,0,0.082376973,0.78710549,0.059141997,0.0071513902,0.52451928,8.27,3.6769973,0.00041689884
0.935,1160.4495,2147.6828,2143.8968,0,0.082318818,0.78709845,0.058154981,0.0070320413,0.52377111,8.27,3.6770793,0.00040993195
0.936,1158.5901,2144.5629,2140.7998,0,0.082261648,0.78709154,0.057169412,0.0069128672,0.52302281,8.27,3.6771599,0.00040297573
0.937,1156.7304,2141.4431,2137.7024,0,0.082205463,0.78708475,0.056185287,0.0067938678,0.52227438,8.27,3.6772391,0.00039603015
0.938,1154.8704,2138.3232,2134.6045,0,0.08215026,0.78707807,0.055202602,0.0066750426,0.52152583,8.27,3.6773169,0.00038909517
0.939,1153.0102,2135.2034,2131.5063,0,0.082096039,0.78707152,0.054221356,0.0065563913,0.52077715,8.27,3.6773934,0.00038217078
0.94,1151.1497,2132.0835,2128.4075,0,0.082042797,0.78706508,0.053241544,0.0064379134,0.52002835,8.27,3.6774684,0.00037525692
0.941,1149.2889,2128.9636,2125.3084,0,0.081990534,0.78705876,0.052263164,0.0063196087,0.51927943,8.27,3.6775421,0.00036835359
0.942,1147.4279,2125.8438,2122.2088,0,0.081939248,0.78705256,0.051286212,0.0062014767,0.51853038,8.27,3.6776144,0.00036146074
0.943,1145.5667,2122.7239,2119.1088,0,0.081888937,0.78704647,0.050310686,0.0060835171,0.5177812,8.27,3.6776853,0.00035457835
0.944,1143.7052,2119.6041,2116.0084,0,0.081839601,0.78704051,0.049336583,0.0059657295,0.51703191,8.27,3.6777549,0.00034770639
0.945,1141.8434,2116.4842,2112.9076,0,0.081791237,0.78703466,0.0483639,0.0058481137,0.51628249,8.27,3.677823,0.00034084482
0.946,1139.9814,2113.3644,2109.8063,0,0.081743844,0.78702893,0.047392633,0.0057306691,0.51553295,8.27,3.6778898,0.00033399363
0.947,1138.1191,2110.2445,2106.7047,0,0.081697421,0.78702331,0.046422781,0.0056133955,0.51478329,8.27,3.6779553,0.00032715277
0.948,1136.2565,2107.1247,2103.6026,0,0.081651967,0.78701782,0.045454339,0.0054962925,0.51403351,8.27,3.6780193,0.00032032222
0.949,1134.3938,2104.0048,2100.5001,0,0.08160748,0.78701244,0.044487305,0.0053793597,0.5132836,8.27,3.678082,0.00031350196
0.95,1132.5307,2100.8849,2097.3972,0,0.081563958,0.78700718,0.043521676,0.0052625968,0.51253358,8.27,3.6781434,0.00030669194
0.951,1130.6674,2097.7651,2094.2939,0,0.081521401,0.78700203,0.042557449,0.0051460035,0.51178344,8.27,3.6782033,0.00029989215
0.952,1128.8039,2094.6452,2091.1901,0,0.081479806,0.786997,0.041594621,0.0050295793,0.51103318,8.27,3.678262,0.00029310255
0.953,1126.9402,2091.5254,2088.086,0,0.081439173,0.78699209,0.040633189,0.0049133239,0.5102828,8.27,3.6783192,0.00028632312
0.954,1125.0761,2088.4055,2084.9815,0,0.0813995,0.78698729,0.03967315,0.004797237,0.5095323,8.27,3.6783751,0.00027955382
0.955,1123.2119,2085.2857,2081.8765,0,0.081360785,0.78698261,0.038714501,0.0046813182,0.50878168,8.27,3.6784297,0.00027279463
0.956,1121.3474,2082.1658,2078.7712,0,0.081323028,0.78697804,0.03775724,0.0045655672,0.50803095,8.27,3.6784829,0.00026604552
0.957,1119.4826,2079.046,2075.6655,0,0.081286227,0.78697359,0.036801364,0.0044499835,0.5072801,8.27,3.6785348,0.00025930646
0.958,1117.6177,2075.9261,2072.5593,0,0.08125038,0.78696926,0.035846869,0.004334567,0.50652914,8.27,3.6785853,0.00025257742
0.959,1115.7524,2072.8062,2069.4528,0,0.081215486,0.78696504,0.034893753,0.0042193171,0.50577805,8.27,3.6786344,0.00024585838
0.96,1113.887,2069.6864,2066.3459,0,0.081181544,0.78696094,0.033942012,0.0041042336,0.50502686,8.27,3.6786823,0.0002391493
0.961,1112.0213,2066.5665,2063.2386,0,0.081148552,0.78695695,0.032991645,0.0039893162,0.50427555,8.27,3.6787288,0.00023245016
0.962,1110.1554,2063.4467,2060.1309,0,0.08111651,0.78695307,0.032042647,0.0038745644,0.50352412,8.27,3.6787739,0.00022576093
0.963,1108.2892,2060.3268,2057.0229,0,0.081085415,0.78694931,0.031095017,0.0037599779,0.50277258,8.27,3.6788177,0.00021908158
0.964,1106.4228,2057.207,2053.9144,0,0.081055266,0.78694567,0.030148752,0.0036455564,0.50202093,8.27,3.6788602,0.00021241209
0.965,1104.5562,2054.0871,2050.8056,0,0.081026062,0.78694213,0.029203847,0.0035312996,0.50126916,8.27,3.6789014,0.00020575242
0.966,1102.6893,2050.9673,2047.6963,0,0.080997802,0.78693872,0.028260302,0.003417207,0.50051728,8.27,3.6789412,0.00019910255
0.967,1100.8222,2047.8474,2044.5867,0,0.080970484,0.78693541,0.027318112,0.0033032784,0.49976529,8.27,3.6789797,0.00019246245
0.968,1098.9549,2044.7275,2041.4768,0,0.080944106,0.78693222,0.026377276,0.0031895134,0.49901318,8.27,3.6790168,0.00018583209
0.969,1097.0874,2041.6077,2038.3664,0,0.080918669,0.78692915,0.02543779,0.0030759117,0.49826097,8.27,3.6790527,0.00017921145
0.97,1095.2196,2038.4878,2035.2557,0,0.080894169,0.78692619,0.024499651,0.0029624729,0.49750864,8.27,3.6790872,0.0001726005
0.971,1093.3516,2035.368,2032.1446,0,0.080870606,0.78692334,0.023562857,0.0028491967,0.49675621,8.27,3.6791204,0.00016599921
0.972,1091.4834,2032.2481,2029.0331,0,0.080847979,0.7869206,0.022627404,0.0027360828,0.49600366,8.27,3.6791523,0.00015940756
0.973,1089.6149,2029.1283,2025.9213,0,0.080826285,0.78691798,0.021693291,0.0026231307,0.495251,8.27,3.6791829,0.00015282551
0.974,1087.7463,2026.0084,2022.8091,0,0.080805525,0.78691547,0.020760514,0.0025103403,0.49449824,8.27,3.6792121,0.00014625304
0.975,1085.8774,2022.8886,2019.6965,0,0.080785696,0.78691307,0.019829071,0.0023977111,0.49374536,8.27,3.67924,0.00013969012
0.976,1084.0083,2019.7687,2016.5836,0,0.080766797,0.78691078,0.018898958,0.0022852428,0.49299238,8.27,3.6792667,0.00013313674
0.977,1082.1389,2016.6488,2013.4703,0,0.080748827,0.78690861,0.017970174,0.0021729351,0.49223929,8.27,3.679292,0.00012659285
0.978,1080.2694,2013.529,2010.3567,0,0.080731784,0.78690655,0.017042714,0.0020607877,0.49148609,8.27,3.679316,0.00012005843
0.979,1078.3996,2010.4091,2007.2427,0,0.080715667,0.7869046,0.016116577,0.0019488002,0.49073278,8.27,3.6793387,0.00011353346
0.98,1076.5297,2007.2893,2004.1283,0,0.080700476,0.78690277,0.01519176,0.0018369722,0.48997937,8.27,3.6793601,0.00010701792
0.981,1074.6595,2004.1694,2001.0136,0,0.080686207,0.78690104,0.01426826,0.0017253035,0.48922585,8.27,3.6793802,0.00010051176
0.982,1072.7891,2001.0496,1997.8986,0,0.080672861,0.78689943,0.013346074,0.0016137937,0.48847223,8.27,3.679399,9.4014974e-05
0.983,1070.9186,1997.9297,1994.7832,0,0.080660436,0.78689792,0.0124252,0.0015024426,0.48771982,8.27,3.6794165,8.7527528e-05
0.984,1069.0481,1994.8099,1991.6674,0,0.080648929,0.78689653,0.011507501,0.0013914753,0.48696794,8.27,3.6794327,8.1062544e-05
0.985,1067.1773,1991.69,1988.5513,0,0.080638337,0.78689525,0.010591889,0.0012807605,0.48621595,8.27,3.6794477,7.4612352e-05
0.986,1065.3063,1988.5701,1985.4348,0,0.080628659,0.78689408,0.0096774061,0.0011701821,0.48546384,8.27,3.6794613,6.817019e-05
0.987,1063.4351,1985.4503,1982.318,0,0.080619895,0.78689302,0.0087642658,0.0010597661,0.48471163,8.27,3.6794736,6.1737561e-05
0.988,1061.5637,1982.3304,1979.2009,0,0.080612043,0.78689207,0.0078523851,0.00094950243,0.48395931,8.27,3.6794847,5.5313872e-05
0.989,1059.6921,1979.2106,1976.0834,0,0.080605101,0.78689123,0.006941806,0.00083939613,0.48320689,8.27,3.6794945,4.8899412e-05
0.99,1057.8203,1976.0907,1972.9656,0,0.080599068,0.7868905,0.0060324905,0.00072944262,0.48245435,8.27,3.679503,4.2493906e-05
0.991,1055.9483,1972.9709,1969.8474,0,0.080593944,0.78688988,0.0051244753,0.00061964635,0.48170171,8.27,3.6795102,3.6097607e-05
0.992,1054.0761,1969.851,1966.7289,0,0.080589726,0.78688937,0.0042176961,0.00050999952,0.48094896,8.27,3.6795161,2.9710053e-05
0.993,1052.2037,1966.7312,1963.6101,0,0.080586414,0.78688897,0.0033122907,0.00040051882,0.4801961,8.27,3.6795208,2.3332211e-05
0.994,1050.331,1963.6113,1960.491,0,0.080584006,0.78688868,0.0024077628,0.00029114423,0.47944314,8.27,3.6795242,1.6960576e-05
0.995,1048.4582,1960.4914,1957.3715,0,0.080582499,0.7868885,0.0015071852,0.0001822473,0.47869007,8.27,3.6795263,1.0616787e-05
0.996,1046.585,1957.3716,1954.2515,0,0.080581943,0.78688843,0.00055624867,6.7261024e-05,0.4779369,8.27,3.6795271,3.9182779e-06
0.997,1044.717,1954.2517,1951.14,0,0.080580758,0.78688829,0.0011844222,0.00014321912,0.47718355,8.27,3.6795288,8.3432005e-06
0.998,1042.8478,1951.1319,1948.0265,0,0.080580758,0.78688829,0,0,0.47643226,8.27,3.6795288,0
0.999,1041.4177,1951.1319,1945.6441,0,0.080456465,0.78687326,0.124293,0.015029383,0.47568045,8.27,3.6797039,0.00087553321
1,1039.9346,1948.012,1943.1739,0,0.080347916,0.78686013,0.10854935,0.013125677,0.47510515,8.27,3.6798568,0.00076459685
1.001,1038.3978,1944.8922,1940.6141,0,0.080255438,0.78684895,0.09247784,0.011182327,0.47450864,8.27,3.6799871,0.00065136576
1.002,1036.8055,1941.7723,1937.962,0,0.080179505,0.78683977,0.075933194,0.0091817646,0.47389048,8.27,3.680094,0.00053481495
1.003,1035.1553,1938.6525,1935.2133,0,0.080120872,0.78683268,0.058633227,0.0070898702,0.47325002,8.27,3.6801766,0.0004129553
1.004,1033.4418,1935.5326,1932.3594,0,0.080080994,0.78682786,0.039877688,0.0048219695,0.47258619,8.27,3.6802328,0.00028085326
1.005,1031.6483,1932.4127,1929.3722,0,0.0800647,0.78682589,0.016294341,0.0019702952,0.47189696,8.27,3.6802558,0.00011475713
1.006,1029.8005,1929.2929,1926.2944,0,0.0800647,0.78682589,0,0,0.47117549,8.27,3.6802558,0
1.007,1028.3855,1929.2929,1923.9372,0,0.079942467,0.78681111,0.12223279,0.014780264,0.4704321,8.27,3.6804279,0.00086085077
1.008,1026.9142,1926.173,1921.4866,0,0.079836905,0.78679834,0.10556142,0.01276438,0.46986276,8.27,3.6805766,0.0007434043
1.009,1025.3849,1923.0532,1918.9395,0,0.079748533,0.78678766,0.088372164,0.010685872,0.46927083,8.27,3.6807011,0.00062232578
1.01,1023.7951,1919.9333,1916.2915,0,0.07967814,0.78677915,0.070393544,0.0085119159,0.4686556,8.27,3.6808002,0.00049570175
1.011,1022.1398,1916.8135,1913.5344,0,0.079627119,0.78677298,0.051021077,0.0061694168,0.46801596,8.27,3.6808721,0.00035927379
1.012,1020.4067,1913.6936,1910.6479,0,0.079598937,0.78676957,0.028181171,0.0034076385,0.46734995,8.27,3.6809117,0.00019843874
1.013,1018.5772,1910.5738,1907.6007,0,0.079598937,0.78676957,0,0,0.46665266,8.27,3.6809117,0
1.014,1017.1799,1910.5738,1905.2731,0,0.079477142,0.78675484,0.1217951,0.014727339,0.46591653,8.27,3.6810833,0.00085761538
1.015,1015.7234,1907.4539,1902.847,0,0.079372817,0.78674223,0.10432548,0.012614931,0.4653542,8.27,3.6812302,0.00073456955
1.016,1014.2053,1904.334,1900.3186,0,0.079286661,0.78673181,0.086155962,0.010417891,0.46476809,8.27,3.6813515,0.00060661134
1.017,1012.6218,1901.2142,1897.6812,0,0.07921979,0.78672372,0.066870616,0.008085927,0.46415722,8.27,3.6814457,0.00047081057
1.018,1010.9654,1898.0943,1894.9223,0,0.079174369,0.78671823,0.045420848,0.0054922429,0.46352002,8.27,3.6815096,0.00031978273
1.019,1009.2083,1894.9745,1891.9959,0,0.079158227,0.78671628,0.016142523,0.0019519375,0.46285343,8.27,3.6815324,0.00011364848
1.02,1007.3971,1891.8546,1888.9792,0,0.079158227,0.78671628,0,0,0.46214634,8.27,3.6815324,0
1.021,1006.0122,1891.8546,1886.6721,0,0.079038365,0.78670178,0.11986222,0.014493618,0.46141742,8.27,3.6817011,0.00084386287
1.022,1004.5647,1888.7348,1884.2612,0,0.078936834,0.78668951,0.1015307,0.012276989,0.46085994,8.27,3.6818441,0.00071477111
1.023,1003.0517,1885.6149,1881.7413,0,0.078854575,0.78667956,0.082258899,0.0099466626,0.46027739,8.27,3.6819599,0.00057907613
1.024,1001.4676,1882.4951,1879.1028,0,0.078793185,0.78667214,0.061389996,0.007423216,0.45966844,8.27,3.6820463,0.00043215219
1.025,999.79952,1879.3752,1876.3247,0,0.078756278,0.78666767,0.036907213,0.0044627827,0.45903085,8.27,3.6820983,0.00025980061
1.026,998.00367,1876.2553,1873.3336,0,0.078756278,0.78666767,0,0,0.45835946,8.27,3.6820983,0
1.027,996.63847,1876.2553,1871.0594,0,0.078635387,0.78665306,0.12089137,0.014618061,0.45763662,8.27,3.6822685,0.0008509775
1.028,995.20834,1873.1355,1868.6775,0,0.078533469,0.78664073,0.10191707,0.012323708,0.457087,8.27,3.682412,0.00071738062
1.029,993.70964,1870.0156,1866.1814,0,0.078451637,0.78663084,0.081832832,0.0098951429,0.45651132,8.27,3.6825272,0.00057598792
1.03,992.13553,1866.8958,1863.5596,0,0.078391837,0.78662361,0.0597998,0.0072309311,0.45590803,8.27,3.6826113,0.00042089323
1.031,990.46882,1863.7759,1860.7837,0,0.07835893,0.78661963,0.032906815,0.0039790587,0.45527436,8.27,3.6826577,0.00023160511
1.032,988.68823,1860.6561,1857.8181,0,0.07835893,0.78661963,0,0,0.45460341,8.27,3.6826577,0
1.033,987.33305,1860.6561,1855.5606,0,0.078239716,0.78660521,0.11921388,0.014415222,0.45388659,8.27,3.6828255,0.00083904189
1.034,985.91011,1857.5362,1853.1907,0,0.078140239,0.78659318,0.099476859,0.012028641,0.4533409,8.27,3.6829655,0.00070009841
1.035,984.4148,1854.4164,1850.7003,0,0.078061876,0.78658371,0.078362919,0.0094755646,0.45276803,8.27,3.6830758,0.00055148172
1.036,982.83802,1851.2965,1848.0741,0,0.078007214,0.7865771,0.054662335,0.006609714,0.45216601,8.27,3.6831527,0.00038467653
1.037,981.15038,1848.1766,1845.2633,0,0.077984544,0.78657436,0.022670015,0.0027412352,0.45153116,8.27,3.6831846,0.00015953289
1.038,979.38501,1845.0568,1842.3231,0,0.077984544,0.78657436,0,0,0.45085167,8.27,3.6831846,0
1.039,978.03814,1845.0568,1840.0795,0,0.077867474,0.7865602,0.11707052,0.014156048,0.45014085,8.27,3.6833494,0.00082383876
1.04,976.62043,1841.9369,1837.7183,0,0.077770961,0.78654853,0.096512669,0.011670214,0.44959842,8.27,3.6834852,0.00067914041
1.041,975.12612,1838.8171,1835.2295,0,0.077696722,0.78653955,0.074238764,0.008976876,0.44902756,8.27,3.6835897,0.00052238412
1.042,973.54271,1835.6972,1832.5924,0,0.077648281,0.7865337,0.048440699,0.0058574001,0.44842584,8.27,3.6836579,0.00034084531
1.043,971.78975,1832.5774,1829.6729,0,0.077648281,0.7865337,0,0,0.44778822,8.27,3.6836579,0
1.044,970.46886,1832.5774,1827.4726,0,0.077527553,0.7865191,0.120728,0.014598307,0.44708233,8.27,3.6838278,0.00084946771
1.045,969.07576,1829.4575,1825.1524,0,0.077427737,0.78650703,0.099816111,0.012069663,0.44655029,8.27,3.6839682,0.00070229487
1.046,967.60447,1826.3377,1822.702,0,0.077350595,0.7864977,0.077141779,0.0093279055,0.44598926,8.27,3.6840768,0.00054274013
1.047,966.04235,1823.2178,1820.1003,0,0.077299699,0.78649155,0.050896189,0.0061543155,0.44539673,8.27,3.6841484,0.00035807563
1.048,964.30168,1820.0979,1817.2013,0,0.077299699,0.78649155,0,0,0.4447676,8.27,3.6841484,0
1.049,962.99326,1820.0979,1815.0217,0,0.077179078,0.78647696,0.12062094,0.014585362,0.44406656,8.27,3.6843181,0.00084860144
1.05,961.61047,1816.9781,1812.7187,0,0.077079938,0.78646497,0.099140223,0.011987935,0.44353948,8.27,3.6844576,0.00069744656
1.051,960.14655,1813.8582,1810.2806,0,0.077004266,0.78645582,0.07567164,0.0091501378,0.44298253,8.27,3.6845641,0.00053232608
1.052,958.58645,1810.7384,1807.6823,0,0.076956299,0.78645002,0.04796732,0.0058001596,0.44239288,8.27,3.6846315,0.0003374252
1.053,956.858,1807.6185,1804.8037,0,0.076956299,0.78645002,0,0,0.44176449,8.27,3.6846315,0
1.054,955.55641,1807.6185,1802.6356,0,0.076837339,0.78643564,0.11895977,0.014384494,0.44106828,8.27,3.6847989,0.00083680487
1.055,954.17791,1804.4987,1800.3397,0,0.076740546,0.78642393,0.096793276,0.011704145,0.44054388,8.27,3.6849351,0.00068084705
1.056,952.71447,1801.3788,1797.9024,0,0.076668252,0.78641519,0.072294409,0.0087417665,0.43998858,8.27,3.6850368,0.00050850244
1.057,951.14674,1798.259,1795.2914,0,0.0766259,0.78641007,0.042352055,0.0051211675,0.43939906,8.27,3.6850964,0.0002978865
1.058,949.43045,1795.1391,1792.4331,0,0.0766259,0.78641007,0,0,0.4387675,8.27,3.6850964,0
1.059,948.13349,1795.1391,1790.2727,0,0.076509208,0.78639596,0.11669192,0.014110268,0.4380761,8.27,3.6852605,0.00082074847
1.06,946.75675,1792.0192,1787.9798,0,0.076415447,0.78638462,0.093761112,0.011337498,0.43755349,8.27,3.6853924,0.0006594361
1.061,945.29061,1788.8994,1785.538,0,0.076347404,0.7863764,0.068042265,0.0082276015,0.43699883,8.27,3.6854881,0.00047853443
1.062,943.70849,1785.7795,1782.9031,0,0.076312529,0.78637218,0.034874929,0.004217041,0.43640814,8.27,3.6855371,0.00024526551
1.063,942.00436,1782.6597,1780.065,0,0.076312529,0.78637218,0,0,0.43577071,8.27,3.6855371,0
1.064,940.71159,1782.6597,1777.9116,0,0.07619821,0.78635836,0.11431986,0.013823441,0.4350841,8.27,3.6856979,0.00080396855
1.065,939.33602,1779.5398,1775.6206,0,0.076107638,0.7863474,0.09057163,0.01095183,0.43456312,8.27,3.6858253,0.00063692839
1.066,937.86594,1776.42,1773.1723,0,0.076044171,0.78633973,0.063466573,0.0076743135,0.43400886,8.27,3.6859146,0.00044630162
1.067,936.26212,1773.3001,1770.5013,0,0.076018792,0.78633666,0.025379123,0.0030688177,0.4334165,8.27,3.6859503,0.00017846354
1.068,934.57012,1770.1803,1767.6834,0,0.076018792,0.78633666,0,0,0.43277025,8.27,3.6859503,0
1.069,933.28241,1770.1803,1765.5384,0,0.075906596,0.78632309,0.11219615,0.013566644,0.43208843,8.27,3.6861081,0.00078894482
1.07,931.90875,1767.0604,1763.2507,0,0.075818989,0.7863125,0.087606891,0.010593336,0.43156942,8.27,3.6862313,0.00061601086
1.071,930.43503,1763.9405,1760.7963,0,0.075760002,0.78630537,0.058987543,0.0071327138,0.43101585,8.27,3.6863142,0.00041475907
1.072,928.79221,1760.8207,1758.0604,0,0.075748917,0.78630403,0.011084445,0.0013403198,0.43042195,8.27,3.6863298,7.7936297e-05
1.073,927.11235,1757.7008,1755.2627,0,0.075748917,0.78630403,0,0,0.4297599,8.27,3.6863298,0
1.074,925.83272,1757.7008,1753.1312,0,0.075637997,0.78629062,0.11092069,0.013412417,0.42908288,8.27,3.6864858,0.00077989571
1.075,924.46419,1754.581,1750.852,0,0.075552453,0.78628027,0.085543501,0.010343833,0.42856705,8.27,3.6866061,0.00060144043
1.076,922.99016,1751.4611,1748.3972,0,0.075497,0.78627357,0.055453374,0.0067053657,0.42801548,8.27,3.6866841,0.00038986963
1.077,921.31969,1748.3413,1745.6153,0,0.075497,0.78627357,0,0,0.42742138,8.27,3.6866841,0
1.078,920.07289,1748.3413,1743.5384,0,0.075379672,0.78625938,0.11732748,0.01418712,0.4267481,8.27,3.686849,0.00082486332
1.079,918.73795,1745.2214,1741.3152,0,0.075287473,0.78624823,0.092199286,0.011148644,0.42624545,8.27,3.6869787,0.00064817215
1.08,917.30066,1742.1016,1738.9216,0,0.075224443,0.78624061,0.063029835,0.0076215037,0.42570737,8.27,3.6870673,0.0004430918
1.081,915.70211,1738.9817,1736.2594,0,0.075207011,0.7862385,0.017432482,0.002107918,0.42512802,8.27,3.6870918,0.0001225452
1.082,914.04356,1735.8618,1733.4972,0,0.075207011,0.7862385,0,0,0.42448365,8.27,3.6870918,0
1.083,912.78041,1735.8618,1731.3932,0,0.075097685,0.78622528,0.1093253,0.013219504,0.42381506,8.27,3.6872455,0.00076851947
1.084,911.42321,1732.742,1729.1329,0,0.075015108,0.7862153,0.082577599,0.0099851993,0.42330577,8.27,3.6873616,0.0005804681
1.085,909.95034,1729.6221,1726.6801,0,0.07496537,0.78620928,0.04973782,0.0060142466,0.42275863,8.27,3.6874315,0.0003496143
1.086,908.3011,1726.5023,1723.9335,0,0.07496537,0.78620928,0,0,0.42216486,8.27,3.6874315,0
1.087,907.06447,1726.5023,1721.8736,0,0.074851383,0.7861955,0.11398694,0.013783185,0.42149998,8.27,3.6875917,0.0008012154
1.088,905.7341,1723.3824,1719.6581,0,0.074764014,0.78618493,0.087368927,0.010564562,0.42100132,8.27,3.6877146,0.00061409043
1.089,904.29073,1720.2626,1717.2543,0,0.074708706,0.78617825,0.055308267,0.0066878195,0.42046495,8.27,3.6877923,0.00038873256
1.09,902.65072,1717.1427,1714.5232,0,0.074708706,0.78617825,0,0,0.41988301,8.27,3.6877923,0
1.091,901.42789,1717.1427,1712.4863,0,0.074593557,0.78616432,0.11514824,0.013923608,0.41922179,8.27,3.6879542,0.000809299
1.092,900.11003,1714.0228,1710.2916,0,0.074505358,0.78615366,0.08819996,0.01066505,0.41872865,8.27,3.6880781,0.00061987059
1.093,898.67724,1710.903,1707.9055,0,0.074449714,0.78614693,0.055643548,0.0067283614,0.41819727,8.27,3.6881564,0.00039105052
1.094,897.0464,1707.7831,1705.1896,0,0.074449714,0.78614693,0,0,0.41761954,8.27,3.6881564,0
1.095,895.83121,1707.7831,1703.1655,0,0.074335098,0.78613307,0.11461574,0.013859219,0.41696195,8.27,3.6883175,0.00080547694
1.096,894.51887,1704.6633,1700.98,0,0.074247987,0.78612254,0.087111737,0.010533463,0.41647183,8.27,3.6884399,0.00061216225
1.097,893.08745,1701.5434,1698.5962,0,0.074194551,0.78611608,0.053435367,0.0064613503,0.41594263,8.27,3.688515,0.00037549508
1.098,891.46573,1698.4236,1695.8955,0,0.074194551,0.78611608,0,0,0.41536539,8.27,3.688515,0
1.099,890.25495,1698.4236,1693.8787,0,0.074081351,0.78610239,0.11320015,0.013688047,0.41471141,8.27,3.6886741,0.00079545135
1.1,888.9444,1695.3037,1691.6962,0,0.073996353,0.78609211,0.084998041,0.010277877,0.41422303,8.27,3.6887935,0.00059725088
1.101,887.50889,1692.1839,1689.3056,0,0.073946624,0.7860861,0.049729046,0.0060131857,0.4136945,8.27,3.6888634,0.00034941693
1.102,885.89627,1689.064,1686.6201,0,0.073946624,0.7860861,0,0,0.41311556,8.27,3.6888634,0
1.103,884.68826,1689.064,1684.6079,0,0.073835284,0.78607263,0.11133945,0.013463053,0.41246518,8.27,3.6890199,0.0007823024
1.104,883.37747,1685.9441,1682.425,0,0.073752948,0.78606268,0.082336944,0.0099560997,0.41197786,8.27,3.6891356,0.00057849807
1.105,881.93417,1682.8243,1680.0215,0,0.073707935,0.78605723,0.045012241,0.0054428344,0.41144918,8.27,3.6891988,0.00031624537
1.106,880.33063,1679.7044,1677.3511,0,0.073707935,0.78605723,0,0,0.41086704,8.27,3.6891988,0
1.107,879.12469,1679.7044,1675.3424,0,0.07359864,0.78604402,0.10929562,0.013215916,0.41022026,8.27,3.6893524,0.00076787207
1.108,877.81269,1676.5846,1673.1575,0,0.073519225,0.78603442,0.079414973,0.0096027779,0.40973373,8.27,3.689464,0.00055791806
1.109,876.35867,1673.4647,1670.7361,0,0.073479726,0.78602964,0.03949871,0.0047761439,0.40920451,8.27,3.6895195,0.00027748391
1.11,874.7642,1670.3449,1668.0808,0,0.073479726,0.78602964,0,0,0.40861799,8.27,3.6895195,0
1.111,873.56026,1670.3449,1666.0755,0,0.073372486,0.78601667,0.10724001,0.012967353,0.40797479,8.27,3.6896701,0.00075336458
1.112,872.24677,1667.225,1663.8881,0,0.073296063,0.78600743,0.076422981,0.0092409892,0.40748903,8.27,3.6897775,0.00053685202
1.113,870.77917,1664.1052,1661.4441,0,0.073262852,0.78600342,0.033211271,0.0040158731,0.40695915,8.27,3.6898242,0.00023329395
1.114,869.19376,1660.9853,1658.8039,0,0.073262852,0.78600342,0,0,0.4063671,8.27,3.6898242,0
1.115,867.99222,1660.9853,1656.8026,0,0.07315755,0.78599068,0.10530133,0.01273293,0.40572749,8.27,3.6899721,0.00073968423
1.116,866.67749,1657.8654,1654.6132,0,0.07308404,0.78598179,0.073510809,0.0088888524,0.40524265,8.27,3.6900754,0.0005163525
1.117,865.19273,1654.7456,1652.1407,0,0.073058092,0.78597866,0.025947639,0.0031375622,0.40471222,8.27,3.6901118,0.00018225555
1.118,863.61637,1651.6257,1649.5155,0,0.073058092,0.78597866,0,0,0.40411318,8.27,3.6901118,0
1.119,862.41811,1651.6257,1647.5197,0,0.072954485,0.78596613,0.10360659,0.012528004,0.40347716,8.27,3.6902574,0.00072772289
1.12,861.10298,1648.5059,1645.3296,0,0.072883649,0.78595756,0.070836675,0.0085654988,0.40299359,8.27,3.6903569,0.00049753046
1.121,859.59467,1645.386,1642.8179,0,0.072866704,0.78595551,0.016944728,0.0020489392,0.40246295,8.27,3.6903807,0.00011901025
1.122,858.02738,1642.2662,1640.2078,0,0.072866704,0.78595551,0,0,0.40185436,8.27,3.6903807,0
1.123,856.83401,1642.2662,1638.2202,0,0.072764342,0.78594314,0.10236182,0.012377487,0.40122192,8.27,3.6905245,0.00071892733
1.124,855.52031,1639.1463,1636.0325,0,0.072695671,0.78593483,0.068670917,0.0083036175,0.40074028,8.27,3.6906209,0.00048228408
1.125,853.95955,1636.0265,1633.4334,0,0.072695671,0.78593483,0,0,0.40021016,8.27,3.6906209,0
1.126,852.81862,1636.0265,1631.5331,0,0.072580754,0.78592094,0.11491724,0.013895676,0.39958035,8.27,3.6907823,0.00080705644
1.127,851.56598,1632.9066,1629.4471,0,0.072497106,0.78591082,0.083647503,0.010114571,0.39911983,8.27,3.6908998,0.00058742538
1.128,850.16282,1629.7867,1627.1105,0,0.072455505,0.78590579,0.041600962,0.0050303461,0.39861431,8.27,3.6909583,0.00029213883
1.129,848.61082,1626.6669,1624.526,0,0.072455505,0.78590579,0,0,0.39804804,8.27,3.6909583,0
1.13,847.44099,1626.6669,1622.5775,0,0.072351048,0.78589316,0.10445745,0.012630888,0.39742169,8.27,3.691105,0.00073353093
1.131,846.1489,1623.547,1620.4258,0,0.072280746,0.78588466,0.070302467,0.0085009029,0.39694947,8.27,3.6912037,0.000493665
1.132,844.6129,1620.4272,1617.8681,0,0.072278129,0.78588434,0.0026169758,0.00031644206,0.39642798,8.27,3.6912074,1.8375953e-05
1.133,843.06992,1617.3073,1615.2985,0,0.072278129,0.78588434,0,0,0.39580806,8.27,3.6912074,0
1.134,841.89763,1617.3073,1613.346,0,0.072176908,0.7858721,0.10122021,0.012239445,0.39518525,8.27,3.6913495,0.00071075014
1.135,840.59734,1614.1875,1611.1806,0,0.072111388,0.78586418,0.065520248,0.0079226418,0.394712,8.27,3.6914415,0.0004600537
1.136,839.06077,1611.0676,1608.6219,0,0.072111388,0.78586418,0,0,0.39418715,8.27,3.6914415,0
1.137,837.93342,1611.0676,1606.7442,0,0.071999676,0.78585067,0.11171184,0.013508082,0.39356693,8.27,3.6915984,0.00078437071
1.138,836.68653,1607.9478,1604.6678,0,0.071921301,0.7858412,0.078375406,0.0094770745,0.39311178,8.27,3.6917085,0.00055027973
1.139,835.26046,1604.8279,1602.2931,0,0.071892715,0.78583774,0.028586285,0.0034566246,0.39260845,8.27,3.6917486,0.00020070052
1.14,833.73261,1601.708,1599.7488,0,0.071892715,0.78583774,0,0,0.39203279,8.27,3.6917486,0
1.141,832.57171,1601.708,1597.8153,0,0.071792692,0.78582565,0.10002241,0.012094609,0.391416,8.27,3.691889,0.00070223646
1.142,831.27714,1598.5882,1595.6595,0,0.071729862,0.78581805,0.062830281,0.0075973738,0.39094727,8.27,3.6919773,0.00044110149
1.143,829.75569,1595.4683,1593.126,0,0.071729862,0.78581805,0,0,0.39042464,8.27,3.6919773,0
1.144,828.63565,1595.4683,1591.2605,0,0.07162047,0.78580482,0.10939182,0.013227547,0.38981042,8.27,3.6921309,0.00076796952
1.145,827.3904,1592.3485,1589.1869,0,0.071545906,0.7857958,0.074563626,0.009016158,0.38935814,8.27,3.6922355,0.00052344144
1.146,825.92859,1589.2286,1586.7526,0,0.071531294,0.78579404,0.014611994,0.0017668675,0.38885539,8.27,3.6922561,0.00010257423
1.147,824.41586,1586.1088,1584.2335,0,0.071531294,0.78579404,0,0,0.38826521,8.27,3.6922561,0
1.148,823.26296,1586.1088,1582.3133,0,0.07143338,0.7857822,0.097914025,0.011839664,0.38765442,8.27,3.6923935,0.00068733943
1.149,821.96904,1582.9889,1580.1587,0,0.071374604,0.78577509,0.0587769,0.007107243,0.38718883,8.27,3.692476,0.00041258825
1.15,820.46265,1579.8691,1577.6503,0,0.071374604,0.78577509,0,0,0.38666639,8.27,3.692476,0
1.151,819.34786,1579.8691,1575.7935,0,0.071268071,0.78576221,0.10653239,0.012881788,0.38605814,8.27,3.6926256,0.00074779427
1.152,818.10115,1576.7492,1573.7175,0,0.071198146,0.78575375,0.069925113,0.0084552736,0.38560791,8.27,3.6927238,0.00049081301
1.153,816.60104,1573.6293,1571.2195,0,0.071198146,0.78575375,0,0,0.38510449,8.27,3.6927238,0
1.154,815.50929,1573.6293,1569.4011,0,0.071087096,0.78574033,0.11105033,0.013428093,0.38449874,8.27,3.6928797,0.00077945524
1.155,814.2887,1570.5095,1567.3686,0,0.071011775,0.78573122,0.075321209,0.0091077641,0.38405778,8.27,3.6929854,0.0005286525
1.156,812.83274,1567.3896,1564.9442,0,0.071001402,0.78572996,0.010372869,0.0012542768,0.38356488,8.27,3.693,7.2801357e-05
1.157,811.34123,1564.2698,1562.4604,0,0.071001402,0.78572996,0,0,0.38297692,8.27,3.693,0
1.158,810.20428,1564.2698,1560.5668,0,0.070905142,0.78571832,0.096259819,0.01163964,0.38237455,8.27,3.6931351,0.00067559108
1.159,808.91692,1561.1499,1558.4231,0,0.07085049,0.78571171,0.054651654,0.0066084225,0.3819153,8.27,3.6932118,0.00038355379
1.16,807.43168,1558.0301,1555.9499,0,0.07085049,0.78571171,0,0,0.38139538,8.27,3.6932118,0
1.161,806.32683,1558.0301,1554.1098,0,0.070747253,0.78569923,0.10323723,0.012483341,0.38079554,8.27,3.6933567,0.00072451987
1.162,805.08027,1554.9102,1552.034,0,0.070683205,0.78569149,0.064048311,0.0077446567,0.38034921,8.27,3.6934466,0.00044947402
1.163,803.60124,1551.7904,1549.5712,0,0.070683205,0.78569149,0,0,0.37984574,8.27,3.6934466,0
1.164,802.51538,1551.7904,1547.7627,0,0.070576547,0.78567859,0.10665716,0.012896876,0.37924836,8.27,3.6935963,0.00074847338
1.165,801.29047,1548.6705,1545.723,0,0.070508321,0.78567034,0.068226705,0.0082499038,0.37880968,8.27,3.693692,0.00047876582
1.166,799.81759,1545.5506,1543.2704,0,0.070508321,0.78567034,0,0,0.37831491,8.27,3.693692,0
1.167,798.74356,1545.5506,1541.4816,0,0.070400179,0.78565726,0.10814153,0.013076364,0.37771999,8.27,3.6938438,0.0007588396
1.168,797.53064,1542.4308,1539.4618,0,0.070330398,0.78564883,0.069780878,0.0084378328,0.37728605,8.27,3.6939417,0.00048963907
1.169,796.06387,1539.3109,1537.0195,0,0.070330398,0.78564883,0,0,0.3767961,8.27,3.6939417,0
1.17,794.99727,1539.3109,1535.243,0,0.070221965,0.78563571,0.10843345,0.013111663,0.3762036,8.27,3.6940939,0.00076083662
1.171,793.79051,1536.1911,1533.2336,0,0.07015221,0.78562728,0.069755113,0.0084347175,0.37577264,8.27,3.6941918,0.00048942515
1.172,792.32983,1533.0712,1530.8013,0,0.07015221,0.78562728,0,0,0.37528513,8.27,3.6941918,0
1.173,791.26777,1533.0712,1529.0325,0,0.070044261,0.78561423,0.10794833,0.013053003,0.37469505,8.27,3.6943433,0.00075738144
1.174,790.06333,1529.9514,1527.0269,0,0.06997557,0.78560592,0.068691459,0.0083061014,0.3742659,8.27,3.6944396,0.00048192966
1.175,788.60871,1526.8315,1524.6047,0,0.06997557,0.78560592,0,0,0.3737793,8.27,3.6944396,0
1.176,787.54927,1526.8315,1522.8402,0,0.069868626,0.78559299,0.10694435,0.012931602,0.37319163,8.27,3.6945897,0.00075028701
1.177,786.34449,1523.7117,1520.8341,0,0.069801716,0.7855849,0.066909783,0.008090663,0.37276351,8.27,3.6946836,0.00046939836
1.178,784.89591,1520.5918,1518.422,0,0.069801716,0.7855849,0,0,0.37227674,8.27,3.6946836,0
1.179,783.83778,1520.5918,1516.6597,0,0.069696123,0.78557213,0.10559284,0.012768179,0.37169147,8.27,3.6948317,0.00074075636
1.18,782.63075,1517.4719,1514.6498,0,0.06963151,0.78556432,0.064613368,0.0078129828,0.37126385,8.27,3.6949224,0.00045325842
1.181,781.1882,1514.3521,1512.2478,0,0.06963151,0.78556432,0,0,0.37077614,8.27,3.6949224,0
1.182,780.13053,1514.3521,1510.4863,0,0.069527497,0.78555174,0.10401259,0.012577097,0.37019327,8.27,3.6950683,0.0007296234
1.183,778.91982,1511.2322,1508.4703,0,0.06946556,0.78554425,0.061937075,0.0074893681,0.3697658,8.27,3.6951552,0.00043445658
1.184,777.4833,1508.1124,1506.0783,0,0.06946556,0.78554425,0,0,0.36927658,8.27,3.6951552,0
1.185,776.42553,1508.1124,1504.3166,0,0.069363271,0.78553188,0.10228852,0.012368624,0.3686961,8.27,3.6952987,0.00071748428
1.186,775.21007,1504.9925,1502.2927,0,0.069304299,0.78552475,0.058972223,0.0071308613,0.36826857,8.27,3.6953814,0.00041363389
1.187,773.77956,1501.8727,1499.9107,0,0.069304299,0.78552475,0,0,0.36777739,8.27,3.6953814,0
1.188,772.7214,1501.8727,1498.1484,0,0.069203816,0.7855126,0.10048286,0.012150285,0.36719938,8.27,3.6955224,0.00070477563
1.189,771.50046,1498.7528,1496.1151,0,0.069148036,0.78550586,0.055780643,0.0067449387,0.36677327,8.27,3.6956006,0.00039122432
1.19,770.07611,1495.633,1493.7431,0,0.069148036,0.78550586,0,0,0.36628164,8.27,3.6956006,0
1.191,769.01756,1495.633,1491.9798,0,0.069049393,0.78549393,0.098643111,0.011927825,0.36570808,8.27,3.695739,0.0006918308
1.192,767.79029,1492.5131,1489.936,0,0.068996986,0.78548759,0.052406169,0.0063369007,0.3652817,8.27,3.6958125,0.00036753549
1.193,766.37192,1489.3932,1487.574,0,0.068996986,0.78548759,0,0,0.36478748,8.27,3.6958125,0
1.194,765.3128,1489.3932,1485.8098,0,0.06890018,0.78547589,0.096806488,0.011705742,0.36421628,8.27,3.6959483,0.00067891077
1.195,764.0786,1486.2734,1483.7545,0,0.068851306,0.78546998,0.048874469,0.0059098511,0.36378963,8.27,3.6960168,0.00034274753
1.196,762.66621,1483.1535,1481.4024,0,0.068851306,0.78546998,0,0,0.36329257,8.27,3.6960168,0
1.197,761.60663,1483.1535,1479.6374,0,0.068756305,0.78545849,0.095000563,0.011487372,0.36272372,8.27,3.6961501,0.00066620886
1.198,760.36493,1480.0337,1477.5697,0,0.068711108,0.78545302,0.045196538,0.0054651195,0.36229684,8.27,3.6962135,0.00031693758
1.199,758.95851,1476.9138,1475.2275,0,0.068711108,0.78545302,0,0,0.36179671,8.27,3.6962135,0
1.2,757.89865,1476.9138,1473.4621,0,0.06861786,0.78544175,0.093248494,0.011275513,0.36123021,8.27,3.6963442,0.00065388736
1.201,756.64891,1473.794,1471.3809,0,0.068576487,0.78543674,0.041372579,0.0050027302,0.36080318,8.27,3.6964022,0.00029010709
1.202,755.24846,1470.6741,1469.0487,0,0.068576487,0.78543674,0,0,0.36029977,8.27,3.6964022,0
1.203,754.18858,1470.6741,1467.2833,0,0.068484916,0.78542567,0.091571098,0.011072684,0.35973561,8.27,3.6965307,0.00064209215
1.204,752.93018,1467.5543,1465.1877,0,0.068447524,0.78542115,0.037392244,0.0045214322,0.35930854,8.27,3.6965831,0.00026218351
1.205,751.53571,1464.4344,1462.8655,0,0.068447524,0.78542115,0,0,0.35880159,8.27,3.6965831,0
1.206,750.47616,1464.4344,1461.1006,0,0.068357535,0.78541027,0.089988754,0.010881349,0.35823979,8.27,3.6967093,0.00063096596
1.207,749.20843,1461.3145,1458.9895,0,0.068324302,0.78540625,0.03323331,0.0040185381,0.35781281,8.27,3.6967559,0.00023301102
1.208,747.81992,1458.1947,1456.6772,0,0.068324302,0.78540625,0,0,0.35730205,8.27,3.6967559,0
1.209,746.76112,1458.1947,1454.9136,0,0.068235779,0.78539555,0.088523369,0.010704156,0.35674259,8.27,3.69688,0.00062066224
1.21,745.48323,1455.0748,1452.7856,0,0.068206921,0.78539206,0.028857832,0.0034894597,0.35631588,8.27,3.6969205,0.00020232358
1.211,744.10069,1451.955,1450.4832,0,0.068206921,0.78539206,0,0,0.35580098,8.27,3.6969205,0
1.212,743.04316,1451.955,1448.7218,0,0.06811972,0.78538151,0.087200839,0.010544237,0.35524387,8.27,3.6970428,0.00061136238
1.213,741.75406,1448.8351,1446.5751,0,0.068095517,0.78537859,0.024203108,0.0029266152,0.35481763,8.27,3.6970767,0.00016968163
1.214,740.37748,1445.7153,1444.2827,0,0.068095517,0.78537859,0,0,0.35429816,8.27,3.6970767,0
1.215,739.32188,1445.7153,1442.5244,0,0.068009462,0.78536818,0.086054836,0.010405663,0.3537434,8.27,3.6971974,0.0006033023
1.216,738.02009,1442.5954,1440.3567,0,0.067990303,0.78536586,0.019158998,0.0023166865,0.35331789,8.27,3.6972242,0.00013431308
1.217,736.64949,1439.4756,1438.0742,0,0.067990303,0.78536586,0,0,0.35279327,8.27,3.6972242,0
1.218,735.59664,1439.4756,1436.3205,0,0.067905169,0.78535557,0.085134207,0.010294342,0.35224085,8.27,3.6973436,0.00059682426
1.219,734.27984,1436.3557,1434.1278,0,0.067891674,0.78535394,0.013495143,0.001631819,0.35181641,8.27,3.6973625,9.4603206e-05
1.22,732.9152,1433.2358,1431.8552,0,0.067891674,0.78535394,0,0,0.3512857,8.27,3.6973625,0
1.221,731.86626,1433.2358,1430.108,0,0.067807151,0.78534372,0.084522652,0.010220393,0.35073563,8.27,3.697481,0.00059251486
1.222,730.52915,1430.116,1427.8815,0,0.067800738,0.78534294,0.0064131317,0.00077546937,0.35031272,8.27,3.69749,4.4955452e-05
1.223,729.1705,1426.9961,1425.6189,0,0.067800738,0.78534294,0,0,0.34977377,8.27,3.69749,0
1.224,728.12742,1426.9961,1423.8815,0,0.067716299,0.78533273,0.084438777,0.010210251,0.34922606,8.27,3.6976084,0.00059190647
1.225,726.77246,1423.8763,1421.6253,0,0.067716299,0.78533273,0,0,0.34880548,8.27,3.6976084,0
1.226,725.82066,1423.8763,1420.0399,0,0.067608335,0.78531968,0.10796375,0.013054867,0.34825928,8.27,3.6977597,0.00075678968
1.227,724.69567,1420.7564,1418.1665,0,0.067547414,0.78531231,0.060921048,0.0073665113,0.34787546,8.27,3.6978452,0.00042701865
1.228,723.34631,1417.6366,1415.9196,0,0.067547414,0.78531231,0,0,0.34742192,8.27,3.6978452,0
1.229,722.3496,1417.6366,1414.2594,0,0.067453098,0.78530091,0.094316462,0.011404651,0.34687791,8.27,3.6979774,0.00066108446
1.23,721.13967,1414.5167,1412.2447,0,0.067416582,0.78529649,0.036515558,0.0044154242,0.34647596,8.27,3.6980286,0.00025593628
1.231,719.79607,1411.3969,1410.0072,0,0.067416582,0.78529649,0,0,0.34598814,8.27,3.6980286,0
1.232,718.77017,1411.3969,1408.2985,0,0.06733171,0.78528623,0.084871994,0.010262635,0.34544638,8.27,3.6981475,0.00059485663
1.233,717.43027,1408.277,1406.0674,0,0.06733171,0.78528623,0,0,0.34503263,8.27,3.6981475,0
1.234,716.49068,1408.277,1404.5023,0,0.067224675,0.78527329,0.10703557,0.012942632,0.34449237,8.27,3.6982976,0.00075017408
1.235,715.37122,1405.1571,1402.6382,0,0.067166398,0.78526624,0.058276286,0.0070467093,0.34411338,8.27,3.6983792,0.00040842111
1.236,714.03686,1402.0373,1400.4162,0,0.067166398,0.78526624,0,0,0.34366197,8.27,3.6983792,0
1.237,713.04595,1402.0373,1398.7657,0,0.067074697,0.78525515,0.091701749,0.011088482,0.34312388,8.27,3.6985078,0.00064266454
1.238,711.81971,1398.9174,1396.7239,0,0.067046642,0.78525176,0.028054335,0.0033923017,0.34272417,8.27,3.6985471,0.00019660366
1.239,710.4911,1395.7976,1394.5114,0,0.067046642,0.78525176,0,0,0.34222966,8.27,3.6985471,0
1.24,709.46887,1395.7976,1392.8088,0,0.066964939,0.78524188,0.081703501,0.0098795043,0.34169381,8.27,3.6986616,0.00057256879
1.241,708.14391,1392.6777,1390.6026,0,0.066964939,0.78524188,0,0,0.34128144,8.27,3.6986616,0
1.242,707.2078,1392.6777,1389.0433,0,0.066861146,0.78522933,0.10379288,0.01255053,0.34074708,8.27,3.6988071,0.00072734613
1.243,706.07907,1389.5579,1387.1638,0,0.066809456,0.78522308,0.051689986,0.0062503006,0.3403694,8.27,3.6988795,0.00036221205
1.244,704.75963,1386.438,1384.9667,0,0.066809456,0.78522308,0,0,0.33991414,8.27,3.6988795,0
1.245,703.76821,1386.438,1383.3154,0,0.066722037,0.78521251,0.087418763,0.010570588,0.33938194,8.27,3.699002,0.00061256564
1.246,702.46653,1383.3182,1381.148,0,0.066718251,0.78521205,0.0037865609,0.0004578671,0.33898193,8.27,3.6990073,2.6532523e-05
1.247,701.15294,1380.1983,1378.9605,0,0.066718251,0.78521205,0,0,0.33845688,8.27,3.6990073,0
1.248,700.14057,1380.1983,1377.2743,0,0.066638047,0.78520235,0.080203703,0.0096981503,0.33792694,8.27,3.6991197,0.00056198845
1.249,698.83055,1377.0784,1375.093,0,0.066638047,0.78520235,0,0,0.33751845,8.27,3.6991197,0
1.25,697.90177,1377.0784,1373.546,0,0.066536458,0.78519007,0.1015891,0.012284051,0.33698999,8.27,3.6992621,0.00071181458
1.251,696.76821,1373.9586,1371.6584,0,0.066490141,0.78518447,0.046316926,0.0056005956,0.33661518,8.27,3.699327,0.00032452098
1.252,695.46369,1370.8387,1369.4862,0,0.066490141,0.78518447,0,0,0.33615786,8.27,3.699327,0
1.253,694.47442,1370.8387,1367.8385,0,0.066406271,0.78517432,0.083869683,0.010141437,0.33563154,8.27,3.6994445,0.00058762524
1.254,693.17351,1367.7189,1365.6724,0,0.066406271,0.78517432,0,0,0.33523231,8.27,3.6994445,0
1.255,692.26011,1367.7189,1364.151,0,0.066303093,0.78516185,0.10317861,0.012476253,0.33470745,8.27,3.6995891,0.00072288851
1.256,691.14312,1364.599,1362.2911,0,0.06625481,0.78515601,0.048282604,0.0058382835,0.33433879,8.27,3.6996568,0.00033826367
1.257,689.84764,1361.4792,1360.1339,0,0.06625481,0.78515601,0,0,0.33388809,8.27,3.6996568,0
1.258,688.86698,1361.4792,1358.5005,0,0.066171134,0.78514589,0.083676329,0.010118057,0.33336535,8.27,3.699774,0.00058621827
1.259,687.57508,1358.3593,1356.3494,0,0.066171134,0.78514589,0,0,0.33296953,8.27,3.699774,0
1.26,686.66773,1358.3593,1354.8381,0,0.066068843,0.78513352,0.10229037,0.012368848,0.33244822,8.27,3.6999173,0.0007166015
1.261,685.55029,1355.2395,1352.9775,0,0.066023129,0.785128,0.045714144,0.0055277079,0.33208196,8.27,3.6999814,0.00032024086
1.262,684.2638,1352.1196,1350.8353,0,0.066023129,0.785128,0,0,0.33163102,8.27,3.6999814,0
1.263,683.28536,1352.1196,1349.2057,0,0.06594134,0.78511811,0.081789612,0.0098899168,0.33111182,8.27,3.700096,0.00057295006
1.264,682.00242,1348.9997,1347.0695,0,0.06594134,0.78511811,0,0,0.33071684,8.27,3.700096,0
1.265,681.09688,1348.9997,1345.5612,0,0.065841057,0.78510598,0.10028234,0.012126039,0.33019908,8.27,3.7002365,0.000702473
1.266,679.96999,1345.8799,1343.6848,0,0.065800305,0.78510105,0.040751958,0.0049276853,0.32983349,8.27,3.7002936,0.00028545468
1.267,678.69246,1342.76,1341.5576,0,0.065800305,0.78510105,0,0,0.32937867,8.27,3.7002936,0
1.268,677.71345,1342.76,1339.927,0,0.065721134,0.78509148,0.079171192,0.0095733001,0.32886301,8.27,3.7004045,0.0005545608
1.269,676.43946,1339.6402,1337.8057,0,0.065721134,0.78509148,0,0,0.32846775,8.27,3.7004045,0
1.27,675.5339,1339.6402,1336.2975,0,0.065623335,0.78507965,0.097799244,0.011825785,0.32795352,8.27,3.7005415,0.00068502191
1.271,674.39114,1336.5203,1334.3947,0,0.065589243,0.78507553,0.034092229,0.0041223977,0.32758788,8.27,3.7005892,0.00023878568
1.272,673.12257,1333.4005,1332.2823,0,0.065589243,0.78507553,0,0,0.32712658,8.27,3.7005892,0
1.273,672.14229,1333.4005,1330.6497,0,0.065512868,0.7850663,0.076374732,0.0092351551,0.32661446,8.27,3.7006962,0.00053493004
1.274,670.87723,1330.2806,1328.5433,0,0.065512868,0.7850663,0,0,0.32621864,8.27,3.7006962,0
1.275,669.97124,1330.2806,1327.0343,0,0.065417655,0.78505478,0.095212431,0.01151299,0.32570794,8.27,3.7008296,0.00066685034
1.276,668.80601,1327.1608,1325.0941,0,0.065391965,0.78505168,0.025690686,0.0031064916,0.32534207,8.27,3.7008656,0.00017992635
1.277,667.54639,1324.0409,1322.9966,0,0.065391965,0.78505168,0,0,0.32487164,8.27,3.7008656,0
1.278,666.56579,1324.0409,1321.3635,0,0.065318129,0.78504275,0.07383592,0.0089281644,0.32436305,8.27,3.700969,0.00051710953
1.279,665.30966,1320.921,1319.272,0,0.065318129,0.78504275,0,0,0.32396704,8.27,3.700969,0
1.28,664.40386,1320.921,1317.7633,0,0.065225331,0.78503153,0.092798214,0.011221066,0.32345987,8.27,3.701099,0.00064989371
1.281,663.20396,1317.8012,1315.7655,0,0.065211271,0.78502983,0.014059773,0.0017000935,0.32309403,8.27,3.7011187,9.8461349e-05
1.282,661.95331,1314.6813,1313.6829,0,0.065211271,0.78502983,0,0,0.32260954,8.27,3.7011187,0
1.283,660.97587,1314.6813,1312.055,0,0.065139046,0.78502109,0.072225233,0.0087334018,0.32210449,8.27,3.7012198,0.00050579451
1.284,659.72867,1311.5615,1309.9784,0,0.065139046,0.78502109,0,0,0.3217097,8.27,3.7012198,0
1.285,658.82522,1311.5615,1308.4737,0,0.065048088,0.78501009,0.090957876,0.010998534,0.32120605,8.27,3.7013472,0.00063696211
1.286,657.58143,1308.4416,1306.4028,0,0.065048088,0.78501009,0,0,0.32084111,8.27,3.7013472,0
1.287,656.72766,1308.4416,1304.9808,0,0.064944851,0.78499761,0.10323694,0.012483306,0.32033884,8.27,3.7014918,0.00072292537
1.288,655.64597,1305.3218,1303.1797,0,0.064902626,0.78499251,0.042224924,0.005105795,0.31999393,8.27,3.7015509,0.00029567204
1.289,654.40739,1302.2019,1301.1174,0,0.064902626,0.78499251,0,0,0.31955707,8.27,3.7015509,0
1.29,653.45402,1302.2019,1299.5296,0,0.064827311,0.7849834,0.075314967,0.0091070093,0.31905682,8.27,3.7016564,0.00052737037
1.291,652.21888,1299.0821,1297.4731,0,0.064827311,0.7849834,0,0,0.31867167,8.27,3.7016564,0
1.292,651.33088,1299.0821,1295.9941,0,0.064735564,0.7849723,0.091747104,0.011093967,0.31817281,8.27,3.7017849,0.00064241315
1.293,650.09913,1295.9622,1293.9433,0,0.064735564,0.7849723,0,0,0.31781403,8.27,3.7017849,0
1.294,649.25616,1295.9622,1292.5392,0,0.064632778,0.78495988,0.10278594,0.012428772,0.31731652,8.27,3.7019288,0.0007196821
1.295,648.17766,1292.8423,1290.7435,0,0.064592947,0.78495506,0.039831315,0.0048163622,0.31697591,8.27,3.7019846,0.00027887832
1.296,646.95107,1289.7225,1288.7011,0,0.064592947,0.78495506,0,0,0.31654026,8.27,3.7019846,0
1.297,646.00178,1289.7225,1287.1202,0,0.06451982,0.78494622,0.073126317,0.00884236,0.31604476,8.27,3.702087,0.00051198503
1.298,644.7786,1286.6026,1285.0836,0,0.06451982,0.78494622,0,0,0.31566118,8.27,3.702087,0
1.299,643.89336,1286.6026,1283.6092,0,0.064430628,0.78493543,0.089192612,0.01078508,0.31516705,8.27,3.7022119,0.00062445397
1.3,642.67354,1283.4828,1281.5783,0,0.064430628,0.78493543,0,0,0.31480933,8.27,3.7022119,0
1.301,641.83204,1283.4828,1280.1767,0,0.064330745,0.78492335,0.099882702,0.012077715,0.31431654,8.27,3.7023517,0.00069927367
1.302,640.73325,1280.3629,1278.3472,0,0.064299509,0.78491958,0.031236215,0.0037770514,0.31397645,8.27,3.7023955,0.00021867488
1.303,639.5186,1277.2431,1276.3247,0,0.064299509,0.78491958,0,0,0.31353253,8.27,3.7023955,0
1.304,638.56744,1277.2431,1274.7407,0,0.064230132,0.78491119,0.069376266,0.0083889077,0.31304175,8.27,3.7024926,0.0004856756
1.305,637.35618,1274.1232,1272.7239,0,0.064230132,0.78491119,0,0,0.31265735,8.27,3.7024926,0
1.306,636.4699,1274.1232,1271.2479,0,0.064144484,0.78490083,0.085648546,0.010356535,0.31216793,8.27,3.7026125,0.00059957561
1.307,635.26197,1271.0034,1269.2367,0,0.064144484,0.78490083,0,0,0.31180972,8.27,3.7026125,0
1.308,634.41912,1271.0034,1267.8329,0,0.064048234,0.78488919,0.096249356,0.011638374,0.31132164,8.27,3.7027473,0.00067376389
1.309,633.27593,1267.8835,1265.9296,0,0.064031951,0.78488722,0.01628316,0.0019689432,0.31098095,8.27,3.7027701,0.00011398108
1.31,632.07324,1264.7636,1263.927,0,0.064031951,0.78488722,0,0,0.310519,8.27,3.7027701,0
1.311,631.12253,1264.7636,1262.3437,0,0.063965696,0.78487921,0.066254884,0.0080114732,0.31003294,8.27,3.7028628,0.00046377712
1.312,629.92318,1261.6438,1260.3468,0,0.063965696,0.78487921,0,0,0.30964865,8.27,3.7028628,0
1.313,629.03732,1261.6438,1258.8714,0,0.063883194,0.78486924,0.082502145,0.0099760756,0.30916396,8.27,3.7029783,0.00057749174
1.314,627.84128,1258.5239,1256.8801,0,0.063883194,0.78486924,0,0,0.30880584,8.27,3.7029783,0
1.315,626.99807,1258.5239,1255.4758,0,0.063790302,0.784858,0.092892647,0.011232485,0.30832247,8.27,3.7031084,0.00065020205
1.316,625.8053,1255.4041,1253.4899,0,0.063790302,0.784858,0,0,0.30798158,8.27,3.7031084,0
1.317,624.99327,1255.4041,1252.1375,0,0.063690048,0.78484588,0.10025412,0.012122626,0.3074995,8.27,3.7032487,0.00070170402
1.318,623.90864,1252.2842,1250.3316,0,0.063662285,0.78484252,0.027762468,0.0033570094,0.30717119,8.27,3.7032876,0.00019430919
1.319,622.72094,1249.1644,1248.354,0,0.063662285,0.78484252,0,0,0.30673279,8.27,3.7032876,0
1.32,621.7818,1249.1644,1246.79,0,0.063597037,0.78483463,0.065247602,0.0078896737,0.30625268,8.27,3.7033789,0.00045666243
1.321,620.59741,1246.0445,1244.818,0,0.063597037,0.78483463,0,0,0.30587298,8.27,3.7033789,0
1.322,619.71857,1246.0445,1243.3544,0,0.063516757,0.78482493,0.08028043,0.0097074281,0.30539421,8.27,3.7034913,0.00056186206
1.323,618.53746,1242.9246,1241.388,0,0.063516757,0.78482493,0,0,0.30503886,8.27,3.7034913,0
1.324,617.69829,1242.9246,1239.9904,0,0.063426883,0.78481406,0.089873975,0.01086747,0.3045614,8.27,3.7036171,0.00062898573
1.325,616.52041,1239.8048,1238.0293,0,0.063426883,0.78481406,0,0,0.30422206,8.27,3.7036171,0
1.326,615.71009,1239.8048,1236.6798,0,0.063330265,0.78480238,0.096617644,0.011682907,0.30374589,8.27,3.7037523,0.00067615853
1.327,614.55517,1236.6849,1234.7569,0,0.063325044,0.78480175,0.0052209322,0.00063130982,0.30341819,8.27,3.7037596,3.6536277e-05
1.328,613.38245,1233.5651,1232.8042,0,0.063325044,0.78480175,0,0,0.30295127,8.27,3.7037596,0
1.329,612.45112,1233.5651,1231.2533,0,0.063261779,0.7847941,0.063265527,0.0076500032,0.30247709,8.27,3.7038482,0.00044273362
1.33,611.28165,1230.4452,1229.3062,0,0.063261779,0.7847941,0,0,0.30210046,8.27,3.7038482,0
1.331,610.40735,1230.4452,1227.8501,0,0.06318436,0.78478473,0.077418954,0.0093614213,0.3016276,8.27,3.7039565,0.00054176668
1.332,609.24112,1227.3254,1225.9084,0,0.06318436,0.78478473,0,0,0.301274,8.27,3.7039565,0
1.333,608.40403,1227.3254,1224.5143,0,0.063098002,0.78477429,0.086358194,0.010442345,0.30080244,8.27,3.7040774,0.00060430451
1.334,607.241,1224.2055,1222.578,0,0.063098002,0.78477429,0,0,0.30046386,8.27,3.7040774,0
1.335,606.43074,1224.2055,1221.2286,0,0.063005437,0.7847631,0.092564848,0.011192847,0.29999358,8.27,3.7042069,0.00064771538
1.336,605.27087,1221.0857,1219.2976,0,0.063005437,0.7847631,0,0,0.29966582,8.27,3.7042069,0
1.337,604.48083,1221.0857,1217.9818,0,0.062908399,0.78475137,0.097038108,0.011733749,0.2991968,8.27,3.7043427,0.00067899292
1.338,603.32409,1217.9658,1216.056,0,0.062908399,0.78475137,0,0,0.2988772,8.27,3.7043427,0
1.339,602.54966,1217.9658,1214.7662,0,0.062808099,0.78473924,0.10030006,0.012128181,0.29840943,8.27,3.7044831,0.00070179164
1.34,601.47381,1214.8459,1212.975,0,0.062787597,0.78473676,0.020501442,0.0024790136,0.29809613,8.27,3.7045118,0.00014344155
1.341,600.32202,1211.7261,1211.0572,0,0.062787597,0.78473676,0,0,0.29766103,8.27,3.7045118,0
1.342,599.39738,1211.7261,1209.5175,0,0.062728225,0.78472958,0.059372377,0.0071792476,0.29719516,8.27,3.7045948,0.00041540491
1.343,598.24882,1208.6062,1207.6052,0,0.062728225,0.78472958,0,0,0.29682111,8.27,3.7045948,0
1.344,597.37792,1208.6062,1206.1548,0,0.06265558,0.78472079,0.072645329,0.0087841994,0.29635655,8.27,3.7046965,0.00050825908
1.345,596.23257,1205.4864,1204.2479,0,0.06265558,0.78472079,0,0,0.2960042,8.27,3.7046965,0
1.346,595.39597,1205.4864,1202.8547,0,0.062574768,0.78471102,0.080811586,0.0097716549,0.29554092,8.27,3.7048096,0.00056537833
1.347,594.25378,1202.3665,1200.9531,0,0.062574768,0.78471102,0,0,0.29520243,8.27,3.7048096,0
1.348,593.44145,1202.3665,1199.6003,0,0.062488424,0.78470058,0.086343876,0.010440614,0.29474042,8.27,3.7049304,0.00060406519
1.349,592.30238,1199.2467,1197.7039,0,0.062488424,0.78470058,0,0,0.29441172,8.27,3.7049304,0
1.35,591.50801,1199.2467,1196.3809,0,0.062398203,0.78468967,0.090220889,0.010909418,0.29395095,8.27,3.7050566,0.00063116835
1.351,590.37204,1196.1268,1194.4897,0,0.062398203,0.78468967,0,0,0.2936295,8.27,3.7050566,0
1.352,589.59124,1196.1268,1193.1894,0,0.062305253,0.78467843,0.092949861,0.011239403,0.29316996,8.27,3.7051867,0.00065023757
1.353,588.45835,1193.007,1191.3033,0,0.062305253,0.78467843,0,0,0.29285398,8.27,3.7051867,0
1.354,587.68789,1193.007,1190.0201,0,0.06221042,0.78466697,0.094833795,0.011467206,0.29239567,8.27,3.7053193,0.00066339348
1.355,586.55806,1189.8871,1188.1392,0,0.06221042,0.78466697,0,0,0.29208386,8.27,3.7053193,0
1.356,585.79546,1189.8871,1186.8691,0,0.062114349,0.78465535,0.096070639,0.011616764,0.29162676,8.27,3.7054537,0.00067202155
1.357,584.66867,1186.7672,1184.9932,0,0.062114349,0.78465535,0,0,0.29131811,8.27,3.7054537,0
1.358,583.91199,1186.7672,1183.733,0,0.062017551,0.78464364,0.096797974,0.011704713,0.29086222,8.27,3.7055892,0.00067708475
1.359,582.78823,1183.6474,1181.8622,0,0.062017551,0.78464364,0,0,0.29055596,8.27,3.7055892,0
1.36,582.03589,1183.6474,1180.6092,0,0.061920435,0.7846319,0.097115863,0.011743152,0.29010127,8.27,3.705725,0.00067928351
1.361,580.91515,1180.5275,1178.7434,0,0.061920435,0.7846319,0,0,0.28979675,8.27,3.705725,0
1.362,580.16587,1180.5275,1177.4956,0,0.061823336,0.78462016,0.097099649,0.011741191,0.28934326,8.27,3.7058609,0.0006791452
1.363,579.04814,1177.4077,1175.6347,0,0.061823336,0.78462016,0,0,0.28903996,8.27,3.7058609,0
1.364,578.30087,1177.4077,1174.3902,0,0.061726528,0.78460845,0.09680762,0.011705879,0.28858767,8.27,3.7059963,0.00067707784
1.365,577.18614,1174.2878,1172.5344,0,0.061726528,0.78460845,0,0,0.28828517,8.27,3.7059963,0
1.366,576.43998,1174.2878,1171.2918,0,0.061630242,0.78459681,0.096285858,0.011642788,0.28783407,8.27,3.7061309,0.000673404
1.367,575.32825,1171.168,1169.441,0,0.061630242,0.78459681,0,0,0.28753201,8.27,3.7061309,0
1.368,574.58247,1171.168,1168.1989,0,0.061534671,0.78458526,0.095571441,0.011556402,0.2870821,8.27,3.7062646,0.00066838322
1.369,573.47373,1168.0481,1166.3531,0,0.061534671,0.78458526,0,0,0.28678017,8.27,3.7062646,0
1.37,572.7277,1168.0481,1165.1107,0,0.061439976,0.78457381,0.094694637,0.011450379,0.28633145,8.27,3.7063971,0.00066222737
1.371,571.62194,1164.9283,1163.2698,0,0.061439976,0.78457381,0,0,0.28602941,8.27,3.7063971,0
1.372,570.87513,1164.9283,1162.0261,0,0.061346296,0.78456248,0.093680443,0.011327744,0.28558188,8.27,3.7065281,0.0006551114
1.373,569.77235,1161.8084,1160.1902,0,0.061346296,0.78456248,0,0,0.28527951,8.27,3.7065281,0
1.374,569.02431,1161.8084,1158.9444,0,0.061253746,0.78455129,0.092549708,0.011191017,0.28483315,8.27,3.7066575,0.00064718124
1.375,567.92451,1158.6885,1157.1135,0,0.061253746,0.78455129,0,0,0.28453027,8.27,3.7066575,0
1.376,567.17485,1158.6885,1155.865,0,0.061162426,0.78454024,0.091319958,0.011042317,0.2840851,8.27,3.7067852,0.00063855955
1.377,566.07802,1155.5687,1154.0391,0,0.061162426,0.78454024,0,0,0.28378155,8.27,3.7067852,0
1.378,565.32643,1155.5687,1152.7874,0,0.06107242,0.78452936,0.090006021,0.010883437,0.28333757,8.27,3.7069111,0.0006293501
1.379,564.23257,1152.4488,1150.9663,0,0.06107242,0.78452936,0,0,0.28303322,8.27,3.7069111,0
1.38,563.47875,1152.4488,1149.711,0,0.060983799,0.78451864,0.08862051,0.010715902,0.28259041,8.27,3.707035,0.00061964113
1.381,562.38786,1149.329,1147.8949,0,0.060983799,0.78451864,0,0,0.28228515,8.27,3.707035,0
1.382,561.63158,1149.329,1146.6354,0,0.060896625,0.7845081,0.087174195,0.010541015,0.28184352,8.27,3.7071569,0.00060950801
1.383,560.54366,1146.2091,1144.8242,0,0.060896625,0.7845081,0,0,0.28153725,8.27,3.7071569,0
1.384,559.78472,1146.2091,1143.5604,0,0.060810949,0.78449774,0.085676304,0.010359892,0.2810968,8.27,3.7072767,0.0005990153
1.385,558.69976,1143.0893,1141.7541,0,0.060810949,0.78449774,0,0,0.28078944,8.27,3.7072767,0
1.386,557.938,1143.0893,1140.4856,0,0.060726814,0.78448757,0.084134756,0.010173489,0.28035016,8.27,3.7073944,0.00058821839
1.387,556.856,1139.9694,1138.6843,0,0.060726814,0.78448757,0,0,0.28004164,8.27,3.7073944,0
1.388,556.09125,1139.9694,1137.4107,0,0.060644258,0.78447759,0.082556364,0.0099826317,0.27960355,8.27,3.7075098,0.00057716493
1.389,555.01221,1136.8496,1135.6144,0,0.060644258,0.78447759,0,0,0.2792938,8.27,3.7075098,0
1.39,554.24437,1136.8496,1134.3357,0,0.060563311,0.7844678,0.080946989,0.0097880277,0.27885689,8.27,3.707623,0.00056589591
1.391,553.16829,1133.7297,1132.5442,0,0.060563311,0.7844678,0,0,0.27854588,8.27,3.707623,0
1.392,552.39724,1133.7297,1131.2602,0,0.060483999,0.78445821,0.079311673,0.009590287,0.27811013,8.27,3.7077339,0.00055444658
1.393,551.32412,1130.6098,1129.4737,0,0.060483999,0.78445821,0,0,0.27779781,8.27,3.7077339,0
1.394,550.54978,1130.6098,1128.1842,0,0.060406344,0.78444882,0.077654756,0.0093899342,0.27736324,8.27,3.7078425,0.00054284728
1.395,549.47962,1127.49,1126.4026,0,0.060406344,0.78444882,0,0,0.27704958,8.27,3.7078425,0
1.396,548.70191,1127.49,1125.1076,0,0.060330364,0.78443963,0.075979963,0.00918742,0.27661618,8.27,3.7079487,0.00053112405
1.397,547.6347,1124.3701,1123.3309,0,0.060330364,0.78443963,0,0,0.27630114,8.27,3.7079487,0
1.398,546.85358,1124.3701,1122.0301,0,0.060256074,0.78443065,0.074290494,0.0089831311,0.27586892,8.27,3.7080525,0.00051929925
1.399,545.78932,1121.2503,1120.2584,0,0.060256074,0.78443065,0,0,0.27555248,8.27,3.7080525,0
1.4,545.00472,1121.2503,1118.9518,0,0.060183485,0.78442187,0.072589086,0.0087773986,0.27512144,8.27,3.708154,0.000507392
1.401,543.94342,1118.1304,1117.185,0,0.060183485,0.78442187,0,0,0.27480357,8.27,3.708154,0
1.402,543.1553,1118.1304,1115.8726,0,0.060112607,0.7844133,0.070878077,0.008570505,0.2743737,8.27,3.7082531,0.00049541862
1.403,542.09696,1115.0106,1114.1107,0,0.060112607,0.7844133,0,0,0.27405439,8.27,3.7082531,0
1.404,541.30529,1115.0106,1112.7924,0,0.060043447,0.78440494,0.069159456,0.0083626912,0.2736257,8.27,3.7083498,0.00048339301
1.405,540.2499,1111.8907,1111.0354,0,0.060043447,0.78440494,0,0,0.27330494,8.27,3.7083498,0
1.406,539.45465,1111.8907,1109.7111,0,0.059976012,0.78439678,0.067434914,0.0081541613,0.27287743,8.27,3.708444,0.00047132696
1.407,538.40222,1108.7709,1107.959,0,0.059976012,0.78439678,0,0,0.2725552,8.27,3.708444,0
1.408,537.60337,1108.7709,1106.6288,0,0.059910306,0.78438884,0.065705877,0.007945088,0.27212886,8.27,3.7085359,0.00045923042
1.409,536.55389,1105.651,1104.8816,0,0.059910306,0.78438884,0,0,0.27180517,8.27,3.7085359,0
1.41,535.75142,1105.651,1103.5454,0,0.059846333,0.7843811,0.063973547,0.0077356164,0.27138,8.27,3.7086253,0.00044711178
1.411,534.70489,1102.5311,1101.8031,0,0.059846333,0.7843811,0,0,0.27105482,8.27,3.7086253,0
1.412,533.8988,1102.5311,1100.4609,0,0.059784094,0.78437358,0.06223893,0.0075258682,0.27063083,8.27,3.7087123,0.00043497803
1.413,532.85522,1099.4113,1098.7235,0,0.059784094,0.78437358,0,0,0.27030417,8.27,3.7087123,0
1.414,532.04549,1099.4113,1097.3752,0,0.059723591,0.78436626,0.060502864,0.0073159448,0.26988135,8.27,3.7087969,0.00042283502
1.415,531.00486,1096.2914,1095.6428,0,0.059723591,0.78436626,0,0,0.2695532,8.27,3.7087969,0
1.416,530.19149,1096.2914,1094.2884,0,0.059664825,0.78435916,0.058766043,0.0071059302,0.26913156,8.27,3.708879,0.00041068757
1.417,529.15381,1093.1716,1092.5609,0,0.059664825,0.78435916,0,0,0.26880192,8.27,3.708879,0
1.418,528.33678,1093.1716,1091.2004,0,0.059607796,0.78435226,0.057029039,0.0068958934,0.26838144,8.27,3.7089587,0.00039853966
1.419,527.30206,1090.0517,1089.4778,0,0.059607796,0.78435226,0,0,0.26805031,8.27,3.7089587,0
1.42,526.48137,1090.0517,1088.1113,0,0.059552504,0.78434557,0.055292319,0.006685891,0.26763101,8.27,3.709036,0.00038639453
1.421,525.4496,1086.9319,1086.3936,0,0.059552504,0.78434557,0,0,0.26729838,8.27,3.709036,0
1.422,524.62526,1086.9319,1085.021,0,0.059498947,0.7843391,0.053556263,0.0064759689,0.26688026,8.27,3.7091109,0.0003742548
1.423,523.59643,1083.812,1083.3082,0,0.059498947,0.7843391,0,0,0.26654613,8.27,3.7091109,0
1.424,522.76844,1083.812,1081.9295,0,0.059447126,0.78433283,0.051821175,0.0062661639,0.26612918,8.27,3.7091833,0.00036212258
1.425,521.74256,1080.6922,1080.2216,0,0.059447126,0.78433283,0,0,0.26579355,8.27,3.7091833,0
1.426,520.91091,1080.6922,1078.8368,0,0.059397039,0.78432678,0.050087301,0.0060565056,0.26537778,8.27,3.7092533,0.00034999956
1.427,519.88798,1077.5723,1077.1339,0,0.059397039,0.78432678,0,0,0.26504065,8.27,3.7092533,0
1.428,519.05267,1077.5723,1075.743,0,0.059348684,0.78432093,0.048354832,0.0058470172,0.26462605,8.27,3.7093209,0.00033788706
1.429,518.03269,1074.4524,1074.0449,0,0.059348684,0.78432093,0,0,0.26428743,8.27,3.7093209,0
1.43,517.19373,1074.4524,1072.648,0,0.05930206,0.78431529,0.04662392,0.0056377171,0.26387401,8.27,3.709386,0.0003257861
1.431,516.17669,1071.3326,1070.9549,0,0.05930206,0.78431529,0,0,0.26353389,8.27,3.709386,0
1.432,515.33408,1071.3326,1069.5519,0,0.059257165,0.78430986,0.044894681,0.0054286193,0.26312164,8.27,3.7094488,0.00031369748
1.433,514.32,1068.2127,1067.8636,0,0.059257165,0.78430986,0,0,0.26278002,8.27,3.7094488,0
1.434,513.47373,1068.2127,1066.4545,0,0.059213998,0.78430464,0.043167205,0.0052197346,0.26236894,8.27,3.7095091,0.00030162179
1.435,512.46259,1065.0929,1064.7712,0,0.059213998,0.78430464,0,0,0.26202583,8.27,3.7095091,0
1.436,511.61268,1065.0929,1063.3561,0,0.059172557,0.78429963,0.041441559,0.0050110712,0.26161593,8.27,3.709567,0.00028955949
1.437,510.60449,1061.973,1061.6776,0,0.059172557,0.78429963,0,0,0.26127132,8.27,3.709567,0
1.438,509.75093,1061.973,1060.2564,0,0.059132839,0.78429483,0.039717792,0.004802635,0.26086259,8.27,3.7096225,0.0002775109
1.439,508.74569,1058.8532,1058.5829,0,0.059132839,0.78429483,0,0,0.2605165,8.27,3.7096225,0
1.44,507.88849,1058.8532,1057.1557,0,0.059094843,0.78429023,0.037995941,0.0045944306,0.26010894,8.27,3.7096756,0.00026547624
1.441,506.8862,1055.7333,1055.487,0,0.059094843,0.78429023,0,0,0.25976135,8.27,3.7096756,0
1.442,506.02536,1055.7333,1054.0537,0,0.059058567,0.78428585,0.036276032,0.004386461,0.25935497,8.27,3.7097263,0.00025345567
1.443,505.02601,1052.6135,1052.39,0,0.059058567,0.78428585,0,0,0.25900588,8.27,3.7097263,0
1.444,504.16154,1052.6135,1050.9507,0,0.059024009,0.78428167,0.034558084,0.0041787284,0.25860067,8.27,3.7097746,0.0002414493
1.445,503.16514,1049.4936,1049.2919,0,0.059024009,0.78428167,0,0,0.2582501,8.27,3.7097746,0
1.446,502.29703,1049.4936,1047.8465,0,0.058991167,0.7842777,0.032842109,0.0039712344,0.25784607,8.27,3.7098205,0.0002294572
1.447,501.30357,1046.3737,1046.1926,0,0.058991167,0.7842777,0,0,0.257494,8.27,3.7098205,0
1.448,500.43183,1046.3737,1044.7411,0,0.058960039,0.78427393,0.031128115,0.00376398,0.25709114,8.27,3.709864,0.00021747938
1.449,499.44133,1043.2539,1043.0921,0,0.058960039,0.78427393,0,0,0.25673759,8.27,3.709864,0
1.45,498.56596,1043.2539,1041.6347,0,0.058930623,0.78427038,0.029416106,0.0035569657,0.25633591,8.27,3.7099051,0.00020551587
1.451,497.5784,1040.134,1039.9906,0,0.058930623,0.78427038,0,0,0.25598087,8.27,3.7099051,0
1.452,496.69941,1040.134,1038.5271,0,0.058902916,0.78426703,0.027706087,0.0033501919,0.25558036,8.27,3.7099438,0.00019356667
1.453,495.71479,1037.0142,1036.8879,0,0.058902916,0.78426703,0,0,0.25522383,8.27,3.7099438,0
1.454,494.83218,1037.0142,1035.4184,0,0.058876918,0.78426388,0.025998059,0.0031436589,0.25482449,8.27,3.7099801,0.00018163175
1.455,493.85051,1033.8943,1033.7841,0,0.058876918,0.78426388,0,0,0.25446648,8.27,3.7099801,0
1.456,492.96428,1033.8943,1032.3086,0,0.058852626,0.78426095,0.024292023,0.0029373667,0.25406832,8.27,3.710014,0.00016971111
1.457,491.98555,1030.7745,1030.6792,0,0.058852626,0.78426095,0,0,0.25370883,8.27,3.710014,0
1.458,491.09571,1030.7745,1029.1977,0,0.058830038,0.78425821,0.022587978,0.0027313154,0.25331183,8.27,3.7100456,0.00015780471
1.459,490.11993,1027.6546,1027.5732,0,0.058830038,0.78425821,0,0,0.25295086,8.27,3.7100456,0
1.46,489.22647,1027.6546,1026.0856,0,0.058809152,0.78425569,0.020885925,0.0025255049,0.25255504,8.27,3.7100748,0.00014591255
1.461,488.25363,1024.5348,1024.4661,0,0.058809152,0.78425569,0,0,0.25219258,8.27,3.7100748,0
1.462,487.35657,1024.5348,1022.9725,0,0.058789967,0.78425337,0.019185864,0.0023199352,0.25179794,8.27,3.7101016,0.00013403458
1.463,486.38668,1021.4149,1021.3578,0,0.058789967,0.78425337,0,0,0.251434,8.27,3.7101016,0
1.464,485.486,1021.4149,1019.8583,0,0.058772479,0.78425125,0.017487793,0.0021146062,0.25104053,8.27,3.710126,0.00012217079
1.465,484.51906,1018.295,1018.2485,0,0.058772479,0.78425125,0,0,0.25067511,8.27,3.710126,0
1.466,483.61478,1018.295,1016.743,0,0.058756687,0.78424934,0.015791712,0.0019095178,0.25028282,8.27,3.7101481,0.00011032114
1.467,482.65078,1015.1752,1015.1381,0,0.058756687,0.78424934,0,0,0.24991592,8.27,3.7101481,0
1.468,481.74291,1015.1752,1013.6266,0,0.058742589,0.78424764,0.014097622,0.0017046701,0.2495248,8.27,3.7101678,9.8485607e-05
1.469,480.78185,1012.0553,1012.0266,0,0.058742589,0.78424764,0,0,0.24915643,8.27,3.7101678,0
1.47,479.87038,1012.0553,1010.5092,0,0.058730184,0.78424614,0.01240552,0.0015000628,0.24876648,8.27,3.7101851,8.6664169e-05
1.471,478.91226,1008.9355,1008.9141,0,0.058730184,0.78424614,0,0,0.24839663,8.27,3.7101851,0
1.472,477.9972,1008.9355,1007.3906,0,0.058719469,0.78424484,0.010715406,0.001295696,0.24800786,8.27,3.7102001,7.4856794e-05
1.473,477.04203,1005.8156,1005.8004,0,0.058719469,0.78424484,0,0,0.24763653,8.27,3.7102001,0
1.474,476.12337,1005.8156,1004.271,0,0.058710441,0.78424375,0.0090272806,0.0010915696,0.24724893,8.27,3.7102127,6.3063457e-05
1.475,475.17115,1002.6958,1002.6857,0,0.058710441,0.78424375,0,0,0.24687613,8.27,3.7102127,0
1.476,474.2489,1002.6958,1001.1503,0,0.0587031,0.78424286,0.0073411421,0.00088768345,0.24648971,8.27,3.710223,5.128413e-05
1.477,473.29962,999.57591,999.56995,0,0.0587031,0.78424286,0,0,0.24611543,8.27,3.710223,0
1.478,472.37384,999.57591,998.02858,0,0.058697443,0.78424218,0.0056569901,0.00068403749,0.24573084,8.27,3.7102309,3.9518784e-05
1.479,471.4277,996.45605,996.45309,0,0.058697443,0.78424218,0,0,0.24535743,8.27,3.7102309,0
1.48,470.49853,996.45605,994.90583,0,0.058693453,0.7842417,0.0039906479,0.00048254509,0.24497574,8.27,3.7102364,2.7877937e-05
1.481,469.55532,993.3362,993.33521,0,0.058693453,0.7842417,0,0,0.24460087,8.27,3.7102364,0
1.482,468.62251,993.3362,991.78191,0,0.058691151,0.78424142,0.0023010699,0.00027824303,0.24422033,8.27,3.7102397,1.607483e-05
1.483,467.68223,990.21634,990.21616,0,0.058691151,0.78424142,0,0,0.24384396,8.27,3.7102397,0
1.484,466.74722,990.21634,988.6592,0,0.05869017,0.7842413,0.00098148166,0.00011867977,0.24346456,8.27,3.710241,6.8564354e-06
1.485,465.80985,987.09649,987.09832,0,0.05869017,0.7842413,0,0,0.24308727,8.27,3.710241,0
1.486,464.87395,987.09649,985.53988,0,0.05869017,0.7842413,0,0,0.24270902,8.27,3.710241,0
1.487,464.29475,987.09649,984.57506,0,0.058598678,0.78423024,0.091492099,0.011063132,0.24233134,8.27,3.7103689,0.00063914535
1.488,463.36106,983.97663,983.02066,0,0.058598678,0.78423024,0,0,0.24209751,8.27,3.7103689,0
1.489,462.70757,983.97663,981.93222,0,0.058526968,0.78422157,0.071710205,0.0086711251,0.24172078,8.27,3.710469,0.00050093577
1.49,461.77645,980.85678,980.38202,0,0.058526968,0.78422157,0,0,0.24145698,8.27,3.710469,0
1.491,461.04334,980.85678,979.16109,0,0.058476425,0.78421546,0.050542606,0.0061115606,0.24108124,8.27,3.7105397,0.00035305875
1.492,460.11489,977.73692,977.61526,0,0.058476425,0.78421546,0,0,0.2407853,8.27,3.7105397,0
1.493,459.28749,977.73692,976.23741,0,0.058450835,0.78421236,0.025589691,0.0030942794,0.24041059,8.27,3.7105754,0.00017875003
1.494,458.36185,974.61707,974.69616,0,0.058450835,0.78421236,0,0,0.24007659,8.27,3.7105754,0
1.495,457.4377,974.61707,973.15733,0,0.058450835,0.78421236,0,0,0.23970296,8.27,3.7105754,0
1.496,456.85965,974.61707,972.19445,0,0.058362184,0.78420164,0.088651632,0.010719665,0.2393299,8.27,3.7106993,0.00061924661
1.497,455.93771,971.49721,970.65962,0,0.058362184,0.78420164,0,0,0.23909646,8.27,3.7106993,0
1.498,455.27862,971.49721,969.56188,0,0.058295021,0.78419352,0.067162957,0.0081212765,0.23872435,8.27,3.7107931,0.00046912893
1.499,454.35923,968.37735,968.03122,0,0.058295021,0.78419352,0,0,0.23845819,8.27,3.7107931,0
1.5,453.60945,968.37735,966.78257,0,0.058251839,0.7841883,0.043181462,0.0052214585,0.23808706,8.27,3.7108534,0.00030161211
1.501,452.69274,965.2575,965.25629,0,0.058251839,0.7841883,0,0,0.23778429,8.27,3.7108534,0
1.502,451.78749,965.2575,963.74892,0,0.058249289,0.78418799,0.0025500022,0.00030834367,0.23741419,8.27,3.710857,1.7810861e-05
1.503,450.87372,962.13764,962.22737,0,0.058249289,0.78418799,0,0,0.23704866,8.27,3.710857,0
1.504,449.96137,962.13764,960.7082,0,0.058249289,0.78418799,0,0,0.23667968,8.27,3.710857,0
1.505,449.39215,962.13764,959.76004,0,0.058161511,0.78417738,0.087778691,0.01061411,0.23631126,8.27,3.7109796,0.00061310245
1.506,448.48197,959.01779,958.24482,0,0.058161511,0.78417738,0,0,0.2360813,8.27,3.7109796,0
1.507,447.82482,959.01779,957.15034,0,0.058096952,0.78416957,0.064558209,0.007806313,0.23571381,8.27,3.7110698,0.00045090087
1.508,446.91718,955.89793,955.63926,0,0.058096952,0.78416957,0,0,0.23544835,8.27,3.7110698,0
1.509,446.15663,955.89793,954.37272,0,0.058059601,0.78416505,0.037351579,0.004516515,0.23508184,8.27,3.7111219,0.00026087233
1.51,445.25167,952.77808,952.866,0,0.058059601,0.78416505,0,0,0.23477462,8.27,3.7111219,0
1.511,444.34821,952.77808,951.36164,0,0.058059601,0.78416505,0,0,0.23440914,8.27,3.7111219,0
1.512,443.78677,952.77808,950.42645,0,0.057972183,0.78415448,0.087417427,0.010570427,0.23404421,8.27,3.711244,0.00061053556
1.513,442.88545,949.65822,948.92599,0,0.057972183,0.78415448,0,0,0.23381734,8.27,3.711244,0
1.514,442.23077,949.65822,947.83565,0,0.057909321,0.78414688,0.062861899,0.007601197,0.23345333,8.27,3.7113319,0.00043902186
1.515,441.33197,946.53836,946.3393,0,0.057909321,0.78414688,0,0,0.23318881,8.27,3.7113319,0
1.516,440.56256,946.53836,945.05804,0,0.05787654,0.78414292,0.03278145,0.0039638996,0.23282577,8.27,3.7113776,0.00022893729
1.517,439.66646,943.41851,943.56605,0,0.05787654,0.78414292,0,0,0.2325149,8.27,3.7113776,0
1.518,438.77182,943.41851,942.0764,0,0.05787654,0.78414292,0,0,0.23215289,8.27,3.7113776,0
1.519,438.21058,943.41851,941.14159,0,0.057791409,0.78413262,0.085131245,0.010293984,0.23179143,8.27,3.7114965,0.00059452757
1.52,437.31808,940.29865,939.6558,0,0.057791409,0.78413262,0,0,0.2315646,8.27,3.7114965,0
1.521,436.65707,940.29865,938.55496,0,0.057732482,0.7841255,0.058926991,0.0071253919,0.23120405,8.27,3.7115788,0.00041151282
1.522,435.76709,937.1788,937.07327,0,0.057732482,0.7841255,0,0,0.23093691,8.27,3.7115788,0
1.523,434.97183,937.1788,935.74903,0,0.057708604,0.78412261,0.023878209,0.0028873288,0.23057733,8.27,3.7116122,0.00016674823
1.524,434.08457,934.05894,934.27175,0,0.057708604,0.78412261,0,0,0.23025595,8.27,3.7116122,0
1.525,433.19873,934.05894,932.79677,0,0.057708604,0.78412261,0,0,0.22989741,8.27,3.7116122,0
1.526,432.63671,934.05894,931.86066,0,0.057626009,0.78411262,0.082594139,0.0099871994,0.22953942,8.27,3.7117276,0.00057677284
1.527,431.753,930.93909,930.38954,0,0.057626009,0.78411262,0,0,0.22931221,8.27,3.7117276,0
1.528,431.08374,930.93909,929.27497,0,0.057571501,0.78410603,0.054507973,0.0065910488,0.22895513,8.27,3.7118037,0.00038062921
1.529,430.20255,927.81923,927.80794,0,0.057571501,0.78410603,0,0,0.22868458,8.27,3.7118037,0
1.53,429.3534,927.81923,926.39402,0,0.057563686,0.78410509,0.0078156535,0.00094506088,0.22832846,8.27,3.7118146,5.4575593e-05
1.531,428.47502,924.69938,924.93149,0,0.057563686,0.78410509,0,0,0.22798523,8.27,3.7118146,0
1.532,427.59802,924.69938,923.47124,0,0.057563686,0.78410509,0,0,0.22763018,8.27,3.7118146,0
1.533,427.04088,924.69938,922.5433,0,0.057482176,0.78409523,0.08150981,0.0098560834,0.22727566,8.27,3.7119284,0.0005691697
1.534,426.166,921.57952,921.08686,0,0.057482176,0.78409523,0,0,0.22705037,8.27,3.7119284,0
1.535,425.4945,921.57952,919.9686,0,0.057430543,0.78408899,0.051632879,0.0062433953,0.22669676,8.27,3.7120005,0.00036053291
1.536,424.62212,918.45966,918.51624,0,0.057430543,0.78408899,0,0,0.22642525,8.27,3.7120005,0
1.537,423.75121,918.45966,917.06614,0,0.057430543,0.78408899,0,0,0.2260726,8.27,3.7120005,0
1.538,423.22123,918.45966,916.18339,0,0.057343692,0.78407849,0.086851231,0.010501963,0.22572049,8.27,3.7121218,0.00060643759
1.539,422.35238,915.33981,914.73702,0,0.057343692,0.78407849,0,0,0.22550613,8.27,3.7121218,0
1.54,421.70853,915.33981,913.66479,0,0.057286562,0.78407158,0.057130168,0.0069081219,0.2251549,8.27,3.7122016,0.00039889762
1.541,420.84213,912.21995,912.22242,0,0.057286562,0.78407158,0,0,0.22489451,8.27,3.7122016,0
1.542,419.97721,912.21995,910.7823,0,0.057286562,0.78407158,0,0,0.22454423,8.27,3.7122016,0
1.543,419.45884,912.21995,909.9189,0,0.057198319,0.78406091,0.088242606,0.010670206,0.22419447,8.27,3.7123248,0.00061611948
1.544,418.59594,909.1001,908.48246,0,0.057198319,0.78406091,0,0,0.22398477,8.27,3.7123248,0
1.545,417.96098,909.1001,907.42503,0,0.057140472,0.78405391,0.057847399,0.0069948487,0.22363589,8.27,3.7124056,0.00040388343
1.546,417.10052,905.98024,905.99255,0,0.057140472,0.78405391,0,0,0.22337906,8.27,3.7124056,0
1.547,416.24152,905.98024,904.5623,0,0.057140472,0.78405391,0,0,0.22303111,8.27,3.7124056,0
1.548,415.72701,905.98024,903.70532,0,0.05705281,0.78404331,0.087662118,0.010600014,0.22268369,8.27,3.712528,0.00061203281
1.549,414.87002,902.86039,902.27874,0,0.05705281,0.78404331,0,0,0.22247552,8.27,3.712528,0
1.55,414.23447,902.86039,901.22034,0,0.056996656,0.78403652,0.056153907,0.0067900733,0.22212897,8.27,3.7126064,0.00039203821
1.551,413.3799,899.74053,899.79769,0,0.056996656,0.78403652,0,0,0.22187185,8.27,3.7126064,0
1.552,412.52679,899.74053,898.37726,0,0.056996656,0.78403652,0,0,0.22152623,8.27,3.7126064,0
1.553,412.01179,899.74053,897.51948,0,0.056910674,0.78402613,0.085981993,0.010396855,0.22118113,8.27,3.7127265,0.00060027017
1.554,411.16069,896.62067,896.10269,0,0.056910674,0.78402613,0,0,0.22097273,8.27,3.7127265,0
1.555,410.51882,896.62067,895.03379,0,0.056857666,0.78401972,0.05300794,0.0064096663,0.22062849,8.27,3.7128005,0.00037005488
1.556,409.67014,893.50082,893.62094,0,0.056857666,0.78401972,0,0,0.22036878,8.27,3.7128005,0
1.557,408.8229,893.50082,892.21029,0,0.056857666,0.78401972,0,0,0.22002548,8.27,3.7128005,0
1.558,408.30495,893.50082,891.34762,0,0.056773984,0.7840096,0.083682194,0.010118766,0.2196827,8.27,3.7129173,0.00058418393
1.559,407.45972,890.38096,889.94061,0,0.056773984,0.7840096,0,0,0.21947307,8.27,3.7129173,0
1.56,406.80768,890.38096,888.85481,0,0.056725094,0.78400369,0.048889613,0.0059116824,0.21913115,8.27,3.7129856,0.0003412868
1.561,405.96489,887.26111,887.45174,0,0.056725094,0.78400369,0,0,0.21886728,8.27,3.7129856,0
1.562,405.12351,887.26111,886.05086,0,0.056725094,0.78400369,0,0,0.2185263,8.27,3.7129856,0
1.563,404.60134,887.26111,885.18118,0,0.056644031,0.78399388,0.081062567,0.0098020032,0.21818583,8.27,3.7130987,0.00056586815
1.564,403.76197,884.14125,883.78393,0,0.056644031,0.78399388,0,0,0.21797446,8.27,3.7130987,0
1.565,403.09692,884.14125,882.6765,0,0.056599978,0.78398856,0.04405358,0.0053269142,0.21763485,8.27,3.7131602,0.00030751257
1.566,402.26,881.0214,881.2832,0,0.056599978,0.78398856,0,0,0.21736568,8.27,3.7131602,0
1.567,401.42447,881.0214,879.89208,0,0.056599978,0.78398856,0,0,0.21702701,8.27,3.7131602,0
1.568,400.89762,881.0214,879.01462,0,0.056521648,0.78397909,0.078329656,0.0094715425,0.21668885,8.27,3.7132696,0.00054676498
1.569,400.06411,877.90154,877.62712,0,0.056521648,0.78397909,0,0,0.21647555,8.27,3.7132696,0
1.57,399.38368,877.90154,876.4941,0,0.05648303,0.78397442,0.038618439,0.0046697025,0.21613826,8.27,3.7133235,0.00026956059
1.571,398.55263,874.78169,875.11057,0,0.05648303,0.78397442,0,0,0.21586282,8.27,3.7133235,0
1.572,397.72295,874.78169,873.7292,0,0.05648303,0.78397442,0,0,0.21552646,8.27,3.7133235,0
1.573,397.19159,874.78169,872.84424,0,0.056407388,0.78396527,0.075641577,0.0091465027,0.21519062,8.27,3.7134291,0.00052797815
1.574,396.36393,871.66183,871.46648,0,0.056407388,0.78396527,0,0,0.21497546,8.27,3.7134291,0
1.575,395.66576,871.66183,870.30397,0,0.056374795,0.78396133,0.032592728,0.0039410796,0.21464047,8.27,3.7134746,0.00022749075
1.576,394.84059,868.54197,868.93021,0,0.056374795,0.78396133,0,0,0.21435781,8.27,3.7134746,0
1.577,394.01677,868.54197,867.5586,0,0.056374795,0.78396133,0,0,0.21402377,8.27,3.7134746,0
1.578,393.4816,868.54197,866.66733,0,0.056301657,0.78395248,0.073138747,0.008843863,0.21369023,8.27,3.7135767,0.00051048763
1.579,392.6598,865.42212,865.29932,0,0.056301657,0.78395248,0,0,0.2134735,8.27,3.7135767,0
1.58,391.94105,865.42212,864.10257,0,0.056275808,0.78394936,0.025849139,0.0031256517,0.21314083,8.27,3.7136128,0.00018041467
1.581,391.12175,862.30226,862.73859,0,0.056275808,0.78394936,0,0,0.21284978,8.27,3.7136128,0
1.582,390.30379,862.30226,861.37674,0,0.056275808,0.78394936,0,0,0.21251806,8.27,3.7136128,0
1.583,389.76616,862.30226,860.48139,0,0.056204831,0.78394078,0.070976908,0.0085824556,0.21218685,8.27,3.7137119,0.00049538017
1.584,388.95021,859.18241,859.12313,0,0.056204831,0.78394078,0,0,0.21196908,8.27,3.7137119,0
1.585,388.20636,859.18241,857.88462,0,0.056186865,0.7839386,0.017965243,0.0021723389,0.21163872,8.27,3.7137369,0.00012538427
1.586,387.39296,856.06255,856.53043,0,0.056186865,0.7839386,0,0,0.21133747,8.27,3.7137369,0
1.587,386.58087,856.06255,855.17836,0,0.056186865,0.7839386,0,0,0.21100807,8.27,3.7137369,0
1.588,386.04306,856.06255,854.28272,0,0.05611747,0.78393021,0.069395572,0.0083912421,0.21067918,8.27,3.7138338,0.00048432712
1.589,385.23297,852.9427,852.93423,0,0.05611747,0.78393021,0,0,0.2104613,8.27,3.7138338,0
1.59,384.45103,852.9427,851.63234,0,0.056110679,0.78392939,0.0067908984,0.00082114854,0.21013325,8.27,3.7138433,4.7393953e-05
1.591,383.64355,849.82284,850.28799,0,0.056110679,0.78392939,0,0,0.20981653,8.27,3.7138433,0
1.592,382.83735,849.82284,848.94575,0,0.056110679,0.78392939,0,0,0.20948947,8.27,3.7138433,0
1.593,382.30459,849.82284,848.05852,0,0.056041541,0.78392103,0.069138353,0.0083601394,0.2091629,8.27,3.7139398,0.00048251811
1.594,381.50038,846.70298,846.71982,0,0.056041541,0.78392103,0,0,0.20894704,8.27,3.7139398,0
1.595,380.69757,846.70298,845.38322,0,0.056041541,0.78392103,0,0,0.20862131,8.27,3.7139398,0
1.596,380.23,846.70298,844.60448,0,0.055956718,0.78391078,0.084822965,0.010256707,0.20829609,8.27,3.7140582,0.00059196599
1.597,379.42905,843.58313,843.27126,0,0.055956718,0.78391078,0,0,0.2081066,8.27,3.7140582,0
1.598,378.79199,843.58313,842.2105,0,0.055915478,0.78390579,0.041239879,0.0049866842,0.20778218,8.27,3.7141157,0.00028779738
1.599,377.99339,840.46327,840.88106,0,0.055915478,0.78390579,0,0,0.20752404,8.27,3.7141157,0
1.6,377.19612,840.46327,839.55369,0,0.055915478,0.78390579,0,0,0.20720052,8.27,3.7141157,0
1.601,376.67765,840.46327,838.69027,0,0.055845037,0.78389727,0.070440587,0.0085176042,0.20687748,8.27,3.7142141,0.00049157037
1.602,375.88233,837.34342,837.36639,0,0.055845037,0.78389727,0,0,0.20666735,8.27,3.7142141,0
1.603,375.0884,837.34342,836.04458,0,0.055845037,0.78389727,0,0,0.20634515,8.27,3.7142141,0
1.604,374.6275,837.34342,835.27696,0,0.05576085,0.78388709,0.084187503,0.010179867,0.20602344,8.27,3.7143316,0.00058748782
1.605,373.8354,834.22356,833.9585,0,0.05576085,0.78388709,0,0,0.2058366,8.27,3.7143316,0
1.606,373.19471,834.22356,832.89171,0,0.055722812,0.78388249,0.038037717,0.0045994821,0.20551568,8.27,3.7143846,0.00026543118
1.607,372.40496,831.10371,831.57701,0,0.055722812,0.78388249,0,0,0.20525601,8.27,3.7143846,0
1.608,371.61652,831.10371,830.26436,0,0.055722812,0.78388249,0,0,0.20493599,8.27,3.7143846,0
1.609,371.09632,831.10371,829.39806,0,0.055655113,0.78387431,0.06769865,0.008186052,0.20461645,8.27,3.7144791,0.00047240153
1.61,370.30982,827.98385,828.08888,0,0.055655113,0.78387431,0,0,0.20440556,8.27,3.7144791,0
1.611,369.52469,827.98385,826.78175,0,0.055655113,0.78387431,0,0,0.20408685,8.27,3.7144791,0
1.612,369.06044,827.98385,826.00856,0,0.055574083,0.78386451,0.081030644,0.0097981432,0.20376862,8.27,3.7145922,0.00056541787
1.613,368.27714,824.864,824.70476,0,0.055574083,0.78386451,0,0,0.20358038,8.27,3.7145922,0
1.614,367.61167,824.864,823.59674,0,0.055544586,0.78386094,0.029496718,0.0035667132,0.20326295,8.27,3.7146334,0.00020581675
1.615,366.83075,821.74414,822.29673,0,0.055544586,0.78386094,0,0,0.20299317,8.27,3.7146334,0
1.616,366.05111,821.74414,820.99874,0,0.055544586,0.78386094,0,0,0.20267664,8.27,3.7146334,0
1.617,365.52466,821.74414,820.12208,0,0.055480758,0.78385322,0.063827877,0.007718002,0.20236059,8.27,3.7147224,0.00044536143
1.618,364.74698,818.62428,818.82756,0,0.055480758,0.78385322,0,0,0.20214712,8.27,3.7147224,0
1.619,363.97063,818.62428,817.53505,0,0.055480758,0.78385322,0,0,0.20183189,8.27,3.7147224,0
1.62,363.50019,818.62428,816.75161,0,0.055403588,0.78384389,0.07716965,0.0093312756,0.20151714,8.27,3.7148301,0.00053844125
1.621,362.72568,815.50443,815.46243,0,0.055403588,0.78384389,0,0,0.20132635,8.27,3.7148301,0
1.622,362.01242,815.50443,814.27491,0,0.055388432,0.78384206,0.015156403,0.0018326968,0.20101239,8.27,3.7148513,0.00010574877
1.623,361.24036,812.38457,812.98961,0,0.055388432,0.78384206,0,0,0.20072318,8.27,3.7148513,0
1.624,360.46954,812.38457,811.70632,0,0.055388432,0.78384206,0,0,0.20041015,8.27,3.7148513,0
1.625,359.94061,812.38457,810.82556,0,0.055327517,0.78383469,0.060914802,0.007365756,0.20009759,8.27,3.7149363,0.00042501041
1.626,359.17174,809.26472,809.5457,0,0.055327517,0.78383469,0,0,0.19988306,8.27,3.7149363,0
1.627,358.40417,809.26472,808.26785,0,0.055327517,0.78383469,0,0,0.19957132,8.27,3.7149363,0
1.628,357.92973,809.26472,807.47775,0,0.055253656,0.78382576,0.073861101,0.0089312093,0.19926006,8.27,3.7150393,0.00051532661
1.629,357.16401,806.14486,806.20319,0,0.055253656,0.78382576,0,0,0.1990676,8.27,3.7150393,0
1.63,356.39962,806.14486,804.93063,0,0.055253656,0.78382576,0,0,0.19875712,8.27,3.7150393,0
1.631,355.95873,806.14486,804.19638,0,0.055172126,0.7838159,0.081530151,0.0098585431,0.19844711,8.27,3.7151531,0.00056881756
1.632,355.19612,803.02501,802.92702,0,0.055172126,0.7838159,0,0,0.19826823,8.27,3.7151531,0
1.633,354.52649,803.02501,801.81214,0,0.055148962,0.7838131,0.023163894,0.0028009545,0.19795899,8.27,3.7151854,0.00016160434
1.634,353.76623,799.90515,800.54654,0,0.055148962,0.7838131,0,0,0.19768737,8.27,3.7151854,0
1.635,353.00721,799.90515,799.28291,0,0.055148962,0.7838131,0,0,0.19737902,8.27,3.7151854,0
1.636,352.48035,799.90515,798.40561,0,0.055090579,0.78380604,0.058383233,0.0070596412,0.19707114,8.27,3.7152669,0.00040731069
1.637,351.72326,796.78529,797.14538,0,0.055090579,0.78380604,0,0,0.19685738,8.27,3.7152669,0
1.638,350.96745,796.78529,795.88712,0,0.055090579,0.78380604,0,0,0.19655031,8.27,3.7152669,0
1.639,350.49045,796.78529,795.09278,0,0.055020424,0.78379756,0.07015511,0.0084830846,0.19624371,8.27,3.7153648,0.00048942647
1.64,349.73647,793.66544,793.83779,0,0.055020424,0.78379756,0,0,0.19605015,8.27,3.7153648,0
1.641,348.98381,793.66544,792.58476,0,0.055020424,0.78379756,0,0,0.19574432,8.27,3.7153648,0
1.642,348.53697,793.66544,791.84062,0,0.054943458,0.78378825,0.076965613,0.0093066037,0.19543897,8.27,3.7154722,0.00053692477
1.643,347.78608,790.54558,790.59079,0,0.054943458,0.78378825,0,0,0.19525762,8.27,3.7154722,0
1.644,347.0365,790.54558,789.3429,0,0.054943458,0.78378825,0,0,0.19495302,8.27,3.7154722,0
1.645,346.60961,790.54558,788.63198,0,0.054862251,0.78377843,0.081207281,0.009819502,0.19464889,8.27,3.7155855,0.00056649897
1.646,345.86177,787.42573,787.38723,0,0.054862251,0.78377843,0,0,0.19447562,8.27,3.7155855,0
1.647,345.17282,787.42573,786.24024,0,0.054847719,0.78377668,0.014531574,0.0017571431,0.19417224,8.27,3.7156057,0.00010136863
1.648,344.42735,784.30587,784.99924,0,0.054847719,0.78377668,0,0,0.19389267,8.27,3.7156057,0
1.649,343.68307,784.30587,783.76019,0,0.054847719,0.78377668,0,0,0.19359018,8.27,3.7156057,0
1.65,343.15678,784.30587,782.88385,0,0.054793001,0.78377006,0.054718421,0.0066164959,0.19328815,8.27,3.7156821,0.00038169995
1.651,342.41441,781.18602,781.64815,0,0.054793001,0.78377006,0,0,0.19307453,8.27,3.7156821,0
1.652,341.6733,781.18602,780.41438,0,0.054793001,0.78377006,0,0,0.1927733,8.27,3.7156821,0
1.653,341.19128,781.18602,779.61173,0,0.054727922,0.78376219,0.065078977,0.0078692838,0.19247253,8.27,3.7157729,0.00045396287
1.654,340.452,778.06616,778.3812,0,0.054727922,0.78376219,0,0,0.19227685,8.27,3.7157729,0
1.655,339.71399,778.06616,777.15259,0,0.054727922,0.78376219,0,0,0.19197685,8.27,3.7157729,0
1.656,339.25791,778.06616,776.39311,0,0.054657099,0.78375363,0.070823135,0.0085638616,0.19167731,8.27,3.7158717,0.00049401957
1.657,338.52168,774.94631,775.16767,0,0.054657099,0.78375363,0,0,0.19149214,8.27,3.7158717,0
1.658,337.78672,774.94631,773.94415,0,0.054657099,0.78375363,0,0,0.19119336,8.27,3.7158717,0
1.659,337.34711,774.94631,773.21208,0,0.054582909,0.78374466,0.074189753,0.0089709496,0.19089503,8.27,3.7159752,0.00051748931
1.66,336.61389,771.82645,771.99168,0,0.054582909,0.78374466,0,0,0.19071653,8.27,3.7159752,0
1.661,335.88196,771.82645,770.7732,0,0.054582909,0.78374466,0,0,0.19041895,8.27,3.7159752,0
1.662,335.4529,771.82645,770.0587,0,0.054506839,0.78373546,0.076070262,0.0091983388,0.19012182,8.27,3.7160813,0.00053059148
1.663,334.72268,768.70659,768.8433,0,0.054506839,0.78373546,0,0,0.18994758,8.27,3.7160813,0
1.664,333.99374,768.70659,767.6298,0,0.054506839,0.78373546,0,0,0.18965119,8.27,3.7160813,0
1.665,333.57117,768.70659,766.92609,0,0.05442991,0.78372616,0.076928485,0.0093021142,0.18935525,8.27,3.7161886,0.00053656228
1.666,332.84393,765.58674,765.71565,0,0.05442991,0.78372616,0,0,0.18918363,8.27,3.7161886,0
1.667,332.11796,765.58674,764.50711,0,0.05442991,0.78372616,0,0,0.18888843,8.27,3.7161886,0
1.668,331.6989,765.58674,763.80925,0,0.054352868,0.78371684,0.077042329,0.0093158802,0.18859367,8.27,3.7162961,0.00053734081
1.669,330.97462,762.46688,762.60375,0,0.054352868,0.78371684,0,0,0.18842346,8.27,3.7162961,0
1.67,330.25161,762.46688,761.40014,0,0.054352868,0.78371684,0,0,0.18812943,8.27,3.7162961,0
1.671,329.83382,762.46688,760.70439,0,0.054276274,0.78370758,0.076593792,0.0092616435,0.18783585,8.27,3.7164029,0.00053419698
1.672,329.11249,759.34703,759.50382,0,0.054276274,0.78370758,0,0,0.18766614,8.27,3.7164029,0
1.673,328.39244,759.34703,758.30512,0,0.054276274,0.78370758,0,0,0.18737329,8.27,3.7164029,0
1.674,327.97416,759.34703,757.60858,0,0.054200564,0.78369842,0.075709599,0.0091547278,0.18708088,8.27,3.7165085,0.00052801507
1.675,327.25579,756.22717,756.41291,0,0.054200564,0.78369842,0,0,0.18691096,8.27,3.7165085,0
1.676,326.53867,756.22717,755.21912,0,0.054200564,0.78369842,0,0,0.18661928,8.27,3.7165085,0
1.677,326.11854,756.22717,754.5195,0,0.054126082,0.78368942,0.074482025,0.0090062908,0.18632804,8.27,3.7166124,0.00051943894
1.678,325.40311,753.10732,753.32873,0,0.054126082,0.78368942,0,0,0.18615736,8.27,3.7166124,0
1.679,324.68892,753.10732,752.13982,0,0.054126082,0.78368942,0,0,0.18586684,8.27,3.7166124,0
1.68,324.26585,753.10732,751.4353,0,0.054053102,0.78368059,0.07298056,0.0088247352,0.18557677,8.27,3.7167142,0.00050895348
1.681,323.55335,749.98746,750.24941,0,0.054053102,0.78368059,0,0,0.18540487,8.27,3.7167142,0
1.682,322.84209,749.98746,749.06538,0,0.054053102,0.78368059,0,0,0.18511552,8.27,3.7167142,0
1.683,322.41518,749.98746,748.35449,0,0.053981843,0.78367198,0.071258909,0.0086165548,0.18482661,8.27,3.7168136,0.00049693337
1.684,321.70561,746.8676,747.17348,0,0.053981843,0.78367198,0,0,0.18465315,8.27,3.7168136,0
1.685,320.99728,746.8676,745.99432,0,0.053981843,0.78367198,0,0,0.18436496,8.27,3.7168136,0
1.686,320.56582,746.8676,745.27587,0,0.053912484,0.78366359,0.069359413,0.0083868698,0.18407722,8.27,3.7169103,0.00048367406
1.687,319.85919,743.74775,744.09974,0,0.053912484,0.78366359,0,0,0.18390189,8.27,3.7169103,0
1.688,319.15377,743.74775,742.92544,0,0.053912484,0.78366359,0,0,0.18361487,8.27,3.7169103,0
1.689,318.71719,743.74775,742.19847,0,0.053845168,0.78365545,0.067315982,0.0081397801,0.18332829,8.27,3.7170042,0.00046941208
1.69,318.01348,740.62789,741.0272,0,0.053845168,0.78365545,0,0,0.18315087,8.27,3.7170042,0
1.691,317.31098,740.62789,739.85777,0,0.053845168,0.78365545,0,0,0.18286501,8.27,3.7170042,0
1.692,316.8688,740.62789,739.12149,0,0.053780011,0.78364757,0.065156086,0.0078786078,0.18257958,8.27,3.7170951,0.00045433909
1.693,316.16802,737.50804,737.95509,0,0.053780011,0.78364757,0,0,0.18239987,8.27,3.7170951,0
1.694,315.46844,737.50804,736.79051,0,0.053780011,0.78364757,0,0,0.18211518,8.27,3.7170951,0
1.695,315.02028,737.50804,736.0443,0,0.053717109,0.78363996,0.06290218,0.0076060677,0.18183091,8.27,3.7171828,0.00043861168
1.696,314.32242,734.38818,734.88276,0,0.053717109,0.78363996,0,0,0.18164876,8.27,3.7171828,0
1.697,313.62576,734.38818,733.72304,0,0.053717109,0.78363996,0,0,0.18136523,8.27,3.7171828,0
1.698,313.17132,734.38818,732.96638,0,0.053656537,0.78363264,0.060572719,0.0073243917,0.18108213,8.27,3.7172673,0.00042235858
1.699,312.47638,731.26833,731.80971,0,0.053656537,0.78363264,0,0,0.18089741,8.27,3.7172673,0
1.7,311.78263,731.26833,730.65485,0,0.053656537,0.78363264,0,0,0.18061504,8.27,3.7172673,0
1.701,311.32166,731.26833,729.88732,0,0.053598354,0.7836256,0.05818293,0.0070354208,0.18033309,8.27,3.7173484,0.00040568595
1.702,310.62965,728.14847,728.73551,0,0.053598354,0.7836256,0,0,0.18014571,8.27,3.7173484,0
1.703,309.93881,728.14847,727.58551,0,0.053598354,0.7836256,0,0,0.1798645,8.27,3.7173484,0
1.704,309.47112,728.14847,726.8068,0,0.053542608,0.78361886,0.055745387,0.0067406756,0.17958372,8.27,3.7174261,0.00038868147
1.705,308.78203,725.02862,725.65986,0,0.053542608,0.78361886,0,0,0.17939358,8.27,3.7174261,0
1.706,308.09411,725.02862,724.51471,0,0.053542608,0.78361886,0,0,0.17911353,8.27,3.7174261,0
1.707,307.61954,725.02862,723.72456,0,0.053489338,0.78361242,0.053270464,0.0064414104,0.17883391,8.27,3.7175004,0.00037141745
1.708,306.93337,721.90876,722.58248,0,0.053489338,0.78361242,0,0,0.17864097,8.27,3.7175004,0
1.709,306.24837,721.90876,721.44218,0,0.053489338,0.78361242,0,0,0.17836208,8.27,3.7175004,0
1.71,305.7668,721.90876,720.64039,0,0.053438571,0.78360628,0.050766695,0.0061386572,0.17808362,8.27,3.7175712,0.00035395336
1.711,305.08355,718.7889,719.50318,0,0.053438571,0.78360628,0,0,0.17788782,8.27,3.7175712,0
1.712,304.40146,718.7889,718.36774,0,0.053438571,0.78360628,0,0,0.1776101,8.27,3.7175712,0
1.713,303.9128,718.7889,717.55415,0,0.05339033,0.78360045,0.048241064,0.0058332604,0.1773328,8.27,3.7176385,0.00033633785
1.714,303.23248,715.66905,716.4218,0,0.05339033,0.78360045,0,0,0.1771341,8.27,3.7176385,0
1.715,302.55331,715.66905,715.29123,0,0.05339033,0.78360045,0,0,0.17685754,8.27,3.7176385,0
1.716,302.05748,715.66905,714.46573,0,0.053344631,0.78359492,0.045699241,0.0055259059,0.1765814,8.27,3.7177022,0.00031861044
1.717,301.38009,712.54919,713.33825,0,0.053344631,0.78359492,0,0,0.17637977,8.27,3.7177022,0
1.718,300.70384,712.54919,712.21253,0,0.053344631,0.78359492,0,0,0.17610437,8.27,3.7177022,0
1.719,300.20079,712.54919,711.37503,0,0.053301485,0.78358971,0.043145793,0.0052171455,0.1758294,8.27,3.7177624,0.00030080291
1.72,299.52633,709.42934,710.25242,0,0.053301485,0.78358971,0,0,0.17562482,8.27,3.7177624,0
1.721,298.85299,709.42934,709.13156,0,0.053301485,0.78358971,0,0,0.17535059,8.27,3.7177624,0
1.722,298.3427,709.42934,708.282,0,0.053260901,0.7835848,0.040584348,0.0049074182,0.17507678,8.27,3.7178189,0.0002829405
1.723,297.67116,706.30948,707.16426,0,0.053260901,0.7835848,0,0,0.17486923,8.27,3.7178189,0
1.724,297.00074,706.30948,706.04827,0,0.053260901,0.7835848,0,0,0.17459617,8.27,3.7178189,0
1.725,296.48317,706.30948,705.1866,0,0.053222883,0.7835802,0.038017748,0.0045970675,0.17432352,8.27,3.7178719,0.00026504299
1.726,295.81457,703.18963,704.07374,0,0.053222883,0.7835802,0,0,0.174113,8.27,3.7178719,0
1.727,295.14707,703.18963,702.96261,0,0.053222883,0.7835802,0,0,0.1738411,8.27,3.7178719,0
1.728,294.6222,703.18963,702.08881,0,0.053187435,0.78357592,0.035448179,0.0042863578,0.17356961,8.27,3.7179214,0.00024712556
1.729,293.95652,700.06977,700.98082,0,0.053187435,0.78357592,0,0,0.17335611,8.27,3.7179214,0
1.73,293.29195,700.06977,699.87456,0,0.053187435,0.78357592,0,0,0.17308538,8.27,3.7179214,0
1.731,292.75977,700.06977,698.9886,0,0.053154557,0.78357194,0.032877287,0.0039754881,0.17281506,8.27,3.7179672,0.00022919964
1.732,292.09703,696.94991,697.88549,0,0.053154557,0.78357194,0,0,0.17259857,8.27,3.7179672,0
1.733,291.43537,696.94991,696.7841,0,0.053154557,0.78357194,0,0,0.172329,8.27,3.7179672,0
1.734,290.89588,696.94991,695.88598,0,0.053124251,0.78356828,0.030306276,0.0036646041,0.17205984,8.27,3.7180095,0.00021127357
1.735,290.23607,693.83006,694.78774,0,0.053124251,0.78356828,0,0,0.17184036,8.27,3.7180095,0
1.736,289.57734,693.83006,693.69122,0,0.053124251,0.78356828,0,0,0.17157196,8.27,3.7180095,0
1.737,289.03054,693.83006,692.78094,0,0.053096515,0.78356492,0.027736002,0.0033538091,0.17130397,8.27,3.7180481,0.00019335327
1.738,288.37366,690.7102,691.68758,0,0.053096515,0.78356492,0,0,0.17108149,8.27,3.7180481,0
1.739,287.71785,690.7102,690.59593,0,0.053096515,0.78356492,0,0,0.17081426,8.27,3.7180481,0
1.74,287.16373,690.7102,689.67348,0,0.053071348,0.78356188,0.025167046,0.0030431736,0.17054744,8.27,3.7180832,0.00017544274
1.741,286.50979,687.59035,688.58501,0,0.053071348,0.78356188,0,0,0.17032197,8.27,3.7180832,0
1.742,285.85691,687.59035,687.49824,0,0.053071348,0.78356188,0,0,0.17005591,8.27,3.7180832,0
1.743,285.29548,687.59035,686.56362,0,0.053048748,0.78355915,0.022599785,0.0027327431,0.16979026,8.27,3.7181147,0.00015754455
1.744,284.64447,684.47049,685.48003,0,0.053048748,0.78355915,0,0,0.16956179,8.27,3.7181147,0
1.745,283.99452,684.47049,684.39813,0,0.053048748,0.78355915,0,0,0.1692969,8.27,3.7181147,0
1.746,283.42577,684.47049,683.45135,0,0.053028714,0.78355672,0.020034449,0.0024225453,0.16903241,8.27,3.7181427,0.00013966024
1.747,282.7777,681.35064,682.37264,0,0.053028714,0.78355672,0,0,0.16880095,8.27,3.7181427,0
1.748,282.13067,681.35064,681.29563,0,0.053028714,0.78355672,0,0,0.16853723,8.27,3.7181427,0
1.749,281.55461,681.35064,680.33669,0,0.053011243,0.78355461,0.017471166,0.0021125957,0.16827391,8.27,3.718167,0.00012179067
1.75,280.90948,678.23078,679.26287,0,0.053011243,0.78355461,0,0,0.16803946,8.27,3.718167,0
1.751,280.26538,678.23078,678.19073,0,0.053011243,0.78355461,0,0,0.16777691,8.27,3.718167,0
1.752,279.68202,678.23078,677.21964,0,0.052996333,0.78355281,0.014910003,0.0018029024,0.16751476,8.27,3.7181878,0.00010393624
1.753,279.03982,675.11092,676.15071,0,0.052996333,0.78355281,0,0,0.16727731,8.27,3.7181878,0
1.754,278.39866,675.11092,675.08345,0,0.052996333,0.78355281,0,0,0.16701593,8.27,3.7181878,0
1.755,277.80799,675.11092,674.10021,0,0.052983982,0.78355131,0.01235099,0.0014934692,0.16675495,8.27,3.718205,8.6097118e-05
1.756,277.16873,671.99107,673.03617,0,0.052983982,0.78355131,0,0,0.16651451,8.27,3.718205,0
1.757,276.5305,671.99107,671.9738,0,0.052983982,0.78355131,0,0,0.1662543,8.27,3.718205,0
1.758,275.93252,671.99107,670.97841,0,0.052974188,0.78355013,0.0097941463,0.0011842982,0.1659945,8.27,3.7182187,6.8273382e-05
1.759,275.29621,668.87121,669.91927,0,0.052974188,0.78355013,0,0,0.16575106,8.27,3.7182187,0
1.76,274.66091,668.87121,668.86178,0,0.052974188,0.78355013,0,0,0.16549203,8.27,3.7182187,0
1.761,274.05564,668.87121,667.85425,0,0.052966948,0.78354926,0.0072394861,0.0008753913,0.16523339,8.27,3.7182288,5.0465081e-05
1.762,273.42227,665.75136,666.8,0,0.052966948,0.78354926,0,0,0.16498697,8.27,3.7182288,0
1.763,272.7899,665.75136,665.74741,0,0.052966948,0.78354926,0,0,0.16472911,8.27,3.7182288,0
1.764,272.17733,665.75136,664.72774,0,0.052962261,0.78354869,0.0046870246,0.00056675025,0.16447165,8.27,3.7182353,3.2672268e-05
1.765,271.5469,662.6315,663.67839,0,0.052962261,0.78354869,0,0,0.16422223,8.27,3.7182353,0
1.766,270.91747,662.6315,662.63068,0,0.052962261,0.78354869,0,0,0.16396554,8.27,3.7182353,0
1.767,270.2976,662.6315,661.59888,0,0.052960124,0.78354843,0.0021367759,0.00025837677,0.16370925,8.27,3.7182383,1.4894992e-05
1.768,269.67013,659.51165,660.55443,0,0.052960124,0.78354843,0,0,0.16345684,8.27,3.7182383,0
1.769,269.04363,659.51165,659.51162,0,0.052960124,0.78354843,0,0,0.16320133,8.27,3.7182383,0
1.77,268.41977,659.51165,658.47318,0,0.052959713,0.78354838,0.00041126346,4.9729559e-05,0.16294622,8.27,3.7182389,2.8668242e-06
1.771,267.79523,656.39179,657.43363,0,0.052959713,0.78354838,0,0,0.16269216,8.27,3.7182389,0
1.772,267.17167,656.39179,656.3957,0,0.052959713,0.78354838,0,0,0.16243783,8.27,3.7182389,0
1.773,266.54909,656.39179,655.35939,0,0.052959713,0.78354838,0,0,0.16218388,8.27,3.7182389,0
1.774,266.23161,656.39179,654.83074,0,0.052883918,0.78353922,0.07579511,0.0091650677,0.16193033,8.27,3.7183445,0.00052835043
1.775,265.61041,653.27194,653.79695,0,0.052883918,0.78353922,0,0,0.16180098,8.27,3.7183445,0
1.776,264.9903,653.27194,652.76477,0,0.052883918,0.78353922,0,0,0.16154802,8.27,3.7183445,0
1.777,264.58447,653.27194,652.08912,0,0.052830784,0.78353279,0.053133795,0.0064248845,0.16129546,8.27,3.7184186,0.00037037304
1.778,263.96591,650.15208,651.05966,0,0.052830784,0.78353279,0,0,0.16113013,8.27,3.7184186,0
1.779,263.3484,650.15208,650.03181,0,0.052830784,0.78353279,0,0,0.16087821,8.27,3.7184186,0
1.78,262.83581,650.15208,649.17853,0,0.052804905,0.78352966,0.025879386,0.0031293091,0.16062669,8.27,3.7184547,0.00018039058
1.781,262.22004,647.03222,648.15365,0,0.052804905,0.78352966,0,0,0.16041788,8.27,3.7184547,0
1.782,261.60528,647.03222,647.13037,0,0.052804905,0.78352966,0,0,0.16016706,8.27,3.7184547,0
1.783,260.99148,647.03222,646.10869,0,0.052804905,0.78352966,0,0,0.15991663,8.27,3.7184547,0
1.784,260.66671,647.03222,645.56793,0,0.052733178,0.78352099,0.071726378,0.0086730808,0.15966659,8.27,3.7185547,0.00049995921
1.785,260.05429,643.91237,644.54875,0,0.052733178,0.78352099,0,0,0.15953424,8.27,3.7185547,0
1.786,259.44295,643.91237,643.53117,0,0.052733178,0.78352099,0,0,0.15928479,8.27,3.7185547,0
1.787,259.01777,643.91237,642.82335,0,0.052687089,0.78351541,0.046089853,0.0055731382,0.15903573,8.27,3.7186189,0.00032125457
1.788,258.408,640.79251,641.80851,0,0.052687089,0.78351541,0,0,0.15886248,8.27,3.7186189,0
1.789,257.79925,640.79251,640.79525,0,0.052687089,0.78351541,0,0,0.15861408,8.27,3.7186189,0
1.79,257.19146,640.79251,639.78359,0,0.052687089,0.78351541,0,0,0.15836606,8.27,3.7186189,0
1.791,256.88599,640.79251,639.27495,0,0.052612092,0.78350635,0.074996511,0.009068502,0.15811842,8.27,3.7187235,0.00052273015
1.792,256.27954,637.67266,638.26572,0,0.052612092,0.78350635,0,0,0.15799391,8.27,3.7187235,0
1.793,255.67416,637.67266,637.25807,0,0.052612092,0.78350635,0,0,0.15774685,8.27,3.7187235,0
1.794,255.26306,637.67266,636.57367,0,0.052564008,0.78350053,0.048083706,0.0058142329,0.15750017,8.27,3.7187905,0.00033513687
1.795,254.65922,634.5528,635.56871,0,0.052564008,0.78350053,0,0,0.15733263,8.27,3.7187905,0
1.796,254.05639,634.5528,634.56532,0,0.052564008,0.78350053,0,0,0.1570866,8.27,3.7187905,0
1.797,253.45451,634.5528,633.56351,0,0.052564008,0.78350053,0,0,0.15684095,8.27,3.7187905,0
1.798,253.15229,634.5528,633.06027,0,0.052489718,0.78349155,0.074290471,0.0089831283,0.15659567,8.27,3.7188941,0.00051778511
1.799,252.55174,631.43295,632.06087,0,0.052489718,0.78349155,0,0,0.15647246,8.27,3.7188941,0
1.8,251.95225,631.43295,631.06303,0,0.052489718,0.78349155,0,0,0.15622777,8.27,3.7188941,0
1.801,251.53649,631.43295,630.3709,0,0.052444282,0.78348605,0.045436081,0.0054940847,0.15598345,8.27,3.7189574,0.00031666876
1.802,250.93854,628.31309,629.37574,0,0.052444282,0.78348605,0,0,0.15581398,8.27,3.7189574,0
1.803,250.34159,628.31309,628.38214,0,0.052444282,0.78348605,0,0,0.1555703,8.27,3.7189574,0
1.804,249.74558,628.31309,627.3901,0,0.052444282,0.78348605,0,0,0.155327,8.27,3.7189574,0
1.805,249.43931,628.31309,626.88015,0,0.052372498,0.78347737,0.071784107,0.0086800614,0.15508408,8.27,3.7190575,0.00050029397
1.806,248.84463,625.19323,625.89051,0,0.052372498,0.78347737,0,0,0.1549592,8.27,3.7190575,0
1.807,248.25099,625.19323,624.90243,0,0.052372498,0.78347737,0,0,0.15471685,8.27,3.7190575,0
1.808,247.82052,625.19323,624.18583,0,0.052332197,0.7834725,0.040300869,0.0048731402,0.15447488,8.27,3.7191136,0.00028086634
1.809,247.22845,622.07338,623.20044,0,0.052332197,0.7834725,0,0,0.15429939,8.27,3.7191136,0
1.81,246.63735,622.07338,622.2166,0,0.052332197,0.7834725,0,0,0.15405806,8.27,3.7191136,0
1.811,246.04719,622.07338,621.2343,0,0.052332197,0.7834725,0,0,0.1538171,8.27,3.7191136,0
1.812,245.73359,622.07338,620.71216,0,0.052263728,0.78346422,0.068468846,0.0082791833,0.15357652,8.27,3.7192091,0.00047716845
1.813,245.14477,618.95352,619.73227,0,0.052263728,0.78346422,0,0,0.15344864,8.27,3.7192091,0
1.814,244.55697,618.95352,618.7539,0,0.052263728,0.78346422,0,0,0.15320863,8.27,3.7192091,0
1.815,244.10465,618.95352,618.00096,0,0.052230326,0.78346018,0.033401999,0.0040389358,0.152969,8.27,3.7192556,0.00023277698
1.816,243.51844,615.83367,617.02533,0,0.052230326,0.78346018,0,0,0.15278457,8.27,3.7192556,0
1.817,242.9332,615.83367,616.05124,0,0.052230326,0.78346018,0,0,0.15254559,8.27,3.7192556,0
1.818,242.34888,615.83367,615.07867,0,0.052230326,0.78346018,0,0,0.15230698,8.27,3.7192556,0
1.819,242.02721,615.83367,614.5431,0,0.052165354,0.78345233,0.064971858,0.0078563311,0.15206873,8.27,3.7193462,0.00045278019
1.82,241.44423,612.71381,613.57294,0,0.052165354,0.78345233,0,0,0.15193754,8.27,3.7193462,0
1.821,240.86227,612.71381,612.6043,0,0.052165354,0.78345233,0,0,0.15169987,8.27,3.7193462,0
1.822,240.38099,612.71381,611.80318,0,0.052140605,0.78344933,0.024749393,0.0029926715,0.15146257,8.27,3.7193807,0.00017247102
1.823,239.80066,609.59396,610.83733,0,0.052140605,0.78344933,0,0,0.15126631,8.27,3.7193807,0
1.824,239.22128,609.59396,609.87299,0,0.052140605,0.78344933,0,0,0.15102968,8.27,3.7193807,0
1.825,238.64281,609.59396,608.91017,0,0.052140605,0.78344933,0,0,0.15079342,8.27,3.7193807,0
1.826,238.31458,609.59396,608.3637,0,0.05207875,0.78344186,0.061855093,0.007479455,0.15055752,8.27,3.7194669,0.00043104539
1.827,237.73746,606.4741,607.40329,0,0.05207875,0.78344186,0,0,0.15042363,8.27,3.7194669,0
1.828,237.16134,606.4741,606.44437,0,0.05207875,0.78344186,0,0,0.15018831,8.27,3.7194669,0
1.829,236.63816,606.4741,605.57355,0,0.05206585,0.7834403,0.012899717,0.0015598206,0.14995335,8.27,3.7194849,8.9891295e-05
1.83,236.06375,603.35425,604.61751,0,0.05206585,0.7834403,0,0,0.14973997,8.27,3.7194849,0
1.831,235.49025,603.35425,603.66298,0,0.05206585,0.7834403,0,0,0.14950571,8.27,3.7194849,0
1.832,234.91765,603.35425,602.70993,0,0.05206585,0.7834403,0,0,0.1492718,8.27,3.7194849,0
1.833,234.58823,603.35425,602.16149,0,0.052005784,0.78343303,0.060065548,0.0072630651,0.14903826,8.27,3.7195686,0.00041856298
1.834,234.01698,600.23439,601.21084,0,0.052005784,0.78343303,0,0,0.14890386,8.27,3.7195686,0
1.835,233.44671,600.23439,600.26169,0,0.052005784,0.78343303,0,0,0.14867089,8.27,3.7195686,0
1.836,232.87734,600.23439,599.31402,0,0.052005784,0.78343303,0,0,0.14843828,8.27,3.7195686,0
1.837,232.59853,600.23439,598.84979,0,0.051933982,0.78342435,0.071802795,0.008682321,0.14820602,8.27,3.7196686,0.00050034198
1.838,232.03041,597.11453,597.90438,0,0.051933982,0.78342435,0,0,0.14809225,8.27,3.7196686,0
1.839,231.46328,597.11453,596.96046,0,0.051933982,0.78342435,0,0,0.14786054,8.27,3.7196686,0
1.84,231.01568,597.11453,596.21539,0,0.051904598,0.7834208,0.029383911,0.0035530727,0.14762919,8.27,3.7197096,0.00020474981
1.841,230.45011,593.99468,595.27413,0,0.051904598,0.7834208,0,0,0.14744658,8.27,3.7197096,0
1.842,229.88547,593.99468,594.33435,0,0.051904598,0.7834208,0,0,0.14721587,8.27,3.7197096,0
1.843,229.32171,593.99468,593.39604,0,0.051904598,0.7834208,0,0,0.14698552,8.27,3.7197096,0
1.844,228.99273,593.99468,592.84833,0,0.051846667,0.78341379,0.057930526,0.0070049004,0.14675552,8.27,3.7197903,0.00040366082
1.845,228.43031,590.87482,591.91239,0,0.051846667,0.78341379,0,0,0.14662126,8.27,3.7197903,0
1.846,227.86886,590.87482,590.97791,0,0.051846667,0.78341379,0,0,0.14639183,8.27,3.7197903,0
1.847,227.30829,590.87482,590.0449,0,0.051846667,0.78341379,0,0,0.14616276,8.27,3.7197903,0
1.848,227.02408,590.87482,589.5717,0,0.051778445,0.78340554,0.068222048,0.0082493407,0.14593404,8.27,3.7198854,0.00047536199
1.849,226.46476,587.75497,588.64094,0,0.051778445,0.78340554,0,0,0.14581803,8.27,3.7198854,0
1.85,225.90641,587.75497,587.71164,0,0.051778445,0.78340554,0,0,0.14558985,8.27,3.7198854,0
1.851,225.41195,587.75497,586.88863,0,0.051762855,0.78340366,0.015590452,0.0018851816,0.14536203,8.27,3.7199071,0.00010862938
1.852,224.85524,584.63511,585.96209,0,0.051762855,0.78340366,0,0,0.14516025,8.27,3.7199071,0
1.853,224.29942,584.63511,585.037,0,0.051762855,0.78340366,0,0,0.14493309,8.27,3.7199071,0
1.854,223.74448,584.63511,584.11336,0,0.051762855,0.78340366,0,0,0.14470627,8.27,3.7199071,0
1.855,223.40908,584.63511,583.555,0,0.051708741,0.78339711,0.054113452,0.0065433437,0.14447981,8.27,3.7199825,0.00037704337
1.856,222.85547,581.51526,582.63372,0,0.051708741,0.78339711,0,0,0.1443429,8.27,3.7199825,0
1.857,222.30281,581.51526,581.71388,0,0.051708741,0.78339711,0,0,0.14411701,8.27,3.7199825,0
1.858,221.75101,581.51526,580.79548,0,0.051708741,0.78339711,0,0,0.14389146,8.27,3.7199825,0
1.859,221.45702,581.51526,580.30603,0,0.051645171,0.78338943,0.063570084,0.00768683,0.14366626,8.27,3.7200711,0.00044292486
1.86,220.90648,578.3954,579.38988,0,0.051645171,0.78338943,0,0,0.14354624,8.27,3.7200711,0
1.861,220.3569,578.3954,578.47517,0,0.051645171,0.78338943,0,0,0.14332158,8.27,3.7200711,0
1.862,219.80818,578.3954,577.5619,0,0.051645171,0.78338943,0,0,0.14309727,8.27,3.7200711,0
1.863,219.53693,578.3954,577.11029,0,0.05157675,0.78338115,0.068421475,0.0082734552,0.1428733,8.27,3.7201665,0.00047671559
1.864,218.98942,575.27554,576.1992,0,0.05157675,0.78338115,0,0,0.14276255,8.27,3.7201665,0
1.865,218.44287,575.27554,575.28954,0,0.05157675,0.78338115,0,0,0.14253911,8.27,3.7201665,0
1.866,217.89717,575.27554,574.3813,0,0.05157675,0.78338115,0,0,0.14231601,8.27,3.7201665,0
1.867,217.63898,575.27554,573.95141,0,0.051505865,0.78337258,0.070884435,0.0085712739,0.14209326,8.27,3.7202652,0.00049386321
1.868,217.09447,572.15569,573.04532,0,0.051505865,0.78337258,0,0,0.14198783,8.27,3.7202652,0
1.869,216.55092,572.15569,572.14065,0,0.051505865,0.78337258,0,0,0.14176559,8.27,3.7202652,0
1.87,216.04543,572.15569,571.29932,0,0.051496672,0.78337147,0.0091933504,0.0011116506,0.1415437,8.27,3.720278,6.4049844e-05
1.871,215.5035,569.03583,570.39739,0,0.051496672,0.78337147,0,0,0.14133734,8.27,3.720278,0
1.872,214.96244,569.03583,569.49688,0,0.051496672,0.78337147,0,0,0.14111611,8.27,3.720278,0
1.873,214.42223,569.03583,568.59778,0,0.051496672,0.78337147,0,0,0.14089522,8.27,3.720278,0
1.874,214.08374,569.03583,568.0343,0,0.05144704,0.78336547,0.049631407,0.0060013794,0.14067467,8.27,3.7203472,0.00034577959
1.875,213.54486,565.91598,567.13752,0,0.05144704,0.78336547,0,0,0.14053645,8.27,3.7203472,0
1.876,213.00688,565.91598,566.24215,0,0.05144704,0.78336547,0,0,0.14031646,8.27,3.7203472,0
1.877,212.46975,565.91598,565.34819,0,0.05144704,0.78336547,0,0,0.14009681,8.27,3.7203472,0
1.878,212.16226,565.91598,564.83628,0,0.051390525,0.78335864,0.056515878,0.0068338426,0.1398775,8.27,3.7204259,0.00039373604
1.879,211.6264,562.79612,563.94455,0,0.051390525,0.78335864,0,0,0.13975191,8.27,3.7204259,0
1.88,211.09145,562.79612,563.05423,0,0.051390525,0.78335864,0,0,0.13953314,8.27,3.7204259,0
1.881,210.55735,562.79612,562.1653,0,0.051390525,0.78335864,0,0,0.13931471,8.27,3.7204259,0
1.882,210.26534,562.79612,561.67917,0,0.051330942,0.78335143,0.059582073,0.0072046037,0.13909662,8.27,3.720509,0.00041508889
1.883,209.73247,559.67627,560.79243,0,0.051330942,0.78335143,0,0,0.13897734,8.27,3.720509,0
1.884,209.20052,559.67627,559.90709,0,0.051330942,0.78335143,0,0,0.13875978,8.27,3.720509,0
1.885,208.6694,559.67627,559.02313,0,0.051330942,0.78335143,0,0,0.13854255,8.27,3.720509,0
1.886,208.38472,559.67627,558.5492,0,0.051270304,0.7833441,0.06063827,0.007332318,0.13832565,8.27,3.7205934,0.00042243764
1.887,207.85483,556.55641,557.66741,0,0.051270304,0.7833441,0,0,0.13820936,8.27,3.7205934,0
1.888,207.32584,556.55641,556.78701,0,0.051270304,0.7833441,0,0,0.13799299,8.27,3.7205934,0
1.889,206.79768,556.55641,555.90798,0,0.051270304,0.7833441,0,0,0.13777695,8.27,3.7205934,0
1.89,206.51519,556.55641,555.4377,0,0.051209873,0.78333679,0.060431274,0.0073072883,0.13756125,8.27,3.7206776,0.00042098605
1.891,205.98825,553.43656,554.56083,0,0.051209873,0.78333679,0,0,0.13744584,8.27,3.7206776,0
1.892,205.46221,553.43656,553.68534,0,0.051209873,0.78333679,0,0,0.13723066,8.27,3.7206776,0
1.893,204.937,553.43656,552.81121,0,0.051209873,0.78333679,0,0,0.1370158,8.27,3.7206776,0
1.894,204.65317,553.43656,552.33871,0,0.051150515,0.78332961,0.059357478,0.007177446,0.13680128,8.27,3.7207603,0.00041349624
1.895,204.12917,550.3167,551.46674,0,0.051150515,0.78332961,0,0,0.13668532,8.27,3.7207603,0
1.896,203.60607,550.3167,550.59613,0,0.051150515,0.78332961,0,0,0.13647132,8.27,3.7207603,0
1.897,203.08378,550.3167,549.72689,0,0.051150515,0.78332961,0,0,0.13625765,8.27,3.7207603,0
1.898,202.79607,550.3167,549.24792,0,0.051092858,0.78332264,0.057657811,0.0069719239,0.1360443,8.27,3.7208407,0.00040164708
1.899,202.275,547.19684,548.38083,0,0.051092858,0.78332264,0,0,0.13592674,8.27,3.7208407,0
1.9,201.75483,547.19684,547.5151,0,0.051092858,0.78332264,0,0,0.13571392,8.27,3.7208407,0
1.901,201.23547,547.19684,546.65073,0,0.051092858,0.78332264,0,0,0.13550143,8.27,3.7208407,0
1.902,200.94196,547.19684,546.16213,0,0.051037366,0.78331593,0.055491932,0.006710028,0.13528926,8.27,3.720918,0.00038655112
1.903,200.42383,544.07699,545.29992,0,0.051037366,0.78331593,0,0,0.13516932,8.27,3.720918,0
1.904,199.90657,544.07699,544.43906,0,0.051037366,0.78331593,0,0,0.13495768,8.27,3.720918,0
1.905,199.39013,544.07699,543.57954,0,0.051037366,0.78331593,0,0,0.13474636,8.27,3.720918,0
1.906,199.08939,544.07699,543.07891,0,0.050984393,0.78330953,0.052972185,0.0064053428,0.13453537,8.27,3.7209918,0.00036899115
1.907,198.57418,540.95713,542.22156,0,0.050984393,0.78330953,0,0,0.13441247,8.27,3.7209918,0
1.908,198.05985,540.95713,541.36556,0,0.050984393,0.78330953,0,0,0.134202,8.27,3.7209918,0
1.909,197.54632,540.95713,540.51091,0,0.050984393,0.78330953,0,0,0.13399185,8.27,3.7209918,0
1.91,197.23724,540.95713,539.99639,0,0.050934212,0.78330346,0.050181139,0.0060678524,0.13378203,8.27,3.7210617,0.00034954248
1.911,196.72495,537.83728,539.14391,0,0.050934212,0.78330346,0,0,0.13365571,8.27,3.7210617,0
1.912,196.21354,537.83728,538.29277,0,0.050934212,0.78330346,0,0,0.13344642,8.27,3.7210617,0
1.913,195.70293,537.83728,537.44296,0,0.050934212,0.78330346,0,0,0.13323744,8.27,3.7210617,0
1.914,195.38464,537.83728,536.91314,0,0.050887031,0.78329775,0.047181463,0.0057051346,0.1330288,8.27,3.7211274,0.00032864172
1.915,194.87528,534.71742,536.06553,0,0.050887031,0.78329775,0,0,0.13289871,8.27,3.7211274,0
1.916,194.36678,534.71742,535.21924,0,0.050887031,0.78329775,0,0,0.13269059,8.27,3.7211274,0
1.917,193.85908,534.71742,534.37429,0,0.050887031,0.78329775,0,0,0.13248279,8.27,3.7211274,0
1.918,193.53094,534.71742,533.82807,0,0.050843009,0.78329243,0.044021854,0.0053230779,0.13227531,8.27,3.7211887,0.0003066281
1.919,193.02451,531.59757,532.98532,0,0.050843009,0.78329243,0,0,0.13214119,8.27,3.7211887,0
1.92,192.51893,531.59757,532.1439,0,0.050843009,0.78329243,0,0,0.13193425,8.27,3.7211887,0
1.921,192.01414,531.59757,531.30379,0,0.050843009,0.78329243,0,0,0.13172762,8.27,3.7211887,0
1.922,191.67563,531.59757,530.74035,0,0.050802268,0.7832875,0.040740774,0.004926333,0.13152132,8.27,3.7212455,0.00028376952
1.923,191.17213,528.47771,529.90247,0,0.050802268,0.7832875,0,0,0.13138295,8.27,3.7212455,0
1.924,190.66947,528.47771,529.06591,0,0.050802268,0.7832875,0,0,0.13117718,8.27,3.7212455,0
1.925,190.1676,528.47771,528.23065,0,0.050802268,0.7832875,0,0,0.13097173,8.27,3.7212455,0
1.926,189.81836,528.47771,527.64935,0,0.050764899,0.78328299,0.037368895,0.0045186089,0.1307666,8.27,3.7212976,0.00026027958
1.927,189.31779,525.35785,526.81635,0,0.050764899,0.78328299,0,0,0.13062384,8.27,3.7212976,0
1.928,188.81804,525.35785,525.98465,0,0.050764899,0.78328299,0,0,0.13041925,8.27,3.7212976,0
1.929,188.31909,525.35785,525.15425,0,0.050764899,0.78328299,0,0,0.13021497,8.27,3.7212976,0
1.93,187.95884,525.35785,524.55463,0,0.050730969,0.78327888,0.033930754,0.0041028723,0.13001102,8.27,3.7213448,0.00023632914
1.931,187.4612,522.238,523.7265,0,0.050730969,0.78327888,0,0,0.12986374,8.27,3.7213448,0
1.932,186.96438,522.238,522.89967,0,0.050730969,0.78327888,0,0,0.12966033,8.27,3.7213448,0
1.933,186.46834,522.238,522.07414,0,0.050730969,0.78327888,0,0,0.12945723,8.27,3.7213448,0
1.934,186.09689,522.238,521.45588,0,0.050700523,0.7832752,0.030445896,0.0036814868,0.12925445,8.27,3.7213872,0.00021205426
1.935,185.60218,519.11814,520.63263,0,0.050700523,0.7832752,0,0,0.12910258,8.27,3.7213872,0
1.936,185.10829,519.11814,519.81067,0,0.050700523,0.7832752,0,0,0.12890035,8.27,3.7213872,0
1.937,184.61517,519.11814,518.99,0,0.050700523,0.7832752,0,0,0.12869843,8.27,3.7213872,0
1.938,184.23237,519.11814,518.35287,0,0.050673593,0.78327195,0.026929696,0.0032563115,0.12849683,8.27,3.7214247,0.00018756196
1.939,183.7406,515.99829,517.5345,0,0.050673593,0.78327195,0,0,0.12834031,8.27,3.7214247,0
1.94,183.24964,515.99829,516.71742,0,0.050673593,0.78327195,0,0,0.12813926,8.27,3.7214247,0
1.941,182.75945,515.99829,515.90162,0,0.050673593,0.78327195,0,0,0.12793852,8.27,3.7214247,0
1.942,182.36522,515.99829,515.24549,0,0.050650199,0.78326912,0.023393959,0.0028287738,0.12773809,8.27,3.7214573,0.00016293435
1.943,181.87639,512.87843,514.43201,0,0.050650199,0.78326912,0,0,0.12757689,8.27,3.7214573,0
1.944,181.38836,512.87843,513.61981,0,0.050650199,0.78326912,0,0,0.12737702,8.27,3.7214573,0
1.945,180.9011,512.87843,512.80888,0,0.050650199,0.78326912,0,0,0.12717747,8.27,3.7214573,0
1.946,180.49539,512.87843,512.13365,0,0.050630352,0.78326672,0.019847391,0.0023999263,0.12697822,8.27,3.721485,0.00013823198
1.947,180.00951,509.75858,511.32507,0,0.050630352,0.78326672,0,0,0.12681231,8.27,3.721485,0
1.948,179.52441,509.75858,510.51776,0,0.050630352,0.78326672,0,0,0.12661362,8.27,3.721485,0
1.949,179.04007,509.75858,509.71171,0,0.050630352,0.78326672,0,0,0.12641525,8.27,3.721485,0
1.95,178.62286,509.75858,509.01734,0,0.050614056,0.78326475,0.016295986,0.0019704941,0.12621718,8.27,3.7215077,0.00011349652
1.951,178.13992,506.63872,508.21366,0,0.050614056,0.78326475,0,0,0.12604655,8.27,3.7215077,0
1.952,177.65776,506.63872,507.41123,0,0.050614056,0.78326475,0,0,0.12584906,8.27,3.7215077,0
1.953,177.17636,506.63872,506.61007,0,0.050614056,0.78326475,0,0,0.12565187,8.27,3.7215077,0
1.954,176.74763,506.63872,505.89654,0,0.050601312,0.7832632,0.012743401,0.0015409192,0.12545498,8.27,3.7215254,8.875332e-05
1.955,176.26764,503.51887,505.09776,0,0.050601312,0.7832632,0,0,0.12527963,8.27,3.7215254,0
1.956,175.78842,503.51887,504.30024,0,0.050601312,0.7832632,0,0,0.12508332,8.27,3.7215254,0
1.957,175.30996,503.51887,503.50397,0,0.050601312,0.7832632,0,0,0.12488731,8.27,3.7215254,0
1.958,174.8697,503.51887,502.77127,0,0.050592121,0.78326209,0.0091913474,0.0011114084,0.12469161,8.27,3.7215382,6.4014205e-05
1.959,174.39267,500.39901,501.9774,0,0.050592121,0.78326209,0,0,0.12451153,8.27,3.7215382,0
1.96,173.91639,500.39901,501.18478,0,0.050592121,0.78326209,0,0,0.12431641,8.27,3.7215382,0
1.961,173.44087,500.39901,500.3934,0,0.050592121,0.78326209,0,0,0.12412159,8.27,3.7215382,0
1.962,172.98908,500.39901,499.64152,0,0.050586481,0.78326141,0.0056400974,0.00068199485,0.12392707,8.27,3.7215461,3.9280977e-05
1.963,172.51497,497.27915,498.85258,0,0.050586481,0.78326141,0,0,0.12374196,8.27,3.7215461,0
1.964,172.04158,497.27915,498.06487,0,0.050586481,0.78326141,0,0,0.12354736,8.27,3.7215461,0
1.965,171.56894,497.27915,497.2784,0,0.050586481,0.78326141,0,0,0.12335306,8.27,3.7215461,0
1.966,171.10545,497.27915,496.50718,0,0.050584417,0.78326116,0.0020640723,0.00024958553,0.12315907,8.27,3.721549,1.4375391e-05
1.967,170.63428,494.1593,495.72317,0,0.050584417,0.78326116,0,0,0.12296884,8.27,3.721549,0
1.968,170.16385,494.1593,494.9404,0,0.050584417,0.78326116,0,0,0.12277545,8.27,3.721549,0
1.969,169.69416,494.1593,494.15885,0,0.050584417,0.78326116,0,0,0.12258237,8.27,3.721549,0
1.97,169.23171,494.1593,493.38934,0,0.050582826,0.78326097,0.0015910912,0.00019239313,0.12238958,8.27,3.7215512,1.1081269e-05
1.971,168.76348,491.03944,492.61024,0,0.050582826,0.78326097,0,0,0.12219976,8.27,3.7215512,0
1.972,168.296,491.03944,491.83237,0,0.050582826,0.78326097,0,0,0.12200757,8.27,3.7215512,0
1.973,167.82926,491.03944,491.05572,0,0.050582826,0.78326097,0,0,0.12181569,8.27,3.7215512,0
1.974,167.36324,491.03944,490.2803,0,0.050582826,0.78326097,0,0,0.1216241,8.27,3.7215512,0
1.975,167.16573,491.03944,489.95159,0,0.050517158,0.78325303,0.065667783,0.0079404816,0.12143281,8.27,3.7216426,0.00045734773
1.976,166.70075,487.91959,489.17794,0,0.050517158,0.78325303,0,0,0.12135172,8.27,3.7216426,0
1.977,166.23654,487.91959,488.40551,0,0.050517158,0.78325303,0,0,0.12116087,8.27,3.7216426,0
1.978,165.77306,487.91959,487.6343,0,0.050517158,0.78325303,0,0,0.12097031,8.27,3.7216426,0
1.979,165.47459,487.91959,487.13763,0,0.050476893,0.78324816,0.040264558,0.0048687495,0.12078006,8.27,3.7216987,0.00028041835
1.98,165.0123,484.79973,486.36844,0,0.050476893,0.78324816,0,0,0.12065753,8.27,3.7216987,0
1.981,164.55076,484.79973,485.60046,0,0.050476893,0.78324816,0,0,0.12046776,8.27,3.7216987,0
1.982,164.08995,484.79973,484.83369,0,0.050476893,0.78324816,0,0,0.1202783,8.27,3.7216987,0
1.983,163.62986,484.79973,484.06813,0,0.050476893,0.78324816,0,0,0.12008913,8.27,3.7216987,0
1.984,163.43363,484.79973,483.74155,0,0.0504124,0.78324036,0.064493122,0.0077984428,0.11990025,8.27,3.7217886,0.00044914891
1.985,162.97456,481.67988,482.97774,0,0.0504124,0.78324036,0,0,0.11981968,8.27,3.7217886,0
1.986,162.51625,481.67988,482.21514,0,0.0504124,0.78324036,0,0,0.11963124,8.27,3.7217886,0
1.987,162.05867,481.67988,481.45374,0,0.0504124,0.78324036,0,0,0.11944309,8.27,3.7217886,0
1.988,161.74822,481.67988,480.93714,0,0.050376537,0.78323603,0.035863401,0.004336566,0.11925523,8.27,3.7218385,0.00024975715
1.989,161.29184,478.56002,480.17778,0,0.050376537,0.78323603,0,0,0.11912777,8.27,3.7218385,0
1.99,160.83619,478.56002,479.41961,0,0.050376537,0.78323603,0,0,0.11894042,8.27,3.7218385,0
1.991,160.38126,478.56002,478.66263,0,0.050376537,0.78323603,0,0,0.11875335,8.27,3.7218385,0
1.992,159.92705,478.56002,477.90684,0,0.050376537,0.78323603,0,0,0.11856658,8.27,3.7218385,0
1.993,159.72244,478.56002,477.56633,0,0.050315572,0.78322865,0.060964319,0.0073717436,0.1183801,8.27,3.7219234,0.00042455735
1.994,159.26925,475.44016,476.81231,0,0.050315572,0.78322865,0,0,0.11829608,8.27,3.7219234,0
1.995,158.81681,475.44016,476.05947,0,0.050315572,0.78322865,0,0,0.11811003,8.27,3.7219234,0
1.996,158.36508,475.44016,475.30783,0,0.050315572,0.78322865,0,0,0.11792427,8.27,3.7219234,0
1.997,158.02621,475.44016,474.74393,0,0.050288125,0.78322533,0.027447253,0.0033188939,0.11773881,8.27,3.7219616,0.00019113913
1.998,157.57572,472.32031,473.99437,0,0.050288125,0.78322533,0,0,0.11759966,8.27,3.7219616,0
1.999,157.12595,472.32031,473.24598,0,0.050288125,0.78322533,0,0,0.11741471,8.27,3.7219616,0
2,156.6769,472.32031,472.49878,0,0.050288125,0.78322533,0,0,0.11723004,8.27,3.7219616,0
2.001,156.22855,472.32031,471.75276,0,0.050288125,0.78322533,0,0,0.11704566,8.27,3.7219616,0
2.002,156.01316,472.32031,471.39431,0,0.050231273,0.78321846,0.056852645,0.006874564,0.11686157,8.27,3.7220408,0.00039591043
2.003,155.56584,469.20045,470.65006,0,0.050231273,0.78321846,0,0,0.11677312,8.27,3.7220408,0
2.004,155.11926,469.20045,469.90697,0,0.050231273,0.78321846,0,0,0.11658946,8.27,3.7220408,0
2.005,154.67338,469.20045,469.16506,0,0.050231273,0.78321846,0,0,0.11640609,8.27,3.7220408,0
2.006,154.28627,469.20045,468.52092,0,0.050217073,0.78321674,0.014199953,0.0017170439,0.116223,8.27,3.7220606,9.8883527e-05
2.007,153.8417,466.0806,467.7812,0,0.050217073,0.78321674,0,0,0.11606405,8.27,3.7220606,0
2.008,153.39784,466.0806,467.04264,0,0.050217073,0.78321674,0,0,0.1158815,8.27,3.7220606,0
2.009,152.95468,466.0806,466.30525,0,0.050217073,0.78321674,0,0,0.11569924,8.27,3.7220606,0
2.01,152.51221,466.0806,465.56902,0,0.050217073,0.78321674,0,0,0.11551726,8.27,3.7220606,0
2.011,152.29119,466.0806,465.2012,0,0.050163073,0.78321021,0.053999644,0.0065295821,0.11533557,8.27,3.7221358,0.00037603271
2.012,151.84976,462.96074,464.46674,0,0.050163073,0.78321021,0,0,0.11524479,8.27,3.7221358,0
2.013,151.40905,462.96074,463.73343,0,0.050163073,0.78321021,0,0,0.11506353,8.27,3.7221358,0
2.014,150.96904,462.96074,463.00129,0,0.050163073,0.78321021,0,0,0.11488256,8.27,3.7221358,0
2.015,150.52972,462.96074,462.27029,0,0.050163073,0.78321021,0,0,0.11470187,8.27,3.7221358,0
2.016,150.34764,462.96074,461.96726,0,0.050100325,0.78320263,0.062747702,0.0075873884,0.11452146,8.27,3.7222232,0.00043694198
2.017,149.90928,459.84089,461.23792,0,0.050100325,0.78320263,0,0,0.11444667,8.27,3.7222232,0
2.018,149.47165,459.84089,460.50974,0,0.050100325,0.78320263,0,0,0.11426666,8.27,3.7222232,0
2.019,149.03471,459.84089,459.7827,0,0.050100325,0.78320263,0,0,0.11408694,8.27,3.7222232,0
2.02,148.67301,459.84089,459.18085,0,0.050082106,0.78320042,0.018218902,0.0022030111,0.1139075,8.27,3.7222486,0.00012686387
2.021,148.23733,456.72103,458.45592,0,0.050082106,0.78320042,0,0,0.11375896,8.27,3.7222486,0
2.022,147.80233,456.72103,457.73213,0,0.050082106,0.78320042,0,0,0.11358003,8.27,3.7222486,0
2.023,147.36803,456.72103,457.00948,0,0.050082106,0.78320042,0,0,0.11340139,8.27,3.7222486,0
2.024,146.93441,456.72103,456.28796,0,0.050082106,0.78320042,0,0,0.11322302,8.27,3.7222486,0
2.025,146.70489,456.72103,455.90602,0,0.05003239,0.78319441,0.04971634,0.0060116494,0.11304493,8.27,3.7223178,0.00034618795
2.026,146.2723,453.60118,455.18627,0,0.05003239,0.78319441,0,0,0.11295066,8.27,3.7223178,0
2.027,145.84042,453.60118,454.46766,0,0.05003239,0.78319441,0,0,0.11277301,8.27,3.7223178,0
2.028,145.40922,453.60118,453.75018,0,0.05003239,0.78319441,0,0,0.11259563,8.27,3.7223178,0
2.029,144.9787,453.60118,453.03382,0,0.05003239,0.78319441,0,0,0.11241853,8.27,3.7223178,0
2.03,144.78179,453.60118,452.70613,0,0.049975473,0.78318753,0.056917163,0.0068823656,0.11224171,8.27,3.7223971,0.0003963218
2.031,144.35224,450.48132,451.99145,0,0.049975473,0.78318753,0,0,0.11216082,8.27,3.7223971,0
2.032,143.9234,450.48132,451.2779,0,0.049975473,0.78318753,0,0,0.1119844,8.27,3.7223971,0
2.033,143.49524,450.48132,450.56547,0,0.049975473,0.78318753,0,0,0.11180827,8.27,3.7223971,0
2.034,143.06775,450.48132,449.85416,0,0.049975473,0.78318753,0,0,0.11163241,8.27,3.7223971,0
2.035,142.88595,450.48132,449.55161,0,0.049915618,0.78318029,0.059855125,0.0072376209,0.11145682,8.27,3.7224804,0.00041677034
2.036,142.4594,447.36146,448.84193,0,0.049915618,0.78318029,0,0,0.11138213,8.27,3.7224804,0
2.037,142.03357,447.36146,448.13337,0,0.049915618,0.78318029,0,0,0.11120695,8.27,3.7224804,0
2.038,141.6084,447.36146,447.42593,0,0.049915618,0.78318029,0,0,0.11103203,8.27,3.7224804,0
2.039,141.1839,447.36146,446.7196,0,0.049915618,0.78318029,0,0,0.11085739,8.27,3.7224804,0
2.04,141.00806,447.36146,446.42697,0,0.049855051,0.78317297,0.0605664,0.0073236276,0.11068303,8.27,3.7225648,0.0004217135
2.041,140.58449,444.24161,445.72224,0,0.049855051,0.78317297,0,0,0.11061079,8.27,3.7225648,0
2.042,140.16163,444.24161,445.01863,0,0.049855051,0.78317297,0,0,0.11043681,8.27,3.7225648,0
2.043,139.73943,444.24161,444.31613,0,0.049855051,0.78317297,0,0,0.11026311,8.27,3.7225648,0
2.044,139.31789,444.24161,443.61473,0,0.049855051,0.78317297,0,0,0.11008969,8.27,3.7225648,0
2.045,139.14223,444.24161,443.32238,0,0.049795183,0.78316573,0.059868585,0.0072392485,0.10991653,8.27,3.7226481,0.00041684528
2.046,138.72162,441.12175,442.62258,0,0.049795183,0.78316573,0,0,0.10984435,8.27,3.7226481,0
2.047,138.3017,441.12175,441.92388,0,0.049795183,0.78316573,0,0,0.10967159,8.27,3.7226481,0
2.048,137.88245,441.12175,441.22629,0,0.049795183,0.78316573,0,0,0.10949909,8.27,3.7226481,0
2.049,137.46386,441.12175,440.52979,0,0.049795183,0.78316573,0,0,0.10932686,8.27,3.7226481,0
2.05,137.28433,441.12175,440.23102,0,0.049736992,0.78315869,0.058190605,0.0070363489,0.10915491,8.27,3.7227292,0.00040515299
2.051,136.86666,438.0019,439.53612,0,0.049736992,0.78315869,0,0,0.10908114,8.27,3.7227292,0
2.052,136.44969,438.0019,438.84231,0,0.049736992,0.78315869,0,0,0.10890958,8.27,3.7227292,0
2.053,136.03337,438.0019,438.1496,0,0.049736992,0.78315869,0,0,0.10873828,8.27,3.7227292,0
2.054,135.61771,438.0019,437.45798,0,0.049736992,0.78315869,0,0,0.10856725,8.27,3.7227292,0
2.055,135.43135,438.0019,437.14785,0,0.0496812,0.78315195,0.055791846,0.0067462933,0.10839649,8.27,3.7228069,0.00038844313
2.056,135.01662,434.88204,436.45783,0,0.0496812,0.78315195,0,0,0.10831992,8.27,3.7228069,0
2.057,134.60258,434.88204,435.7689,0,0.0496812,0.78315195,0,0,0.10814955,8.27,3.7228069,0
2.058,134.18919,434.88204,435.08106,0,0.0496812,0.78315195,0,0,0.10797945,8.27,3.7228069,0
2.059,133.77645,434.88204,434.3943,0,0.0496812,0.78315195,0,0,0.10780962,8.27,3.7228069,0
2.06,133.581,434.88204,434.06904,0,0.049628356,0.78314556,0.052844087,0.0063898533,0.10764005,8.27,3.7228804,0.00036791209
2.061,133.1692,431.76219,433.3839,0,0.049628356,0.78314556,0,0,0.10755974,8.27,3.7228804,0
2.062,132.75808,431.76219,432.69984,0,0.049628356,0.78314556,0,0,0.10739056,8.27,3.7228804,0
2.063,132.34761,431.76219,432.01686,0,0.049628356,0.78314556,0,0,0.10722166,8.27,3.7228804,0
2.064,131.93779,431.76219,431.33496,0,0.049628356,0.78314556,0,0,0.10705301,8.27,3.7228804,0
2.065,131.73148,431.76219,430.99164,0,0.049578888,0.78313957,0.049468649,0.0059816988,0.10688463,8.27,3.7229493,0.00034440475
2.066,131.32261,428.64233,430.31137,0,0.049578888,0.78313957,0,0,0.10679986,8.27,3.7229493,0
2.067,130.91442,428.64233,429.63218,0,0.049578888,0.78313957,0,0,0.10663188,8.27,3.7229493,0
2.068,130.50686,428.64233,428.95405,0,0.049578888,0.78313957,0,0,0.10646417,8.27,3.7229493,0
2.069,130.09995,428.64233,428.277,0,0.049578888,0.78313957,0,0,0.10629671,8.27,3.7229493,0
2.07,129.88139,428.64233,427.9133,0,0.049533132,0.78313404,0.045755485,0.0055327068,0.10612952,8.27,3.723013,0.0003185475
2.071,129.47546,425.52247,427.2379,0,0.049533132,0.78313404,0,0,0.10603971,8.27,3.723013,0
2.072,129.07018,425.52247,426.56357,0,0.049533132,0.78313404,0,0,0.10587293,8.27,3.723013,0
2.073,128.66555,425.52247,425.8903,0,0.049533132,0.78313404,0,0,0.10570641,8.27,3.723013,0
2.074,128.26155,425.52247,425.2181,0,0.049533132,0.78313404,0,0,0.10554015,8.27,3.723013,0
2.075,128.02963,425.52247,424.83216,0,0.049491358,0.78312899,0.041773918,0.0050512598,0.10537415,8.27,3.7230712,0.00029082305
2.076,127.62662,422.40262,424.16164,0,0.049491358,0.78312899,0,0,0.10527884,8.27,3.7230712,0
2.077,127.22427,422.40262,423.49218,0,0.049491358,0.78312899,0,0,0.10511325,8.27,3.7230712,0
2.078,126.82256,422.40262,422.82377,0,0.049491358,0.78312899,0,0,0.10494792,8.27,3.7230712,0
2.079,126.42147,422.40262,422.15641,0,0.049491358,0.78312899,0,0,0.10478285,8.27,3.7230712,0
2.08,126.1753,422.40262,421.74678,0,0.049453779,0.78312445,0.037579104,0.004544027,0.10461804,8.27,3.7231235,0.00026161536
2.081,125.77523,419.28276,421.08114,0,0.049453779,0.78312445,0,0,0.10451688,8.27,3.7231235,0
2.082,125.37581,419.28276,420.41654,0,0.049453779,0.78312445,0,0,0.10435249,8.27,3.7231235,0
2.083,124.97701,419.28276,419.753,0,0.049453779,0.78312445,0,0,0.10418835,8.27,3.7231235,0
2.084,124.57885,419.28276,419.0905,0,0.049453779,0.78312445,0,0,0.10402448,8.27,3.7231235,0
2.085,124.31773,419.28276,418.65599,0,0.049420563,0.78312043,0.033216127,0.0040164603,0.10386086,8.27,3.7231698,0.00023123827
2.086,123.92059,416.16291,417.99524,0,0.049420563,0.78312043,0,0,0.10375354,8.27,3.7231698,0
2.087,123.5241,416.16291,417.33552,0,0.049420563,0.78312043,0,0,0.10359035,8.27,3.7231698,0
2.088,123.12823,416.16291,416.67685,0,0.049420563,0.78312043,0,0,0.10342741,8.27,3.7231698,0
2.089,122.73299,416.16291,416.01921,0,0.049420563,0.78312043,0,0,0.10326473,8.27,3.7231698,0
2.09,122.45638,416.16291,415.55893,0,0.04939184,0.78311696,0.028722706,0.0034731204,0.1031023,8.27,3.7232098,0.00019995427
2.091,122.06218,413.04305,414.90307,0,0.04939184,0.78311696,0,0,0.10298862,8.27,3.7232098,0
2.092,121.66863,413.04305,414.24824,0,0.04939184,0.78311696,0,0,0.10282663,8.27,3.7232098,0
2.093,121.27569,413.04305,413.59444,0,0.04939184,0.78311696,0,0,0.10266489,8.27,3.7232098,0
2.094,120.88337,413.04305,412.94167,0,0.04939184,0.78311696,0,0,0.1025034,8.27,3.7232098,0
2.095,120.59085,413.04305,412.45493,0,0.049367709,0.78311404,0.024131021,0.0029178985,0.10234217,8.27,3.7232434,0.00016798726
2.096,120.19961,409.9232,411.80397,0,0.049367709,0.78311404,0,0,0.10222195,8.27,3.7232434,0
2.097,119.80899,409.9232,411.15404,0,0.049367709,0.78311404,0,0,0.10206116,8.27,3.7232434,0
2.098,119.41899,409.9232,410.50513,0,0.049367709,0.78311404,0,0,0.10190062,8.27,3.7232434,0
2.099,119.02961,409.9232,409.85724,0,0.049367709,0.78311404,0,0,0.10174033,8.27,3.7232434,0
2.1,118.72088,409.9232,409.34354,0,0.04934824,0.78311168,0.01946896,0.0023541669,0.1015803,8.27,3.7232705,0.00013553127
2.101,118.33259,406.80334,408.69749,0,0.04934824,0.78311168,0,0,0.10145341,8.27,3.7232705,0
2.102,117.94492,406.80334,408.05246,0,0.04934824,0.78311168,0,0,0.10129382,8.27,3.7232705,0
2.103,117.55786,406.80334,407.40844,0,0.04934824,0.78311168,0,0,0.10113449,8.27,3.7232705,0
2.104,117.17142,406.80334,406.76544,0,0.04934824,0.78311168,0,0,0.1009754,8.27,3.7232705,0
2.105,116.84629,406.80334,406.22446,0,0.049333479,0.7831099,0.014760921,0.0017848755,0.10081657,8.27,3.723291,0.00010275596
2.106,116.46096,403.68349,405.58334,0,0.049333479,0.7831099,0,0,0.10068293,8.27,3.723291,0
2.107,116.07624,403.68349,404.94322,0,0.049333479,0.7831099,0,0,0.10052455,8.27,3.723291,0
2.108,115.69213,403.68349,404.30411,0,0.049333479,0.7831099,0,0,0.10036642,8.27,3.723291,0
2.109,115.30862,403.68349,403.666,0,0.049333479,0.7831099,0,0,0.10020854,8.27,3.723291,0
2.11,114.96699,403.68349,403.09755,0,0.049323451,0.78310869,0.01002816,0.0012125949,0.10005091,8.27,3.723305,6.9809164e-05
2.111,114.58462,400.56363,402.46136,0,0.049323451,0.78310869,0,0,0.099910479,8.27,3.723305,0
2.112,114.20286,400.56363,401.82616,0,0.049323451,0.78310869,0,0,0.099753312,8.27,3.723305,0
2.113,113.8217,400.56363,401.19197,0,0.049323451,0.78310869,0,0,0.099596391,8.27,3.723305,0
2.114,113.44115,400.56363,400.55877,0,0.049323451,0.78310869,0,0,0.099439716,8.27,3.723305,0
2.115,113.08296,400.56363,399.96279,0,0.049318163,0.78310805,0.0052882458,0.00063944931,0.099283285,8.27,3.7233123,3.6812998e-05
2.116,112.70356,397.44377,399.33153,0,0.049318163,0.78310805,0,0,0.099136048,8.27,3.7233123,0
2.117,112.32477,397.44377,398.70127,0,0.049318163,0.78310805,0,0,0.098980094,8.27,3.7233123,0
2.118,111.94657,397.44377,398.072,0,0.049318163,0.78310805,0,0,0.098824384,8.27,3.7233123,0
2.119,111.56897,397.44377,397.44372,0,0.049318163,0.78310805,0,0,0.098668917,8.27,3.7233123,0
2.12,111.19417,397.44377,396.82011,0,0.049317627,0.78310798,0.00053588561,6.4798744e-05,0.098513694,8.27,3.7233131,3.7304463e-06
2.121,110.81775,394.32392,396.1938,0,0.049317627,0.78310798,0,0,0.098359622,8.27,3.7233131,0
2.122,110.44193,394.32392,395.56849,0,0.049317627,0.78310798,0,0,0.098204883,8.27,3.7233131,0
2.123,110.0667,394.32392,394.94415,0,0.049317627,0.78310798,0,0,0.098050387,8.27,3.7233131,0
2.124,109.69206,394.32392,394.3208,0,0.049317627,0.78310798,0,0,0.097896132,8.27,3.7233131,0
2.125,109.33545,394.32392,393.72746,0,0.049313392,0.78310747,0.0042350792,0.00051210147,0.097742119,8.27,3.723319,2.9481538e-05
2.126,108.96196,391.20406,393.10603,0,0.049313392,0.78310747,0,0,0.097595518,8.27,3.723319,0
2.127,108.58906,391.20406,392.48558,0,0.049313392,0.78310747,0,0,0.097441976,8.27,3.723319,0
2.128,108.21675,391.20406,391.86611,0,0.049313392,0.78310747,0,0,0.097288675,8.27,3.723319,0
2.129,107.84503,391.20406,391.24761,0,0.049313392,0.78310747,0,0,0.097135613,8.27,3.723319,0
2.13,107.47389,391.20406,390.63009,0,0.049313392,0.78310747,0,0,0.096982791,8.27,3.723319,0
2.131,107.3401,391.20406,390.40744,0,0.049255879,0.78310052,0.057513263,0.0069544453,0.096830209,8.27,3.7233991,0.00040036484
2.132,106.96974,388.08421,389.79127,0,0.049255879,0.78310052,0,0,0.096775195,8.27,3.7233991,0
2.133,106.6,388.08421,389.17607,0,0.049255879,0.78310052,0,0,0.096622944,8.27,3.7233991,0
2.134,106.23084,388.08421,388.56184,0,0.049255879,0.78310052,0,0,0.096470931,8.27,3.7233991,0
2.135,105.86226,388.08421,387.94857,0,0.049255879,0.78310052,0,0,0.096319156,8.27,3.7233991,0
2.136,105.60947,388.08421,387.52796,0,0.049227914,0.78309714,0.027964628,0.0033814544,0.096167619,8.27,3.723438,0.00019466489
2.137,105.24186,384.96435,386.91633,0,0.049227914,0.78309714,0,0,0.096063684,8.27,3.723438,0
2.138,104.87485,384.96435,386.30568,0,0.049227914,0.78309714,0,0,0.09591255,8.27,3.723438,0
2.139,104.50841,384.96435,385.69598,0,0.049227914,0.78309714,0,0,0.095761653,8.27,3.723438,0
2.14,104.14255,384.96435,385.08724,0,0.049227914,0.78309714,0,0,0.095610991,8.27,3.723438,0
2.141,103.77727,384.96435,384.47947,0,0.049227914,0.78309714,0,0,0.095460566,8.27,3.723438,0
2.142,103.63043,384.96435,384.23511,0,0.049175027,0.78309074,0.052887316,0.0063950805,0.095310377,8.27,3.7235116,0.00036815065
2.143,103.26594,381.8445,383.6287,0,0.049175027,0.78309074,0,0,0.095249991,8.27,3.7235116,0
2.144,102.90205,381.8445,383.02324,0,0.049175027,0.78309074,0,0,0.095100137,8.27,3.7235116,0
2.145,102.53874,381.8445,382.41874,0,0.049175027,0.78309074,0,0,0.094950518,8.27,3.7235116,0
2.146,102.17599,381.8445,381.8152,0,0.049175027,0.78309074,0,0,0.094801133,8.27,3.7235116,0
2.147,101.86745,381.8445,381.30181,0,0.049162023,0.78308917,0.013004036,0.0015724348,0.094651982,8.27,3.7235297,9.0519807e-05
2.148,101.50576,378.72464,380.70003,0,0.049162023,0.78308917,0,0,0.094525111,8.27,3.7235297,0
2.149,101.14465,378.72464,380.09919,0,0.049162023,0.78308917,0,0,0.094376393,8.27,3.7235297,0
2.15,100.7841,378.72464,379.49931,0,0.049162023,0.78308917,0,0,0.094227909,8.27,3.7235297,0
2.151,100.42413,378.72464,378.90037,0,0.049162023,0.78308917,0,0,0.094079657,8.27,3.7235297,0
2.152,100.06472,378.72464,378.30237,0,0.049162023,0.78308917,0,0,0.093931637,8.27,3.7235297,0
2.153,99.909428,378.72464,378.04395,0,0.049112644,0.7830832,0.04937891,0.0059708477,0.093783849,8.27,3.7235985,0.00034372003
2.154,99.55082,375.60478,377.44732,0,0.049112644,0.7830832,0,0,0.093719982,8.27,3.7235985,0
2.155,99.192801,375.60478,376.85163,0,0.049112644,0.7830832,0,0,0.093572531,8.27,3.7235985,0
2.156,98.835346,375.60478,376.25689,0,0.049112644,0.7830832,0,0,0.093425311,8.27,3.7235985,0
2.157,98.478455,375.60478,375.66308,0,0.049112644,0.7830832,0,0,0.093278321,8.27,3.7235985,0
2.158,98.122125,375.60478,375.0702,0,0.049112644,0.7830832,0,0,0.093131562,8.27,3.7235985,0
2.159,97.995476,375.60478,374.85943,0,0.049057071,0.78307648,0.055572577,0.0067197795,0.092985032,8.27,3.7236758,0.00038682618
2.16,97.639896,372.48493,374.26785,0,0.049057071,0.78307648,0,0,0.09293294,8.27,3.7236758,0
2.161,97.284902,372.48493,373.6772,0,0.049057071,0.78307648,0,0,0.092786727,8.27,3.7236758,0
2.162,96.930468,372.48493,373.08748,0,0.049057071,0.78307648,0,0,0.092640744,8.27,3.7236758,0
2.163,96.576592,372.48493,372.49869,0,0.049057071,0.78307648,0,0,0.092494989,8.27,3.7236758,0
2.164,96.223273,372.48493,371.91082,0,0.049057071,0.78307648,0,0,0.092349462,8.27,3.7236758,0
2.165,96.108065,372.48493,371.71909,0,0.048999467,0.78306951,0.057604553,0.006965484,0.092204164,8.27,3.723756,0.0004009619
2.166,95.755473,369.36507,371.13248,0,0.048999467,0.78306951,0,0,0.092156774,8.27,3.723756,0
2.167,95.403463,369.36507,370.54679,0,0.048999467,0.78306951,0,0,0.092011783,8.27,3.723756,0
2.168,95.052007,369.36507,369.96203,0,0.048999467,0.78306951,0,0,0.091867019,8.27,3.723756,0
2.169,94.701106,369.36507,369.37819,0,0.048999467,0.78306951,0,0,0.091722483,8.27,3.723756,0
2.17,94.350757,369.36507,368.79527,0,0.048999467,0.78306951,0,0,0.091578172,8.27,3.723756,0
2.171,94.237747,369.36507,368.60719,0,0.048942064,0.78306257,0.057402661,0.0069410715,0.091434087,8.27,3.7238359,0.00039954801
2.172,93.888116,366.24522,368.02551,0,0.048942064,0.78306257,0,0,0.0913876,8.27,3.7238359,0
2.173,93.539063,366.24522,367.44475,0,0.048942064,0.78306257,0,0,0.09124382,8.27,3.7238359,0
2.174,93.19056,366.24522,366.8649,0,0.048942064,0.78306257,0,0,0.091100265,8.27,3.7238359,0
2.175,92.842606,366.24522,366.28596,0,0.048942064,0.78306257,0,0,0.090956935,8.27,3.7238359,0
2.176,92.4952,366.24522,365.70794,0,0.048942064,0.78306257,0,0,0.09081383,8.27,3.7238359,0
2.177,92.378399,366.24522,365.51356,0,0.04888631,0.78305583,0.055754278,0.0067417507,0.090670949,8.27,3.7239135,0.00038806621
2.178,92.031713,363.12536,364.93677,0,0.04888631,0.78305583,0,0,0.0906229,8.27,3.7239135,0
2.179,91.685598,363.12536,364.3609,0,0.04888631,0.78305583,0,0,0.090480324,8.27,3.7239135,0
2.18,91.34003,363.12536,363.78593,0,0.04888631,0.78305583,0,0,0.090337971,8.27,3.7239135,0
2.181,90.995005,363.12536,363.21187,0,0.04888631,0.78305583,0,0,0.090195841,8.27,3.7239135,0
2.182,90.650524,363.12536,362.63872,0,0.04888631,0.78305583,0,0,0.090053934,8.27,3.7239135,0
2.183,90.525661,363.12536,362.43092,0,0.048833234,0.78304941,0.05307542,0.0064178258,0.089912249,8.27,3.7239874,0.00036941286
2.184,90.181909,360.00551,361.85902,0,0.048833234,0.78304941,0,0,0.089860882,8.27,3.7239874,0
2.185,89.838722,360.00551,361.28802,0,0.048833234,0.78304941,0,0,0.089719505,8.27,3.7239874,0
2.186,89.496076,360.00551,360.71792,0,0.048833234,0.78304941,0,0,0.089578349,8.27,3.7239874,0
2.187,89.15397,360.00551,360.14871,0,0.048833234,0.78304941,0,0,0.089437415,8.27,3.7239874,0
2.188,88.812403,360.00551,359.58041,0,0.048833234,0.78304941,0,0,0.089296701,8.27,3.7239874,0
2.189,88.67625,360.00551,359.35383,0,0.048783616,0.78304341,0.049618291,0.0059997933,0.089156208,8.27,3.7240565,0.00034534388
2.19,88.335426,356.88565,358.7868,0,0.048783616,0.78304341,0,0,0.089100196,8.27,3.7240565,0
2.191,87.995161,356.88565,358.22066,0,0.048783616,0.78304341,0,0,0.088960016,8.27,3.7240565,0
2.192,87.655432,356.88565,357.65541,0,0.048783616,0.78304341,0,0,0.088820055,8.27,3.7240565,0
2.193,87.316238,356.88565,357.09106,0,0.048783616,0.78304341,0,0,0.088680314,8.27,3.7240565,0
2.194,86.977579,356.88565,356.52759,0,0.048783616,0.78304341,0,0,0.088540791,8.27,3.7240565,0
2.195,86.827597,356.88565,356.27801,0,0.048738066,0.7830379,0.045549804,0.005507836,0.088401487,8.27,3.7241199,0.00031702128
2.196,86.489698,353.7658,355.71584,0,0.048738066,0.7830379,0,0,0.088339785,8.27,3.7241199,0
2.197,86.152352,353.7658,355.15456,0,0.048738066,0.7830379,0,0,0.0882008,8.27,3.7241199,0
2.198,85.815538,353.7658,354.59416,0,0.048738066,0.7830379,0,0,0.088062034,8.27,3.7241199,0
2.199,85.479254,353.7658,354.03465,0,0.048738066,0.7830379,0,0,0.087923485,8.27,3.7241199,0
2.2,85.1435,353.7658,353.47602,0,0.048738066,0.7830379,0,0,0.087785152,8.27,3.7241199,0
2.201,84.977638,353.7658,353.20002,0,0.048697079,0.78303295,0.040987447,0.0049561604,0.087647037,8.27,3.724177,0.00028526295
2.202,84.642666,350.64594,352.64272,0,0.048697079,0.78303295,0,0,0.0875788,8.27,3.724177,0
2.203,84.30824,350.64594,352.0863,0,0.048697079,0.78303295,0,0,0.087441012,8.27,3.724177,0
2.204,83.974341,350.64594,351.53075,0,0.048697079,0.78303295,0,0,0.08730344,8.27,3.724177,0
2.205,83.640968,350.64594,350.97608,0,0.048697079,0.78303295,0,0,0.087166083,8.27,3.724177,0
2.206,83.30812,350.64594,350.42229,0,0.048697079,0.78303295,0,0,0.087028942,8.27,3.724177,0
2.207,83.124682,350.64594,350.11705,0,0.048661061,0.78302859,0.036017856,0.0043552426,0.086892015,8.27,3.7242271,0.00025067193
2.208,82.79264,347.52608,349.56462,0,0.048661061,0.78302859,0,0,0.086816546,8.27,3.7242271,0
2.209,82.461138,347.52608,349.01307,0,0.048661061,0.78302859,0,0,0.086679955,8.27,3.7242271,0
2.21,82.130158,347.52608,348.46238,0,0.048661061,0.78302859,0,0,0.086543579,8.27,3.7242271,0
2.211,81.799699,347.52608,347.91256,0,0.048661061,0.78302859,0,0,0.086407417,8.27,3.7242271,0
2.212,81.469761,347.52608,347.3636,0,0.048661061,0.78302859,0,0,0.086271468,8.27,3.7242271,0
2.213,81.267327,347.52608,347.02677,0,0.048630354,0.78302488,0.030707354,0.0037131021,0.086135732,8.27,3.7242698,0.00021370979
2.214,80.938221,344.40623,346.47922,0,0.048630354,0.78302488,0,0,0.086052444,8.27,3.7242698,0
2.215,80.609648,344.40623,345.93254,0,0.048630354,0.78302488,0,0,0.085917055,8.27,3.7242698,0
2.216,80.281592,344.40623,345.38672,0,0.048630354,0.78302488,0,0,0.085781877,8.27,3.7242698,0
2.217,79.954053,344.40623,344.84176,0,0.048630354,0.78302488,0,0,0.085646911,8.27,3.7242698,0
2.218,79.62703,344.40623,344.29765,0,0.048630354,0.78302488,0,0,0.085512156,8.27,3.7242698,0
2.219,79.404396,344.40623,343.92722,0,0.048605245,0.78302184,0.025108407,0.003036083,0.085377613,8.27,3.7243048,0.00017474155
2.22,79.078234,341.28637,343.38456,0,0.048605245,0.78302184,0,0,0.085286012,8.27,3.7243048,0
2.221,78.752597,341.28637,342.84277,0,0.048605245,0.78302184,0,0,0.085151826,8.27,3.7243048,0
2.222,78.427473,341.28637,342.30182,0,0.048605245,0.78302184,0,0,0.08501785,8.27,3.7243048,0
2.223,78.102861,341.28637,341.76173,0,0.048605245,0.78302184,0,0,0.084884083,8.27,3.7243048,0
2.224,77.778761,341.28637,341.22249,0,0.048605245,0.78302184,0,0,0.084750527,8.27,3.7243048,0
2.225,77.5349,341.28637,340.81674,0,0.048585981,0.78301951,0.019263926,0.0023293743,0.084617179,8.27,3.7243316,0.00013406572
2.226,77.211691,338.16652,340.279,0,0.048585981,0.78301951,0,0,0.084516841,8.27,3.7243316,0
2.227,76.888999,338.16652,339.74211,0,0.048585981,0.78301951,0,0,0.084383862,8.27,3.7243316,0
2.228,76.566815,338.16652,339.20606,0,0.048585981,0.78301951,0,0,0.084251091,8.27,3.7243316,0
2.229,76.24514,338.16652,338.67085,0,0.048585981,0.78301951,0,0,0.084118529,8.27,3.7243316,0
2.23,75.923971,338.16652,338.13649,0,0.048585981,0.78301951,0,0,0.083986174,8.27,3.7243316,0
2.231,75.658008,338.16652,337.69397,0,0.048572771,0.78301792,0.013210647,0.001597418,0.083854026,8.27,3.72435,9.193776e-05
2.232,75.337761,335.04666,337.16116,0,0.048572771,0.78301792,0,0,0.08374459,8.27,3.72435,0
2.233,75.018025,335.04666,336.62918,0,0.048572771,0.78301792,0,0,0.083612822,8.27,3.72435,0
2.234,74.698793,335.04666,336.09804,0,0.048572771,0.78301792,0,0,0.083481261,8.27,3.72435,0
2.235,74.380063,335.04666,335.56774,0,0.048572771,0.78301792,0,0,0.083349906,8.27,3.72435,0
2.236,74.061836,335.04666,335.03828,0,0.048572771,0.78301792,0,0,0.083218757,8.27,3.72435,0
2.237,73.773039,335.04666,334.55777,0,0.048565787,0.78301707,0.0069836434,0.00084445507,0.083087813,8.27,3.7243597,4.8601507e-05
2.238,73.455767,331.92681,334.0299,0,0.048565787,0.78301707,0,0,0.082968978,8.27,3.7243597,0
2.239,73.138998,331.92681,333.50286,0,0.048565787,0.78301707,0,0,0.082838426,8.27,3.7243597,0
2.24,72.822728,331.92681,332.97665,0,0.048565787,0.78301707,0,0,0.082708079,8.27,3.7243597,0
2.241,72.506956,331.92681,332.45127,0,0.048565787,0.78301707,0,0,0.082577937,8.27,3.7243597,0
2.242,72.191682,331.92681,331.92672,0,0.048565787,0.78301707,0,0,0.082447998,8.27,3.7243597,0
2.243,71.8798,331.92681,331.40781,0,0.048565088,0.78301699,0.00069853716,8.4466403e-05,0.082318263,8.27,3.7243607,4.8613407e-06
2.244,71.565513,328.80695,330.88491,0,0.048565088,0.78301699,0,0,0.082189923,8.27,3.7243607,0
2.245,71.251723,328.80695,330.36282,0,0.048565088,0.78301699,0,0,0.082060593,8.27,3.7243607,0
2.246,70.938427,328.80695,329.84156,0,0.048565088,0.78301699,0,0,0.081931465,8.27,3.7243607,0
2.247,70.625624,328.80695,329.32113,0,0.048565088,0.78301699,0,0,0.08180254,8.27,3.7243607,0
2.248,70.313315,328.80695,328.80151,0,0.048565088,0.78301699,0,0,0.081673817,8.27,3.7243607,0
2.249,70.024827,328.80695,328.32152,0,0.04855946,0.78301631,0.0056280996,0.00068054408,0.081545296,8.27,3.7243685,3.9167712e-05
2.25,69.713463,325.68709,327.80348,0,0.04855946,0.78301631,0,0,0.081426576,8.27,3.7243685,0
2.251,69.402592,325.68709,327.28626,0,0.04855946,0.78301631,0,0,0.081298443,8.27,3.7243685,0
2.252,69.092211,325.68709,326.76985,0,0.04855946,0.78301631,0,0,0.08117051,8.27,3.7243685,0
2.253,68.782318,325.68709,326.25425,0,0.04855946,0.78301631,0,0,0.081042779,8.27,3.7243685,0
2.254,68.472915,325.68709,325.73947,0,0.04855946,0.78301631,0,0,0.080915247,8.27,3.7243685,0
2.255,68.163999,325.68709,325.2255,0,0.04855946,0.78301631,0,0,0.080787916,8.27,3.7243685,0
2.256,68.070363,325.68709,325.06968,0,0.048507607,0.78301004,0.051853092,0.0062700232,0.080660784,8.27,3.7244407,0.00036086119
2.257,67.762072,322.56724,324.55678,0,0.048507607,0.78301004,0,0,0.08062224,8.27,3.7244407,0
2.258,67.454288,322.56724,324.04469,0,0.048507607,0.78301004,0,0,0.080495372,8.27,3.7244407,0
2.259,67.146988,322.56724,323.53341,0,0.048507607,0.78301004,0,0,0.080368704,8.27,3.7244407,0
2.26,66.840173,322.56724,323.02294,0,0.048507607,0.78301004,0,0,0.080242234,8.27,3.7244407,0
2.261,66.533842,322.56724,322.51327,0,0.048507607,0.78301004,0,0,0.080115963,8.27,3.7244407,0
2.262,66.301532,322.56724,322.12675,0,0.048489872,0.78300789,0.017734903,0.0021444865,0.079989889,8.27,3.7244654,0.00012342011
2.263,65.996046,319.44738,321.6185,0,0.048489872,0.78300789,0,0,0.079894276,8.27,3.7244654,0
2.264,65.691048,319.44738,321.11105,0,0.048489872,0.78300789,0,0,0.079768551,8.27,3.7244654,0
2.265,65.386532,319.44738,320.6044,0,0.048489872,0.78300789,0,0,0.079643024,8.27,3.7244654,0
2.266,65.082495,319.44738,320.09855,0,0.048489872,0.78300789,0,0,0.079517694,8.27,3.7244654,0
2.267,64.778937,319.44738,319.59349,0,0.048489872,0.78300789,0,0,0.07939256,8.27,3.7244654,0
2.268,64.475857,319.44738,319.08923,0,0.048489872,0.78300789,0,0,0.079267622,8.27,3.7244654,0
2.269,64.362693,319.44738,318.90092,0,0.048444173,0.78300237,0.045699671,0.0055259578,0.07914288,8.27,3.724529,0.00031802942
2.27,64.060261,316.32753,318.39777,0,0.048444173,0.78300237,0,0,0.079096296,8.27,3.724529,0
2.271,63.758325,316.32753,317.89542,0,0.048444173,0.78300237,0,0,0.078971827,8.27,3.724529,0
2.272,63.456864,316.32753,317.39385,0,0.048444173,0.78300237,0,0,0.078847553,8.27,3.724529,0
2.273,63.155878,316.32753,316.89308,0,0.048444173,0.78300237,0,0,0.078723474,8.27,3.724529,0
2.274,62.855366,316.32753,316.39309,0,0.048444173,0.78300237,0,0,0.078599589,8.27,3.724529,0
2.275,62.555328,316.32753,315.8939,0,0.048444173,0.78300237,0,0,0.078475899,8.27,3.724529,0
2.276,62.464304,316.32753,315.74242,0,0.048393874,0.78299628,0.050298984,0.006082102,0.078352402,8.27,3.724599,0.00035003061
2.277,62.164873,313.20767,315.24427,0,0.048393874,0.78299628,0,0,0.078314928,8.27,3.724599,0
2.278,61.865934,313.20767,314.7469,0,0.048393874,0.78299628,0,0,0.078191688,8.27,3.724599,0
2.279,61.567466,313.20767,314.25032,0,0.048393874,0.78299628,0,0,0.078068642,8.27,3.724599,0
2.28,61.269469,313.20767,313.75452,0,0.048393874,0.78299628,0,0,0.077945789,8.27,3.724599,0
2.281,60.971941,313.20767,313.2595,0,0.048393874,0.78299628,0,0,0.077823129,8.27,3.724599,0
2.282,60.674882,313.20767,312.76526,0,0.048393874,0.78299628,0,0,0.07770066,8.27,3.724599,0
2.283,60.589047,313.20767,312.62241,0,0.048343054,0.78299014,0.050819919,0.006145093,0.077578384,8.27,3.7246697,0.00035364915
2.284,60.292582,310.08782,312.1292,0,0.048343054,0.78299014,0,0,0.077543044,8.27,3.7246697,0
2.285,59.996605,310.08782,311.63676,0,0.048343054,0.78299014,0,0,0.07742102,8.27,3.7246697,0
2.286,59.701094,310.08782,311.1451,0,0.048343054,0.78299014,0,0,0.077299187,8.27,3.7246697,0
2.287,59.406049,310.08782,310.65421,0,0.048343054,0.78299014,0,0,0.077177544,8.27,3.7246697,0
2.288,59.111468,310.08782,310.16409,0,0.048343054,0.78299014,0,0,0.077056093,8.27,3.7246697,0
2.289,58.817352,310.08782,309.67475,0,0.048343054,0.78299014,0,0,0.076934832,8.27,3.7246697,0
2.29,58.727464,310.08782,309.52517,0,0.048293935,0.7829842,0.04911891,0.0059394087,0.076813762,8.27,3.7247381,0.00034180555
2.291,58.433945,306.96796,309.03685,0,0.048293935,0.7829842,0,0,0.076776752,8.27,3.7247381,0
2.292,58.140907,306.96796,308.5493,0,0.048293935,0.7829842,0,0,0.076655933,8.27,3.7247381,0
2.293,57.848331,306.96796,308.06252,0,0.048293935,0.7829842,0,0,0.076535304,8.27,3.7247381,0
2.294,57.556216,306.96796,307.57651,0,0.048293935,0.7829842,0,0,0.076414865,8.27,3.7247381,0
2.295,57.264562,306.96796,307.09127,0,0.048293935,0.7829842,0,0,0.076294614,8.27,3.7247381,0
2.296,56.973367,306.96796,306.60679,0,0.048293935,0.7829842,0,0,0.076174551,8.27,3.7247381,0
2.297,56.873286,306.96796,306.44024,0,0.048247992,0.78297864,0.045943053,0.0055553873,0.076054677,8.27,3.724802,0.00031969974
2.298,56.5827,303.84811,305.95681,0,0.048247992,0.78297864,0,0,0.07601347,8.27,3.724802,0
2.299,56.292589,303.84811,305.47413,0,0.048247992,0.78297864,0,0,0.075893853,8.27,3.724802,0
2.3,56.002936,303.84811,304.99221,0,0.048247992,0.78297864,0,0,0.075774423,8.27,3.724802,0
2.301,55.713739,303.84811,304.51106,0,0.048247992,0.78297864,0,0,0.075655181,8.27,3.724802,0
2.302,55.424997,303.84811,304.03066,0,0.048247992,0.78297864,0,0,0.075536125,8.27,3.724802,0
2.303,55.136711,303.84811,303.55102,0,0.048247992,0.78297864,0,0,0.075417257,8.27,3.724802,0
2.304,55.021907,303.84811,303.35999,0,0.048206312,0.7829736,0.041679532,0.0050398467,0.075298574,8.27,3.72486,0.00029002658
2.305,54.734248,300.72825,302.88142,0,0.048206312,0.7829736,0,0,0.075251304,8.27,3.72486,0
2.306,54.447059,300.72825,302.4036,0,0.048206312,0.7829736,0,0,0.075132886,8.27,3.72486,0
2.307,54.160323,300.72825,301.92654,0,0.048206312,0.7829736,0,0,0.075014653,8.27,3.72486,0
2.308,53.874038,300.72825,301.45023,0,0.048206312,0.7829736,0,0,0.074896606,8.27,3.72486,0
2.309,53.588205,300.72825,300.97467,0,0.048206312,0.7829736,0,0,0.074778744,8.27,3.72486,0
2.31,53.302822,300.72825,300.49986,0,0.048206312,0.7829736,0,0,0.074661066,8.27,3.72486,0
2.311,53.1697,300.72825,300.27836,0,0.048169758,0.78296918,0.036554417,0.0044201229,0.074543574,8.27,3.7249109,0.00025435956
2.312,52.88497,297.60839,299.80466,0,0.048169758,0.78296918,0,0,0.074488761,8.27,3.7249109,0
2.313,52.600703,297.60839,299.33171,0,0.048169758,0.78296918,0,0,0.074371542,8.27,3.7249109,0
2.314,52.316884,297.60839,298.8595,0,0.048169758,0.78296918,0,0,0.074254506,8.27,3.7249109,0
2.315,52.033512,297.60839,298.38804,0,0.048169758,0.78296918,0,0,0.074137654,8.27,3.7249109,0
2.316,51.750587,297.60839,297.91732,0,0.048169758,0.78296918,0,0,0.074020985,8.27,3.7249109,0
2.317,51.468107,297.60839,297.44734,0,0.048169758,0.78296918,0,0,0.0739045,8.27,3.7249109,0
2.318,51.313647,297.60839,297.19034,0,0.048139052,0.78296547,0.030705419,0.0037128681,0.073788197,8.27,3.7249536,0.00021365709
2.319,51.031851,294.48854,296.72151,0,0.048139052,0.78296547,0,0,0.073724597,8.27,3.7249536,0
2.32,50.75051,294.48854,296.25343,0,0.048139052,0.78296547,0,0,0.073608579,8.27,3.7249536,0
2.321,50.469613,294.48854,295.78609,0,0.048139052,0.78296547,0,0,0.073492743,8.27,3.7249536,0
2.322,50.189159,294.48854,295.31948,0,0.048139052,0.78296547,0,0,0.073377088,8.27,3.7249536,0
2.323,49.909146,294.48854,294.85361,0,0.048139052,0.78296547,0,0,0.073261615,8.27,3.7249536,0
2.324,49.629575,294.48854,294.38847,0,0.048139052,0.78296547,0,0,0.073146323,8.27,3.7249536,0
2.325,49.451078,294.48854,294.09148,0,0.048114842,0.78296254,0.024210472,0.0029275056,0.073031212,8.27,3.7249873,0.00016846145
2.326,49.172224,291.36868,293.62755,0,0.048114842,0.78296254,0,0,0.072957713,8.27,3.7249873,0
2.327,48.893819,291.36868,293.16435,0,0.048114842,0.78296254,0,0,0.0728429,8.27,3.7249873,0
2.328,48.615853,291.36868,292.70189,0,0.048114842,0.78296254,0,0,0.072728267,8.27,3.7249873,0
2.329,48.338325,291.36868,292.24015,0,0.048114842,0.78296254,0,0,0.072613813,8.27,3.7249873,0
2.33,48.061234,291.36868,291.77914,0,0.048114842,0.78296254,0,0,0.072499539,8.27,3.7249873,0
2.331,47.784579,291.36868,291.31885,0,0.048114842,0.78296254,0,0,0.072385445,8.27,3.7249873,0
2.332,47.579429,291.36868,290.97752,0,0.048097753,0.78296048,0.017089398,0.0020664326,0.072271529,8.27,3.7250111,0.00011891048
2.333,47.303531,288.24883,290.51851,0,0.048097753,0.78296048,0,0,0.072187053,8.27,3.7250111,0
2.334,47.028074,288.24883,290.06022,0,0.048097753,0.78296048,0,0,0.07207345,8.27,3.7250111,0
2.335,46.753051,288.24883,289.60265,0,0.048097753,0.78296048,0,0,0.071960025,8.27,3.7250111,0
2.336,46.478462,288.24883,289.1458,0,0.048097753,0.78296048,0,0,0.071846778,8.27,3.7250111,0
2.337,46.204306,288.24883,288.68967,0,0.048097753,0.78296048,0,0,0.071733709,8.27,3.7250111,0
2.338,45.930581,288.24883,288.23426,0,0.048097753,0.78296048,0,0,0.071620817,8.27,3.7250111,0
2.339,45.69574,288.24883,287.84354,0,0.048088511,0.78295936,0.0092418699,0.0011175175,0.071508103,8.27,3.725024,6.4305844e-05
2.34,45.422816,285.12897,287.38947,0,0.048088511,0.78295936,0,0,0.071411398,8.27,3.725024,0
2.341,45.150325,285.12897,286.93611,0,0.048088511,0.78295936,0,0,0.071299012,8.27,3.725024,0
2.342,44.878263,285.12897,286.48347,0,0.048088511,0.78295936,0,0,0.071186803,8.27,3.725024,0
2.343,44.60663,285.12897,286.03154,0,0.048088511,0.78295936,0,0,0.07107477,8.27,3.725024,0
2.344,44.335425,285.12897,285.58033,0,0.048088511,0.78295936,0,0,0.070962913,8.27,3.725024,0
2.345,44.064648,285.12897,285.12982,0,0.048088511,0.78295936,0,0,0.070851231,8.27,3.725024,0
2.346,43.794297,285.12897,284.68003,0,0.048088511,0.78295936,0,0,0.070739724,8.27,3.725024,0
2.347,43.737763,285.12897,284.58594,0,0.048037186,0.78295315,0.05132471,0.0062061318,0.070628393,8.27,3.7250954,0.00035712117
2.348,43.467919,282.00912,284.13702,0,0.048037186,0.78295315,0,0,0.070605104,8.27,3.7250954,0
2.349,43.198519,282.00912,283.6888,0,0.048037186,0.78295315,0,0,0.070493988,8.27,3.7250954,0
2.35,42.929544,282.00912,283.2413,0,0.048037186,0.78295315,0,0,0.070383046,8.27,3.7250954,0
2.351,42.660992,282.00912,282.7945,0,0.048037186,0.78295315,0,0,0.070272278,8.27,3.7250954,0
2.352,42.392864,282.00912,282.3484,0,0.048037186,0.78295315,0,0,0.070161684,8.27,3.7250954,0
2.353,42.125159,282.00912,281.90301,0,0.048037186,0.78295315,0,0,0.070051263,8.27,3.7250954,0
2.354,41.961742,282.00912,281.63111,0,0.048012227,0.78295014,0.024959221,0.0030180437,0.069941016,8.27,3.7251301,0.0001736648
2.355,41.694712,278.88926,281.18686,0,0.048012227,0.78295014,0,0,0.069873713,8.27,3.7251301,0
2.356,41.428111,278.88926,280.7433,0,0.048012227,0.78295014,0,0,0.069763747,8.27,3.7251301,0
2.357,41.161931,278.88926,280.30045,0,0.048012227,0.78295014,0,0,0.069653952,8.27,3.7251301,0
2.358,40.89617,278.88926,279.85829,0,0.048012227,0.78295014,0,0,0.069544331,8.27,3.7251301,0
2.359,40.630828,278.88926,279.41683,0,0.048012227,0.78295014,0,0,0.069434881,8.27,3.7251301,0
2.36,40.365904,278.88926,278.97606,0,0.048012227,0.78295014,0,0,0.069325603,8.27,3.7251301,0
2.361,40.101398,278.88926,278.536,0,0.048012227,0.78295014,0,0,0.069216496,8.27,3.7251301,0
2.362,40.026842,278.88926,278.41193,0,0.047966672,0.78294463,0.045555005,0.005508465,0.06910756,8.27,3.7251935,0.0003169661
2.363,39.762863,275.7694,277.97276,0,0.047966672,0.78294463,0,0,0.069076848,8.27,3.7251935,0
2.364,39.499316,275.7694,277.53429,0,0.047966672,0.78294463,0,0,0.068968136,8.27,3.7251935,0
2.365,39.236184,275.7694,277.09651,0,0.047966672,0.78294463,0,0,0.068859593,8.27,3.7251935,0
2.366,38.973467,275.7694,276.65942,0,0.047966672,0.78294463,0,0,0.068751222,8.27,3.7251935,0
2.367,38.711164,275.7694,276.22301,0,0.047966672,0.78294463,0,0,0.06864302,8.27,3.7251935,0
2.368,38.449275,275.7694,275.7873,0,0.047966672,0.78294463,0,0,0.068534988,8.27,3.7251935,0
2.369,38.187798,275.7694,275.35227,0,0.047966672,0.78294463,0,0,0.068427126,8.27,3.7251935,0
2.37,38.132787,275.7694,275.26072,0,0.047917155,0.78293864,0.049516964,0.005987541,0.068319432,8.27,3.7252624,0.00034452706
2.371,37.871801,272.64955,274.82653,0,0.047917155,0.78293864,0,0,0.068296768,8.27,3.7252624,0
2.372,37.611244,272.64955,274.39304,0,0.047917155,0.78293864,0,0,0.068189283,8.27,3.7252624,0
2.373,37.351098,272.64955,273.96022,0,0.047917155,0.78293864,0,0,0.068081967,8.27,3.7252624,0
2.374,37.091361,272.64955,273.52809,0,0.047917155,0.78293864,0,0,0.06797482,8.27,3.7252624,0
2.375,36.832034,272.64955,273.09664,0,0.047917155,0.78293864,0,0,0.06786784,8.27,3.7252624,0
2.376,36.573116,272.64955,272.66587,0,0.047917155,0.78293864,0,0,0.067761028,8.27,3.7252624,0
2.377,36.314605,272.64955,272.23577,0,0.047917155,0.78293864,0,0,0.067654384,8.27,3.7252624,0
2.378,36.261841,272.64955,272.14796,0,0.047867823,0.78293267,0.049331844,0.0059651565,0.067547908,8.27,3.7253311,0.00034323269
2.379,36.003814,269.52969,271.7187,0,0.047867823,0.78293267,0,0,0.067526168,8.27,3.7253311,0
2.38,35.74621,269.52969,271.29012,0,0.047867823,0.78293267,0,0,0.067419896,8.27,3.7253311,0
2.381,35.489012,269.52969,270.86221,0,0.047867823,0.78293267,0,0,0.067313792,8.27,3.7253311,0
2.382,35.23222,269.52969,270.43498,0,0.047867823,0.78293267,0,0,0.067207853,8.27,3.7253311,0
2.383,34.975832,269.52969,270.00842,0,0.047867823,0.78293267,0,0,0.067102081,8.27,3.7253311,0
2.384,34.719849,269.52969,269.58253,0,0.047867823,0.78293267,0,0,0.066996475,8.27,3.7253311,0
2.385,34.464269,269.52969,269.15731,0,0.047867823,0.78293267,0,0,0.066891035,8.27,3.7253311,0
2.386,34.404012,269.52969,269.05704,0,0.04782101,0.78292701,0.046813374,0.0056606257,0.06678576,8.27,3.7253962,0.00032570411
2.387,34.148923,266.40984,268.63266,0,0.04782101,0.78292701,0,0,0.066760933,8.27,3.7253962,0
2.388,33.894251,266.40984,268.20896,0,0.04782101,0.78292701,0,0,0.066655866,8.27,3.7253962,0
2.389,33.639981,266.40984,267.78592,0,0.04782101,0.78292701,0,0,0.066550964,8.27,3.7253962,0
2.39,33.386111,266.40984,267.36355,0,0.04782101,0.78292701,0,0,0.066446227,8.27,3.7253962,0
2.391,33.132642,266.40984,266.94185,0,0.04782101,0.78292701,0,0,0.066341653,8.27,3.7253962,0
2.392,32.879572,266.40984,266.52081,0,0.04782101,0.78292701,0,0,0.066237244,8.27,3.7253962,0
2.393,32.626901,266.40984,266.10043,0,0.04782101,0.78292701,0,0,0.066132999,8.27,3.7253962,0
2.394,32.552425,266.40984,265.9765,0,0.047778325,0.78292185,0.042684591,0.0051613774,0.066028918,8.27,3.7254556,0.0002969729
2.395,32.300263,263.28998,265.557,0,0.047778325,0.78292185,0,0,0.065998233,8.27,3.7254556,0
2.396,32.048513,263.28998,265.13816,0,0.047778325,0.78292185,0,0,0.065894366,8.27,3.7254556,0
2.397,31.797159,263.28998,264.71997,0,0.047778325,0.78292185,0,0,0.065790662,8.27,3.7254556,0
2.398,31.546202,263.28998,264.30245,0,0.047778325,0.78292185,0,0,0.065687121,8.27,3.7254556,0
2.399,31.295641,263.28998,263.88558,0,0.047778325,0.78292185,0,0,0.065583743,8.27,3.7254556,0
2.4,31.045474,263.28998,263.46938,0,0.047778325,0.78292185,0,0,0.065480526,8.27,3.7254556,0
2.401,30.795701,263.28998,263.05382,0,0.047778325,0.78292185,0,0,0.065377472,8.27,3.7254556,0
2.402,30.701767,263.28998,262.89752,0,0.047741022,0.78291734,0.03730304,0.0045106457,0.065274579,8.27,3.7255075,0.00025952727
2.403,30.452531,260.17013,262.48288,0,0.047741022,0.78291734,0,0,0.065235878,8.27,3.7255075,0
2.404,30.2037,260.17013,262.0689,0,0.047741022,0.78291734,0,0,0.065133211,8.27,3.7255075,0
2.405,29.955261,260.17013,261.65556,0,0.047741022,0.78291734,0,0,0.065030704,8.27,3.7255075,0
2.406,29.707213,260.17013,261.24288,0,0.047741022,0.78291734,0,0,0.064928359,8.27,3.7255075,0
2.407,29.459557,260.17013,260.83085,0,0.047741022,0.78291734,0,0,0.064826174,8.27,3.7255075,0
2.408,29.21229,260.17013,260.41947,0,0.047741022,0.78291734,0,0,0.06472415,8.27,3.7255075,0
2.409,28.965414,260.17013,260.00874,0,0.047741022,0.78291734,0,0,0.064622285,8.27,3.7255075,0
2.41,28.847528,260.17013,259.81259,0,0.047710175,0.78291361,0.030847222,0.0037300147,0.064520581,8.27,3.7255504,0.00021460942
2.411,28.601221,257.05027,259.40282,0,0.047710175,0.78291361,0,0,0.064472011,8.27,3.7255504,0
2.412,28.355313,257.05027,258.9937,0,0.047710175,0.78291361,0,0,0.064370545,8.27,3.7255504,0
2.413,28.109793,257.05027,258.58522,0,0.047710175,0.78291361,0,0,0.064269238,8.27,3.7255504,0
2.414,27.86466,257.05027,258.17739,0,0.047710175,0.78291361,0,0,0.06416809,8.27,3.7255504,0
2.415,27.619912,257.05027,257.7702,0,0.047710175,0.78291361,0,0,0.064067101,8.27,3.7255504,0
2.416,27.375551,257.05027,257.36365,0,0.047710175,0.78291361,0,0,0.06396627,8.27,3.7255504,0
2.417,27.131575,257.05027,256.95774,0,0.047710175,0.78291361,0,0,0.063865597,8.27,3.7255504,0
2.418,26.985434,257.05027,256.71459,0,0.047686811,0.78291079,0.023363827,0.0028251302,0.063765083,8.27,3.7255829,0.00016254428
2.419,26.742069,253.93041,256.30972,0,0.047686811,0.78291079,0,0,0.063704872,8.27,3.7255829,0
2.42,26.499095,253.93041,255.90548,0,0.047686811,0.78291079,0,0,0.063604611,8.27,3.7255829,0
2.421,26.256505,253.93041,255.50188,0,0.047686811,0.78291079,0,0,0.063504508,8.27,3.7255829,0
2.422,26.014296,253.93041,255.09891,0,0.047686811,0.78291079,0,0,0.063404562,8.27,3.7255829,0
2.423,25.77247,253.93041,254.69658,0,0.047686811,0.78291079,0,0,0.063304773,8.27,3.7255829,0
2.424,25.531024,253.93041,254.29488,0,0.047686811,0.78291079,0,0,0.063205141,8.27,3.7255829,0
2.425,25.289959,253.93041,253.89382,0,0.047686811,0.78291079,0,0,0.063105665,8.27,3.7255829,0
2.426,25.110612,253.93041,253.59543,0,0.047672113,0.78290901,0.014697792,0.001777242,0.063006345,8.27,3.7256034,0.00010225299
2.427,24.870207,250.81056,253.19547,0,0.047672113,0.78290901,0,0,0.06293245,8.27,3.7256034,0
2.428,24.630186,250.81056,252.79615,0,0.047672113,0.78290901,0,0,0.062833403,8.27,3.7256034,0
2.429,24.390544,250.81056,252.39745,0,0.047672113,0.78290901,0,0,0.062734512,8.27,3.7256034,0
2.43,24.151279,250.81056,251.99938,0,0.047672113,0.78290901,0,0,0.062635776,8.27,3.7256034,0
2.431,23.912391,250.81056,251.60194,0,0.047672113,0.78290901,0,0,0.062537195,8.27,3.7256034,0
2.432,23.67388,250.81056,251.20513,0,0.047672113,0.78290901,0,0,0.062438768,8.27,3.7256034,0
2.433,23.435744,250.81056,250.80894,0,0.047672113,0.78290901,0,0,0.062340496,8.27,3.7256034,0
2.434,23.210892,250.81056,250.43485,0,0.047669022,0.78290864,0.0030910321,0.00037376446,0.062242379,8.27,3.7256077,2.1504288e-05
2.435,22.973486,247.6907,250.03988,0,0.047669022,0.78290864,0,0,0.062149733,8.27,3.7256077,0
2.436,22.736455,247.6907,249.64553,0,0.047669022,0.78290864,0,0,0.062051915,8.27,3.7256077,0
2.437,22.499798,247.6907,249.2518,0,0.047669022,0.78290864,0,0,0.061954251,8.27,3.7256077,0
2.438,22.263513,247.6907,248.85869,0,0.047669022,0.78290864,0,0,0.061856739,8.27,3.7256077,0
2.439,22.027601,247.6907,248.4662,0,0.047669022,0.78290864,0,0,0.061759381,8.27,3.7256077,0
2.44,21.792061,247.6907,248.07433,0,0.047669022,0.78290864,0,0,0.061662176,8.27,3.7256077,0
2.441,21.556893,247.6907,247.68308,0,0.047669022,0.78290864,0,0,0.061565124,8.27,3.7256077,0
2.442,21.350132,247.6907,247.33909,0,0.047662309,0.78290782,0.0067126703,0.00081168927,0.061468224,8.27,3.725617,4.6699944e-05
2.443,21.115658,244.57085,246.949,0,0.047662309,0.78290782,0,0,0.061383028,8.27,3.725617,0
2.444,20.881557,244.57085,246.55952,0,0.047662309,0.78290782,0,0,0.061286414,8.27,3.725617,0
2.445,20.647824,244.57085,246.17066,0,0.047662309,0.78290782,0,0,0.061189952,8.27,3.725617,0
2.446,20.41446,244.57085,245.78241,0,0.047662309,0.78290782,0,0,0.061093641,8.27,3.725617,0
2.447,20.181464,244.57085,245.39477,0,0.047662309,0.78290782,0,0,0.060997482,8.27,3.725617,0
2.448,19.948835,244.57085,245.00775,0,0.047662309,0.78290782,0,0,0.060901473,8.27,3.725617,0
2.449,19.716572,244.57085,244.62133,0,0.047662309,0.78290782,0,0,0.060805615,8.27,3.725617,0
2.45,19.484676,244.57085,244.23552,0,0.047662309,0.78290782,0,0,0.060709908,8.27,3.725617,0
2.451,19.439008,244.57085,244.15952,0,0.047617775,0.78290244,0.044534429,0.0053850579,0.060614351,8.27,3.725679,0.00030982456
2.452,19.207543,241.45099,243.77446,0,0.047617775,0.78290244,0,0,0.060595527,8.27,3.725679,0
2.453,18.976457,241.45099,243.39,0,0.047617775,0.78290244,0,0,0.060500153,8.27,3.725679,0
2.454,18.745735,241.45099,243.00614,0,0.047617775,0.78290244,0,0,0.060404929,8.27,3.725679,0
2.455,18.515376,241.45099,242.6229,0,0.047617775,0.78290244,0,0,0.060309854,8.27,3.725679,0
2.456,18.285381,241.45099,242.24025,0,0.047617775,0.78290244,0,0,0.060214928,8.27,3.725679,0
2.457,18.055748,241.45099,241.85821,0,0.047617775,0.78290244,0,0,0.060120152,8.27,3.725679,0
2.458,17.826477,241.45099,241.47677,0,0.047617775,0.78290244,0,0,0.060025524,8.27,3.725679,0
2.459,17.597568,241.45099,241.09594,0,0.047617775,0.78290244,0,0,0.059931045,8.27,3.725679,0
2.46,17.560377,241.45099,241.03404,0,0.047571934,0.7828969,0.045840686,0.0055430092,0.059836714,8.27,3.7257428,0.00031890685
2.461,17.331881,238.33114,240.65391,0,0.047571934,0.7828969,0,0,0.059821382,8.27,3.7257428,0
2.462,17.103759,238.33114,240.27439,0,0.047571934,0.7828969,0,0,0.059727227,8.27,3.7257428,0
2.463,16.875996,238.33114,239.89546,0,0.047571934,0.7828969,0,0,0.059633219,8.27,3.7257428,0
2.464,16.648593,238.33114,239.51713,0,0.047571934,0.7828969,0,0,0.059539359,8.27,3.7257428,0
2.465,16.421547,238.33114,239.13939,0,0.047571934,0.7828969,0,0,0.059445647,8.27,3.7257428,0
2.466,16.19486,238.33114,238.76225,0,0.047571934,0.7828969,0,0,0.059352081,8.27,3.7257428,0
2.467,15.96853,238.33114,238.38571,0,0.047571934,0.7828969,0,0,0.059258663,8.27,3.7257428,0
2.468,15.742557,238.33114,238.00976,0,0.047571934,0.7828969,0,0,0.059165391,8.27,3.7257428,0
2.469,15.699116,238.33114,237.93746,0,0.047528308,0.78289162,0.043626767,0.0052753044,0.059072265,8.27,3.7258035,0.00030349975
2.47,15.473562,235.21128,237.56223,0,0.047528308,0.78289162,0,0,0.059054358,8.27,3.7258035,0
2.471,15.248376,235.21128,237.18759,0,0.047528308,0.78289162,0,0,0.05896141,8.27,3.7258035,0
2.472,15.023545,235.21128,236.81354,0,0.047528308,0.78289162,0,0,0.058868608,8.27,3.7258035,0
2.473,14.799069,235.21128,236.44008,0,0.047528308,0.78289162,0,0,0.058775951,8.27,3.7258035,0
2.474,14.574946,235.21128,236.06721,0,0.047528308,0.78289162,0,0,0.05868344,8.27,3.7258035,0
2.475,14.351177,235.21128,235.69493,0,0.047528308,0.78289162,0,0,0.058591075,8.27,3.7258035,0
2.476,14.12776,235.21128,235.32323,0,0.047528308,0.78289162,0,0,0.058498854,8.27,3.7258035,0
2.477,13.904695,235.21128,234.95212,0,0.047528308,0.78289162,0,0,0.058406779,8.27,3.7258035,0
2.478,13.845697,235.21128,234.85394,0,0.047489118,0.78288688,0.039189999,0.0047388149,0.058314848,8.27,3.725858,0.00027262989
2.479,13.623071,232.09143,234.48358,0,0.047489118,0.78288688,0,0,0.058290528,8.27,3.725858,0
2.48,13.400809,232.09143,234.1138,0,0.047489118,0.78288688,0,0,0.058198782,8.27,3.725858,0
2.481,13.178897,232.09143,233.74461,0,0.047489118,0.78288688,0,0,0.05810718,8.27,3.725858,0
2.482,12.957334,232.09143,233.376,0,0.047489118,0.78288688,0,0,0.058015722,8.27,3.725858,0
2.483,12.736121,232.09143,233.00797,0,0.047489118,0.78288688,0,0,0.057924408,8.27,3.725858,0
2.484,12.515256,232.09143,232.64052,0,0.047489118,0.78288688,0,0,0.057833237,8.27,3.725858,0
2.485,12.29474,232.09143,232.27365,0,0.047489118,0.78288688,0,0,0.057742209,8.27,3.725858,0
2.486,12.074571,232.09143,231.90735,0,0.047489118,0.78288688,0,0,0.057651324,8.27,3.725858,0
2.487,11.992831,232.09143,231.77135,0,0.047456079,0.78288289,0.033038921,0.0039950328,0.057560582,8.27,3.725904,0.00022983583
2.488,11.773133,228.97157,231.40585,0,0.047456079,0.78288289,0,0,0.057526889,8.27,3.725904,0
2.489,11.553792,228.97157,231.04094,0,0.047456079,0.78288289,0,0,0.057436344,8.27,3.725904,0
2.49,11.334796,228.97157,230.6766,0,0.047456079,0.78288289,0,0,0.057345942,8.27,3.725904,0
2.491,11.116145,228.97157,230.31283,0,0.047456079,0.78288289,0,0,0.057255682,8.27,3.725904,0
2.492,10.89784,228.97157,229.94964,0,0.047456079,0.78288289,0,0,0.057165563,8.27,3.725904,0
2.493,10.679878,228.97157,229.58702,0,0.047456079,0.78288289,0,0,0.057075586,8.27,3.725904,0
2.494,10.46226,228.97157,229.22497,0,0.047456079,0.78288289,0,0,0.05698575,8.27,3.725904,0
2.495,10.244985,228.97157,228.86349,0,0.047456079,0.78288289,0,0,0.056896056,8.27,3.725904,0
2.496,10.133948,228.97157,228.67875,0,0.047430754,0.78287982,0.025324922,0.0030622638,0.056806502,8.27,3.7259392,0.00017617108
2.497,9.9171871,225.85171,228.31814,0,0.047430754,0.78287982,0,0,0.056760733,8.27,3.7259392,0
2.498,9.7007751,225.85171,227.9581,0,0.047430754,0.78287982,0,0,0.056671393,8.27,3.7259392,0
2.499,9.4847042,225.85171,227.59862,0,0.047430754,0.78287982,0,0,0.056582194,8.27,3.7259392,0
2.5,9.2689739,225.85171,227.23972,0,0.047430754,0.78287982,0,0,0.056493135,8.27,3.7259392,0
2.501,9.0535836,225.85171,226.88137,0,0.047430754,0.78287982,0,0,0.056404216,8.27,3.7259392,0
2.502,8.8385328,225.85171,226.5236,0,0.047430754,0.78287982,0,0,0.056315436,8.27,3.7259392,0
2.503,8.623821,225.85171,226.16638,0,0.047430754,0.78287982,0,0,0.056226796,8.27,3.7259392,0
2.504,8.4094477,225.85171,225.80973,0,0.047430754,0.78287982,0,0,0.056138295,8.27,3.7259392,0
2.505,8.2614714,225.85171,225.56354,0,0.047414965,0.78287792,0.015788701,0.0019091537,0.056049933,8.27,3.7259612,0.00010983198
2.506,8.0476671,222.73186,225.20785,0,0.047414965,0.78287792,0,0,0.055988937,8.27,3.7259612,0
2.507,7.8342043,222.73186,224.85271,0,0.047414965,0.78287792,0,0,0.05590081,8.27,3.7259612,0
2.508,7.621078,222.73186,224.49814,0,0.047414965,0.78287792,0,0,0.055812822,8.27,3.7259612,0
2.509,7.4082877,222.73186,224.14412,0,0.047414965,0.78287792,0,0,0.055724972,8.27,3.7259612,0
2.51,7.1958327,222.73186,223.79066,0,0.047414965,0.78287792,0,0,0.055637261,8.27,3.7259612,0
2.511,6.9837127,222.73186,223.43776,0,0.047414965,0.78287792,0,0,0.055549687,8.27,3.7259612,0
2.512,6.771927,222.73186,223.08542,0,0.047414965,0.78287792,0,0,0.05546225,8.27,3.7259612,0
2.513,6.5604752,222.73186,222.73363,0,0.047414965,0.78287792,0,0,0.055374951,8.27,3.7259612,0
2.514,6.3493567,222.73186,222.3824,0,0.047414965,0.78287792,0,0,0.055287789,8.27,3.7259612,0
2.515,6.3291069,222.73186,222.34869,0,0.047369396,0.7828724,0.045569343,0.0055101987,0.055200764,8.27,3.7260246,0.00031699514
2.516,6.1183472,219.612,221.99807,0,0.047369396,0.7828724,0,0,0.055192411,8.27,3.7260246,0
2.517,5.9079327,219.612,221.64801,0,0.047369396,0.7828724,0,0,0.055105539,8.27,3.7260246,0
2.518,5.6978499,219.612,221.2985,0,0.047369396,0.7828724,0,0,0.055018803,8.27,3.7260246,0
2.519,5.4880982,219.612,220.94954,0,0.047369396,0.7828724,0,0,0.054932203,8.27,3.7260246,0
2.52,5.2786772,219.612,220.60113,0,0.047369396,0.7828724,0,0,0.05484574,8.27,3.7260246,0
2.521,5.0695863,219.612,220.25327,0,0.047369396,0.7828724,0,0,0.054759412,8.27,3.7260246,0
2.522,4.8608249,219.612,219.90596,0,0.047369396,0.7828724,0,0,0.05467322,8.27,3.7260246,0
2.523,4.6523927,219.612,219.55919,0,0.047369396,0.7828724,0,0,0.054587163,8.27,3.7260246,0
2.524,4.518469,219.612,219.33638,0,0.047351675,0.78287026,0.017720744,0.0021427744,0.054501241,8.27,3.7260492,0.00012326915
2.525,4.310574,216.49215,218.99052,0,0.047351675,0.78287026,0,0,0.054446032,8.27,3.7260492,0
2.526,4.1030117,216.49215,218.6452,0,0.047351675,0.78287026,0,0,0.054360333,8.27,3.7260492,0
2.527,3.8957766,216.49215,218.30043,0,0.047351675,0.78287026,0,0,0.054274769,8.27,3.7260492,0
2.528,3.6888682,216.49215,217.9562,0,0.047351675,0.78287026,0,0,0.054189339,8.27,3.7260492,0
2.529,3.4822859,216.49215,217.61251,0,0.047351675,0.78287026,0,0,0.054104043,8.27,3.7260492,0
2.53,3.2760292,216.49215,217.26937,0,0.047351675,0.78287026,0,0,0.054018882,8.27,3.7260492,0
2.531,3.0700977,216.49215,216.92677,0,0.047351675,0.78287026,0,0,0.053933854,8.27,3.7260492,0
2.532,2.8644908,216.49215,216.5847,0,0.047351675,0.78287026,0,0,0.053848959,8.27,3.7260492,0
2.533,2.659208,216.49215,216.24318,0,0.047351675,0.78287026,0,0,0.053764199,8.27,3.7260492,0
2.534,2.6153066,216.49215,216.17012,0,0.047313185,0.78286561,0.038489768,0.0046541437,0.053679571,8.27,3.7261028,0.000267741
2.535,2.4104116,213.37229,215.82926,0,0.047313185,0.78286561,0,0,0.053661468,8.27,3.7261028,0
2.536,2.2058504,213.37229,215.48894,0,0.047313185,0.78286561,0,0,0.053577004,8.27,3.7261028,0
2.537,2.0016116,213.37229,215.14915,0,0.047313185,0.78286561,0,0,0.053492673,8.27,3.7261028,0
2.538,1.7976947,213.37229,214.8099,0,0.047313185,0.78286561,0,0,0.053408474,8.27,3.7261028,0
2.539,1.5940993,213.37229,214.47119,0,0.047313185,0.78286561,0,0,0.053324407,8.27,3.7261028,0
2.54,1.3908249,213.37229,214.133,0,0.047313185,0.78286561,0,0,0.053240473,8.27,3.7261028,0
2.541,1.1878708,213.37229,213.79535,0,0.047313185,0.78286561,0,0,0.05315667,8.27,3.7261028,0
2.542,0.98523666,213.37229,213.45824,0,0.047313185,0.78286561,0,0,0.053072999,8.27,3.7261028,0
2.543,0.78292194,213.37229,213.12165,0,0.047313185,0.78286561,0,0,0.052989459,8.27,3.7261028,0
2.544,0.7426221,213.37229,213.05459,0,0.047274553,0.78286094,0.038632218,0.0046713686,0.052906051,8.27,3.7261565,0.00026872804
2.545,0.54068493,210.25244,212.71865,0,0.047274553,0.78286094,0,0,0.052889432,8.27,3.7261565,0
2.546,0.33907671,210.25244,212.38324,0,0.047274553,0.78286094,0,0,0.052806184,8.27,3.7261565,0
2.547,0.13778629,210.25244,212.04836,0,0.047274553,0.78286094,0,0,0.052723066,8.27,3.7261565,0
2.548,0,210.25244,211.71401,0,0.047274553,0.78286094,0,0,0.052640078,8.27,3.7261565,0
2.549,0,210.25244,211.38018,0,0.047274553,0.78286094,0,0,0.052557221,8.27,3.7261565,0
2.55,0,210.25244,211.04688,0,0.047274553,0.78286094,0,0,0.052474494,8.27,3.7261565,0
2.551,0,210.25244,210.71411,0,0.047274553,0.78286094,0,0,0.052391897,8.27,3.7261565,0
2.552,0,210.25244,210.38186,0,0.047274553,0.78286094,0,0,0.05230943,8.27,3.7261565,0
2.553,0,210.25244,210.05013,0,0.047274553,0.78286094,0,0,0.052227093,8.27,3.7261565,0
2.554,0,210.25244,209.96078,0,0.047239833,0.78285674,0.034720151,0.0041983254,0.052144884,8.27,3.7262048,0.00024151198
2.555,0,207.13258,209.62972,0,0.047239833,0.78285674,0,0,0.05212274,8.27,3.7262048,0
2.556,0,207.13258,209.29919,0,0.047239833,0.78285674,0,0,0.052040698,8.27,3.7262048,0
2.557,0,207.13258,208.96918,0,0.047239833,0.78285674,0,0,0.051958785,8.27,3.7262048,0
2.558,0,207.13258,208.63969,0,0.047239833,0.78285674,0,0,0.051877,8.27,3.7262048,0
2.559,0,207.13258,208.31072,0,0.047239833,0.78285674,0,0,0.051795344,8.27,3.7262048,0
2.56,0,207.13258,207.98227,0,0.047239833,0.78285674,0,0,0.051713816,8.27,3.7262048,0
2.561,0,207.13258,207.65433,0,0.047239833,0.78285674,0,0,0.051632416,8.27,3.7262048,0
2.562,0,207.13258,207.32692,0,0.047239833,0.78285674,0,0,0.051551145,8.27,3.7262048,0
2.563,0,207.13258,207.00001,0,0.047239833,0.78285674,0,0,0.05147,8.27,3.7262048,0
2.564,0,207.13258,206.86957,0,0.047211717,0.78285334,0.028115708,0.0033997229,0.051388984,8.27,3.7262439,0.00019556921
2.565,0,204.01272,206.5434,0,0.047211717,0.78285334,0,0,0.051356655,8.27,3.7262439,0
2.566,0,204.01272,206.21774,0,0.047211717,0.78285334,0,0,0.051275818,8.27,3.7262439,0
2.567,0,204.01272,205.89259,0,0.047211717,0.78285334,0,0,0.051195108,8.27,3.7262439,0
2.568,0,204.01272,205.56796,0,0.047211717,0.78285334,0,0,0.051114525,8.27,3.7262439,0
2.569,0,204.01272,205.24384,0,0.047211717,0.78285334,0,0,0.051034069,8.27,3.7262439,0
2.57,0,204.01272,204.92023,0,0.047211717,0.78285334,0,0,0.050953738,8.27,3.7262439,0
2.571,0,204.01272,204.59713,0,0.047211717,0.78285334,0,0,0.050873535,8.27,3.7262439,0
2.572,0,204.01272,204.27453,0,0.047211717,0.78285334,0,0,0.050793457,8.27,3.7262439,0
2.573,0,204.01272,203.95245,0,0.047211717,0.78285334,0,0,0.050713505,8.27,3.7262439,0
2.574,0,204.01272,203.76312,0,0.047192752,0.78285105,0.018964905,0.002293217,0.050633678,8.27,3.7262703,0.00013191602
2.575,0,200.89287,203.44185,0,0.047192752,0.78285105,0,0,0.050586754,8.27,3.7262703,0
2.576,0,200.89287,203.12109,0,0.047192752,0.78285105,0,0,0.050507128,8.27,3.7262703,0
2.577,0,200.89287,202.80083,0,0.047192752,0.78285105,0,0,0.050427627,8.27,3.7262703,0
2.578,0,200.89287,202.48107,0,0.047192752,0.78285105,0,0,0.050348251,8.27,3.7262703,0
2.579,0,200.89287,202.16182,0,0.047192752,0.78285105,0,0,0.050268999,8.27,3.7262703,0
2.58,0,200.89287,201.84308,0,0.047192752,0.78285105,0,0,0.050189872,8.27,3.7262703,0
2.581,0,200.89287,201.52483,0,0.047192752,0.78285105,0,0,0.05011087,8.27,3.7262703,0
2.582,0,200.89287,201.20709,0,0.047192752,0.78285105,0,0,0.050031992,8.27,3.7262703,0
2.583,0,200.89287,200.88985,0,0.047192752,0.78285105,0,0,0.049953237,8.27,3.7262703,0
2.584,0,200.89287,200.60276,0,0.047188503,0.78285053,0.0042491925,0.00051380804,0.049874606,8.27,3.7262762,2.955631e-05
2.585,0,197.77301,200.28647,0,0.047188503,0.78285053,0,0,0.049803449,8.27,3.7262762,0
2.586,0,197.77301,199.97068,0,0.047188503,0.78285053,0,0,0.049725054,8.27,3.7262762,0
2.587,0,197.77301,199.65539,0,0.047188503,0.78285053,0,0,0.049646782,8.27,3.7262762,0
2.588,0,197.77301,199.34059,0,0.047188503,0.78285053,0,0,0.049568634,8.27,3.7262762,0
2.589,0,197.77301,199.0263,0,0.047188503,0.78285053,0,0,0.049490607,8.27,3.7262762,0
2.59,0,197.77301,198.71249,0,0.047188503,0.78285053,0,0,0.049412704,8.27,3.7262762,0
2.591,0,197.77301,198.39919,0,0.047188503,0.78285053,0,0,0.049334923,8.27,3.7262762,0
2.592,0,197.77301,198.08637,0,0.047188503,0.78285053,0,0,0.049257264,8.27,3.7262762,0
2.593,0,197.77301,197.77405,0,0.047188503,0.78285053,0,0,0.049179727,8.27,3.7262762,0
2.594,0,197.77301,197.46222,0,0.047188503,0.78285053,0,0,0.049102312,8.27,3.7262762,0
2.595,0,197.77301,197.45132,0,0.047145406,0.78284532,0.043096625,0.0052112001,0.049025019,8.27,3.7263362,0.00029976877
2.596,0,194.65316,197.14001,0,0.047145406,0.78284532,0,0,0.049022317,8.27,3.7263362,0
2.597,0,194.65316,196.82919,0,0.047145406,0.78284532,0,0,0.048945152,8.27,3.7263362,0
2.598,0,194.65316,196.51886,0,0.047145406,0.78284532,0,0,0.048868108,8.27,3.7263362,0
2.599,0,194.65316,196.20902,0,0.047145406,0.78284532,0,0,0.048791185,8.27,3.7263362,0
2.6,0,194.65316,195.89967,0,0.047145406,0.78284532,0,0,0.048714383,8.27,3.7263362,0
2.601,0,194.65316,195.59081,0,0.047145406,0.78284532,0,0,0.048637702,8.27,3.7263362,0
2.602,0,194.65316,195.28243,0,0.047145406,0.78284532,0,0,0.048561141,8.27,3.7263362,0
2.603,0,194.65316,194.97454,0,0.047145406,0.78284532,0,0,0.048484701,8.27,3.7263362,0
2.604,0,194.65316,194.66714,0,0.047145406,0.78284532,0,0,0.048408381,8.27,3.7263362,0
2.605,0,194.65316,194.36022,0,0.047145406,0.78284532,0,0,0.04833218,8.27,3.7263362,0
2.606,0,194.65316,194.34566,0,0.04710355,0.78284026,0.041856217,0.0050612113,0.0482561,8.27,3.7263944,0.00029113613
2.607,0,191.5333,194.03925,0,0.04710355,0.78284026,0,0,0.04825249,8.27,3.7263944,0
2.608,0,191.5333,193.73333,0,0.04710355,0.78284026,0,0,0.048176537,8.27,3.7263944,0
2.609,0,191.5333,193.42789,0,0.04710355,0.78284026,0,0,0.048100704,8.27,3.7263944,0
2.61,0,191.5333,193.12294,0,0.04710355,0.78284026,0,0,0.048024989,8.27,3.7263944,0
2.611,0,191.5333,192.81846,0,0.04710355,0.78284026,0,0,0.047949394,8.27,3.7263944,0
2.612,0,191.5333,192.51446,0,0.04710355,0.78284026,0,0,0.047873917,8.27,3.7263944,0
2.613,0,191.5333,192.21095,0,0.04710355,0.78284026,0,0,0.047798559,8.27,3.7263944,0
2.614,0,191.5333,191.90791,0,0.04710355,0.78284026,0,0,0.04772332,8.27,3.7263944,0
2.615,0,191.5333,191.60535,0,0.04710355,0.78284026,0,0,0.047648198,8.27,3.7263944,0
2.616,0,191.5333,191.30326,0,0.04710355,0.78284026,0,0,0.047573195,8.27,3.7263944,0
2.617,0,191.5333,191.26051,0,0.047066445,0.78283577,0.037105057,0.0044867058,0.04749831,8.27,3.726446,0.00025808481
2.618,0,188.41345,190.95898,0,0.047066445,0.78283577,0,0,0.047487711,8.27,3.726446,0
2.619,0,188.41345,190.65792,0,0.047066445,0.78283577,0,0,0.047412962,8.27,3.726446,0
2.62,0,188.41345,190.35734,0,0.047066445,0.78283577,0,0,0.047338331,8.27,3.726446,0
2.621,0,188.41345,190.05723,0,0.047066445,0.78283577,0,0,0.047263817,8.27,3.726446,0
2.622,0,188.41345,189.7576,0,0.047066445,0.78283577,0,0,0.04718942,8.27,3.726446,0
2.623,0,188.41345,189.45844,0,0.047066445,0.78283577,0,0,0.047115139,8.27,3.726446,0
2.624,0,188.41345,189.15975,0,0.047066445,0.78283577,0,0,0.047040976,8.27,3.726446,0
2.625,0,188.41345,188.86153,0,0.047066445,0.78283577,0,0,0.046966929,8.27,3.726446,0
2.626,0,188.41345,188.56378,0,0.047066445,0.78283577,0,0,0.046892999,8.27,3.726446,0
2.627,0,188.41345,188.2665,0,0.047066445,0.78283577,0,0,0.046819184,8.27,3.726446,0
2.628,0,188.41345,188.17676,0,0.047036777,0.78283219,0.029667561,0.0035873714,0.046745486,8.27,3.7264873,0.00020635034
2.629,0,185.29359,187.8801,0,0.047036777,0.78283219,0,0,0.046723241,8.27,3.7264873,0
2.63,0,185.29359,187.58391,0,0.047036777,0.78283219,0,0,0.046649695,8.27,3.7264873,0
2.631,0,185.29359,187.28818,0,0.047036777,0.78283219,0,0,0.046576264,8.27,3.7264873,0
2.632,0,185.29359,186.99291,0,0.047036777,0.78283219,0,0,0.046502949,8.27,3.7264873,0
2.633,0,185.29359,186.69812,0,0.047036777,0.78283219,0,0,0.04642975,8.27,3.7264873,0
2.634,0,185.29359,186.40379,0,0.047036777,0.78283219,0,0,0.046356665,8.27,3.7264873,0
2.635,0,185.29359,186.10992,0,0.047036777,0.78283219,0,0,0.046283695,8.27,3.7264873,0
2.636,0,185.29359,185.81651,0,0.047036777,0.78283219,0,0,0.04621084,8.27,3.7264873,0
2.637,0,185.29359,185.52357,0,0.047036777,0.78283219,0,0,0.0461381,8.27,3.7264873,0
2.638,0,185.29359,185.23109,0,0.047036777,0.78283219,0,0,0.046065474,8.27,3.7264873,0
2.639,0,185.29359,185.07426,0,0.047017422,0.78282984,0.019355769,0.0023404799,0.045992962,8.27,3.7265142,0.000134626
2.64,0,182.17374,184.78249,0,0.047017422,0.78282984,0,0,0.045954081,8.27,3.7265142,0
2.641,0,182.17374,184.49119,0,0.047017422,0.78282984,0,0,0.045881745,8.27,3.7265142,0
2.642,0,182.17374,184.20034,0,0.047017422,0.78282984,0,0,0.045809522,8.27,3.7265142,0
2.643,0,182.17374,183.90995,0,0.047017422,0.78282984,0,0,0.045737414,8.27,3.7265142,0
2.644,0,182.17374,183.62001,0,0.047017422,0.78282984,0,0,0.045665418,8.27,3.7265142,0
2.645,0,182.17374,183.33054,0,0.047017422,0.78282984,0,0,0.045593536,8.27,3.7265142,0
2.646,0,182.17374,183.04152,0,0.047017422,0.78282984,0,0,0.045521767,8.27,3.7265142,0
2.647,0,182.17374,182.75296,0,0.047017422,0.78282984,0,0,0.04545011,8.27,3.7265142,0
2.648,0,182.17374,182.46485,0,0.047017422,0.78282984,0,0,0.045378567,8.27,3.7265142,0
2.649,0,182.17374,182.17719,0,0.047017422,0.78282984,0,0,0.045307135,8.27,3.7265142,0
2.65,0,182.17374,181.88999,0,0.047017422,0.78282984,0,0,0.045235816,8.27,3.7265142,0
2.651,0,182.17374,181.89124,0,0.046976165,0.78282486,0.041256675,0.0049887153,0.045164609,8.27,3.7265716,0.00028695223
2.652,0,179.05388,181.6045,0,0.046976165,0.78282486,0,0,0.045164919,8.27,3.7265716,0
2.653,0,179.05388,181.31821,0,0.046976165,0.78282486,0,0,0.045093825,8.27,3.7265716,0
2.654,0,179.05388,181.03238,0,0.046976165,0.78282486,0,0,0.045022844,8.27,3.7265716,0
2.655,0,179.05388,180.74699,0,0.046976165,0.78282486,0,0,0.044951974,8.27,3.7265716,0
2.656,0,179.05388,180.46205,0,0.046976165,0.78282486,0,0,0.044881215,8.27,3.7265716,0
2.657,0,179.05388,180.17756,0,0.046976165,0.78282486,0,0,0.044810568,8.27,3.7265716,0
2.658,0,179.05388,179.89353,0,0.046976165,0.78282486,0,0,0.044740031,8.27,3.7265716,0
2.659,0,179.05388,179.60993,0,0.046976165,0.78282486,0,0,0.044669606,8.27,3.7265716,0
2.66,0,179.05388,179.32679,0,0.046976165,0.78282486,0,0,0.044599291,8.27,3.7265716,0
2.661,0,179.05388,179.04409,0,0.046976165,0.78282486,0,0,0.044529087,8.27,3.7265716,0
2.662,0,179.05388,178.81544,0,0.046968499,0.78282393,0.0076656136,0.00092691821,0.044458993,8.27,3.7265823,5.3315762e-05
2.663,0,175.93402,178.53355,0,0.046968499,0.78282393,0,0,0.044402298,8.27,3.7265823,0
2.664,0,175.93402,178.2521,0,0.046968499,0.78282393,0,0,0.044332404,8.27,3.7265823,0
2.665,0,175.93402,177.9711,0,0.046968499,0.78282393,0,0,0.04426262,8.27,3.7265823,0
2.666,0,175.93402,177.69054,0,0.046968499,0.78282393,0,0,0.044192945,8.27,3.7265823,0
2.667,0,175.93402,177.41042,0,0.046968499,0.78282393,0,0,0.04412338,8.27,3.7265823,0
2.668,0,175.93402,177.13075,0,0.046968499,0.78282393,0,0,0.044053924,8.27,3.7265823,0
2.669,0,175.93402,176.85151,0,0.046968499,0.78282393,0,0,0.043984578,8.27,3.7265823,0
2.67,0,175.93402,176.57272,0,0.046968499,0.78282393,0,0,0.04391534,8.27,3.7265823,0
2.671,0,175.93402,176.29436,0,0.046968499,0.78282393,0,0,0.043846212,8.27,3.7265823,0
2.672,0,175.93402,176.01645,0,0.046968499,0.78282393,0,0,0.043777192,8.27,3.7265823,0
2.673,0,175.93402,175.73897,0,0.046968499,0.78282393,0,0,0.04370828,8.27,3.7265823,0
2.674,0,175.93402,175.70109,0,0.046934266,0.78281979,0.034233479,0.0041394775,0.043639477,8.27,3.7266299,0.0002380995
2.675,0,172.81417,175.42412,0,0.046934266,0.78281979,0,0,0.043630084,8.27,3.7266299,0
2.676,0,172.81417,175.14758,0,0.046934266,0.78281979,0,0,0.043561406,8.27,3.7266299,0
2.677,0,172.81417,174.87148,0,0.046934266,0.78281979,0,0,0.043492835,8.27,3.7266299,0
2.678,0,172.81417,174.59582,0,0.046934266,0.78281979,0,0,0.043424373,8.27,3.7266299,0
2.679,0,172.81417,174.32059,0,0.046934266,0.78281979,0,0,0.043356018,8.27,3.7266299,0
2.68,0,172.81417,174.04579,0,0.046934266,0.78281979,0,0,0.04328777,8.27,3.7266299,0
2.681,0,172.81417,173.77143,0,0.046934266,0.78281979,0,0,0.04321963,8.27,3.7266299,0
2.682,0,172.81417,173.4975,0,0.046934266,0.78281979,0,0,0.043151596,8.27,3.7266299,0
2.683,0,172.81417,173.224,0,0.046934266,0.78281979,0,0,0.04308367,8.27,3.7266299,0
2.684,0,172.81417,172.95093,0,0.046934266,0.78281979,0,0,0.04301585,8.27,3.7266299,0
2.685,0,172.81417,172.67829,0,0.046934266,0.78281979,0,0,0.042948138,8.27,3.7266299,0
2.686,0,172.81417,172.60588,0,0.046905682,0.78281633,0.02858371,0.0034563132,0.042880531,8.27,3.7266696,0.00019880189
2.687,0,169.69431,172.33379,0,0.046905682,0.78281633,0,0,0.042862573,8.27,3.7266696,0
2.688,0,169.69431,172.06213,0,0.046905682,0.78281633,0,0,0.042795103,8.27,3.7266696,0
2.689,0,169.69431,171.7909,0,0.046905682,0.78281633,0,0,0.042727738,8.27,3.7266696,0
2.69,0,169.69431,171.5201,0,0.046905682,0.78281633,0,0,0.04266048,8.27,3.7266696,0
2.691,0,169.69431,171.24972,0,0.046905682,0.78281633,0,0,0.042593327,8.27,3.7266696,0
2.692,0,169.69431,170.97977,0,0.046905682,0.78281633,0,0,0.04252628,8.27,3.7266696,0
2.693,0,169.69431,170.71025,0,0.046905682,0.78281633,0,0,0.042459338,8.27,3.7266696,0
2.694,0,169.69431,170.44115,0,0.046905682,0.78281633,0,0,0.042392501,8.27,3.7266696,0
2.695,0,169.69431,170.17248,0,0.046905682,0.78281633,0,0,0.04232577,8.27,3.7266696,0
2.696,0,169.69431,169.90422,0,0.046905682,0.78281633,0,0,0.042259143,8.27,3.7266696,0
2.697,0,169.69431,169.6364,0,0.046905682,0.78281633,0,0,0.042192622,8.27,3.7266696,0
2.698,0,169.69431,169.49957,0,0.046887013,0.78281408,0.01866933,0.0022574764,0.042126204,8.27,3.7266956,0.00012984523
2.699,0,166.57446,169.23238,0,0.046887013,0.78281408,0,0,0.042092273,8.27,3.7266956,0
2.7,0,166.57446,168.96562,0,0.046887013,0.78281408,0,0,0.042026015,8.27,3.7266956,0
2.701,0,166.57446,168.69927,0,0.046887013,0.78281408,0,0,0.04195986,8.27,3.7266956,0
2.702,0,166.57446,168.43335,0,0.046887013,0.78281408,0,0,0.04189381,8.27,3.7266956,0
2.703,0,166.57446,168.16784,0,0.046887013,0.78281408,0,0,0.041827863,8.27,3.7266956,0
2.704,0,166.57446,167.90276,0,0.046887013,0.78281408,0,0,0.041762021,8.27,3.7266956,0
2.705,0,166.57446,167.63809,0,0.046887013,0.78281408,0,0,0.041696281,8.27,3.7266956,0
2.706,0,166.57446,167.37384,0,0.046887013,0.78281408,0,0,0.041630645,8.27,3.7266956,0
2.707,0,166.57446,167.11,0,0.046887013,0.78281408,0,0,0.041565112,8.27,3.7266956,0
2.708,0,166.57446,166.84658,0,0.046887013,0.78281408,0,0,0.041499683,8.27,3.7266956,0
2.709,0,166.57446,166.58358,0,0.046887013,0.78281408,0,0,0.041434356,8.27,3.7266956,0
2.71,0,166.57446,166.32099,0,0.046887013,0.78281408,0,0,0.041369132,8.27,3.7266956,0
2.711,0,166.57446,166.33193,0,0.046847941,0.78280935,0.039072113,0.0047245602,0.04130401,8.27,3.72675,0.00027174474
2.712,0,163.4546,166.06975,0,0.046847941,0.78280935,0,0,0.041306724,8.27,3.72675,0
2.713,0,163.4546,165.80798,0,0.046847941,0.78280935,0,0,0.041241703,8.27,3.72675,0
2.714,0,163.4546,165.54662,0,0.046847941,0.78280935,0,0,0.041176784,8.27,3.72675,0
2.715,0,163.4546,165.28567,0,0.046847941,0.78280935,0,0,0.041111966,8.27,3.72675,0
2.716,0,163.4546,165.02514,0,0.046847941,0.78280935,0,0,0.041047251,8.27,3.72675,0
2.717,0,163.4546,164.76501,0,0.046847941,0.78280935,0,0,0.040982637,8.27,3.72675,0
2.718,0,163.4546,164.5053,0,0.046847941,0.78280935,0,0,0.040918125,8.27,3.72675,0
2.719,0,163.4546,164.246,0,0.046847941,0.78280935,0,0,0.040853715,8.27,3.72675,0
2.72,0,163.4546,163.9871,0,0.046847941,0.78280935,0,0,0.040789406,8.27,3.72675,0
2.721,0,163.4546,163.72861,0,0.046847941,0.78280935,0,0,0.040725197,8.27,3.72675,0
2.722,0,163.4546,163.47053,0,0.046847941,0.78280935,0,0,0.04066109,8.27,3.72675,0
2.723,0,163.4546,163.21286,0,0.046847941,0.78280935,0,0,0.040597084,8.27,3.72675,0
2.724,0,163.4546,163.22251,0,0.046809767,0.78280474,0.038173606,0.0046159137,0.040533178,8.27,3.7268031,0.00026549179
2.725,0,160.33475,162.96523,0,0.046809767,0.78280474,0,0,0.04053557,8.27,3.7268031,0
2.726,0,160.33475,162.70836,0,0.046809767,0.78280474,0,0,0.040471763,8.27,3.7268031,0
2.727,0,160.33475,162.4519,0,0.046809767,0.78280474,0,0,0.040408056,8.27,3.7268031,0
2.728,0,160.33475,162.19584,0,0.046809767,0.78280474,0,0,0.04034445,8.27,3.7268031,0
2.729,0,160.33475,161.94018,0,0.046809767,0.78280474,0,0,0.040280943,8.27,3.7268031,0
2.73,0,160.33475,161.68493,0,0.046809767,0.78280474,0,0,0.040217536,8.27,3.7268031,0
2.731,0,160.33475,161.43008,0,0.046809767,0.78280474,0,0,0.040154229,8.27,3.7268031,0
2.732,0,160.33475,161.17563,0,0.046809767,0.78280474,0,0,0.040091021,8.27,3.7268031,0
2.733,0,160.33475,160.92158,0,0.046809767,0.78280474,0,0,0.040027913,8.27,3.7268031,0
2.734,0,160.33475,160.66793,0,0.046809767,0.78280474,0,0,0.039964904,8.27,3.7268031,0
2.735,0,160.33475,160.41469,0,0.046809767,0.78280474,0,0,0.039901994,8.27,3.7268031,0
2.736,0,160.33475,160.16184,0,0.046809767,0.78280474,0,0,0.039839183,8.27,3.7268031,0
2.737,0,160.33475,160.13533,0,0.046777469,0.78280083,0.032298051,0.0039054476,0.039776471,8.27,3.726848,0.00022462498
2.738,0,157.21489,159.88293,0,0.046777469,0.78280083,0,0,0.039769897,8.27,3.726848,0
2.739,0,157.21489,159.63093,0,0.046777469,0.78280083,0,0,0.039707295,8.27,3.726848,0
2.74,0,157.21489,159.37932,0,0.046777469,0.78280083,0,0,0.039644792,8.27,3.726848,0
2.741,0,157.21489,159.12811,0,0.046777469,0.78280083,0,0,0.039582387,8.27,3.726848,0
2.742,0,157.21489,158.8773,0,0.046777469,0.78280083,0,0,0.03952008,8.27,3.726848,0
2.743,0,157.21489,158.62688,0,0.046777469,0.78280083,0,0,0.039457871,8.27,3.726848,0
2.744,0,157.21489,158.37686,0,0.046777469,0.78280083,0,0,0.03939576,8.27,3.726848,0
2.745,0,157.21489,158.12723,0,0.046777469,0.78280083,0,0,0.039333747,8.27,3.726848,0
2.746,0,157.21489,157.87799,0,0.046777469,0.78280083,0,0,0.039271831,8.27,3.726848,0
2.747,0,157.21489,157.62915,0,0.046777469,0.78280083,0,0,0.039210012,8.27,3.726848,0
2.748,0,157.21489,157.3807,0,0.046777469,0.78280083,0,0,0.039148291,8.27,3.726848,0
2.749,0,157.21489,157.13264,0,0.046777469,0.78280083,0,0,0.039086667,8.27,3.726848,0
2.75,0,157.21489,157.04098,0,0.046755184,0.78279813,0.022285403,0.0026947283,0.039025139,8.27,3.726879,0.00015498761
2.751,0,154.09503,156.79346,0,0.046755184,0.78279813,0,0,0.039002405,8.27,3.726879,0
2.752,0,154.09503,156.54634,0,0.046755184,0.78279813,0,0,0.038941011,8.27,3.726879,0
2.753,0,154.09503,156.2996,0,0.046755184,0.78279813,0,0,0.038879713,8.27,3.726879,0
2.754,0,154.09503,156.05325,0,0.046755184,0.78279813,0,0,0.038818512,8.27,3.726879,0
2.755,0,154.09503,155.80728,0,0.046755184,0.78279813,0,0,0.038757408,8.27,3.726879,0
2.756,0,154.09503,155.56171,0,0.046755184,0.78279813,0,0,0.038696399,8.27,3.726879,0
2.757,0,154.09503,155.31652,0,0.046755184,0.78279813,0,0,0.038635486,8.27,3.726879,0
2.758,0,154.09503,155.07172,0,0.046755184,0.78279813,0,0,0.038574669,8.27,3.726879,0
2.759,0,154.09503,154.82731,0,0.046755184,0.78279813,0,0,0.038513948,8.27,3.726879,0
2.76,0,154.09503,154.58328,0,0.046755184,0.78279813,0,0,0.038453322,8.27,3.726879,0
2.761,0,154.09503,154.33964,0,0.046755184,0.78279813,0,0,0.038392792,8.27,3.726879,0
2.762,0,154.09503,154.09638,0,0.046755184,0.78279813,0,0,0.038332357,8.27,3.726879,0
2.763,0,154.09503,153.8535,0,0.046755184,0.78279813,0,0,0.038272017,8.27,3.726879,0
2.764,0,154.09503,153.87834,0,0.046716977,0.78279352,0.038206256,0.0046198617,0.038211771,8.27,3.7269321,0.00026570967
2.765,0,150.97518,153.63582,0,0.046716977,0.78279352,0,0,0.038217934,8.27,3.7269321,0
2.766,0,150.97518,153.39367,0,0.046716977,0.78279352,0,0,0.038157775,8.27,3.7269321,0
2.767,0,150.97518,153.15191,0,0.046716977,0.78279352,0,0,0.038097711,8.27,3.7269321,0
2.768,0,150.97518,152.91053,0,0.046716977,0.78279352,0,0,0.038037742,8.27,3.7269321,0
2.769,0,150.97518,152.66953,0,0.046716977,0.78279352,0,0,0.037977867,8.27,3.7269321,0
2.77,0,150.97518,152.42891,0,0.046716977,0.78279352,0,0,0.037918086,8.27,3.7269321,0
2.771,0,150.97518,152.18867,0,0.046716977,0.78279352,0,0,0.037858399,8.27,3.7269321,0
2.772,0,150.97518,151.94881,0,0.046716977,0.78279352,0,0,0.037798806,8.27,3.7269321,0
2.773,0,150.97518,151.70933,0,0.046716977,0.78279352,0,0,0.037739306,8.27,3.7269321,0
2.774,0,150.97518,151.47022,0,0.046716977,0.78279352,0,0,0.0376799,8.27,3.7269321,0
2.775,0,150.97518,151.23149,0,0.046716977,0.78279352,0,0,0.037620588,8.27,3.7269321,0
2.776,0,150.97518,150.99314,0,0.046716977,0.78279352,0,0,0.037561369,8.27,3.7269321,0
2.777,0,150.97518,150.75516,0,0.046716977,0.78279352,0,0,0.037502243,8.27,3.7269321,0
2.778,0,150.97518,150.7729,0,0.046680497,0.7827891,0.036480828,0.0044112247,0.03744321,8.27,3.7269829,0.00025370637
2.779,0,147.85532,150.53528,0,0.046680497,0.7827891,0,0,0.037447611,8.27,3.7269829,0
2.78,0,147.85532,150.29803,0,0.046680497,0.7827891,0,0,0.037388666,8.27,3.7269829,0
2.781,0,147.85532,150.06116,0,0.046680497,0.7827891,0,0,0.037329813,8.27,3.7269829,0
2.782,0,147.85532,149.82466,0,0.046680497,0.7827891,0,0,0.037271053,8.27,3.7269829,0
2.783,0,147.85532,149.58853,0,0.046680497,0.7827891,0,0,0.037212385,8.27,3.7269829,0
2.784,0,147.85532,149.35277,0,0.046680497,0.7827891,0,0,0.037153809,8.27,3.7269829,0
2.785,0,147.85532,149.11739,0,0.046680497,0.7827891,0,0,0.037095326,8.27,3.7269829,0
2.786,0,147.85532,148.88237,0,0.046680497,0.7827891,0,0,0.037036935,8.27,3.7269829,0
2.787,0,147.85532,148.64773,0,0.046680497,0.7827891,0,0,0.036978635,8.27,3.7269829,0
2.788,0,147.85532,148.41346,0,0.046680497,0.7827891,0,0,0.036920427,8.27,3.7269829,0
2.789,0,147.85532,148.17955,0,0.046680497,0.7827891,0,0,0.036862311,8.27,3.7269829,0
2.79,0,147.85532,147.94602,0,0.046680497,0.7827891,0,0,0.036804286,8.27,3.7269829,0
2.791,0,147.85532,147.71285,0,0.046680497,0.7827891,0,0,0.036746352,8.27,3.7269829,0
2.792,0,147.85532,147.68574,0,0.046651128,0.78278555,0.029369056,0.0035512764,0.036688509,8.27,3.7270237,0.00020424468
2.793,0,144.73547,147.45299,0,0.046651128,0.78278555,0,0,0.036681783,8.27,3.7270237,0
2.794,0,144.73547,147.2206,0,0.046651128,0.78278555,0,0,0.036624043,8.27,3.7270237,0
2.795,0,144.73547,146.98859,0,0.046651128,0.78278555,0,0,0.036566394,8.27,3.7270237,0
2.796,0,144.73547,146.75693,0,0.046651128,0.78278555,0,0,0.036508836,8.27,3.7270237,0
2.797,0,144.73547,146.52565,0,0.046651128,0.78278555,0,0,0.036451368,8.27,3.7270237,0
2.798,0,144.73547,146.29473,0,0.046651128,0.78278555,0,0,0.036393991,8.27,3.7270237,0
2.799,0,144.73547,146.06417,0,0.046651128,0.78278555,0,0,0.036336704,8.27,3.7270237,0
2.8,0,144.73547,145.83397,0,0.046651128,0.78278555,0,0,0.036279507,8.27,3.7270237,0
2.801,0,144.73547,145.60414,0,0.046651128,0.78278555,0,0,0.036222399,8.27,3.7270237,0
2.802,0,144.73547,145.37467,0,0.046651128,0.78278555,0,0,0.036165382,8.27,3.7270237,0
2.803,0,144.73547,145.14556,0,0.046651128,0.78278555,0,0,0.036108455,8.27,3.7270237,0
2.804,0,144.73547,144.91682,0,0.046651128,0.78278555,0,0,0.036051617,8.27,3.7270237,0
2.805,0,144.73547,144.68843,0,0.046651128,0.78278555,0,0,0.035994868,8.27,3.7270237,0
2.806,0,144.73547,144.57874,0,0.046634245,0.78278351,0.016882541,0.0020414197,0.035938208,8.27,3.7270472,0.00011740695
2.807,0,141.61561,144.35089,0,0.046634245,0.78278351,0,0,0.035910996,8.27,3.7270472,0
2.808,0,141.61561,144.1234,0,0.046634245,0.78278351,0,0,0.035854469,8.27,3.7270472,0
2.809,0,141.61561,143.89627,0,0.046634245,0.78278351,0,0,0.035798031,8.27,3.7270472,0
2.81,0,141.61561,143.6695,0,0.046634245,0.78278351,0,0,0.035741682,8.27,3.7270472,0
2.811,0,141.61561,143.44308,0,0.046634245,0.78278351,0,0,0.035685422,8.27,3.7270472,0
2.812,0,141.61561,143.21702,0,0.046634245,0.78278351,0,0,0.03562925,8.27,3.7270472,0
2.813,0,141.61561,142.99132,0,0.046634245,0.78278351,0,0,0.035573166,8.27,3.7270472,0
2.814,0,141.61561,142.76597,0,0.046634245,0.78278351,0,0,0.035517171,8.27,3.7270472,0
2.815,0,141.61561,142.54098,0,0.046634245,0.78278351,0,0,0.035461263,8.27,3.7270472,0
2.816,0,141.61561,142.31634,0,0.046634245,0.78278351,0,0,0.035405444,8.27,3.7270472,0
2.817,0,141.61561,142.09206,0,0.046634245,0.78278351,0,0,0.035349712,8.27,3.7270472,0
2.818,0,141.61561,141.86813,0,0.046634245,0.78278351,0,0,0.035294068,8.27,3.7270472,0
2.819,0,141.61561,141.64455,0,0.046634245,0.78278351,0,0,0.035238512,8.27,3.7270472,0
2.82,0,141.61561,141.42133,0,0.046634245,0.78278351,0,0,0.035183042,8.27,3.7270472,0
2.821,0,141.61561,141.43893,0,0.046599918,0.78277936,0.034327431,0.0041508381,0.035127661,8.27,3.7270949,0.00023872317
2.822,0,138.49576,141.21603,0,0.046599918,0.78277936,0,0,0.035132027,8.27,3.7270949,0
2.823,0,138.49576,140.99349,0,0.046599918,0.78277936,0,0,0.035076727,8.27,3.7270949,0
2.824,0,138.49576,140.7713,0,0.046599918,0.78277936,0,0,0.035021513,8.27,3.7270949,0
2.825,0,138.49576,140.54946,0,0.046599918,0.78277936,0,0,0.034966387,8.27,3.7270949,0
2.826,0,138.49576,140.32797,0,0.046599918,0.78277936,0,0,0.034911347,8.27,3.7270949,0
2.827,0,138.49576,140.10682,0,0.046599918,0.78277936,0,0,0.034856394,8.27,3.7270949,0
2.828,0,138.49576,139.88603,0,0.046599918,0.78277936,0,0,0.034801528,8.27,3.7270949,0
2.829,0,138.49576,139.66558,0,0.046599918,0.78277936,0,0,0.034746747,8.27,3.7270949,0
2.83,0,138.49576,139.44549,0,0.046599918,0.78277936,0,0,0.034692053,8.27,3.7270949,0
2.831,0,138.49576,139.22573,0,0.046599918,0.78277936,0,0,0.034637445,8.27,3.7270949,0
2.832,0,138.49576,139.00633,0,0.046599918,0.78277936,0,0,0.034582923,8.27,3.7270949,0
2.833,0,138.49576,138.78727,0,0.046599918,0.78277936,0,0,0.034528486,8.27,3.7270949,0
2.834,0,138.49576,138.56856,0,0.046599918,0.78277936,0,0,0.034474135,8.27,3.7270949,0
2.835,0,138.49576,138.35019,0,0.046599918,0.78277936,0,0,0.03441987,8.27,3.7270949,0
2.836,0,138.49576,138.34051,0,0.04657019,0.78277577,0.029727573,0.003594628,0.03436569,8.27,3.7271363,0.00020673174
2.837,0,135.3759,138.1225,0,0.04657019,0.78277577,0,0,0.034363288,8.27,3.7271363,0
2.838,0,135.3759,137.90484,0,0.04657019,0.78277577,0,0,0.034309199,8.27,3.7271363,0
2.839,0,135.3759,137.68753,0,0.04657019,0.78277577,0,0,0.034255194,8.27,3.7271363,0
2.84,0,135.3759,137.47055,0,0.04657019,0.78277577,0,0,0.034201274,8.27,3.7271363,0
2.841,0,135.3759,137.25392,0,0.04657019,0.78277577,0,0,0.034147439,8.27,3.7271363,0
2.842,0,135.3759,137.03763,0,0.04657019,0.78277577,0,0,0.034093689,8.27,3.7271363,0
2.843,0,135.3759,136.82168,0,0.04657019,0.78277577,0,0,0.034040023,8.27,3.7271363,0
2.844,0,135.3759,136.60607,0,0.04657019,0.78277577,0,0,0.033986442,8.27,3.7271363,0
2.845,0,135.3759,136.3908,0,0.04657019,0.78277577,0,0,0.033932945,8.27,3.7271363,0
2.846,0,135.3759,136.17587,0,0.04657019,0.78277577,0,0,0.033879532,8.27,3.7271363,0
2.847,0,135.3759,135.96127,0,0.04657019,0.78277577,0,0,0.033826203,8.27,3.7271363,0
2.848,0,135.3759,135.74702,0,0.04657019,0.78277577,0,0,0.033772958,8.27,3.7271363,0
2.849,0,135.3759,135.53311,0,0.04657019,0.78277577,0,0,0.033719797,8.27,3.7271363,0
2.85,0,135.3759,135.31953,0,0.04657019,0.78277577,0,0,0.033666719,8.27,3.7271363,0
2.851,0,135.3759,135.23611,0,0.046551682,0.78277353,0.018508454,0.0022380234,0.033613725,8.27,3.727162,0.00012871022
2.852,0,132.25605,135.023,0,0.046551682,0.78277353,0,0,0.033593027,8.27,3.727162,0
2.853,0,132.25605,134.81023,0,0.046551682,0.78277353,0,0,0.033540149,8.27,3.727162,0
2.854,0,132.25605,134.59779,0,0.046551682,0.78277353,0,0,0.033487355,8.27,3.727162,0
2.855,0,132.25605,134.38569,0,0.046551682,0.78277353,0,0,0.033434644,8.27,3.727162,0
2.856,0,132.25605,134.17393,0,0.046551682,0.78277353,0,0,0.033382016,8.27,3.727162,0
2.857,0,132.25605,133.96249,0,0.046551682,0.78277353,0,0,0.03332947,8.27,3.727162,0
2.858,0,132.25605,133.75139,0,0.046551682,0.78277353,0,0,0.033277007,8.27,3.727162,0
2.859,0,132.25605,133.54063,0,0.046551682,0.78277353,0,0,0.033224627,8.27,3.727162,0
2.86,0,132.25605,133.33019,0,0.046551682,0.78277353,0,0,0.033172329,8.27,3.727162,0
2.861,0,132.25605,133.12009,0,0.046551682,0.78277353,0,0,0.033120113,8.27,3.727162,0
2.862,0,132.25605,132.91032,0,0.046551682,0.78277353,0,0,0.03306798,8.27,3.727162,0
2.863,0,132.25605,132.70088,0,0.046551682,0.78277353,0,0,0.033015928,8.27,3.727162,0
2.864,0,132.25605,132.49177,0,0.046551682,0.78277353,0,0,0.032963958,8.27,3.727162,0
2.865,0,132.25605,132.28299,0,0.046551682,0.78277353,0,0,0.03291207,8.27,3.727162,0
2.866,0,132.25605,132.07454,0,0.046551682,0.78277353,0,0,0.032860264,8.27,3.727162,0
2.867,0,132.25605,132.09935,0,0.046518455,0.78276951,0.03322675,0.0040177448,0.032808539,8.27,3.7272082,0.00023106159
2.868,0,129.13619,131.89119,0,0.046518455,0.78276951,0,0,0.032814697,8.27,3.7272082,0
2.869,0,129.13619,131.68337,0,0.046518455,0.78276951,0,0,0.032763045,8.27,3.7272082,0
2.87,0,129.13619,131.47586,0,0.046518455,0.78276951,0,0,0.032711474,8.27,3.7272082,0
2.871,0,129.13619,131.26869,0,0.046518455,0.78276951,0,0,0.032659985,8.27,3.7272082,0
2.872,0,129.13619,131.06184,0,0.046518455,0.78276951,0,0,0.032608577,8.27,3.7272082,0
2.873,0,129.13619,130.85532,0,0.046518455,0.78276951,0,0,0.032557249,8.27,3.7272082,0
2.874,0,129.13619,130.64913,0,0.046518455,0.78276951,0,0,0.032506002,8.27,3.7272082,0
2.875,0,129.13619,130.44326,0,0.046518455,0.78276951,0,0,0.032454836,8.27,3.7272082,0
2.876,0,129.13619,130.23771,0,0.046518455,0.78276951,0,0,0.03240375,8.27,3.7272082,0
2.877,0,129.13619,130.03249,0,0.046518455,0.78276951,0,0,0.032352745,8.27,3.7272082,0
2.878,0,129.13619,129.82759,0,0.046518455,0.78276951,0,0,0.03230182,8.27,3.7272082,0
2.879,0,129.13619,129.62301,0,0.046518455,0.78276951,0,0,0.032250975,8.27,3.7272082,0
2.88,0,129.13619,129.41876,0,0.046518455,0.78276951,0,0,0.03220021,8.27,3.7272082,0
2.881,0,129.13619,129.21483,0,0.046518455,0.78276951,0,0,0.032149525,8.27,3.7272082,0
2.882,0,129.13619,129.01122,0,0.046518455,0.78276951,0,0,0.032098919,8.27,3.7272082,0
2.883,0,129.13619,129.00141,0,0.046490871,0.78276617,0.027583516,0.0033353708,0.032048394,8.27,3.7272466,0.00019181569
2.884,0,126.01633,128.79814,0,0.046490871,0.78276617,0,0,0.032045959,8.27,3.7272466,0
2.885,0,126.01633,128.5952,0,0.046490871,0.78276617,0,0,0.031995518,8.27,3.7272466,0
2.886,0,126.01633,128.39257,0,0.046490871,0.78276617,0,0,0.031945156,8.27,3.7272466,0
2.887,0,126.01633,128.19026,0,0.046490871,0.78276617,0,0,0.031894873,8.27,3.7272466,0
2.888,0,126.01633,127.98827,0,0.046490871,0.78276617,0,0,0.031844669,8.27,3.7272466,0
2.889,0,126.01633,127.7866,0,0.046490871,0.78276617,0,0,0.031794545,8.27,3.7272466,0
2.89,0,126.01633,127.58524,0,0.046490871,0.78276617,0,0,0.031744499,8.27,3.7272466,0
2.891,0,126.01633,127.38421,0,0.046490871,0.78276617,0,0,0.031694531,8.27,3.7272466,0
2.892,0,126.01633,127.18349,0,0.046490871,0.78276617,0,0,0.031644643,8.27,3.7272466,0
2.893,0,126.01633,126.98309,0,0.046490871,0.78276617,0,0,0.031594833,8.27,3.7272466,0
2.894,0,126.01633,126.783,0,0.046490871,0.78276617,0,0,0.031545101,8.27,3.7272466,0
2.895,0,126.01633,126.58323,0,0.046490871,0.78276617,0,0,0.031495448,8.27,3.7272466,0
2.896,0,126.01633,126.38377,0,0.046490871,0.78276617,0,0,0.031445872,8.27,3.7272466,0
2.897,0,126.01633,126.18463,0,0.046490871,0.78276617,0,0,0.031396375,8.27,3.7272466,0
2.898,0,126.01633,125.9858,0,0.046490871,0.78276617,0,0,0.031346955,8.27,3.7272466,0
2.899,0,126.01633,125.88307,0,0.04647723,0.78276453,0.013640866,0.0016494397,0.031297614,8.27,3.7272656,9.4857569e-05
2.9,0,122.89648,125.68472,0,0.04647723,0.78276453,0,0,0.031272118,8.27,3.7272656,0
2.901,0,122.89648,125.48668,0,0.04647723,0.78276453,0,0,0.031222895,8.27,3.7272656,0
2.902,0,122.89648,125.28895,0,0.04647723,0.78276453,0,0,0.031173749,8.27,3.7272656,0
2.903,0,122.89648,125.09154,0,0.04647723,0.78276453,0,0,0.03112468,8.27,3.7272656,0
2.904,0,122.89648,124.89444,0,0.04647723,0.78276453,0,0,0.031075688,8.27,3.7272656,0
2.905,0,122.89648,124.69764,0,0.04647723,0.78276453,0,0,0.031026774,8.27,3.7272656,0
2.906,0,122.89648,124.50116,0,0.04647723,0.78276453,0,0,0.030977936,8.27,3.7272656,0
2.907,0,122.89648,124.30499,0,0.04647723,0.78276453,0,0,0.030929176,8.27,3.7272656,0
2.908,0,122.89648,124.10913,0,0.04647723,0.78276453,0,0,0.030880492,8.27,3.7272656,0
2.909,0,122.89648,123.91357,0,0.04647723,0.78276453,0,0,0.030831884,8.27,3.7272656,0
2.91,0,122.89648,123.71833,0,0.04647723,0.78276453,0,0,0.030783353,8.27,3.7272656,0
2.911,0,122.89648,123.52339,0,0.04647723,0.78276453,0,0,0.030734899,8.27,3.7272656,0
2.912,0,122.89648,123.32876,0,0.04647723,0.78276453,0,0,0.03068652,8.27,3.7272656,0
2.913,0,122.89648,123.13444,0,0.04647723,0.78276453,0,0,0.030638218,8.27,3.7272656,0
2.914,0,122.89648,122.94042,0,0.04647723,0.78276453,0,0,0.030589992,8.27,3.7272656,0
2.915,0,122.89648,122.74671,0,0.04647723,0.78276453,0,0,0.030541842,8.27,3.7272656,0
2.916,0,122.89648,122.76539,0,0.046447003,0.78276087,0.03022727,0.0036550508,0.030493767,8.27,3.7273076,0.00021019711
2.917,0,119.77662,122.57196,0,0.046447003,0.78276087,0,0,0.030498404,8.27,3.7273076,0
2.918,0,119.77662,122.37884,0,0.046447003,0.78276087,0,0,0.030450399,8.27,3.7273076,0
2.919,0,119.77662,122.18601,0,0.046447003,0.78276087,0,0,0.03040247,8.27,3.7273076,0
2.92,0,119.77662,121.9935,0,0.046447003,0.78276087,0,0,0.030354615,8.27,3.7273076,0
2.921,0,119.77662,121.80128,0,0.046447003,0.78276087,0,0,0.030306837,8.27,3.7273076,0
2.922,0,119.77662,121.60937,0,0.046447003,0.78276087,0,0,0.030259133,8.27,3.7273076,0
2.923,0,119.77662,121.41776,0,0.046447003,0.78276087,0,0,0.030211504,8.27,3.7273076,0
2.924,0,119.77662,121.22646,0,0.046447003,0.78276087,0,0,0.03016395,8.27,3.7273076,0
2.925,0,119.77662,121.03545,0,0.046447003,0.78276087,0,0,0.030116471,8.27,3.7273076,0
2.926,0,119.77662,120.84475,0,0.046447003,0.78276087,0,0,0.030069067,8.27,3.7273076,0
2.927,0,119.77662,120.65434,0,0.046447003,0.78276087,0,0,0.030021737,8.27,3.7273076,0
2.928,0,119.77662,120.46424,0,0.046447003,0.78276087,0,0,0.029974482,8.27,3.7273076,0
2.929,0,119.77662,120.27444,0,0.046447003,0.78276087,0,0,0.029927301,8.27,3.7273076,0
2.93,0,119.77662,120.08493,0,0.046447003,0.78276087,0,0,0.029880195,8.27,3.7273076,0
2.931,0,119.77662,119.89573,0,0.046447003,0.78276087,0,0,0.029833162,8.27,3.7273076,0
2.932,0,119.77662,119.70682,0,0.046447003,0.78276087,0,0,0.029786204,8.27,3.7273076,0
2.933,0,119.77662,119.66319,0,0.046426357,0.78275837,0.020646187,0.0024965159,0.029739319,8.27,3.7273363,0.0001435697
2.934,0,116.65677,119.47465,0,0.046426357,0.78275837,0,0,0.029728491,8.27,3.7273363,0
2.935,0,116.65677,119.28641,0,0.046426357,0.78275837,0,0,0.029681698,8.27,3.7273363,0
2.936,0,116.65677,119.09847,0,0.046426357,0.78275837,0,0,0.029634978,8.27,3.7273363,0
2.937,0,116.65677,118.91082,0,0.046426357,0.78275837,0,0,0.029588332,8.27,3.7273363,0
2.938,0,116.65677,118.72347,0,0.046426357,0.78275837,0,0,0.02954176,8.27,3.7273363,0
2.939,0,116.65677,118.53642,0,0.046426357,0.78275837,0,0,0.029495261,8.27,3.7273363,0
2.94,0,116.65677,118.34965,0,0.046426357,0.78275837,0,0,0.029448834,8.27,3.7273363,0
2.941,0,116.65677,118.16319,0,0.046426357,0.78275837,0,0,0.029402481,8.27,3.7273363,0
2.942,0,116.65677,117.97701,0,0.046426357,0.78275837,0,0,0.029356201,8.27,3.7273363,0
2.943,0,116.65677,117.79114,0,0.046426357,0.78275837,0,0,0.029309994,8.27,3.7273363,0
2.944,0,116.65677,117.60555,0,0.046426357,0.78275837,0,0,0.029263859,8.27,3.7273363,0
2.945,0,116.65677,117.42026,0,0.046426357,0.78275837,0,0,0.029217797,8.27,3.7273363,0
2.946,0,116.65677,117.23525,0,0.046426357,0.78275837,0,0,0.029171808,8.27,3.7273363,0
2.947,0,116.65677,117.05054,0,0.046426357,0.78275837,0,0,0.02912589,8.27,3.7273363,0
2.948,0,116.65677,116.86613,0,0.046426357,0.78275837,0,0,0.029080046,8.27,3.7273363,0
2.949,0,116.65677,116.682,0,0.046426357,0.78275837,0,0,0.029034273,8.27,3.7273363,0
2.95,0,116.65677,116.49816,0,0.046426357,0.78275837,0,0,0.028988572,8.27,3.7273363,0
2.951,0,116.65677,116.53318,0,0.046395219,0.78275461,0.031138432,0.0037652275,0.028942943,8.27,3.7273796,0.00021652912
2.952,0,113.53691,116.34958,0,0.046395219,0.78275461,0,0,0.028951636,8.27,3.7273796,0
2.953,0,113.53691,116.16627,0,0.046395219,0.78275461,0,0,0.028906066,8.27,3.7273796,0
2.954,0,113.53691,115.98325,0,0.046395219,0.78275461,0,0,0.028860568,8.27,3.7273796,0
2.955,0,113.53691,115.80052,0,0.046395219,0.78275461,0,0,0.028815142,8.27,3.7273796,0
2.956,0,113.53691,115.61808,0,0.046395219,0.78275461,0,0,0.028769787,8.27,3.7273796,0
2.957,0,113.53691,115.43592,0,0.046395219,0.78275461,0,0,0.028724503,8.27,3.7273796,0
2.958,0,113.53691,115.25405,0,0.046395219,0.78275461,0,0,0.028679291,8.27,3.7273796,0
2.959,0,113.53691,115.07247,0,0.046395219,0.78275461,0,0,0.02863415,8.27,3.7273796,0
2.96,0,113.53691,114.89117,0,0.046395219,0.78275461,0,0,0.02858908,8.27,3.7273796,0
2.961,0,113.53691,114.71016,0,0.046395219,0.78275461,0,0,0.028544081,8.27,3.7273796,0
2.962,0,113.53691,114.52944,0,0.046395219,0.78275461,0,0,0.028499152,8.27,3.7273796,0
2.963,0,113.53691,114.349,0,0.046395219,0.78275461,0,0,0.028454294,8.27,3.7273796,0
2.964,0,113.53691,114.16884,0,0.046395219,0.78275461,0,0,0.028409507,8.27,3.7273796,0
2.965,0,113.53691,113.98897,0,0.046395219,0.78275461,0,0,0.028364791,8.27,3.7273796,0
2.966,0,113.53691,113.80939,0,0.046395219,0.78275461,0,0,0.028320144,8.27,3.7273796,0
2.967,0,113.53691,113.63008,0,0.046395219,0.78275461,0,0,0.028275568,8.27,3.7273796,0
2.968,0,113.53691,113.45106,0,0.046395219,0.78275461,0,0,0.028231062,8.27,3.7273796,0
2.969,0,113.53691,113.43333,0,0.046372297,0.78275184,0.022921525,0.0027716476,0.028186627,8.27,3.7274115,0.00015938889
2.97,0,110.41706,113.25462,0,0.046372297,0.78275184,0,0,0.028182226,8.27,3.7274115,0
2.971,0,110.41706,113.07619,0,0.046372297,0.78275184,0,0,0.028137868,8.27,3.7274115,0
2.972,0,110.41706,112.89805,0,0.046372297,0.78275184,0,0,0.028093579,8.27,3.7274115,0
2.973,0,110.41706,112.72018,0,0.046372297,0.78275184,0,0,0.02804936,8.27,3.7274115,0
2.974,0,110.41706,112.5426,0,0.046372297,0.78275184,0,0,0.028005211,8.27,3.7274115,0
2.975,0,110.41706,112.36529,0,0.046372297,0.78275184,0,0,0.027961131,8.27,3.7274115,0
2.976,0,110.41706,112.18827,0,0.046372297,0.78275184,0,0,0.027917121,8.27,3.7274115,0
2.977,0,110.41706,112.01152,0,0.046372297,0.78275184,0,0,0.02787318,8.27,3.7274115,0
2.978,0,110.41706,111.83505,0,0.046372297,0.78275184,0,0,0.027829308,8.27,3.7274115,0
2.979,0,110.41706,111.65886,0,0.046372297,0.78275184,0,0,0.027785505,8.27,3.7274115,0
2.98,0,110.41706,111.48295,0,0.046372297,0.78275184,0,0,0.027741771,8.27,3.7274115,0
2.981,0,110.41706,111.30732,0,0.046372297,0.78275184,0,0,0.027698106,8.27,3.7274115,0
2.982,0,110.41706,111.13196,0,0.046372297,0.78275184,0,0,0.027654509,8.27,3.7274115,0
2.983,0,110.41706,110.95688,0,0.046372297,0.78275184,0,0,0.027610982,8.27,3.7274115,0
2.984,0,110.41706,110.78208,0,0.046372297,0.78275184,0,0,0.027567522,8.27,3.7274115,0
2.985,0,110.41706,110.60755,0,0.046372297,0.78275184,0,0,0.027524131,8.27,3.7274115,0
2.986,0,110.41706,110.43329,0,0.046372297,0.78275184,0,0,0.027480809,8.27,3.7274115,0
2.987,0,110.41706,110.25931,0,0.046372297,0.78275184,0,0,0.027437554,8.27,3.7274115,0
2.988,0,110.41706,110.30391,0,0.04634121,0.78274808,0.031086741,0.0037589771,0.027394368,8.27,3.7274547,0.00021616532
2.989,0,107.2972,110.13014,0,0.04634121,0.78274808,0,0,0.027405438,8.27,3.7274547,0
2.99,0,107.2972,109.95664,0,0.04634121,0.78274808,0,0,0.027362303,8.27,3.7274547,0
2.991,0,107.2972,109.78342,0,0.04634121,0.78274808,0,0,0.027319236,8.27,3.7274547,0
2.992,0,107.2972,109.61047,0,0.04634121,0.78274808,0,0,0.027276236,8.27,3.7274547,0
2.993,0,107.2972,109.43779,0,0.04634121,0.78274808,0,0,0.027233305,8.27,3.7274547,0
2.994,0,107.2972,109.26538,0,0.04634121,0.78274808,0,0,0.027190441,8.27,3.7274547,0
2.995,0,107.2972,109.09325,0,0.04634121,0.78274808,0,0,0.027147644,8.27,3.7274547,0
2.996,0,107.2972,108.92139,0,0.04634121,0.78274808,0,0,0.027104915,8.27,3.7274547,0
2.997,0,107.2972,108.74979,0,0.04634121,0.78274808,0,0,0.027062253,8.27,3.7274547,0
2.998,0,107.2972,108.57847,0,0.04634121,0.78274808,0,0,0.027019658,8.27,3.7274547,0
2.999,0,107.2972,108.40742,0,0.04634121,0.78274808,0,0,0.02697713,8.27,3.7274547,0
3,0,107.2972,108.23664,0,0.04634121,0.78274808,0,0,0.026934669,8.27,3.7274547,0
3.001,0,107.2972,108.06613,0,0.04634121,0.78274808,0,0,0.026892275,8.27,3.7274547,0
3.002,0,107.2972,107.89588,0,0.04634121,0.78274808,0,0,0.026849948,8.27,3.7274547,0
3.003,0,107.2972,107.72591,0,0.04634121,0.78274808,0,0,0.026807687,8.27,3.7274547,0
3.004,0,107.2972,107.5562,0,0.04634121,0.78274808,0,0,0.026765493,8.27,3.7274547,0
3.005,0,107.2972,107.38676,0,0.04634121,0.78274808,0,0,0.026723365,8.27,3.7274547,0
3.006,0,107.2972,107.21759,0,0.04634121,0.78274808,0,0,0.026681303,8.27,3.7274547,0
3.007,0,107.2972,107.20398,0,0.046319114,0.78274541,0.022096713,0.0026719121,0.026639308,8.27,3.7274855,0.00015365032
3.008,0,104.17734,107.0351,0,0.046319114,0.78274541,0,0,0.026635929,8.27,3.7274855,0
3.009,0,104.17734,106.86648,0,0.046319114,0.78274541,0,0,0.026594006,8.27,3.7274855,0
3.01,0,104.17734,106.69813,0,0.046319114,0.78274541,0,0,0.026552148,8.27,3.7274855,0
3.011,0,104.17734,106.53005,0,0.046319114,0.78274541,0,0,0.026510357,8.27,3.7274855,0
3.012,0,104.17734,106.36223,0,0.046319114,0.78274541,0,0,0.026468631,8.27,3.7274855,0
3.013,0,104.17734,106.19467,0,0.046319114,0.78274541,0,0,0.026426971,8.27,3.7274855,0
3.014,0,104.17734,106.02738,0,0.046319114,0.78274541,0,0,0.026385377,8.27,3.7274855,0
3.015,0,104.17734,105.86036,0,0.046319114,0.78274541,0,0,0.026343848,8.27,3.7274855,0
3.016,0,104.17734,105.69359,0,0.046319114,0.78274541,0,0,0.026302384,8.27,3.7274855,0
3.017,0,104.17734,105.52709,0,0.046319114,0.78274541,0,0,0.026260986,8.27,3.7274855,0
3.018,0,104.17734,105.36085,0,0.046319114,0.78274541,0,0,0.026219652,8.27,3.7274855,0
3.019,0,104.17734,105.19488,0,0.046319114,0.78274541,0,0,0.026178384,8.27,3.7274855,0
3.02,0,104.17734,105.02916,0,0.046319114,0.78274541,0,0,0.026137181,8.27,3.7274855,0
3.021,0,104.17734,104.86371,0,0.046319114,0.78274541,0,0,0.026096043,8.27,3.7274855,0
3.022,0,104.17734,104.69852,0,0.046319114,0.78274541,0,0,0.026054969,8.27,3.7274855,0
3.023,0,104.17734,104.53358,0,0.046319114,0.78274541,0,0,0.02601396,8.27,3.7274855,0
3.024,0,104.17734,104.36891,0,0.046319114,0.78274541,0,0,0.025973015,8.27,3.7274855,0
3.025,0,104.17734,104.2045,0,0.046319114,0.78274541,0,0,0.025932135,8.27,3.7274855,0
3.026,0,104.17734,104.04035,0,0.046319114,0.78274541,0,0,0.025891319,8.27,3.7274855,0
3.027,0,104.17734,104.08023,0,0.046290111,0.7827419,0.029002942,0.0035070063,0.025850568,8.27,3.7275258,0.00020167138
3.028,0,101.05749,103.91628,0,0.046290111,0.7827419,0,0,0.02586047,8.27,3.7275258,0
3.029,0,101.05749,103.75258,0,0.046290111,0.7827419,0,0,0.025819768,8.27,3.7275258,0
3.03,0,101.05749,103.58915,0,0.046290111,0.7827419,0,0,0.02577913,8.27,3.7275258,0
3.031,0,101.05749,103.42597,0,0.046290111,0.7827419,0,0,0.025738556,8.27,3.7275258,0
3.032,0,101.05749,103.26305,0,0.046290111,0.7827419,0,0,0.025698045,8.27,3.7275258,0
3.033,0,101.05749,103.10038,0,0.046290111,0.7827419,0,0,0.025657599,8.27,3.7275258,0
3.034,0,101.05749,102.93797,0,0.046290111,0.7827419,0,0,0.025617216,8.27,3.7275258,0
3.035,0,101.05749,102.77582,0,0.046290111,0.7827419,0,0,0.025576897,8.27,3.7275258,0
3.036,0,101.05749,102.61392,0,0.046290111,0.7827419,0,0,0.025536641,8.27,3.7275258,0
3.037,0,101.05749,102.45228,0,0.046290111,0.7827419,0,0,0.025496449,8.27,3.7275258,0
3.038,0,101.05749,102.29089,0,0.046290111,0.7827419,0,0,0.025456319,8.27,3.7275258,0
3.039,0,101.05749,102.12976,0,0.046290111,0.7827419,0,0,0.025416253,8.27,3.7275258,0
3.04,0,101.05749,101.96888,0,0.046290111,0.7827419,0,0,0.02537625,8.27,3.7275258,0
3.041,0,101.05749,101.80825,0,0.046290111,0.7827419,0,0,0.02533631,8.27,3.7275258,0
3.042,0,101.05749,101.64788,0,0.046290111,0.7827419,0,0,0.025296433,8.27,3.7275258,0
3.043,0,101.05749,101.48776,0,0.046290111,0.7827419,0,0,0.025256619,8.27,3.7275258,0
3.044,0,101.05749,101.3279,0,0.046290111,0.7827419,0,0,0.025216867,8.27,3.7275258,0
3.045,0,101.05749,101.325,0,0.046290111,0.7827419,0,0,0,8.27,3.7275258,0
