solid mesh
  facet normal 0.0 0.0 0.0
    outer loop
      vertex 0.02358139616846873 0.039999999838637834 0.0074999997109247265
      vertex 0.022500000399218765 0.04299999969494408 0.02500000161827336
      vertex 0.02358139616846873 0.039999999838637834 0.021500001618273357
    endloop
  endfacet
  facet normal 0.0 0.0 0.0
    outer loop
      vertex 0.022500000399218765 0.04299999969494408 -2.890752739403979e-10
      vertex 0.022500000399218765 0.04299999969494408 0.02500000161827336
      vertex 0.02358139616846873 0.039999999838637834 0.0074999997109247265
    endloop
  endfacet
  facet normal 0.0 0.0 0.0
    outer loop
      vertex 0.022500000399218765 0.04299999969494408 0.02500000161827336
      vertex 0.027186046260020136 0.0300000005424002 0.021500001618273357
      vertex 0.02358139616846873 0.039999999838637834 0.021500001618273357
    endloop
  endfacet
  facet normal 0.0 0.0 0.0
    outer loop
      vertex 0.022500000399218765 0.04299999969494408 0.02500000161827336
      vertex 0.028683200805111247 0.025846607335444253 0.022420118042833906
      vertex 0.027186046260020136 0.0300000005424002 0.021500001618273357
    endloop
  endfacet
  facet normal 0.0 0.0 0.0
    outer loop
      vertex 0.028683200805111247 0.025846607335444253 0.022420118042833906
      vertex 0.030361308970514162 0.02119120807484512 0.019209714600451094
      vertex 0.027186046260020136 0.0300000005424002 0.021500001618273357
    endloop
  endfacet
  facet normal 0.0 0.0 0.0
    outer loop
      vertex 0.028683200805111247 0.025846607335444253 0.022420118042833906
      vertex 0.030400885199258737 0.021081413174545597 0.021181165406115157
      vertex 0.030361308970514162 0.02119120807484512 0.019209714600451094
    endloop
  endfacet
  facet normal 0.0 0.0 0.0
    outer loop
      vertex 0.02358139616846873 0.039999999838637834 0.0074999997109247265
      vertex 0.03619767519782135 0.004999999267233042 0.004999999710924726
      vertex 0.022500000399218765 0.04299999969494408 -2.890752739403979e-10
    endloop
  endfacet
  facet normal 0.0 0.0 0.0
    outer loop
      vertex 0.03619767519782135 0.004999999267233042 0.004999999710924726
      vertex 0.038000001255121416 -7.180605585688227e-10 -2.890752739403979e-10
      vertex 0.022500000399218765 0.04299999969494408 -2.890752739403979e-10
    endloop
  endfacet
  facet normal 0.0 0.0 0.0
    outer loop
      vertex 0.03619767519782135 0.004999999267233042 0.007321597763903242
      vertex 0.03620471540754211 0.00498047010355949 0.007344838806994062
      vertex 0.03619767519782135 0.004999999267233042 0.004999999710924726
    endloop
  endfacet
  facet normal 0.0 0.0 0.0
    outer loop
      vertex 0.03620471540754211 0.00498047010355949 0.007344838806994062
      vertex 0.03621150880531293 0.004961622032956033 0.007368152329332929
      vertex 0.03619767519782135 0.004999999267233042 0.004999999710924726
    endloop
  endfacet
  facet normal 0.0 0.0 0.0
    outer loop
      vertex 0.03621150880531293 0.004961622032956033 0.007368152329332929
      vertex 0.0362215566142056 0.004933749816348461 0.007404437729723554
      vertex 0.03619767519782135 0.004999999267233042 0.004999999710924726
    endloop
  endfacet
  facet normal 0.0 0.0 0.0
    outer loop
      vertex 0.0362215566142056 0.004933749816348461 0.007404437729723554
      vertex 0.03623100694936146 0.004907529756198062 0.0074408833473993356
      vertex 0.03619767519782135 0.004999999267233042 0.004999999710924726
    endloop
  endfacet
  facet normal 0.0 0.0 0.0
    outer loop
      vertex 0.03623100694936146 0.004907529756198062 0.0074408833473993356
      vertex 0.03623986115947963 0.004882968596000614 0.007477479645617109
      vertex 0.03619767519782135 0.004999999267233042 0.004999999710924726
    endloop
  endfacet
  facet normal 0.0 0.0 0.0
    outer loop
      vertex 0.03623986115947963 0.004882968596000614 0.007477479645617109
      vertex 0.036248113849763446 0.004860071730552683 0.007514215180285078
      vertex 0.03619767519782135 0.004999999267233042 0.004999999710924726
    endloop
  endfacet
  facet normal 0.0 0.0 0.0
    outer loop
      vertex 0.036248113849763446 0.004860071730552683 0.007514215180285078
      vertex 0.036255763671513695 0.004838848600748321 0.007551080414660078
      vertex 0.03619767519782135 0.004999999267233042 0.004999999710924726
    endloop
  endfacet
  facet normal 0.0 0.0 0.0
    outer loop
      vertex 0.036255763671513695 0.004838848600748321 0.007551080414660078
      vertex 0.03626281062473038 0.004819299206587532 0.007588065811998944
      vertex 0.03619767519782135 0.004999999267233042 0.004999999710924726
    endloop
  endfacet
  facet normal 0.0 0.0 0.0
    outer loop
      vertex 0.03626281062473038 0.004819299206587532 0.007588065811998944
      vertex 0.0362692493146168 0.0048014343376634955 0.007625163742907148
      vertex 0.03619767519782135 0.004999999267233042 0.004999999710924726
    endloop
  endfacet
  facet normal 0.0 0.0 0.0
    outer loop
      vertex 0.0362692493146168 0.0048014343376634955 0.007625163742907148
      vertex 0.036275081089872104 0.0047852553426753755 0.007662358948595624
      vertex 0.03619767519782135 0.004999999267233042 0.004999999710924726
    endloop
  endfacet
  facet normal 0.0 0.0 0.0
    outer loop
      vertex 0.036275081089872104 0.0047852553426753755 0.007662358948595624
      vertex 0.036280304601797105 0.0047707662677206105 0.007699647614367109
      vertex 0.03619767519782135 0.004999999267233042 0.004999999710924726
    endloop
  endfacet
  facet normal 0.0 0.0 0.0
    outer loop
      vertex 0.03619767519782135 0.004999999267233042 0.004999999710924726
      vertex 0.0362849158042943 0.0047579738562949425 0.007737014481432538
      vertex 0.038000001255121416 -7.180605585688227e-10 -2.890752739403979e-10
    endloop
  endfacet
  facet normal 0.0 0.0 0.0
    outer loop
      vertex 0.036280304601797105 0.0047707662677206105 0.007699647614367109
      vertex 0.0362849158042943 0.0047579738562949425 0.007737014481432538
      vertex 0.03619767519782135 0.004999999267233042 0.004999999710924726
    endloop
  endfacet
  facet normal 0.0 0.0 0.0
    outer loop
      vertex 0.0362849158042943 0.0047579738562949425 0.007737014481432538
      vertex 0.0362889133486645 0.004746882154495813 0.007774453827746015
      vertex 0.038000001255121416 -7.180605585688227e-10 -2.890752739403979e-10
    endloop
  endfacet
  facet normal 0.0 0.0 0.0
    outer loop
      vertex 0.0362889133486645 0.004746882154495813 0.007774453827746015
      vertex 0.03629230128100518 0.004737489813624098 0.007811952301867109
      vertex 0.038000001255121416 -7.180605585688227e-10 -2.890752739403979e-10
    endloop
  endfacet
  facet normal 0.0 0.0 0.0
    outer loop
      vertex 0.03629230128100518 0.004737489813624098 0.007811952301867109
      vertex 0.03629507016042222 0.004729803577175495 0.007849500367052656
      vertex 0.038000001255121416 -7.180605585688227e-10 -2.890752739403979e-10
    endloop
  endfacet
  facet normal 0.0 0.0 0.0
    outer loop
      vertex 0.03629507016042222 0.004729803577175495 0.007849500367052656
      vertex 0.03629722807911055 0.004723820747751754 0.007887090393908124
      vertex 0.038000001255121416 -7.180605585688227e-10 -2.890752739403979e-10
    endloop
  endfacet
  facet normal 0.0 0.0 0.0
    outer loop
      vertex 0.03629722807911055 0.004723820747751754 0.007887090393908124
      vertex 0.036298769642273535 0.0047195467201494486 0.007924710938341718
      vertex 0.038000001255121416 -7.180605585688227e-10 -2.890752739403979e-10
    endloop
  endfacet
  facet normal 0.0 0.0 0.0
    outer loop
      vertex 0.036298769642273535 0.0047195467201494486 0.007924710938341718
      vertex 0.03629969080381369 0.004716982843067699 0.007962350556261641
      vertex 0.038000001255121416 -7.180605585688227e-10 -2.890752739403979e-10
    endloop
  endfacet
  facet normal 0.0 0.0 0.0
    outer loop
      vertex 0.03629969080381369 0.004716982843067699 0.007962350556261641
      vertex 0.036300001004625104 0.00471612776780742 0.007999999710924726
      vertex 0.038000001255121416 -7.180605585688227e-10 -2.890752739403979e-10
    endloop
  endfacet
  facet normal 0.0 0.0 0.0
    outer loop
      vertex 0.036300001004625104 0.00471612776780742 0.007999999710924726
      vertex 0.036300001004625104 0.00471612776780742 0.013000001618273358
      vertex 0.038000001255121416 -7.180605585688227e-10 -2.890752739403979e-10
    endloop
  endfacet
  facet normal 0.0 0.0 0.0
    outer loop
      vertex 0.036300001004625104 0.00471612776780742 0.013000001618273358
      vertex 0.036299914687877584 0.00471636513885759 0.013019860932238203
      vertex 0.038000001255121416 -7.180605585688227e-10 -2.890752739403979e-10
    endloop
  endfacet
  facet normal 0.0 0.0 0.0
    outer loop
      vertex 0.03619767519782135 0.004999999267233042 0.013678403565294843
      vertex 0.03619767519782135 0.004999999267233042 0.015000001618273359
      vertex 0.03621391623334962 0.004954944623470693 0.013623361298449141
    endloop
  endfacet
  facet normal 0.0 0.0 0.0
    outer loop
      vertex 0.03621391623334962 0.004954944623470693 0.013623361298449141
      vertex 0.03619767519782135 0.004999999267233042 0.015000001618273359
      vertex 0.03622877889831572 0.004913712193095831 0.013567933747179609
    endloop
  endfacet
  facet normal 0.0 0.0 0.0
    outer loop
      vertex 0.03622877889831572 0.004913712193095831 0.013567933747179609
      vertex 0.03619767519782135 0.004999999267233042 0.015000001618273359
      vertex 0.03624096844150661 0.004879894910640664 0.013517747589953047
    endloop
  endfacet
  facet normal 0.0 0.0 0.0
    outer loop
      vertex 0.03624096844150661 0.004879894910640664 0.013517747589953047
      vertex 0.03619767519782135 0.004999999267233042 0.015000001618273359
      vertex 0.036250974440724705 0.004852137333460726 0.013472352692492109
    endloop
  endfacet
  facet normal 0.0 0.0 0.0
    outer loop
      vertex 0.036250974440724705 0.004852137333460726 0.013472352692492109
      vertex 0.03619767519782135 0.004999999267233042 0.015000001618273359
      vertex 0.036260060627101895 0.004826928797671879 0.01342676706016789
    endloop
  endfacet
  facet normal 0.0 0.0 0.0
    outer loop
      vertex 0.036260060627101895 0.004826928797671879 0.01342676706016789
      vertex 0.03619767519782135 0.004999999267233042 0.015000001618273359
      vertex 0.03626822160584147 0.004804285487663904 0.013381005951769453
    endloop
  endfacet
  facet normal 0.0 0.0 0.0
    outer loop
      vertex 0.03626822160584147 0.004804285487663904 0.013381005951769453
      vertex 0.03619767519782135 0.004999999267233042 0.015000001618273359
      vertex 0.03627477763255652 0.0047861009770416366 0.013339688965685468
    endloop
  endfacet
  facet normal 0.0 0.0 0.0
    outer loop
      vertex 0.03627477763255652 0.0047861009770416366 0.013339688965685468
      vertex 0.03619767519782135 0.004999999267233042 0.015000001618273359
      vertex 0.03628003351326186 0.004771520190544756 0.013302407929308514
    endloop
  endfacet
  facet normal 0.0 0.0 0.0
    outer loop
      vertex 0.03628003351326186 0.004771520190544756 0.013302407929308514
      vertex 0.03619767519782135 0.004999999267233042 0.015000001618273359
      vertex 0.0362846770845394 0.004758636067576968 0.013265042969591719
    endloop
  endfacet
  facet normal 0.0 0.0 0.0
    outer loop
      vertex 0.036299914687877584 0.00471636513885759 0.013019860932238203
      vertex 0.036379084678456027 0.004496733528584955 0.016935643860705
      vertex 0.038000001255121416 -7.180605585688227e-10 -2.890752739403979e-10
    endloop
  endfacet
  facet normal 0.0 0.0 0.0
    outer loop
      vertex 0.0362846770845394 0.004758636067576968 0.013265042969591719
      vertex 0.036379084678456027 0.004496733528584955 0.016935643860705
      vertex 0.036288712392486586 0.004747447259439148 0.01322760934532414
    endloop
  endfacet
  facet normal 0.0 0.0 0.0
    outer loop
      vertex 0.036288712392486586 0.004747447259439148 0.01322760934532414
      vertex 0.036379084678456027 0.004496733528584955 0.016935643860705
      vertex 0.03629213134490847 0.0047379618583261555 0.013190114685900312
    endloop
  endfacet
  facet normal 0.0 0.0 0.0
    outer loop
      vertex 0.03629213134490847 0.0047379618583261555 0.013190114685900312
      vertex 0.036379084678456027 0.004496733528584955 0.016935643860705
      vertex 0.03629493529050417 0.004730181212937147 0.013152566620714765
    endloop
  endfacet
  facet normal 0.0 0.0 0.0
    outer loop
      vertex 0.03629493529050417 0.004730181212937147 0.013152566620714765
      vertex 0.036379084678456027 0.004496733528584955 0.016935643860705
      vertex 0.036297124229273704 0.004724105323272125 0.013114980408556562
    endloop
  endfacet
  facet normal 0.0 0.0 0.0
    outer loop
      vertex 0.036297124229273704 0.004724105323272125 0.013114980408556562
      vertex 0.036379084678456027 0.004496733528584955 0.016935643860705
      vertex 0.036298698161217016 0.0047197395841277 0.013077359864122968
    endloop
  endfacet
  facet normal 0.0 0.0 0.0
    outer loop
      vertex 0.036298698161217016 0.0047197395841277 0.013077359864122968
      vertex 0.036379084678456027 0.004496733528584955 0.016935643860705
      vertex 0.03629965708633416 0.004717078600707262 0.013039720246203047
    endloop
  endfacet
  facet normal 0.0 0.0 0.0
    outer loop
      vertex 0.03629965708633416 0.004717078600707262 0.013039720246203047
      vertex 0.036379084678456027 0.004496733528584955 0.016935643860705
      vertex 0.036299914687877584 0.00471636513885759 0.013019860932238203
    endloop
  endfacet
  facet normal 0.0 0.0 0.0
    outer loop
      vertex 0.03619767519782135 0.004999999267233042 0.015000001618273359
      vertex 0.036379084678456027 0.004496733528584955 0.016935643860705
      vertex 0.0362846770845394 0.004758636067576968 0.013265042969591719
    endloop
  endfacet
  facet normal 0.0 0.0 0.0
    outer loop
      vertex 0.03619767519782135 0.004999999267233042 0.017066495606310468
      vertex 0.03619767519782135 0.004999999267233042 0.018321599671251874
      vertex 0.036379084678456027 0.004496733528584955 0.016935643860705
    endloop
  endfacet
  facet normal 0.0 0.0 0.0
    outer loop
      vertex 0.03619767519782135 0.004999999267233042 0.018321599671251874
      vertex 0.03620471540754211 0.00498047010355949 0.01834483880699406
      vertex 0.036379084678456027 0.004496733528584955 0.016935643860705
    endloop
  endfacet
  facet normal 0.0 0.0 0.0
    outer loop
      vertex 0.03620471540754211 0.00498047010355949 0.01834483880699406
      vertex 0.03621150880531293 0.004961622032956033 0.018368150421984298
      vertex 0.036379084678456027 0.004496733528584955 0.016935643860705
    endloop
  endfacet
  facet normal 0.0 0.0 0.0
    outer loop
      vertex 0.03621150880531293 0.004961622032956033 0.018368150421984298
      vertex 0.0362215566142056 0.004933749816348461 0.01840443963707219
      vertex 0.036379084678456027 0.004496733528584955 0.016935643860705
    endloop
  endfacet
  facet normal 0.0 0.0 0.0
    outer loop
      vertex 0.0362215566142056 0.004933749816348461 0.01840443963707219
      vertex 0.03623100694936146 0.004907529756198062 0.01844088525474797
      vertex 0.036379084678456027 0.004496733528584955 0.016935643860705
    endloop
  endfacet
  facet normal 0.0 0.0 0.0
    outer loop
      vertex 0.03623100694936146 0.004907529756198062 0.01844088525474797
      vertex 0.03623986115947963 0.004882968596000614 0.01847747964561711
      vertex 0.036379084678456027 0.004496733528584955 0.016935643860705
    endloop
  endfacet
  facet normal 0.0 0.0 0.0
    outer loop
      vertex 0.03623986115947963 0.004882968596000614 0.01847747964561711
      vertex 0.036248113849763446 0.004860071730552683 0.01851421518028508
      vertex 0.036379084678456027 0.004496733528584955 0.016935643860705
    endloop
  endfacet
  facet normal 0.0 0.0 0.0
    outer loop
      vertex 0.036248113849763446 0.004860071730552683 0.01851421518028508
      vertex 0.036255763671513695 0.004838848600748321 0.018551080414660078
      vertex 0.036379084678456027 0.004496733528584955 0.016935643860705
    endloop
  endfacet
  facet normal 0.0 0.0 0.0
    outer loop
      vertex 0.036255763671513695 0.004838848600748321 0.018551080414660078
      vertex 0.03626281062473038 0.004819299206587532 0.018588067719347578
      vertex 0.036379084678456027 0.004496733528584955 0.016935643860705
    endloop
  endfacet
  facet normal 0.0 0.0 0.0
    outer loop
      vertex 0.03626281062473038 0.004819299206587532 0.018588067719347578
      vertex 0.0362692493146168 0.0048014343376634955 0.018625161835558516
      vertex 0.036379084678456027 0.004496733528584955 0.016935643860705
    endloop
  endfacet
  facet normal 0.0 0.0 0.0
    outer loop
      vertex 0.0362692493146168 0.0048014343376634955 0.018625161835558516
      vertex 0.036275081089872104 0.0047852553426753755 0.018662358948595626
      vertex 0.036379084678456027 0.004496733528584955 0.016935643860705
    endloop
  endfacet
  facet normal 0.0 0.0 0.0
    outer loop
      vertex 0.036275081089872104 0.0047852553426753755 0.018662358948595626
      vertex 0.036280304601797105 0.0047707662677206105 0.01869964761436711
      vertex 0.036379084678456027 0.004496733528584955 0.016935643860705
    endloop
  endfacet
  facet normal 0.0 0.0 0.0
    outer loop
      vertex 0.036280304601797105 0.0047707662677206105 0.01869964761436711
      vertex 0.0362849158042943 0.0047579738562949425 0.018737016388781173
      vertex 0.036379084678456027 0.004496733528584955 0.016935643860705
    endloop
  endfacet
  facet normal 0.0 0.0 0.0
    outer loop
      vertex 0.0362849158042943 0.0047579738562949425 0.018737016388781173
      vertex 0.0362889133486645 0.004746882154495813 0.018774453827746014
      vertex 0.036379084678456027 0.004496733528584955 0.016935643860705
    endloop
  endfacet
  facet normal 0.0 0.0 0.0
    outer loop
      vertex 0.0362889133486645 0.004746882154495813 0.018774453827746014
      vertex 0.03629230128100518 0.004737489813624098 0.018811952301867108
      vertex 0.036379084678456027 0.004496733528584955 0.016935643860705
    endloop
  endfacet
  facet normal 0.0 0.0 0.0
    outer loop
      vertex 0.03629230128100518 0.004737489813624098 0.018811952301867108
      vertex 0.03629507016042222 0.004729803577175495 0.018849500367052657
      vertex 0.036379084678456027 0.004496733528584955 0.016935643860705
    endloop
  endfacet
  facet normal 0.0 0.0 0.0
    outer loop
      vertex 0.03629507016042222 0.004729803577175495 0.018849500367052657
      vertex 0.03629722807911055 0.004723820747751754 0.018887090393908124
      vertex 0.036379084678456027 0.004496733528584955 0.016935643860705
    endloop
  endfacet
  facet normal 0.0 0.0 0.0
    outer loop
      vertex 0.03629722807911055 0.004723820747751754 0.018887090393908124
      vertex 0.036298769642273535 0.0047195467201494486 0.018924710938341718
      vertex 0.036379084678456027 0.004496733528584955 0.016935643860705
    endloop
  endfacet
  facet normal 0.0 0.0 0.0
    outer loop
      vertex 0.036298769642273535 0.0047195467201494486 0.018924710938341718
      vertex 0.03629969080381369 0.004716982843067699 0.01896235055626164
      vertex 0.036379084678456027 0.004496733528584955 0.016935643860705
    endloop
  endfacet
  facet normal 0.0 0.0 0.0
    outer loop
      vertex 0.03629969080381369 0.004716982843067699 0.01896235055626164
      vertex 0.036300001004625104 0.00471612776780742 0.01900000161827336
      vertex 0.036379084678456027 0.004496733528584955 0.016935643860705
    endloop
  endfacet
  facet normal 0.0 0.0 0.0
    outer loop
      vertex 0.03619767519782135 0.004999999267233042 0.024678403565294844
      vertex 0.03619767519782135 0.004999999267233042 0.026000001618273358
      vertex 0.03621391623334962 0.004954944623470693 0.02462336129844914
    endloop
  endfacet
  facet normal 0.0 0.0 0.0
    outer loop
      vertex 0.03621391623334962 0.004954944623470693 0.02462336129844914
      vertex 0.03619767519782135 0.004999999267233042 0.026000001618273358
      vertex 0.03622877889831572 0.004913712193095831 0.02456793374717961
    endloop
  endfacet
  facet normal 0.0 0.0 0.0
    outer loop
      vertex 0.03622877889831572 0.004913712193095831 0.02456793374717961
      vertex 0.03619767519782135 0.004999999267233042 0.026000001618273358
      vertex 0.03624096844150661 0.004879894910640664 0.024517747589953048
    endloop
  endfacet
  facet normal 0.0 0.0 0.0
    outer loop
      vertex 0.03624096844150661 0.004879894910640664 0.024517747589953048
      vertex 0.03619767519782135 0.004999999267233042 0.026000001618273358
      vertex 0.036250974440724705 0.004852137333460726 0.024472352692492108
    endloop
  endfacet
  facet normal 0.0 0.0 0.0
    outer loop
      vertex 0.036250974440724705 0.004852137333460726 0.024472352692492108
      vertex 0.03619767519782135 0.004999999267233042 0.026000001618273358
      vertex 0.036260060627101895 0.004826928797671879 0.02442676706016789
    endloop
  endfacet
  facet normal 0.0 0.0 0.0
    outer loop
      vertex 0.036260060627101895 0.004826928797671879 0.02442676706016789
      vertex 0.03619767519782135 0.004999999267233042 0.026000001618273358
      vertex 0.03626822160584147 0.004804285487663904 0.02438100976646672
    endloop
  endfacet
  facet normal 0.0 0.0 0.0
    outer loop
      vertex 0.03626822160584147 0.004804285487663904 0.02438100976646672
      vertex 0.03619767519782135 0.004999999267233042 0.026000001618273358
      vertex 0.03627477763255652 0.0047861009770416366 0.024339688965685467
    endloop
  endfacet
  facet normal 0.0 0.0 0.0
    outer loop
      vertex 0.03627477763255652 0.0047861009770416366 0.024339688965685467
      vertex 0.03619767519782135 0.004999999267233042 0.026000001618273358
      vertex 0.03628003351326186 0.004771520190544756 0.024302407929308514
    endloop
  endfacet
  facet normal 0.0 0.0 0.0
    outer loop
      vertex 0.03628003351326186 0.004771520190544756 0.024302407929308514
      vertex 0.03619767519782135 0.004999999267233042 0.026000001618273358
      vertex 0.0362846770845394 0.004758636067576968 0.02426504296959172
    endloop
  endfacet
  facet normal 0.0 0.0 0.0
    outer loop
      vertex 0.0362846770845394 0.004758636067576968 0.02426504296959172
      vertex 0.038000001255121416 -7.180605585688227e-10 0.030000001618273358
      vertex 0.036288712392486586 0.004747447259439148 0.02422760934532414
    endloop
  endfacet
  facet normal 0.0 0.0 0.0
    outer loop
      vertex 0.036288712392486586 0.004747447259439148 0.02422760934532414
      vertex 0.038000001255121416 -7.180605585688227e-10 0.030000001618273358
      vertex 0.03629213134490847 0.0047379618583261555 0.02419011468590031
    endloop
  endfacet
  facet normal 0.0 0.0 0.0
    outer loop
      vertex 0.03629213134490847 0.0047379618583261555 0.02419011468590031
      vertex 0.038000001255121416 -7.180605585688227e-10 0.030000001618273358
      vertex 0.03629493529050417 0.004730181212937147 0.024152566620714765
    endloop
  endfacet
  facet normal 0.0 0.0 0.0
    outer loop
      vertex 0.03629493529050417 0.004730181212937147 0.024152566620714765
      vertex 0.038000001255121416 -7.180605585688227e-10 0.030000001618273358
      vertex 0.036297124229273704 0.004724105323272125 0.02411498040855656
    endloop
  endfacet
  facet normal 0.0 0.0 0.0
    outer loop
      vertex 0.036297124229273704 0.004724105323272125 0.02411498040855656
      vertex 0.038000001255121416 -7.180605585688227e-10 0.030000001618273358
      vertex 0.036298698161217016 0.0047197395841277 0.024077359864122967
    endloop
  endfacet
  facet normal 0.0 0.0 0.0
    outer loop
      vertex 0.036298698161217016 0.0047197395841277 0.024077359864122967
      vertex 0.038000001255121416 -7.180605585688227e-10 0.030000001618273358
      vertex 0.03629965708633416 0.004717078600707262 0.024039720246203048
    endloop
  endfacet
  facet normal 0.0 0.0 0.0
    outer loop
      vertex 0.03629965708633416 0.004717078600707262 0.024039720246203048
      vertex 0.038000001255121416 -7.180605585688227e-10 0.030000001618273358
      vertex 0.036299914687877584 0.00471636513885759 0.024019860932238204
    endloop
  endfacet
  facet normal 0.0 0.0 0.0
    outer loop
      vertex 0.036299914687877584 0.00471636513885759 0.024019860932238204
      vertex 0.038000001255121416 -7.180605585688227e-10 0.030000001618273358
      vertex 0.036300001004625104 0.00471612776780742 0.02400000161827336
    endloop
  endfacet
  facet normal 0.0 0.0 0.0
    outer loop
      vertex 0.036300001004625104 0.00471612776780742 0.02400000161827336
      vertex 0.038000001255121416 -7.180605585688227e-10 0.030000001618273358
      vertex 0.036300001004625104 0.00471612776780742 0.01900000161827336
    endloop
  endfacet
  facet normal 0.0 0.0 0.0
    outer loop
      vertex 0.036300001004625104 0.00471612776780742 0.01900000161827336
      vertex 0.038000001255121416 -7.180605585688227e-10 0.030000001618273358
      vertex 0.036379084678456027 0.004496733528584955 0.016935643860705
    endloop
  endfacet
  facet normal 0.0 0.0 0.0
    outer loop
      vertex 0.03619767519782135 0.004999999267233042 0.026000001618273358
      vertex 0.038000001255121416 -7.180605585688227e-10 0.030000001618273358
      vertex 0.0362846770845394 0.004758636067576968 0.02426504296959172
    endloop
  endfacet
  facet normal 0.0 0.0 0.0
    outer loop
      vertex 0.036379084678456027 0.004496733528584955 0.016935643860705
      vertex 0.038000001255121416 -7.180605585688227e-10 0.030000001618273358
      vertex 0.038000001255121416 -7.180605585688227e-10 -2.890752739403979e-10
    endloop
  endfacet
  facet normal 0.0 0.0 0.0
    outer loop
      vertex 0.022500000399218765 0.04299999969494408 0.02500000161827336
      vertex 0.038000001255121416 -7.180605585688227e-10 0.030000001618273358
      vertex 0.03619767519782135 0.004999999267233042 0.026000001618273358
    endloop
  endfacet
  facet normal 0.0 0.0 0.0
    outer loop
      vertex 0.022500000399218765 0.04299999969494408 0.02500000161827336
      vertex 0.03619767519782135 0.004999999267233042 0.026000001618273358
      vertex 0.028683200805111247 0.025846607335444253 0.022420118042833906
    endloop
  endfacet
  facet normal 0.0 0.0 0.0
    outer loop
      vertex 0.028662792448611227 0.004496732122393371 0.016935643860705
      vertex 0.03286421958328331 0.00499999924239618 0.015000001618273359
      vertex 0.028662789747463186 0.004999999211092233 0.015000001618273359
    endloop
  endfacet
  facet normal 0.0 0.0 0.0
    outer loop
      vertex 0.0329424279498119 0.004988966883912684 0.015042432495958906
      vertex 0.0329858803427698 0.004496732154603768 0.016935643860705
      vertex 0.033022216991741134 0.004978727560542545 0.015081811615831952
    endloop
  endfacet
  facet normal 0.0 0.0 0.0
    outer loop
      vertex 0.03286421958328331 0.00499999924239618 0.015000001618273359
      vertex 0.0329858803427698 0.004496732154603768 0.016935643860705
      vertex 0.0329424279498119 0.004988966883912684 0.015042432495958906
    endloop
  endfacet
  facet normal 0.0 0.0 0.0
    outer loop
      vertex 0.028662792448611227 0.004496732122393371 0.016935643860705
      vertex 0.0329858803427698 0.004496732154603768 0.016935643860705
      vertex 0.03286421958328331 0.00499999924239618 0.015000001618273359
    endloop
  endfacet
  facet normal 0.0 0.0 0.0
    outer loop
      vertex 0.033022216991741134 0.004978727560542545 0.015081811615831952
      vertex 0.033085549210039165 0.004508703209022624 0.016889600464708904
      vertex 0.033122759816236275 0.004967204275734 0.01512613458336125
    endloop
  endfacet
  facet normal 0.0 0.0 0.0
    outer loop
      vertex 0.0329858803427698 0.004496732154603768 0.016935643860705
      vertex 0.033085549210039165 0.004508703209022624 0.016889600464708904
      vertex 0.033022216991741134 0.004978727560542545 0.015081811615831952
    endloop
  endfacet
  facet normal 0.0 0.0 0.0
    outer loop
      vertex 0.033122759816236275 0.004967204275734 0.01512613458336125
      vertex 0.03318730316620737 0.004519425368041942 0.016848367401964767
      vertex 0.03322530680766242 0.004956940675948685 0.015165605255968672
    endloop
  endfacet
  facet normal 0.0 0.0 0.0
    outer loop
      vertex 0.033085549210039165 0.004508703209022624 0.016889600464708904
      vertex 0.03318730316620737 0.004519425368041942 0.016848367401964767
      vertex 0.033122759816236275 0.004967204275734 0.01512613458336125
    endloop
  endfacet
  facet normal 0.0 0.0 0.0
    outer loop
      vertex 0.03318730316620737 0.004519425368041942 0.016848367401964767
      vertex 0.03329090753762212 0.004528868960278621 0.016812036225206953
      vertex 0.03322530680766242 0.004956940675948685 0.015165605255968672
    endloop
  endfacet
  facet normal 0.0 0.0 0.0
    outer loop
      vertex 0.03322530680766242 0.004956940675948685 0.015165605255968672
      vertex 0.03329090753762212 0.004528868960278621 0.016812036225206953
      vertex 0.03332962059496856 0.004947963735167873 0.015200135895617108
    endloop
  endfacet
  facet normal 0.0 0.0 0.0
    outer loop
      vertex 0.03329090753762212 0.004528868960278621 0.016812036225206953
      vertex 0.033396127650631026 0.004537020498739391 0.016780690857775313
      vertex 0.03332962059496856 0.004947963735167873 0.015200135895617108
    endloop
  endfacet
  facet normal 0.0 0.0 0.0
    outer loop
      vertex 0.03332962059496856 0.004947963735167873 0.015200135895617108
      vertex 0.033396127650631026 0.004537020498739391 0.016780690857775313
      vertex 0.033435466504502034 0.004940292335177947 0.015229642578966718
    endloop
  endfacet
  facet normal 0.0 0.0 0.0
    outer loop
      vertex 0.033396127650631026 0.004537020498739391 0.016780690857775313
      vertex 0.03350272343678512 0.0045438557068377145 0.016754399964220623
      vertex 0.033435466504502034 0.004940292335177947 0.015229642578966718
    endloop
  endfacet
  facet normal 0.0 0.0 0.0
    outer loop
      vertex 0.033435466504502034 0.004940292335177947 0.015229642578966718
      vertex 0.03350272343678512 0.0045438557068377145 0.016754399964220623
      vertex 0.03354259907301698 0.004933945357765216 0.015254060456163983
    endloop
  endfacet
  facet normal 0.0 0.0 0.0
    outer loop
      vertex 0.03350272343678512 0.0045438557068377145 0.016754399964220623
      vertex 0.0336104548276354 0.004549361097580284 0.016733228394396407
      vertex 0.03354259907301698 0.004933945357765216 0.015254060456163983
    endloop
  endfacet
  facet normal 0.0 0.0 0.0
    outer loop
      vertex 0.03354259907301698 0.004933945357765216 0.015254060456163983
      vertex 0.0336104548276354 0.004549361097580284 0.016733228394396407
      vertex 0.0336507755346659 0.0049289335925210885 0.015273332306749921
    endloop
  endfacet
  facet normal 0.0 0.0 0.0
    outer loop
      vertex 0.0336104548276354 0.004549361097580284 0.016733228394396407
      vertex 0.03371907096513964 0.0045535231839737055 0.01671722192466984
      vertex 0.0336507755346659 0.0049289335925210885 0.015273332306749921
    endloop
  endfacet
  facet normal 0.0 0.0 0.0
    outer loop
      vertex 0.0336507755346659 0.0049289335925210885 0.015273332306749921
      vertex 0.03371907096513964 0.0045535231839737055 0.01671722192466984
      vertex 0.03375975042620296 0.004925270526435257 0.015287416169054609
    endloop
  endfacet
  facet normal 0.0 0.0 0.0
    outer loop
      vertex 0.03371907096513964 0.0045535231839737055 0.01671722192466984
      vertex 0.03382832638605215 0.004556333873821239 0.016706414887316327
      vertex 0.03375975042620296 0.004925270526435257 0.015287416169054609
    endloop
  endfacet
  facet normal 0.0 0.0 0.0
    outer loop
      vertex 0.03375975042620296 0.004925270526435257 0.015287416169054609
      vertex 0.03382832638605215 0.004556333873821239 0.016706414887316327
      vertex 0.033869270192187446 0.004922966949099056 0.015296281525499921
    endloop
  endfacet
  facet normal 0.0 0.0 0.0
    outer loop
      vertex 0.03382832638605215 0.004556333873821239 0.016706414887316327
      vertex 0.03393797292972899 0.004557782377527817 0.016700837799913985
      vertex 0.033869270192187446 0.004922966949099056 0.015296281525499921
    endloop
  endfacet
  facet normal 0.0 0.0 0.0
    outer loop
      vertex 0.033869270192187446 0.004922966949099056 0.015296281525499921
      vertex 0.03393797292972899 0.004557782377527817 0.016700837799913985
      vertex 0.03397909206677192 0.004922022860510671 0.015299905487902265
    endloop
  endfacet
  facet normal 0.0 0.0 0.0
    outer loop
      vertex 0.03393797292972899 0.004557782377527817 0.016700837799913985
      vertex 0.034047765132924415 0.004557871392489911 0.01670049447716008
      vertex 0.03397909206677192 0.004922022860510671 0.015299905487902265
    endloop
  endfacet
  facet normal 0.0 0.0 0.0
    outer loop
      vertex 0.03397909206677192 0.004922022860510671 0.015299905487902265
      vertex 0.034047765132924415 0.004557871392489911 0.01670049447716008
      vertex 0.03408895979711738 0.004922446352863108 0.015298280426867109
    endloop
  endfacet
  facet normal 0.0 0.0 0.0
    outer loop
      vertex 0.034047765132924415 0.004557871392489911 0.01670049447716008
      vertex 0.03415744674279951 0.004556598221307306 0.016705396363146406
      vertex 0.03408895979711738 0.004922446352863108 0.015298280426867109
    endloop
  endfacet
  facet normal 0.0 0.0 0.0
    outer loop
      vertex 0.03408895979711738 0.004922446352863108 0.015298280426867109
      vertex 0.03415744674279951 0.004556598221307306 0.016705396363146406
      vertex 0.03419862791997814 0.004924234728756235 0.015291406342394452
    endloop
  endfacet
  facet normal 0.0 0.0 0.0
    outer loop
      vertex 0.03415744674279951 0.004556598221307306 0.016705396363146406
      vertex 0.03426676690131189 0.004553965561376444 0.01671552438438664
      vertex 0.03419862791997814 0.004924234728756235 0.015291406342394452
    endloop
  endfacet
  facet normal 0.0 0.0 0.0
    outer loop
      vertex 0.03419862791997814 0.004924234728756235 0.015291406342394452
      vertex 0.03426676690131189 0.004553965561376444 0.01671552438438664
      vertex 0.03430784018251529 0.00492737989599323 0.015279306122667891
    endloop
  endfacet
  facet normal 0.0 0.0 0.0
    outer loop
      vertex 0.03426676690131189 0.004553965561376444 0.01671552438438664
      vertex 0.034375480145215825 0.004549976110093794 0.016730855652697187
      vertex 0.03430784018251529 0.00492737989599323 0.015279306122667891
    endloop
  endfacet
  facet normal 0.0 0.0 0.0
    outer loop
      vertex 0.03430784018251529 0.00492737989599323 0.015279306122667891
      vertex 0.034375480145215825 0.004549976110093794 0.016730855652697187
      vertex 0.034416348424084794 0.004931881854572243 0.015262002655871016
    endloop
  endfacet
  facet normal 0.0 0.0 0.0
    outer loop
      vertex 0.034375480145215825 0.004549976110093794 0.016730855652697187
      vertex 0.034483338313867164 0.004544646051847341 0.01675135965049992
      vertex 0.034416348424084794 0.004931881854572243 0.015262002655871016
    endloop
  endfacet
  facet normal 0.0 0.0 0.0
    outer loop
      vertex 0.034416348424084794 0.004931881854572243 0.015262002655871016
      vertex 0.034483338313867164 0.004544646051847341 0.01675135965049992
      vertex 0.03452390718144109 0.004937721722703307 0.01523953790367375
    endloop
  endfacet
  facet normal 0.0 0.0 0.0
    outer loop
      vertex 0.03452390718144109 0.004937721722703307 0.01523953790367375
      vertex 0.034590095944020106 0.004537983478830167 0.01677698678673039
      vertex 0.03463027099133848 0.004944891408189687 0.01521195764244328
    endloop
  endfacet
  facet normal 0.0 0.0 0.0
    outer loop
      vertex 0.034483338313867164 0.004544646051847341 0.01675135965049992
      vertex 0.034590095944020106 0.004537983478830167 0.01677698678673039
      vertex 0.03452390718144109 0.004937721722703307 0.01523953790367375
    endloop
  endfacet
  facet normal 0.0 0.0 0.0
    outer loop
      vertex 0.034590095944020106 0.004537983478830167 0.01677698678673039
      vertex 0.034695510269827125 0.004530004575430292 0.01680767984092961
      vertex 0.03463027099133848 0.004944891408189687 0.01521195764244328
    endloop
  endfacet
  facet normal 0.0 0.0 0.0
    outer loop
      vertex 0.03463027099133848 0.004944891408189687 0.01521195764244328
      vertex 0.034695510269827125 0.004530004575430292 0.01680767984092961
      vertex 0.0347351970879297 0.004953374726639742 0.01517933053673039
    endloop
  endfacet
  facet normal 0.0 0.0 0.0
    outer loop
      vertex 0.0347351970879297 0.004953374726639742 0.01517933053673039
      vertex 0.03479933852544067 0.004520725526035736 0.016843370148546796
      vertex 0.034838442705367456 0.004963150098865226 0.01514173288048039
    endloop
  endfacet
  facet normal 0.0 0.0 0.0
    outer loop
      vertex 0.034695510269827125 0.004530004575430292 0.01680767984092961
      vertex 0.03479933852544067 0.004520725526035736 0.016843370148546796
      vertex 0.0347351970879297 0.004953374726639742 0.01517933053673039
    endloop
  endfacet
  facet normal 0.0 0.0 0.0
    outer loop
      vertex 0.034838442705367456 0.004963150098865226 0.01514173288048039
      vertex 0.03490134333980976 0.004510167909831166 0.016883969971544843
      vertex 0.034939775867397715 0.0049741959456779715 0.015099244782335859
    endloop
  endfacet
  facet normal 0.0 0.0 0.0
    outer loop
      vertex 0.03479933852544067 0.004520725526035736 0.016843370148546796
      vertex 0.03490134333980976 0.004510167909831166 0.016883969971544843
      vertex 0.034838442705367456 0.004963150098865226 0.01514173288048039
    endloop
  endfacet
  facet normal 0.0 0.0 0.0
    outer loop
      vertex 0.03490134333980976 0.004510167909831166 0.016883969971544843
      vertex 0.034958080415799356 0.0045036456011531435 0.01690904779136906
      vertex 0.034939775867397715 0.0049741959456779715 0.015099244782335859
    endloop
  endfacet
  facet normal 0.0 0.0 0.0
    outer loop
      vertex 0.03503896459776643 0.004986490687889814 0.015051961609728437
      vertex 0.035014118865630946 0.004496732169715734 0.016935643860705
      vertex 0.03513578231501626 0.005000001956719411 0.015000001618273359
    endloop
  endfacet
  facet normal 0.0 0.0 0.0
    outer loop
      vertex 0.034939775867397715 0.0049741959456779715 0.015099244782335859
      vertex 0.035014118865630946 0.004496732169715734 0.016935643860705
      vertex 0.03503896459776643 0.004986490687889814 0.015051961609728437
    endloop
  endfacet
  facet normal 0.0 0.0 0.0
    outer loop
      vertex 0.034958080415799356 0.0045036456011531435 0.01690904779136906
      vertex 0.035014118865630946 0.004496732169715734 0.016935643860705
      vertex 0.034939775867397715 0.0049741959456779715 0.015099244782335859
    endloop
  endfacet
  facet normal 0.0 0.0 0.0
    outer loop
      vertex 0.03513578231501626 0.005000001956719411 0.015000001618273359
      vertex 0.035014118865630946 0.004496732169715734 0.016935643860705
      vertex 0.03619767519782135 0.004999999267233042 0.015000001618273359
    endloop
  endfacet
  facet normal 0.0 0.0 0.0
    outer loop
      vertex 0.035014118865630946 0.004496732169715734 0.016935643860705
      vertex 0.036379084678456027 0.004496733528584955 0.016935643860705
      vertex 0.03619767519782135 0.004999999267233042 0.015000001618273359
    endloop
  endfacet
  facet normal 0.0 0.0 0.0
    outer loop
      vertex 0.03170000089578955 0.004999999233721839 0.013000001618273358
      vertex 0.03170264164872983 0.0050000019311398185 0.013110181519396406
      vertex 0.031700000933043475 -7.650005002801663e-10 0.013000001618273358
    endloop
  endfacet
  facet normal 0.0 0.0 0.0
    outer loop
      vertex 0.031700000933043475 -7.650005002801663e-10 0.013000001618273358
      vertex 0.03170264164872983 0.0050000019311398185 0.013110181519396406
      vertex 0.03170286017524645 -7.649791982089482e-10 0.013114644715197186
    endloop
  endfacet
  facet normal 0.0 0.0 0.0
    outer loop
      vertex 0.03170264164872983 0.0050000019311398185 0.013110181519396406
      vertex 0.03171055851275413 0.004999999233800501 0.013220113465197187
      vertex 0.03170286017524645 -7.649791982089482e-10 0.013114644715197186
    endloop
  endfacet
  facet normal 0.0 0.0 0.0
    outer loop
      vertex 0.03170286017524645 -7.649791982089482e-10 0.013114644715197186
      vertex 0.03171055851275413 0.004999999233800501 0.013220113465197187
      vertex 0.031711429809660456 1.9324829576561344e-09 0.013229005524523359
    endloop
  endfacet
  facet normal 0.0 0.0 0.0
    outer loop
      vertex 0.03171055851275413 0.004999999233800501 0.013220113465197187
      vertex 0.031723729908675946 0.005000001931296943 0.013329534241564375
      vertex 0.031711429809660456 1.9324829576561344e-09 0.013229005524523359
    endloop
  endfacet
  facet normal 0.0 0.0 0.0
    outer loop
      vertex 0.031711429809660456 1.9324829576561344e-09 0.013229005524523359
      vertex 0.031723729908675946 0.005000001931296943 0.013329534241564375
      vertex 0.03172569095449741 -7.648090907252936e-10 0.013342797943956953
    endloop
  endfacet
  facet normal 0.0 0.0 0.0
    outer loop
      vertex 0.031723729908675946 0.005000001931296943 0.013329534241564375
      vertex 0.03174212886251231 0.004999999234035725 0.013438203522570235
      vertex 0.03172569095449741 -7.648090907252936e-10 0.013342797943956953
    endloop
  endfacet
  facet normal 0.0 0.0 0.0
    outer loop
      vertex 0.03172569095449741 -7.648090907252936e-10 0.013342797943956953
      vertex 0.03174212886251231 0.004999999234035725 0.013438203522570235
      vertex 0.031745603148782685 -7.646607294020669e-10 0.013455735871203047
    endloop
  endfacet
  facet normal 0.0 0.0 0.0
    outer loop
      vertex 0.031745603148782685 -7.646607294020669e-10 0.013455735871203047
      vertex 0.031765714913288584 0.004999999234211463 0.013545861908800702
      vertex 0.031771123234143404 1.9329277201052265e-09 0.01356754083336125
    endloop
  endfacet
  facet normal 0.0 0.0 0.0
    outer loop
      vertex 0.03174212886251231 0.004999999234035725 0.013438203522570235
      vertex 0.031765714913288584 0.004999999234211463 0.013545861908800702
      vertex 0.031745603148782685 -7.646607294020669e-10 0.013455735871203047
    endloop
  endfacet
  facet normal 0.0 0.0 0.0
    outer loop
      vertex 0.031771123234143404 1.9329277201052265e-09 0.01356754083336125
      vertex 0.031794431415640395 0.004999999234425422 0.013652272889025312
      vertex 0.03180218377562201 -7.642391590678698e-10 0.013677938172228437
    endloop
  endfacet
  facet normal 0.0 0.0 0.0
    outer loop
      vertex 0.031765714913288584 0.004999999234211463 0.013545861908800702
      vertex 0.031794431415640395 0.004999999234425422 0.013652272889025312
      vertex 0.031771123234143404 1.9329277201052265e-09 0.01356754083336125
    endloop
  endfacet
  facet normal 0.0 0.0 0.0
    outer loop
      vertex 0.03180218377562201 -7.642391590678698e-10 0.013677938172228437
      vertex 0.03182820823721181 0.004999999234677086 0.013757180878527266
      vertex 0.03183870654866761 -7.639670371872853e-10 0.013786645600206952
    endloop
  endfacet
  facet normal 0.0 0.0 0.0
    outer loop
      vertex 0.031794431415640395 0.004999999234425422 0.013652272889025312
      vertex 0.03182820823721181 0.004999999234677086 0.013757180878527266
      vertex 0.03180218377562201 -7.642391590678698e-10 0.013677938172228437
    endloop
  endfacet
  facet normal 0.0 0.0 0.0
    outer loop
      vertex 0.03183870654866761 -7.639670371872853e-10 0.013786645600206952
      vertex 0.03186697524564692 0.00499999923496593 0.013860353180773359
      vertex 0.03188060523653446 1.933743446258518e-09 0.013893399903185468
    endloop
  endfacet
  facet normal 0.0 0.0 0.0
    outer loop
      vertex 0.03182820823721181 0.004999999234677086 0.013757180878527266
      vertex 0.03186697524564692 0.00499999923496593 0.013860353180773359
      vertex 0.03183870654866761 -7.639670371872853e-10 0.013786645600206952
    endloop
  endfacet
  facet normal 0.0 0.0 0.0
    outer loop
      vertex 0.03188060523653446 1.933743446258518e-09 0.013893399903185468
      vertex 0.031910640729403354 0.004999999235291273 0.01396154946983586
      vertex 0.03192777194329039 1.9340948753665545e-09 0.013997934052355391
    endloop
  endfacet
  facet normal 0.0 0.0 0.0
    outer loop
      vertex 0.03186697524564692 0.00499999923496593 0.013860353180773359
      vertex 0.031910640729403354 0.004999999235291273 0.01396154946983586
      vertex 0.03188060523653446 1.933743446258518e-09 0.013893399903185468
    endloop
  endfacet
  facet normal 0.0 0.0 0.0
    outer loop
      vertex 0.03192777194329039 1.9340948753665545e-09 0.013997934052355391
      vertex 0.03195910218734555 0.00499999923565235 0.014060537049181561
      vertex 0.0319800906808083 1.9344846897695336e-09 0.01409998483360539
    endloop
  endfacet
  facet normal 0.0 0.0 0.0
    outer loop
      vertex 0.031910640729403354 0.004999999235291273 0.01396154946983586
      vertex 0.03195910218734555 0.00499999923565235 0.014060537049181561
      vertex 0.03192777194329039 1.9340948753665545e-09 0.013997934052355391
    endloop
  endfacet
  facet normal 0.0 0.0 0.0
    outer loop
      vertex 0.0319800906808083 1.9344846897695336e-09 0.01409998483360539
      vertex 0.0320122517235413 0.004999999236048355 0.014157087036974532
      vertex 0.032037431973969556 1.934911928458405e-09 0.014199300476915937
    endloop
  endfacet
  facet normal 0.0 0.0 0.0
    outer loop
      vertex 0.03195910218734555 0.00499999923565235 0.014060537049181561
      vertex 0.0320122517235413 0.004999999236048355 0.014157087036974532
      vertex 0.0319800906808083 1.9344846897695336e-09 0.01409998483360539
    endloop
  endfacet
  facet normal 0.0 0.0 0.0
    outer loop
      vertex 0.032037431973969556 1.934911928458405e-09 0.014199300476915937
      vertex 0.0320699652576686 0.004999999236478364 0.014250981995470624
      vertex 0.032099652860664026 -7.62022779099425e-10 0.01429563684166203
    endloop
  endfacet
  facet normal 0.0 0.0 0.0
    outer loop
      vertex 0.0320122517235413 0.004999999236048355 0.014157087036974532
      vertex 0.0320699652576686 0.004999999236478364 0.014250981995470624
      vertex 0.032037431973969556 1.934911928458405e-09 0.014199300476915937
    endloop
  endfacet
  facet normal 0.0 0.0 0.0
    outer loop
      vertex 0.032099652860664026 -7.62022779099425e-10 0.01429563684166203
      vertex 0.03213210791981221 0.004999999236941376 0.014342004486925703
      vertex 0.032166596891789995 -7.615239958624897e-10 0.014388749787218671
    endloop
  endfacet
  facet normal 0.0 0.0 0.0
    outer loop
      vertex 0.0320699652576686 0.004999999236478364 0.014250981995470624
      vertex 0.03213210791981221 0.004999999236941376 0.014342004486925703
      vertex 0.032099652860664026 -7.62022779099425e-10 0.01429563684166203
    endloop
  endfacet
  facet normal 0.0 0.0 0.0
    outer loop
      vertex 0.032166596891789995 -7.615239958624897e-10 0.014388749787218671
      vertex 0.03219854214265858 0.005000001934834669 0.014429948517687422
      vertex 0.03223809952605092 -7.609912451300715e-10 0.014478410431749921
    endloop
  endfacet
  facet normal 0.0 0.0 0.0
    outer loop
      vertex 0.03213210791981221 0.004999999236941376 0.014342004486925703
      vertex 0.03219854214265858 0.005000001934834669 0.014429948517687422
      vertex 0.032166596891789995 -7.615239958624897e-10 0.014388749787218671
    endloop
  endfacet
  facet normal 0.0 0.0 0.0
    outer loop
      vertex 0.03219854214265858 0.005000001934834669 0.014429948517687422
      vertex 0.03226911417450439 0.004999999237962182 0.014514604279406172
      vertex 0.03223809952605092 -7.609912451300715e-10 0.014478410431749921
    endloop
  endfacet
  facet normal 0.0 0.0 0.0
    outer loop
      vertex 0.03223809952605092 -7.609912451300715e-10 0.014478410431749921
      vertex 0.03226911417450439 0.004999999237962182 0.014514604279406172
      vertex 0.032313982735158654 -7.604258556170862e-10 0.014564397522814375
    endloop
  endfacet
  facet normal 0.0 0.0 0.0
    outer loop
      vertex 0.03226911417450439 0.004999999237962182 0.014514604279406172
      vertex 0.03234365677665468 0.005000001935915884 0.014595784851915938
      vertex 0.032313982735158654 -7.604258556170862e-10 0.014564397522814375
    endloop
  endfacet
  facet normal 0.0 0.0 0.0
    outer loop
      vertex 0.032313982735158654 -7.604258556170862e-10 0.014564397522814375
      vertex 0.03234365677665468 0.005000001935915884 0.014595784851915938
      vertex 0.032394057701231896 -7.598292341981505e-10 0.01464649362266789
    endloop
  endfacet
  facet normal 0.0 0.0 0.0
    outer loop
      vertex 0.03234365677665468 0.005000001935915884 0.014595784851915938
      vertex 0.03242200540781292 0.005000001936499643 0.014673299500353437
      vertex 0.032394057701231896 -7.598292341981505e-10 0.01464649362266789
    endloop
  endfacet
  facet normal 0.0 0.0 0.0
    outer loop
      vertex 0.032394057701231896 -7.598292341981505e-10 0.01464649362266789
      vertex 0.03242200540781292 0.005000001936499643 0.014673299500353437
      vertex 0.032478124816796086 -7.592028694602959e-10 0.01472449655235539
    endloop
  endfacet
  facet normal 0.0 0.0 0.0
    outer loop
      vertex 0.03242200540781292 0.005000001936499643 0.014673299500353437
      vertex 0.032503976644894385 0.004999999239712091 0.014746972748644453
      vertex 0.032478124816796086 -7.592028694602959e-10 0.01472449655235539
    endloop
  endfacet
  facet normal 0.0 0.0 0.0
    outer loop
      vertex 0.032478124816796086 -7.592028694602959e-10 0.01472449655235539
      vertex 0.032503976644894385 0.004999999239712091 0.014746972748644453
      vertex 0.03256597368478347 -7.585483281502547e-10 0.014798211762316328
    endloop
  endfacet
  facet normal 0.0 0.0 0.0
    outer loop
      vertex 0.032503976644894385 0.004999999239712091 0.014746972748644453
      vertex 0.032589384367415986 0.0050000019377467505 0.014816636750109297
      vertex 0.03256597368478347 -7.585483281502547e-10 0.014798211762316328
    endloop
  endfacet
  facet normal 0.0 0.0 0.0
    outer loop
      vertex 0.03256597368478347 -7.585483281502547e-10 0.014798211762316328
      vertex 0.032589384367415986 0.0050000019377467505 0.014816636750109297
      vertex 0.03265738851332966 -7.578672125418961e-10 0.014867456147081952
    endloop
  endfacet
  facet normal 0.0 0.0 0.0
    outer loop
      vertex 0.032589384367415986 0.0050000019377467505 0.014816636750109297
      vertex 0.03267802896790328 0.004999999241008917 0.014882123658068281
      vertex 0.03265738851332966 -7.578672125418961e-10 0.014867456147081952
    endloop
  endfacet
  facet normal 0.0 0.0 0.0
    outer loop
      vertex 0.03265738851332966 -7.578672125418961e-10 0.014867456147081952
      vertex 0.03267802896790328 0.004999999241008917 0.014882123658068281
      vertex 0.03275214272097706 -7.571612208323586e-10 0.014932058045275313
    endloop
  endfacet
  facet normal 0.0 0.0 0.0
    outer loop
      vertex 0.03267802896790328 0.004999999241008917 0.014882123658068281
      vertex 0.032769713536279936 0.004999999241692039 0.014943292328722577
      vertex 0.03275214272097706 -7.571612208323586e-10 0.014932058045275313
    endloop
  endfacet
  facet normal 0.0 0.0 0.0
    outer loop
      vertex 0.03275214272097706 -7.571612208323586e-10 0.014932058045275313
      vertex 0.032769713536279936 0.004999999241692039 0.014943292328722577
      vertex 0.03284999893667487 -7.564321151676268e-10 0.01499185723961125
    endloop
  endfacet
  facet normal 0.0 0.0 0.0
    outer loop
      vertex 0.032769713536279936 0.004999999241692039 0.014943292328722577
      vertex 0.03286421958328331 0.00499999924239618 0.015000001618273359
      vertex 0.03284999893667487 -7.564321151676268e-10 0.01499185723961125
    endloop
  endfacet
  facet normal 0.0 0.0 0.0
    outer loop
      vertex 0.03284999893667487 -7.564321151676268e-10 0.01499185723961125
      vertex 0.03286421958328331 0.00499999924239618 0.015000001618273359
      vertex 0.032950714394575656 -7.556817074316769e-10 0.015046704956896405
    endloop
  endfacet
  facet normal 0.0 0.0 0.0
    outer loop
      vertex 0.03286421958328331 0.00499999924239618 0.015000001618273359
      vertex 0.0329424279498119 0.004988966883912684 0.015042432495958906
      vertex 0.032950714394575656 -7.556817074316769e-10 0.015046704956896405
    endloop
  endfacet
  facet normal 0.0 0.0 0.0
    outer loop
      vertex 0.0329424279498119 0.004988966883912684 0.015042432495958906
      vertex 0.033022216991741134 0.004978727560542545 0.015081811615831952
      vertex 0.032950714394575656 -7.556817074316769e-10 0.015046704956896405
    endloop
  endfacet
  facet normal 0.0 0.0 0.0
    outer loop
      vertex 0.032950714394575656 -7.556817074316769e-10 0.015046704956896405
      vertex 0.033022216991741134 0.004978727560542545 0.015081811615831952
      vertex 0.033054040934035384 -7.549118414829081e-10 0.015096463868029219
    endloop
  endfacet
  facet normal 0.0 0.0 0.0
    outer loop
      vertex 0.033022216991741134 0.004978727560542545 0.015081811615831952
      vertex 0.033122759816236275 0.004967204275734 0.01512613458336125
      vertex 0.033054040934035384 -7.549118414829081e-10 0.015096463868029219
    endloop
  endfacet
  facet normal 0.0 0.0 0.0
    outer loop
      vertex 0.033054040934035384 -7.549118414829081e-10 0.015096463868029219
      vertex 0.033122759816236275 0.004967204275734 0.01512613458336125
      vertex 0.033159714210020196 -7.54124492630126e-10 0.01514100808799992
    endloop
  endfacet
  facet normal 0.0 0.0 0.0
    outer loop
      vertex 0.033122759816236275 0.004967204275734 0.01512613458336125
      vertex 0.03322530680766242 0.004956940675948685 0.015165605255968672
      vertex 0.033159714210020196 -7.54124492630126e-10 0.01514100808799992
    endloop
  endfacet
  facet normal 0.0 0.0 0.0
    outer loop
      vertex 0.033159714210020196 -7.54124492630126e-10 0.01514100808799992
      vertex 0.03322530680766242 0.004956940675948685 0.015165605255968672
      vertex 0.03326748066708946 -7.53321547364294e-10 0.015180234619982344
    endloop
  endfacet
  facet normal 0.0 0.0 0.0
    outer loop
      vertex 0.03322530680766242 0.004956940675948685 0.015165605255968672
      vertex 0.03332962059496856 0.004947963735167873 0.015200135895617108
      vertex 0.03326748066708946 -7.53321547364294e-10 0.015180234619982344
    endloop
  endfacet
  facet normal 0.0 0.0 0.0
    outer loop
      vertex 0.03326748066708946 -7.53321547364294e-10 0.015180234619982344
      vertex 0.03332962059496856 0.004947963735167873 0.015200135895617108
      vertex 0.03337706786801438 1.944893266880854e-09 0.015214036652453047
    endloop
  endfacet
  facet normal 0.0 0.0 0.0
    outer loop
      vertex 0.03332962059496856 0.004947963735167873 0.015200135895617108
      vertex 0.033435466504502034 0.004940292335177947 0.015229642578966718
      vertex 0.03337706786801438 1.944893266880854e-09 0.015214036652453047
    endloop
  endfacet
  facet normal 0.0 0.0 0.0
    outer loop
      vertex 0.03337706786801438 1.944893266880854e-09 0.015214036652453047
      vertex 0.033435466504502034 0.004940292335177947 0.015229642578966718
      vertex 0.03348820337556623 -7.516769926496636e-10 0.015242334076769453
    endloop
  endfacet
  facet normal 0.0 0.0 0.0
    outer loop
      vertex 0.033435466504502034 0.004940292335177947 0.015229642578966718
      vertex 0.03354259907301698 0.004933945357765216 0.015254060456163983
      vertex 0.03348820337556623 -7.516769926496636e-10 0.015242334076769453
    endloop
  endfacet
  facet normal 0.0 0.0 0.0
    outer loop
      vertex 0.03348820337556623 -7.516769926496636e-10 0.015242334076769453
      vertex 0.03354259907301698 0.004933945357765216 0.015254060456163983
      vertex 0.03360060935771958 -7.508394759270232e-10 0.015265058228380781
    endloop
  endfacet
  facet normal 0.0 0.0 0.0
    outer loop
      vertex 0.03354259907301698 0.004933945357765216 0.015254060456163983
      vertex 0.0336507755346659 0.0049289335925210885 0.015273332306749921
      vertex 0.03360060935771958 -7.508394759270232e-10 0.015265058228380781
    endloop
  endfacet
  facet normal 0.0 0.0 0.0
    outer loop
      vertex 0.03360060935771958 -7.508394759270232e-10 0.015265058228380781
      vertex 0.0336507755346659 0.0049289335925210885 0.015273332306749921
      vertex 0.03371401067984733 1.9474037564748415e-09 0.015282151886828046
    endloop
  endfacet
  facet normal 0.0 0.0 0.0
    outer loop
      vertex 0.0336507755346659 0.0049289335925210885 0.015273332306749921
      vertex 0.03375975042620296 0.004925270526435257 0.015287416169054609
      vertex 0.03371401067984733 1.9474037564748415e-09 0.015282151886828046
    endloop
  endfacet
  facet normal 0.0 0.0 0.0
    outer loop
      vertex 0.03371401067984733 1.9474037564748415e-09 0.015282151886828046
      vertex 0.03375975042620296 0.004925270526435257 0.015287416169054609
      vertex 0.033828121417729236 1.94825397059617e-09 0.015293569275744061
    endloop
  endfacet
  facet normal 0.0 0.0 0.0
    outer loop
      vertex 0.03375975042620296 0.004925270526435257 0.015287416169054609
      vertex 0.033869270192187446 0.004922966949099056 0.015296281525499921
      vertex 0.033828121417729236 1.94825397059617e-09 0.015293569275744061
    endloop
  endfacet
  facet normal 0.0 0.0 0.0
    outer loop
      vertex 0.033828121417729236 1.94825397059617e-09 0.015293569275744061
      vertex 0.033869270192187446 0.004922966949099056 0.015296281525499921
      vertex 0.033942661041941616 -7.482909261113946e-10 0.015299283692247968
    endloop
  endfacet
  facet normal 0.0 0.0 0.0
    outer loop
      vertex 0.033869270192187446 0.004922966949099056 0.015296281525499921
      vertex 0.03397909206677192 0.004922022860510671 0.015299905487902265
      vertex 0.033942661041941616 -7.482909261113946e-10 0.015299283692247968
    endloop
  endfacet
  facet normal 0.0 0.0 0.0
    outer loop
      vertex 0.033942661041941616 -7.482909261113946e-10 0.015299283692247968
      vertex 0.03397909206677192 0.004922022860510671 0.015299905487902265
      vertex 0.0340573409308658 1.94996183822127e-09 0.015299283692247968
    endloop
  endfacet
  facet normal 0.0 0.0 0.0
    outer loop
      vertex 0.03397909206677192 0.004922022860510671 0.015299905487902265
      vertex 0.03408895979711738 0.004922446352863108 0.015298280426867109
      vertex 0.0340573409308658 1.94996183822127e-09 0.015299283692247968
    endloop
  endfacet
  facet normal 0.0 0.0 0.0
    outer loop
      vertex 0.0340573409308658 1.94996183822127e-09 0.015299283692247968
      vertex 0.03408895979711738 0.004922446352863108 0.015298280426867109
      vertex 0.03417188055507817 -7.46583062039008e-10 0.015293569275744061
    endloop
  endfacet
  facet normal 0.0 0.0 0.0
    outer loop
      vertex 0.03408895979711738 0.004922446352863108 0.015298280426867109
      vertex 0.03419862791997814 0.004924234728756235 0.015291406342394452
      vertex 0.03417188055507817 -7.46583062039008e-10 0.015293569275744061
    endloop
  endfacet
  facet normal 0.0 0.0 0.0
    outer loop
      vertex 0.03417188055507817 -7.46583062039008e-10 0.015293569275744061
      vertex 0.03419862791997814 0.004924234728756235 0.015291406342394452
      vertex 0.03428599129296009 -7.457328443649658e-10 0.015282151886828046
    endloop
  endfacet
  facet normal 0.0 0.0 0.0
    outer loop
      vertex 0.03419862791997814 0.004924234728756235 0.015291406342394452
      vertex 0.03430784018251529 0.00492737989599323 0.015279306122667891
      vertex 0.03428599129296009 -7.457328443649658e-10 0.015282151886828046
    endloop
  endfacet
  facet normal 0.0 0.0 0.0
    outer loop
      vertex 0.03428599129296009 -7.457328443649658e-10 0.015282151886828046
      vertex 0.03430784018251529 0.00492737989599323 0.015279306122667891
      vertex 0.03439938991768956 -7.448879379978735e-10 0.015265058228380781
    endloop
  endfacet
  facet normal 0.0 0.0 0.0
    outer loop
      vertex 0.03430784018251529 0.00492737989599323 0.015279306122667891
      vertex 0.034416348424084794 0.004931881854572243 0.015262002655871016
      vertex 0.03439938991768956 -7.448879379978735e-10 0.015265058228380781
    endloop
  endfacet
  facet normal 0.0 0.0 0.0
    outer loop
      vertex 0.03439938991768956 -7.448879379978735e-10 0.015265058228380781
      vertex 0.034416348424084794 0.004931881854572243 0.015262002655871016
      vertex 0.03451179859724118 1.9533479012068257e-09 0.015242334076769453
    endloop
  endfacet
  facet normal 0.0 0.0 0.0
    outer loop
      vertex 0.034416348424084794 0.004931881854572243 0.015262002655871016
      vertex 0.03452390718144109 0.004937721722703307 0.01523953790367375
      vertex 0.03451179859724118 1.9533479012068257e-09 0.015242334076769453
    endloop
  endfacet
  facet normal 0.0 0.0 0.0
    outer loop
      vertex 0.03451179859724118 1.9533479012068257e-09 0.015242334076769453
      vertex 0.03452390718144109 0.004937721722703307 0.01523953790367375
      vertex 0.03462293410479303 -7.432223547709782e-10 0.015214036652453047
    endloop
  endfacet
  facet normal 0.0 0.0 0.0
    outer loop
      vertex 0.03462293410479303 -7.432223547709782e-10 0.015214036652453047
      vertex 0.03463027099133848 0.004944891408189687 0.01521195764244328
      vertex 0.03473251860831966 -7.424058665606026e-10 0.015180234619982344
    endloop
  endfacet
  facet normal 0.0 0.0 0.0
    outer loop
      vertex 0.03452390718144109 0.004937721722703307 0.01523953790367375
      vertex 0.03463027099133848 0.004944891408189687 0.01521195764244328
      vertex 0.03462293410479303 -7.432223547709782e-10 0.015214036652453047
    endloop
  endfacet
  facet normal 0.0 0.0 0.0
    outer loop
      vertex 0.03463027099133848 0.004944891408189687 0.01521195764244328
      vertex 0.0347351970879297 0.004953374726639742 0.01517933053673039
      vertex 0.03473251860831966 -7.424058665606026e-10 0.015180234619982344
    endloop
  endfacet
  facet normal 0.0 0.0 0.0
    outer loop
      vertex 0.03473251860831966 -7.424058665606026e-10 0.015180234619982344
      vertex 0.0347351970879297 0.004953374726639742 0.01517933053673039
      vertex 0.03484028506538893 -7.416029212947706e-10 0.01514100808799992
    endloop
  endfacet
  facet normal 0.0 0.0 0.0
    outer loop
      vertex 0.0347351970879297 0.004953374726639742 0.01517933053673039
      vertex 0.034838442705367456 0.004963150098865226 0.01514173288048039
      vertex 0.03484028506538893 -7.416029212947706e-10 0.01514100808799992
    endloop
  endfacet
  facet normal 0.0 0.0 0.0
    outer loop
      vertex 0.03484028506538893 -7.416029212947706e-10 0.01514100808799992
      vertex 0.034939775867397715 0.0049741959456779715 0.015099244782335859
      vertex 0.034945961038772025 1.9565827535927836e-09 0.015096463868029219
    endloop
  endfacet
  facet normal 0.0 0.0 0.0
    outer loop
      vertex 0.034838442705367456 0.004963150098865226 0.01514173288048039
      vertex 0.034939775867397715 0.0049741959456779715 0.015099244782335859
      vertex 0.03484028506538893 -7.416029212947706e-10 0.01514100808799992
    endloop
  endfacet
  facet normal 0.0 0.0 0.0
    outer loop
      vertex 0.034945961038772025 1.9565827535927836e-09 0.015096463868029219
      vertex 0.03503896459776643 0.004986490687889814 0.015051961609728437
      vertex 0.03504928488083348 -7.400457100459334e-10 0.015046704956896405
    endloop
  endfacet
  facet normal 0.0 0.0 0.0
    outer loop
      vertex 0.034939775867397715 0.0049741959456779715 0.015099244782335859
      vertex 0.03503896459776643 0.004986490687889814 0.015051961609728437
      vertex 0.034945961038772025 1.9565827535927836e-09 0.015096463868029219
    endloop
  endfacet
  facet normal 0.0 0.0 0.0
    outer loop
      vertex 0.03504928488083348 -7.400457100459334e-10 0.015046704956896405
      vertex 0.03513578231501626 0.005000001956719411 0.015000001618273359
      vertex 0.03515000033873426 -7.392952987572699e-10 0.01499185723961125
    endloop
  endfacet
  facet normal 0.0 0.0 0.0
    outer loop
      vertex 0.03503896459776643 0.004986490687889814 0.015051961609728437
      vertex 0.03513578231501626 0.005000001956719411 0.015000001618273359
      vertex 0.03504928488083348 -7.400457100459334e-10 0.015046704956896405
    endloop
  endfacet
  facet normal 0.0 0.0 0.0
    outer loop
      vertex 0.03515000033873426 -7.392952987572699e-10 0.01499185723961125
      vertex 0.03522884660262578 0.005000000608713661 0.014944207856066328
      vertex 0.035247856554432064 -7.38566193092538e-10 0.014932058045275313
    endloop
  endfacet
  facet normal 0.0 0.0 0.0
    outer loop
      vertex 0.03513578231501626 0.005000001956719411 0.015000001618273359
      vertex 0.03522884660262578 0.005000000608713661 0.014944207856066328
      vertex 0.03515000033873426 -7.392952987572699e-10 0.01499185723961125
    endloop
  endfacet
  facet normal 0.0 0.0 0.0
    outer loop
      vertex 0.035247856554432064 -7.38566193092538e-10 0.014932058045275313
      vertex 0.03531917707705348 0.005000000609386696 0.014884084412462813
      vertex 0.03534261076207947 -7.378602013830004e-10 0.014867456147081952
    endloop
  endfacet
  facet normal 0.0 0.0 0.0
    outer loop
      vertex 0.03522884660262578 0.005000000608713661 0.014944207856066328
      vertex 0.03531917707705348 0.005000000609386696 0.014884084412462813
      vertex 0.035247856554432064 -7.38566193092538e-10 0.014932058045275313
    endloop
  endfacet
  facet normal 0.0 0.0 0.0
    outer loop
      vertex 0.03534261076207947 -7.378602013830004e-10 0.014867456147081952
      vertex 0.03540657143342653 0.004999999261338699 0.014819768616564375
      vertex 0.03543402559062567 -7.371790893273556e-10 0.014798211762316328
    endloop
  endfacet
  facet normal 0.0 0.0 0.0
    outer loop
      vertex 0.03531917707705348 0.005000000609386696 0.014884084412462813
      vertex 0.03540657143342653 0.004999999261338699 0.014819768616564375
      vertex 0.03534261076207947 -7.378602013830004e-10 0.014867456147081952
    endloop
  endfacet
  facet normal 0.0 0.0 0.0
    outer loop
      vertex 0.03543402559062567 -7.371790893273556e-10 0.014798211762316328
      vertex 0.03549083276166866 0.004999999261966512 0.014751405426867108
      vertex 0.03552187985340964 -7.365245053847502e-10 0.01472449655235539
    endloop
  endfacet
  facet normal 0.0 0.0 0.0
    outer loop
      vertex 0.03540657143342653 0.004999999261338699 0.014819768616564375
      vertex 0.03549083276166866 0.004999999261966512 0.014751405426867108
      vertex 0.03543402559062567 -7.371790893273556e-10 0.014798211762316328
    endloop
  endfacet
  facet normal 0.0 0.0 0.0
    outer loop
      vertex 0.03552187985340964 -7.365245053847502e-10 0.01472449655235539
      vertex 0.03557177763869515 0.005000000611268766 0.014679139801867108
      vertex 0.03560594696897384 -7.358981370941819e-10 0.01464649362266789
    endloop
  endfacet
  facet normal 0.0 0.0 0.0
    outer loop
      vertex 0.03549083276166866 0.004999999261966512 0.014751405426867108
      vertex 0.03557177763869515 0.005000000611268766 0.014679139801867108
      vertex 0.03552187985340964 -7.365245053847502e-10 0.01472449655235539
    endloop
  endfacet
  facet normal 0.0 0.0 0.0
    outer loop
      vertex 0.03560594696897384 -7.358981370941819e-10 0.01464649362266789
      vertex 0.03564922533881962 0.005000000611845811 0.014603139588244062
      vertex 0.03568601923764876 1.962096767726962e-09 0.014564397522814375
    endloop
  endfacet
  facet normal 0.0 0.0 0.0
    outer loop
      vertex 0.03557177763869515 0.005000000611268766 0.014679139801867108
      vertex 0.03564922533881962 0.005000000611845811 0.014603139588244062
      vertex 0.03560594696897384 -7.358981370941819e-10 0.01464649362266789
    endloop
  endfacet
  facet normal 0.0 0.0 0.0
    outer loop
      vertex 0.03568601923764876 1.962096767726962e-09 0.014564397522814375
      vertex 0.03572299918245309 0.005000000612395485 0.014523572632677655
      vertex 0.0357619024467565 1.9626621572399473e-09 0.014478410431749921
    endloop
  endfacet
  facet normal 0.0 0.0 0.0
    outer loop
      vertex 0.03564922533881962 0.005000000611845811 0.014603139588244062
      vertex 0.03572299918245309 0.005000000612395485 0.014523572632677655
      vertex 0.03568601923764876 1.962096767726962e-09 0.014564397522814375
    endloop
  endfacet
  facet normal 0.0 0.0 0.0
    outer loop
      vertex 0.0357619024467565 1.9626621572399473e-09 0.014478410431749921
      vertex 0.035792941371794756 0.004999999264217456 0.014440610596544843
      vertex 0.03583340508101742 1.9631949079723655e-09 0.014388749787218671
    endloop
  endfacet
  facet normal 0.0 0.0 0.0
    outer loop
      vertex 0.03572299918245309 0.005000000612395485 0.014523572632677655
      vertex 0.035792941371794756 0.004999999264217456 0.014440610596544843
      vertex 0.0357619024467565 1.9626621572399473e-09 0.014478410431749921
    endloop
  endfacet
  facet normal 0.0 0.0 0.0
    outer loop
      vertex 0.03583340508101742 1.9631949079723655e-09 0.014388749787218671
      vertex 0.035858892760344596 0.0049999992647088475 0.01435444802940617
      vertex 0.03590034911214339 1.963693691209301e-09 0.01429563684166203
    endloop
  endfacet
  facet normal 0.0 0.0 0.0
    outer loop
      vertex 0.035792941371794756 0.004999999264217456 0.014440610596544843
      vertex 0.035858892760344596 0.0049999992647088475 0.01435444802940617
      vertex 0.03583340508101742 1.9631949079723655e-09 0.014388749787218671
    endloop
  endfacet
  facet normal 0.0 0.0 0.0
    outer loop
      vertex 0.03590034911214339 1.963693691209301e-09 0.01429563684166203
      vertex 0.03592070633989503 0.004999999265169405 0.014265264222033124
      vertex 0.035962569998837866 -7.332410199012429e-10 0.014199300476915937
    endloop
  endfacet
  facet normal 0.0 0.0 0.0
    outer loop
      vertex 0.035858892760344596 0.0049999992647088475 0.01435444802940617
      vertex 0.03592070633989503 0.004999999265169405 0.014265264222033124
      vertex 0.03590034911214339 1.963693691209301e-09 0.01429563684166203
    endloop
  endfacet
  facet normal 0.0 0.0 0.0
    outer loop
      vertex 0.035962569998837866 -7.332410199012429e-10 0.014199300476915937
      vertex 0.03597824319443337 0.005000000614297255 0.014173268982775312
      vertex 0.036019911291999114 -7.328137812123714e-10 0.01409998483360539
    endloop
  endfacet
  facet normal 0.0 0.0 0.0
    outer loop
      vertex 0.03592070633989503 0.004999999265169405 0.014265264222033124
      vertex 0.03597824319443337 0.005000000614297255 0.014173268982775312
      vertex 0.035962569998837866 -7.332410199012429e-10 0.014199300476915937
    endloop
  endfacet
  facet normal 0.0 0.0 0.0
    outer loop
      vertex 0.036019911291999114 -7.328137812123714e-10 0.01409998483360539
      vertex 0.0360313765462393 0.005000000614693139 0.014078660675890546
      vertex 0.03607223002951702 -7.324239632566787e-10 0.013997934052355391
    endloop
  endfacet
  facet normal 0.0 0.0 0.0
    outer loop
      vertex 0.03597824319443337 0.005000000614297255 0.014173268982775312
      vertex 0.0360313765462393 0.005000000614693139 0.014078660675890546
      vertex 0.036019911291999114 -7.328137812123714e-10 0.01409998483360539
    endloop
  endfacet
  facet normal 0.0 0.0 0.0
    outer loop
      vertex 0.03607223002951702 -7.324239632566787e-10 0.013997934052355391
      vertex 0.03607999310458402 0.00499999926635622 0.013981652924425703
      vertex 0.036119396736272964 -7.320725359249991e-10 0.013893399903185468
    endloop
  endfacet
  facet normal 0.0 0.0 0.0
    outer loop
      vertex 0.0360313765462393 0.005000000614693139 0.014078660675890546
      vertex 0.03607999310458402 0.00499999926635622 0.013981652924425703
      vertex 0.03607223002951702 -7.324239632566787e-10 0.013997934052355391
    endloop
  endfacet
  facet normal 0.0 0.0 0.0
    outer loop
      vertex 0.036119396736272964 -7.320725359249991e-10 0.013893399903185468
      vertex 0.03612397688134041 0.004999999266683931 0.01388245553673039
      vertex 0.03616129272674151 -7.31760380290325e-10 0.013786645600206952
    endloop
  endfacet
  facet normal 0.0 0.0 0.0
    outer loop
      vertex 0.03607999310458402 0.00499999926635622 0.013981652924425703
      vertex 0.03612397688134041 0.004999999266683931 0.01388245553673039
      vertex 0.036119396736272964 -7.320725359249991e-10 0.013893399903185468
    endloop
  endfacet
  facet normal 0.0 0.0 0.0
    outer loop
      vertex 0.03616129272674151 -7.31760380290325e-10 0.013786645600206952
      vertex 0.0361632307701695 0.005000000615675555 0.013781297394640546
      vertex 0.0361978181971854 1.965910069401389e-09 0.013677938172228437
    endloop
  endfacet
  facet normal 0.0 0.0 0.0
    outer loop
      vertex 0.03612397688134041 0.004999999266683931 0.01388245553673039
      vertex 0.0361632307701695 0.005000000615675555 0.013781297394640546
      vertex 0.03616129272674151 -7.31760380290325e-10 0.013786645600206952
    endloop
  endfacet
  facet normal 0.0 0.0 0.0
    outer loop
      vertex 0.0361632307701695 0.005000000615675555 0.013781297394640546
      vertex 0.03619767519782135 0.004999999267233042 0.013678403565294843
      vertex 0.0361978181971854 1.965910069401389e-09 0.013677938172228437
    endloop
  endfacet
  facet normal 0.0 0.0 0.0
    outer loop
      vertex 0.0361978181971854 1.965910069401389e-09 0.013677938172228437
      vertex 0.03621391623334962 0.004954944623470693 0.013623361298449141
      vertex 0.03622887873866401 -7.312568115480645e-10 0.01356754083336125
    endloop
  endfacet
  facet normal 0.0 0.0 0.0
    outer loop
      vertex 0.03619767519782135 0.004999999267233042 0.013678403565294843
      vertex 0.03621391623334962 0.004954944623470693 0.013623361298449141
      vertex 0.0361978181971854 1.965910069401389e-09 0.013677938172228437
    endloop
  endfacet
  facet normal 0.0 0.0 0.0
    outer loop
      vertex 0.03621391623334962 0.004954944623470693 0.013623361298449141
      vertex 0.03622877889831572 0.004913712193095831 0.013567933747179609
      vertex 0.03622887873866401 -7.312568115480645e-10 0.01356754083336125
    endloop
  endfacet
  facet normal 0.0 0.0 0.0
    outer loop
      vertex 0.03622887873866401 -7.312568115480645e-10 0.01356754083336125
      vertex 0.03624096844150661 0.004879894910640664 0.013517747589953047
      vertex 0.03625439612662645 -7.310666845228298e-10 0.013455735871203047
    endloop
  endfacet
  facet normal 0.0 0.0 0.0
    outer loop
      vertex 0.03622877889831572 0.004913712193095831 0.013567933747179609
      vertex 0.03624096844150661 0.004879894910640664 0.013517747589953047
      vertex 0.03622887873866401 -7.312568115480645e-10 0.01356754083336125
    endloop
  endfacet
  facet normal 0.0 0.0 0.0
    outer loop
      vertex 0.03624096844150661 0.004879894910640664 0.013517747589953047
      vertex 0.036250974440724705 0.004852137333460726 0.013472352692492109
      vertex 0.03625439612662645 -7.310666845228298e-10 0.013455735871203047
    endloop
  endfacet
  facet normal 0.0 0.0 0.0
    outer loop
      vertex 0.036250974440724705 0.004852137333460726 0.013472352692492109
      vertex 0.036260060627101895 0.004826928797671879 0.01342676706016789
      vertex 0.03625439612662645 -7.310666845228298e-10 0.013455735871203047
    endloop
  endfacet
  facet normal 0.0 0.0 0.0
    outer loop
      vertex 0.03625439612662645 -7.310666845228298e-10 0.013455735871203047
      vertex 0.03626822160584147 0.004804285487663904 0.013381005951769453
      vertex 0.03627431101831 1.9664799992824556e-09 0.013342797943956953
    endloop
  endfacet
  facet normal 0.0 0.0 0.0
    outer loop
      vertex 0.036260060627101895 0.004826928797671879 0.01342676706016789
      vertex 0.03626822160584147 0.004804285487663904 0.013381005951769453
      vertex 0.03625439612662645 -7.310666845228298e-10 0.013455735871203047
    endloop
  endfacet
  facet normal 0.0 0.0 0.0
    outer loop
      vertex 0.03626822160584147 0.004804285487663904 0.013381005951769453
      vertex 0.03627477763255652 0.0047861009770416366 0.013339688965685468
      vertex 0.03627431101831 1.9664799992824556e-09 0.013342797943956953
    endloop
  endfacet
  facet normal 0.0 0.0 0.0
    outer loop
      vertex 0.03627431101831 1.9664799992824556e-09 0.013342797943956953
      vertex 0.03628003351326186 0.004771520190544756 0.013302407929308514
      vertex 0.03628857216314696 -7.308120473226154e-10 0.013229005524523359
    endloop
  endfacet
  facet normal 0.0 0.0 0.0
    outer loop
      vertex 0.03627477763255652 0.0047861009770416366 0.013339688965685468
      vertex 0.03628003351326186 0.004771520190544756 0.013302407929308514
      vertex 0.03627431101831 1.9664799992824556e-09 0.013342797943956953
    endloop
  endfacet
  facet normal 0.0 0.0 0.0
    outer loop
      vertex 0.03628003351326186 0.004771520190544756 0.013302407929308514
      vertex 0.0362846770845394 0.004758636067576968 0.013265042969591719
      vertex 0.03628857216314696 -7.308120473226154e-10 0.013229005524523359
    endloop
  endfacet
  facet normal 0.0 0.0 0.0
    outer loop
      vertex 0.0362846770845394 0.004758636067576968 0.013265042969591719
      vertex 0.036288712392486586 0.004747447259439148 0.01322760934532414
      vertex 0.03628857216314696 -7.308120473226154e-10 0.013229005524523359
    endloop
  endfacet
  facet normal 0.0 0.0 0.0
    outer loop
      vertex 0.036288712392486586 0.004747447259439148 0.01322760934532414
      vertex 0.03629213134490847 0.0047379618583261555 0.013190114685900312
      vertex 0.03628857216314696 -7.308120473226154e-10 0.013229005524523359
    endloop
  endfacet
  facet normal 0.0 0.0 0.0
    outer loop
      vertex 0.03629213134490847 0.0047379618583261555 0.013190114685900312
      vertex 0.03629493529050417 0.004730181212937147 0.013152566620714765
      vertex 0.03628857216314696 -7.308120473226154e-10 0.013229005524523359
    endloop
  endfacet
  facet normal 0.0 0.0 0.0
    outer loop
      vertex 0.03628857216314696 -7.308120473226154e-10 0.013229005524523359
      vertex 0.03629493529050417 0.004730181212937147 0.013152566620714765
      vertex 0.03629714179756095 1.96665010676611e-09 0.013114644715197186
    endloop
  endfacet
  facet normal 0.0 0.0 0.0
    outer loop
      vertex 0.03629493529050417 0.004730181212937147 0.013152566620714765
      vertex 0.036297124229273704 0.004724105323272125 0.013114980408556562
      vertex 0.03629714179756095 1.96665010676611e-09 0.013114644715197186
    endloop
  endfacet
  facet normal 0.0 0.0 0.0
    outer loop
      vertex 0.036297124229273704 0.004724105323272125 0.013114980408556562
      vertex 0.036298698161217016 0.0047197395841277 0.013077359864122968
      vertex 0.03629714179756095 1.96665010676611e-09 0.013114644715197186
    endloop
  endfacet
  facet normal 0.0 0.0 0.0
    outer loop
      vertex 0.036298698161217016 0.0047197395841277 0.013077359864122968
      vertex 0.03629965708633416 0.004717078600707262 0.013039720246203047
      vertex 0.03629714179756095 1.96665010676611e-09 0.013114644715197186
    endloop
  endfacet
  facet normal 0.0 0.0 0.0
    outer loop
      vertex 0.03629714179756095 1.96665010676611e-09 0.013114644715197186
      vertex 0.03629965708633416 0.004717078600707262 0.013039720246203047
      vertex 0.03630000103976394 1.966671412390042e-09 0.013000001618273358
    endloop
  endfacet
  facet normal 0.0 0.0 0.0
    outer loop
      vertex 0.03629965708633416 0.004717078600707262 0.013039720246203047
      vertex 0.036299914687877584 0.00471636513885759 0.013019860932238203
      vertex 0.03630000103976394 1.966671412390042e-09 0.013000001618273358
    endloop
  endfacet
  facet normal 0.0 0.0 0.0
    outer loop
      vertex 0.036299914687877584 0.00471636513885759 0.013019860932238203
      vertex 0.036300001004625104 0.00471612776780742 0.013000001618273358
      vertex 0.03630000103976394 1.966671412390042e-09 0.013000001618273358
    endloop
  endfacet
  facet normal 0.0 0.0 0.0
    outer loop
      vertex 0.036300001004625104 0.00471612776780742 0.013000001618273358
      vertex 0.036300001004625104 0.00471612776780742 0.007999999710924726
      vertex 0.03630000103976394 1.966671412390042e-09 0.013000001618273358
    endloop
  endfacet
  facet normal 0.0 0.0 0.0
    outer loop
      vertex 0.03630000103976394 1.966671412390042e-09 0.013000001618273358
      vertex 0.036300001004625104 0.00471612776780742 0.007999999710924726
      vertex 0.03630000103976394 1.966671412390042e-09 0.007999999710924726
    endloop
  endfacet
  facet normal 0.0 0.0 0.0
    outer loop
      vertex 0.036300001004625104 0.00471612776780742 0.007999999710924726
      vertex 0.03629969080381369 0.004716982843067699 0.007962350556261641
      vertex 0.03630000103976394 1.966671412390042e-09 0.007999999710924726
    endloop
  endfacet
  facet normal 0.0 0.0 0.0
    outer loop
      vertex 0.03630000103976394 1.966671412390042e-09 0.007999999710924726
      vertex 0.036298769642273535 0.0047195467201494486 0.007924710938341718
      vertex 0.03629714179756095 1.96665010676611e-09 0.007885354706652265
    endloop
  endfacet
  facet normal 0.0 0.0 0.0
    outer loop
      vertex 0.03629969080381369 0.004716982843067699 0.007962350556261641
      vertex 0.036298769642273535 0.0047195467201494486 0.007924710938341718
      vertex 0.03630000103976394 1.966671412390042e-09 0.007999999710924726
    endloop
  endfacet
  facet normal 0.0 0.0 0.0
    outer loop
      vertex 0.036298769642273535 0.0047195467201494486 0.007924710938341718
      vertex 0.03629722807911055 0.004723820747751754 0.007887090393908124
      vertex 0.03629714179756095 1.96665010676611e-09 0.007885354706652265
    endloop
  endfacet
  facet normal 0.0 0.0 0.0
    outer loop
      vertex 0.03629722807911055 0.004723820747751754 0.007887090393908124
      vertex 0.03629507016042222 0.004729803577175495 0.007849500367052656
      vertex 0.03629714179756095 1.96665010676611e-09 0.007885354706652265
    endloop
  endfacet
  facet normal 0.0 0.0 0.0
    outer loop
      vertex 0.03629714179756095 1.96665010676611e-09 0.007885354706652265
      vertex 0.03629230128100518 0.004737489813624098 0.007811952301867109
      vertex 0.03628857216314696 -7.308120473226154e-10 0.007770993897326093
    endloop
  endfacet
  facet normal 0.0 0.0 0.0
    outer loop
      vertex 0.03629507016042222 0.004729803577175495 0.007849500367052656
      vertex 0.03629230128100518 0.004737489813624098 0.007811952301867109
      vertex 0.03629714179756095 1.96665010676611e-09 0.007885354706652265
    endloop
  endfacet
  facet normal 0.0 0.0 0.0
    outer loop
      vertex 0.03629230128100518 0.004737489813624098 0.007811952301867109
      vertex 0.0362889133486645 0.004746882154495813 0.007774453827746015
      vertex 0.03628857216314696 -7.308120473226154e-10 0.007770993897326093
    endloop
  endfacet
  facet normal 0.0 0.0 0.0
    outer loop
      vertex 0.0362889133486645 0.004746882154495813 0.007774453827746015
      vertex 0.0362849158042943 0.0047579738562949425 0.007737014481432538
      vertex 0.03628857216314696 -7.308120473226154e-10 0.007770993897326093
    endloop
  endfacet
  facet normal 0.0 0.0 0.0
    outer loop
      vertex 0.03628857216314696 -7.308120473226154e-10 0.007770993897326093
      vertex 0.036280304601797105 0.0047707662677206105 0.007699647614367109
      vertex 0.03627431101831 1.9664799992824556e-09 0.007657203385241132
    endloop
  endfacet
  facet normal 0.0 0.0 0.0
    outer loop
      vertex 0.0362849158042943 0.0047579738562949425 0.007737014481432538
      vertex 0.036280304601797105 0.0047707662677206105 0.007699647614367109
      vertex 0.03628857216314696 -7.308120473226154e-10 0.007770993897326093
    endloop
  endfacet
  facet normal 0.0 0.0 0.0
    outer loop
      vertex 0.036280304601797105 0.0047707662677206105 0.007699647614367109
      vertex 0.036275081089872104 0.0047852553426753755 0.007662358948595624
      vertex 0.03627431101831 1.9664799992824556e-09 0.007657203385241132
    endloop
  endfacet
  facet normal 0.0 0.0 0.0
    outer loop
      vertex 0.036275081089872104 0.0047852553426753755 0.007662358948595624
      vertex 0.0362692493146168 0.0048014343376634955 0.007625163742907148
      vertex 0.03627431101831 1.9664799992824556e-09 0.007657203385241132
    endloop
  endfacet
  facet normal 0.0 0.0 0.0
    outer loop
      vertex 0.03627431101831 1.9664799992824556e-09 0.007657203385241132
      vertex 0.03626281062473038 0.004819299206587532 0.007588065811998944
      vertex 0.03625439612662645 -7.310666845228298e-10 0.007544263550646406
    endloop
  endfacet
  facet normal 0.0 0.0 0.0
    outer loop
      vertex 0.0362692493146168 0.0048014343376634955 0.007625163742907148
      vertex 0.03626281062473038 0.004819299206587532 0.007588065811998944
      vertex 0.03627431101831 1.9664799992824556e-09 0.007657203385241132
    endloop
  endfacet
  facet normal 0.0 0.0 0.0
    outer loop
      vertex 0.03626281062473038 0.004819299206587532 0.007588065811998944
      vertex 0.036255763671513695 0.004838848600748321 0.007551080414660078
      vertex 0.03625439612662645 -7.310666845228298e-10 0.007544263550646406
    endloop
  endfacet
  facet normal 0.0 0.0 0.0
    outer loop
      vertex 0.036255763671513695 0.004838848600748321 0.007551080414660078
      vertex 0.036248113849763446 0.004860071730552683 0.007514215180285078
      vertex 0.03625439612662645 -7.310666845228298e-10 0.007544263550646406
    endloop
  endfacet
  facet normal 0.0 0.0 0.0
    outer loop
      vertex 0.03625439612662645 -7.310666845228298e-10 0.007544263550646406
      vertex 0.03623986115947963 0.004882968596000614 0.007477479645617109
      vertex 0.03622887873866401 -7.312568115480645e-10 0.007432458588488203
    endloop
  endfacet
  facet normal 0.0 0.0 0.0
    outer loop
      vertex 0.036248113849763446 0.004860071730552683 0.007514215180285078
      vertex 0.03623986115947963 0.004882968596000614 0.007477479645617109
      vertex 0.03625439612662645 -7.310666845228298e-10 0.007544263550646406
    endloop
  endfacet
  facet normal 0.0 0.0 0.0
    outer loop
      vertex 0.03623986115947963 0.004882968596000614 0.007477479645617109
      vertex 0.03623100694936146 0.004907529756198062 0.0074408833473993356
      vertex 0.03622887873866401 -7.312568115480645e-10 0.007432458588488203
    endloop
  endfacet
  facet normal 0.0 0.0 0.0
    outer loop
      vertex 0.03623100694936146 0.004907529756198062 0.0074408833473993356
      vertex 0.0362215566142056 0.004933749816348461 0.007404437729723554
      vertex 0.03622887873866401 -7.312568115480645e-10 0.007432458588488203
    endloop
  endfacet
  facet normal 0.0 0.0 0.0
    outer loop
      vertex 0.03622887873866401 -7.312568115480645e-10 0.007432458588488203
      vertex 0.03621150880531293 0.004961622032956033 0.007368152329332929
      vertex 0.0361978181971854 1.965910069401389e-09 0.0073220631569696475
    endloop
  endfacet
  facet normal 0.0 0.0 0.0
    outer loop
      vertex 0.0362215566142056 0.004933749816348461 0.007404437729723554
      vertex 0.03621150880531293 0.004961622032956033 0.007368152329332929
      vertex 0.03622887873866401 -7.312568115480645e-10 0.007432458588488203
    endloop
  endfacet
  facet normal 0.0 0.0 0.0
    outer loop
      vertex 0.03621150880531293 0.004961622032956033 0.007368152329332929
      vertex 0.03620471540754211 0.00498047010355949 0.007344838806994062
      vertex 0.0361978181971854 1.965910069401389e-09 0.0073220631569696475
    endloop
  endfacet
  facet normal 0.0 0.0 0.0
    outer loop
      vertex 0.0361978181971854 1.965910069401389e-09 0.0073220631569696475
      vertex 0.03619767519782135 0.004999999267233042 0.007321597763903242
      vertex 0.03616129272674151 -7.31760380290325e-10 0.007213353821642499
    endloop
  endfacet
  facet normal 0.0 0.0 0.0
    outer loop
      vertex 0.03620471540754211 0.00498047010355949 0.007344838806994062
      vertex 0.03619767519782135 0.004999999267233042 0.007321597763903242
      vertex 0.0361978181971854 1.965910069401389e-09 0.0073220631569696475
    endloop
  endfacet
  facet normal 0.0 0.0 0.0
    outer loop
      vertex 0.03616129272674151 -7.31760380290325e-10 0.007213353821642499
      vertex 0.036161130845589314 0.004999999266960758 0.007212903687365156
      vertex 0.036119396736272964 -7.320725359249991e-10 0.007106599518663984
    endloop
  endfacet
  facet normal 0.0 0.0 0.0
    outer loop
      vertex 0.03619767519782135 0.004999999267233042 0.007321597763903242
      vertex 0.036161130845589314 0.004999999266960758 0.007212903687365156
      vertex 0.03616129272674151 -7.31760380290325e-10 0.007213353821642499
    endloop
  endfacet
  facet normal 0.0 0.0 0.0
    outer loop
      vertex 0.036161130845589314 0.004999999266960758 0.007212903687365156
      vertex 0.036119213275934314 0.0049999992666484375 0.007106166550524335
      vertex 0.036119396736272964 -7.320725359249991e-10 0.007106599518663984
    endloop
  endfacet
  facet normal 0.0 0.0 0.0
    outer loop
      vertex 0.036119396736272964 -7.320725359249991e-10 0.007106599518663984
      vertex 0.036119213275934314 0.0049999992666484375 0.007106166550524335
      vertex 0.03607223002951702 -7.324239632566787e-10 0.0070020672768426944
    endloop
  endfacet
  facet normal 0.0 0.0 0.0
    outer loop
      vertex 0.036119213275934314 0.0049999992666484375 0.007106166550524335
      vertex 0.03607203038478855 0.004999999266296891 0.007001651474840742
      vertex 0.03607223002951702 -7.324239632566787e-10 0.0070020672768426944
    endloop
  endfacet
  facet normal 0.0 0.0 0.0
    outer loop
      vertex 0.03607223002951702 -7.324239632566787e-10 0.0070020672768426944
      vertex 0.03607203038478855 0.004999999266296891 0.007001651474840742
      vertex 0.036019911291999114 -7.328137812123714e-10 0.006900016495592695
    endloop
  endfacet
  facet normal 0.0 0.0 0.0
    outer loop
      vertex 0.036019911291999114 -7.328137812123714e-10 0.006900016495592695
      vertex 0.03601969546288082 0.0049999992659069525 0.006899617859728437
      vertex 0.035962569998837866 -7.332410199012429e-10 0.006800698944933515
    endloop
  endfacet
  facet normal 0.0 0.0 0.0
    outer loop
      vertex 0.03607203038478855 0.004999999266296891 0.007001651474840742
      vertex 0.03601969546288082 0.0049999992659069525 0.006899617859728437
      vertex 0.036019911291999114 -7.328137812123714e-10 0.006900016495592695
    endloop
  endfacet
  facet normal 0.0 0.0 0.0
    outer loop
      vertex 0.035962569998837866 -7.332410199012429e-10 0.006800698944933515
      vertex 0.03596233798532973 0.004999999265479593 0.006800319382555585
      vertex 0.03590034911214339 1.963693691209301e-09 0.006704364487536054
    endloop
  endfacet
  facet normal 0.0 0.0 0.0
    outer loop
      vertex 0.03601969546288082 0.0049999992659069525 0.006899617859728437
      vertex 0.03596233798532973 0.004999999265479593 0.006800319382555585
      vertex 0.035962569998837866 -7.332410199012429e-10 0.006800698944933515
    endloop
  endfacet
  facet normal 0.0 0.0 0.0
    outer loop
      vertex 0.03590034911214339 1.963693691209301e-09 0.006704364487536054
      vertex 0.0359001049603429 0.005000000613715064 0.006704003998644453
      vertex 0.03583340508101742 1.9631949079723655e-09 0.006611249634630781
    endloop
  endfacet
  facet normal 0.0 0.0 0.0
    outer loop
      vertex 0.03596233798532973 0.004999999265479593 0.006800319382555585
      vertex 0.0359001049603429 0.005000000613715064 0.006704003998644453
      vertex 0.03590034911214339 1.963693691209301e-09 0.006704364487536054
    endloop
  endfacet
  facet normal 0.0 0.0 0.0
    outer loop
      vertex 0.03583340508101742 1.9631949079723655e-09 0.006611249634630781
      vertex 0.03583314879092457 0.004999999264517033 0.00661091012657414
      vertex 0.0357619024467565 1.9626621572399473e-09 0.006521588990099531
    endloop
  endfacet
  facet normal 0.0 0.0 0.0
    outer loop
      vertex 0.0359001049603429 0.005000000613715064 0.006704003998644453
      vertex 0.03583314879092457 0.004999999264517033 0.00661091012657414
      vertex 0.03583340508101742 1.9631949079723655e-09 0.006611249634630781
    endloop
  endfacet
  facet normal 0.0 0.0 0.0
    outer loop
      vertex 0.0357619024467565 1.9626621572399473e-09 0.006521588990099531
      vertex 0.03576163536707043 0.004999999263984202 0.006521268555529218
      vertex 0.03568601923764876 1.962096767726962e-09 0.006435601899035077
    endloop
  endfacet
  facet normal 0.0 0.0 0.0
    outer loop
      vertex 0.03583314879092457 0.004999999264517033 0.00661091012657414
      vertex 0.03576163536707043 0.004999999263984202 0.006521268555529218
      vertex 0.0357619024467565 1.9626621572399473e-09 0.006521588990099531
    endloop
  endfacet
  facet normal 0.0 0.0 0.0
    outer loop
      vertex 0.03568601923764876 1.962096767726962e-09 0.006435601899035077
      vertex 0.03568574136836947 0.004999999263418733 0.006435302445299726
      vertex 0.03560594696897384 -7.358981370941819e-10 0.006353505799181562
    endloop
  endfacet
  facet normal 0.0 0.0 0.0
    outer loop
      vertex 0.03576163536707043 0.004999999263984202 0.006521268555529218
      vertex 0.03568574136836947 0.004999999263418733 0.006435302445299726
      vertex 0.03568601923764876 1.962096767726962e-09 0.006435601899035077
    endloop
  endfacet
  facet normal 0.0 0.0 0.0
    outer loop
      vertex 0.03560594696897384 -7.358981370941819e-10 0.006353505799181562
      vertex 0.03560565696140215 0.005000000611521195 0.0063532254189325385
      vertex 0.03552187985340964 -7.365245053847502e-10 0.006275502869494062
    endloop
  endfacet
  facet normal 0.0 0.0 0.0
    outer loop
      vertex 0.03568574136836947 0.004999999263418733 0.006435302445299726
      vertex 0.03560565696140215 0.005000000611521195 0.0063532254189325385
      vertex 0.03560594696897384 -7.358981370941819e-10 0.006353505799181562
    endloop
  endfacet
  facet normal 0.0 0.0 0.0
    outer loop
      vertex 0.03552187985340964 -7.365245053847502e-10 0.006275502869494062
      vertex 0.03552158310234221 0.004999999262195626 0.00627524347008
      vertex 0.03543402559062567 -7.371790893273556e-10 0.006201787659533125
    endloop
  endfacet
  facet normal 0.0 0.0 0.0
    outer loop
      vertex 0.03560565696140215 0.005000000611521195 0.0063532254189325385
      vertex 0.03552158310234221 0.004999999262195626 0.00627524347008
      vertex 0.03552187985340964 -7.365245053847502e-10 0.006275502869494062
    endloop
  endfacet
  facet normal 0.0 0.0 0.0
    outer loop
      vertex 0.03543402559062567 -7.371790893273556e-10 0.006201787659533125
      vertex 0.035433724793460755 0.005000000610240166 0.00620154733360539
      vertex 0.03534261076207947 -7.378602013830004e-10 0.006132543274767499
    endloop
  endfacet
  facet normal 0.0 0.0 0.0
    outer loop
      vertex 0.03552158310234221 0.004999999262195626 0.00627524347008
      vertex 0.035433724793460755 0.005000000610240166 0.00620154733360539
      vertex 0.03543402559062567 -7.371790893273556e-10 0.006201787659533125
    endloop
  endfacet
  facet normal 0.0 0.0 0.0
    outer loop
      vertex 0.03534261076207947 -7.378602013830004e-10 0.006132543274767499
      vertex 0.03534230457011796 0.005000000609559013 0.006132323929674726
      vertex 0.035247856554432064 -7.38566193092538e-10 0.00606794137657414
    endloop
  endfacet
  facet normal 0.0 0.0 0.0
    outer loop
      vertex 0.035433724793460755 0.005000000610240166 0.00620154733360539
      vertex 0.03534230457011796 0.005000000609559013 0.006132323929674726
      vertex 0.03534261076207947 -7.378602013830004e-10 0.006132543274767499
    endloop
  endfacet
  facet normal 0.0 0.0 0.0
    outer loop
      vertex 0.035247856554432064 -7.38566193092538e-10 0.00606794137657414
      vertex 0.03524754901377141 0.004999999260153858 0.006067741104967695
      vertex 0.03515000033873426 -7.392952987572699e-10 0.006008142182238203
    endloop
  endfacet
  facet normal 0.0 0.0 0.0
    outer loop
      vertex 0.03534230457011796 0.005000000609559013 0.006132323929674726
      vertex 0.03524754901377141 0.004999999260153858 0.006067741104967695
      vertex 0.035247856554432064 -7.38566193092538e-10 0.00606794137657414
    endloop
  endfacet
  facet normal 0.0 0.0 0.0
    outer loop
      vertex 0.03515000033873426 -7.392952987572699e-10 0.006008142182238203
      vertex 0.03514968875197613 0.005000000608123872 0.0060079628914667185
      vertex 0.03504928488083348 -7.400457100459334e-10 0.005953294464953046
    endloop
  endfacet
  facet normal 0.0 0.0 0.0
    outer loop
      vertex 0.03524754901377141 0.004999999260153858 0.006067741104967695
      vertex 0.03514968875197613 0.005000000608123872 0.0060079628914667185
      vertex 0.03515000033873426 -7.392952987572699e-10 0.006008142182238203
    endloop
  endfacet
  facet normal 0.0 0.0 0.0
    outer loop
      vertex 0.03504928488083348 -7.400457100459334e-10 0.005953294464953046
      vertex 0.035048971945376206 0.0049999992586743005 0.0059531361550165226
      vertex 0.034945961038772025 1.9565827535927836e-09 0.0059035374611688665
    endloop
  endfacet
  facet normal 0.0 0.0 0.0
    outer loop
      vertex 0.03514968875197613 0.005000000608123872 0.0060079628914667185
      vertex 0.035048971945376206 0.0049999992586743005 0.0059531361550165226
      vertex 0.03504928488083348 -7.400457100459334e-10 0.005953294464953046
    endloop
  endfacet
  facet normal 0.0 0.0 0.0
    outer loop
      vertex 0.034945961038772025 1.9565827535927836e-09 0.0059035374611688665
      vertex 0.03494565080071309 0.004999999257904479 0.005903396317370038
      vertex 0.03484028506538893 -7.416029212947706e-10 0.0058589913338495305
    endloop
  endfacet
  facet normal 0.0 0.0 0.0
    outer loop
      vertex 0.035048971945376206 0.0049999992586743005 0.0059531361550165226
      vertex 0.03494565080071309 0.004999999257904479 0.005903396317370038
      vertex 0.034945961038772025 1.9565827535927836e-09 0.0059035374611688665
    endloop
  endfacet
  facet normal 0.0 0.0 0.0
    outer loop
      vertex 0.03484028506538893 -7.416029212947706e-10 0.0058589913338495305
      vertex 0.03483997482732994 0.005000001954515415 0.005858869263537031
      vertex 0.03473251860831966 -7.424058665606026e-10 0.005819766709215741
    endloop
  endfacet
  facet normal 0.0 0.0 0.0
    outer loop
      vertex 0.03494565080071309 0.004999999257904479 0.005903396317370038
      vertex 0.03483997482732994 0.005000001954515415 0.005858869263537031
      vertex 0.03484028506538893 -7.416029212947706e-10 0.0058589913338495305
    endloop
  endfacet
  facet normal 0.0 0.0 0.0
    outer loop
      vertex 0.03473251860831966 -7.424058665606026e-10 0.005819766709215741
      vertex 0.03473221106765901 0.004999999256314185 0.00581966371238957
      vertex 0.03462293410479303 -7.432223547709782e-10 0.005785964676745039
    endloop
  endfacet
  facet normal 0.0 0.0 0.0
    outer loop
      vertex 0.03483997482732994 0.005000001954515415 0.005858869263537031
      vertex 0.03473221106765901 0.004999999256314185 0.00581966371238957
      vertex 0.03473251860831966 -7.424058665606026e-10 0.005819766709215741
    endloop
  endfacet
  facet normal 0.0 0.0 0.0
    outer loop
      vertex 0.03462293410479303 -7.432223547709782e-10 0.005785964676745039
      vertex 0.03462262926153066 0.005000001952896018 0.005785878846056562
      vertex 0.03451179859724118 1.9533479012068257e-09 0.00575766534508
    endloop
  endfacet
  facet normal 0.0 0.0 0.0
    outer loop
      vertex 0.03473221106765901 0.004999999256314185 0.00581966371238957
      vertex 0.03462262926153066 0.005000001952896018 0.005785878846056562
      vertex 0.03462293410479303 -7.432223547709782e-10 0.005785964676745039
    endloop
  endfacet
  facet normal 0.0 0.0 0.0
    outer loop
      vertex 0.03451179859724118 1.9533479012068257e-09 0.00575766534508
      vertex 0.03451149914877546 0.004999999254669706 0.005757596680529218
      vertex 0.03439938991768956 -7.448879379978735e-10 0.005734943100817304
    endloop
  endfacet
  facet normal 0.0 0.0 0.0
    outer loop
      vertex 0.03462262926153066 0.005000001952896018 0.005785878846056562
      vertex 0.03451149914877546 0.004999999254669706 0.005757596680529218
      vertex 0.03451179859724118 1.9533479012068257e-09 0.00575766534508
    endloop
  endfacet
  facet normal 0.0 0.0 0.0
    outer loop
      vertex 0.03439938991768956 -7.448879379978735e-10 0.005734943100817304
      vertex 0.03439909856141873 0.0049999992538322345 0.005734889695055585
      vertex 0.03428599129296009 -7.457328443649658e-10 0.005717849442370039
    endloop
  endfacet
  facet normal 0.0 0.0 0.0
    outer loop
      vertex 0.03451149914877546 0.004999999254669706 0.005757596680529218
      vertex 0.03439909856141873 0.0049999992538322345 0.005734889695055585
      vertex 0.03439938991768956 -7.448879379978735e-10 0.005734943100817304
    endloop
  endfacet
  facet normal 0.0 0.0 0.0
    outer loop
      vertex 0.03428599129296009 -7.457328443649658e-10 0.005717849442370039
      vertex 0.03428570263408754 0.00500000195038565 0.005717813202746015
      vertex 0.03417188055507817 -7.46583062039008e-10 0.005706432053454023
    endloop
  endfacet
  facet normal 0.0 0.0 0.0
    outer loop
      vertex 0.03439909856141873 0.0049999992538322345 0.005734889695055585
      vertex 0.03428570263408754 0.00500000195038565 0.005717813202746015
      vertex 0.03428599129296009 -7.457328443649658e-10 0.005717849442370039
    endloop
  endfacet
  facet normal 0.0 0.0 0.0
    outer loop
      vertex 0.03417188055507817 -7.46583062039008e-10 0.005706432053454023
      vertex 0.03417159998840057 0.004999999252137194 0.005706411072619062
      vertex 0.0340573409308658 1.94996183822127e-09 0.005700715729601484
    endloop
  endfacet
  facet normal 0.0 0.0 0.0
    outer loop
      vertex 0.03428570263408754 0.00500000195038565 0.005717813202746015
      vertex 0.03417159998840057 0.004999999252137194 0.005706411072619062
      vertex 0.03417188055507817 -7.46583062039008e-10 0.005706432053454023
    endloop
  endfacet
  facet normal 0.0 0.0 0.0
    outer loop
      vertex 0.0340573409308658 1.94996183822127e-09 0.005700715729601484
      vertex 0.03405706845638312 0.004999999251283841 0.005700708100206953
      vertex 0.033942661041941616 -7.482909261113946e-10 0.005700715729601484
    endloop
  endfacet
  facet normal 0.0 0.0 0.0
    outer loop
      vertex 0.03417159998840057 0.004999999252137194 0.005706411072619062
      vertex 0.03405706845638312 0.004999999251283841 0.005700708100206953
      vertex 0.0340573409308658 1.94996183822127e-09 0.005700715729601484
    endloop
  endfacet
  facet normal 0.0 0.0 0.0
    outer loop
      vertex 0.033942661041941616 -7.482909261113946e-10 0.005700715729601484
      vertex 0.03394239665965383 0.004999999250429447 0.005700721451647382
      vertex 0.033828121417729236 1.94825397059617e-09 0.005706432053454023
    endloop
  endfacet
  facet normal 0.0 0.0 0.0
    outer loop
      vertex 0.03405706845638312 0.004999999251283841 0.005700708100206953
      vertex 0.03394239665965383 0.004999999250429447 0.005700721451647382
      vertex 0.033942661041941616 -7.482909261113946e-10 0.005700715729601484
    endloop
  endfacet
  facet normal 0.0 0.0 0.0
    outer loop
      vertex 0.03394239665965383 0.004999999250429447 0.005700721451647382
      vertex 0.033827865127636386 0.004999999249576097 0.005706451126940351
      vertex 0.033828121417729236 1.94825397059617e-09 0.005706432053454023
    endloop
  endfacet
  facet normal 0.0 0.0 0.0
    outer loop
      vertex 0.033828121417729236 1.94825397059617e-09 0.005706432053454023
      vertex 0.033827865127636386 0.004999999249576097 0.005706451126940351
      vertex 0.03371401067984733 1.9474037564748415e-09 0.005717849442370039
    endloop
  endfacet
  facet normal 0.0 0.0 0.0
    outer loop
      vertex 0.033827865127636386 0.004999999249576097 0.005706451126940351
      vertex 0.033713765179347696 0.004999999248725963 0.005717879959948164
      vertex 0.03371401067984733 1.9474037564748415e-09 0.005717849442370039
    endloop
  endfacet
  facet normal 0.0 0.0 0.0
    outer loop
      vertex 0.03371401067984733 1.9474037564748415e-09 0.005717849442370039
      vertex 0.033713765179347696 0.004999999248725963 0.005717879959948164
      vertex 0.03360060935771958 -7.508394759270232e-10 0.005734943100817304
    endloop
  endfacet
  facet normal 0.0 0.0 0.0
    outer loop
      vertex 0.033713765179347696 0.004999999248725963 0.005717879959948164
      vertex 0.03360037464681312 0.00500000194527942 0.005734983155138593
      vertex 0.03360060935771958 -7.508394759270232e-10 0.005734943100817304
    endloop
  endfacet
  facet normal 0.0 0.0 0.0
    outer loop
      vertex 0.03360060935771958 -7.508394759270232e-10 0.005734943100817304
      vertex 0.03360037464681312 0.00500000194527942 0.005734983155138593
      vertex 0.03348820337556623 -7.516769926496636e-10 0.00575766534508
    endloop
  endfacet
  facet normal 0.0 0.0 0.0
    outer loop
      vertex 0.03360037464681312 0.00500000194527942 0.005734983155138593
      vertex 0.033487976756854713 0.004999999247043663 0.005757716843493086
      vertex 0.03348820337556623 -7.516769926496636e-10 0.00575766534508
    endloop
  endfacet
  facet normal 0.0 0.0 0.0
    outer loop
      vertex 0.03348820337556623 -7.516769926496636e-10 0.00575766534508
      vertex 0.033487976756854713 0.004999999247043663 0.005757716843493086
      vertex 0.03337706786801438 1.944893266880854e-09 0.005785964676745039
    endloop
  endfacet
  facet normal 0.0 0.0 0.0
    outer loop
      vertex 0.033487976756854713 0.004999999247043663 0.005757716843493086
      vertex 0.033376854736294405 0.004999999246215717 0.005786023804552656
      vertex 0.03337706786801438 1.944893266880854e-09 0.005785964676745039
    endloop
  endfacet
  facet normal 0.0 0.0 0.0
    outer loop
      vertex 0.03337706786801438 1.944893266880854e-09 0.005785964676745039
      vertex 0.033376854736294405 0.004999999246215717 0.005786023804552656
      vertex 0.03326748066708946 -7.53321547364294e-10 0.005819766709215741
    endloop
  endfacet
  facet normal 0.0 0.0 0.0
    outer loop
      vertex 0.033376854736294405 0.004999999246215717 0.005786023804552656
      vertex 0.033267278324962665 0.0050000019427975904 0.005819835373766523
      vertex 0.03326748066708946 -7.53321547364294e-10 0.005819766709215741
    endloop
  endfacet
  facet normal 0.0 0.0 0.0
    outer loop
      vertex 0.03326748066708946 -7.53321547364294e-10 0.005819766709215741
      vertex 0.033267278324962665 0.0050000019427975904 0.005819835373766523
      vertex 0.033159714210020196 -7.54124492630126e-10 0.0058589913338495305
    endloop
  endfacet
  facet normal 0.0 0.0 0.0
    outer loop
      vertex 0.033267278324962665 0.0050000019427975904 0.005819835373766523
      vertex 0.03315952535488495 0.0049999992445964436 0.005859065720446211
      vertex 0.033159714210020196 -7.54124492630126e-10 0.0058589913338495305
    endloop
  endfacet
  facet normal 0.0 0.0 0.0
    outer loop
      vertex 0.033159714210020196 -7.54124492630126e-10 0.0058589913338495305
      vertex 0.03315952535488495 0.0049999992445964436 0.005859065720446211
      vertex 0.033054040934035384 -7.549118414829081e-10 0.0059035374611688665
    endloop
  endfacet
  facet normal 0.0 0.0 0.0
    outer loop
      vertex 0.03315952535488495 0.0049999992445964436 0.005859065720446211
      vertex 0.03305386286849335 0.004999999243809175 0.0059036175698114444
      vertex 0.033054040934035384 -7.549118414829081e-10 0.0059035374611688665
    endloop
  endfacet
  facet normal 0.0 0.0 0.0
    outer loop
      vertex 0.033054040934035384 -7.549118414829081e-10 0.0059035374611688665
      vertex 0.03305386286849335 0.004999999243809175 0.0059036175698114444
      vertex 0.032950714394575656 -7.556817074316769e-10 0.005953294464953046
    endloop
  endfacet
  facet normal 0.0 0.0 0.0
    outer loop
      vertex 0.03305386286849335 0.004999999243809175 0.0059036175698114444
      vertex 0.032950547118626834 0.0049999992430393905 0.005953380295641523
      vertex 0.032950714394575656 -7.556817074316769e-10 0.005953294464953046
    endloop
  endfacet
  facet normal 0.0 0.0 0.0
    outer loop
      vertex 0.032950714394575656 -7.556817074316769e-10 0.005953294464953046
      vertex 0.032950547118626834 0.0049999992430393905 0.005953380295641523
      vertex 0.03284999893667487 -7.564321151676268e-10 0.006008142182238203
    endloop
  endfacet
  facet normal 0.0 0.0 0.0
    outer loop
      vertex 0.032950547118626834 0.0049999992430393905 0.005953380295641523
      vertex 0.032849845147717556 0.0050000019396873865 0.006008231827623945
      vertex 0.03284999893667487 -7.564321151676268e-10 0.006008142182238203
    endloop
  endfacet
  facet normal 0.0 0.0 0.0
    outer loop
      vertex 0.03284999893667487 -7.564321151676268e-10 0.006008142182238203
      vertex 0.032849845147717556 0.0050000019396873865 0.006008231827623945
      vertex 0.03275214272097706 -7.571612208323586e-10 0.00606794137657414
    endloop
  endfacet
  facet normal 0.0 0.0 0.0
    outer loop
      vertex 0.032849845147717556 0.0050000019396873865 0.006008231827623945
      vertex 0.0327520024190113 0.004999999241560077 0.006068032929308515
      vertex 0.03275214272097706 -7.571612208323586e-10 0.00606794137657414
    endloop
  endfacet
  facet normal 0.0 0.0 0.0
    outer loop
      vertex 0.03275214272097706 -7.571612208323586e-10 0.00606794137657414
      vertex 0.0327520024190113 0.004999999241560077 0.006068032929308515
      vertex 0.03265738851332966 -7.578672125418961e-10 0.006132543274767499
    endloop
  endfacet
  facet normal 0.0 0.0 0.0
    outer loop
      vertex 0.03265738851332966 -7.578672125418961e-10 0.006132543274767499
      vertex 0.03265725900095711 0.004999999240854162 0.006132636734850507
      vertex 0.03256597368478347 -7.585483281502547e-10 0.006201787659533125
    endloop
  endfacet
  facet normal 0.0 0.0 0.0
    outer loop
      vertex 0.0327520024190113 0.004999999241560077 0.006068032929308515
      vertex 0.03265725900095711 0.004999999240854162 0.006132636734850507
      vertex 0.03265738851332966 -7.578672125418961e-10 0.006132543274767499
    endloop
  endfacet
  facet normal 0.0 0.0 0.0
    outer loop
      vertex 0.03256597368478347 -7.585483281502547e-10 0.006201787659533125
      vertex 0.03256585496200414 0.004999999240173132 0.0062018830269647655
      vertex 0.032478124816796086 -7.592028694602959e-10 0.006275502869494062
    endloop
  endfacet
  facet normal 0.0 0.0 0.0
    outer loop
      vertex 0.03265725900095711 0.004999999240854162 0.006132636734850507
      vertex 0.03256585496200414 0.004999999240173132 0.0062018830269647655
      vertex 0.03256597368478347 -7.585483281502547e-10 0.006201787659533125
    endloop
  endfacet
  facet normal 0.0 0.0 0.0
    outer loop
      vertex 0.032478124816796086 -7.592028694602959e-10 0.006275502869494062
      vertex 0.03247801418621165 0.005000001936916954 0.006275600144274336
      vertex 0.032394057701231896 -7.598292341981505e-10 0.006353505799181562
    endloop
  endfacet
  facet normal 0.0 0.0 0.0
    outer loop
      vertex 0.03256585496200414 0.004999999240173132 0.0062018830269647655
      vertex 0.03247801418621165 0.005000001936916954 0.006275600144274336
      vertex 0.032478124816796086 -7.592028694602959e-10 0.006275502869494062
    endloop
  endfacet
  facet normal 0.0 0.0 0.0
    outer loop
      vertex 0.032394057701231896 -7.598292341981505e-10 0.006353505799181562
      vertex 0.03239395786024068 0.005000001936290671 0.006353601166613203
      vertex 0.032313982735158654 -7.604258556170862e-10 0.006435601899035077
    endloop
  endfacet
  facet normal 0.0 0.0 0.0
    outer loop
      vertex 0.03247801418621165 0.005000001936916954 0.006275600144274336
      vertex 0.03239395786024068 0.005000001936290671 0.006353601166613203
      vertex 0.032394057701231896 -7.598292341981505e-10 0.006353505799181562
    endloop
  endfacet
  facet normal 0.0 0.0 0.0
    outer loop
      vertex 0.032313982735158654 -7.604258556170862e-10 0.006435601899035077
      vertex 0.032313893683760656 0.005000001935694128 0.006435697266466718
      vertex 0.03223809952605092 -7.609912451300715e-10 0.006521588990099531
    endloop
  endfacet
  facet normal 0.0 0.0 0.0
    outer loop
      vertex 0.03239395786024068 0.005000001936290671 0.006353601166613203
      vertex 0.032313893683760656 0.005000001935694128 0.006435697266466718
      vertex 0.032313982735158654 -7.604258556170862e-10 0.006435601899035077
    endloop
  endfacet
  facet normal 0.0 0.0 0.0
    outer loop
      vertex 0.03223809952605092 -7.609912451300715e-10 0.006521588990099531
      vertex 0.03223802126424613 0.0050000019351288194 0.006521680542833906
      vertex 0.032166596891789995 -7.615239958624897e-10 0.006611249634630781
    endloop
  endfacet
  facet normal 0.0 0.0 0.0
    outer loop
      vertex 0.032313893683760656 0.005000001935694128 0.006435697266466718
      vertex 0.03223802126424613 0.0050000019351288194 0.006521680542833906
      vertex 0.03223809952605092 -7.609912451300715e-10 0.006521588990099531
    endloop
  endfacet
  facet normal 0.0 0.0 0.0
    outer loop
      vertex 0.032166596891789995 -7.615239958624897e-10 0.006611249634630781
      vertex 0.03216652941957844 0.0050000019345961474 0.006611339280016523
      vertex 0.032099652860664026 -7.62022779099425e-10 0.006704364487536054
    endloop
  endfacet
  facet normal 0.0 0.0 0.0
    outer loop
      vertex 0.03223802126424613 0.0050000019351288194 0.006521680542833906
      vertex 0.03216652941957844 0.0050000019345961474 0.006611339280016523
      vertex 0.032166596891789995 -7.615239958624897e-10 0.006611249634630781
    endloop
  endfacet
  facet normal 0.0 0.0 0.0
    outer loop
      vertex 0.032099652860664026 -7.62022779099425e-10 0.006704364487536054
      vertex 0.0320995934806474 0.00499999923669912 0.0067044484108758975
      vertex 0.032037431973969556 1.934911928458405e-09 0.006800698944933515
    endloop
  endfacet
  facet normal 0.0 0.0 0.0
    outer loop
      vertex 0.03216652941957844 0.0050000019345961474 0.006611339280016523
      vertex 0.0320995934806474 0.00499999923669912 0.0067044484108758975
      vertex 0.032099652860664026 -7.62022779099425e-10 0.006704364487536054
    endloop
  endfacet
  facet normal 0.0 0.0 0.0
    outer loop
      vertex 0.032037431973969556 1.934911928458405e-09 0.006800698944933515
      vertex 0.03203738068614786 0.004999999236235585 0.006800779053576093
      vertex 0.0319800906808083 1.9344846897695336e-09 0.006900016495592695
    endloop
  endfacet
  facet normal 0.0 0.0 0.0
    outer loop
      vertex 0.0320995934806474 0.00499999923669912 0.0067044484108758975
      vertex 0.03203738068614786 0.004999999236235585 0.006800779053576093
      vertex 0.032037431973969556 1.934911928458405e-09 0.006800698944933515
    endloop
  endfacet
  facet normal 0.0 0.0 0.0
    outer loop
      vertex 0.0319800906808083 1.9344846897695336e-09 0.006900016495592695
      vertex 0.03198005018257982 0.004999999235808428 0.006900090882189375
      vertex 0.03192777194329039 1.9340948753665545e-09 0.0070020672768426944
    endloop
  endfacet
  facet normal 0.0 0.0 0.0
    outer loop
      vertex 0.03203738068614786 0.004999999236235585 0.006800779053576093
      vertex 0.03198005018257982 0.004999999235808428 0.006900090882189375
      vertex 0.0319800906808083 1.9344846897695336e-09 0.006900016495592695
    endloop
  endfacet
  facet normal 0.0 0.0 0.0
    outer loop
      vertex 0.03192777194329039 1.9340948753665545e-09 0.0070020672768426944
      vertex 0.03192773683985853 0.004999999235418652 0.007002135941393476
      vertex 0.03188060523653446 1.933743446258518e-09 0.007106599518663984
    endloop
  endfacet
  facet normal 0.0 0.0 0.0
    outer loop
      vertex 0.03198005018257982 0.004999999235808428 0.006900090882189375
      vertex 0.03192773683985853 0.004999999235418652 0.007002135941393476
      vertex 0.03192777194329039 1.9340948753665545e-09 0.0070020672768426944
    endloop
  endfacet
  facet normal 0.0 0.0 0.0
    outer loop
      vertex 0.03188060523653446 1.933743446258518e-09 0.007106599518663984
      vertex 0.03188057822529748 0.005000001932465587 0.007106662461168867
      vertex 0.03183870654866761 -7.639670371872853e-10 0.007213353821642499
    endloop
  endfacet
  facet normal 0.0 0.0 0.0
    outer loop
      vertex 0.03192773683985853 0.004999999235418652 0.007002135941393476
      vertex 0.03188057822529748 0.005000001932465587 0.007106662461168867
      vertex 0.03188060523653446 1.933743446258518e-09 0.007106599518663984
    endloop
  endfacet
  facet normal 0.0 0.0 0.0
    outer loop
      vertex 0.03183870654866761 -7.639670371872853e-10 0.007213353821642499
      vertex 0.03183868762962554 0.00500000193215347 0.007213409134752851
      vertex 0.03180218377562201 -7.642391590678698e-10 0.0073220631569696475
    endloop
  endfacet
  facet normal 0.0 0.0 0.0
    outer loop
      vertex 0.03188057822529748 0.005000001932465587 0.007106662461168867
      vertex 0.03183868762962554 0.00500000193215347 0.007213409134752851
      vertex 0.03183870654866761 -7.639670371872853e-10 0.007213353821642499
    endloop
  endfacet
  facet normal 0.0 0.0 0.0
    outer loop
      vertex 0.03180218377562201 -7.642391590678698e-10 0.0073220631569696475
      vertex 0.031802167553978265 0.0049999992344830595 0.007322112748034101
      vertex 0.031771123234143404 1.9329277201052265e-09 0.007432458588488203
    endloop
  endfacet
  facet normal 0.0 0.0 0.0
    outer loop
      vertex 0.03183868762962554 0.00500000193215347 0.007213409134752851
      vertex 0.031802167553978265 0.0049999992344830595 0.007322112748034101
      vertex 0.03180218377562201 -7.642391590678698e-10 0.0073220631569696475
    endloop
  endfacet
  facet normal 0.0 0.0 0.0
    outer loop
      vertex 0.031802167553978265 0.0049999992344830595 0.007322112748034101
      vertex 0.03177111240729626 0.0050000019316499816 0.0074324986428094915
      vertex 0.031771123234143404 1.9329277201052265e-09 0.007432458588488203
    endloop
  endfacet
  facet normal 0.0 0.0 0.0
    outer loop
      vertex 0.031771123234143404 1.9329277201052265e-09 0.007432458588488203
      vertex 0.03177111240729626 0.0050000019316499816 0.0074324986428094915
      vertex 0.031745603148782685 -7.646607294020669e-10 0.007544263550646406
    endloop
  endfacet
  facet normal 0.0 0.0 0.0
    outer loop
      vertex 0.03177111240729626 0.0050000019316499816 0.0074324986428094915
      vertex 0.03174559771673215 0.004999999234061573 0.007544297882921797
      vertex 0.031745603148782685 -7.646607294020669e-10 0.007544263550646406
    endloop
  endfacet
  facet normal 0.0 0.0 0.0
    outer loop
      vertex 0.031745603148782685 -7.646607294020669e-10 0.007544263550646406
      vertex 0.03174559771673215 0.004999999234061573 0.007544297882921797
      vertex 0.03172569095449741 -7.648090907252936e-10 0.007657203385241132
    endloop
  endfacet
  facet normal 0.0 0.0 0.0
    outer loop
      vertex 0.03174559771673215 0.004999999234061573 0.007544297882921797
      vertex 0.031725685522446874 0.0049999992339132115 0.007657228180773359
      vertex 0.03172569095449741 -7.648090907252936e-10 0.007657203385241132
    endloop
  endfacet
  facet normal 0.0 0.0 0.0
    outer loop
      vertex 0.03172569095449741 -7.648090907252936e-10 0.007657203385241132
      vertex 0.031725685522446874 0.0049999992339132115 0.007657228180773359
      vertex 0.031711429809660456 1.9324829576561344e-09 0.007770993897326093
    endloop
  endfacet
  facet normal 0.0 0.0 0.0
    outer loop
      vertex 0.031725685522446874 0.0049999992339132115 0.007657228180773359
      vertex 0.03171142707500825 0.004999999233806973 0.0077710110634637885
      vertex 0.031711429809660456 1.9324829576561344e-09 0.007770993897326093
    endloop
  endfacet
  facet normal 0.0 0.0 0.0
    outer loop
      vertex 0.031711429809660456 1.9324829576561344e-09 0.007770993897326093
      vertex 0.03171142707500825 0.004999999233806973 0.0077710110634637885
      vertex 0.03170286017524645 -7.649791982089482e-10 0.007885354706652265
    endloop
  endfacet
  facet normal 0.0 0.0 0.0
    outer loop
      vertex 0.03171142707500825 0.004999999233806973 0.0077710110634637885
      vertex 0.03170286013799253 0.004999999233743141 0.007885362336046796
      vertex 0.03170286017524645 -7.649791982089482e-10 0.007885354706652265
    endloop
  endfacet
  facet normal 0.0 0.0 0.0
    outer loop
      vertex 0.03170286017524645 -7.649791982089482e-10 0.007885354706652265
      vertex 0.03170286013799253 0.004999999233743141 0.007885362336046796
      vertex 0.031700000933043475 -7.650005002801663e-10 0.007999999710924726
    endloop
  endfacet
  facet normal 0.0 0.0 0.0
    outer loop
      vertex 0.03170286013799253 0.004999999233743141 0.007885362336046796
      vertex 0.03170000089578955 0.004999999233721839 0.007999999710924726
      vertex 0.031700000933043475 -7.650005002801663e-10 0.007999999710924726
    endloop
  endfacet
  facet normal 0.0 0.0 0.0
    outer loop
      vertex 0.03557177763869515 0.005000000611268766 0.025679139801867108
      vertex 0.03619767519782135 0.004999999267233042 0.026000001618273358
      vertex 0.03564922533881962 0.005000000611845811 0.02560313958824406
    endloop
  endfacet
  facet normal 0.0 0.0 0.0
    outer loop
      vertex 0.03549083276166866 0.004999999261966512 0.02575140542686711
      vertex 0.03619767519782135 0.004999999267233042 0.026000001618273358
      vertex 0.03557177763869515 0.005000000611268766 0.025679139801867108
    endloop
  endfacet
  facet normal 0.0 0.0 0.0
    outer loop
      vertex 0.03540657143342653 0.004999999261338699 0.025819768616564376
      vertex 0.03619767519782135 0.004999999267233042 0.026000001618273358
      vertex 0.03549083276166866 0.004999999261966512 0.02575140542686711
    endloop
  endfacet
  facet normal 0.0 0.0 0.0
    outer loop
      vertex 0.03531917707705348 0.005000000609386696 0.025884084412462812
      vertex 0.03619767519782135 0.004999999267233042 0.026000001618273358
      vertex 0.03540657143342653 0.004999999261338699 0.025819768616564376
    endloop
  endfacet
  facet normal 0.0 0.0 0.0
    outer loop
      vertex 0.03522884660262578 0.005000000608713661 0.02594420785606633
      vertex 0.03619767519782135 0.004999999267233042 0.026000001618273358
      vertex 0.03531917707705348 0.005000000609386696 0.025884084412462812
    endloop
  endfacet
  facet normal 0.0 0.0 0.0
    outer loop
      vertex 0.03513578231501626 0.005000001956719411 0.026000001618273358
      vertex 0.03619767519782135 0.004999999267233042 0.026000001618273358
      vertex 0.03522884660262578 0.005000000608713661 0.02594420785606633
    endloop
  endfacet
  facet normal 0.0 0.0 0.0
    outer loop
      vertex 0.03619767519782135 0.004999999267233042 0.026000001618273358
      vertex 0.03572299918245309 0.005000000612395485 0.025523572632677655
      vertex 0.03564922533881962 0.005000000611845811 0.02560313958824406
    endloop
  endfacet
  facet normal 0.0 0.0 0.0
    outer loop
      vertex 0.03619767519782135 0.004999999267233042 0.026000001618273358
      vertex 0.035792941371794756 0.004999999264217456 0.02544061441124211
      vertex 0.03572299918245309 0.005000000612395485 0.025523572632677655
    endloop
  endfacet
  facet normal 0.0 0.0 0.0
    outer loop
      vertex 0.03619767519782135 0.004999999267233042 0.026000001618273358
      vertex 0.035858892760344596 0.0049999992647088475 0.02535444802940617
      vertex 0.035792941371794756 0.004999999264217456 0.02544061441124211
    endloop
  endfacet
  facet normal 0.0 0.0 0.0
    outer loop
      vertex 0.03619767519782135 0.004999999267233042 0.026000001618273358
      vertex 0.03592070633989503 0.004999999265169405 0.025265264222033124
      vertex 0.035858892760344596 0.0049999992647088475 0.02535444802940617
    endloop
  endfacet
  facet normal 0.0 0.0 0.0
    outer loop
      vertex 0.03619767519782135 0.004999999267233042 0.026000001618273358
      vertex 0.03597824319443337 0.005000000614297255 0.02517326898277531
      vertex 0.03592070633989503 0.004999999265169405 0.025265264222033124
    endloop
  endfacet
  facet normal 0.0 0.0 0.0
    outer loop
      vertex 0.03619767519782135 0.004999999267233042 0.026000001618273358
      vertex 0.0360313765462393 0.005000000614693139 0.025078660675890548
      vertex 0.03597824319443337 0.005000000614297255 0.02517326898277531
    endloop
  endfacet
  facet normal 0.0 0.0 0.0
    outer loop
      vertex 0.03619767519782135 0.004999999267233042 0.026000001618273358
      vertex 0.03619767519782135 0.004999999267233042 0.024678403565294844
      vertex 0.0361632307701695 0.005000000615675555 0.024781301209337813
    endloop
  endfacet
  facet normal 0.0 0.0 0.0
    outer loop
      vertex 0.03619767519782135 0.004999999267233042 0.026000001618273358
      vertex 0.0361632307701695 0.005000000615675555 0.024781301209337813
      vertex 0.03612397688134041 0.004999999266683931 0.024882459351427657
    endloop
  endfacet
  facet normal 0.0 0.0 0.0
    outer loop
      vertex 0.03619767519782135 0.004999999267233042 0.026000001618273358
      vertex 0.03612397688134041 0.004999999266683931 0.024882459351427657
      vertex 0.03607999040718569 0.005000001963754505 0.024981652924425703
    endloop
  endfacet
  facet normal 0.0 0.0 0.0
    outer loop
      vertex 0.03619767519782135 0.004999999267233042 0.026000001618273358
      vertex 0.03607999040718569 0.005000001963754505 0.024981652924425703
      vertex 0.0360313765462393 0.005000000614693139 0.025078660675890548
    endloop
  endfacet
  facet normal 0.0 0.0 0.0
    outer loop
      vertex 0.0013372102723677886 0.005000000356194382 0.015000001618273359
      vertex 0.0024220067641780407 0.005000000364276968 0.014673299500353437
      vertex 0.0023436581330198046 0.0050000003636932085 0.014595784851915938
    endloop
  endfacet
  facet normal 0.0 0.0 0.0
    outer loop
      vertex 0.0023436581330198046 0.0050000003636932085 0.014595784851915938
      vertex 0.0022691128334711924 0.005000000363137787 0.014514604279406172
      vertex 0.0013372102723677886 0.005000000356194382 0.015000001618273359
    endloop
  endfacet
  facet normal 0.0 0.0 0.0
    outer loop
      vertex 0.0013372102723677886 0.005000000356194382 0.015000001618273359
      vertex 0.0025039766525603415 0.0049999990161885555 0.014746972748644453
      vertex 0.0024220067641780407 0.005000000364276968 0.014673299500353437
    endloop
  endfacet
  facet normal 0.0 0.0 0.0
    outer loop
      vertex 0.0022691128334711924 0.005000000363137787 0.014514604279406172
      vertex 0.0021985421503245414 0.005000001711311133 0.014429948517687422
      vertex 0.0013372102723677886 0.005000000356194382 0.015000001618273359
    endloop
  endfacet
  facet normal 0.0 0.0 0.0
    outer loop
      vertex 0.0013372102723677886 0.005000000356194382 0.015000001618273359
      vertex 0.002589385723781112 0.005000000365524072 0.014816636750109297
      vertex 0.0025039766525603415 0.0049999990161885555 0.014746972748644453
    endloop
  endfacet
  facet normal 0.0 0.0 0.0
    outer loop
      vertex 0.0021985421503245414 0.005000001711311133 0.014429948517687422
      vertex 0.002132107927478174 0.004999999013417842 0.014342004486925703
      vertex 0.0013372102723677886 0.005000000356194382 0.015000001618273359
    endloop
  endfacet
  facet normal 0.0 0.0 0.0
    outer loop
      vertex 0.0013372102723677886 0.005000000356194382 0.015000001618273359
      vertex 0.002678028975569234 0.004999999017485381 0.014882123658068281
      vertex 0.002589385723781112 0.005000000365524072 0.014816636750109297
    endloop
  endfacet
  facet normal 0.0 0.0 0.0
    outer loop
      vertex 0.002132107927478174 0.004999999013417842 0.014342004486925703
      vertex 0.002069963916635397 0.0050000003616539725 0.014250981995470624
      vertex 0.0013372102723677886 0.005000000356194382 0.015000001618273359
    endloop
  endfacet
  facet normal 0.0 0.0 0.0
    outer loop
      vertex 0.0013372102723677886 0.005000000356194382 0.015000001618273359
      vertex 0.00276971219524673 0.005000000366867646 0.014943292328722577
      vertex 0.002678028975569234 0.004999999017485381 0.014882123658068281
    endloop
  endfacet
  facet normal 0.0 0.0 0.0
    outer loop
      vertex 0.002069963916635397 0.0050000003616539725 0.014250981995470624
      vertex 0.0020122503825080952 0.005000000361223961 0.014157087036974532
      vertex 0.0013372102723677886 0.005000000356194382 0.015000001618273359
    endloop
  endfacet
  facet normal 0.0 0.0 0.0
    outer loop
      vertex 0.0013372102723677886 0.005000000356194382 0.015000001618273359
      vertex 0.002864218242250102 0.00500000036757179 0.015000001618273359
      vertex 0.00276971219524673 0.005000000366867646 0.014943292328722577
    endloop
  endfacet
  facet normal 0.0 0.0 0.0
    outer loop
      vertex 0.0020122503825080952 0.005000000361223961 0.014157087036974532
      vertex 0.001959102195011504 0.004999999012128813 0.014060537049181561
      vertex 0.0013372102723677886 0.005000000356194382 0.015000001618273359
    endloop
  endfacet
  facet normal 0.0 0.0 0.0
    outer loop
      vertex 0.001959102195011504 0.004999999012128813 0.014060537049181561
      vertex 0.001910639388370151 0.0050000003604668795 0.01396154946983586
      vertex 0.0013372102723677886 0.005000000356194382 0.015000001618273359
    endloop
  endfacet
  facet normal 0.0 0.0 0.0
    outer loop
      vertex 0.001910639388370151 0.0050000003604668795 0.01396154946983586
      vertex 0.0018669752533128751 0.004999999011442395 0.013860353180773359
      vertex 0.0013372102723677886 0.005000000356194382 0.015000001618273359
    endloop
  endfacet
  facet normal 0.0 0.0 0.0
    outer loop
      vertex 0.0018669752533128751 0.004999999011442395 0.013860353180773359
      vertex 0.0018282082448777665 0.00499999901115355 0.013757180878527266
      vertex 0.0013372102723677886 0.005000000356194382 0.015000001618273359
    endloop
  endfacet
  facet normal 0.0 0.0 0.0
    outer loop
      vertex 0.0018282082448777665 0.00499999901115355 0.013757180878527266
      vertex 0.0017944300746071855 0.005000000359601028 0.013652272889025312
      vertex 0.0013372102723677886 0.005000000356194382 0.015000001618273359
    endloop
  endfacet
  facet normal 0.0 0.0 0.0
    outer loop
      vertex 0.0017944300746071855 0.005000000359601028 0.013652272889025312
      vertex 0.0017657135722553789 0.005000000359387068 0.013545861908800702
      vertex 0.0013372102723677886 0.005000000356194382 0.015000001618273359
    endloop
  endfacet
  facet normal 0.0 0.0 0.0
    outer loop
      vertex 0.0017657135722553789 0.005000000359387068 0.013545861908800702
      vertex 0.001742128870178269 0.004999999010512191 0.013438203522570235
      vertex 0.0013372102723677886 0.005000000356194382 0.015000001618273359
    endloop
  endfacet
  facet normal 0.0 0.0 0.0
    outer loop
      vertex 0.001742128870178269 0.004999999010512191 0.013438203522570235
      vertex 0.0017237312650410716 0.005000000359074267 0.013329534241564375
      vertex 0.0013372102723677886 0.005000000356194382 0.015000001618273359
    endloop
  endfacet
  facet normal 0.0 0.0 0.0
    outer loop
      vertex 0.0017237312650410716 0.005000000359074267 0.013329534241564375
      vertex 0.0017105571717209301 0.00500000035897611 0.013220113465197187
      vertex 0.0013372102723677886 0.005000000356194382 0.015000001618273359
    endloop
  endfacet
  facet normal 0.0 0.0 0.0
    outer loop
      vertex 0.0017105571717209301 0.00500000035897611 0.013220113465197187
      vertex 0.0017026416563957862 0.0050000017076162855 0.013110181519396406
      vertex 0.0013372102723677886 0.005000000356194382 0.015000001618273359
    endloop
  endfacet
  facet normal 0.0 0.0 0.0
    outer loop
      vertex 0.0017026416563957862 0.0050000017076162855 0.013110181519396406
      vertex 0.0016999995547563452 0.0050000003588974475 0.013000001618273358
      vertex 0.0013372102723677886 0.005000000356194382 0.015000001618273359
    endloop
  endfacet
  facet normal 0.0 0.0 0.0
    outer loop
      vertex 0.0016999995547563452 0.0050000003588974475 0.013000001618273358
      vertex 0.0016999995547563452 0.0050000003588974475 0.007999999710924726
      vertex 0.0013372102723677886 0.005000000356194382 0.015000001618273359
    endloop
  endfacet
  facet normal 0.0 0.0 0.0
    outer loop
      vertex 0.005496022563672854 0.004999999038481645 0.014746972748644453
      vertex 0.00899999960683892 0.005000001761987327 0.015000001618273359
      vertex 0.005577996498152603 0.004999999039092415 0.014673299500353437
    endloop
  endfacet
  facet normal 0.0 0.0 0.0
    outer loop
      vertex 0.005410617538549532 0.004999999037845311 0.014816636750109297
      vertex 0.00899999960683892 0.005000001761987327 0.015000001618273359
      vertex 0.005496022563672854 0.004999999038481645 0.014746972748644453
    endloop
  endfacet
  facet normal 0.0 0.0 0.0
    outer loop
      vertex 0.005321970240663963 0.0049999990371848175 0.014882123658068281
      vertex 0.00899999960683892 0.005000001761987327 0.015000001618273359
      vertex 0.005410617538549532 0.004999999037845311 0.014816636750109297
    endloop
  endfacet
  facet normal 0.0 0.0 0.0
    outer loop
      vertex 0.005230288369685588 0.005000001733900021 0.014943292328722577
      vertex 0.00899999960683892 0.005000001761987327 0.015000001618273359
      vertex 0.005321970240663963 0.0049999990371848175 0.014882123658068281
    endloop
  endfacet
  facet normal 0.0 0.0 0.0
    outer loop
      vertex 0.005135782322682217 0.005000001733195877 0.015000001618273359
      vertex 0.00899999960683892 0.005000001761987327 0.015000001618273359
      vertex 0.005230288369685588 0.005000001733900021 0.014943292328722577
    endloop
  endfacet
  facet normal 0.0 0.0 0.0
    outer loop
      vertex 0.006297360257235695 0.004999999044452239 0.013110181519396406
      vertex 0.00899999960683892 0.005000001761987327 0.015000001618273359
      vertex 0.006300001010175974 0.0050000017418702185 0.013000001618273358
    endloop
  endfacet
  facet normal 0.0 0.0 0.0
    outer loop
      vertex 0.006289443393211388 0.0050000017417915574 0.013220113465197187
      vertex 0.00899999960683892 0.005000001761987327 0.015000001618273359
      vertex 0.006297360257235695 0.004999999044452239 0.013110181519396406
    endloop
  endfacet
  facet normal 0.0 0.0 0.0
    outer loop
      vertex 0.006276271997289572 0.004999999044295115 0.013329534241564375
      vertex 0.00899999960683892 0.005000001761987327 0.015000001618273359
      vertex 0.006289443393211388 0.0050000017417915574 0.013220113465197187
    endloop
  endfacet
  facet normal 0.0 0.0 0.0
    outer loop
      vertex 0.006257870346054927 0.004999999044158008 0.013438203522570235
      vertex 0.00899999960683892 0.005000001761987327 0.015000001618273359
      vertex 0.006276271997289572 0.004999999044295115 0.013329534241564375
    endloop
  endfacet
  facet normal 0.0 0.0 0.0
    outer loop
      vertex 0.0062342842952786545 0.0049999990439822724 0.013545861908800702
      vertex 0.00899999960683892 0.005000001761987327 0.015000001618273359
      vertex 0.006257870346054927 0.004999999044158008 0.013438203522570235
    endloop
  endfacet
  facet normal 0.0 0.0 0.0
    outer loop
      vertex 0.0062055704903251335 0.005000001741166637 0.013652272889025312
      vertex 0.00899999960683892 0.005000001761987327 0.015000001618273359
      vertex 0.0062342842952786545 0.0049999990439822724 0.013545861908800702
    endloop
  endfacet
  facet normal 0.0 0.0 0.0
    outer loop
      vertex 0.00617179097135543 0.004999999043516648 0.013757180878527266
      vertex 0.00899999960683892 0.005000001761987327 0.015000001618273359
      vertex 0.0062055704903251335 0.005000001741166637 0.013652272889025312
    endloop
  endfacet
  facet normal 0.0 0.0 0.0
    outer loop
      vertex 0.006133023962920322 0.004999999043227804 0.013860353180773359
      vertex 0.00899999960683892 0.005000001761987327 0.015000001618273359
      vertex 0.00617179097135543 0.004999999043516648 0.013757180878527266
    endloop
  endfacet
  facet normal 0.0 0.0 0.0
    outer loop
      vertex 0.0060893611765621665 0.005000001740300788 0.01396154946983586
      vertex 0.00899999960683892 0.005000001761987327 0.015000001618273359
      vertex 0.006133023962920322 0.004999999043227804 0.013860353180773359
    endloop
  endfacet
  facet normal 0.0 0.0 0.0
    outer loop
      vertex 0.006040897021221693 0.004999999042541387 0.014060537049181561
      vertex 0.00899999960683892 0.005000001761987327 0.015000001618273359
      vertex 0.0060893611765621665 0.005000001740300788 0.01396154946983586
    endloop
  endfacet
  facet normal 0.0 0.0 0.0
    outer loop
      vertex 0.005987750182424223 0.005000001739543705 0.014157087036974532
      vertex 0.00899999960683892 0.005000001761987327 0.015000001618273359
      vertex 0.006040897021221693 0.004999999042541387 0.014060537049181561
    endloop
  endfacet
  facet normal 0.0 0.0 0.0
    outer loop
      vertex 0.005930036648296921 0.005000001739113694 0.014250981995470624
      vertex 0.00899999960683892 0.005000001761987327 0.015000001618273359
      vertex 0.005987750182424223 0.005000001739543705 0.014157087036974532
    endloop
  endfacet
  facet normal 0.0 0.0 0.0
    outer loop
      vertex 0.005867891288755022 0.004999999041252358 0.014342004486925703
      vertex 0.00899999960683892 0.005000001761987327 0.015000001618273359
      vertex 0.005930036648296921 0.005000001739113694 0.014250981995470624
    endloop
  endfacet
  facet normal 0.0 0.0 0.0
    outer loop
      vertex 0.0058014597633069395 0.004999999040757391 0.014429948517687422
      vertex 0.00899999960683892 0.005000001761987327 0.015000001618273359
      vertex 0.005867891288755022 0.004999999041252358 0.014342004486925703
    endloop
  endfacet
  facet normal 0.0 0.0 0.0
    outer loop
      vertex 0.0057308877314611265 0.005000001737629879 0.014514604279406172
      vertex 0.00899999960683892 0.005000001761987327 0.015000001618273359
      vertex 0.0058014597633069395 0.004999999040757391 0.014429948517687422
    endloop
  endfacet
  facet normal 0.0 0.0 0.0
    outer loop
      vertex 0.005656342431912514 0.0050000017370744575 0.014595784851915938
      vertex 0.00899999960683892 0.005000001761987327 0.015000001618273359
      vertex 0.0057308877314611265 0.005000001737629879 0.014514604279406172
    endloop
  endfacet
  facet normal 0.0 0.0 0.0
    outer loop
      vertex 0.005577996498152603 0.004999999039092415 0.014673299500353437
      vertex 0.00899999960683892 0.005000001761987327 0.015000001618273359
      vertex 0.005656342431912514 0.0050000017370744575 0.014595784851915938
    endloop
  endfacet
  facet normal 0.0 0.0 0.0
    outer loop
      vertex 0.0017028587969593245 0.005000000358918751 0.007885354706652265
      vertex 0.0013372102723677886 0.005000000356194382 0.004999999710924726
      vertex 0.0016999995547563452 0.0050000003588974475 0.007999999710924726
    endloop
  endfacet
  facet normal 0.0 0.0 0.0
    outer loop
      vertex 0.0017114297800724899 0.005000001707681764 0.007770993897326093
      vertex 0.0013372102723677886 0.005000000356194382 0.004999999710924726
      vertex 0.0017028587969593245 0.005000000358918751 0.007885354706652265
    endloop
  endfacet
  facet normal 0.0 0.0 0.0
    outer loop
      vertex 0.0017256895762102816 0.005000000359088859 0.007657203385241132
      vertex 0.0013372102723677886 0.005000000356194382 0.004999999710924726
      vertex 0.0017114297800724899 0.005000001707681764 0.007770993897326093
    endloop
  endfacet
  facet normal 0.0 0.0 0.0
    outer loop
      vertex 0.0017456031191947189 0.004999999010538077 0.007544263550646406
      vertex 0.0013372102723677886 0.005000000356194382 0.004999999710924726
      vertex 0.0017256895762102816 0.005000000359088859 0.007657203385241132
    endloop
  endfacet
  facet normal 0.0 0.0 0.0
    outer loop
      vertex 0.001771123204555439 0.005000001708126527 0.007432458588488203
      vertex 0.0013372102723677886 0.005000000356194382 0.004999999710924726
      vertex 0.0017456031191947189 0.004999999010538077 0.007544263550646406
    endloop
  endfacet
  facet normal 0.0 0.0 0.0
    outer loop
      vertex 0.001802182397334885 0.00500000035965879 0.0073220631569696475
      vertex 0.0013372102723677886 0.005000000356194382 0.004999999710924726
      vertex 0.001771123204555439 0.005000001708126527 0.007432458588488203
    endloop
  endfacet
  facet normal 0.0 0.0 0.0
    outer loop
      vertex 0.0018387065190796478 0.004999999011231771 0.007213353821642499
      vertex 0.0013372102723677886 0.005000000356194382 0.004999999710924726
      vertex 0.001802182397334885 0.00500000035965879 0.0073220631569696475
    endloop
  endfacet
  facet normal 0.0 0.0 0.0
    outer loop
      vertex 0.0018806052069464895 0.0050000017089422534 0.007106599518663984
      vertex 0.0013372102723677886 0.005000000356194382 0.004999999710924726
      vertex 0.0018387065190796478 0.004999999011231771 0.007213353821642499
    endloop
  endfacet
  facet normal 0.0 0.0 0.0
    outer loop
      vertex 0.0019277732624015877 0.00500000036059454 0.0070020672768426944
      vertex 0.0013372102723677886 0.005000000356194382 0.004999999710924726
      vertex 0.0018806052069464895 0.0050000017089422534 0.007106599518663984
    endloop
  endfacet
  facet normal 0.0 0.0 0.0
    outer loop
      vertex 0.001980091999919495 0.005000000360984356 0.006900016495592695
      vertex 0.0013372102723677886 0.005000000356194382 0.004999999710924726
      vertex 0.0019277732624015877 0.00500000036059454 0.0070020672768426944
    endloop
  endfacet
  facet normal 0.0 0.0 0.0
    outer loop
      vertex 0.002037431944381586 0.005000001710110735 0.006800698944933515
      vertex 0.0013372102723677886 0.005000000356194382 0.004999999710924726
      vertex 0.001980091999919495 0.005000000360984356 0.006900016495592695
    endloop
  endfacet
  facet normal 0.0 0.0 0.0
    outer loop
      vertex 0.0020996514823768946 0.005000000361875168 0.006704364487536054
      vertex 0.0013372102723677886 0.005000000356194382 0.004999999710924726
      vertex 0.002037431944381586 0.005000001710110735 0.006800698944933515
    endloop
  endfacet
  facet normal 0.0 0.0 0.0
    outer loop
      vertex 0.0021665955135028695 0.005000000362373953 0.006611249634630781
      vertex 0.0013372102723677886 0.005000000356194382 0.004999999710924726
      vertex 0.0020996514823768946 0.005000000361875168 0.006704364487536054
    endloop
  endfacet
  facet normal 0.0 0.0 0.0
    outer loop
      vertex 0.002238098147763784 0.005000000362906704 0.006521588990099531
      vertex 0.0013372102723677886 0.005000000356194382 0.004999999710924726
      vertex 0.0021665955135028695 0.005000000362373953 0.006611249634630781
    endloop
  endfacet
  facet normal 0.0 0.0 0.0
    outer loop
      vertex 0.0023139813568715264 0.005000000363472094 0.006435601899035077
      vertex 0.0013372102723677886 0.005000000356194382 0.004999999710924726
      vertex 0.002238098147763784 0.005000000362906704 0.006521588990099531
    endloop
  endfacet
  facet normal 0.0 0.0 0.0
    outer loop
      vertex 0.0023940563229447676 0.0050000003640687145 0.006353505799181562
      vertex 0.0013372102723677886 0.005000000356194382 0.004999999710924726
      vertex 0.0023139813568715264 0.005000000363472094 0.006435601899035077
    endloop
  endfacet
  facet normal 0.0 0.0 0.0
    outer loop
      vertex 0.002478123438508961 0.005000000364695081 0.006275502869494062
      vertex 0.0013372102723677886 0.005000000356194382 0.004999999710924726
      vertex 0.0023940563229447676 0.0050000003640687145 0.006353505799181562
    endloop
  endfacet
  facet normal 0.0 0.0 0.0
    outer loop
      vertex 0.0016999995547563452 0.0050000003588974475 0.007999999710924726
      vertex 0.0013372102723677886 0.005000000356194382 0.004999999710924726
      vertex 0.0013372102723677886 0.005000000356194382 0.015000001618273359
    endloop
  endfacet
  facet normal 0.0 0.0 0.0
    outer loop
      vertex 0.002478123438508961 0.005000000364695081 0.006275502869494062
      vertex 0.0025659736551955025 0.004999999016650481 0.006201787659533125
      vertex 0.0013372102723677886 0.005000000356194382 0.004999999710924726
    endloop
  endfacet
  facet normal 0.0 0.0 0.0
    outer loop
      vertex 0.0025659736551955025 0.004999999016650481 0.006201787659533125
      vertex 0.0026573884837416913 0.004999999017331593 0.006132543274767499
      vertex 0.0013372102723677886 0.005000000356194382 0.004999999710924726
    endloop
  endfacet
  facet normal 0.0 0.0 0.0
    outer loop
      vertex 0.0026573884837416913 0.004999999017331593 0.006132543274767499
      vertex 0.002752142691389095 0.004999999018037587 0.00606794137657414
      vertex 0.0013372102723677886 0.005000000356194382 0.004999999710924726
    endloop
  endfacet
  facet normal 0.0 0.0 0.0
    outer loop
      vertex 0.002752142691389095 0.004999999018037587 0.00606794137657414
      vertex 0.0028499989070869007 0.004999999018766692 0.006008142182238203
      vertex 0.0013372102723677886 0.005000000356194382 0.004999999710924726
    endloop
  endfacet
  facet normal 0.0 0.0 0.0
    outer loop
      vertex 0.0028499989070869007 0.004999999018766692 0.006008142182238203
      vertex 0.002950714364987685 0.004999999019517101 0.005953294464953046
      vertex 0.0013372102723677886 0.005000000356194382 0.004999999710924726
    endloop
  endfacet
  facet normal 0.0 0.0 0.0
    outer loop
      vertex 0.002950714364987685 0.004999999019517101 0.005953294464953046
      vertex 0.003054040904447417 0.004999999020286965 0.0059035374611688665
      vertex 0.0013372102723677886 0.005000000356194382 0.004999999710924726
    endloop
  endfacet
  facet normal 0.0 0.0 0.0
    outer loop
      vertex 0.003054040904447417 0.004999999020286965 0.0059035374611688665
      vertex 0.0031597141804322357 0.004999999021074314 0.0058589913338495305
      vertex 0.0013372102723677886 0.005000000356194382 0.004999999710924726
    endloop
  endfacet
  facet normal 0.0 0.0 0.0
    outer loop
      vertex 0.0031597141804322357 0.004999999021074314 0.0058589913338495305
      vertex 0.003267480637501498 0.0049999990218772584 0.005819766709215741
      vertex 0.0013372102723677886 0.005000000356194382 0.004999999710924726
    endloop
  endfacet
  facet normal 0.0 0.0 0.0
    outer loop
      vertex 0.003267480637501498 0.0049999990218772584 0.005819766709215741
      vertex 0.003377067838426412 0.005000001720092074 0.005785964676745039
      vertex 0.0013372102723677886 0.005000000356194382 0.004999999710924726
    endloop
  endfacet
  facet normal 0.0 0.0 0.0
    outer loop
      vertex 0.003377067838426412 0.005000001720092074 0.005785964676745039
      vertex 0.003488203345978262 0.004999999023521816 0.00575766534508
      vertex 0.0013372102723677886 0.005000000356194382 0.004999999710924726
    endloop
  endfacet
  facet normal 0.0 0.0 0.0
    outer loop
      vertex 0.003488203345978262 0.004999999023521816 0.00575766534508
      vertex 0.0036006093281316046 0.004999999024359329 0.005734943100817304
      vertex 0.0013372102723677886 0.005000000356194382 0.004999999710924726
    endloop
  endfacet
  facet normal 0.0 0.0 0.0
    outer loop
      vertex 0.0036006093281316046 0.004999999024359329 0.005734943100817304
      vertex 0.0037140079528610757 0.004999999025204238 0.005717849442370039
      vertex 0.0013372102723677886 0.005000000356194382 0.004999999710924726
    endloop
  endfacet
  facet normal 0.0 0.0 0.0
    outer loop
      vertex 0.0037140079528610757 0.004999999025204238 0.005717849442370039
      vertex 0.0038281213881412716 0.005000001723452777 0.005706432053454023
      vertex 0.0013372102723677886 0.005000000356194382 0.004999999710924726
    endloop
  endfacet
  facet normal 0.0 0.0 0.0
    outer loop
      vertex 0.0038281213881412716 0.005000001723452777 0.005706432053454023
      vertex 0.0039426610123536494 0.004999999026907882 0.005700715729601484
      vertex 0.0013372102723677886 0.005000000356194382 0.004999999710924726
    endloop
  endfacet
  facet normal 0.0 0.0 0.0
    outer loop
      vertex 0.00899999960683892 0.005000001761987327 0.015000001618273359
      vertex 0.006300001010175974 0.0050000017418702185 0.007999999710924726
      vertex 0.006300001010175974 0.0050000017418702185 0.013000001618273358
    endloop
  endfacet
  facet normal 0.0 0.0 0.0
    outer loop
      vertex 0.0039426610123536494 0.004999999026907882 0.005700715729601484
      vertex 0.0040573409012778314 0.005000001725160642 0.005700715729601484
      vertex 0.0013372102723677886 0.005000000356194382 0.004999999710924726
    endloop
  endfacet
  facet normal 0.0 0.0 0.0
    outer loop
      vertex 0.00899999960683892 0.005000001761987327 0.015000001618273359
      vertex 0.006297141767972994 0.005000001741848916 0.007885354706652265
      vertex 0.006300001010175974 0.0050000017418702185 0.007999999710924726
    endloop
  endfacet
  facet normal 0.0 0.0 0.0
    outer loop
      vertex 0.0040573409012778314 0.005000001725160642 0.005700715729601484
      vertex 0.00417188052549021 0.004999999028615747 0.005706432053454023
      vertex 0.0013372102723677886 0.005000000356194382 0.004999999710924726
    endloop
  endfacet
  facet normal 0.0 0.0 0.0
    outer loop
      vertex 0.00417188052549021 0.004999999028615747 0.005706432053454023
      vertex 0.00428599126337212 0.0049999990294659616 0.005717849442370039
      vertex 0.0013372102723677886 0.005000000356194382 0.004999999710924726
    endloop
  endfacet
  facet normal 0.0 0.0 0.0
    outer loop
      vertex 0.00428599126337212 0.0049999990294659616 0.005717849442370039
      vertex 0.0043993898881015915 0.004999999030310871 0.005734943100817304
      vertex 0.0013372102723677886 0.005000000356194382 0.004999999710924726
    endloop
  endfacet
  facet normal 0.0 0.0 0.0
    outer loop
      vertex 0.00899999960683892 0.005000001761987327 0.015000001618273359
      vertex 0.028662789747463186 0.004999999211092233 0.015000001618273359
      vertex 0.006297141767972994 0.005000001741848916 0.007885354706652265
    endloop
  endfacet
  facet normal 0.0 0.0 0.0
    outer loop
      vertex 0.006297141767972994 0.005000001741848916 0.007885354706652265
      vertex 0.028662789747463186 0.004999999211092233 0.015000001618273359
      vertex 0.006288572133558991 0.00499999904438676 0.007770993897326093
    endloop
  endfacet
  facet normal 0.0 0.0 0.0
    outer loop
      vertex 0.028662789747463186 0.004999999211092233 0.015000001618273359
      vertex 0.03242200540781292 0.005000001936499643 0.014673299500353437
      vertex 0.03234365677665468 0.005000001935915884 0.014595784851915938
    endloop
  endfacet
  facet normal 0.0 0.0 0.0
    outer loop
      vertex 0.03234365677665468 0.005000001935915884 0.014595784851915938
      vertex 0.03226911417450439 0.004999999237962182 0.014514604279406172
      vertex 0.028662789747463186 0.004999999211092233 0.015000001618273359
    endloop
  endfacet
  facet normal 0.0 0.0 0.0
    outer loop
      vertex 0.028662789747463186 0.004999999211092233 0.015000001618273359
      vertex 0.032503976644894385 0.004999999239712091 0.014746972748644453
      vertex 0.03242200540781292 0.005000001936499643 0.014673299500353437
    endloop
  endfacet
  facet normal 0.0 0.0 0.0
    outer loop
      vertex 0.03226911417450439 0.004999999237962182 0.014514604279406172
      vertex 0.03219854214265858 0.005000001934834669 0.014429948517687422
      vertex 0.028662789747463186 0.004999999211092233 0.015000001618273359
    endloop
  endfacet
  facet normal 0.0 0.0 0.0
    outer loop
      vertex 0.028662789747463186 0.004999999211092233 0.015000001618273359
      vertex 0.032589384367415986 0.0050000019377467505 0.014816636750109297
      vertex 0.032503976644894385 0.004999999239712091 0.014746972748644453
    endloop
  endfacet
  facet normal 0.0 0.0 0.0
    outer loop
      vertex 0.03219854214265858 0.005000001934834669 0.014429948517687422
      vertex 0.03213210791981221 0.004999999236941376 0.014342004486925703
      vertex 0.028662789747463186 0.004999999211092233 0.015000001618273359
    endloop
  endfacet
  facet normal 0.0 0.0 0.0
    outer loop
      vertex 0.028662789747463186 0.004999999211092233 0.015000001618273359
      vertex 0.03267802896790328 0.004999999241008917 0.014882123658068281
      vertex 0.032589384367415986 0.0050000019377467505 0.014816636750109297
    endloop
  endfacet
  facet normal 0.0 0.0 0.0
    outer loop
      vertex 0.03213210791981221 0.004999999236941376 0.014342004486925703
      vertex 0.0320699652576686 0.004999999236478364 0.014250981995470624
      vertex 0.028662789747463186 0.004999999211092233 0.015000001618273359
    endloop
  endfacet
  facet normal 0.0 0.0 0.0
    outer loop
      vertex 0.028662789747463186 0.004999999211092233 0.015000001618273359
      vertex 0.032769713536279936 0.004999999241692039 0.014943292328722577
      vertex 0.03267802896790328 0.004999999241008917 0.014882123658068281
    endloop
  endfacet
  facet normal 0.0 0.0 0.0
    outer loop
      vertex 0.0320699652576686 0.004999999236478364 0.014250981995470624
      vertex 0.0320122517235413 0.004999999236048355 0.014157087036974532
      vertex 0.028662789747463186 0.004999999211092233 0.015000001618273359
    endloop
  endfacet
  facet normal 0.0 0.0 0.0
    outer loop
      vertex 0.028662789747463186 0.004999999211092233 0.015000001618273359
      vertex 0.03286421958328331 0.00499999924239618 0.015000001618273359
      vertex 0.032769713536279936 0.004999999241692039 0.014943292328722577
    endloop
  endfacet
  facet normal 0.0 0.0 0.0
    outer loop
      vertex 0.0320122517235413 0.004999999236048355 0.014157087036974532
      vertex 0.03195910218734555 0.00499999923565235 0.014060537049181561
      vertex 0.028662789747463186 0.004999999211092233 0.015000001618273359
    endloop
  endfacet
  facet normal 0.0 0.0 0.0
    outer loop
      vertex 0.03195910218734555 0.00499999923565235 0.014060537049181561
      vertex 0.031910640729403354 0.004999999235291273 0.01396154946983586
      vertex 0.028662789747463186 0.004999999211092233 0.015000001618273359
    endloop
  endfacet
  facet normal 0.0 0.0 0.0
    outer loop
      vertex 0.031910640729403354 0.004999999235291273 0.01396154946983586
      vertex 0.03186697524564692 0.00499999923496593 0.013860353180773359
      vertex 0.028662789747463186 0.004999999211092233 0.015000001618273359
    endloop
  endfacet
  facet normal 0.0 0.0 0.0
    outer loop
      vertex 0.03186697524564692 0.00499999923496593 0.013860353180773359
      vertex 0.03182820823721181 0.004999999234677086 0.013757180878527266
      vertex 0.028662789747463186 0.004999999211092233 0.015000001618273359
    endloop
  endfacet
  facet normal 0.0 0.0 0.0
    outer loop
      vertex 0.03182820823721181 0.004999999234677086 0.013757180878527266
      vertex 0.031794431415640395 0.004999999234425422 0.013652272889025312
      vertex 0.028662789747463186 0.004999999211092233 0.015000001618273359
    endloop
  endfacet
  facet normal 0.0 0.0 0.0
    outer loop
      vertex 0.031794431415640395 0.004999999234425422 0.013652272889025312
      vertex 0.031765714913288584 0.004999999234211463 0.013545861908800702
      vertex 0.028662789747463186 0.004999999211092233 0.015000001618273359
    endloop
  endfacet
  facet normal 0.0 0.0 0.0
    outer loop
      vertex 0.031765714913288584 0.004999999234211463 0.013545861908800702
      vertex 0.03174212886251231 0.004999999234035725 0.013438203522570235
      vertex 0.028662789747463186 0.004999999211092233 0.015000001618273359
    endloop
  endfacet
  facet normal 0.0 0.0 0.0
    outer loop
      vertex 0.03174212886251231 0.004999999234035725 0.013438203522570235
      vertex 0.031723729908675946 0.005000001931296943 0.013329534241564375
      vertex 0.028662789747463186 0.004999999211092233 0.015000001618273359
    endloop
  endfacet
  facet normal 0.0 0.0 0.0
    outer loop
      vertex 0.031723729908675946 0.005000001931296943 0.013329534241564375
      vertex 0.03171055851275413 0.004999999233800501 0.013220113465197187
      vertex 0.028662789747463186 0.004999999211092233 0.015000001618273359
    endloop
  endfacet
  facet normal 0.0 0.0 0.0
    outer loop
      vertex 0.03171055851275413 0.004999999233800501 0.013220113465197187
      vertex 0.03170264164872983 0.0050000019311398185 0.013110181519396406
      vertex 0.028662789747463186 0.004999999211092233 0.015000001618273359
    endloop
  endfacet
  facet normal 0.0 0.0 0.0
    outer loop
      vertex 0.03170264164872983 0.0050000019311398185 0.013110181519396406
      vertex 0.03170000089578955 0.004999999233721839 0.013000001618273358
      vertex 0.028662789747463186 0.004999999211092233 0.015000001618273359
    endloop
  endfacet
  facet normal 0.0 0.0 0.0
    outer loop
      vertex 0.03170000089578955 0.004999999233721839 0.013000001618273358
      vertex 0.03170000089578955 0.004999999233721839 0.007999999710924726
      vertex 0.028662789747463186 0.004999999211092233 0.015000001618273359
    endloop
  endfacet
  facet normal 0.0 0.0 0.0
    outer loop
      vertex 0.03170000089578955 0.004999999233721839 0.007999999710924726
      vertex 0.03170286013799253 0.004999999233743141 0.007885362336046796
      vertex 0.028662789747463186 0.004999999211092233 0.015000001618273359
    endloop
  endfacet
  facet normal 0.0 0.0 0.0
    outer loop
      vertex 0.028662789747463186 0.004999999211092233 0.015000001618273359
      vertex 0.03171142707500825 0.004999999233806973 0.0077710110634637885
      vertex 0.006288572133558991 0.00499999904438676 0.007770993897326093
    endloop
  endfacet
  facet normal 0.0 0.0 0.0
    outer loop
      vertex 0.03170286013799253 0.004999999233743141 0.007885362336046796
      vertex 0.03171142707500825 0.004999999233806973 0.0077710110634637885
      vertex 0.028662789747463186 0.004999999211092233 0.015000001618273359
    endloop
  endfacet
  facet normal 0.0 0.0 0.0
    outer loop
      vertex 0.03171142707500825 0.004999999233806973 0.0077710110634637885
      vertex 0.031725685522446874 0.0049999992339132115 0.007657228180773359
      vertex 0.006288572133558991 0.00499999904438676 0.007770993897326093
    endloop
  endfacet
  facet normal 0.0 0.0 0.0
    outer loop
      vertex 0.006288572133558991 0.00499999904438676 0.007770993897326093
      vertex 0.031725685522446874 0.0049999992339132115 0.007657228180773359
      vertex 0.0062743109887220365 0.005000001741678808 0.007657203385241132
    endloop
  endfacet
  facet normal 0.0 0.0 0.0
    outer loop
      vertex 0.0062743109887220365 0.005000001741678808 0.007657203385241132
      vertex 0.03174559771673215 0.004999999234061573 0.007544297882921797
      vertex 0.006254396097038477 0.004999999044132122 0.007544263550646406
    endloop
  endfacet
  facet normal 0.0 0.0 0.0
    outer loop
      vertex 0.031725685522446874 0.0049999992339132115 0.007657228180773359
      vertex 0.03174559771673215 0.004999999234061573 0.007544297882921797
      vertex 0.0062743109887220365 0.005000001741678808 0.007657203385241132
    endloop
  endfacet
  facet normal 0.0 0.0 0.0
    outer loop
      vertex 0.03174559771673215 0.004999999234061573 0.007544297882921797
      vertex 0.03177111240729626 0.0050000019316499816 0.0074324986428094915
      vertex 0.006254396097038477 0.004999999044132122 0.007544263550646406
    endloop
  endfacet
  facet normal 0.0 0.0 0.0
    outer loop
      vertex 0.006254396097038477 0.004999999044132122 0.007544263550646406
      vertex 0.03177111240729626 0.0050000019316499816 0.0074324986428094915
      vertex 0.006228878709076041 0.004999999043941997 0.007432458588488203
    endloop
  endfacet
  facet normal 0.0 0.0 0.0
    outer loop
      vertex 0.006228878709076041 0.004999999043941997 0.007432458588488203
      vertex 0.031802167553978265 0.0049999992344830595 0.007322112748034101
      vertex 0.006197818167597433 0.005000001741108877 0.0073220631569696475
    endloop
  endfacet
  facet normal 0.0 0.0 0.0
    outer loop
      vertex 0.03177111240729626 0.0050000019316499816 0.0074324986428094915
      vertex 0.031802167553978265 0.0049999992344830595 0.007322112748034101
      vertex 0.006228878709076041 0.004999999043941997 0.007432458588488203
    endloop
  endfacet
  facet normal 0.0 0.0 0.0
    outer loop
      vertex 0.006197818167597433 0.005000001741108877 0.0073220631569696475
      vertex 0.03183868762962554 0.00500000193215347 0.007213409134752851
      vertex 0.006161292697153548 0.004999999043438429 0.007213353821642499
    endloop
  endfacet
  facet normal 0.0 0.0 0.0
    outer loop
      vertex 0.031802167553978265 0.0049999992344830595 0.007322112748034101
      vertex 0.03183868762962554 0.00500000193215347 0.007213409134752851
      vertex 0.006197818167597433 0.005000001741108877 0.0073220631569696475
    endloop
  endfacet
  facet normal 0.0 0.0 0.0
    outer loop
      vertex 0.006161292697153548 0.004999999043438429 0.007213353821642499
      vertex 0.03188057822529748 0.005000001932465587 0.007106662461168867
      vertex 0.006119396706684992 0.004999999043126271 0.007106599518663984
    endloop
  endfacet
  facet normal 0.0 0.0 0.0
    outer loop
      vertex 0.03183868762962554 0.00500000193215347 0.007213409134752851
      vertex 0.03188057822529748 0.005000001932465587 0.007106662461168867
      vertex 0.006161292697153548 0.004999999043438429 0.007213353821642499
    endloop
  endfacet
  facet normal 0.0 0.0 0.0
    outer loop
      vertex 0.006119396706684992 0.004999999043126271 0.007106599518663984
      vertex 0.03192773683985853 0.004999999235418652 0.007002135941393476
      vertex 0.0060722299999290555 0.0049999990427748425 0.0070020672768426944
    endloop
  endfacet
  facet normal 0.0 0.0 0.0
    outer loop
      vertex 0.03188057822529748 0.005000001932465587 0.007106662461168867
      vertex 0.03192773683985853 0.004999999235418652 0.007002135941393476
      vertex 0.006119396706684992 0.004999999043126271 0.007106599518663984
    endloop
  endfacet
  facet normal 0.0 0.0 0.0
    outer loop
      vertex 0.0060722299999290555 0.0049999990427748425 0.0070020672768426944
      vertex 0.03198005018257982 0.004999999235808428 0.006900090882189375
      vertex 0.0060199112624111486 0.004999999042385026 0.006900016495592695
    endloop
  endfacet
  facet normal 0.0 0.0 0.0
    outer loop
      vertex 0.03192773683985853 0.004999999235418652 0.007002135941393476
      vertex 0.03198005018257982 0.004999999235808428 0.006900090882189375
      vertex 0.0060722299999290555 0.0049999990427748425 0.0070020672768426944
    endloop
  endfacet
  facet normal 0.0 0.0 0.0
    outer loop
      vertex 0.03198005018257982 0.004999999235808428 0.006900090882189375
      vertex 0.03203738068614786 0.004999999236235585 0.006800779053576093
      vertex 0.0060199112624111486 0.004999999042385026 0.006900016495592695
    endloop
  endfacet
  facet normal 0.0 0.0 0.0
    outer loop
      vertex 0.0060199112624111486 0.004999999042385026 0.006900016495592695
      vertex 0.03203738068614786 0.004999999236235585 0.006800779053576093
      vertex 0.005962569969249895 0.0049999990419577894 0.006800698944933515
    endloop
  endfacet
  facet normal 0.0 0.0 0.0
    outer loop
      vertex 0.005962569969249895 0.0049999990419577894 0.006800698944933515
      vertex 0.0320995934806474 0.00499999923669912 0.0067044484108758975
      vertex 0.005900349082555424 0.0050000017388925 0.006704364487536054
    endloop
  endfacet
  facet normal 0.0 0.0 0.0
    outer loop
      vertex 0.03203738068614786 0.004999999236235585 0.006800779053576093
      vertex 0.0320995934806474 0.00499999923669912 0.0067044484108758975
      vertex 0.005962569969249895 0.0049999990419577894 0.006800698944933515
    endloop
  endfacet
  facet normal 0.0 0.0 0.0
    outer loop
      vertex 0.0320995934806474 0.00499999923669912 0.0067044484108758975
      vertex 0.03216652941957844 0.0050000019345961474 0.006611339280016523
      vertex 0.005900349082555424 0.0050000017388925 0.006704364487536054
    endloop
  endfacet
  facet normal 0.0 0.0 0.0
    outer loop
      vertex 0.005900349082555424 0.0050000017388925 0.006704364487536054
      vertex 0.03216652941957844 0.0050000019345961474 0.006611339280016523
      vertex 0.005833405051429448 0.005000001738393714 0.006611249634630781
    endloop
  endfacet
  facet normal 0.0 0.0 0.0
    outer loop
      vertex 0.005833405051429448 0.005000001738393714 0.006611249634630781
      vertex 0.03223802126424613 0.0050000019351288194 0.006521680542833906
      vertex 0.005761902417168534 0.005000001737860963 0.006521588990099531
    endloop
  endfacet
  facet normal 0.0 0.0 0.0
    outer loop
      vertex 0.03216652941957844 0.0050000019345961474 0.006611339280016523
      vertex 0.03223802126424613 0.0050000019351288194 0.006521680542833906
      vertex 0.005833405051429448 0.005000001738393714 0.006611249634630781
    endloop
  endfacet
  facet normal 0.0 0.0 0.0
    outer loop
      vertex 0.005761902417168534 0.005000001737860963 0.006521588990099531
      vertex 0.032313893683760656 0.005000001935694128 0.006435697266466718
      vertex 0.005686019208060792 0.005000001737295573 0.006435601899035077
    endloop
  endfacet
  facet normal 0.0 0.0 0.0
    outer loop
      vertex 0.03223802126424613 0.0050000019351288194 0.006521680542833906
      vertex 0.032313893683760656 0.005000001935694128 0.006435697266466718
      vertex 0.005761902417168534 0.005000001737860963 0.006521588990099531
    endloop
  endfacet
  facet normal 0.0 0.0 0.0
    outer loop
      vertex 0.005686019208060792 0.005000001737295573 0.006435601899035077
      vertex 0.03239395786024068 0.005000001936290671 0.006353601166613203
      vertex 0.0056059442419875505 0.005000001736698951 0.006353505799181562
    endloop
  endfacet
  facet normal 0.0 0.0 0.0
    outer loop
      vertex 0.032313893683760656 0.005000001935694128 0.006435697266466718
      vertex 0.03239395786024068 0.005000001936290671 0.006353601166613203
      vertex 0.005686019208060792 0.005000001737295573 0.006435601899035077
    endloop
  endfacet
  facet normal 0.0 0.0 0.0
    outer loop
      vertex 0.03239395786024068 0.005000001936290671 0.006353601166613203
      vertex 0.03247801418621165 0.005000001936916954 0.006275600144274336
      vertex 0.0056059442419875505 0.005000001736698951 0.006353505799181562
    endloop
  endfacet
  facet normal 0.0 0.0 0.0
    outer loop
      vertex 0.0056059442419875505 0.005000001736698951 0.006353505799181562
      vertex 0.03247801418621165 0.005000001936916954 0.006275600144274336
      vertex 0.005521877126423358 0.005000001736072585 0.006275502869494062
    endloop
  endfacet
  facet normal 0.0 0.0 0.0
    outer loop
      vertex 0.03247801418621165 0.005000001936916954 0.006275600144274336
      vertex 0.03256585496200414 0.004999999240173132 0.0062018830269647655
      vertex 0.005521877126423358 0.005000001736072585 0.006275502869494062
    endloop
  endfacet
  facet normal 0.0 0.0 0.0
    outer loop
      vertex 0.005521877126423358 0.005000001736072585 0.006275502869494062
      vertex 0.03256585496200414 0.004999999240173132 0.0062018830269647655
      vertex 0.005434025561037694 0.004999999038019718 0.006201787659533125
    endloop
  endfacet
  facet normal 0.0 0.0 0.0
    outer loop
      vertex 0.03256585496200414 0.004999999240173132 0.0062018830269647655
      vertex 0.03265725900095711 0.004999999240854162 0.006132636734850507
      vertex 0.005434025561037694 0.004999999038019718 0.006201787659533125
    endloop
  endfacet
  facet normal 0.0 0.0 0.0
    outer loop
      vertex 0.005434025561037694 0.004999999038019718 0.006201787659533125
      vertex 0.03265725900095711 0.004999999240854162 0.006132636734850507
      vertex 0.005342610732491505 0.004999999037338606 0.006132543274767499
    endloop
  endfacet
  facet normal 0.0 0.0 0.0
    outer loop
      vertex 0.03265725900095711 0.004999999240854162 0.006132636734850507
      vertex 0.0327520024190113 0.004999999241560077 0.006068032929308515
      vertex 0.005342610732491505 0.004999999037338606 0.006132543274767499
    endloop
  endfacet
  facet normal 0.0 0.0 0.0
    outer loop
      vertex 0.005342610732491505 0.004999999037338606 0.006132543274767499
      vertex 0.0327520024190113 0.004999999241560077 0.006068032929308515
      vertex 0.005247856524844102 0.0049999990366326125 0.00606794137657414
    endloop
  endfacet
  facet normal 0.0 0.0 0.0
    outer loop
      vertex 0.0327520024190113 0.004999999241560077 0.006068032929308515
      vertex 0.032849845147717556 0.0050000019396873865 0.006008231827623945
      vertex 0.005247856524844102 0.0049999990366326125 0.00606794137657414
    endloop
  endfacet
  facet normal 0.0 0.0 0.0
    outer loop
      vertex 0.005247856524844102 0.0049999990366326125 0.00606794137657414
      vertex 0.032849845147717556 0.0050000019396873865 0.006008231827623945
      vertex 0.005150000309146295 0.004999999035903507 0.006008142182238203
    endloop
  endfacet
  facet normal 0.0 0.0 0.0
    outer loop
      vertex 0.032849845147717556 0.0050000019396873865 0.006008231827623945
      vertex 0.032950547118626834 0.0049999992430393905 0.005953380295641523
      vertex 0.005150000309146295 0.004999999035903507 0.006008142182238203
    endloop
  endfacet
  facet normal 0.0 0.0 0.0
    outer loop
      vertex 0.005150000309146295 0.004999999035903507 0.006008142182238203
      vertex 0.032950547118626834 0.0049999992430393905 0.005953380295641523
      vertex 0.005049284851245512 0.004999999035153098 0.005953294464953046
    endloop
  endfacet
  facet normal 0.0 0.0 0.0
    outer loop
      vertex 0.032950547118626834 0.0049999992430393905 0.005953380295641523
      vertex 0.03305386286849335 0.004999999243809175 0.0059036175698114444
      vertex 0.005049284851245512 0.004999999035153098 0.005953294464953046
    endloop
  endfacet
  facet normal 0.0 0.0 0.0
    outer loop
      vertex 0.005049284851245512 0.004999999035153098 0.005953294464953046
      vertex 0.03305386286849335 0.004999999243809175 0.0059036175698114444
      vertex 0.0049459610091840646 0.005000001731781559 0.0059035374611688665
    endloop
  endfacet
  facet normal 0.0 0.0 0.0
    outer loop
      vertex 0.03360037464681312 0.00500000194527942 0.005734983155138593
      vertex 0.03619767519782135 0.004999999267233042 0.004999999710924726
      vertex 0.033487976756854713 0.004999999247043663 0.005757716843493086
    endloop
  endfacet
  facet normal 0.0 0.0 0.0
    outer loop
      vertex 0.033713765179347696 0.004999999248725963 0.005717879959948164
      vertex 0.03619767519782135 0.004999999267233042 0.004999999710924726
      vertex 0.03360037464681312 0.00500000194527942 0.005734983155138593
    endloop
  endfacet
  facet normal 0.0 0.0 0.0
    outer loop
      vertex 0.033827865127636386 0.004999999249576097 0.005706451126940351
      vertex 0.03619767519782135 0.004999999267233042 0.004999999710924726
      vertex 0.033713765179347696 0.004999999248725963 0.005717879959948164
    endloop
  endfacet
  facet normal 0.0 0.0 0.0
    outer loop
      vertex 0.03394239665965383 0.004999999250429447 0.005700721451647382
      vertex 0.03619767519782135 0.004999999267233042 0.004999999710924726
      vertex 0.033827865127636386 0.004999999249576097 0.005706451126940351
    endloop
  endfacet
  facet normal 0.0 0.0 0.0
    outer loop
      vertex 0.03405706845638312 0.004999999251283841 0.005700708100206953
      vertex 0.03619767519782135 0.004999999267233042 0.004999999710924726
      vertex 0.03394239665965383 0.004999999250429447 0.005700721451647382
    endloop
  endfacet
  facet normal 0.0 0.0 0.0
    outer loop
      vertex 0.03417159998840057 0.004999999252137194 0.005706411072619062
      vertex 0.03619767519782135 0.004999999267233042 0.004999999710924726
      vertex 0.03405706845638312 0.004999999251283841 0.005700708100206953
    endloop
  endfacet
  facet normal 0.0 0.0 0.0
    outer loop
      vertex 0.03428570263408754 0.00500000195038565 0.005717813202746015
      vertex 0.03619767519782135 0.004999999267233042 0.004999999710924726
      vertex 0.03417159998840057 0.004999999252137194 0.005706411072619062
    endloop
  endfacet
  facet normal 0.0 0.0 0.0
    outer loop
      vertex 0.03439909856141873 0.0049999992538322345 0.005734889695055585
      vertex 0.03619767519782135 0.004999999267233042 0.004999999710924726
      vertex 0.03428570263408754 0.00500000195038565 0.005717813202746015
    endloop
  endfacet
  facet normal 0.0 0.0 0.0
    outer loop
      vertex 0.03451149914877546 0.004999999254669706 0.005757596680529218
      vertex 0.03619767519782135 0.004999999267233042 0.004999999710924726
      vertex 0.03439909856141873 0.0049999992538322345 0.005734889695055585
    endloop
  endfacet
  facet normal 0.0 0.0 0.0
    outer loop
      vertex 0.03462262926153066 0.005000001952896018 0.005785878846056562
      vertex 0.03619767519782135 0.004999999267233042 0.004999999710924726
      vertex 0.03451149914877546 0.004999999254669706 0.005757596680529218
    endloop
  endfacet
  facet normal 0.0 0.0 0.0
    outer loop
      vertex 0.03473221106765901 0.004999999256314185 0.00581966371238957
      vertex 0.03619767519782135 0.004999999267233042 0.004999999710924726
      vertex 0.03462262926153066 0.005000001952896018 0.005785878846056562
    endloop
  endfacet
  facet normal 0.0 0.0 0.0
    outer loop
      vertex 0.03483997482732994 0.005000001954515415 0.005858869263537031
      vertex 0.03619767519782135 0.004999999267233042 0.004999999710924726
      vertex 0.03473221106765901 0.004999999256314185 0.00581966371238957
    endloop
  endfacet
  facet normal 0.0 0.0 0.0
    outer loop
      vertex 0.03494565080071309 0.004999999257904479 0.005903396317370038
      vertex 0.03619767519782135 0.004999999267233042 0.004999999710924726
      vertex 0.03483997482732994 0.005000001954515415 0.005858869263537031
    endloop
  endfacet
  facet normal 0.0 0.0 0.0
    outer loop
      vertex 0.035048971945376206 0.0049999992586743005 0.0059531361550165226
      vertex 0.03619767519782135 0.004999999267233042 0.004999999710924726
      vertex 0.03494565080071309 0.004999999257904479 0.005903396317370038
    endloop
  endfacet
  facet normal 0.0 0.0 0.0
    outer loop
      vertex 0.03514968875197613 0.005000000608123872 0.0060079628914667185
      vertex 0.03619767519782135 0.004999999267233042 0.004999999710924726
      vertex 0.035048971945376206 0.0049999992586743005 0.0059531361550165226
    endloop
  endfacet
  facet normal 0.0 0.0 0.0
    outer loop
      vertex 0.03524754901377141 0.004999999260153858 0.006067741104967695
      vertex 0.03619767519782135 0.004999999267233042 0.004999999710924726
      vertex 0.03514968875197613 0.005000000608123872 0.0060079628914667185
    endloop
  endfacet
  facet normal 0.0 0.0 0.0
    outer loop
      vertex 0.03534230457011796 0.005000000609559013 0.006132323929674726
      vertex 0.03619767519782135 0.004999999267233042 0.004999999710924726
      vertex 0.03524754901377141 0.004999999260153858 0.006067741104967695
    endloop
  endfacet
  facet normal 0.0 0.0 0.0
    outer loop
      vertex 0.035433724793460755 0.005000000610240166 0.00620154733360539
      vertex 0.03619767519782135 0.004999999267233042 0.004999999710924726
      vertex 0.03534230457011796 0.005000000609559013 0.006132323929674726
    endloop
  endfacet
  facet normal 0.0 0.0 0.0
    outer loop
      vertex 0.03552158310234221 0.004999999262195626 0.00627524347008
      vertex 0.03619767519782135 0.004999999267233042 0.004999999710924726
      vertex 0.035433724793460755 0.005000000610240166 0.00620154733360539
    endloop
  endfacet
  facet normal 0.0 0.0 0.0
    outer loop
      vertex 0.03560565696140215 0.005000000611521195 0.0063532254189325385
      vertex 0.03619767519782135 0.004999999267233042 0.004999999710924726
      vertex 0.03552158310234221 0.004999999262195626 0.00627524347008
    endloop
  endfacet
  facet normal 0.0 0.0 0.0
    outer loop
      vertex 0.03568574136836947 0.004999999263418733 0.006435302445299726
      vertex 0.03619767519782135 0.004999999267233042 0.004999999710924726
      vertex 0.03560565696140215 0.005000000611521195 0.0063532254189325385
    endloop
  endfacet
  facet normal 0.0 0.0 0.0
    outer loop
      vertex 0.03576163536707043 0.004999999263984202 0.006521268555529218
      vertex 0.03619767519782135 0.004999999267233042 0.004999999710924726
      vertex 0.03568574136836947 0.004999999263418733 0.006435302445299726
    endloop
  endfacet
  facet normal 0.0 0.0 0.0
    outer loop
      vertex 0.03583314879092457 0.004999999264517033 0.00661091012657414
      vertex 0.03619767519782135 0.004999999267233042 0.004999999710924726
      vertex 0.03576163536707043 0.004999999263984202 0.006521268555529218
    endloop
  endfacet
  facet normal 0.0 0.0 0.0
    outer loop
      vertex 0.0359001049603429 0.005000000613715064 0.006704003998644453
      vertex 0.03619767519782135 0.004999999267233042 0.004999999710924726
      vertex 0.03583314879092457 0.004999999264517033 0.00661091012657414
    endloop
  endfacet
  facet normal 0.0 0.0 0.0
    outer loop
      vertex 0.03596233798532973 0.004999999265479593 0.006800319382555585
      vertex 0.03619767519782135 0.004999999267233042 0.004999999710924726
      vertex 0.0359001049603429 0.005000000613715064 0.006704003998644453
    endloop
  endfacet
  facet normal 0.0 0.0 0.0
    outer loop
      vertex 0.03601969546288082 0.0049999992659069525 0.006899617859728437
      vertex 0.03619767519782135 0.004999999267233042 0.004999999710924726
      vertex 0.03596233798532973 0.004999999265479593 0.006800319382555585
    endloop
  endfacet
  facet normal 0.0 0.0 0.0
    outer loop
      vertex 0.03607203038478855 0.004999999266296891 0.007001651474840742
      vertex 0.03619767519782135 0.004999999267233042 0.004999999710924726
      vertex 0.03601969546288082 0.0049999992659069525 0.006899617859728437
    endloop
  endfacet
  facet normal 0.0 0.0 0.0
    outer loop
      vertex 0.036119213275934314 0.0049999992666484375 0.007106166550524335
      vertex 0.03619767519782135 0.004999999267233042 0.004999999710924726
      vertex 0.03607203038478855 0.004999999266296891 0.007001651474840742
    endloop
  endfacet
  facet normal 0.0 0.0 0.0
    outer loop
      vertex 0.036161130845589314 0.004999999266960758 0.007212903687365156
      vertex 0.03619767519782135 0.004999999267233042 0.004999999710924726
      vertex 0.036119213275934314 0.0049999992666484375 0.007106166550524335
    endloop
  endfacet
  facet normal 0.0 0.0 0.0
    outer loop
      vertex 0.03619767519782135 0.004999999267233042 0.007321597763903242
      vertex 0.03619767519782135 0.004999999267233042 0.004999999710924726
      vertex 0.036161130845589314 0.004999999266960758 0.007212903687365156
    endloop
  endfacet
  facet normal 0.0 0.0 0.0
    outer loop
      vertex 0.03619767519782135 0.004999999267233042 0.004999999710924726
      vertex 0.0013372102723677886 0.005000000356194382 0.004999999710924726
      vertex 0.0043993898881015915 0.004999999030310871 0.005734943100817304
    endloop
  endfacet
  facet normal 0.0 0.0 0.0
    outer loop
      vertex 0.03619767519782135 0.004999999267233042 0.004999999710924726
      vertex 0.0043993898881015915 0.004999999030310871 0.005734943100817304
      vertex 0.004511798567653219 0.005000001728546709 0.00575766534508
    endloop
  endfacet
  facet normal 0.0 0.0 0.0
    outer loop
      vertex 0.03619767519782135 0.004999999267233042 0.004999999710924726
      vertex 0.004511798567653219 0.005000001728546709 0.00575766534508
      vertex 0.004622934075205068 0.00499999903197645 0.005785964676745039
    endloop
  endfacet
  facet normal 0.0 0.0 0.0
    outer loop
      vertex 0.03619767519782135 0.004999999267233042 0.004999999710924726
      vertex 0.004622934075205068 0.00499999903197645 0.005785964676745039
      vertex 0.004732518578731698 0.004999999032792941 0.005819766709215741
    endloop
  endfacet
  facet normal 0.0 0.0 0.0
    outer loop
      vertex 0.03619767519782135 0.004999999267233042 0.004999999710924726
      vertex 0.004732518578731698 0.004999999032792941 0.005819766709215741
      vertex 0.004840285035800962 0.004999999033595885 0.0058589913338495305
    endloop
  endfacet
  facet normal 0.0 0.0 0.0
    outer loop
      vertex 0.03619767519782135 0.004999999267233042 0.004999999710924726
      vertex 0.004840285035800962 0.004999999033595885 0.0058589913338495305
      vertex 0.0049459610091840646 0.005000001731781559 0.0059035374611688665
    endloop
  endfacet
  facet normal 0.0 0.0 0.0
    outer loop
      vertex 0.03619767519782135 0.004999999267233042 0.004999999710924726
      vertex 0.0049459610091840646 0.005000001731781559 0.0059035374611688665
      vertex 0.033487976756854713 0.004999999247043663 0.005757716843493086
    endloop
  endfacet
  facet normal 0.0 0.0 0.0
    outer loop
      vertex 0.033487976756854713 0.004999999247043663 0.005757716843493086
      vertex 0.0049459610091840646 0.005000001731781559 0.0059035374611688665
      vertex 0.033376854736294405 0.004999999246215717 0.005786023804552656
    endloop
  endfacet
  facet normal 0.0 0.0 0.0
    outer loop
      vertex 0.033376854736294405 0.004999999246215717 0.005786023804552656
      vertex 0.0049459610091840646 0.005000001731781559 0.0059035374611688665
      vertex 0.033267278324962665 0.0050000019427975904 0.005819835373766523
    endloop
  endfacet
  facet normal 0.0 0.0 0.0
    outer loop
      vertex 0.033267278324962665 0.0050000019427975904 0.005819835373766523
      vertex 0.0049459610091840646 0.005000001731781559 0.0059035374611688665
      vertex 0.03315952535488495 0.0049999992445964436 0.005859065720446211
    endloop
  endfacet
  facet normal 0.0 0.0 0.0
    outer loop
      vertex 0.03315952535488495 0.0049999992445964436 0.005859065720446211
      vertex 0.0049459610091840646 0.005000001731781559 0.0059035374611688665
      vertex 0.03305386286849335 0.004999999243809175 0.0059036175698114444
    endloop
  endfacet
  facet normal 0.0 0.0 0.0
    outer loop
      vertex 0.03557177763869515 0.005000000611268766 0.014679139801867108
      vertex 0.03619767519782135 0.004999999267233042 0.015000001618273359
      vertex 0.03564922533881962 0.005000000611845811 0.014603139588244062
    endloop
  endfacet
  facet normal 0.0 0.0 0.0
    outer loop
      vertex 0.03549083276166866 0.004999999261966512 0.014751405426867108
      vertex 0.03619767519782135 0.004999999267233042 0.015000001618273359
      vertex 0.03557177763869515 0.005000000611268766 0.014679139801867108
    endloop
  endfacet
  facet normal 0.0 0.0 0.0
    outer loop
      vertex 0.03540657143342653 0.004999999261338699 0.014819768616564375
      vertex 0.03619767519782135 0.004999999267233042 0.015000001618273359
      vertex 0.03549083276166866 0.004999999261966512 0.014751405426867108
    endloop
  endfacet
  facet normal 0.0 0.0 0.0
    outer loop
      vertex 0.03531917707705348 0.005000000609386696 0.014884084412462813
      vertex 0.03619767519782135 0.004999999267233042 0.015000001618273359
      vertex 0.03540657143342653 0.004999999261338699 0.014819768616564375
    endloop
  endfacet
  facet normal 0.0 0.0 0.0
    outer loop
      vertex 0.03522884660262578 0.005000000608713661 0.014944207856066328
      vertex 0.03619767519782135 0.004999999267233042 0.015000001618273359
      vertex 0.03531917707705348 0.005000000609386696 0.014884084412462813
    endloop
  endfacet
  facet normal 0.0 0.0 0.0
    outer loop
      vertex 0.03513578231501626 0.005000001956719411 0.015000001618273359
      vertex 0.03619767519782135 0.004999999267233042 0.015000001618273359
      vertex 0.03522884660262578 0.005000000608713661 0.014944207856066328
    endloop
  endfacet
  facet normal 0.0 0.0 0.0
    outer loop
      vertex 0.03619767519782135 0.004999999267233042 0.015000001618273359
      vertex 0.03572299918245309 0.005000000612395485 0.014523572632677655
      vertex 0.03564922533881962 0.005000000611845811 0.014603139588244062
    endloop
  endfacet
  facet normal 0.0 0.0 0.0
    outer loop
      vertex 0.03619767519782135 0.004999999267233042 0.015000001618273359
      vertex 0.035792941371794756 0.004999999264217456 0.014440610596544843
      vertex 0.03572299918245309 0.005000000612395485 0.014523572632677655
    endloop
  endfacet
  facet normal 0.0 0.0 0.0
    outer loop
      vertex 0.03619767519782135 0.004999999267233042 0.015000001618273359
      vertex 0.035858892760344596 0.0049999992647088475 0.01435444802940617
      vertex 0.035792941371794756 0.004999999264217456 0.014440610596544843
    endloop
  endfacet
  facet normal 0.0 0.0 0.0
    outer loop
      vertex 0.03619767519782135 0.004999999267233042 0.015000001618273359
      vertex 0.03592070633989503 0.004999999265169405 0.014265264222033124
      vertex 0.035858892760344596 0.0049999992647088475 0.01435444802940617
    endloop
  endfacet
  facet normal 0.0 0.0 0.0
    outer loop
      vertex 0.03619767519782135 0.004999999267233042 0.015000001618273359
      vertex 0.03597824319443337 0.005000000614297255 0.014173268982775312
      vertex 0.03592070633989503 0.004999999265169405 0.014265264222033124
    endloop
  endfacet
  facet normal 0.0 0.0 0.0
    outer loop
      vertex 0.03619767519782135 0.004999999267233042 0.015000001618273359
      vertex 0.0360313765462393 0.005000000614693139 0.014078660675890546
      vertex 0.03597824319443337 0.005000000614297255 0.014173268982775312
    endloop
  endfacet
  facet normal 0.0 0.0 0.0
    outer loop
      vertex 0.03619767519782135 0.004999999267233042 0.015000001618273359
      vertex 0.03619767519782135 0.004999999267233042 0.013678403565294843
      vertex 0.0361632307701695 0.005000000615675555 0.013781297394640546
    endloop
  endfacet
  facet normal 0.0 0.0 0.0
    outer loop
      vertex 0.03619767519782135 0.004999999267233042 0.015000001618273359
      vertex 0.0361632307701695 0.005000000615675555 0.013781297394640546
      vertex 0.03612397688134041 0.004999999266683931 0.01388245553673039
    endloop
  endfacet
  facet normal 0.0 0.0 0.0
    outer loop
      vertex 0.03619767519782135 0.004999999267233042 0.015000001618273359
      vertex 0.03612397688134041 0.004999999266683931 0.01388245553673039
      vertex 0.03607999310458402 0.00499999926635622 0.013981652924425703
    endloop
  endfacet
  facet normal 0.0 0.0 0.0
    outer loop
      vertex 0.03619767519782135 0.004999999267233042 0.015000001618273359
      vertex 0.03607999310458402 0.00499999926635622 0.013981652924425703
      vertex 0.0360313765462393 0.005000000614693139 0.014078660675890546
    endloop
  endfacet
  facet normal 0.0 0.0 0.0
    outer loop
      vertex 0.03619767519782135 0.004999999267233042 0.004999999710924726
      vertex 0.02358139616846873 0.039999999838637834 0.0074999997109247265
      vertex 0.0013372102723677886 0.005000000356194382 0.004999999710924726
    endloop
  endfacet
  facet normal 0.0 0.0 0.0
    outer loop
      vertex 0.0013372102723677886 0.005000000356194382 0.004999999710924726
      vertex 0.02358139616846873 0.039999999838637834 0.0074999997109247265
      vertex 0.010697673729730713 0.039999999742643996 0.0074999997109247265
    endloop
  endfacet
  facet normal 0.0 0.0 0.0
    outer loop
      vertex 0.017743173577415547 0.03999999912078892 0.013711438843615156
      vertex 0.017680506271301657 0.04000000046902115 0.013775689789660078
      vertex 0.010697673729730713 0.039999999742643996 0.0074999997109247265
    endloop
  endfacet
  facet normal 0.0 0.0 0.0
    outer loop
      vertex 0.010697673729730713 0.039999999742643996 0.0074999997109247265
      vertex 0.017808965819465415 0.03999999912127913 0.013650392243273359
      vertex 0.017743173577415547 0.03999999912078892 0.013711438843615156
    endloop
  endfacet
  facet normal 0.0 0.0 0.0
    outer loop
      vertex 0.017680506271301657 0.04000000046902115 0.013775689789660078
      vertex 0.01762112035022544 0.040000000468578684 0.013842981049425702
      vertex 0.010697673729730713 0.039999999742643996 0.0074999997109247265
    endloop
  endfacet
  facet normal 0.0 0.0 0.0
    outer loop
      vertex 0.010697673729730713 0.039999999742643996 0.0074999997109247265
      vertex 0.017877718456154674 0.04000000047049054 0.013592702576525312
      vertex 0.017808965819465415 0.03999999912127913 0.013650392243273359
    endloop
  endfacet
  facet normal 0.0 0.0 0.0
    outer loop
      vertex 0.01762112035022544 0.040000000468578684 0.013842981049425702
      vertex 0.017565161473695353 0.039999999119462594 0.013913152405626874
      vertex 0.010697673729730713 0.039999999742643996 0.0074999997109247265
    endloop
  endfacet
  facet normal 0.0 0.0 0.0
    outer loop
      vertex 0.010697673729730713 0.039999999742643996 0.0074999997109247265
      vertex 0.01794926155139016 0.04000000047102359 0.013538510987169843
      vertex 0.017877718456154674 0.04000000047049054 0.013592702576525312
    endloop
  endfacet
  facet normal 0.0 0.0 0.0
    outer loop
      vertex 0.017565161473695353 0.039999999119462594 0.013913152405626874
      vertex 0.017512769906423222 0.039999999119072226 0.013986024567492109
      vertex 0.010697673729730713 0.039999999742643996 0.0074999997109247265
    endloop
  endfacet
  facet normal 0.0 0.0 0.0
    outer loop
      vertex 0.010697673729730713 0.039999999742643996 0.0074999997109247265
      vertex 0.018023417076883756 0.03999999912287696 0.013487954804308516
      vertex 0.01794926155139016 0.04000000047102359 0.013538510987169843
    endloop
  endfacet
  facet normal 0.0 0.0 0.0
    outer loop
      vertex 0.017512769906423222 0.039999999119072226 0.013986024567492109
      vertex 0.017464076472226826 0.039999999118709426 0.014061418244249922
      vertex 0.010697673729730713 0.039999999742643996 0.0074999997109247265
    endloop
  endfacet
  facet normal 0.0 0.0 0.0
    outer loop
      vertex 0.010697673729730713 0.039999999742643996 0.0074999997109247265
      vertex 0.018100000260851557 0.04000000047214671 0.013441156098253828
      vertex 0.018023417076883756 0.03999999912287696 0.013487954804308516
    endloop
  endfacet
  facet normal 0.0 0.0 0.0
    outer loop
      vertex 0.017464076472226826 0.039999999118709426 0.014061418244249922
      vertex 0.017419201205330723 0.04000000046707423 0.014139142701037031
      vertex 0.010697673729730713 0.039999999742643996 0.0074999997109247265
    endloop
  endfacet
  facet normal 0.0 0.0 0.0
    outer loop
      vertex 0.010697673729730713 0.039999999742643996 0.0074999997109247265
      vertex 0.018178820936713115 0.040000000472733985 0.01339822930992375
      vertex 0.018100000260851557 0.04000000047214671 0.013441156098253828
    endloop
  endfacet
  facet normal 0.0 0.0 0.0
    outer loop
      vertex 0.017419201205330723 0.04000000046707423 0.014139142701037031
      vertex 0.01737825604776458 0.03999999911807 0.014219011017687421
      vertex 0.010697673729730713 0.039999999742643996 0.0074999997109247265
    endloop
  endfacet
  facet normal 0.0 0.0 0.0
    outer loop
      vertex 0.010697673729730713 0.039999999742643996 0.0074999997109247265
      vertex 0.018259683543091328 0.040000000473336475 0.013359288880236249
      vertex 0.018178820936713115 0.040000000472733985 0.01339822930992375
    endloop
  endfacet
  facet normal 0.0 0.0 0.0
    outer loop
      vertex 0.01737825604776458 0.03999999911807 0.014219011017687421
      vertex 0.017341343500663943 0.04000000046649412 0.01430081720054875
      vertex 0.010697673729730713 0.039999999742643996 0.0074999997109247265
    endloop
  endfacet
  facet normal 0.0 0.0 0.0
    outer loop
      vertex 0.010697673729730713 0.039999999742643996 0.0074999997109247265
      vertex 0.018342385775113344 0.04000000047395268 0.013324426361925703
      vertex 0.018259683543091328 0.040000000473336475 0.013359288880236249
    endloop
  endfacet
  facet normal 0.0 0.0 0.0
    outer loop
      vertex 0.017341343500663943 0.04000000046649412 0.01430081720054875
      vertex 0.017308553926872045 0.04000000046624982 0.014384362885363202
      vertex 0.010697673729730713 0.039999999742643996 0.0074999997109247265
    endloop
  endfacet
  facet normal 0.0 0.0 0.0
    outer loop
      vertex 0.010697673729730713 0.039999999742643996 0.0074999997109247265
      vertex 0.01842672397920717 0.039999999125881903 0.013293729493029219
      vertex 0.018342385775113344 0.04000000047395268 0.013324426361925703
    endloop
  endfacet
  facet normal 0.0 0.0 0.0
    outer loop
      vertex 0.017308553926872045 0.04000000046624982 0.014384362885363202
      vertex 0.017279969597037165 0.040000000466036835 0.014469442078478436
      vertex 0.010697673729730713 0.039999999742643996 0.0074999997109247265
    endloop
  endfacet
  facet normal 0.0 0.0 0.0
    outer loop
      vertex 0.010697673729730713 0.039999999742643996 0.0074999997109247265
      vertex 0.018512486409605854 0.040000000475220066 0.01326727456749211
      vertex 0.01842672397920717 0.039999999125881903 0.013293729493029219
    endloop
  endfacet
  facet normal 0.0 0.0 0.0
    outer loop
      vertex 0.017279969597037165 0.040000000466036835 0.014469442078478436
      vertex 0.017255660643515233 0.04000000046585572 0.014555837342150312
      vertex 0.010697673729730713 0.039999999742643996 0.0074999997109247265
    endloop
  endfacet
  facet normal 0.0 0.0 0.0
    outer loop
      vertex 0.02358139616846873 0.039999999838637834 0.0074999997109247265
      vertex 0.018599462669241673 0.03999999912716895 0.013245130249865155
      vertex 0.010697673729730713 0.039999999742643996 0.0074999997109247265
    endloop
  endfacet
  facet normal 0.0 0.0 0.0
    outer loop
      vertex 0.010697673729730713 0.039999999742643996 0.0074999997109247265
      vertex 0.018599462669241673 0.03999999912716895 0.013245130249865155
      vertex 0.018512486409605854 0.040000000475220066 0.01326727456749211
    endloop
  endfacet
  facet normal 0.0 0.0 0.0
    outer loop
      vertex 0.017255660643515233 0.04000000046585572 0.014555837342150312
      vertex 0.017235689106467254 0.04000000046570692 0.014643335053331952
      vertex 0.010697673729730713 0.039999999742643996 0.0074999997109247265
    endloop
  endfacet
  facet normal 0.0 0.0 0.0
    outer loop
      vertex 0.02358139616846873 0.039999999838637834 0.0074999997109247265
      vertex 0.018687432920152767 0.0399999991278244 0.013227346131212812
      vertex 0.018599462669241673 0.03999999912716895 0.013245130249865155
    endloop
  endfacet
  facet normal 0.0 0.0 0.0
    outer loop
      vertex 0.017235689106467254 0.04000000046570692 0.014643335053331952
      vertex 0.017220104887761878 0.03999999911689165 0.01473172540367375
      vertex 0.010697673729730713 0.039999999742643996 0.0074999997109247265
    endloop
  endfacet
  facet normal 0.0 0.0 0.0
    outer loop
      vertex 0.02358139616846873 0.039999999838637834 0.0074999997109247265
      vertex 0.01877618137047475 0.04000000047718479 0.013213967987902265
      vertex 0.018687432920152767 0.0399999991278244 0.013227346131212812
    endloop
  endfacet
  facet normal 0.0 0.0 0.0
    outer loop
      vertex 0.017220104887761878 0.03999999911689165 0.01473172540367375
      vertex 0.017208944402276185 0.04000000046550765 0.014820779511339765
      vertex 0.010697673729730713 0.039999999742643996 0.0074999997109247265
    endloop
  endfacet
  facet normal 0.0 0.0 0.0
    outer loop
      vertex 0.02358139616846873 0.039999999838637834 0.0074999997109247265
      vertex 0.018865485484847525 0.039999999129151025 0.013205033966906171
      vertex 0.01877618137047475 0.04000000047718479 0.013213967987902265
    endloop
  endfacet
  facet normal 0.0 0.0 0.0
    outer loop
      vertex 0.017208944402276185 0.04000000046550765 0.014820779511339765
      vertex 0.017202237321391565 0.03999999911675852 0.014910276123888594
      vertex 0.010697673729730713 0.039999999742643996 0.0074999997109247265
    endloop
  endfacet
  facet normal 0.0 0.0 0.0
    outer loop
      vertex 0.02358139616846873 0.039999999838637834 0.0074999997109247265
      vertex 0.018955124076610062 0.04000000047851806 0.013200559327013594
      vertex 0.018865485484847525 0.039999999129151025 0.013205033966906171
    endloop
  endfacet
  facet normal 0.0 0.0 0.0
    outer loop
      vertex 0.017202237321391565 0.03999999911675852 0.014910276123888594
      vertex 0.010697673729730713 0.039999999742643996 0.021500001618273357
      vertex 0.010697673729730713 0.039999999742643996 0.0074999997109247265
    endloop
  endfacet
  facet normal 0.0 0.0 0.0
    outer loop
      vertex 0.017202237321391565 0.03999999911675852 0.014910276123888594
      vertex 0.017199999829497804 0.040000000465441006 0.015000001618273359
      vertex 0.010697673729730713 0.039999999742643996 0.021500001618273357
    endloop
  endfacet
  facet normal 0.0 0.0 0.0
    outer loop
      vertex 0.02358139616846873 0.039999999838637834 0.0074999997109247265
      vertex 0.01904487461040225 0.04000000047918677 0.013200559327013594
      vertex 0.018955124076610062 0.04000000047851806 0.013200559327013594
    endloop
  endfacet
  facet normal 0.0 0.0 0.0
    outer loop
      vertex 0.017199999829497804 0.040000000465441006 0.015000001618273359
      vertex 0.017202237321391565 0.03999999911675852 0.015089723297960858
      vertex 0.010697673729730713 0.039999999742643996 0.021500001618273357
    endloop
  endfacet
  facet normal 0.0 0.0 0.0
    outer loop
      vertex 0.02358139616846873 0.039999999838637834 0.0074999997109247265
      vertex 0.019134514550863947 0.04000000047985466 0.013205033966906171
      vertex 0.01904487461040225 0.04000000047918677 0.013200559327013594
    endloop
  endfacet
  facet normal 0.0 0.0 0.0
    outer loop
      vertex 0.017202237321391565 0.03999999911675852 0.015089723297960858
      vertex 0.017208944402276185 0.04000000046550765 0.015179223725206952
      vertex 0.010697673729730713 0.039999999742643996 0.021500001618273357
    endloop
  endfacet
  facet normal 0.0 0.0 0.0
    outer loop
      vertex 0.02358139616846873 0.039999999838637834 0.0074999997109247265
      vertex 0.01922381866523672 0.039999999131820896 0.013213967987902265
      vertex 0.019134514550863947 0.04000000047985466 0.013205033966906171
    endloop
  endfacet
  facet normal 0.0 0.0 0.0
    outer loop
      vertex 0.017208944402276185 0.04000000046550765 0.015179223725206952
      vertex 0.017220104887761878 0.03999999911689165 0.015268277832872969
      vertex 0.010697673729730713 0.039999999742643996 0.021500001618273357
    endloop
  endfacet
  facet normal 0.0 0.0 0.0
    outer loop
      vertex 0.02358139616846873 0.039999999838637834 0.0074999997109247265
      vertex 0.019312567115558708 0.04000000048118129 0.013227346131212812
      vertex 0.01922381866523672 0.039999999131820896 0.013213967987902265
    endloop
  endfacet
  facet normal 0.0 0.0 0.0
    outer loop
      vertex 0.017220104887761878 0.03999999911689165 0.015268277832872969
      vertex 0.017235689106467254 0.04000000046570692 0.0153566643685175
      vertex 0.010697673729730713 0.039999999742643996 0.021500001618273357
    endloop
  endfacet
  facet normal 0.0 0.0 0.0
    outer loop
      vertex 0.02358139616846873 0.039999999838637834 0.0074999997109247265
      vertex 0.019400537366469798 0.04000000048183674 0.013245130249865155
      vertex 0.019312567115558708 0.04000000048118129 0.013227346131212812
    endloop
  endfacet
  facet normal 0.0 0.0 0.0
    outer loop
      vertex 0.017235689106467254 0.04000000046570692 0.0153566643685175
      vertex 0.017255660643515233 0.04000000046585572 0.01544416207969914
      vertex 0.010697673729730713 0.039999999742643996 0.021500001618273357
    endloop
  endfacet
  facet normal 0.0 0.0 0.0
    outer loop
      vertex 0.02358139616846873 0.039999999838637834 0.0074999997109247265
      vertex 0.01948751227740645 0.04000000048248477 0.01326727456749211
      vertex 0.019400537366469798 0.04000000048183674 0.013245130249865155
    endloop
  endfacet
  facet normal 0.0 0.0 0.0
    outer loop
      vertex 0.017255660643515233 0.04000000046585572 0.01544416207969914
      vertex 0.017279969597037165 0.040000000466036835 0.01553056115806828
      vertex 0.010697673729730713 0.039999999742643996 0.021500001618273357
    endloop
  endfacet
  facet normal 0.0 0.0 0.0
    outer loop
      vertex 0.02358139616846873 0.039999999838637834 0.0074999997109247265
      vertex 0.019573276056504305 0.04000000048312377 0.013293729493029219
      vertex 0.01948751227740645 0.04000000048248477 0.01326727456749211
    endloop
  endfacet
  facet normal 0.0 0.0 0.0
    outer loop
      vertex 0.017279969597037165 0.040000000466036835 0.01553056115806828
      vertex 0.017308553926872045 0.04000000046624982 0.01561563653648625
      vertex 0.010697673729730713 0.039999999742643996 0.021500001618273357
    endloop
  endfacet
  facet normal 0.0 0.0 0.0
    outer loop
      vertex 0.02358139616846873 0.039999999838637834 0.0074999997109247265
      vertex 0.019657614260598127 0.039999999135053005 0.013324426361925703
      vertex 0.019573276056504305 0.04000000048312377 0.013293729493029219
    endloop
  endfacet
  facet normal 0.0 0.0 0.0
    outer loop
      vertex 0.017308553926872045 0.04000000046624982 0.01561563653648625
      vertex 0.017341343500663943 0.04000000046649412 0.015699182221300702
      vertex 0.010697673729730713 0.039999999742643996 0.021500001618273357
    endloop
  endfacet
  facet normal 0.0 0.0 0.0
    outer loop
      vertex 0.02358139616846873 0.039999999838637834 0.0074999997109247265
      vertex 0.019740316492620147 0.0399999991356692 0.013359288880236249
      vertex 0.019657614260598127 0.039999999135053005 0.013324426361925703
    endloop
  endfacet
  facet normal 0.0 0.0 0.0
    outer loop
      vertex 0.017341343500663943 0.04000000046649412 0.015699182221300702
      vertex 0.01737825604776458 0.03999999911807 0.015780992218859296
      vertex 0.010697673729730713 0.039999999742643996 0.021500001618273357
    endloop
  endfacet
  facet normal 0.0 0.0 0.0
    outer loop
      vertex 0.02358139616846873 0.039999999838637834 0.0074999997109247265
      vertex 0.019821179098998356 0.03999999913627169 0.01339822930992375
      vertex 0.019740316492620147 0.0399999991356692 0.013359288880236249
    endloop
  endfacet
  facet normal 0.0 0.0 0.0
    outer loop
      vertex 0.01737825604776458 0.03999999911807 0.015780992218859296
      vertex 0.017419201205330723 0.04000000046707423 0.01586085672081242
      vertex 0.010697673729730713 0.039999999742643996 0.021500001618273357
    endloop
  endfacet
  facet normal 0.0 0.0 0.0
    outer loop
      vertex 0.02358139616846873 0.039999999838637834 0.0074999997109247265
      vertex 0.019899999774859914 0.03999999913685897 0.013441156098253828
      vertex 0.019821179098998356 0.03999999913627169 0.01339822930992375
    endloop
  endfacet
  facet normal 0.0 0.0 0.0
    outer loop
      vertex 0.017419201205330723 0.04000000046707423 0.01586085672081242
      vertex 0.017464076472226826 0.039999999118709426 0.015938584992296796
      vertex 0.010697673729730713 0.039999999742643996 0.021500001618273357
    endloop
  endfacet
  facet normal 0.0 0.0 0.0
    outer loop
      vertex 0.02358139616846873 0.039999999838637834 0.0074999997109247265
      vertex 0.01997658295882771 0.04000000048612873 0.013487954804308516
      vertex 0.019899999774859914 0.03999999913685897 0.013441156098253828
    endloop
  endfacet
  facet normal 0.0 0.0 0.0
    outer loop
      vertex 0.017464076472226826 0.039999999118709426 0.015938584992296796
      vertex 0.017512769906423222 0.039999999119072226 0.016013974854357342
      vertex 0.010697673729730713 0.039999999742643996 0.021500001618273357
    endloop
  endfacet
  facet normal 0.0 0.0 0.0
    outer loop
      vertex 0.02358139616846873 0.039999999838637834 0.0074999997109247265
      vertex 0.020050738484321307 0.03999999913798209 0.013538510987169843
      vertex 0.01997658295882771 0.04000000048612873 0.013487954804308516
    endloop
  endfacet
  facet normal 0.0 0.0 0.0
    outer loop
      vertex 0.017512769906423222 0.039999999119072226 0.016013974854357342
      vertex 0.017565161473695353 0.039999999119462594 0.016086847016222577
      vertex 0.010697673729730713 0.039999999742643996 0.021500001618273357
    endloop
  endfacet
  facet normal 0.0 0.0 0.0
    outer loop
      vertex 0.02358139616846873 0.039999999838637834 0.0074999997109247265
      vertex 0.020122281579556794 0.039999999138515145 0.013592702576525312
      vertex 0.020050738484321307 0.03999999913798209 0.013538510987169843
    endloop
  endfacet
  facet normal 0.0 0.0 0.0
    outer loop
      vertex 0.017565161473695353 0.039999999119462594 0.016086847016222577
      vertex 0.01762112035022544 0.040000000468578684 0.01615701837242375
      vertex 0.010697673729730713 0.039999999742643996 0.021500001618273357
    endloop
  endfacet
  facet normal 0.0 0.0 0.0
    outer loop
      vertex 0.02358139616846873 0.039999999838637834 0.0074999997109247265
      vertex 0.02019103421624606 0.040000000487726554 0.013650392243273359
      vertex 0.020122281579556794 0.039999999138515145 0.013592702576525312
    endloop
  endfacet
  facet normal 0.0 0.0 0.0
    outer loop
      vertex 0.01762112035022544 0.040000000468578684 0.01615701837242375
      vertex 0.017680506271301657 0.04000000046902115 0.016224309632189373
      vertex 0.010697673729730713 0.039999999742643996 0.021500001618273357
    endloop
  endfacet
  facet normal 0.0 0.0 0.0
    outer loop
      vertex 0.02358139616846873 0.039999999838637834 0.0074999997109247265
      vertex 0.020256826458295935 0.040000000488216766 0.013711438843615156
      vertex 0.02019103421624606 0.040000000487726554 0.013650392243273359
    endloop
  endfacet
  facet normal 0.0 0.0 0.0
    outer loop
      vertex 0.017680506271301657 0.04000000046902115 0.016224309632189373
      vertex 0.017743173577415547 0.03999999912078892 0.016288560578234298
      vertex 0.010697673729730713 0.039999999742643996 0.021500001618273357
    endloop
  endfacet
  facet normal 0.0 0.0 0.0
    outer loop
      vertex 0.02358139616846873 0.039999999838637834 0.0074999997109247265
      vertex 0.020319493764409818 0.039999999139984525 0.013775689789660078
      vertex 0.020256826458295935 0.040000000488216766 0.013711438843615156
    endloop
  endfacet
  facet normal 0.0 0.0 0.0
    outer loop
      vertex 0.017743173577415547 0.03999999912078892 0.016288560578234298
      vertex 0.017808965819465415 0.03999999912127913 0.016349607178576094
      vertex 0.010697673729730713 0.039999999742643996 0.021500001618273357
    endloop
  endfacet
  facet normal 0.0 0.0 0.0
    outer loop
      vertex 0.02358139616846873 0.039999999838637834 0.0074999997109247265
      vertex 0.020378879685486035 0.039999999140427 0.013842981049425702
      vertex 0.020319493764409818 0.039999999139984525 0.013775689789660078
    endloop
  endfacet
  facet normal 0.0 0.0 0.0
    outer loop
      vertex 0.017808965819465415 0.03999999912127913 0.016349607178576094
      vertex 0.017877718456154674 0.04000000047049054 0.01640729684532414
      vertex 0.010697673729730713 0.039999999742643996 0.021500001618273357
    endloop
  endfacet
  facet normal 0.0 0.0 0.0
    outer loop
      vertex 0.02358139616846873 0.039999999838637834 0.0074999997109247265
      vertex 0.020434838562016118 0.04000000048954309 0.013913152405626874
      vertex 0.020378879685486035 0.039999999140427 0.013842981049425702
    endloop
  endfacet
  facet normal 0.0 0.0 0.0
    outer loop
      vertex 0.017877718456154674 0.04000000047049054 0.01640729684532414
      vertex 0.01794926155139016 0.04000000047102359 0.016461488434679608
      vertex 0.010697673729730713 0.039999999742643996 0.021500001618273357
    endloop
  endfacet
  facet normal 0.0 0.0 0.0
    outer loop
      vertex 0.02358139616846873 0.039999999838637834 0.0074999997109247265
      vertex 0.02048723012928825 0.04000000048993345 0.013986024567492109
      vertex 0.020434838562016118 0.04000000048954309 0.013913152405626874
    endloop
  endfacet
  facet normal 0.0 0.0 0.0
    outer loop
      vertex 0.01794926155139016 0.04000000047102359 0.016461488434679608
      vertex 0.018023417076883756 0.03999999912287696 0.0165120484322382
      vertex 0.010697673729730713 0.039999999742643996 0.021500001618273357
    endloop
  endfacet
  facet normal 0.0 0.0 0.0
    outer loop
      vertex 0.02358139616846873 0.039999999838637834 0.0074999997109247265
      vertex 0.020535923563484645 0.04000000049029625 0.014061418244249922
      vertex 0.02048723012928825 0.04000000048993345 0.013986024567492109
    endloop
  endfacet
  facet normal 0.0 0.0 0.0
    outer loop
      vertex 0.018023417076883756 0.03999999912287696 0.0165120484322382
      vertex 0.018100000260851557 0.04000000047214671 0.01655884713829289
      vertex 0.010697673729730713 0.039999999742643996 0.021500001618273357
    endloop
  endfacet
  facet normal 0.0 0.0 0.0
    outer loop
      vertex 0.02358139616846873 0.039999999838637834 0.0074999997109247265
      vertex 0.02058079883038075 0.039999999141931454 0.014139142701037031
      vertex 0.020535923563484645 0.04000000049029625 0.014061418244249922
    endloop
  endfacet
  facet normal 0.0 0.0 0.0
    outer loop
      vertex 0.018100000260851557 0.04000000047214671 0.01655884713829289
      vertex 0.018178820936713115 0.040000000472733985 0.016601770111925703
      vertex 0.010697673729730713 0.039999999742643996 0.021500001618273357
    endloop
  endfacet
  facet normal 0.0 0.0 0.0
    outer loop
      vertex 0.02358139616846873 0.039999999838637834 0.0074999997109247265
      vertex 0.020621743987946892 0.040000000490935675 0.014219011017687421
      vertex 0.02058079883038075 0.039999999141931454 0.014139142701037031
    endloop
  endfacet
  facet normal 0.0 0.0 0.0
    outer loop
      vertex 0.018178820936713115 0.040000000472733985 0.016601770111925703
      vertex 0.018259683543091328 0.040000000473336475 0.0166407105416132
      vertex 0.010697673729730713 0.039999999742643996 0.021500001618273357
    endloop
  endfacet
  facet normal 0.0 0.0 0.0
    outer loop
      vertex 0.02358139616846873 0.039999999838637834 0.0074999997109247265
      vertex 0.02065865788374667 0.04000000049121072 0.01430081720054875
      vertex 0.020621743987946892 0.040000000490935675 0.014219011017687421
    endloop
  endfacet
  facet normal 0.0 0.0 0.0
    outer loop
      vertex 0.018259683543091328 0.040000000473336475 0.0166407105416132
      vertex 0.018342385775113344 0.04000000047395268 0.01667557305992375
      vertex 0.010697673729730713 0.039999999742643996 0.021500001618273357
    endloop
  endfacet
  facet normal 0.0 0.0 0.0
    outer loop
      vertex 0.02358139616846873 0.039999999838637834 0.0074999997109247265
      vertex 0.02069144745753857 0.04000000049145502 0.014384362885363202
      vertex 0.02065865788374667 0.04000000049121072 0.01430081720054875
    endloop
  endfacet
  facet normal 0.0 0.0 0.0
    outer loop
      vertex 0.018342385775113344 0.04000000047395268 0.01667557305992375
      vertex 0.01842672397920717 0.039999999125881903 0.016706269928820235
      vertex 0.010697673729730713 0.039999999742643996 0.021500001618273357
    endloop
  endfacet
  facet normal 0.0 0.0 0.0
    outer loop
      vertex 0.02358139616846873 0.039999999838637834 0.0074999997109247265
      vertex 0.02072003178737345 0.040000000491668006 0.014469442078478436
      vertex 0.02069144745753857 0.04000000049145502 0.014384362885363202
    endloop
  endfacet
  facet normal 0.0 0.0 0.0
    outer loop
      vertex 0.01842672397920717 0.039999999125881903 0.016706269928820235
      vertex 0.018512486409605854 0.040000000475220066 0.016732724854357343
      vertex 0.010697673729730713 0.039999999742643996 0.021500001618273357
    endloop
  endfacet
  facet normal 0.0 0.0 0.0
    outer loop
      vertex 0.02358139616846873 0.039999999838637834 0.0074999997109247265
      vertex 0.020744339392196238 0.039999999143149965 0.014555837342150312
      vertex 0.02072003178737345 0.040000000491668006 0.014469442078478436
    endloop
  endfacet
  facet normal 0.0 0.0 0.0
    outer loop
      vertex 0.018512486409605854 0.040000000475220066 0.016732724854357343
      vertex 0.018599462669241673 0.03999999912716895 0.016754869171984297
      vertex 0.010697673729730713 0.039999999742643996 0.021500001618273357
    endloop
  endfacet
  facet normal 0.0 0.0 0.0
    outer loop
      vertex 0.02358139616846873 0.039999999838637834 0.0074999997109247265
      vertex 0.020764310929244217 0.03999999914329876 0.014643335053331952
      vertex 0.020744339392196238 0.039999999143149965 0.014555837342150312
    endloop
  endfacet
  facet normal 0.0 0.0 0.0
    outer loop
      vertex 0.02358139616846873 0.039999999838637834 0.0074999997109247265
      vertex 0.020779895147949597 0.04000000049211403 0.01473172540367375
      vertex 0.020764310929244217 0.03999999914329876 0.014643335053331952
    endloop
  endfacet
  facet normal 0.0 0.0 0.0
    outer loop
      vertex 0.02358139616846873 0.039999999838637834 0.0074999997109247265
      vertex 0.02079105563343529 0.03999999914349803 0.014820779511339765
      vertex 0.020779895147949597 0.04000000049211403 0.01473172540367375
    endloop
  endfacet
  facet normal 0.0 0.0 0.0
    outer loop
      vertex 0.01922381866523672 0.039999999131820896 0.016786031433947187
      vertex 0.02358139616846873 0.039999999838637834 0.021500001618273357
      vertex 0.019134514550863947 0.04000000047985466 0.01679496545494328
    endloop
  endfacet
  facet normal 0.0 0.0 0.0
    outer loop
      vertex 0.019312567115558708 0.04000000048118129 0.01677265329063664
      vertex 0.02358139616846873 0.039999999838637834 0.021500001618273357
      vertex 0.01922381866523672 0.039999999131820896 0.016786031433947187
    endloop
  endfacet
  facet normal 0.0 0.0 0.0
    outer loop
      vertex 0.019400537366469798 0.04000000048183674 0.016754869171984297
      vertex 0.02358139616846873 0.039999999838637834 0.021500001618273357
      vertex 0.019312567115558708 0.04000000048118129 0.01677265329063664
    endloop
  endfacet
  facet normal 0.0 0.0 0.0
    outer loop
      vertex 0.01948751227740645 0.04000000048248477 0.016732724854357343
      vertex 0.02358139616846873 0.039999999838637834 0.021500001618273357
      vertex 0.019400537366469798 0.04000000048183674 0.016754869171984297
    endloop
  endfacet
  facet normal 0.0 0.0 0.0
    outer loop
      vertex 0.019573276056504305 0.04000000048312377 0.016706269928820235
      vertex 0.02358139616846873 0.039999999838637834 0.021500001618273357
      vertex 0.01948751227740645 0.04000000048248477 0.016732724854357343
    endloop
  endfacet
  facet normal 0.0 0.0 0.0
    outer loop
      vertex 0.018599462669241673 0.03999999912716895 0.016754869171984297
      vertex 0.02358139616846873 0.039999999838637834 0.021500001618273357
      vertex 0.010697673729730713 0.039999999742643996 0.021500001618273357
    endloop
  endfacet
  facet normal 0.0 0.0 0.0
    outer loop
      vertex 0.019657614260598127 0.039999999135053005 0.01667557305992375
      vertex 0.02358139616846873 0.039999999838637834 0.021500001618273357
      vertex 0.019573276056504305 0.04000000048312377 0.016706269928820235
    endloop
  endfacet
  facet normal 0.0 0.0 0.0
    outer loop
      vertex 0.019740316492620147 0.0399999991356692 0.0166407105416132
      vertex 0.02358139616846873 0.039999999838637834 0.021500001618273357
      vertex 0.019657614260598127 0.039999999135053005 0.01667557305992375
    endloop
  endfacet
  facet normal 0.0 0.0 0.0
    outer loop
      vertex 0.019821179098998356 0.03999999913627169 0.016601770111925703
      vertex 0.02358139616846873 0.039999999838637834 0.021500001618273357
      vertex 0.019740316492620147 0.0399999991356692 0.0166407105416132
    endloop
  endfacet
  facet normal 0.0 0.0 0.0
    outer loop
      vertex 0.019899999774859914 0.03999999913685897 0.01655884713829289
      vertex 0.02358139616846873 0.039999999838637834 0.021500001618273357
      vertex 0.019821179098998356 0.03999999913627169 0.016601770111925703
    endloop
  endfacet
  facet normal 0.0 0.0 0.0
    outer loop
      vertex 0.01997658295882771 0.04000000048612873 0.0165120484322382
      vertex 0.02358139616846873 0.039999999838637834 0.021500001618273357
      vertex 0.019899999774859914 0.03999999913685897 0.01655884713829289
    endloop
  endfacet
  facet normal 0.0 0.0 0.0
    outer loop
      vertex 0.020050738484321307 0.03999999913798209 0.016461488434679608
      vertex 0.02358139616846873 0.039999999838637834 0.021500001618273357
      vertex 0.01997658295882771 0.04000000048612873 0.0165120484322382
    endloop
  endfacet
  facet normal 0.0 0.0 0.0
    outer loop
      vertex 0.020122281579556794 0.039999999138515145 0.01640729684532414
      vertex 0.02358139616846873 0.039999999838637834 0.021500001618273357
      vertex 0.020050738484321307 0.03999999913798209 0.016461488434679608
    endloop
  endfacet
  facet normal 0.0 0.0 0.0
    outer loop
      vertex 0.02019103421624606 0.040000000487726554 0.016349607178576094
      vertex 0.02358139616846873 0.039999999838637834 0.021500001618273357
      vertex 0.020122281579556794 0.039999999138515145 0.01640729684532414
    endloop
  endfacet
  facet normal 0.0 0.0 0.0
    outer loop
      vertex 0.020256826458295935 0.040000000488216766 0.016288560578234298
      vertex 0.02358139616846873 0.039999999838637834 0.021500001618273357
      vertex 0.02019103421624606 0.040000000487726554 0.016349607178576094
    endloop
  endfacet
  facet normal 0.0 0.0 0.0
    outer loop
      vertex 0.020319493764409818 0.039999999139984525 0.016224309632189373
      vertex 0.02358139616846873 0.039999999838637834 0.021500001618273357
      vertex 0.020256826458295935 0.040000000488216766 0.016288560578234298
    endloop
  endfacet
  facet normal 0.0 0.0 0.0
    outer loop
      vertex 0.020378879685486035 0.039999999140427 0.01615701837242375
      vertex 0.02358139616846873 0.039999999838637834 0.021500001618273357
      vertex 0.020319493764409818 0.039999999139984525 0.016224309632189373
    endloop
  endfacet
  facet normal 0.0 0.0 0.0
    outer loop
      vertex 0.020434838562016118 0.04000000048954309 0.016086847016222577
      vertex 0.02358139616846873 0.039999999838637834 0.021500001618273357
      vertex 0.020378879685486035 0.039999999140427 0.01615701837242375
    endloop
  endfacet
  facet normal 0.0 0.0 0.0
    outer loop
      vertex 0.02048723012928825 0.04000000048993345 0.016013974854357342
      vertex 0.02358139616846873 0.039999999838637834 0.021500001618273357
      vertex 0.020434838562016118 0.04000000048954309 0.016086847016222577
    endloop
  endfacet
  facet normal 0.0 0.0 0.0
    outer loop
      vertex 0.020535923563484645 0.04000000049029625 0.015938584992296796
      vertex 0.02358139616846873 0.039999999838637834 0.021500001618273357
      vertex 0.02048723012928825 0.04000000048993345 0.016013974854357342
    endloop
  endfacet
  facet normal 0.0 0.0 0.0
    outer loop
      vertex 0.02058079883038075 0.039999999141931454 0.01586085672081242
      vertex 0.02358139616846873 0.039999999838637834 0.021500001618273357
      vertex 0.020535923563484645 0.04000000049029625 0.015938584992296796
    endloop
  endfacet
  facet normal 0.0 0.0 0.0
    outer loop
      vertex 0.020621743987946892 0.040000000490935675 0.015780992218859296
      vertex 0.02358139616846873 0.039999999838637834 0.021500001618273357
      vertex 0.02058079883038075 0.039999999141931454 0.01586085672081242
    endloop
  endfacet
  facet normal 0.0 0.0 0.0
    outer loop
      vertex 0.02065865788374667 0.04000000049121072 0.015699182221300702
      vertex 0.02358139616846873 0.039999999838637834 0.021500001618273357
      vertex 0.020621743987946892 0.040000000490935675 0.015780992218859296
    endloop
  endfacet
  facet normal 0.0 0.0 0.0
    outer loop
      vertex 0.02069144745753857 0.04000000049145502 0.01561563653648625
      vertex 0.02358139616846873 0.039999999838637834 0.021500001618273357
      vertex 0.02065865788374667 0.04000000049121072 0.015699182221300702
    endloop
  endfacet
  facet normal 0.0 0.0 0.0
    outer loop
      vertex 0.02072003178737345 0.040000000491668006 0.01553056115806828
      vertex 0.02358139616846873 0.039999999838637834 0.021500001618273357
      vertex 0.02069144745753857 0.04000000049145502 0.01561563653648625
    endloop
  endfacet
  facet normal 0.0 0.0 0.0
    outer loop
      vertex 0.020744339392196238 0.039999999143149965 0.01544416207969914
      vertex 0.02358139616846873 0.039999999838637834 0.021500001618273357
      vertex 0.02072003178737345 0.040000000491668006 0.01553056115806828
    endloop
  endfacet
  facet normal 0.0 0.0 0.0
    outer loop
      vertex 0.020764310929244217 0.03999999914329876 0.0153566643685175
      vertex 0.02358139616846873 0.039999999838637834 0.021500001618273357
      vertex 0.020744339392196238 0.039999999143149965 0.01544416207969914
    endloop
  endfacet
  facet normal 0.0 0.0 0.0
    outer loop
      vertex 0.020779895147949597 0.04000000049211403 0.015268277832872969
      vertex 0.02358139616846873 0.039999999838637834 0.021500001618273357
      vertex 0.020764310929244217 0.03999999914329876 0.0153566643685175
    endloop
  endfacet
  facet normal 0.0 0.0 0.0
    outer loop
      vertex 0.02079105563343529 0.03999999914349803 0.015179223725206952
      vertex 0.02358139616846873 0.039999999838637834 0.021500001618273357
      vertex 0.020779895147949597 0.04000000049211403 0.015268277832872969
    endloop
  endfacet
  facet normal 0.0 0.0 0.0
    outer loop
      vertex 0.02079776271431991 0.04000000049224716 0.015089723297960858
      vertex 0.02358139616846873 0.039999999838637834 0.021500001618273357
      vertex 0.02079105563343529 0.03999999914349803 0.015179223725206952
    endloop
  endfacet
  facet normal 0.0 0.0 0.0
    outer loop
      vertex 0.020800000206213667 0.03999999914356468 0.015000001618273359
      vertex 0.02358139616846873 0.039999999838637834 0.021500001618273357
      vertex 0.02079776271431991 0.04000000049224716 0.015089723297960858
    endloop
  endfacet
  facet normal 0.0 0.0 0.0
    outer loop
      vertex 0.018687432920152767 0.0399999991278244 0.01677265329063664
      vertex 0.02358139616846873 0.039999999838637834 0.021500001618273357
      vertex 0.018599462669241673 0.03999999912716895 0.016754869171984297
    endloop
  endfacet
  facet normal 0.0 0.0 0.0
    outer loop
      vertex 0.01877618137047475 0.04000000047718479 0.016786031433947187
      vertex 0.02358139616846873 0.039999999838637834 0.021500001618273357
      vertex 0.018687432920152767 0.0399999991278244 0.01677265329063664
    endloop
  endfacet
  facet normal 0.0 0.0 0.0
    outer loop
      vertex 0.018865485484847525 0.039999999129151025 0.01679496545494328
      vertex 0.02358139616846873 0.039999999838637834 0.021500001618273357
      vertex 0.01877618137047475 0.04000000047718479 0.016786031433947187
    endloop
  endfacet
  facet normal 0.0 0.0 0.0
    outer loop
      vertex 0.018955124076610062 0.04000000047851806 0.01679944009483586
      vertex 0.02358139616846873 0.039999999838637834 0.021500001618273357
      vertex 0.018865485484847525 0.039999999129151025 0.01679496545494328
    endloop
  endfacet
  facet normal 0.0 0.0 0.0
    outer loop
      vertex 0.01904487461040225 0.04000000047918677 0.01679944009483586
      vertex 0.02358139616846873 0.039999999838637834 0.021500001618273357
      vertex 0.018955124076610062 0.04000000047851806 0.01679944009483586
    endloop
  endfacet
  facet normal 0.0 0.0 0.0
    outer loop
      vertex 0.019134514550863947 0.04000000047985466 0.01679496545494328
      vertex 0.02358139616846873 0.039999999838637834 0.021500001618273357
      vertex 0.01904487461040225 0.04000000047918677 0.01679944009483586
    endloop
  endfacet
  facet normal 0.0 0.0 0.0
    outer loop
      vertex 0.02358139616846873 0.039999999838637834 0.0074999997109247265
      vertex 0.02358139616846873 0.039999999838637834 0.021500001618273357
      vertex 0.020800000206213667 0.03999999914356468 0.015000001618273359
    endloop
  endfacet
  facet normal 0.0 0.0 0.0
    outer loop
      vertex 0.02358139616846873 0.039999999838637834 0.0074999997109247265
      vertex 0.020800000206213667 0.03999999914356468 0.015000001618273359
      vertex 0.02079776271431991 0.04000000049224716 0.014910276123888594
    endloop
  endfacet
  facet normal 0.0 0.0 0.0
    outer loop
      vertex 0.02358139616846873 0.039999999838637834 0.0074999997109247265
      vertex 0.02079776271431991 0.04000000049224716 0.014910276123888594
      vertex 0.02079105563343529 0.03999999914349803 0.014820779511339765
    endloop
  endfacet
  facet normal 0.0 0.0 0.0
    outer loop
      vertex 0.010697673729730713 0.039999999742643996 0.021500001618273357
      vertex 0.02358139616846873 0.039999999838637834 0.021500001618273357
      vertex 0.008023256658747778 0.030000000399622386 0.021500001618273357
    endloop
  endfacet
  facet normal 0.0 0.0 0.0
    outer loop
      vertex 0.02358139616846873 0.039999999838637834 0.021500001618273357
      vertex 0.027186046260020136 0.0300000005424002 0.021500001618273357
      vertex 0.008023256658747778 0.030000000399622386 0.021500001618273357
    endloop
  endfacet
  facet normal 0.0 0.0 0.0
    outer loop
      vertex 7.253519495588176e-10 1.6962079326539564e-09 0.030000001618273358
      vertex 0.022500000399218765 0.04299999969494408 0.02500000161827336
      vertex 0.011499999323070295 0.042999999612985444 0.02500000161827336
    endloop
  endfacet
  facet normal 0.0 0.0 0.0
    outer loop
      vertex 0.038000001255121416 -7.180605585688227e-10 0.030000001618273358
      vertex 0.022500000399218765 0.04299999969494408 0.02500000161827336
      vertex 7.253519495588176e-10 1.6962079326539564e-09 0.030000001618273358
    endloop
  endfacet
  facet normal 0.0 0.0 0.0
    outer loop
      vertex 0.03170000089578955 0.004999999233721839 0.007999999710924726
      vertex 0.03170000089578955 0.004999999233721839 0.013000001618273358
      vertex 0.031700000933043475 -7.650005002801663e-10 0.007999999710924726
    endloop
  endfacet
  facet normal 0.0 0.0 0.0
    outer loop
      vertex 0.031700000933043475 -7.650005002801663e-10 0.007999999710924726
      vertex 0.03170000089578955 0.004999999233721839 0.013000001618273358
      vertex 0.031700000933043475 -7.650005002801663e-10 0.013000001618273358
    endloop
  endfacet
  facet normal 0.0 0.0 0.0
    outer loop
      vertex 0.036300001004625104 0.00471612776780742 0.01900000161827336
      vertex 0.03629969080381369 0.004716982843067699 0.01896235055626164
      vertex 0.03630000103976394 1.966671412390042e-09 0.01900000161827336
    endloop
  endfacet
  facet normal 0.0 0.0 0.0
    outer loop
      vertex 0.03630000103976394 1.966671412390042e-09 0.01900000161827336
      vertex 0.036298769642273535 0.0047195467201494486 0.018924710938341718
      vertex 0.03629714179756095 1.96665010676611e-09 0.018885354706652265
    endloop
  endfacet
  facet normal 0.0 0.0 0.0
    outer loop
      vertex 0.03629969080381369 0.004716982843067699 0.01896235055626164
      vertex 0.036298769642273535 0.0047195467201494486 0.018924710938341718
      vertex 0.03630000103976394 1.966671412390042e-09 0.01900000161827336
    endloop
  endfacet
  facet normal 0.0 0.0 0.0
    outer loop
      vertex 0.036298769642273535 0.0047195467201494486 0.018924710938341718
      vertex 0.03629722807911055 0.004723820747751754 0.018887090393908124
      vertex 0.03629714179756095 1.96665010676611e-09 0.018885354706652265
    endloop
  endfacet
  facet normal 0.0 0.0 0.0
    outer loop
      vertex 0.03629722807911055 0.004723820747751754 0.018887090393908124
      vertex 0.03629507016042222 0.004729803577175495 0.018849500367052657
      vertex 0.03629714179756095 1.96665010676611e-09 0.018885354706652265
    endloop
  endfacet
  facet normal 0.0 0.0 0.0
    outer loop
      vertex 0.03629714179756095 1.96665010676611e-09 0.018885354706652265
      vertex 0.03629230128100518 0.004737489813624098 0.018811952301867108
      vertex 0.03628857216314696 -7.308120473226154e-10 0.01877099389732609
    endloop
  endfacet
  facet normal 0.0 0.0 0.0
    outer loop
      vertex 0.03629507016042222 0.004729803577175495 0.018849500367052657
      vertex 0.03629230128100518 0.004737489813624098 0.018811952301867108
      vertex 0.03629714179756095 1.96665010676611e-09 0.018885354706652265
    endloop
  endfacet
  facet normal 0.0 0.0 0.0
    outer loop
      vertex 0.03629230128100518 0.004737489813624098 0.018811952301867108
      vertex 0.0362889133486645 0.004746882154495813 0.018774453827746014
      vertex 0.03628857216314696 -7.308120473226154e-10 0.01877099389732609
    endloop
  endfacet
  facet normal 0.0 0.0 0.0
    outer loop
      vertex 0.0362889133486645 0.004746882154495813 0.018774453827746014
      vertex 0.0362849158042943 0.0047579738562949425 0.018737016388781173
      vertex 0.03628857216314696 -7.308120473226154e-10 0.01877099389732609
    endloop
  endfacet
  facet normal 0.0 0.0 0.0
    outer loop
      vertex 0.03628857216314696 -7.308120473226154e-10 0.01877099389732609
      vertex 0.036280304601797105 0.0047707662677206105 0.01869964761436711
      vertex 0.03627431101831 1.9664799992824556e-09 0.018657201477892498
    endloop
  endfacet
  facet normal 0.0 0.0 0.0
    outer loop
      vertex 0.0362849158042943 0.0047579738562949425 0.018737016388781173
      vertex 0.036280304601797105 0.0047707662677206105 0.01869964761436711
      vertex 0.03628857216314696 -7.308120473226154e-10 0.01877099389732609
    endloop
  endfacet
  facet normal 0.0 0.0 0.0
    outer loop
      vertex 0.036280304601797105 0.0047707662677206105 0.01869964761436711
      vertex 0.036275081089872104 0.0047852553426753755 0.018662358948595626
      vertex 0.03627431101831 1.9664799992824556e-09 0.018657201477892498
    endloop
  endfacet
  facet normal 0.0 0.0 0.0
    outer loop
      vertex 0.036275081089872104 0.0047852553426753755 0.018662358948595626
      vertex 0.0362692493146168 0.0048014343376634955 0.018625161835558516
      vertex 0.03627431101831 1.9664799992824556e-09 0.018657201477892498
    endloop
  endfacet
  facet normal 0.0 0.0 0.0
    outer loop
      vertex 0.03627431101831 1.9664799992824556e-09 0.018657201477892498
      vertex 0.03626281062473038 0.004819299206587532 0.018588067719347578
      vertex 0.03625439612662645 -7.310666845228298e-10 0.018544263550646405
    endloop
  endfacet
  facet normal 0.0 0.0 0.0
    outer loop
      vertex 0.0362692493146168 0.0048014343376634955 0.018625161835558516
      vertex 0.03626281062473038 0.004819299206587532 0.018588067719347578
      vertex 0.03627431101831 1.9664799992824556e-09 0.018657201477892498
    endloop
  endfacet
  facet normal 0.0 0.0 0.0
    outer loop
      vertex 0.03626281062473038 0.004819299206587532 0.018588067719347578
      vertex 0.036255763671513695 0.004838848600748321 0.018551080414660078
      vertex 0.03625439612662645 -7.310666845228298e-10 0.018544263550646405
    endloop
  endfacet
  facet normal 0.0 0.0 0.0
    outer loop
      vertex 0.036255763671513695 0.004838848600748321 0.018551080414660078
      vertex 0.036248113849763446 0.004860071730552683 0.01851421518028508
      vertex 0.03625439612662645 -7.310666845228298e-10 0.018544263550646405
    endloop
  endfacet
  facet normal 0.0 0.0 0.0
    outer loop
      vertex 0.03625439612662645 -7.310666845228298e-10 0.018544263550646405
      vertex 0.03623986115947963 0.004882968596000614 0.01847747964561711
      vertex 0.03622887873866401 -7.312568115480645e-10 0.0184324585884882
    endloop
  endfacet
  facet normal 0.0 0.0 0.0
    outer loop
      vertex 0.036248113849763446 0.004860071730552683 0.01851421518028508
      vertex 0.03623986115947963 0.004882968596000614 0.01847747964561711
      vertex 0.03625439612662645 -7.310666845228298e-10 0.018544263550646405
    endloop
  endfacet
  facet normal 0.0 0.0 0.0
    outer loop
      vertex 0.03623986115947963 0.004882968596000614 0.01847747964561711
      vertex 0.03623100694936146 0.004907529756198062 0.01844088525474797
      vertex 0.03622887873866401 -7.312568115480645e-10 0.0184324585884882
    endloop
  endfacet
  facet normal 0.0 0.0 0.0
    outer loop
      vertex 0.03623100694936146 0.004907529756198062 0.01844088525474797
      vertex 0.0362215566142056 0.004933749816348461 0.01840443963707219
      vertex 0.03622887873866401 -7.312568115480645e-10 0.0184324585884882
    endloop
  endfacet
  facet normal 0.0 0.0 0.0
    outer loop
      vertex 0.03622887873866401 -7.312568115480645e-10 0.0184324585884882
      vertex 0.03621150880531293 0.004961622032956033 0.018368150421984298
      vertex 0.0361978181971854 1.965910069401389e-09 0.018322065064318282
    endloop
  endfacet
  facet normal 0.0 0.0 0.0
    outer loop
      vertex 0.0362215566142056 0.004933749816348461 0.01840443963707219
      vertex 0.03621150880531293 0.004961622032956033 0.018368150421984298
      vertex 0.03622887873866401 -7.312568115480645e-10 0.0184324585884882
    endloop
  endfacet
  facet normal 0.0 0.0 0.0
    outer loop
      vertex 0.03621150880531293 0.004961622032956033 0.018368150421984298
      vertex 0.03620471540754211 0.00498047010355949 0.01834483880699406
      vertex 0.0361978181971854 1.965910069401389e-09 0.018322065064318282
    endloop
  endfacet
  facet normal 0.0 0.0 0.0
    outer loop
      vertex 0.0361978181971854 1.965910069401389e-09 0.018322065064318282
      vertex 0.03619767519782135 0.004999999267233042 0.018321599671251874
      vertex 0.03616129272674151 -7.31760380290325e-10 0.0182133538216425
    endloop
  endfacet
  facet normal 0.0 0.0 0.0
    outer loop
      vertex 0.03620471540754211 0.00498047010355949 0.01834483880699406
      vertex 0.03619767519782135 0.004999999267233042 0.018321599671251874
      vertex 0.0361978181971854 1.965910069401389e-09 0.018322065064318282
    endloop
  endfacet
  facet normal 0.0 0.0 0.0
    outer loop
      vertex 0.03619767519782135 0.004999999267233042 0.018321599671251874
      vertex 0.036161072851525755 0.0050000006156594775 0.018212751099474532
      vertex 0.03616129272674151 -7.31760380290325e-10 0.0182133538216425
    endloop
  endfacet
  facet normal 0.0 0.0 0.0
    outer loop
      vertex 0.03616129272674151 -7.31760380290325e-10 0.0182133538216425
      vertex 0.036161072851525755 0.0050000006156594775 0.018212751099474532
      vertex 0.036119396736272964 -7.320725359249991e-10 0.018106599518663984
    endloop
  endfacet
  facet normal 0.0 0.0 0.0
    outer loop
      vertex 0.036161072851525755 0.0050000006156594775 0.018212751099474532
      vertex 0.03611908514951483 0.005000000615346636 0.018105863282091718
      vertex 0.036119396736272964 -7.320725359249991e-10 0.018106599518663984
    endloop
  endfacet
  facet normal 0.0 0.0 0.0
    outer loop
      vertex 0.036119396736272964 -7.320725359249991e-10 0.018106599518663984
      vertex 0.03611908514951483 0.005000000615346636 0.018105863282091718
      vertex 0.03607223002951702 -7.324239632566787e-10 0.018002069184191328
    endloop
  endfacet
  facet normal 0.0 0.0 0.0
    outer loop
      vertex 0.03607223002951702 -7.324239632566787e-10 0.018002069184191328
      vertex 0.036071814592924176 0.004999999266295283 0.018001207062609298
      vertex 0.036019911291999114 -7.328137812123714e-10 0.017900014588244063
    endloop
  endfacet
  facet normal 0.0 0.0 0.0
    outer loop
      vertex 0.03611908514951483 0.005000000615346636 0.018105863282091718
      vertex 0.036071814592924176 0.004999999266295283 0.018001207062609298
      vertex 0.03607223002951702 -7.324239632566787e-10 0.018002069184191328
    endloop
  endfacet
  facet normal 0.0 0.0 0.0
    outer loop
      vertex 0.036019911291999114 -7.328137812123714e-10 0.017900014588244063
      vertex 0.03601937851858 0.005000000614603744 0.01789904184044133
      vertex 0.035962569998837866 -7.332410199012429e-10 0.017800698944933514
    endloop
  endfacet
  facet normal 0.0 0.0 0.0
    outer loop
      vertex 0.036071814592924176 0.004999999266295283 0.018001207062609298
      vertex 0.03601937851858 0.005000000614603744 0.01789904184044133
      vertex 0.036019911291999114 -7.328137812123714e-10 0.017900014588244063
    endloop
  endfacet
  facet normal 0.0 0.0 0.0
    outer loop
      vertex 0.035962569998837866 -7.332410199012429e-10 0.017800698944933514
      vertex 0.03596190775030013 0.005000000614175542 0.017799619385607344
      vertex 0.03590034911214339 1.963693691209301e-09 0.01770436258018742
    endloop
  endfacet
  facet normal 0.0 0.0 0.0
    outer loop
      vertex 0.03601937851858 0.005000000614603744 0.01789904184044133
      vertex 0.03596190775030013 0.005000000614175542 0.017799619385607344
      vertex 0.035962569998837866 -7.332410199012429e-10 0.017800698944933514
    endloop
  endfacet
  facet normal 0.0 0.0 0.0
    outer loop
      vertex 0.03590034911214339 1.963693691209301e-09 0.01770436258018742
      vertex 0.03589954929629214 0.005000000613710924 0.017703191468126874
      vertex 0.03583340508101742 1.9631949079723655e-09 0.01761124963463078
    endloop
  endfacet
  facet normal 0.0 0.0 0.0
    outer loop
      vertex 0.03596190775030013 0.005000000614175542 0.017799619385607344
      vertex 0.03589954929629214 0.005000000613710924 0.017703191468126874
      vertex 0.03590034911214339 1.963693691209301e-09 0.01770436258018742
    endloop
  endfacet
  facet normal 0.0 0.0 0.0
    outer loop
      vertex 0.03583340508101742 1.9631949079723655e-09 0.01761124963463078
      vertex 0.03583245286216196 0.004999999264511848 0.01760999459923039
      vertex 0.0357619024467565 1.9626621572399473e-09 0.01752158899009953
    endloop
  endfacet
  facet normal 0.0 0.0 0.0
    outer loop
      vertex 0.03589954929629214 0.005000000613710924 0.017703191468126874
      vertex 0.03583245286216196 0.004999999264511848 0.01760999459923039
      vertex 0.03583340508101742 1.9631949079723655e-09 0.01761124963463078
    endloop
  endfacet
  facet normal 0.0 0.0 0.0
    outer loop
      vertex 0.0357619024467565 1.9626621572399473e-09 0.01752158899009953
      vertex 0.035760788384002755 0.004999999263977891 0.017520261475451094
      vertex 0.03568601923764876 1.962096767726962e-09 0.017435601899035078
    endloop
  endfacet
  facet normal 0.0 0.0 0.0
    outer loop
      vertex 0.03583245286216196 0.004999999264511848 0.01760999459923039
      vertex 0.035760788384002755 0.004999999263977891 0.017520261475451094
      vertex 0.0357619024467565 1.9626621572399473e-09 0.01752158899009953
    endloop
  endfacet
  facet normal 0.0 0.0 0.0
    outer loop
      vertex 0.03568601923764876 1.962096767726962e-09 0.017435601899035078
      vertex 0.03568473389010266 0.005000000612110378 0.01743422097862492
      vertex 0.03560594696897384 -7.358981370941819e-10 0.017353505799181563
    endloop
  endfacet
  facet normal 0.0 0.0 0.0
    outer loop
      vertex 0.035760788384002755 0.004999999263977891 0.017520261475451094
      vertex 0.03568473389010266 0.005000000612110378 0.01743422097862492
      vertex 0.03568601923764876 1.962096767726962e-09 0.017435601899035078
    endloop
  endfacet
  facet normal 0.0 0.0 0.0
    outer loop
      vertex 0.03560594696897384 -7.358981370941819e-10 0.017353505799181563
      vertex 0.0356044808957413 0.005000000611512432 0.01735207910240422
      vertex 0.03552187985340964 -7.365245053847502e-10 0.01727550286949406
    endloop
  endfacet
  facet normal 0.0 0.0 0.0
    outer loop
      vertex 0.03568473389010266 0.005000000612110378 0.01743422097862492
      vertex 0.0356044808957413 0.005000000611512432 0.01735207910240422
      vertex 0.03560594696897384 -7.358981370941819e-10 0.017353505799181563
    endloop
  endfacet
  facet normal 0.0 0.0 0.0
    outer loop
      vertex 0.03552187985340964 -7.365245053847502e-10 0.01727550286949406
      vertex 0.03552022900839325 0.004999999262185538 0.017274049469835857
      vertex 0.03543402559062567 -7.371790893273556e-10 0.017201787659533126
    endloop
  endfacet
  facet normal 0.0 0.0 0.0
    outer loop
      vertex 0.0356044808957413 0.005000000611512432 0.01735207910240422
      vertex 0.03552022900839325 0.004999999262185538 0.017274049469835857
      vertex 0.03552187985340964 -7.365245053847502e-10 0.01727550286949406
    endloop
  endfacet
  facet normal 0.0 0.0 0.0
    outer loop
      vertex 0.03543402559062567 -7.371790893273556e-10 0.017201787659533126
      vertex 0.035432185927727934 0.004999999261529547 0.01720031900108586
      vertex 0.03534261076207947 -7.378602013830004e-10 0.0171325432747675
    endloop
  endfacet
  facet normal 0.0 0.0 0.0
    outer loop
      vertex 0.03552022900839325 0.004999999262185538 0.017274049469835857
      vertex 0.035432185927727934 0.004999999261529547 0.01720031900108586
      vertex 0.03543402559062567 -7.371790893273556e-10 0.017201787659533126
    endloop
  endfacet
  facet normal 0.0 0.0 0.0
    outer loop
      vertex 0.03534261076207947 -7.378602013830004e-10 0.0171325432747675
      vertex 0.0353405714917072 0.004999999260846946 0.0171310784310175
      vertex 0.035247856554432064 -7.38566193092538e-10 0.01706794137657414
    endloop
  endfacet
  facet normal 0.0 0.0 0.0
    outer loop
      vertex 0.035432185927727934 0.004999999261529547 0.01720031900108586
      vertex 0.0353405714917072 0.004999999260846946 0.0171310784310175
      vertex 0.03534261076207947 -7.378602013830004e-10 0.0171325432747675
    endloop
  endfacet
  facet normal 0.0 0.0 0.0
    outer loop
      vertex 0.0353405714917072 0.004999999260846946 0.0171310784310175
      vertex 0.03524561497918692 0.0050000019575377535 0.017066495606310468
      vertex 0.035247856554432064 -7.38566193092538e-10 0.01706794137657414
    endloop
  endfacet
  facet normal 0.0 0.0 0.0
    outer loop
      vertex 0.035247856554432064 -7.38566193092538e-10 0.01706794137657414
      vertex 0.03517014986815132 0.004820838064179183 0.01701991433799992
      vertex 0.03515000033873426 -7.392952987572699e-10 0.017008142182238204
    endloop
  endfacet
  facet normal 0.0 0.0 0.0
    outer loop
      vertex 0.03524561497918692 0.0050000019575377535 0.017066495606310468
      vertex 0.03517014986815132 0.004820838064179183 0.01701991433799992
      vertex 0.035247856554432064 -7.38566193092538e-10 0.01706794137657414
    endloop
  endfacet
  facet normal 0.0 0.0 0.0
    outer loop
      vertex 0.03515000033873426 -7.392952987572699e-10 0.017008142182238204
      vertex 0.035092947632523123 0.00465299784889079 0.016976274201281172
      vertex 0.03504928488083348 -7.400457100459334e-10 0.016953294464953046
    endloop
  endfacet
  facet normal 0.0 0.0 0.0
    outer loop
      vertex 0.03517014986815132 0.004820838064179183 0.01701991433799992
      vertex 0.035092947632523123 0.00465299784889079 0.016976274201281172
      vertex 0.03515000033873426 -7.392952987572699e-10 0.017008142182238204
    endloop
  endfacet
  facet normal 0.0 0.0 0.0
    outer loop
      vertex 0.03504928488083348 -7.400457100459334e-10 0.016953294464953046
      vertex 0.035014118865630946 0.004496732169715734 0.016935643860705
      vertex 0.034945961038772025 1.9565827535927836e-09 0.016903535553820234
    endloop
  endfacet
  facet normal 0.0 0.0 0.0
    outer loop
      vertex 0.035092947632523123 0.00465299784889079 0.016976274201281172
      vertex 0.035014118865630946 0.004496732169715734 0.016935643860705
      vertex 0.03504928488083348 -7.400457100459334e-10 0.016953294464953046
    endloop
  endfacet
  facet normal 0.0 0.0 0.0
    outer loop
      vertex 0.035014118865630946 0.004496732169715734 0.016935643860705
      vertex 0.034958080415799356 0.0045036456011531435 0.01690904779136906
      vertex 0.034945961038772025 1.9565827535927836e-09 0.016903535553820234
    endloop
  endfacet
  facet normal 0.0 0.0 0.0
    outer loop
      vertex 0.034945961038772025 1.9565827535927836e-09 0.016903535553820234
      vertex 0.03490134333980976 0.004510167909831166 0.016883969971544843
      vertex 0.03484028506538893 -7.416029212947706e-10 0.01685899133384953
    endloop
  endfacet
  facet normal 0.0 0.0 0.0
    outer loop
      vertex 0.034958080415799356 0.0045036456011531435 0.01690904779136906
      vertex 0.03490134333980976 0.004510167909831166 0.016883969971544843
      vertex 0.034945961038772025 1.9565827535927836e-09 0.016903535553820234
    endloop
  endfacet
  facet normal 0.0 0.0 0.0
    outer loop
      vertex 0.03484028506538893 -7.416029212947706e-10 0.01685899133384953
      vertex 0.03479933852544067 0.004520725526035736 0.016843370148546796
      vertex 0.03473251860831966 -7.424058665606026e-10 0.016819768616564375
    endloop
  endfacet
  facet normal 0.0 0.0 0.0
    outer loop
      vertex 0.03490134333980976 0.004510167909831166 0.016883969971544843
      vertex 0.03479933852544067 0.004520725526035736 0.016843370148546796
      vertex 0.03484028506538893 -7.416029212947706e-10 0.01685899133384953
    endloop
  endfacet
  facet normal 0.0 0.0 0.0
    outer loop
      vertex 0.03473251860831966 -7.424058665606026e-10 0.016819768616564375
      vertex 0.034695510269827125 0.004530004575430292 0.01680767984092961
      vertex 0.03462293410479303 -7.432223547709782e-10 0.016785962769396406
    endloop
  endfacet
  facet normal 0.0 0.0 0.0
    outer loop
      vertex 0.03479933852544067 0.004520725526035736 0.016843370148546796
      vertex 0.034695510269827125 0.004530004575430292 0.01680767984092961
      vertex 0.03473251860831966 -7.424058665606026e-10 0.016819768616564375
    endloop
  endfacet
  facet normal 0.0 0.0 0.0
    outer loop
      vertex 0.03462293410479303 -7.432223547709782e-10 0.016785962769396406
      vertex 0.034590095944020106 0.004537983478830167 0.01677698678673039
      vertex 0.03451179859724118 1.9533479012068257e-09 0.01675766534508
    endloop
  endfacet
  facet normal 0.0 0.0 0.0
    outer loop
      vertex 0.034695510269827125 0.004530004575430292 0.01680767984092961
      vertex 0.034590095944020106 0.004537983478830167 0.01677698678673039
      vertex 0.03462293410479303 -7.432223547709782e-10 0.016785962769396406
    endloop
  endfacet
  facet normal 0.0 0.0 0.0
    outer loop
      vertex 0.03451179859724118 1.9533479012068257e-09 0.01675766534508
      vertex 0.034483338313867164 0.004544646051847341 0.01675135965049992
      vertex 0.03439938991768956 -7.448879379978735e-10 0.01673494119346867
    endloop
  endfacet
  facet normal 0.0 0.0 0.0
    outer loop
      vertex 0.034590095944020106 0.004537983478830167 0.01677698678673039
      vertex 0.034483338313867164 0.004544646051847341 0.01675135965049992
      vertex 0.03451179859724118 1.9533479012068257e-09 0.01675766534508
    endloop
  endfacet
  facet normal 0.0 0.0 0.0
    outer loop
      vertex 0.03439938991768956 -7.448879379978735e-10 0.01673494119346867
      vertex 0.034375480145215825 0.004549976110093794 0.016730855652697187
      vertex 0.03428599129296009 -7.457328443649658e-10 0.016717851349718673
    endloop
  endfacet
  facet normal 0.0 0.0 0.0
    outer loop
      vertex 0.034483338313867164 0.004544646051847341 0.01675135965049992
      vertex 0.034375480145215825 0.004549976110093794 0.016730855652697187
      vertex 0.03439938991768956 -7.448879379978735e-10 0.01673494119346867
    endloop
  endfacet
  facet normal 0.0 0.0 0.0
    outer loop
      vertex 0.03428599129296009 -7.457328443649658e-10 0.016717851349718673
      vertex 0.03426676690131189 0.004553965561376444 0.01671552438438664
      vertex 0.03417188055507817 -7.46583062039008e-10 0.01670643014610539
    endloop
  endfacet
  facet normal 0.0 0.0 0.0
    outer loop
      vertex 0.034375480145215825 0.004549976110093794 0.016730855652697187
      vertex 0.03426676690131189 0.004553965561376444 0.01671552438438664
      vertex 0.03428599129296009 -7.457328443649658e-10 0.016717851349718673
    endloop
  endfacet
  facet normal 0.0 0.0 0.0
    outer loop
      vertex 0.03417188055507817 -7.46583062039008e-10 0.01670643014610539
      vertex 0.03415744674279951 0.004556598221307306 0.016705396363146406
      vertex 0.0340573409308658 1.94996183822127e-09 0.016700715729601485
    endloop
  endfacet
  facet normal 0.0 0.0 0.0
    outer loop
      vertex 0.03426676690131189 0.004553965561376444 0.01671552438438664
      vertex 0.03415744674279951 0.004556598221307306 0.016705396363146406
      vertex 0.03417188055507817 -7.46583062039008e-10 0.01670643014610539
    endloop
  endfacet
  facet normal 0.0 0.0 0.0
    outer loop
      vertex 0.0340573409308658 1.94996183822127e-09 0.016700715729601485
      vertex 0.034047765132924415 0.004557871392489911 0.01670049447716008
      vertex 0.033942661041941616 -7.482909261113946e-10 0.016700715729601485
    endloop
  endfacet
  facet normal 0.0 0.0 0.0
    outer loop
      vertex 0.03415744674279951 0.004556598221307306 0.016705396363146406
      vertex 0.034047765132924415 0.004557871392489911 0.01670049447716008
      vertex 0.0340573409308658 1.94996183822127e-09 0.016700715729601485
    endloop
  endfacet
  facet normal 0.0 0.0 0.0
    outer loop
      vertex 0.034047765132924415 0.004557871392489911 0.01670049447716008
      vertex 0.03393797292972899 0.004557782377527817 0.016700837799913985
      vertex 0.033942661041941616 -7.482909261113946e-10 0.016700715729601485
    endloop
  endfacet
  facet normal 0.0 0.0 0.0
    outer loop
      vertex 0.033942661041941616 -7.482909261113946e-10 0.016700715729601485
      vertex 0.03393797292972899 0.004557782377527817 0.016700837799913985
      vertex 0.033828121417729236 1.94825397059617e-09 0.01670643014610539
    endloop
  endfacet
  facet normal 0.0 0.0 0.0
    outer loop
      vertex 0.03393797292972899 0.004557782377527817 0.016700837799913985
      vertex 0.03382832638605215 0.004556333873821239 0.016706414887316327
      vertex 0.033828121417729236 1.94825397059617e-09 0.01670643014610539
    endloop
  endfacet
  facet normal 0.0 0.0 0.0
    outer loop
      vertex 0.03382832638605215 0.004556333873821239 0.016706414887316327
      vertex 0.03371907096513964 0.0045535231839737055 0.01671722192466984
      vertex 0.033828121417729236 1.94825397059617e-09 0.01670643014610539
    endloop
  endfacet
  facet normal 0.0 0.0 0.0
    outer loop
      vertex 0.033828121417729236 1.94825397059617e-09 0.01670643014610539
      vertex 0.03371907096513964 0.0045535231839737055 0.01671722192466984
      vertex 0.03371401067984733 1.9474037564748415e-09 0.016717851349718673
    endloop
  endfacet
  facet normal 0.0 0.0 0.0
    outer loop
      vertex 0.03371907096513964 0.0045535231839737055 0.01671722192466984
      vertex 0.0336104548276354 0.004549361097580284 0.016733228394396407
      vertex 0.03371401067984733 1.9474037564748415e-09 0.016717851349718673
    endloop
  endfacet
  facet normal 0.0 0.0 0.0
    outer loop
      vertex 0.03371401067984733 1.9474037564748415e-09 0.016717851349718673
      vertex 0.0336104548276354 0.004549361097580284 0.016733228394396407
      vertex 0.03360060935771958 -7.508394759270232e-10 0.01673494119346867
    endloop
  endfacet
  facet normal 0.0 0.0 0.0
    outer loop
      vertex 0.0336104548276354 0.004549361097580284 0.016733228394396407
      vertex 0.03350272343678512 0.0045438557068377145 0.016754399964220623
      vertex 0.03360060935771958 -7.508394759270232e-10 0.01673494119346867
    endloop
  endfacet
  facet normal 0.0 0.0 0.0
    outer loop
      vertex 0.03360060935771958 -7.508394759270232e-10 0.01673494119346867
      vertex 0.03350272343678512 0.0045438557068377145 0.016754399964220623
      vertex 0.03348820337556623 -7.516769926496636e-10 0.01675766534508
    endloop
  endfacet
  facet normal 0.0 0.0 0.0
    outer loop
      vertex 0.03350272343678512 0.0045438557068377145 0.016754399964220623
      vertex 0.033396127650631026 0.004537020498739391 0.016780690857775313
      vertex 0.03348820337556623 -7.516769926496636e-10 0.01675766534508
    endloop
  endfacet
  facet normal 0.0 0.0 0.0
    outer loop
      vertex 0.03348820337556623 -7.516769926496636e-10 0.01675766534508
      vertex 0.033396127650631026 0.004537020498739391 0.016780690857775313
      vertex 0.03337706786801438 1.944893266880854e-09 0.016785962769396406
    endloop
  endfacet
  facet normal 0.0 0.0 0.0
    outer loop
      vertex 0.033396127650631026 0.004537020498739391 0.016780690857775313
      vertex 0.03329090753762212 0.004528868960278621 0.016812036225206953
      vertex 0.03337706786801438 1.944893266880854e-09 0.016785962769396406
    endloop
  endfacet
  facet normal 0.0 0.0 0.0
    outer loop
      vertex 0.03337706786801438 1.944893266880854e-09 0.016785962769396406
      vertex 0.03329090753762212 0.004528868960278621 0.016812036225206953
      vertex 0.03326748066708946 -7.53321547364294e-10 0.016819768616564375
    endloop
  endfacet
  facet normal 0.0 0.0 0.0
    outer loop
      vertex 0.03329090753762212 0.004528868960278621 0.016812036225206953
      vertex 0.03318730316620737 0.004519425368041942 0.016848367401964767
      vertex 0.03326748066708946 -7.53321547364294e-10 0.016819768616564375
    endloop
  endfacet
  facet normal 0.0 0.0 0.0
    outer loop
      vertex 0.03326748066708946 -7.53321547364294e-10 0.016819768616564375
      vertex 0.03318730316620737 0.004519425368041942 0.016848367401964767
      vertex 0.033159714210020196 -7.54124492630126e-10 0.01685899133384953
    endloop
  endfacet
  facet normal 0.0 0.0 0.0
    outer loop
      vertex 0.03318730316620737 0.004519425368041942 0.016848367401964767
      vertex 0.033085549210039165 0.004508703209022624 0.016889600464708904
      vertex 0.033159714210020196 -7.54124492630126e-10 0.01685899133384953
    endloop
  endfacet
  facet normal 0.0 0.0 0.0
    outer loop
      vertex 0.033159714210020196 -7.54124492630126e-10 0.01685899133384953
      vertex 0.033085549210039165 0.004508703209022624 0.016889600464708904
      vertex 0.033054040934035384 -7.549118414829081e-10 0.016903535553820234
    endloop
  endfacet
  facet normal 0.0 0.0 0.0
    outer loop
      vertex 0.033085549210039165 0.004508703209022624 0.016889600464708904
      vertex 0.0329858803427698 0.004496732154603768 0.016935643860705
      vertex 0.033054040934035384 -7.549118414829081e-10 0.016903535553820234
    endloop
  endfacet
  facet normal 0.0 0.0 0.0
    outer loop
      vertex 0.033054040934035384 -7.549118414829081e-10 0.016903535553820234
      vertex 0.0329858803427698 0.004496732154603768 0.016935643860705
      vertex 0.032950714394575656 -7.556817074316769e-10 0.016953294464953046
    endloop
  endfacet
  facet normal 0.0 0.0 0.0
    outer loop
      vertex 0.0329858803427698 0.004496732154603768 0.016935643860705
      vertex 0.03290705427094731 0.004653000530002474 0.016976274201281172
      vertex 0.032950714394575656 -7.556817074316769e-10 0.016953294464953046
    endloop
  endfacet
  facet normal 0.0 0.0 0.0
    outer loop
      vertex 0.032950714394575656 -7.556817074316769e-10 0.016953294464953046
      vertex 0.03290705427094731 0.004653000530002474 0.016976274201281172
      vertex 0.03284999893667487 -7.564321151676268e-10 0.017008142182238204
    endloop
  endfacet
  facet normal 0.0 0.0 0.0
    outer loop
      vertex 0.03290705427094731 0.004653000530002474 0.016976274201281172
      vertex 0.03282984933541975 0.004820838046742108 0.01701991433799992
      vertex 0.03284999893667487 -7.564321151676268e-10 0.017008142182238204
    endloop
  endfacet
  facet normal 0.0 0.0 0.0
    outer loop
      vertex 0.03284999893667487 -7.564321151676268e-10 0.017008142182238204
      vertex 0.03282984933541975 0.004820838046742108 0.01701991433799992
      vertex 0.03275214272097706 -7.571612208323586e-10 0.01706794137657414
    endloop
  endfacet
  facet normal 0.0 0.0 0.0
    outer loop
      vertex 0.03282984933541975 0.004820838046742108 0.01701991433799992
      vertex 0.03275438691911265 0.004999999241577841 0.017066495606310468
      vertex 0.03275214272097706 -7.571612208323586e-10 0.01706794137657414
    endloop
  endfacet
  facet normal 0.0 0.0 0.0
    outer loop
      vertex 0.03275214272097706 -7.571612208323586e-10 0.01706794137657414
      vertex 0.03265944928838052 0.004999999240870485 0.01713106317222844
      vertex 0.03265738851332966 -7.578672125418961e-10 0.0171325432747675
    endloop
  endfacet
  facet normal 0.0 0.0 0.0
    outer loop
      vertex 0.03275438691911265 0.004999999241577841 0.017066495606310468
      vertex 0.03265944928838052 0.004999999240870485 0.01713106317222844
      vertex 0.03275214272097706 -7.571612208323586e-10 0.01706794137657414
    endloop
  endfacet
  facet normal 0.0 0.0 0.0
    outer loop
      vertex 0.03265738851332966 -7.578672125418961e-10 0.0171325432747675
      vertex 0.03256785103674962 0.0049999992401880055 0.017200292298204998
      vertex 0.03256597368478347 -7.585483281502547e-10 0.017201787659533126
    endloop
  endfacet
  facet normal 0.0 0.0 0.0
    outer loop
      vertex 0.03265944928838052 0.004999999240870485 0.01713106317222844
      vertex 0.03256785103674962 0.0049999992401880055 0.017200292298204998
      vertex 0.03265738851332966 -7.578672125418961e-10 0.0171325432747675
    endloop
  endfacet
  facet normal 0.0 0.0 0.0
    outer loop
      vertex 0.03256597368478347 -7.585483281502547e-10 0.017201787659533126
      vertex 0.03247982414047412 0.0049999992395321335 0.01727400369346867
      vertex 0.032478124816796086 -7.592028694602959e-10 0.01727550286949406
    endloop
  endfacet
  facet normal 0.0 0.0 0.0
    outer loop
      vertex 0.03256785103674962 0.0049999992401880055 0.017200292298204998
      vertex 0.03247982414047412 0.0049999992395321335 0.01727400369346867
      vertex 0.03256597368478347 -7.585483281502547e-10 0.017201787659533126
    endloop
  endfacet
  facet normal 0.0 0.0 0.0
    outer loop
      vertex 0.032478124816796086 -7.592028694602959e-10 0.01727550286949406
      vertex 0.03239558439141843 0.0049999992389044845 0.017352018067247968
      vertex 0.032394057701231896 -7.598292341981505e-10 0.017353505799181563
    endloop
  endfacet
  facet normal 0.0 0.0 0.0
    outer loop
      vertex 0.03247982414047412 0.0049999992395321335 0.01727400369346867
      vertex 0.03239558439141843 0.0049999992389044845 0.017352018067247968
      vertex 0.032478124816796086 -7.592028694602959e-10 0.01727550286949406
    endloop
  endfacet
  facet normal 0.0 0.0 0.0
    outer loop
      vertex 0.032394057701231896 -7.598292341981505e-10 0.017353505799181563
      vertex 0.032315342186650296 0.004999999238306615 0.017434137055285077
      vertex 0.032313982735158654 -7.604258556170862e-10 0.017435601899035078
    endloop
  endfacet
  facet normal 0.0 0.0 0.0
    outer loop
      vertex 0.03239558439141843 0.0049999992389044845 0.017352018067247968
      vertex 0.032315342186650296 0.004999999238306615 0.017434137055285077
      vertex 0.032394057701231896 -7.598292341981505e-10 0.017353505799181563
    endloop
  endfacet
  facet normal 0.0 0.0 0.0
    outer loop
      vertex 0.032313982735158654 -7.604258556170862e-10 0.017435601899035078
      vertex 0.03223929983104256 0.005000001935138345 0.017520158478624922
      vertex 0.03223809952605092 -7.609912451300715e-10 0.01752158899009953
    endloop
  endfacet
  facet normal 0.0 0.0 0.0
    outer loop
      vertex 0.032315342186650296 0.004999999238306615 0.017434137055285077
      vertex 0.03223929983104256 0.005000001935138345 0.017520158478624922
      vertex 0.032313982735158654 -7.604258556170862e-10 0.017435601899035078
    endloop
  endfacet
  facet normal 0.0 0.0 0.0
    outer loop
      vertex 0.03223809952605092 -7.609912451300715e-10 0.01752158899009953
      vertex 0.032167643445078296 0.004999999237206145 0.017609868714220624
      vertex 0.032166596891789995 -7.615239958624897e-10 0.01761124963463078
    endloop
  endfacet
  facet normal 0.0 0.0 0.0
    outer loop
      vertex 0.03223929983104256 0.005000001935138345 0.017520158478624922
      vertex 0.032167643445078296 0.004999999237206145 0.017609868714220624
      vertex 0.03223809952605092 -7.609912451300715e-10 0.01752158899009953
    endloop
  endfacet
  facet normal 0.0 0.0 0.0
    outer loop
      vertex 0.032166596891789995 -7.615239958624897e-10 0.01761124963463078
      vertex 0.03210055375444387 0.0049999992367062715 0.017703042694933516
      vertex 0.032099652860664026 -7.62022779099425e-10 0.01770436258018742
    endloop
  endfacet
  facet normal 0.0 0.0 0.0
    outer loop
      vertex 0.032167643445078296 0.004999999237206145 0.017609868714220624
      vertex 0.03210055375444387 0.0049999992367062715 0.017703042694933516
      vertex 0.032166596891789995 -7.615239958624897e-10 0.01761124963463078
    endloop
  endfacet
  facet normal 0.0 0.0 0.0
    outer loop
      vertex 0.032099652860664026 -7.62022779099425e-10 0.01770436258018742
      vertex 0.032038195300435876 0.004999999236241653 0.01779944772423039
      vertex 0.032037431973969556 1.934911928458405e-09 0.017800698944933514
    endloop
  endfacet
  facet normal 0.0 0.0 0.0
    outer loop
      vertex 0.03210055375444387 0.0049999992367062715 0.017703042694933516
      vertex 0.032038195300435876 0.004999999236241653 0.01779944772423039
      vertex 0.032099652860664026 -7.62022779099425e-10 0.01770436258018742
    endloop
  endfacet
  facet normal 0.0 0.0 0.0
    outer loop
      vertex 0.032037431973969556 1.934911928458405e-09 0.017800698944933514
      vertex 0.03198072992695261 0.004999999235813492 0.017898843476183514
      vertex 0.0319800906808083 1.9344846897695336e-09 0.017900014588244063
    endloop
  endfacet
  facet normal 0.0 0.0 0.0
    outer loop
      vertex 0.032038195300435876 0.004999999236241653 0.01779944772423039
      vertex 0.03198072992695261 0.004999999235813492 0.017898843476183514
      vertex 0.032037431973969556 1.934911928458405e-09 0.017800698944933514
    endloop
  endfacet
  facet normal 0.0 0.0 0.0
    outer loop
      vertex 0.0319800906808083 1.9344846897695336e-09 0.017900014588244063
      vertex 0.0319282925039093 0.004999999235422793 0.01800098581016789
      vertex 0.03192777194329039 1.9340948753665545e-09 0.018002069184191328
    endloop
  endfacet
  facet normal 0.0 0.0 0.0
    outer loop
      vertex 0.03198072992695261 0.004999999235813492 0.017898843476183514
      vertex 0.0319282925039093 0.004999999235422793 0.01800098581016789
      vertex 0.0319800906808083 1.9344846897695336e-09 0.017900014588244063
    endloop
  endfacet
  facet normal 0.0 0.0 0.0
    outer loop
      vertex 0.03192777194329039 1.9340948753665545e-09 0.018002069184191328
      vertex 0.031881020598619456 0.005000001932468882 0.018105615326769454
      vertex 0.03188060523653446 1.933743446258518e-09 0.018106599518663984
    endloop
  endfacet
  facet normal 0.0 0.0 0.0
    outer loop
      vertex 0.0319282925039093 0.004999999235422793 0.01800098581016789
      vertex 0.031881020598619456 0.005000001932468882 0.018105615326769454
      vertex 0.03192777194329039 1.9340948753665545e-09 0.018002069184191328
    endloop
  endfacet
  facet normal 0.0 0.0 0.0
    outer loop
      vertex 0.031881020598619456 0.005000001932468882 0.018105615326769454
      vertex 0.03183902750181193 0.005000001932156003 0.018212476441271407
      vertex 0.03188060523653446 1.933743446258518e-09 0.018106599518663984
    endloop
  endfacet
  facet normal 0.0 0.0 0.0
    outer loop
      vertex 0.03188060523653446 1.933743446258518e-09 0.018106599518663984
      vertex 0.03183902750181193 0.005000001932156003 0.018212476441271407
      vertex 0.03183870654866761 -7.639670371872853e-10 0.0182133538216425
    endloop
  endfacet
  facet normal 0.0 0.0 0.0
    outer loop
      vertex 0.03183902750181193 0.005000001932156003 0.018212476441271407
      vertex 0.031802418412020576 0.005000001931883235 0.01832129831016789
      vertex 0.03183870654866761 -7.639670371872853e-10 0.0182133538216425
    endloop
  endfacet
  facet normal 0.0 0.0 0.0
    outer loop
      vertex 0.03183870654866761 -7.639670371872853e-10 0.0182133538216425
      vertex 0.031802418412020576 0.005000001931883235 0.01832129831016789
      vertex 0.03180218377562201 -7.642391590678698e-10 0.018322065064318282
    endloop
  endfacet
  facet normal 0.0 0.0 0.0
    outer loop
      vertex 0.031802418412020576 0.005000001931883235 0.01832129831016789
      vertex 0.03177128773818609 0.004999999234252982 0.01843181390465031
      vertex 0.03180218377562201 -7.642391590678698e-10 0.018322065064318282
    endloop
  endfacet
  facet normal 0.0 0.0 0.0
    outer loop
      vertex 0.03180218377562201 -7.642391590678698e-10 0.018322065064318282
      vertex 0.03177128773818609 0.004999999234252982 0.01843181390465031
      vertex 0.031771123234143404 1.9329277201052265e-09 0.0184324585884882
    endloop
  endfacet
  facet normal 0.0 0.0 0.0
    outer loop
      vertex 0.03177128773818609 0.004999999234252982 0.01843181390465031
      vertex 0.031745711007460944 0.0049999992340624185 0.018543740937121016
      vertex 0.031771123234143404 1.9329277201052265e-09 0.0184324585884882
    endloop
  endfacet
  facet normal 0.0 0.0 0.0
    outer loop
      vertex 0.031771123234143404 1.9329277201052265e-09 0.0184324585884882
      vertex 0.031745711007460944 0.0049999992340624185 0.018543740937121016
      vertex 0.031745603148782685 -7.646607294020669e-10 0.018544263550646405
    endloop
  endfacet
  facet normal 0.0 0.0 0.0
    outer loop
      vertex 0.031745711007460944 0.0049999992340624185 0.018543740937121016
      vertex 0.03172575026000619 0.004999999233913695 0.01865680856407414
      vertex 0.031745603148782685 -7.646607294020669e-10 0.018544263550646405
    endloop
  endfacet
  facet normal 0.0 0.0 0.0
    outer loop
      vertex 0.031745603148782685 -7.646607294020669e-10 0.018544263550646405
      vertex 0.03172575026000619 0.004999999233913695 0.01865680856407414
      vertex 0.03172569095449741 -7.648090907252936e-10 0.018657201477892498
    endloop
  endfacet
  facet normal 0.0 0.0 0.0
    outer loop
      vertex 0.03172575026000619 0.004999999233913695 0.01865680856407414
      vertex 0.03171145674638958 0.0050000019312054994 0.018770730683214765
      vertex 0.03172569095449741 -7.648090907252936e-10 0.018657201477892498
    endloop
  endfacet
  facet normal 0.0 0.0 0.0
    outer loop
      vertex 0.03172569095449741 -7.648090907252936e-10 0.018657201477892498
      vertex 0.03171145674638958 0.0050000019312054994 0.018770730683214765
      vertex 0.031711429809660456 1.9324829576561344e-09 0.01877099389732609
    endloop
  endfacet
  facet normal 0.0 0.0 0.0
    outer loop
      vertex 0.03171145674638958 0.0050000019312054994 0.018770730683214765
      vertex 0.03170286553278914 0.004999999233743183 0.018885221192247968
      vertex 0.031711429809660456 1.9324829576561344e-09 0.01877099389732609
    endloop
  endfacet
  facet normal 0.0 0.0 0.0
    outer loop
      vertex 0.031711429809660456 1.9324829576561344e-09 0.01877099389732609
      vertex 0.03170286553278914 0.004999999233743183 0.018885221192247968
      vertex 0.03170286017524645 -7.649791982089482e-10 0.018885354706652265
    endloop
  endfacet
  facet normal 0.0 0.0 0.0
    outer loop
      vertex 0.03170286553278914 0.004999999233743183 0.018885221192247968
      vertex 0.03170000089578955 0.004999999233721839 0.01900000161827336
      vertex 0.03170286017524645 -7.649791982089482e-10 0.018885354706652265
    endloop
  endfacet
  facet normal 0.0 0.0 0.0
    outer loop
      vertex 0.03170286017524645 -7.649791982089482e-10 0.018885354706652265
      vertex 0.03170000089578955 0.004999999233721839 0.01900000161827336
      vertex 0.031700000933043475 -7.650005002801663e-10 0.01900000161827336
    endloop
  endfacet
  facet normal 0.0 0.0 0.0
    outer loop
      vertex 0.03170000089578955 0.004999999233721839 0.01900000161827336
      vertex 0.031700000933043475 -7.650005002801663e-10 0.02400000161827336
      vertex 0.031700000933043475 -7.650005002801663e-10 0.01900000161827336
    endloop
  endfacet
  facet normal 0.0 0.0 0.0
    outer loop
      vertex 0.03170000089578955 0.004999999233721839 0.01900000161827336
      vertex 0.03170000089578955 0.004999999233721839 0.02400000161827336
      vertex 0.031700000933043475 -7.650005002801663e-10 0.02400000161827336
    endloop
  endfacet
  facet normal 0.0 0.0 0.0
    outer loop
      vertex 0.036300001004625104 0.00471612776780742 0.02400000161827336
      vertex 0.036300001004625104 0.00471612776780742 0.01900000161827336
      vertex 0.03630000103976394 1.966671412390042e-09 0.02400000161827336
    endloop
  endfacet
  facet normal 0.0 0.0 0.0
    outer loop
      vertex 0.03630000103976394 1.966671412390042e-09 0.02400000161827336
      vertex 0.036300001004625104 0.00471612776780742 0.01900000161827336
      vertex 0.03630000103976394 1.966671412390042e-09 0.01900000161827336
    endloop
  endfacet
  facet normal 0.0 0.0 0.0
    outer loop
      vertex 0.03170000089578955 0.004999999233721839 0.02400000161827336
      vertex 0.03170264164872983 0.0050000019311398185 0.024110181519396406
      vertex 0.031700000933043475 -7.650005002801663e-10 0.02400000161827336
    endloop
  endfacet
  facet normal 0.0 0.0 0.0
    outer loop
      vertex 0.031700000933043475 -7.650005002801663e-10 0.02400000161827336
      vertex 0.03170264164872983 0.0050000019311398185 0.024110181519396406
      vertex 0.03170286017524645 -7.649791982089482e-10 0.024114644715197187
    endloop
  endfacet
  facet normal 0.0 0.0 0.0
    outer loop
      vertex 0.03170264164872983 0.0050000019311398185 0.024110181519396406
      vertex 0.03171055851275413 0.004999999233800501 0.024220113465197188
      vertex 0.03170286017524645 -7.649791982089482e-10 0.024114644715197187
    endloop
  endfacet
  facet normal 0.0 0.0 0.0
    outer loop
      vertex 0.03170286017524645 -7.649791982089482e-10 0.024114644715197187
      vertex 0.03171055851275413 0.004999999233800501 0.024220113465197188
      vertex 0.031711429809660456 1.9324829576561344e-09 0.02422900552452336
    endloop
  endfacet
  facet normal 0.0 0.0 0.0
    outer loop
      vertex 0.03171055851275413 0.004999999233800501 0.024220113465197188
      vertex 0.031723729908675946 0.005000001931296943 0.024329534241564376
      vertex 0.031711429809660456 1.9324829576561344e-09 0.02422900552452336
    endloop
  endfacet
  facet normal 0.0 0.0 0.0
    outer loop
      vertex 0.031711429809660456 1.9324829576561344e-09 0.02422900552452336
      vertex 0.031723729908675946 0.005000001931296943 0.024329534241564376
      vertex 0.03172569095449741 -7.648090907252936e-10 0.024342797943956954
    endloop
  endfacet
  facet normal 0.0 0.0 0.0
    outer loop
      vertex 0.031723729908675946 0.005000001931296943 0.024329534241564376
      vertex 0.03174212886251231 0.004999999234035725 0.024438203522570232
      vertex 0.03172569095449741 -7.648090907252936e-10 0.024342797943956954
    endloop
  endfacet
  facet normal 0.0 0.0 0.0
    outer loop
      vertex 0.03172569095449741 -7.648090907252936e-10 0.024342797943956954
      vertex 0.03174212886251231 0.004999999234035725 0.024438203522570232
      vertex 0.031745603148782685 -7.646607294020669e-10 0.024455735871203046
    endloop
  endfacet
  facet normal 0.0 0.0 0.0
    outer loop
      vertex 0.031745603148782685 -7.646607294020669e-10 0.024455735871203046
      vertex 0.031765714913288584 0.004999999234211463 0.02454586572349797
      vertex 0.031771123234143404 1.9329277201052265e-09 0.02456754083336125
    endloop
  endfacet
  facet normal 0.0 0.0 0.0
    outer loop
      vertex 0.03174212886251231 0.004999999234035725 0.024438203522570232
      vertex 0.031765714913288584 0.004999999234211463 0.02454586572349797
      vertex 0.031745603148782685 -7.646607294020669e-10 0.024455735871203046
    endloop
  endfacet
  facet normal 0.0 0.0 0.0
    outer loop
      vertex 0.031771123234143404 1.9329277201052265e-09 0.02456754083336125
      vertex 0.031794431415640395 0.004999999234425422 0.02465227288902531
      vertex 0.03180218377562201 -7.642391590678698e-10 0.024677938172228436
    endloop
  endfacet
  facet normal 0.0 0.0 0.0
    outer loop
      vertex 0.031765714913288584 0.004999999234211463 0.02454586572349797
      vertex 0.031794431415640395 0.004999999234425422 0.02465227288902531
      vertex 0.031771123234143404 1.9329277201052265e-09 0.02456754083336125
    endloop
  endfacet
  facet normal 0.0 0.0 0.0
    outer loop
      vertex 0.03180218377562201 -7.642391590678698e-10 0.024677938172228436
      vertex 0.03182820823721181 0.004999999234677086 0.024757180878527265
      vertex 0.03183870654866761 -7.639670371872853e-10 0.024786645600206953
    endloop
  endfacet
  facet normal 0.0 0.0 0.0
    outer loop
      vertex 0.031794431415640395 0.004999999234425422 0.02465227288902531
      vertex 0.03182820823721181 0.004999999234677086 0.024757180878527265
      vertex 0.03180218377562201 -7.642391590678698e-10 0.024677938172228436
    endloop
  endfacet
  facet normal 0.0 0.0 0.0
    outer loop
      vertex 0.03183870654866761 -7.639670371872853e-10 0.024786645600206953
      vertex 0.03186697524564692 0.00499999923496593 0.02486035318077336
      vertex 0.03188060523653446 1.933743446258518e-09 0.024893399903185467
    endloop
  endfacet
  facet normal 0.0 0.0 0.0
    outer loop
      vertex 0.03182820823721181 0.004999999234677086 0.024757180878527265
      vertex 0.03186697524564692 0.00499999923496593 0.02486035318077336
      vertex 0.03183870654866761 -7.639670371872853e-10 0.024786645600206953
    endloop
  endfacet
  facet normal 0.0 0.0 0.0
    outer loop
      vertex 0.03188060523653446 1.933743446258518e-09 0.024893399903185467
      vertex 0.031910640729403354 0.004999999235291273 0.024961549469835857
      vertex 0.03192777194329039 1.9340948753665545e-09 0.02499793405235539
    endloop
  endfacet
  facet normal 0.0 0.0 0.0
    outer loop
      vertex 0.03186697524564692 0.00499999923496593 0.02486035318077336
      vertex 0.031910640729403354 0.004999999235291273 0.024961549469835857
      vertex 0.03188060523653446 1.933743446258518e-09 0.024893399903185467
    endloop
  endfacet
  facet normal 0.0 0.0 0.0
    outer loop
      vertex 0.03192777194329039 1.9340948753665545e-09 0.02499793405235539
      vertex 0.03195910218734555 0.00499999923565235 0.025060537049181562
      vertex 0.0319800906808083 1.9344846897695336e-09 0.025099984833605392
    endloop
  endfacet
  facet normal 0.0 0.0 0.0
    outer loop
      vertex 0.031910640729403354 0.004999999235291273 0.024961549469835857
      vertex 0.03195910218734555 0.00499999923565235 0.025060537049181562
      vertex 0.03192777194329039 1.9340948753665545e-09 0.02499793405235539
    endloop
  endfacet
  facet normal 0.0 0.0 0.0
    outer loop
      vertex 0.0319800906808083 1.9344846897695336e-09 0.025099984833605392
      vertex 0.0320122517235413 0.004999999236048355 0.02515708703697453
      vertex 0.032037431973969556 1.934911928458405e-09 0.025199300476915938
    endloop
  endfacet
  facet normal 0.0 0.0 0.0
    outer loop
      vertex 0.03195910218734555 0.00499999923565235 0.025060537049181562
      vertex 0.0320122517235413 0.004999999236048355 0.02515708703697453
      vertex 0.0319800906808083 1.9344846897695336e-09 0.025099984833605392
    endloop
  endfacet
  facet normal 0.0 0.0 0.0
    outer loop
      vertex 0.032037431973969556 1.934911928458405e-09 0.025199300476915938
      vertex 0.0320699652576686 0.004999999236478364 0.025250981995470625
      vertex 0.032099652860664026 -7.62022779099425e-10 0.02529563684166203
    endloop
  endfacet
  facet normal 0.0 0.0 0.0
    outer loop
      vertex 0.0320122517235413 0.004999999236048355 0.02515708703697453
      vertex 0.0320699652576686 0.004999999236478364 0.025250981995470625
      vertex 0.032037431973969556 1.934911928458405e-09 0.025199300476915938
    endloop
  endfacet
  facet normal 0.0 0.0 0.0
    outer loop
      vertex 0.032099652860664026 -7.62022779099425e-10 0.02529563684166203
      vertex 0.03213210791981221 0.004999999236941376 0.025342004486925702
      vertex 0.032166596891789995 -7.615239958624897e-10 0.02538874978721867
    endloop
  endfacet
  facet normal 0.0 0.0 0.0
    outer loop
      vertex 0.0320699652576686 0.004999999236478364 0.025250981995470625
      vertex 0.03213210791981221 0.004999999236941376 0.025342004486925702
      vertex 0.032099652860664026 -7.62022779099425e-10 0.02529563684166203
    endloop
  endfacet
  facet normal 0.0 0.0 0.0
    outer loop
      vertex 0.032166596891789995 -7.615239958624897e-10 0.02538874978721867
      vertex 0.03219854214265858 0.005000001934834669 0.02542994851768742
      vertex 0.03223809952605092 -7.609912451300715e-10 0.02547841043174992
    endloop
  endfacet
  facet normal 0.0 0.0 0.0
    outer loop
      vertex 0.03213210791981221 0.004999999236941376 0.025342004486925702
      vertex 0.03219854214265858 0.005000001934834669 0.02542994851768742
      vertex 0.032166596891789995 -7.615239958624897e-10 0.02538874978721867
    endloop
  endfacet
  facet normal 0.0 0.0 0.0
    outer loop
      vertex 0.03219854214265858 0.005000001934834669 0.02542994851768742
      vertex 0.03226911417450439 0.004999999237962182 0.02551460427940617
      vertex 0.03223809952605092 -7.609912451300715e-10 0.02547841043174992
    endloop
  endfacet
  facet normal 0.0 0.0 0.0
    outer loop
      vertex 0.03223809952605092 -7.609912451300715e-10 0.02547841043174992
      vertex 0.03226911417450439 0.004999999237962182 0.02551460427940617
      vertex 0.032313982735158654 -7.604258556170862e-10 0.025564397522814374
    endloop
  endfacet
  facet normal 0.0 0.0 0.0
    outer loop
      vertex 0.03226911417450439 0.004999999237962182 0.02551460427940617
      vertex 0.03234365677665468 0.005000001935915884 0.025595784851915937
      vertex 0.032313982735158654 -7.604258556170862e-10 0.025564397522814374
    endloop
  endfacet
  facet normal 0.0 0.0 0.0
    outer loop
      vertex 0.032313982735158654 -7.604258556170862e-10 0.025564397522814374
      vertex 0.03234365677665468 0.005000001935915884 0.025595784851915937
      vertex 0.032394057701231896 -7.598292341981505e-10 0.02564649362266789
    endloop
  endfacet
  facet normal 0.0 0.0 0.0
    outer loop
      vertex 0.03234365677665468 0.005000001935915884 0.025595784851915937
      vertex 0.03242200540781292 0.005000001936499643 0.025673299500353436
      vertex 0.032394057701231896 -7.598292341981505e-10 0.02564649362266789
    endloop
  endfacet
  facet normal 0.0 0.0 0.0
    outer loop
      vertex 0.032394057701231896 -7.598292341981505e-10 0.02564649362266789
      vertex 0.03242200540781292 0.005000001936499643 0.025673299500353436
      vertex 0.032478124816796086 -7.592028694602959e-10 0.02572449655235539
    endloop
  endfacet
  facet normal 0.0 0.0 0.0
    outer loop
      vertex 0.03242200540781292 0.005000001936499643 0.025673299500353436
      vertex 0.032503976644894385 0.004999999239712091 0.025746972748644452
      vertex 0.032478124816796086 -7.592028694602959e-10 0.02572449655235539
    endloop
  endfacet
  facet normal 0.0 0.0 0.0
    outer loop
      vertex 0.032478124816796086 -7.592028694602959e-10 0.02572449655235539
      vertex 0.032503976644894385 0.004999999239712091 0.025746972748644452
      vertex 0.03256597368478347 -7.585483281502547e-10 0.025798211762316326
    endloop
  endfacet
  facet normal 0.0 0.0 0.0
    outer loop
      vertex 0.032503976644894385 0.004999999239712091 0.025746972748644452
      vertex 0.032589384367415986 0.0050000019377467505 0.025816636750109298
      vertex 0.03256597368478347 -7.585483281502547e-10 0.025798211762316326
    endloop
  endfacet
  facet normal 0.0 0.0 0.0
    outer loop
      vertex 0.03256597368478347 -7.585483281502547e-10 0.025798211762316326
      vertex 0.032589384367415986 0.0050000019377467505 0.025816636750109298
      vertex 0.03265738851332966 -7.578672125418961e-10 0.02586745614708195
    endloop
  endfacet
  facet normal 0.0 0.0 0.0
    outer loop
      vertex 0.032589384367415986 0.0050000019377467505 0.025816636750109298
      vertex 0.03267802896790328 0.004999999241008917 0.025882127472765547
      vertex 0.03265738851332966 -7.578672125418961e-10 0.02586745614708195
    endloop
  endfacet
  facet normal 0.0 0.0 0.0
    outer loop
      vertex 0.03265738851332966 -7.578672125418961e-10 0.02586745614708195
      vertex 0.03267802896790328 0.004999999241008917 0.025882127472765547
      vertex 0.03275214272097706 -7.571612208323586e-10 0.02593206185997258
    endloop
  endfacet
  facet normal 0.0 0.0 0.0
    outer loop
      vertex 0.03267802896790328 0.004999999241008917 0.025882127472765547
      vertex 0.032769713536279936 0.004999999241692039 0.025943292328722577
      vertex 0.03275214272097706 -7.571612208323586e-10 0.02593206185997258
    endloop
  endfacet
  facet normal 0.0 0.0 0.0
    outer loop
      vertex 0.03275214272097706 -7.571612208323586e-10 0.02593206185997258
      vertex 0.032769713536279936 0.004999999241692039 0.025943292328722577
      vertex 0.03284999893667487 -7.564321151676268e-10 0.02599185723961125
    endloop
  endfacet
  facet normal 0.0 0.0 0.0
    outer loop
      vertex 0.032769713536279936 0.004999999241692039 0.025943292328722577
      vertex 0.03286421958328331 0.00499999924239618 0.026000001618273358
      vertex 0.03284999893667487 -7.564321151676268e-10 0.02599185723961125
    endloop
  endfacet
  facet normal 0.0 0.0 0.0
    outer loop
      vertex 0.03284999893667487 -7.564321151676268e-10 0.02599185723961125
      vertex 0.03286421958328331 0.00499999924239618 0.026000001618273358
      vertex 0.032950714394575656 -7.556817074316769e-10 0.026046704956896406
    endloop
  endfacet
  facet normal 0.0 0.0 0.0
    outer loop
      vertex 0.03286421958328331 0.00499999924239618 0.026000001618273358
      vertex 0.03296392891161642 0.005000001940537398 0.026053426453478436
      vertex 0.032950714394575656 -7.556817074316769e-10 0.026046704956896406
    endloop
  endfacet
  facet normal 0.0 0.0 0.0
    outer loop
      vertex 0.032950714394575656 -7.556817074316769e-10 0.026046704956896406
      vertex 0.03296392891161642 0.005000001940537398 0.026053426453478436
      vertex 0.033054040934035384 -7.549118414829081e-10 0.026096463868029218
    endloop
  endfacet
  facet normal 0.0 0.0 0.0
    outer loop
      vertex 0.03296392891161642 0.005000001940537398 0.026053426453478436
      vertex 0.03306614682037294 0.004999999243900698 0.026101884552843672
      vertex 0.033054040934035384 -7.549118414829081e-10 0.026096463868029218
    endloop
  endfacet
  facet normal 0.0 0.0 0.0
    outer loop
      vertex 0.033054040934035384 -7.549118414829081e-10 0.026096463868029218
      vertex 0.03306614682037294 0.004999999243900698 0.026101884552843672
      vertex 0.033159714210020196 -7.54124492630126e-10 0.02614100808799992
    endloop
  endfacet
  facet normal 0.0 0.0 0.0
    outer loop
      vertex 0.03306614682037294 0.004999999243900698 0.026101884552843672
      vertex 0.03317062245151047 0.004999999244679124 0.026145257660753828
      vertex 0.033159714210020196 -7.54124492630126e-10 0.02614100808799992
    endloop
  endfacet
  facet normal 0.0 0.0 0.0
    outer loop
      vertex 0.033159714210020196 -7.54124492630126e-10 0.02614100808799992
      vertex 0.03317062245151047 0.004999999244679124 0.026145257660753828
      vertex 0.03326748066708946 -7.53321547364294e-10 0.026180234619982343
    endloop
  endfacet
  facet normal 0.0 0.0 0.0
    outer loop
      vertex 0.03317062245151047 0.004999999244679124 0.026145257660753828
      vertex 0.03327710224958838 0.005000001942870789 0.026183442780382735
      vertex 0.03326748066708946 -7.53321547364294e-10 0.026180234619982343
    endloop
  endfacet
  facet normal 0.0 0.0 0.0
    outer loop
      vertex 0.03326748066708946 -7.53321547364294e-10 0.026180234619982343
      vertex 0.03327710224958838 0.005000001942870789 0.026183442780382735
      vertex 0.03337706786801438 1.944893266880854e-09 0.026214036652453046
    endloop
  endfacet
  facet normal 0.0 0.0 0.0
    outer loop
      vertex 0.03327710224958838 0.005000001942870789 0.026183442780382735
      vertex 0.033385332659166045 0.005000001943677191 0.02621634454429875
      vertex 0.03337706786801438 1.944893266880854e-09 0.026214036652453046
    endloop
  endfacet
  facet normal 0.0 0.0 0.0
    outer loop
      vertex 0.03337706786801438 1.944893266880854e-09 0.026214036652453046
      vertex 0.033385332659166045 0.005000001943677191 0.02621634454429875
      vertex 0.03348820337556623 -7.516769926496636e-10 0.02624233407676945
    endloop
  endfacet
  facet normal 0.0 0.0 0.0
    outer loop
      vertex 0.033385332659166045 0.005000001943677191 0.02621634454429875
      vertex 0.03349504933520963 0.004999999247096359 0.02624388665855656
      vertex 0.03348820337556623 -7.516769926496636e-10 0.02624233407676945
    endloop
  endfacet
  facet normal 0.0 0.0 0.0
    outer loop
      vertex 0.03348820337556623 -7.516769926496636e-10 0.02624233407676945
      vertex 0.03349504933520963 0.004999999247096359 0.02624388665855656
      vertex 0.03360060935771958 -7.508394759270232e-10 0.02626505822838078
    endloop
  endfacet
  facet normal 0.0 0.0 0.0
    outer loop
      vertex 0.03349504933520963 0.004999999247096359 0.02624388665855656
      vertex 0.03360598793268522 0.004999999247922938 0.02626600045860539
      vertex 0.03360060935771958 -7.508394759270232e-10 0.02626505822838078
    endloop
  endfacet
  facet normal 0.0 0.0 0.0
    outer loop
      vertex 0.03360060935771958 -7.508394759270232e-10 0.02626505822838078
      vertex 0.03360598793268522 0.004999999247922938 0.02626600045860539
      vertex 0.03371401067984733 1.9474037564748415e-09 0.026282151886828045
    endloop
  endfacet
  facet normal 0.0 0.0 0.0
    outer loop
      vertex 0.03360598793268522 0.004999999247922938 0.02626600045860539
      vertex 0.03371788140916066 0.004999999248756634 0.026282632538683515
      vertex 0.03371401067984733 1.9474037564748415e-09 0.026282151886828045
    endloop
  endfacet
  facet normal 0.0 0.0 0.0
    outer loop
      vertex 0.03371401067984733 1.9474037564748415e-09 0.026282151886828045
      vertex 0.03371788140916066 0.004999999248756634 0.026282632538683515
      vertex 0.033828121417729236 1.94825397059617e-09 0.026293569275744062
    endloop
  endfacet
  facet normal 0.0 0.0 0.0
    outer loop
      vertex 0.03371788140916066 0.004999999248756634 0.026282632538683515
      vertex 0.0338304546300089 0.004999999249595392 0.026293740937121016
      vertex 0.033828121417729236 1.94825397059617e-09 0.026293569275744062
    endloop
  endfacet
  facet normal 0.0 0.0 0.0
    outer loop
      vertex 0.033828121417729236 1.94825397059617e-09 0.026293569275744062
      vertex 0.0338304546300089 0.004999999249595392 0.026293740937121016
      vertex 0.033942661041941616 -7.482909261113946e-10 0.026299283692247967
    endloop
  endfacet
  facet normal 0.0 0.0 0.0
    outer loop
      vertex 0.0338304546300089 0.004999999249595392 0.026293740937121016
      vertex 0.03394344055279773 0.005000001947835532 0.026299306580431562
      vertex 0.033942661041941616 -7.482909261113946e-10 0.026299283692247967
    endloop
  endfacet
  facet normal 0.0 0.0 0.0
    outer loop
      vertex 0.03394344055279773 0.005000001947835532 0.026299306580431562
      vertex 0.034056561345501835 0.0049999992512800625 0.026299306580431562
      vertex 0.033942661041941616 -7.482909261113946e-10 0.026299283692247967
    endloop
  endfacet
  facet normal 0.0 0.0 0.0
    outer loop
      vertex 0.033942661041941616 -7.482909261113946e-10 0.026299283692247967
      vertex 0.034056561345501835 0.0049999992512800625 0.026299306580431562
      vertex 0.0340573409308658 1.94996183822127e-09 0.026299283692247967
    endloop
  endfacet
  facet normal 0.0 0.0 0.0
    outer loop
      vertex 0.034056561345501835 0.0049999992512800625 0.026299306580431562
      vertex 0.034169544570892385 0.0049999992521218796 0.026293740937121016
      vertex 0.0340573409308658 1.94996183822127e-09 0.026299283692247967
    endloop
  endfacet
  facet normal 0.0 0.0 0.0
    outer loop
      vertex 0.0340573409308658 1.94996183822127e-09 0.026299283692247967
      vertex 0.034169544570892385 0.0049999992521218796 0.026293740937121016
      vertex 0.03417188055507817 -7.46583062039008e-10 0.026293569275744062
    endloop
  endfacet
  facet normal 0.0 0.0 0.0
    outer loop
      vertex 0.034169544570892385 0.0049999992521218796 0.026293740937121016
      vertex 0.0342821204891389 0.00500000195035896 0.026282632538683515
      vertex 0.03417188055507817 -7.46583062039008e-10 0.026293569275744062
    endloop
  endfacet
  facet normal 0.0 0.0 0.0
    outer loop
      vertex 0.03417188055507817 -7.46583062039008e-10 0.026293569275744062
      vertex 0.0342821204891389 0.00500000195035896 0.026282632538683515
      vertex 0.03428599129296009 -7.457328443649658e-10 0.026282151886828045
    endloop
  endfacet
  facet normal 0.0 0.0 0.0
    outer loop
      vertex 0.0342821204891389 0.00500000195035896 0.026282632538683515
      vertex 0.03439401126821607 0.00499999925379433 0.02626600045860539
      vertex 0.03428599129296009 -7.457328443649658e-10 0.026282151886828045
    endloop
  endfacet
  facet normal 0.0 0.0 0.0
    outer loop
      vertex 0.03428599129296009 -7.457328443649658e-10 0.026282151886828045
      vertex 0.03439401126821607 0.00499999925379433 0.02626600045860539
      vertex 0.03439938991768956 -7.448879379978735e-10 0.02626505822838078
    endloop
  endfacet
  facet normal 0.0 0.0 0.0
    outer loop
      vertex 0.03439401126821607 0.00499999925379433 0.02626600045860539
      vertex 0.03450494986569166 0.00499999925462091 0.02624388665855656
      vertex 0.03439938991768956 -7.448879379978735e-10 0.02626505822838078
    endloop
  endfacet
  facet normal 0.0 0.0 0.0
    outer loop
      vertex 0.03439938991768956 -7.448879379978735e-10 0.02626505822838078
      vertex 0.03450494986569166 0.00499999925462091 0.02624388665855656
      vertex 0.03451179859724118 1.9533479012068257e-09 0.02624233407676945
    endloop
  endfacet
  facet normal 0.0 0.0 0.0
    outer loop
      vertex 0.03450494986569166 0.00499999925462091 0.02624388665855656
      vertex 0.03461466923913352 0.004999999255438404 0.02621634454429875
      vertex 0.03451179859724118 1.9533479012068257e-09 0.02624233407676945
    endloop
  endfacet
  facet normal 0.0 0.0 0.0
    outer loop
      vertex 0.03451179859724118 1.9533479012068257e-09 0.02624233407676945
      vertex 0.03461466923913352 0.004999999255438404 0.02621634454429875
      vertex 0.03462293410479303 -7.432223547709782e-10 0.026214036652453046
    endloop
  endfacet
  facet normal 0.0 0.0 0.0
    outer loop
      vertex 0.03462293410479303 -7.432223547709782e-10 0.026214036652453046
      vertex 0.03472289964871119 0.0049999992562448055 0.026183442780382735
      vertex 0.03473251860831966 -7.424058665606026e-10 0.026180234619982343
    endloop
  endfacet
  facet normal 0.0 0.0 0.0
    outer loop
      vertex 0.03461466923913352 0.004999999255438404 0.02621634454429875
      vertex 0.03472289964871119 0.0049999992562448055 0.026183442780382735
      vertex 0.03462293410479303 -7.432223547709782e-10 0.026214036652453046
    endloop
  endfacet
  facet normal 0.0 0.0 0.0
    outer loop
      vertex 0.03472289964871119 0.0049999992562448055 0.026183442780382735
      vertex 0.03482937944678909 0.00500000195443647 0.026145257660753828
      vertex 0.03473251860831966 -7.424058665606026e-10 0.026180234619982343
    endloop
  endfacet
  facet normal 0.0 0.0 0.0
    outer loop
      vertex 0.03473251860831966 -7.424058665606026e-10 0.026180234619982343
      vertex 0.03482937944678909 0.00500000195443647 0.026145257660753828
      vertex 0.03484028506538893 -7.416029212947706e-10 0.02614100808799992
    endloop
  endfacet
  facet normal 0.0 0.0 0.0
    outer loop
      vertex 0.03482937944678909 0.00500000195443647 0.026145257660753828
      vertex 0.03493385507792662 0.005000001955214896 0.026101884552843672
      vertex 0.03484028506538893 -7.416029212947706e-10 0.02614100808799992
    endloop
  endfacet
  facet normal 0.0 0.0 0.0
    outer loop
      vertex 0.03484028506538893 -7.416029212947706e-10 0.02614100808799992
      vertex 0.03493385507792662 0.005000001955214896 0.026101884552843672
      vertex 0.034945961038772025 1.9565827535927836e-09 0.026096463868029218
    endloop
  endfacet
  facet normal 0.0 0.0 0.0
    outer loop
      vertex 0.034945961038772025 1.9565827535927836e-09 0.026096463868029218
      vertex 0.035036072986683146 0.004999999258578196 0.026053426453478436
      vertex 0.03504928488083348 -7.400457100459334e-10 0.026046704956896406
    endloop
  endfacet
  facet normal 0.0 0.0 0.0
    outer loop
      vertex 0.03493385507792662 0.005000001955214896 0.026101884552843672
      vertex 0.035036072986683146 0.004999999258578196 0.026053426453478436
      vertex 0.034945961038772025 1.9565827535927836e-09 0.026096463868029218
    endloop
  endfacet
  facet normal 0.0 0.0 0.0
    outer loop
      vertex 0.03504928488083348 -7.400457100459334e-10 0.026046704956896406
      vertex 0.03513578231501626 0.005000001956719411 0.026000001618273358
      vertex 0.03515000033873426 -7.392952987572699e-10 0.02599185723961125
    endloop
  endfacet
  facet normal 0.0 0.0 0.0
    outer loop
      vertex 0.035036072986683146 0.004999999258578196 0.026053426453478436
      vertex 0.03513578231501626 0.005000001956719411 0.026000001618273358
      vertex 0.03504928488083348 -7.400457100459334e-10 0.026046704956896406
    endloop
  endfacet
  facet normal 0.0 0.0 0.0
    outer loop
      vertex 0.03515000033873426 -7.392952987572699e-10 0.02599185723961125
      vertex 0.03522884660262578 0.005000000608713661 0.02594420785606633
      vertex 0.035247856554432064 -7.38566193092538e-10 0.02593206185997258
    endloop
  endfacet
  facet normal 0.0 0.0 0.0
    outer loop
      vertex 0.03513578231501626 0.005000001956719411 0.026000001618273358
      vertex 0.03522884660262578 0.005000000608713661 0.02594420785606633
      vertex 0.03515000033873426 -7.392952987572699e-10 0.02599185723961125
    endloop
  endfacet
  facet normal 0.0 0.0 0.0
    outer loop
      vertex 0.035247856554432064 -7.38566193092538e-10 0.02593206185997258
      vertex 0.03531917707705348 0.005000000609386696 0.025884084412462812
      vertex 0.03534261076207947 -7.378602013830004e-10 0.02586745614708195
    endloop
  endfacet
  facet normal 0.0 0.0 0.0
    outer loop
      vertex 0.03522884660262578 0.005000000608713661 0.02594420785606633
      vertex 0.03531917707705348 0.005000000609386696 0.025884084412462812
      vertex 0.035247856554432064 -7.38566193092538e-10 0.02593206185997258
    endloop
  endfacet
  facet normal 0.0 0.0 0.0
    outer loop
      vertex 0.03534261076207947 -7.378602013830004e-10 0.02586745614708195
      vertex 0.03540657143342653 0.004999999261338699 0.025819768616564376
      vertex 0.03543402559062567 -7.371790893273556e-10 0.025798211762316326
    endloop
  endfacet
  facet normal 0.0 0.0 0.0
    outer loop
      vertex 0.03531917707705348 0.005000000609386696 0.025884084412462812
      vertex 0.03540657143342653 0.004999999261338699 0.025819768616564376
      vertex 0.03534261076207947 -7.378602013830004e-10 0.02586745614708195
    endloop
  endfacet
  facet normal 0.0 0.0 0.0
    outer loop
      vertex 0.03543402559062567 -7.371790893273556e-10 0.025798211762316326
      vertex 0.03549083276166866 0.004999999261966512 0.02575140542686711
      vertex 0.03552187985340964 -7.365245053847502e-10 0.02572449655235539
    endloop
  endfacet
  facet normal 0.0 0.0 0.0
    outer loop
      vertex 0.03540657143342653 0.004999999261338699 0.025819768616564376
      vertex 0.03549083276166866 0.004999999261966512 0.02575140542686711
      vertex 0.03543402559062567 -7.371790893273556e-10 0.025798211762316326
    endloop
  endfacet
  facet normal 0.0 0.0 0.0
    outer loop
      vertex 0.03552187985340964 -7.365245053847502e-10 0.02572449655235539
      vertex 0.03557177763869515 0.005000000611268766 0.025679139801867108
      vertex 0.03560594696897384 -7.358981370941819e-10 0.02564649362266789
    endloop
  endfacet
  facet normal 0.0 0.0 0.0
    outer loop
      vertex 0.03549083276166866 0.004999999261966512 0.02575140542686711
      vertex 0.03557177763869515 0.005000000611268766 0.025679139801867108
      vertex 0.03552187985340964 -7.365245053847502e-10 0.02572449655235539
    endloop
  endfacet
  facet normal 0.0 0.0 0.0
    outer loop
      vertex 0.03560594696897384 -7.358981370941819e-10 0.02564649362266789
      vertex 0.03564922533881962 0.005000000611845811 0.02560313958824406
      vertex 0.03568601923764876 1.962096767726962e-09 0.025564397522814374
    endloop
  endfacet
  facet normal 0.0 0.0 0.0
    outer loop
      vertex 0.03557177763869515 0.005000000611268766 0.025679139801867108
      vertex 0.03564922533881962 0.005000000611845811 0.02560313958824406
      vertex 0.03560594696897384 -7.358981370941819e-10 0.02564649362266789
    endloop
  endfacet
  facet normal 0.0 0.0 0.0
    outer loop
      vertex 0.03568601923764876 1.962096767726962e-09 0.025564397522814374
      vertex 0.03572299918245309 0.005000000612395485 0.025523572632677655
      vertex 0.0357619024467565 1.9626621572399473e-09 0.02547841043174992
    endloop
  endfacet
  facet normal 0.0 0.0 0.0
    outer loop
      vertex 0.03564922533881962 0.005000000611845811 0.02560313958824406
      vertex 0.03572299918245309 0.005000000612395485 0.025523572632677655
      vertex 0.03568601923764876 1.962096767726962e-09 0.025564397522814374
    endloop
  endfacet
  facet normal 0.0 0.0 0.0
    outer loop
      vertex 0.0357619024467565 1.9626621572399473e-09 0.02547841043174992
      vertex 0.035792941371794756 0.004999999264217456 0.02544061441124211
      vertex 0.03583340508101742 1.9631949079723655e-09 0.02538874978721867
    endloop
  endfacet
  facet normal 0.0 0.0 0.0
    outer loop
      vertex 0.03572299918245309 0.005000000612395485 0.025523572632677655
      vertex 0.035792941371794756 0.004999999264217456 0.02544061441124211
      vertex 0.0357619024467565 1.9626621572399473e-09 0.02547841043174992
    endloop
  endfacet
  facet normal 0.0 0.0 0.0
    outer loop
      vertex 0.03583340508101742 1.9631949079723655e-09 0.02538874978721867
      vertex 0.035858892760344596 0.0049999992647088475 0.02535444802940617
      vertex 0.03590034911214339 1.963693691209301e-09 0.02529563684166203
    endloop
  endfacet
  facet normal 0.0 0.0 0.0
    outer loop
      vertex 0.035792941371794756 0.004999999264217456 0.02544061441124211
      vertex 0.035858892760344596 0.0049999992647088475 0.02535444802940617
      vertex 0.03583340508101742 1.9631949079723655e-09 0.02538874978721867
    endloop
  endfacet
  facet normal 0.0 0.0 0.0
    outer loop
      vertex 0.03590034911214339 1.963693691209301e-09 0.02529563684166203
      vertex 0.03592070633989503 0.004999999265169405 0.025265264222033124
      vertex 0.035962569998837866 -7.332410199012429e-10 0.025199300476915938
    endloop
  endfacet
  facet normal 0.0 0.0 0.0
    outer loop
      vertex 0.035858892760344596 0.0049999992647088475 0.02535444802940617
      vertex 0.03592070633989503 0.004999999265169405 0.025265264222033124
      vertex 0.03590034911214339 1.963693691209301e-09 0.02529563684166203
    endloop
  endfacet
  facet normal 0.0 0.0 0.0
    outer loop
      vertex 0.035962569998837866 -7.332410199012429e-10 0.025199300476915938
      vertex 0.03597824319443337 0.005000000614297255 0.02517326898277531
      vertex 0.036019911291999114 -7.328137812123714e-10 0.025099984833605392
    endloop
  endfacet
  facet normal 0.0 0.0 0.0
    outer loop
      vertex 0.03592070633989503 0.004999999265169405 0.025265264222033124
      vertex 0.03597824319443337 0.005000000614297255 0.02517326898277531
      vertex 0.035962569998837866 -7.332410199012429e-10 0.025199300476915938
    endloop
  endfacet
  facet normal 0.0 0.0 0.0
    outer loop
      vertex 0.036019911291999114 -7.328137812123714e-10 0.025099984833605392
      vertex 0.0360313765462393 0.005000000614693139 0.025078660675890548
      vertex 0.03607223002951702 -7.324239632566787e-10 0.02499793405235539
    endloop
  endfacet
  facet normal 0.0 0.0 0.0
    outer loop
      vertex 0.03597824319443337 0.005000000614297255 0.02517326898277531
      vertex 0.0360313765462393 0.005000000614693139 0.025078660675890548
      vertex 0.036019911291999114 -7.328137812123714e-10 0.025099984833605392
    endloop
  endfacet
  facet normal 0.0 0.0 0.0
    outer loop
      vertex 0.03607223002951702 -7.324239632566787e-10 0.02499793405235539
      vertex 0.03607999040718569 0.005000001963754505 0.024981652924425703
      vertex 0.036119396736272964 -7.320725359249991e-10 0.024893399903185467
    endloop
  endfacet
  facet normal 0.0 0.0 0.0
    outer loop
      vertex 0.0360313765462393 0.005000000614693139 0.025078660675890548
      vertex 0.03607999040718569 0.005000001963754505 0.024981652924425703
      vertex 0.03607223002951702 -7.324239632566787e-10 0.02499793405235539
    endloop
  endfacet
  facet normal 0.0 0.0 0.0
    outer loop
      vertex 0.036119396736272964 -7.320725359249991e-10 0.024893399903185467
      vertex 0.03612397688134041 0.004999999266683931 0.024882459351427657
      vertex 0.03616129272674151 -7.31760380290325e-10 0.024786645600206953
    endloop
  endfacet
  facet normal 0.0 0.0 0.0
    outer loop
      vertex 0.03607999040718569 0.005000001963754505 0.024981652924425703
      vertex 0.03612397688134041 0.004999999266683931 0.024882459351427657
      vertex 0.036119396736272964 -7.320725359249991e-10 0.024893399903185467
    endloop
  endfacet
  facet normal 0.0 0.0 0.0
    outer loop
      vertex 0.03616129272674151 -7.31760380290325e-10 0.024786645600206953
      vertex 0.0361632307701695 0.005000000615675555 0.024781301209337813
      vertex 0.0361978181971854 1.965910069401389e-09 0.024677938172228436
    endloop
  endfacet
  facet normal 0.0 0.0 0.0
    outer loop
      vertex 0.03612397688134041 0.004999999266683931 0.024882459351427657
      vertex 0.0361632307701695 0.005000000615675555 0.024781301209337813
      vertex 0.03616129272674151 -7.31760380290325e-10 0.024786645600206953
    endloop
  endfacet
  facet normal 0.0 0.0 0.0
    outer loop
      vertex 0.0361632307701695 0.005000000615675555 0.024781301209337813
      vertex 0.03619767519782135 0.004999999267233042 0.024678403565294844
      vertex 0.0361978181971854 1.965910069401389e-09 0.024677938172228436
    endloop
  endfacet
  facet normal 0.0 0.0 0.0
    outer loop
      vertex 0.0361978181971854 1.965910069401389e-09 0.024677938172228436
      vertex 0.03621391623334962 0.004954944623470693 0.02462336129844914
      vertex 0.03622887873866401 -7.312568115480645e-10 0.02456754083336125
    endloop
  endfacet
  facet normal 0.0 0.0 0.0
    outer loop
      vertex 0.03619767519782135 0.004999999267233042 0.024678403565294844
      vertex 0.03621391623334962 0.004954944623470693 0.02462336129844914
      vertex 0.0361978181971854 1.965910069401389e-09 0.024677938172228436
    endloop
  endfacet
  facet normal 0.0 0.0 0.0
    outer loop
      vertex 0.03621391623334962 0.004954944623470693 0.02462336129844914
      vertex 0.03622877889831572 0.004913712193095831 0.02456793374717961
      vertex 0.03622887873866401 -7.312568115480645e-10 0.02456754083336125
    endloop
  endfacet
  facet normal 0.0 0.0 0.0
    outer loop
      vertex 0.03622887873866401 -7.312568115480645e-10 0.02456754083336125
      vertex 0.03624096844150661 0.004879894910640664 0.024517747589953048
      vertex 0.03625439612662645 -7.310666845228298e-10 0.024455735871203046
    endloop
  endfacet
  facet normal 0.0 0.0 0.0
    outer loop
      vertex 0.03622877889831572 0.004913712193095831 0.02456793374717961
      vertex 0.03624096844150661 0.004879894910640664 0.024517747589953048
      vertex 0.03622887873866401 -7.312568115480645e-10 0.02456754083336125
    endloop
  endfacet
  facet normal 0.0 0.0 0.0
    outer loop
      vertex 0.03624096844150661 0.004879894910640664 0.024517747589953048
      vertex 0.036250974440724705 0.004852137333460726 0.024472352692492108
      vertex 0.03625439612662645 -7.310666845228298e-10 0.024455735871203046
    endloop
  endfacet
  facet normal 0.0 0.0 0.0
    outer loop
      vertex 0.036250974440724705 0.004852137333460726 0.024472352692492108
      vertex 0.036260060627101895 0.004826928797671879 0.02442676706016789
      vertex 0.03625439612662645 -7.310666845228298e-10 0.024455735871203046
    endloop
  endfacet
  facet normal 0.0 0.0 0.0
    outer loop
      vertex 0.03625439612662645 -7.310666845228298e-10 0.024455735871203046
      vertex 0.03626822160584147 0.004804285487663904 0.02438100976646672
      vertex 0.03627431101831 1.9664799992824556e-09 0.024342797943956954
    endloop
  endfacet
  facet normal 0.0 0.0 0.0
    outer loop
      vertex 0.036260060627101895 0.004826928797671879 0.02442676706016789
      vertex 0.03626822160584147 0.004804285487663904 0.02438100976646672
      vertex 0.03625439612662645 -7.310666845228298e-10 0.024455735871203046
    endloop
  endfacet
  facet normal 0.0 0.0 0.0
    outer loop
      vertex 0.03626822160584147 0.004804285487663904 0.02438100976646672
      vertex 0.03627477763255652 0.0047861009770416366 0.024339688965685467
      vertex 0.03627431101831 1.9664799992824556e-09 0.024342797943956954
    endloop
  endfacet
  facet normal 0.0 0.0 0.0
    outer loop
      vertex 0.03627431101831 1.9664799992824556e-09 0.024342797943956954
      vertex 0.03628003351326186 0.004771520190544756 0.024302407929308514
      vertex 0.03628857216314696 -7.308120473226154e-10 0.02422900552452336
    endloop
  endfacet
  facet normal 0.0 0.0 0.0
    outer loop
      vertex 0.03627477763255652 0.0047861009770416366 0.024339688965685467
      vertex 0.03628003351326186 0.004771520190544756 0.024302407929308514
      vertex 0.03627431101831 1.9664799992824556e-09 0.024342797943956954
    endloop
  endfacet
  facet normal 0.0 0.0 0.0
    outer loop
      vertex 0.03628003351326186 0.004771520190544756 0.024302407929308514
      vertex 0.0362846770845394 0.004758636067576968 0.02426504296959172
      vertex 0.03628857216314696 -7.308120473226154e-10 0.02422900552452336
    endloop
  endfacet
  facet normal 0.0 0.0 0.0
    outer loop
      vertex 0.0362846770845394 0.004758636067576968 0.02426504296959172
      vertex 0.036288712392486586 0.004747447259439148 0.02422760934532414
      vertex 0.03628857216314696 -7.308120473226154e-10 0.02422900552452336
    endloop
  endfacet
  facet normal 0.0 0.0 0.0
    outer loop
      vertex 0.036288712392486586 0.004747447259439148 0.02422760934532414
      vertex 0.03629213134490847 0.0047379618583261555 0.02419011468590031
      vertex 0.03628857216314696 -7.308120473226154e-10 0.02422900552452336
    endloop
  endfacet
  facet normal 0.0 0.0 0.0
    outer loop
      vertex 0.03629213134490847 0.0047379618583261555 0.02419011468590031
      vertex 0.03629493529050417 0.004730181212937147 0.024152566620714765
      vertex 0.03628857216314696 -7.308120473226154e-10 0.02422900552452336
    endloop
  endfacet
  facet normal 0.0 0.0 0.0
    outer loop
      vertex 0.03628857216314696 -7.308120473226154e-10 0.02422900552452336
      vertex 0.03629493529050417 0.004730181212937147 0.024152566620714765
      vertex 0.03629714179756095 1.96665010676611e-09 0.024114644715197187
    endloop
  endfacet
  facet normal 0.0 0.0 0.0
    outer loop
      vertex 0.03629493529050417 0.004730181212937147 0.024152566620714765
      vertex 0.036297124229273704 0.004724105323272125 0.02411498040855656
      vertex 0.03629714179756095 1.96665010676611e-09 0.024114644715197187
    endloop
  endfacet
  facet normal 0.0 0.0 0.0
    outer loop
      vertex 0.036297124229273704 0.004724105323272125 0.02411498040855656
      vertex 0.036298698161217016 0.0047197395841277 0.024077359864122967
      vertex 0.03629714179756095 1.96665010676611e-09 0.024114644715197187
    endloop
  endfacet
  facet normal 0.0 0.0 0.0
    outer loop
      vertex 0.036298698161217016 0.0047197395841277 0.024077359864122967
      vertex 0.03629965708633416 0.004717078600707262 0.024039720246203048
      vertex 0.03629714179756095 1.96665010676611e-09 0.024114644715197187
    endloop
  endfacet
  facet normal 0.0 0.0 0.0
    outer loop
      vertex 0.03629714179756095 1.96665010676611e-09 0.024114644715197187
      vertex 0.03629965708633416 0.004717078600707262 0.024039720246203048
      vertex 0.03630000103976394 1.966671412390042e-09 0.02400000161827336
    endloop
  endfacet
  facet normal 0.0 0.0 0.0
    outer loop
      vertex 0.03629965708633416 0.004717078600707262 0.024039720246203048
      vertex 0.036299914687877584 0.00471636513885759 0.024019860932238204
      vertex 0.03630000103976394 1.966671412390042e-09 0.02400000161827336
    endloop
  endfacet
  facet normal 0.0 0.0 0.0
    outer loop
      vertex 0.036299914687877584 0.00471636513885759 0.024019860932238204
      vertex 0.036300001004625104 0.00471612776780742 0.02400000161827336
      vertex 0.03630000103976394 1.966671412390042e-09 0.02400000161827336
    endloop
  endfacet
  facet normal 0.0 0.0 0.0
    outer loop
      vertex 0.03400000229784895 0.004999999250858656 0.026000001618273358
      vertex 0.03296392891161642 0.005000001940537398 0.026053426453478436
      vertex 0.03286421958328331 0.00499999924239618 0.026000001618273358
    endloop
  endfacet
  facet normal 0.0 0.0 0.0
    outer loop
      vertex 0.03400000229784895 0.004999999250858656 0.026000001618273358
      vertex 0.03306614682037294 0.004999999243900698 0.026101884552843672
      vertex 0.03296392891161642 0.005000001940537398 0.026053426453478436
    endloop
  endfacet
  facet normal 0.0 0.0 0.0
    outer loop
      vertex 0.03400000229784895 0.004999999250858656 0.026000001618273358
      vertex 0.03317062245151047 0.004999999244679124 0.026145257660753828
      vertex 0.03306614682037294 0.004999999243900698 0.026101884552843672
    endloop
  endfacet
  facet normal 0.0 0.0 0.0
    outer loop
      vertex 0.03400000229784895 0.004999999250858656 0.026000001618273358
      vertex 0.03327710224958838 0.005000001942870789 0.026183442780382735
      vertex 0.03317062245151047 0.004999999244679124 0.026145257660753828
    endloop
  endfacet
  facet normal 0.0 0.0 0.0
    outer loop
      vertex 0.03400000229784895 0.004999999250858656 0.026000001618273358
      vertex 0.033385332659166045 0.005000001943677191 0.02621634454429875
      vertex 0.03327710224958838 0.005000001942870789 0.026183442780382735
    endloop
  endfacet
  facet normal 0.0 0.0 0.0
    outer loop
      vertex 0.03400000229784895 0.004999999250858656 0.026000001618273358
      vertex 0.03349504933520963 0.004999999247096359 0.02624388665855656
      vertex 0.033385332659166045 0.005000001943677191 0.02621634454429875
    endloop
  endfacet
  facet normal 0.0 0.0 0.0
    outer loop
      vertex 0.03400000229784895 0.004999999250858656 0.026000001618273358
      vertex 0.03360598793268522 0.004999999247922938 0.02626600045860539
      vertex 0.03349504933520963 0.004999999247096359 0.02624388665855656
    endloop
  endfacet
  facet normal 0.0 0.0 0.0
    outer loop
      vertex 0.03371788140916066 0.004999999248756634 0.026282632538683515
      vertex 0.03360598793268522 0.004999999247922938 0.02626600045860539
      vertex 0.03400000229784895 0.004999999250858656 0.026000001618273358
    endloop
  endfacet
  facet normal 0.0 0.0 0.0
    outer loop
      vertex 0.0338304546300089 0.004999999249595392 0.026293740937121016
      vertex 0.03371788140916066 0.004999999248756634 0.026282632538683515
      vertex 0.03400000229784895 0.004999999250858656 0.026000001618273358
    endloop
  endfacet
  facet normal 0.0 0.0 0.0
    outer loop
      vertex 0.03394344055279773 0.005000001947835532 0.026299306580431562
      vertex 0.0338304546300089 0.004999999249595392 0.026293740937121016
      vertex 0.03400000229784895 0.004999999250858656 0.026000001618273358
    endloop
  endfacet
  facet normal 0.0 0.0 0.0
    outer loop
      vertex 0.034056561345501835 0.0049999992512800625 0.026299306580431562
      vertex 0.03394344055279773 0.005000001947835532 0.026299306580431562
      vertex 0.03400000229784895 0.004999999250858656 0.026000001618273358
    endloop
  endfacet
  facet normal 0.0 0.0 0.0
    outer loop
      vertex 0.034169544570892385 0.0049999992521218796 0.026293740937121016
      vertex 0.034056561345501835 0.0049999992512800625 0.026299306580431562
      vertex 0.03400000229784895 0.004999999250858656 0.026000001618273358
    endloop
  endfacet
  facet normal 0.0 0.0 0.0
    outer loop
      vertex 0.0342821204891389 0.00500000195035896 0.026282632538683515
      vertex 0.034169544570892385 0.0049999992521218796 0.026293740937121016
      vertex 0.03400000229784895 0.004999999250858656 0.026000001618273358
    endloop
  endfacet
  facet normal 0.0 0.0 0.0
    outer loop
      vertex 0.03439401126821607 0.00499999925379433 0.02626600045860539
      vertex 0.0342821204891389 0.00500000195035896 0.026282632538683515
      vertex 0.03400000229784895 0.004999999250858656 0.026000001618273358
    endloop
  endfacet
  facet normal 0.0 0.0 0.0
    outer loop
      vertex 0.03450494986569166 0.00499999925462091 0.02624388665855656
      vertex 0.03439401126821607 0.00499999925379433 0.02626600045860539
      vertex 0.03400000229784895 0.004999999250858656 0.026000001618273358
    endloop
  endfacet
  facet normal 0.0 0.0 0.0
    outer loop
      vertex 0.03461466923913352 0.004999999255438404 0.02621634454429875
      vertex 0.03450494986569166 0.00499999925462091 0.02624388665855656
      vertex 0.03400000229784895 0.004999999250858656 0.026000001618273358
    endloop
  endfacet
  facet normal 0.0 0.0 0.0
    outer loop
      vertex 0.03472289964871119 0.0049999992562448055 0.026183442780382735
      vertex 0.03461466923913352 0.004999999255438404 0.02621634454429875
      vertex 0.03400000229784895 0.004999999250858656 0.026000001618273358
    endloop
  endfacet
  facet normal 0.0 0.0 0.0
    outer loop
      vertex 0.03482937944678909 0.00500000195443647 0.026145257660753828
      vertex 0.03472289964871119 0.0049999992562448055 0.026183442780382735
      vertex 0.03400000229784895 0.004999999250858656 0.026000001618273358
    endloop
  endfacet
  facet normal 0.0 0.0 0.0
    outer loop
      vertex 0.03493385507792662 0.005000001955214896 0.026101884552843672
      vertex 0.03482937944678909 0.00500000195443647 0.026145257660753828
      vertex 0.03400000229784895 0.004999999250858656 0.026000001618273358
    endloop
  endfacet
  facet normal 0.0 0.0 0.0
    outer loop
      vertex 0.035036072986683146 0.004999999258578196 0.026053426453478436
      vertex 0.03493385507792662 0.005000001955214896 0.026101884552843672
      vertex 0.03400000229784895 0.004999999250858656 0.026000001618273358
    endloop
  endfacet
  facet normal 0.0 0.0 0.0
    outer loop
      vertex 0.03513578231501626 0.005000001956719411 0.026000001618273358
      vertex 0.035036072986683146 0.004999999258578196 0.026053426453478436
      vertex 0.03400000229784895 0.004999999250858656 0.026000001618273358
    endloop
  endfacet
  facet normal 0.0 0.0 0.0
    outer loop
      vertex 0.006297360257235695 0.004999999044452239 0.024110181519396406
      vertex 0.008952258354244102 0.004999999064233313 0.017066495606310468
      vertex 0.006300001010175974 0.0050000017418702185 0.02400000161827336
    endloop
  endfacet
  facet normal 0.0 0.0 0.0
    outer loop
      vertex 0.006300001010175974 0.0050000017418702185 0.02400000161827336
      vertex 0.008952258354244102 0.004999999064233313 0.017066495606310468
      vertex 0.006300001010175974 0.0050000017418702185 0.01900000161827336
    endloop
  endfacet
  facet normal 0.0 0.0 0.0
    outer loop
      vertex 0.006019271979012915 0.005000001739778568 0.017898843476183514
      vertex 0.008952258354244102 0.004999999064233313 0.017066495606310468
      vertex 0.005961803908131361 0.0049999990419520805 0.01779944772423039
    endloop
  endfacet
  facet normal 0.0 0.0 0.0
    outer loop
      vertex 0.0060717067046579445 0.004999999042770942 0.01800098581016789
      vertex 0.008952258354244102 0.004999999064233313 0.017066495606310468
      vertex 0.006019271979012915 0.005000001739778568 0.017898843476183514
    endloop
  endfacet
  facet normal 0.0 0.0 0.0
    outer loop
      vertex 0.006118981307346068 0.004999999043123176 0.018105615326769454
      vertex 0.008952258354244102 0.004999999064233313 0.017066495606310468
      vertex 0.0060717067046579445 0.004999999042770942 0.01800098581016789
    endloop
  endfacet
  facet normal 0.0 0.0 0.0
    outer loop
      vertex 0.006160974404153594 0.0049999990434360575 0.018212476441271407
      vertex 0.008952258354244102 0.004999999064233313 0.017066495606310468
      vertex 0.006118981307346068 0.004999999043123176 0.018105615326769454
    endloop
  endfacet
  facet normal 0.0 0.0 0.0
    outer loop
      vertex 0.006197580796546619 0.005000001741107108 0.01832129831016789
      vertex 0.008952258354244102 0.004999999064233313 0.017066495606310468
      vertex 0.006160974404153594 0.0049999990434360575 0.018212476441271407
    endloop
  endfacet
  facet normal 0.0 0.0 0.0
    outer loop
      vertex 0.006228714167779435 0.0050000017413390765 0.01843181390465031
      vertex 0.008952258354244102 0.004999999064233313 0.017066495606310468
      vertex 0.006197580796546619 0.005000001741107108 0.01832129831016789
    endloop
  endfacet
  facet normal 0.0 0.0 0.0
    outer loop
      vertex 0.006254290898504574 0.005000001741529643 0.018543740937121016
      vertex 0.008952258354244102 0.004999999064233313 0.017066495606310468
      vertex 0.006228714167779435 0.0050000017413390765 0.01843181390465031
    endloop
  endfacet
  facet normal 0.0 0.0 0.0
    outer loop
      vertex 0.0062742516459593336 0.005000001741678366 0.01865680856407414
      vertex 0.008952258354244102 0.004999999064233313 0.017066495606310468
      vertex 0.006254290898504574 0.005000001741529643 0.018543740937121016
    endloop
  endfacet
  facet normal 0.0 0.0 0.0
    outer loop
      vertex 0.006288545159575944 0.004999999044386559 0.018770730683214765
      vertex 0.008952258354244102 0.004999999064233313 0.017066495606310468
      vertex 0.0062742516459593336 0.005000001741678366 0.01865680856407414
    endloop
  endfacet
  facet normal 0.0 0.0 0.0
    outer loop
      vertex 0.0062971336757781 0.004999999044450551 0.018885221192247968
      vertex 0.008952258354244102 0.004999999064233313 0.017066495606310468
      vertex 0.006288545159575944 0.004999999044386559 0.018770730683214765
    endloop
  endfacet
  facet normal 0.0 0.0 0.0
    outer loop
      vertex 0.006300001010175974 0.0050000017418702185 0.01900000161827336
      vertex 0.008952258354244102 0.004999999064233313 0.017066495606310468
      vertex 0.0062971336757781 0.004999999044450551 0.018885221192247968
    endloop
  endfacet
  facet normal 0.0 0.0 0.0
    outer loop
      vertex 0.005656342431912514 0.0050000017370744575 0.025595784851915937
      vertex 0.03234365677665468 0.005000001935915884 0.025595784851915937
      vertex 0.0057308877314611265 0.005000001737629879 0.02551460427940617
    endloop
  endfacet
  facet normal 0.0 0.0 0.0
    outer loop
      vertex 0.005577993800754279 0.005000001736490699 0.025673299500353436
      vertex 0.03242200540781292 0.005000001936499643 0.025673299500353436
      vertex 0.005656342431912514 0.0050000017370744575 0.025595784851915937
    endloop
  endfacet
  facet normal 0.0 0.0 0.0
    outer loop
      vertex 0.005656342431912514 0.0050000017370744575 0.025595784851915937
      vertex 0.03242200540781292 0.005000001936499643 0.025673299500353436
      vertex 0.03234365677665468 0.005000001935915884 0.025595784851915937
    endloop
  endfacet
  facet normal 0.0 0.0 0.0
    outer loop
      vertex 0.0057308877314611265 0.005000001737629879 0.02551460427940617
      vertex 0.03226911417450439 0.004999999237962182 0.02551460427940617
      vertex 0.0058014597633069395 0.004999999040757391 0.02542994851768742
    endloop
  endfacet
  facet normal 0.0 0.0 0.0
    outer loop
      vertex 0.03234365677665468 0.005000001935915884 0.025595784851915937
      vertex 0.03226911417450439 0.004999999237962182 0.02551460427940617
      vertex 0.0057308877314611265 0.005000001737629879 0.02551460427940617
    endloop
  endfacet
  facet normal 0.0 0.0 0.0
    outer loop
      vertex 0.005496022563672854 0.004999999038481645 0.025746972748644452
      vertex 0.032503976644894385 0.004999999239712091 0.025746972748644452
      vertex 0.005577993800754279 0.005000001736490699 0.025673299500353436
    endloop
  endfacet
  facet normal 0.0 0.0 0.0
    outer loop
      vertex 0.005577993800754279 0.005000001736490699 0.025673299500353436
      vertex 0.032503976644894385 0.004999999239712091 0.025746972748644452
      vertex 0.03242200540781292 0.005000001936499643 0.025673299500353436
    endloop
  endfacet
  facet normal 0.0 0.0 0.0
    outer loop
      vertex 0.0058014597633069395 0.004999999040757391 0.02542994851768742
      vertex 0.03219854214265858 0.005000001934834669 0.02542994851768742
      vertex 0.005867891288755022 0.004999999041252358 0.025342004486925702
    endloop
  endfacet
  facet normal 0.0 0.0 0.0
    outer loop
      vertex 0.03226911417450439 0.004999999237962182 0.02551460427940617
      vertex 0.03219854214265858 0.005000001934834669 0.02542994851768742
      vertex 0.0058014597633069395 0.004999999040757391 0.02542994851768742
    endloop
  endfacet
  facet normal 0.0 0.0 0.0
    outer loop
      vertex 0.005410617538549532 0.004999999037845311 0.025816636750109298
      vertex 0.032589384367415986 0.0050000019377467505 0.025816636750109298
      vertex 0.005496022563672854 0.004999999038481645 0.025746972748644452
    endloop
  endfacet
  facet normal 0.0 0.0 0.0
    outer loop
      vertex 0.005496022563672854 0.004999999038481645 0.025746972748644452
      vertex 0.032589384367415986 0.0050000019377467505 0.025816636750109298
      vertex 0.032503976644894385 0.004999999239712091 0.025746972748644452
    endloop
  endfacet
  facet normal 0.0 0.0 0.0
    outer loop
      vertex 0.005867891288755022 0.004999999041252358 0.025342004486925702
      vertex 0.03213210791981221 0.004999999236941376 0.025342004486925702
      vertex 0.005930036648296921 0.005000001739113694 0.025250981995470625
    endloop
  endfacet
  facet normal 0.0 0.0 0.0
    outer loop
      vertex 0.03219854214265858 0.005000001934834669 0.02542994851768742
      vertex 0.03213210791981221 0.004999999236941376 0.025342004486925702
      vertex 0.005867891288755022 0.004999999041252358 0.025342004486925702
    endloop
  endfacet
  facet normal 0.0 0.0 0.0
    outer loop
      vertex 0.005321970240663963 0.0049999990371848175 0.025882127472765547
      vertex 0.03267802896790328 0.004999999241008917 0.025882127472765547
      vertex 0.005410617538549532 0.004999999037845311 0.025816636750109298
    endloop
  endfacet
  facet normal 0.0 0.0 0.0
    outer loop
      vertex 0.005410617538549532 0.004999999037845311 0.025816636750109298
      vertex 0.03267802896790328 0.004999999241008917 0.025882127472765547
      vertex 0.032589384367415986 0.0050000019377467505 0.025816636750109298
    endloop
  endfacet
  facet normal 0.0 0.0 0.0
    outer loop
      vertex 0.03213210791981221 0.004999999236941376 0.025342004486925702
      vertex 0.0320699652576686 0.004999999236478364 0.025250981995470625
      vertex 0.005930036648296921 0.005000001739113694 0.025250981995470625
    endloop
  endfacet
  facet normal 0.0 0.0 0.0
    outer loop
      vertex 0.005930036648296921 0.005000001739113694 0.025250981995470625
      vertex 0.0320699652576686 0.004999999236478364 0.025250981995470625
      vertex 0.005987750182424223 0.005000001739543705 0.02515708703697453
    endloop
  endfacet
  facet normal 0.0 0.0 0.0
    outer loop
      vertex 0.005321970240663963 0.0049999990371848175 0.025882127472765547
      vertex 0.032769713536279936 0.004999999241692039 0.025943292328722577
      vertex 0.03267802896790328 0.004999999241008917 0.025882127472765547
    endloop
  endfacet
  facet normal 0.0 0.0 0.0
    outer loop
      vertex 0.005230288369685588 0.005000001733900021 0.025943292328722577
      vertex 0.032769713536279936 0.004999999241692039 0.025943292328722577
      vertex 0.005321970240663963 0.0049999990371848175 0.025882127472765547
    endloop
  endfacet
  facet normal 0.0 0.0 0.0
    outer loop
      vertex 0.0320699652576686 0.004999999236478364 0.025250981995470625
      vertex 0.0320122517235413 0.004999999236048355 0.02515708703697453
      vertex 0.005987750182424223 0.005000001739543705 0.02515708703697453
    endloop
  endfacet
  facet normal 0.0 0.0 0.0
    outer loop
      vertex 0.005987750182424223 0.005000001739543705 0.02515708703697453
      vertex 0.0320122517235413 0.004999999236048355 0.02515708703697453
      vertex 0.006040897021221693 0.004999999042541387 0.025060537049181562
    endloop
  endfacet
  facet normal 0.0 0.0 0.0
    outer loop
      vertex 0.006040897021221693 0.004999999042541387 0.025060537049181562
      vertex 0.03195910218734555 0.00499999923565235 0.025060537049181562
      vertex 0.0060893611765621665 0.005000001740300788 0.024961549469835857
    endloop
  endfacet
  facet normal 0.0 0.0 0.0
    outer loop
      vertex 0.0320122517235413 0.004999999236048355 0.02515708703697453
      vertex 0.03195910218734555 0.00499999923565235 0.025060537049181562
      vertex 0.006040897021221693 0.004999999042541387 0.025060537049181562
    endloop
  endfacet
  facet normal 0.0 0.0 0.0
    outer loop
      vertex 0.0060893611765621665 0.005000001740300788 0.024961549469835857
      vertex 0.031910640729403354 0.004999999235291273 0.024961549469835857
      vertex 0.006133023962920322 0.004999999043227804 0.02486035318077336
    endloop
  endfacet
  facet normal 0.0 0.0 0.0
    outer loop
      vertex 0.03195910218734555 0.00499999923565235 0.025060537049181562
      vertex 0.031910640729403354 0.004999999235291273 0.024961549469835857
      vertex 0.0060893611765621665 0.005000001740300788 0.024961549469835857
    endloop
  endfacet
  facet normal 0.0 0.0 0.0
    outer loop
      vertex 0.031910640729403354 0.004999999235291273 0.024961549469835857
      vertex 0.03186697524564692 0.00499999923496593 0.02486035318077336
      vertex 0.006133023962920322 0.004999999043227804 0.02486035318077336
    endloop
  endfacet
  facet normal 0.0 0.0 0.0
    outer loop
      vertex 0.006133023962920322 0.004999999043227804 0.02486035318077336
      vertex 0.03186697524564692 0.00499999923496593 0.02486035318077336
      vertex 0.00617179097135543 0.004999999043516648 0.024757180878527265
    endloop
  endfacet
  facet normal 0.0 0.0 0.0
    outer loop
      vertex 0.03186697524564692 0.00499999923496593 0.02486035318077336
      vertex 0.03182820823721181 0.004999999234677086 0.024757180878527265
      vertex 0.00617179097135543 0.004999999043516648 0.024757180878527265
    endloop
  endfacet
  facet normal 0.0 0.0 0.0
    outer loop
      vertex 0.0062055704903251335 0.005000001741166637 0.02465227288902531
      vertex 0.031794431415640395 0.004999999234425422 0.02465227288902531
      vertex 0.0062342842952786545 0.0049999990439822724 0.02454586572349797
    endloop
  endfacet
  facet normal 0.0 0.0 0.0
    outer loop
      vertex 0.00617179097135543 0.004999999043516648 0.024757180878527265
      vertex 0.031794431415640395 0.004999999234425422 0.02465227288902531
      vertex 0.0062055704903251335 0.005000001741166637 0.02465227288902531
    endloop
  endfacet
  facet normal 0.0 0.0 0.0
    outer loop
      vertex 0.03182820823721181 0.004999999234677086 0.024757180878527265
      vertex 0.031794431415640395 0.004999999234425422 0.02465227288902531
      vertex 0.00617179097135543 0.004999999043516648 0.024757180878527265
    endloop
  endfacet
  facet normal 0.0 0.0 0.0
    outer loop
      vertex 0.0062342842952786545 0.0049999990439822724 0.02454586572349797
      vertex 0.031765714913288584 0.004999999234211463 0.02454586572349797
      vertex 0.006257870346054927 0.004999999044158008 0.024438203522570232
    endloop
  endfacet
  facet normal 0.0 0.0 0.0
    outer loop
      vertex 0.031794431415640395 0.004999999234425422 0.02465227288902531
      vertex 0.031765714913288584 0.004999999234211463 0.02454586572349797
      vertex 0.0062342842952786545 0.0049999990439822724 0.02454586572349797
    endloop
  endfacet
  facet normal 0.0 0.0 0.0
    outer loop
      vertex 0.006257870346054927 0.004999999044158008 0.024438203522570232
      vertex 0.03174212886251231 0.004999999234035725 0.024438203522570232
      vertex 0.006276271997289572 0.004999999044295115 0.024329534241564376
    endloop
  endfacet
  facet normal 0.0 0.0 0.0
    outer loop
      vertex 0.031765714913288584 0.004999999234211463 0.02454586572349797
      vertex 0.03174212886251231 0.004999999234035725 0.024438203522570232
      vertex 0.006257870346054927 0.004999999044158008 0.024438203522570232
    endloop
  endfacet
  facet normal 0.0 0.0 0.0
    outer loop
      vertex 0.03174212886251231 0.004999999234035725 0.024438203522570232
      vertex 0.031723729908675946 0.005000001931296943 0.024329534241564376
      vertex 0.006276271997289572 0.004999999044295115 0.024329534241564376
    endloop
  endfacet
  facet normal 0.0 0.0 0.0
    outer loop
      vertex 0.006276271997289572 0.004999999044295115 0.024329534241564376
      vertex 0.03171055851275413 0.004999999233800501 0.024220113465197188
      vertex 0.006289443393211388 0.0050000017417915574 0.024220113465197188
    endloop
  endfacet
  facet normal 0.0 0.0 0.0
    outer loop
      vertex 0.031723729908675946 0.005000001931296943 0.024329534241564376
      vertex 0.03171055851275413 0.004999999233800501 0.024220113465197188
      vertex 0.006276271997289572 0.004999999044295115 0.024329534241564376
    endloop
  endfacet
  facet normal 0.0 0.0 0.0
    outer loop
      vertex 0.006289443393211388 0.0050000017417915574 0.024220113465197188
      vertex 0.028715585924481004 0.005000001908883911 0.017066495606310468
      vertex 0.006297360257235695 0.004999999044452239 0.024110181519396406
    endloop
  endfacet
  facet normal 0.0 0.0 0.0
    outer loop
      vertex 0.03171055851275413 0.004999999233800501 0.024220113465197188
      vertex 0.028715585924481004 0.005000001908883911 0.017066495606310468
      vertex 0.006289443393211388 0.0050000017417915574 0.024220113465197188
    endloop
  endfacet
  facet normal 0.0 0.0 0.0
    outer loop
      vertex 0.006297360257235695 0.004999999044452239 0.024110181519396406
      vertex 0.028715585924481004 0.005000001908883911 0.017066495606310468
      vertex 0.008952258354244102 0.004999999064233313 0.017066495606310468
    endloop
  endfacet
  facet normal 0.0 0.0 0.0
    outer loop
      vertex 0.03170264164872983 0.0050000019311398185 0.024110181519396406
      vertex 0.028715585924481004 0.005000001908883911 0.017066495606310468
      vertex 0.03171055851275413 0.004999999233800501 0.024220113465197188
    endloop
  endfacet
  facet normal 0.0 0.0 0.0
    outer loop
      vertex 0.03170000089578955 0.004999999233721839 0.02400000161827336
      vertex 0.028715585924481004 0.005000001908883911 0.017066495606310468
      vertex 0.03170264164872983 0.0050000019311398185 0.024110181519396406
    endloop
  endfacet
  facet normal 0.0 0.0 0.0
    outer loop
      vertex 0.028715585924481004 0.005000001908883911 0.017066495606310468
      vertex 0.028713886563549045 0.005000001908871251 0.01700000161827336
      vertex 0.008952258354244102 0.004999999064233313 0.017066495606310468
    endloop
  endfacet
  facet normal 0.0 0.0 0.0
    outer loop
      vertex 0.008952258354244102 0.004999999064233313 0.017066495606310468
      vertex 0.028713886563549045 0.005000001908871251 0.01700000161827336
      vertex 0.00895379587127778 0.004999999064244767 0.01700000161827336
    endloop
  endfacet
  facet normal 0.0 0.0 0.0
    outer loop
      vertex 0.03170000089578955 0.004999999233721839 0.02400000161827336
      vertex 0.03170000089578955 0.004999999233721839 0.01900000161827336
      vertex 0.028715585924481004 0.005000001908883911 0.017066495606310468
    endloop
  endfacet
  facet normal 0.0 0.0 0.0
    outer loop
      vertex 0.03170000089578955 0.004999999233721839 0.01900000161827336
      vertex 0.03170286553278914 0.004999999233743183 0.018885221192247968
      vertex 0.028715585924481004 0.005000001908883911 0.017066495606310468
    endloop
  endfacet
  facet normal 0.0 0.0 0.0
    outer loop
      vertex 0.03170286553278914 0.004999999233743183 0.018885221192247968
      vertex 0.03171145674638958 0.0050000019312054994 0.018770730683214765
      vertex 0.028715585924481004 0.005000001908883911 0.017066495606310468
    endloop
  endfacet
  facet normal 0.0 0.0 0.0
    outer loop
      vertex 0.03171145674638958 0.0050000019312054994 0.018770730683214765
      vertex 0.03172575026000619 0.004999999233913695 0.01865680856407414
      vertex 0.028715585924481004 0.005000001908883911 0.017066495606310468
    endloop
  endfacet
  facet normal 0.0 0.0 0.0
    outer loop
      vertex 0.03172575026000619 0.004999999233913695 0.01865680856407414
      vertex 0.031745711007460944 0.0049999992340624185 0.018543740937121016
      vertex 0.028715585924481004 0.005000001908883911 0.017066495606310468
    endloop
  endfacet
  facet normal 0.0 0.0 0.0
    outer loop
      vertex 0.031745711007460944 0.0049999992340624185 0.018543740937121016
      vertex 0.03177128773818609 0.004999999234252982 0.01843181390465031
      vertex 0.028715585924481004 0.005000001908883911 0.017066495606310468
    endloop
  endfacet
  facet normal 0.0 0.0 0.0
    outer loop
      vertex 0.03177128773818609 0.004999999234252982 0.01843181390465031
      vertex 0.031802418412020576 0.005000001931883235 0.01832129831016789
      vertex 0.028715585924481004 0.005000001908883911 0.017066495606310468
    endloop
  endfacet
  facet normal 0.0 0.0 0.0
    outer loop
      vertex 0.031802418412020576 0.005000001931883235 0.01832129831016789
      vertex 0.03183902750181193 0.005000001932156003 0.018212476441271407
      vertex 0.028715585924481004 0.005000001908883911 0.017066495606310468
    endloop
  endfacet
  facet normal 0.0 0.0 0.0
    outer loop
      vertex 0.03183902750181193 0.005000001932156003 0.018212476441271407
      vertex 0.031881020598619456 0.005000001932468882 0.018105615326769454
      vertex 0.028715585924481004 0.005000001908883911 0.017066495606310468
    endloop
  endfacet
  facet normal 0.0 0.0 0.0
    outer loop
      vertex 0.031881020598619456 0.005000001932468882 0.018105615326769454
      vertex 0.0319282925039093 0.004999999235422793 0.01800098581016789
      vertex 0.028715585924481004 0.005000001908883911 0.017066495606310468
    endloop
  endfacet
  facet normal 0.0 0.0 0.0
    outer loop
      vertex 0.0319282925039093 0.004999999235422793 0.01800098581016789
      vertex 0.03198072992695261 0.004999999235813492 0.017898843476183514
      vertex 0.028715585924481004 0.005000001908883911 0.017066495606310468
    endloop
  endfacet
  facet normal 0.0 0.0 0.0
    outer loop
      vertex 0.005135782322682217 0.005000001733195877 0.026000001618273358
      vertex 0.03286421958328331 0.00499999924239618 0.026000001618273358
      vertex 0.005230288369685588 0.005000001733900021 0.025943292328722577
    endloop
  endfacet
  facet normal 0.0 0.0 0.0
    outer loop
      vertex 0.005230288369685588 0.005000001733900021 0.025943292328722577
      vertex 0.03286421958328331 0.00499999924239618 0.026000001618273358
      vertex 0.032769713536279936 0.004999999241692039 0.025943292328722577
    endloop
  endfacet
  facet normal 0.0 0.0 0.0
    outer loop
      vertex 0.008952258354244102 0.004999999064233313 0.017066495606310468
      vertex 0.005245614986852877 0.005000001734014217 0.017066495606310468
      vertex 0.005340552617585001 0.0050000017347215766 0.01713106317222844
    endloop
  endfacet
  facet normal 0.0 0.0 0.0
    outer loop
      vertex 0.008952258354244102 0.004999999064233313 0.017066495606310468
      vertex 0.005340552617585001 0.0050000017347215766 0.01713106317222844
      vertex 0.005432148171817625 0.00499999903800573 0.017200292298204998
    endloop
  endfacet
  facet normal 0.0 0.0 0.0
    outer loop
      vertex 0.008952258354244102 0.004999999064233313 0.017066495606310468
      vertex 0.005432148171817625 0.00499999903800573 0.017200292298204998
      vertex 0.005520177765491399 0.005000001736059924 0.01727400369346867
    endloop
  endfacet
  facet normal 0.0 0.0 0.0
    outer loop
      vertex 0.008952258354244102 0.004999999064233313 0.017066495606310468
      vertex 0.005520177765491399 0.005000001736059924 0.01727400369346867
      vertex 0.005604417514547093 0.005000001736687577 0.017352018067247968
    endloop
  endfacet
  facet normal 0.0 0.0 0.0
    outer loop
      vertex 0.008952258354244102 0.004999999064233313 0.017066495606310468
      vertex 0.005604417514547093 0.005000001736687577 0.017352018067247968
      vertex 0.0056846570219169406 0.0049999990398871185 0.017434137055285077
    endloop
  endfacet
  facet normal 0.0 0.0 0.0
    outer loop
      vertex 0.008952258354244102 0.004999999064233313 0.017066495606310468
      vertex 0.0056846570219169406 0.0049999990398871185 0.017434137055285077
      vertex 0.005760702074922965 0.004999999040453714 0.017520158478624922
    endloop
  endfacet
  facet normal 0.0 0.0 0.0
    outer loop
      vertex 0.008952258354244102 0.004999999064233313 0.017066495606310468
      vertex 0.005760702074922965 0.004999999040453714 0.017520158478624922
      vertex 0.005832358460887225 0.005000001738385916 0.017609868714220624
    endloop
  endfacet
  facet normal 0.0 0.0 0.0
    outer loop
      vertex 0.008952258354244102 0.004999999064233313 0.017066495606310468
      vertex 0.005832358460887225 0.005000001738385916 0.017609868714220624
      vertex 0.005899448151521655 0.005000001738885786 0.017703042694933516
    endloop
  endfacet
  facet normal 0.0 0.0 0.0
    outer loop
      vertex 0.008952258354244102 0.004999999064233313 0.017066495606310468
      vertex 0.005899448151521655 0.005000001738885786 0.017703042694933516
      vertex 0.005961803908131361 0.0049999990419520805 0.01779944772423039
    endloop
  endfacet
  facet normal 0.0 0.0 0.0
    outer loop
      vertex 0.03275438691911265 0.004999999241577841 0.017066495606310468
      vertex 0.028715585924481004 0.005000001908883911 0.017066495606310468
      vertex 0.03265944928838052 0.004999999240870485 0.01713106317222844
    endloop
  endfacet
  facet normal 0.0 0.0 0.0
    outer loop
      vertex 0.03265944928838052 0.004999999240870485 0.01713106317222844
      vertex 0.028715585924481004 0.005000001908883911 0.017066495606310468
      vertex 0.03256785103674962 0.0049999992401880055 0.017200292298204998
    endloop
  endfacet
  facet normal 0.0 0.0 0.0
    outer loop
      vertex 0.03256785103674962 0.0049999992401880055 0.017200292298204998
      vertex 0.028715585924481004 0.005000001908883911 0.017066495606310468
      vertex 0.03247982414047412 0.0049999992395321335 0.01727400369346867
    endloop
  endfacet
  facet normal 0.0 0.0 0.0
    outer loop
      vertex 0.03247982414047412 0.0049999992395321335 0.01727400369346867
      vertex 0.028715585924481004 0.005000001908883911 0.017066495606310468
      vertex 0.03239558439141843 0.0049999992389044845 0.017352018067247968
    endloop
  endfacet
  facet normal 0.0 0.0 0.0
    outer loop
      vertex 0.03239558439141843 0.0049999992389044845 0.017352018067247968
      vertex 0.028715585924481004 0.005000001908883911 0.017066495606310468
      vertex 0.032315342186650296 0.004999999238306615 0.017434137055285077
    endloop
  endfacet
  facet normal 0.0 0.0 0.0
    outer loop
      vertex 0.032315342186650296 0.004999999238306615 0.017434137055285077
      vertex 0.028715585924481004 0.005000001908883911 0.017066495606310468
      vertex 0.03223929983104256 0.005000001935138345 0.017520158478624922
    endloop
  endfacet
  facet normal 0.0 0.0 0.0
    outer loop
      vertex 0.03223929983104256 0.005000001935138345 0.017520158478624922
      vertex 0.028715585924481004 0.005000001908883911 0.017066495606310468
      vertex 0.032167643445078296 0.004999999237206145 0.017609868714220624
    endloop
  endfacet
  facet normal 0.0 0.0 0.0
    outer loop
      vertex 0.032167643445078296 0.004999999237206145 0.017609868714220624
      vertex 0.028715585924481004 0.005000001908883911 0.017066495606310468
      vertex 0.03210055375444387 0.0049999992367062715 0.017703042694933516
    endloop
  endfacet
  facet normal 0.0 0.0 0.0
    outer loop
      vertex 0.03210055375444387 0.0049999992367062715 0.017703042694933516
      vertex 0.028715585924481004 0.005000001908883911 0.017066495606310468
      vertex 0.032038195300435876 0.004999999236241653 0.01779944772423039
    endloop
  endfacet
  facet normal 0.0 0.0 0.0
    outer loop
      vertex 0.032038195300435876 0.004999999236241653 0.01779944772423039
      vertex 0.028715585924481004 0.005000001908883911 0.017066495606310468
      vertex 0.03198072992695261 0.004999999235813492 0.017898843476183514
    endloop
  endfacet
  facet normal 0.0 0.0 0.0
    outer loop
      vertex 0.035092947632523123 0.00465299784889079 0.016976274201281172
      vertex 0.036379084678456027 0.004496733528584955 0.016935643860705
      vertex 0.035014118865630946 0.004496732169715734 0.016935643860705
    endloop
  endfacet
  facet normal 0.0 0.0 0.0
    outer loop
      vertex 0.03517014986815132 0.004820838064179183 0.01701991433799992
      vertex 0.036379084678456027 0.004496733528584955 0.016935643860705
      vertex 0.035092947632523123 0.00465299784889079 0.016976274201281172
    endloop
  endfacet
  facet normal 0.0 0.0 0.0
    outer loop
      vertex 0.03524561497918692 0.0050000019575377535 0.017066495606310468
      vertex 0.03619767519782135 0.004999999267233042 0.017066495606310468
      vertex 0.03517014986815132 0.004820838064179183 0.01701991433799992
    endloop
  endfacet
  facet normal 0.0 0.0 0.0
    outer loop
      vertex 0.03517014986815132 0.004820838064179183 0.01701991433799992
      vertex 0.03619767519782135 0.004999999267233042 0.017066495606310468
      vertex 0.036379084678456027 0.004496733528584955 0.016935643860705
    endloop
  endfacet
  facet normal 0.0 0.0 0.0
    outer loop
      vertex 0.028662792448611227 0.004496732122393371 0.016935643860705
      vertex 0.03290705427094731 0.004653000530002474 0.016976274201281172
      vertex 0.0329858803427698 0.004496732154603768 0.016935643860705
    endloop
  endfacet
  facet normal 0.0 0.0 0.0
    outer loop
      vertex 0.028662792448611227 0.004496732122393371 0.016935643860705
      vertex 0.03282984933541975 0.004820838046742108 0.01701991433799992
      vertex 0.03290705427094731 0.004653000530002474 0.016976274201281172
    endloop
  endfacet
  facet normal 0.0 0.0 0.0
    outer loop
      vertex 0.028715585924481004 0.005000001908883911 0.017066495606310468
      vertex 0.03275438691911265 0.004999999241577841 0.017066495606310468
      vertex 0.028662792448611227 0.004496732122393371 0.016935643860705
    endloop
  endfacet
  facet normal 0.0 0.0 0.0
    outer loop
      vertex 0.028662792448611227 0.004496732122393371 0.016935643860705
      vertex 0.03275438691911265 0.004999999241577841 0.017066495606310468
      vertex 0.03282984933541975 0.004820838046742108 0.01701991433799992
    endloop
  endfacet
  facet normal 0.0 0.0 0.0
    outer loop
      vertex 0.0016999995547563452 0.0050000003588974475 0.007999999710924726
      vertex 0.0016999995547563452 0.0050000003588974475 0.013000001618273358
      vertex 0.00170000094070943 -9.885240367379922e-10 0.007999999710924726
    endloop
  endfacet
  facet normal 0.0 0.0 0.0
    outer loop
      vertex 0.00170000094070943 -9.885240367379922e-10 0.007999999710924726
      vertex 0.0016999995547563452 0.0050000003588974475 0.013000001618273358
      vertex 0.00170000094070943 -9.885240367379922e-10 0.013000001618273358
    endloop
  endfacet
  facet normal 0.0 0.0 0.0
    outer loop
      vertex 0.006300001010175974 0.0050000017418702185 0.007999999710924726
      vertex 0.006297141767972994 0.005000001741848916 0.007885354706652265
      vertex 0.006299998350031611 -9.542504475490432e-10 0.007999999710924726
    endloop
  endfacet
  facet normal 0.0 0.0 0.0
    outer loop
      vertex 0.006299998350031611 -9.542504475490432e-10 0.007999999710924726
      vertex 0.006297141767972994 0.005000001741848916 0.007885354706652265
      vertex 0.006297141805226916 1.7431265737499757e-09 0.007885354706652265
    endloop
  endfacet
  facet normal 0.0 0.0 0.0
    outer loop
      vertex 0.006297141767972994 0.005000001741848916 0.007885354706652265
      vertex 0.006288572133558991 0.00499999904438676 0.007770993897326093
      vertex 0.006297141805226916 1.7431265737499757e-09 0.007885354706652265
    endloop
  endfacet
  facet normal 0.0 0.0 0.0
    outer loop
      vertex 0.006297141805226916 1.7431265737499757e-09 0.007885354706652265
      vertex 0.006288572133558991 0.00499999904438676 0.007770993897326093
      vertex 0.006288572170812913 -9.543355812269282e-10 0.007770993897326093
    endloop
  endfacet
  facet normal 0.0 0.0 0.0
    outer loop
      vertex 0.006288572133558991 0.00499999904438676 0.007770993897326093
      vertex 0.0062743109887220365 0.005000001741678808 0.007657203385241132
      vertex 0.006288572170812913 -9.543355812269282e-10 0.007770993897326093
    endloop
  endfacet
  facet normal 0.0 0.0 0.0
    outer loop
      vertex 0.006288572170812913 -9.543355812269282e-10 0.007770993897326093
      vertex 0.0062743109887220365 0.005000001741678808 0.007657203385241132
      vertex 0.0062743110259759595 1.742956466266321e-09 0.007657203385241132
    endloop
  endfacet
  facet normal 0.0 0.0 0.0
    outer loop
      vertex 0.0062743109887220365 0.005000001741678808 0.007657203385241132
      vertex 0.006254396097038477 0.004999999044132122 0.007544263550646406
      vertex 0.0062743110259759595 1.742956466266321e-09 0.007657203385241132
    endloop
  endfacet
  facet normal 0.0 0.0 0.0
    outer loop
      vertex 0.0062743110259759595 1.742956466266321e-09 0.007657203385241132
      vertex 0.006254396097038477 0.004999999044132122 0.007544263550646406
      vertex 0.006254396134292399 -9.545902197594102e-10 0.007544263550646406
    endloop
  endfacet
  facet normal 0.0 0.0 0.0
    outer loop
      vertex 0.006254396097038477 0.004999999044132122 0.007544263550646406
      vertex 0.006228878709076041 0.004999999043941997 0.007432458588488203
      vertex 0.006254396134292399 -9.545902197594102e-10 0.007544263550646406
    endloop
  endfacet
  facet normal 0.0 0.0 0.0
    outer loop
      vertex 0.006254396134292399 -9.545902197594102e-10 0.007544263550646406
      vertex 0.006228878709076041 0.004999999043941997 0.007432458588488203
      vertex 0.006228878746329964 -9.547803441201097e-10 0.007432458588488203
    endloop
  endfacet
  facet normal 0.0 0.0 0.0
    outer loop
      vertex 0.006228878709076041 0.004999999043941997 0.007432458588488203
      vertex 0.006197818167597433 0.005000001741108877 0.0073220631569696475
      vertex 0.006228878746329964 -9.547803441201097e-10 0.007432458588488203
    endloop
  endfacet
  facet normal 0.0 0.0 0.0
    outer loop
      vertex 0.006228878746329964 -9.547803441201097e-10 0.007432458588488203
      vertex 0.006197818167597433 0.005000001741108877 0.0073220631569696475
      vertex 0.006197818204851355 1.7423865350529865e-09 0.0073220631569696475
    endloop
  endfacet
  facet normal 0.0 0.0 0.0
    outer loop
      vertex 0.006197818167597433 0.005000001741108877 0.0073220631569696475
      vertex 0.006161292697153548 0.004999999043438429 0.007213353821642499
      vertex 0.006197818204851355 1.7423865350529865e-09 0.0073220631569696475
    endloop
  endfacet
  facet normal 0.0 0.0 0.0
    outer loop
      vertex 0.006197818204851355 1.7423865350529865e-09 0.0073220631569696475
      vertex 0.006161292697153548 0.004999999043438429 0.007213353821642499
      vertex 0.00616129273440747 -9.552839133064594e-10 0.007213353821642499
    endloop
  endfacet
  facet normal 0.0 0.0 0.0
    outer loop
      vertex 0.006161292697153548 0.004999999043438429 0.007213353821642499
      vertex 0.006119396706684992 0.004999999043126271 0.007106599518663984
      vertex 0.00616129273440747 -9.552839133064594e-10 0.007213353821642499
    endloop
  endfacet
  facet normal 0.0 0.0 0.0
    outer loop
      vertex 0.00616129273440747 -9.552839133064594e-10 0.007213353821642499
      vertex 0.006119396706684992 0.004999999043126271 0.007106599518663984
      vertex 0.006119396743938913 -9.555960711615797e-10 0.007106599518663984
    endloop
  endfacet
  facet normal 0.0 0.0 0.0
    outer loop
      vertex 0.006119396706684992 0.004999999043126271 0.007106599518663984
      vertex 0.0060722299999290555 0.0049999990427748425 0.0070020672768426944
      vertex 0.006119396743938913 -9.555960711615797e-10 0.007106599518663984
    endloop
  endfacet
  facet normal 0.0 0.0 0.0
    outer loop
      vertex 0.006119396743938913 -9.555960711615797e-10 0.007106599518663984
      vertex 0.0060722299999290555 0.0049999990427748425 0.0070020672768426944
      vertex 0.006072230037182978 -9.55947500269616e-10 0.0070020672768426944
    endloop
  endfacet
  facet normal 0.0 0.0 0.0
    outer loop
      vertex 0.0060722299999290555 0.0049999990427748425 0.0070020672768426944
      vertex 0.0060199112624111486 0.004999999042385026 0.006900016495592695
      vertex 0.006072230037182978 -9.55947500269616e-10 0.0070020672768426944
    endloop
  endfacet
  facet normal 0.0 0.0 0.0
    outer loop
      vertex 0.006072230037182978 -9.55947500269616e-10 0.0070020672768426944
      vertex 0.0060199112624111486 0.004999999042385026 0.006900016495592695
      vertex 0.00601991129966507 -9.563373155607734e-10 0.006900016495592695
    endloop
  endfacet
  facet normal 0.0 0.0 0.0
    outer loop
      vertex 0.0060199112624111486 0.004999999042385026 0.006900016495592695
      vertex 0.005962569969249895 0.0049999990419577894 0.006800698944933515
      vertex 0.00601991129966507 -9.563373155607734e-10 0.006900016495592695
    endloop
  endfacet
  facet normal 0.0 0.0 0.0
    outer loop
      vertex 0.00601991129966507 -9.563373155607734e-10 0.006900016495592695
      vertex 0.005962569969249895 0.0049999990419577894 0.006800698944933515
      vertex 0.005962570006503818 -9.567645533614665e-10 0.006800698944933515
    endloop
  endfacet
  facet normal 0.0 0.0 0.0
    outer loop
      vertex 0.005962570006503818 -9.567645533614665e-10 0.006800698944933515
      vertex 0.005900349082555424 0.0050000017388925 0.006704364487536054
      vertex 0.0059003491198093465 1.7401701568608985e-09 0.006704364487536054
    endloop
  endfacet
  facet normal 0.0 0.0 0.0
    outer loop
      vertex 0.005962569969249895 0.0049999990419577894 0.006800698944933515
      vertex 0.005900349082555424 0.0050000017388925 0.006704364487536054
      vertex 0.005962570006503818 -9.567645533614665e-10 0.006800698944933515
    endloop
  endfacet
  facet normal 0.0 0.0 0.0
    outer loop
      vertex 0.0059003491198093465 1.7401701568608985e-09 0.006704364487536054
      vertex 0.005833405051429448 0.005000001738393714 0.006611249634630781
      vertex 0.005833405088683371 1.7396713714035172e-09 0.006611249634630781
    endloop
  endfacet
  facet normal 0.0 0.0 0.0
    outer loop
      vertex 0.005900349082555424 0.0050000017388925 0.006704364487536054
      vertex 0.005833405051429448 0.005000001738393714 0.006611249634630781
      vertex 0.0059003491198093465 1.7401701568608985e-09 0.006704364487536054
    endloop
  endfacet
  facet normal 0.0 0.0 0.0
    outer loop
      vertex 0.005833405088683371 1.7396713714035172e-09 0.006611249634630781
      vertex 0.005761902417168534 0.005000001737860963 0.006521588990099531
      vertex 0.005761902454422457 1.739138620671099e-09 0.006521588990099531
    endloop
  endfacet
  facet normal 0.0 0.0 0.0
    outer loop
      vertex 0.005833405051429448 0.005000001738393714 0.006611249634630781
      vertex 0.005761902417168534 0.005000001737860963 0.006521588990099531
      vertex 0.005833405088683371 1.7396713714035172e-09 0.006611249634630781
    endloop
  endfacet
  facet normal 0.0 0.0 0.0
    outer loop
      vertex 0.005761902454422457 1.739138620671099e-09 0.006521588990099531
      vertex 0.005686019208060792 0.005000001737295573 0.006435601899035077
      vertex 0.005686019245314714 1.738573231602203e-09 0.006435601899035077
    endloop
  endfacet
  facet normal 0.0 0.0 0.0
    outer loop
      vertex 0.005761902417168534 0.005000001737860963 0.006521588990099531
      vertex 0.005686019208060792 0.005000001737295573 0.006435601899035077
      vertex 0.005761902454422457 1.739138620671099e-09 0.006521588990099531
    endloop
  endfacet
  facet normal 0.0 0.0 0.0
    outer loop
      vertex 0.005686019245314714 1.738573231602203e-09 0.006435601899035077
      vertex 0.0056059442419875505 0.005000001736698951 0.006353505799181562
      vertex 0.0056059442792414736 1.7379766101832673e-09 0.006353505799181562
    endloop
  endfacet
  facet normal 0.0 0.0 0.0
    outer loop
      vertex 0.005686019208060792 0.005000001737295573 0.006435601899035077
      vertex 0.0056059442419875505 0.005000001736698951 0.006353505799181562
      vertex 0.005686019245314714 1.738573231602203e-09 0.006435601899035077
    endloop
  endfacet
  facet normal 0.0 0.0 0.0
    outer loop
      vertex 0.0056059442792414736 1.7379766101832673e-09 0.006353505799181562
      vertex 0.005521877126423358 0.005000001736072585 0.006275502869494062
      vertex 0.00552187716367728 1.7373502441131449e-09 0.006275502869494062
    endloop
  endfacet
  facet normal 0.0 0.0 0.0
    outer loop
      vertex 0.0056059442419875505 0.005000001736698951 0.006353505799181562
      vertex 0.005521877126423358 0.005000001736072585 0.006275502869494062
      vertex 0.0056059442792414736 1.7379766101832673e-09 0.006353505799181562
    endloop
  endfacet
  facet normal 0.0 0.0 0.0
    outer loop
      vertex 0.005521877126423358 0.005000001736072585 0.006275502869494062
      vertex 0.005434025561037694 0.004999999038019718 0.006201787659533125
      vertex 0.00552187716367728 1.7373502441131449e-09 0.006275502869494062
    endloop
  endfacet
  facet normal 0.0 0.0 0.0
    outer loop
      vertex 0.00552187716367728 1.7373502441131449e-09 0.006275502869494062
      vertex 0.005434025561037694 0.004999999038019718 0.006201787659533125
      vertex 0.005434025598291615 -9.607026236757577e-10 0.006201787659533125
    endloop
  endfacet
  facet normal 0.0 0.0 0.0
    outer loop
      vertex 0.005434025561037694 0.004999999038019718 0.006201787659533125
      vertex 0.005342610732491505 0.004999999037338606 0.006132543274767499
      vertex 0.005434025598291615 -9.607026236757577e-10 0.006201787659533125
    endloop
  endfacet
  facet normal 0.0 0.0 0.0
    outer loop
      vertex 0.005434025598291615 -9.607026236757577e-10 0.006201787659533125
      vertex 0.005342610732491505 0.004999999037338606 0.006132543274767499
      vertex 0.005342610769745427 -9.613837361754917e-10 0.006132543274767499
    endloop
  endfacet
  facet normal 0.0 0.0 0.0
    outer loop
      vertex 0.005342610732491505 0.004999999037338606 0.006132543274767499
      vertex 0.005247856524844102 0.0049999990366326125 0.00606794137657414
      vertex 0.005342610769745427 -9.613837361754917e-10 0.006132543274767499
    endloop
  endfacet
  facet normal 0.0 0.0 0.0
    outer loop
      vertex 0.005342610769745427 -9.613837361754917e-10 0.006132543274767499
      vertex 0.005247856524844102 0.0049999990366326125 0.00606794137657414
      vertex 0.005247856562098024 -9.62089729217297e-10 0.00606794137657414
    endloop
  endfacet
  facet normal 0.0 0.0 0.0
    outer loop
      vertex 0.005247856524844102 0.0049999990366326125 0.00606794137657414
      vertex 0.005150000309146295 0.004999999035903507 0.006008142182238203
      vertex 0.005247856562098024 -9.62089729217297e-10 0.00606794137657414
    endloop
  endfacet
  facet normal 0.0 0.0 0.0
    outer loop
      vertex 0.005247856562098024 -9.62089729217297e-10 0.00606794137657414
      vertex 0.005150000309146295 0.004999999035903507 0.006008142182238203
      vertex 0.005150000346400218 -9.628188344379395e-10 0.006008142182238203
    endloop
  endfacet
  facet normal 0.0 0.0 0.0
    outer loop
      vertex 0.005150000309146295 0.004999999035903507 0.006008142182238203
      vertex 0.005049284851245512 0.004999999035153098 0.005953294464953046
      vertex 0.005150000346400218 -9.628188344379395e-10 0.006008142182238203
    endloop
  endfacet
  facet normal 0.0 0.0 0.0
    outer loop
      vertex 0.005150000346400218 -9.628188344379395e-10 0.006008142182238203
      vertex 0.005049284851245512 0.004999999035153098 0.005953294464953046
      vertex 0.005049284888499433 -9.635692435061572e-10 0.005953294464953046
    endloop
  endfacet
  facet normal 0.0 0.0 0.0
    outer loop
      vertex 0.005049284851245512 0.004999999035153098 0.005953294464953046
      vertex 0.0049459610091840646 0.005000001731781559 0.0059035374611688665
      vertex 0.005049284888499433 -9.635692435061572e-10 0.005953294464953046
    endloop
  endfacet
  facet normal 0.0 0.0 0.0
    outer loop
      vertex 0.005049284888499433 -9.635692435061572e-10 0.005953294464953046
      vertex 0.0049459610091840646 0.005000001731781559 0.0059035374611688665
      vertex 0.004945961046437987 1.7330592174680248e-09 0.0059035374611688665
    endloop
  endfacet
  facet normal 0.0 0.0 0.0
    outer loop
      vertex 0.0049459610091840646 0.005000001731781559 0.0059035374611688665
      vertex 0.004840285035800962 0.004999999033595885 0.0058589913338495305
      vertex 0.004945961046437987 1.7330592174680248e-09 0.0059035374611688665
    endloop
  endfacet
  facet normal 0.0 0.0 0.0
    outer loop
      vertex 0.004945961046437987 1.7330592174680248e-09 0.0059035374611688665
      vertex 0.004840285035800962 0.004999999033595885 0.0058589913338495305
      vertex 0.004840285073054883 -9.651264565313512e-10 0.0058589913338495305
    endloop
  endfacet
  facet normal 0.0 0.0 0.0
    outer loop
      vertex 0.004840285035800962 0.004999999033595885 0.0058589913338495305
      vertex 0.004732518578731698 0.004999999032792941 0.005819766709215741
      vertex 0.004840285073054883 -9.651264565313512e-10 0.0058589913338495305
    endloop
  endfacet
  facet normal 0.0 0.0 0.0
    outer loop
      vertex 0.004840285073054883 -9.651264565313512e-10 0.0058589913338495305
      vertex 0.004732518578731698 0.004999999032792941 0.005819766709215741
      vertex 0.004732518615985621 -9.65929401353094e-10 0.005819766709215741
    endloop
  endfacet
  facet normal 0.0 0.0 0.0
    outer loop
      vertex 0.004732518578731698 0.004999999032792941 0.005819766709215741
      vertex 0.004622934075205068 0.00499999903197645 0.005785964676745039
      vertex 0.004732518615985621 -9.65929401353094e-10 0.005819766709215741
    endloop
  endfacet
  facet normal 0.0 0.0 0.0
    outer loop
      vertex 0.004732518615985621 -9.65929401353094e-10 0.005819766709215741
      vertex 0.004622934075205068 0.00499999903197645 0.005785964676745039
      vertex 0.0046229341124589905 -9.667458913398263e-10 0.005785964676745039
    endloop
  endfacet
  facet normal 0.0 0.0 0.0
    outer loop
      vertex 0.004622934075205068 0.00499999903197645 0.005785964676745039
      vertex 0.004511798567653219 0.005000001728546709 0.00575766534508
      vertex 0.0046229341124589905 -9.667458913398263e-10 0.005785964676745039
    endloop
  endfacet
  facet normal 0.0 0.0 0.0
    outer loop
      vertex 0.0046229341124589905 -9.667458913398263e-10 0.005785964676745039
      vertex 0.004511798567653219 0.005000001728546709 0.00575766534508
      vertex 0.004511798604907141 1.7298243664143343e-09 0.00575766534508
    endloop
  endfacet
  facet normal 0.0 0.0 0.0
    outer loop
      vertex 0.004511798567653219 0.005000001728546709 0.00575766534508
      vertex 0.0043993898881015915 0.004999999030310871 0.005734943100817304
      vertex 0.004511798604907141 1.7298243664143343e-09 0.00575766534508
    endloop
  endfacet
  facet normal 0.0 0.0 0.0
    outer loop
      vertex 0.004511798604907141 1.7298243664143343e-09 0.00575766534508
      vertex 0.0043993898881015915 0.004999999030310871 0.005734943100817304
      vertex 0.0043993899253555145 -9.68411471014008e-10 0.005734943100817304
    endloop
  endfacet
  facet normal 0.0 0.0 0.0
    outer loop
      vertex 0.0043993898881015915 0.004999999030310871 0.005734943100817304
      vertex 0.00428599126337212 0.0049999990294659616 0.005717849442370039
      vertex 0.0043993899253555145 -9.68411471014008e-10 0.005734943100817304
    endloop
  endfacet
  facet normal 0.0 0.0 0.0
    outer loop
      vertex 0.0043993899253555145 -9.68411471014008e-10 0.005734943100817304
      vertex 0.00428599126337212 0.0049999990294659616 0.005717849442370039
      vertex 0.004285991300626043 -9.692563800456356e-10 0.005717849442370039
    endloop
  endfacet
  facet normal 0.0 0.0 0.0
    outer loop
      vertex 0.00428599126337212 0.0049999990294659616 0.005717849442370039
      vertex 0.00417188052549021 0.004999999028615747 0.005706432053454023
      vertex 0.004285991300626043 -9.692563800456356e-10 0.005717849442370039
    endloop
  endfacet
  facet normal 0.0 0.0 0.0
    outer loop
      vertex 0.004285991300626043 -9.692563800456356e-10 0.005717849442370039
      vertex 0.00417188052549021 0.004999999028615747 0.005706432053454023
      vertex 0.004171880562744132 -9.70106594166964e-10 0.005706432053454023
    endloop
  endfacet
  facet normal 0.0 0.0 0.0
    outer loop
      vertex 0.00417188052549021 0.004999999028615747 0.005706432053454023
      vertex 0.0040573409012778314 0.005000001725160642 0.005700715729601484
      vertex 0.004171880562744132 -9.70106594166964e-10 0.005706432053454023
    endloop
  endfacet
  facet normal 0.0 0.0 0.0
    outer loop
      vertex 0.004171880562744132 -9.70106594166964e-10 0.005706432053454023
      vertex 0.0040573409012778314 0.005000001725160642 0.005700715729601484
      vertex 0.004057340938531754 1.7264383003201544e-09 0.005700715729601484
    endloop
  endfacet
  facet normal 0.0 0.0 0.0
    outer loop
      vertex 0.0040573409012778314 0.005000001725160642 0.005700715729601484
      vertex 0.0039426610123536494 0.004999999026907882 0.005700715729601484
      vertex 0.004057340938531754 1.7264383003201544e-09 0.005700715729601484
    endloop
  endfacet
  facet normal 0.0 0.0 0.0
    outer loop
      vertex 0.004057340938531754 1.7264383003201544e-09 0.005700715729601484
      vertex 0.0039426610123536494 0.004999999026907882 0.005700715729601484
      vertex 0.003942661049607572 -9.718144595716182e-10 0.005700715729601484
    endloop
  endfacet
  facet normal 0.0 0.0 0.0
    outer loop
      vertex 0.0039426610123536494 0.004999999026907882 0.005700715729601484
      vertex 0.0038281213881412716 0.005000001723452777 0.005706432053454023
      vertex 0.003942661049607572 -9.718144595716182e-10 0.005700715729601484
    endloop
  endfacet
  facet normal 0.0 0.0 0.0
    outer loop
      vertex 0.003942661049607572 -9.718144595716182e-10 0.005700715729601484
      vertex 0.0038281213881412716 0.005000001723452777 0.005706432053454023
      vertex 0.0038281214253951933 1.7247304351375447e-09 0.005706432053454023
    endloop
  endfacet
  facet normal 0.0 0.0 0.0
    outer loop
      vertex 0.0038281213881412716 0.005000001723452777 0.005706432053454023
      vertex 0.0037140079528610757 0.004999999025204238 0.005717849442370039
      vertex 0.0038281214253951933 1.7247304351375447e-09 0.005706432053454023
    endloop
  endfacet
  facet normal 0.0 0.0 0.0
    outer loop
      vertex 0.0038281214253951933 1.7247304351375447e-09 0.005706432053454023
      vertex 0.0037140079528610757 0.004999999025204238 0.005717849442370039
      vertex 0.0037140079901149974 -9.735181043524221e-10 0.005717849442370039
    endloop
  endfacet
  facet normal 0.0 0.0 0.0
    outer loop
      vertex 0.0037140079528610757 0.004999999025204238 0.005717849442370039
      vertex 0.0036006093281316046 0.004999999024359329 0.005734943100817304
      vertex 0.0037140079901149974 -9.735181043524221e-10 0.005717849442370039
    endloop
  endfacet
  facet normal 0.0 0.0 0.0
    outer loop
      vertex 0.0037140079901149974 -9.735181043524221e-10 0.005717849442370039
      vertex 0.0036006093281316046 0.004999999024359329 0.005734943100817304
      vertex 0.003600609365385527 -9.743630131620051e-10 0.005734943100817304
    endloop
  endfacet
  facet normal 0.0 0.0 0.0
    outer loop
      vertex 0.003600609365385527 -9.743630131620051e-10 0.005734943100817304
      vertex 0.003488203345978262 0.004999999023521816 0.00575766534508
      vertex 0.0034882033832321843 -9.752005256657982e-10 0.00575766534508
    endloop
  endfacet
  facet normal 0.0 0.0 0.0
    outer loop
      vertex 0.0036006093281316046 0.004999999024359329 0.005734943100817304
      vertex 0.003488203345978262 0.004999999023521816 0.00575766534508
      vertex 0.003600609365385527 -9.743630131620051e-10 0.005734943100817304
    endloop
  endfacet
  facet normal 0.0 0.0 0.0
    outer loop
      vertex 0.0034882033832321843 -9.752005256657982e-10 0.00575766534508
      vertex 0.003377067838426412 0.005000001720092074 0.005785964676745039
      vertex 0.003377067875680334 1.7213697323104071e-09 0.005785964676745039
    endloop
  endfacet
  facet normal 0.0 0.0 0.0
    outer loop
      vertex 0.003488203345978262 0.004999999023521816 0.00575766534508
      vertex 0.003377067838426412 0.005000001720092074 0.005785964676745039
      vertex 0.0034882033832321843 -9.752005256657982e-10 0.00575766534508
    endloop
  endfacet
  facet normal 0.0 0.0 0.0
    outer loop
      vertex 0.003377067875680334 1.7213697323104071e-09 0.005785964676745039
      vertex 0.003267480637501498 0.0049999990218772584 0.005819766709215741
      vertex 0.0032674806747554205 -9.768450830449637e-10 0.005819766709215741
    endloop
  endfacet
  facet normal 0.0 0.0 0.0
    outer loop
      vertex 0.003377067838426412 0.005000001720092074 0.005785964676745039
      vertex 0.003267480637501498 0.0049999990218772584 0.005819766709215741
      vertex 0.003377067875680334 1.7213697323104071e-09 0.005785964676745039
    endloop
  endfacet
  facet normal 0.0 0.0 0.0
    outer loop
      vertex 0.0032674806747554205 -9.768450830449637e-10 0.005819766709215741
      vertex 0.0031597141804322357 0.004999999021074314 0.0058589913338495305
      vertex 0.0031597142176861574 -9.776480278667065e-10 0.0058589913338495305
    endloop
  endfacet
  facet normal 0.0 0.0 0.0
    outer loop
      vertex 0.003267480637501498 0.0049999990218772584 0.005819766709215741
      vertex 0.0031597141804322357 0.004999999021074314 0.0058589913338495305
      vertex 0.0032674806747554205 -9.768450830449637e-10 0.005819766709215741
    endloop
  endfacet
  facet normal 0.0 0.0 0.0
    outer loop
      vertex 0.0031597142176861574 -9.776480278667065e-10 0.0058589913338495305
      vertex 0.003054040904447417 0.004999999020286965 0.0059035374611688665
      vertex 0.003054040941701339 -9.78435376497444e-10 0.0059035374611688665
    endloop
  endfacet
  facet normal 0.0 0.0 0.0
    outer loop
      vertex 0.0031597141804322357 0.004999999021074314 0.0058589913338495305
      vertex 0.003054040904447417 0.004999999020286965 0.0059035374611688665
      vertex 0.0031597142176861574 -9.776480278667065e-10 0.0058589913338495305
    endloop
  endfacet
  facet normal 0.0 0.0 0.0
    outer loop
      vertex 0.003054040941701339 -9.78435376497444e-10 0.0059035374611688665
      vertex 0.002950714364987685 0.004999999019517101 0.005953294464953046
      vertex 0.0029507144022416078 -9.792052402257668e-10 0.005953294464953046
    endloop
  endfacet
  facet normal 0.0 0.0 0.0
    outer loop
      vertex 0.003054040904447417 0.004999999020286965 0.0059035374611688665
      vertex 0.002950714364987685 0.004999999019517101 0.005953294464953046
      vertex 0.003054040941701339 -9.78435376497444e-10 0.0059035374611688665
    endloop
  endfacet
  facet normal 0.0 0.0 0.0
    outer loop
      vertex 0.0029507144022416078 -9.792052402257668e-10 0.005953294464953046
      vertex 0.0028499989070869007 0.004999999018766692 0.006008142182238203
      vertex 0.002849998944340823 -9.799556495160289e-10 0.006008142182238203
    endloop
  endfacet
  facet normal 0.0 0.0 0.0
    outer loop
      vertex 0.002950714364987685 0.004999999019517101 0.005953294464953046
      vertex 0.0028499989070869007 0.004999999018766692 0.006008142182238203
      vertex 0.0029507144022416078 -9.792052402257668e-10 0.005953294464953046
    endloop
  endfacet
  facet normal 0.0 0.0 0.0
    outer loop
      vertex 0.0028499989070869007 0.004999999018766692 0.006008142182238203
      vertex 0.002752142691389095 0.004999999018037587 0.00606794137657414
      vertex 0.002849998944340823 -9.799556495160289e-10 0.006008142182238203
    endloop
  endfacet
  facet normal 0.0 0.0 0.0
    outer loop
      vertex 0.002849998944340823 -9.799556495160289e-10 0.006008142182238203
      vertex 0.002752142691389095 0.004999999018037587 0.00606794137657414
      vertex 0.002752142728643017 -9.806847549587162e-10 0.00606794137657414
    endloop
  endfacet
  facet normal 0.0 0.0 0.0
    outer loop
      vertex 0.002752142691389095 0.004999999018037587 0.00606794137657414
      vertex 0.0026573884837416913 0.004999999017331593 0.006132543274767499
      vertex 0.002752142728643017 -9.806847549587162e-10 0.00606794137657414
    endloop
  endfacet
  facet normal 0.0 0.0 0.0
    outer loop
      vertex 0.002752142728643017 -9.806847549587162e-10 0.00606794137657414
      vertex 0.0026573884837416913 0.004999999017331593 0.006132543274767499
      vertex 0.002657388520995613 -9.81390748222566e-10 0.006132543274767499
    endloop
  endfacet
  facet normal 0.0 0.0 0.0
    outer loop
      vertex 0.002657388520995613 -9.81390748222566e-10 0.006132543274767499
      vertex 0.0026573884837416913 0.004999999017331593 0.006132543274767499
      vertex 0.0025659736924494247 -9.820718605002554e-10 0.006201787659533125
    endloop
  endfacet
  facet normal 0.0 0.0 0.0
    outer loop
      vertex 0.0026573884837416913 0.004999999017331593 0.006132543274767499
      vertex 0.0025659736551955025 0.004999999016650481 0.006201787659533125
      vertex 0.0025659736924494247 -9.820718605002554e-10 0.006201787659533125
    endloop
  endfacet
  facet normal 0.0 0.0 0.0
    outer loop
      vertex 0.0025659736924494247 -9.820718605002554e-10 0.006201787659533125
      vertex 0.002478123438508961 0.005000000364695081 0.006275502869494062
      vertex 0.002478122127063721 1.7146718813698669e-09 0.006275502869494062
    endloop
  endfacet
  facet normal 0.0 0.0 0.0
    outer loop
      vertex 0.0025659736551955025 0.004999999016650481 0.006201787659533125
      vertex 0.002478123438508961 0.005000000364695081 0.006275502869494062
      vertex 0.0025659736924494247 -9.820718605002554e-10 0.006201787659533125
    endloop
  endfacet
  facet normal 0.0 0.0 0.0
    outer loop
      vertex 0.002478122127063721 1.7146718813698669e-09 0.006275502869494062
      vertex 0.0023940563229447676 0.0050000003640687145 0.006353505799181562
      vertex 0.0023940550114995274 1.7140455152997447e-09 0.006353505799181562
    endloop
  endfacet
  facet normal 0.0 0.0 0.0
    outer loop
      vertex 0.002478123438508961 0.005000000364695081 0.006275502869494062
      vertex 0.0023940563229447676 0.0050000003640687145 0.006353505799181562
      vertex 0.002478122127063721 1.7146718813698669e-09 0.006275502869494062
    endloop
  endfacet
  facet normal 0.0 0.0 0.0
    outer loop
      vertex 0.0023940550114995274 1.7140455152997447e-09 0.006353505799181562
      vertex 0.0023139813568715264 0.005000000363472094 0.006435601899035077
      vertex 0.0023139800454262858 1.713448893880809e-09 0.006435601899035077
    endloop
  endfacet
  facet normal 0.0 0.0 0.0
    outer loop
      vertex 0.0023940563229447676 0.0050000003640687145 0.006353505799181562
      vertex 0.0023139813568715264 0.005000000363472094 0.006435601899035077
      vertex 0.0023940550114995274 1.7140455152997447e-09 0.006353505799181562
    endloop
  endfacet
  facet normal 0.0 0.0 0.0
    outer loop
      vertex 0.0023139800454262858 1.713448893880809e-09 0.006435601899035077
      vertex 0.002238098147763784 0.005000000362906704 0.006521588990099531
      vertex 0.002238099533716868 -9.845147801446074e-10 0.006521588990099531
    endloop
  endfacet
  facet normal 0.0 0.0 0.0
    outer loop
      vertex 0.0023139813568715264 0.005000000363472094 0.006435601899035077
      vertex 0.002238098147763784 0.005000000362906704 0.006521588990099531
      vertex 0.0023139800454262858 1.713448893880809e-09 0.006435601899035077
    endloop
  endfacet
  facet normal 0.0 0.0 0.0
    outer loop
      vertex 0.002238099533716868 -9.845147801446074e-10 0.006521588990099531
      vertex 0.0021665955135028695 0.005000000362373953 0.006611249634630781
      vertex 0.0021665968994559544 -9.850475308770257e-10 0.006611249634630781
    endloop
  endfacet
  facet normal 0.0 0.0 0.0
    outer loop
      vertex 0.002238098147763784 0.005000000362906704 0.006521588990099531
      vertex 0.0021665955135028695 0.005000000362373953 0.006611249634630781
      vertex 0.002238099533716868 -9.845147801446074e-10 0.006521588990099531
    endloop
  endfacet
  facet normal 0.0 0.0 0.0
    outer loop
      vertex 0.0021665968994559544 -9.850475308770257e-10 0.006611249634630781
      vertex 0.0020996514823768946 0.005000000361875168 0.006704364487536054
      vertex 0.002099650170931654 1.7118519681780242e-09 0.006704364487536054
    endloop
  endfacet
  facet normal 0.0 0.0 0.0
    outer loop
      vertex 0.0021665955135028695 0.005000000362373953 0.006611249634630781
      vertex 0.0020996514823768946 0.005000000361875168 0.006704364487536054
      vertex 0.0021665968994559544 -9.850475308770257e-10 0.006611249634630781
    endloop
  endfacet
  facet normal 0.0 0.0 0.0
    outer loop
      vertex 0.002099650170931654 1.7118519681780242e-09 0.006704364487536054
      vertex 0.002037431944381586 0.005000001710110735 0.006800698944933515
      vertex 0.0020374319816355083 1.7113883938879582e-09 0.006800698944933515
    endloop
  endfacet
  facet normal 0.0 0.0 0.0
    outer loop
      vertex 0.0020996514823768946 0.005000000361875168 0.006704364487536054
      vertex 0.002037431944381586 0.005000001710110735 0.006800698944933515
      vertex 0.002099650170931654 1.7118519681780242e-09 0.006704364487536054
    endloop
  endfacet
  facet normal 0.0 0.0 0.0
    outer loop
      vertex 0.0020374319816355083 1.7113883938879582e-09 0.006800698944933515
      vertex 0.001980091999919495 0.005000000360984356 0.006900016495592695
      vertex 0.0019800906884742545 1.7109611563093096e-09 0.006900016495592695
    endloop
  endfacet
  facet normal 0.0 0.0 0.0
    outer loop
      vertex 0.002037431944381586 0.005000001710110735 0.006800698944933515
      vertex 0.001980091999919495 0.005000000360984356 0.006900016495592695
      vertex 0.0020374319816355083 1.7113883938879582e-09 0.006800698944933515
    endloop
  endfacet
  facet normal 0.0 0.0 0.0
    outer loop
      vertex 0.0019800906884742545 1.7109611563093096e-09 0.006900016495592695
      vertex 0.0019277732624015877 0.00500000036059454 0.0070020672768426944
      vertex 0.0019277719509563473 1.7105713406850852e-09 0.0070020672768426944
    endloop
  endfacet
  facet normal 0.0 0.0 0.0
    outer loop
      vertex 0.001980091999919495 0.005000000360984356 0.006900016495592695
      vertex 0.0019277732624015877 0.00500000036059454 0.0070020672768426944
      vertex 0.0019800906884742545 1.7109611563093096e-09 0.006900016495592695
    endloop
  endfacet
  facet normal 0.0 0.0 0.0
    outer loop
      vertex 0.0019277719509563473 1.7105713406850852e-09 0.0070020672768426944
      vertex 0.0018806052069464895 0.0050000017089422534 0.007106599518663984
      vertex 0.0018806052442004119 1.7102199116880712e-09 0.007106599518663984
    endloop
  endfacet
  facet normal 0.0 0.0 0.0
    outer loop
      vertex 0.0019277732624015877 0.00500000036059454 0.0070020672768426944
      vertex 0.0018806052069464895 0.0050000017089422534 0.007106599518663984
      vertex 0.0019277719509563473 1.7105713406850852e-09 0.0070020672768426944
    endloop
  endfacet
  facet normal 0.0 0.0 0.0
    outer loop
      vertex 0.0018806052442004119 1.7102199116880712e-09 0.007106599518663984
      vertex 0.0018387065190796478 0.004999999011231771 0.007213353821642499
      vertex 0.00183870655633357 -9.874905710915981e-10 0.007213353821642499
    endloop
  endfacet
  facet normal 0.0 0.0 0.0
    outer loop
      vertex 0.0018806052069464895 0.0050000017089422534 0.007106599518663984
      vertex 0.0018387065190796478 0.004999999011231771 0.007213353821642499
      vertex 0.0018806052442004119 1.7102199116880712e-09 0.007106599518663984
    endloop
  endfacet
  facet normal 0.0 0.0 0.0
    outer loop
      vertex 0.00183870655633357 -9.874905710915981e-10 0.007213353821642499
      vertex 0.001802182397334885 0.00500000035965879 0.0073220631569696475
      vertex 0.0018021837832879698 -9.877626944154726e-10 0.0073220631569696475
    endloop
  endfacet
  facet normal 0.0 0.0 0.0
    outer loop
      vertex 0.0018387065190796478 0.004999999011231771 0.007213353821642499
      vertex 0.001802182397334885 0.00500000035965879 0.0073220631569696475
      vertex 0.00183870655633357 -9.874905710915981e-10 0.007213353821642499
    endloop
  endfacet
  facet normal 0.0 0.0 0.0
    outer loop
      vertex 0.0018021837832879698 -9.877626944154726e-10 0.0073220631569696475
      vertex 0.001771123204555439 0.005000001708126527 0.007432458588488203
      vertex 0.0017711232418093613 1.7094041848686458e-09 0.007432458588488203
    endloop
  endfacet
  facet normal 0.0 0.0 0.0
    outer loop
      vertex 0.001802182397334885 0.00500000035965879 0.0073220631569696475
      vertex 0.001771123204555439 0.005000001708126527 0.007432458588488203
      vertex 0.0018021837832879698 -9.877626944154726e-10 0.0073220631569696475
    endloop
  endfacet
  facet normal 0.0 0.0 0.0
    outer loop
      vertex 0.0017711232418093613 1.7094041848686458e-09 0.007432458588488203
      vertex 0.0017456031191947189 0.004999999010538077 0.007544263550646406
      vertex 0.0017456031564486412 -9.881842644166028e-10 0.007544263550646406
    endloop
  endfacet
  facet normal 0.0 0.0 0.0
    outer loop
      vertex 0.001771123204555439 0.005000001708126527 0.007432458588488203
      vertex 0.0017456031191947189 0.004999999010538077 0.007544263550646406
      vertex 0.0017711232418093613 1.7094041848686458e-09 0.007432458588488203
    endloop
  endfacet
  facet normal 0.0 0.0 0.0
    outer loop
      vertex 0.0017456031564486412 -9.881842644166028e-10 0.007544263550646406
      vertex 0.0017256895762102816 0.005000000359088859 0.007657203385241132
      vertex 0.0017256882647650412 1.7090656586615792e-09 0.007657203385241132
    endloop
  endfacet
  facet normal 0.0 0.0 0.0
    outer loop
      vertex 0.0017456031191947189 0.004999999010538077 0.007544263550646406
      vertex 0.0017256895762102816 0.005000000359088859 0.007657203385241132
      vertex 0.0017456031564486412 -9.881842644166028e-10 0.007544263550646406
    endloop
  endfacet
  facet normal 0.0 0.0 0.0
    outer loop
      vertex 0.0017256882647650412 1.7090656586615792e-09 0.007657203385241132
      vertex 0.0017114297800724899 0.005000001707681764 0.007770993897326093
      vertex 0.0017114298173264118 1.7089594219754644e-09 0.007770993897326093
    endloop
  endfacet
  facet normal 0.0 0.0 0.0
    outer loop
      vertex 0.0017256895762102816 0.005000000359088859 0.007657203385241132
      vertex 0.0017114297800724899 0.005000001707681764 0.007770993897326093
      vertex 0.0017256882647650412 1.7090656586615792e-09 0.007657203385241132
    endloop
  endfacet
  facet normal 0.0 0.0 0.0
    outer loop
      vertex 0.0017114298173264118 1.7089594219754644e-09 0.007770993897326093
      vertex 0.0017028587969593245 0.005000000358918751 0.007885354706652265
      vertex 0.001702860182912409 -9.885027332234842e-10 0.007885354706652265
    endloop
  endfacet
  facet normal 0.0 0.0 0.0
    outer loop
      vertex 0.0017114297800724899 0.005000001707681764 0.007770993897326093
      vertex 0.0017028587969593245 0.005000000358918751 0.007885354706652265
      vertex 0.0017114298173264118 1.7089594219754644e-09 0.007770993897326093
    endloop
  endfacet
  facet normal 0.0 0.0 0.0
    outer loop
      vertex 0.0017028587969593245 0.005000000358918751 0.007885354706652265
      vertex 0.0016999995547563452 0.0050000003588974475 0.007999999710924726
      vertex 0.001702860182912409 -9.885027332234842e-10 0.007885354706652265
    endloop
  endfacet
  facet normal 0.0 0.0 0.0
    outer loop
      vertex 0.001702860182912409 -9.885027332234842e-10 0.007885354706652265
      vertex 0.0016999995547563452 0.0050000003588974475 0.007999999710924726
      vertex 0.00170000094070943 -9.885240367379922e-10 0.007999999710924726
    endloop
  endfacet
  facet normal 0.0 0.0 0.0
    outer loop
      vertex 0.006300001010175974 0.0050000017418702185 0.013000001618273358
      vertex 0.006300001010175974 0.0050000017418702185 0.007999999710924726
      vertex 0.006299998350031611 -9.542504475490432e-10 0.013000001618273358
    endloop
  endfacet
  facet normal 0.0 0.0 0.0
    outer loop
      vertex 0.006299998350031611 -9.542504475490432e-10 0.013000001618273358
      vertex 0.006300001010175974 0.0050000017418702185 0.007999999710924726
      vertex 0.006299998350031611 -9.542504475490432e-10 0.007999999710924726
    endloop
  endfacet
  facet normal 0.0 0.0 0.0
    outer loop
      vertex 0.0016999995547563452 0.0050000003588974475 0.013000001618273358
      vertex 0.0017026416563957862 0.0050000017076162855 0.013110181519396406
      vertex 0.00170000094070943 -9.885240367379922e-10 0.013000001618273358
    endloop
  endfacet
  facet normal 0.0 0.0 0.0
    outer loop
      vertex 0.00170000094070943 -9.885240367379922e-10 0.013000001618273358
      vertex 0.0017026416563957862 0.0050000017076162855 0.013110181519396406
      vertex 0.001702860182912409 -9.885027332234842e-10 0.013114644715197186
    endloop
  endfacet
  facet normal 0.0 0.0 0.0
    outer loop
      vertex 0.001702860182912409 -9.885027332234842e-10 0.013114644715197186
      vertex 0.0017105571717209301 0.00500000035897611 0.013220113465197187
      vertex 0.0017114298173264118 1.7089594219754644e-09 0.013229005524523359
    endloop
  endfacet
  facet normal 0.0 0.0 0.0
    outer loop
      vertex 0.0017026416563957862 0.0050000017076162855 0.013110181519396406
      vertex 0.0017105571717209301 0.00500000035897611 0.013220113465197187
      vertex 0.001702860182912409 -9.885027332234842e-10 0.013114644715197186
    endloop
  endfacet
  facet normal 0.0 0.0 0.0
    outer loop
      vertex 0.0017114298173264118 1.7089594219754644e-09 0.013229005524523359
      vertex 0.0017237312650410716 0.005000000359074267 0.013329534241564375
      vertex 0.0017256882647650412 1.7090656586615792e-09 0.013342797943956953
    endloop
  endfacet
  facet normal 0.0 0.0 0.0
    outer loop
      vertex 0.0017105571717209301 0.00500000035897611 0.013220113465197187
      vertex 0.0017237312650410716 0.005000000359074267 0.013329534241564375
      vertex 0.0017114298173264118 1.7089594219754644e-09 0.013229005524523359
    endloop
  endfacet
  facet normal 0.0 0.0 0.0
    outer loop
      vertex 0.0017256882647650412 1.7090656586615792e-09 0.013342797943956953
      vertex 0.001742128870178269 0.004999999010512191 0.013438203522570235
      vertex 0.0017456031564486412 -9.881842644166028e-10 0.013455735871203047
    endloop
  endfacet
  facet normal 0.0 0.0 0.0
    outer loop
      vertex 0.0017237312650410716 0.005000000359074267 0.013329534241564375
      vertex 0.001742128870178269 0.004999999010512191 0.013438203522570235
      vertex 0.0017256882647650412 1.7090656586615792e-09 0.013342797943956953
    endloop
  endfacet
  facet normal 0.0 0.0 0.0
    outer loop
      vertex 0.0017456031564486412 -9.881842644166028e-10 0.013455735871203047
      vertex 0.0017657135722553789 0.005000000359387068 0.013545861908800702
      vertex 0.0017711232418093613 1.7094041848686458e-09 0.01356754083336125
    endloop
  endfacet
  facet normal 0.0 0.0 0.0
    outer loop
      vertex 0.001742128870178269 0.004999999010512191 0.013438203522570235
      vertex 0.0017657135722553789 0.005000000359387068 0.013545861908800702
      vertex 0.0017456031564486412 -9.881842644166028e-10 0.013455735871203047
    endloop
  endfacet
  facet normal 0.0 0.0 0.0
    outer loop
      vertex 0.0017711232418093613 1.7094041848686458e-09 0.01356754083336125
      vertex 0.0017944300746071855 0.005000000359601028 0.013652272889025312
      vertex 0.0018021837832879698 -9.877626944154726e-10 0.013677938172228437
    endloop
  endfacet
  facet normal 0.0 0.0 0.0
    outer loop
      vertex 0.0017657135722553789 0.005000000359387068 0.013545861908800702
      vertex 0.0017944300746071855 0.005000000359601028 0.013652272889025312
      vertex 0.0017711232418093613 1.7094041848686458e-09 0.01356754083336125
    endloop
  endfacet
  facet normal 0.0 0.0 0.0
    outer loop
      vertex 0.0018021837832879698 -9.877626944154726e-10 0.013677938172228437
      vertex 0.0018282082448777665 0.00499999901115355 0.013757180878527266
      vertex 0.00183870655633357 -9.874905710915981e-10 0.013786645600206952
    endloop
  endfacet
  facet normal 0.0 0.0 0.0
    outer loop
      vertex 0.0017944300746071855 0.005000000359601028 0.013652272889025312
      vertex 0.0018282082448777665 0.00499999901115355 0.013757180878527266
      vertex 0.0018021837832879698 -9.877626944154726e-10 0.013677938172228437
    endloop
  endfacet
  facet normal 0.0 0.0 0.0
    outer loop
      vertex 0.00183870655633357 -9.874905710915981e-10 0.013786645600206952
      vertex 0.0018669752533128751 0.004999999011442395 0.013860353180773359
      vertex 0.0018806052442004119 1.7102199116880712e-09 0.013893399903185468
    endloop
  endfacet
  facet normal 0.0 0.0 0.0
    outer loop
      vertex 0.0018282082448777665 0.00499999901115355 0.013757180878527266
      vertex 0.0018669752533128751 0.004999999011442395 0.013860353180773359
      vertex 0.00183870655633357 -9.874905710915981e-10 0.013786645600206952
    endloop
  endfacet
  facet normal 0.0 0.0 0.0
    outer loop
      vertex 0.0018806052442004119 1.7102199116880712e-09 0.013893399903185468
      vertex 0.001910639388370151 0.0050000003604668795 0.01396154946983586
      vertex 0.0019277719509563473 1.7105713406850852e-09 0.013997934052355391
    endloop
  endfacet
  facet normal 0.0 0.0 0.0
    outer loop
      vertex 0.0018669752533128751 0.004999999011442395 0.013860353180773359
      vertex 0.001910639388370151 0.0050000003604668795 0.01396154946983586
      vertex 0.0018806052442004119 1.7102199116880712e-09 0.013893399903185468
    endloop
  endfacet
  facet normal 0.0 0.0 0.0
    outer loop
      vertex 0.0019277719509563473 1.7105713406850852e-09 0.013997934052355391
      vertex 0.001959102195011504 0.004999999012128813 0.014060537049181561
      vertex 0.0019800906884742545 1.7109611563093096e-09 0.01409998483360539
    endloop
  endfacet
  facet normal 0.0 0.0 0.0
    outer loop
      vertex 0.001910639388370151 0.0050000003604668795 0.01396154946983586
      vertex 0.001959102195011504 0.004999999012128813 0.014060537049181561
      vertex 0.0019277719509563473 1.7105713406850852e-09 0.013997934052355391
    endloop
  endfacet
  facet normal 0.0 0.0 0.0
    outer loop
      vertex 0.0019800906884742545 1.7109611563093096e-09 0.01409998483360539
      vertex 0.0020122503825080952 0.005000000361223961 0.014157087036974532
      vertex 0.0020374319816355083 1.7113883938879582e-09 0.014199300476915937
    endloop
  endfacet
  facet normal 0.0 0.0 0.0
    outer loop
      vertex 0.001959102195011504 0.004999999012128813 0.014060537049181561
      vertex 0.0020122503825080952 0.005000000361223961 0.014157087036974532
      vertex 0.0019800906884742545 1.7109611563093096e-09 0.01409998483360539
    endloop
  endfacet
  facet normal 0.0 0.0 0.0
    outer loop
      vertex 0.0020374319816355083 1.7113883938879582e-09 0.014199300476915937
      vertex 0.002069963916635397 0.0050000003616539725 0.014250981995470624
      vertex 0.002099650170931654 1.7118519681780242e-09 0.01429563684166203
    endloop
  endfacet
  facet normal 0.0 0.0 0.0
    outer loop
      vertex 0.0020122503825080952 0.005000000361223961 0.014157087036974532
      vertex 0.002069963916635397 0.0050000003616539725 0.014250981995470624
      vertex 0.0020374319816355083 1.7113883938879582e-09 0.014199300476915937
    endloop
  endfacet
  facet normal 0.0 0.0 0.0
    outer loop
      vertex 0.002099650170931654 1.7118519681780242e-09 0.01429563684166203
      vertex 0.002132107927478174 0.004999999013417842 0.014342004486925703
      vertex 0.0021665968994559544 -9.850475308770257e-10 0.014388749787218671
    endloop
  endfacet
  facet normal 0.0 0.0 0.0
    outer loop
      vertex 0.002069963916635397 0.0050000003616539725 0.014250981995470624
      vertex 0.002132107927478174 0.004999999013417842 0.014342004486925703
      vertex 0.002099650170931654 1.7118519681780242e-09 0.01429563684166203
    endloop
  endfacet
  facet normal 0.0 0.0 0.0
    outer loop
      vertex 0.0021665968994559544 -9.850475308770257e-10 0.014388749787218671
      vertex 0.0021985421503245414 0.005000001711311133 0.014429948517687422
      vertex 0.002238099533716868 -9.845147801446074e-10 0.014478410431749921
    endloop
  endfacet
  facet normal 0.0 0.0 0.0
    outer loop
      vertex 0.002132107927478174 0.004999999013417842 0.014342004486925703
      vertex 0.0021985421503245414 0.005000001711311133 0.014429948517687422
      vertex 0.0021665968994559544 -9.850475308770257e-10 0.014388749787218671
    endloop
  endfacet
  facet normal 0.0 0.0 0.0
    outer loop
      vertex 0.002238099533716868 -9.845147801446074e-10 0.014478410431749921
      vertex 0.0022691128334711924 0.005000000363137787 0.014514604279406172
      vertex 0.0023139800454262858 1.713448893880809e-09 0.014564397522814375
    endloop
  endfacet
  facet normal 0.0 0.0 0.0
    outer loop
      vertex 0.0021985421503245414 0.005000001711311133 0.014429948517687422
      vertex 0.0022691128334711924 0.005000000363137787 0.014514604279406172
      vertex 0.002238099533716868 -9.845147801446074e-10 0.014478410431749921
    endloop
  endfacet
  facet normal 0.0 0.0 0.0
    outer loop
      vertex 0.0023139800454262858 1.713448893880809e-09 0.014564397522814375
      vertex 0.0023436581330198046 0.0050000003636932085 0.014595784851915938
      vertex 0.0023940550114995274 1.7140455152997447e-09 0.01464649362266789
    endloop
  endfacet
  facet normal 0.0 0.0 0.0
    outer loop
      vertex 0.0022691128334711924 0.005000000363137787 0.014514604279406172
      vertex 0.0023436581330198046 0.0050000003636932085 0.014595784851915938
      vertex 0.0023139800454262858 1.713448893880809e-09 0.014564397522814375
    endloop
  endfacet
  facet normal 0.0 0.0 0.0
    outer loop
      vertex 0.0023436581330198046 0.0050000003636932085 0.014595784851915938
      vertex 0.0024220067641780407 0.005000000364276968 0.014673299500353437
      vertex 0.0023940550114995274 1.7140455152997447e-09 0.01464649362266789
    endloop
  endfacet
  facet normal 0.0 0.0 0.0
    outer loop
      vertex 0.0023940550114995274 1.7140455152997447e-09 0.01464649362266789
      vertex 0.0024220067641780407 0.005000000364276968 0.014673299500353437
      vertex 0.002478122127063721 1.7146718813698669e-09 0.01472449655235539
    endloop
  endfacet
  facet normal 0.0 0.0 0.0
    outer loop
      vertex 0.0024220067641780407 0.005000000364276968 0.014673299500353437
      vertex 0.0025039766525603415 0.0049999990161885555 0.014746972748644453
      vertex 0.002478122127063721 1.7146718813698669e-09 0.01472449655235539
    endloop
  endfacet
  facet normal 0.0 0.0 0.0
    outer loop
      vertex 0.002478122127063721 1.7146718813698669e-09 0.01472449655235539
      vertex 0.0025039766525603415 0.0049999990161885555 0.014746972748644453
      vertex 0.0025659736924494247 -9.820718605002554e-10 0.014798211762316328
    endloop
  endfacet
  facet normal 0.0 0.0 0.0
    outer loop
      vertex 0.0025039766525603415 0.0049999990161885555 0.014746972748644453
      vertex 0.002589385723781112 0.005000000365524072 0.014816636750109297
      vertex 0.0025659736924494247 -9.820718605002554e-10 0.014798211762316328
    endloop
  endfacet
  facet normal 0.0 0.0 0.0
    outer loop
      vertex 0.0025659736924494247 -9.820718605002554e-10 0.014798211762316328
      vertex 0.002589385723781112 0.005000000365524072 0.014816636750109297
      vertex 0.002657388520995613 -9.81390748222566e-10 0.014867456147081952
    endloop
  endfacet
  facet normal 0.0 0.0 0.0
    outer loop
      vertex 0.002589385723781112 0.005000000365524072 0.014816636750109297
      vertex 0.002678028975569234 0.004999999017485381 0.014882123658068281
      vertex 0.002657388520995613 -9.81390748222566e-10 0.014867456147081952
    endloop
  endfacet
  facet normal 0.0 0.0 0.0
    outer loop
      vertex 0.002657388520995613 -9.81390748222566e-10 0.014867456147081952
      vertex 0.002678028975569234 0.004999999017485381 0.014882123658068281
      vertex 0.002752142728643017 -9.806847549587162e-10 0.014932058045275313
    endloop
  endfacet
  facet normal 0.0 0.0 0.0
    outer loop
      vertex 0.002678028975569234 0.004999999017485381 0.014882123658068281
      vertex 0.00276971219524673 0.005000000366867646 0.014943292328722577
      vertex 0.002752142728643017 -9.806847549587162e-10 0.014932058045275313
    endloop
  endfacet
  facet normal 0.0 0.0 0.0
    outer loop
      vertex 0.002752142728643017 -9.806847549587162e-10 0.014932058045275313
      vertex 0.00276971219524673 0.005000000366867646 0.014943292328722577
      vertex 0.002849998944340823 -9.799556495160289e-10 0.01499185723961125
    endloop
  endfacet
  facet normal 0.0 0.0 0.0
    outer loop
      vertex 0.00276971219524673 0.005000000366867646 0.014943292328722577
      vertex 0.002864218242250102 0.00500000036757179 0.015000001618273359
      vertex 0.002849998944340823 -9.799556495160289e-10 0.01499185723961125
    endloop
  endfacet
  facet normal 0.0 0.0 0.0
    outer loop
      vertex 0.002849998944340823 -9.799556495160289e-10 0.01499185723961125
      vertex 0.002864218242250102 0.00500000036757179 0.015000001618273359
      vertex 0.0029507144022416078 -9.792052402257668e-10 0.015046704956896405
    endloop
  endfacet
  facet normal 0.0 0.0 0.0
    outer loop
      vertex 0.002864218242250102 0.00500000036757179 0.015000001618273359
      vertex 0.00294242526007953 0.0049889693577874344 0.015042432495958906
      vertex 0.0029507144022416078 -9.792052402257668e-10 0.015046704956896405
    endloop
  endfacet
  facet normal 0.0 0.0 0.0
    outer loop
      vertex 0.00294242526007953 0.0049889693577874344 0.015042432495958906
      vertex 0.0030222143020087657 0.004978730034417294 0.015081811615831952
      vertex 0.0029507144022416078 -9.792052402257668e-10 0.015046704956896405
    endloop
  endfacet
  facet normal 0.0 0.0 0.0
    outer loop
      vertex 0.0029507144022416078 -9.792052402257668e-10 0.015046704956896405
      vertex 0.0030222143020087657 0.004978730034417294 0.015081811615831952
      vertex 0.003054040941701339 -9.78435376497444e-10 0.015096463868029219
    endloop
  endfacet
  facet normal 0.0 0.0 0.0
    outer loop
      vertex 0.0030222143020087657 0.004978730034417294 0.015081811615831952
      vertex 0.0031227598239022313 0.004967204052210467 0.01512613458336125
      vertex 0.003054040941701339 -9.78435376497444e-10 0.015096463868029219
    endloop
  endfacet
  facet normal 0.0 0.0 0.0
    outer loop
      vertex 0.003054040941701339 -9.78435376497444e-10 0.015096463868029219
      vertex 0.0031227598239022313 0.004967204052210467 0.01512613458336125
      vertex 0.0031597142176861574 -9.776480278667065e-10 0.01514100808799992
    endloop
  endfacet
  facet normal 0.0 0.0 0.0
    outer loop
      vertex 0.0031227598239022313 0.004967204052210467 0.01512613458336125
      vertex 0.0032253041179300525 0.004956943149823433 0.015165605255968672
      vertex 0.0031597142176861574 -9.776480278667065e-10 0.01514100808799992
    endloop
  endfacet
  facet normal 0.0 0.0 0.0
    outer loop
      vertex 0.0031597142176861574 -9.776480278667065e-10 0.01514100808799992
      vertex 0.0032253041179300525 0.004956943149823433 0.015165605255968672
      vertex 0.0032674806747554205 -9.768450830449637e-10 0.015180234619982344
    endloop
  endfacet
  facet normal 0.0 0.0 0.0
    outer loop
      vertex 0.0032253041179300525 0.004956943149823433 0.015165605255968672
      vertex 0.003329620602634513 0.004947963511644336 0.015200135895617108
      vertex 0.0032674806747554205 -9.768450830449637e-10 0.015180234619982344
    endloop
  endfacet
  facet normal 0.0 0.0 0.0
    outer loop
      vertex 0.0032674806747554205 -9.768450830449637e-10 0.015180234619982344
      vertex 0.003329620602634513 0.004947963511644336 0.015200135895617108
      vertex 0.003377067875680334 1.7213697323104071e-09 0.015214036652453047
    endloop
  endfacet
  facet normal 0.0 0.0 0.0
    outer loop
      vertex 0.003329620602634513 0.004947963511644336 0.015200135895617108
      vertex 0.0034354665121679897 0.004940292111654412 0.015229642578966718
      vertex 0.003377067875680334 1.7213697323104071e-09 0.015214036652453047
    endloop
  endfacet
  facet normal 0.0 0.0 0.0
    outer loop
      vertex 0.003377067875680334 1.7213697323104071e-09 0.015214036652453047
      vertex 0.0034354665121679897 0.004940292111654412 0.015229642578966718
      vertex 0.0034882033832321843 -9.752005256657982e-10 0.015242334076769453
    endloop
  endfacet
  facet normal 0.0 0.0 0.0
    outer loop
      vertex 0.0034354665121679897 0.004940292111654412 0.015229642578966718
      vertex 0.0035425990806829395 0.004933945134241682 0.015254060456163983
      vertex 0.0034882033832321843 -9.752005256657982e-10 0.015242334076769453
    endloop
  endfacet
  facet normal 0.0 0.0 0.0
    outer loop
      vertex 0.0034882033832321843 -9.752005256657982e-10 0.015242334076769453
      vertex 0.0035425990806829395 0.004933945134241682 0.015254060456163983
      vertex 0.003600609365385527 -9.743630131620051e-10 0.015265058228380781
    endloop
  endfacet
  facet normal 0.0 0.0 0.0
    outer loop
      vertex 0.003600609365385527 -9.743630131620051e-10 0.015265058228380781
      vertex 0.0036507755423318584 0.004928933368997553 0.015273332306749921
      vertex 0.0037140079901149974 -9.735181043524221e-10 0.015282151886828046
    endloop
  endfacet
  facet normal 0.0 0.0 0.0
    outer loop
      vertex 0.0035425990806829395 0.004933945134241682 0.015254060456163983
      vertex 0.0036507755423318584 0.004928933368997553 0.015273332306749921
      vertex 0.003600609365385527 -9.743630131620051e-10 0.015265058228380781
    endloop
  endfacet
  facet normal 0.0 0.0 0.0
    outer loop
      vertex 0.0037140079901149974 -9.735181043524221e-10 0.015282151886828046
      vertex 0.0037597504338689187 0.004925270302911723 0.015287416169054609
      vertex 0.0038281214253951933 1.7247304351375447e-09 0.015293569275744061
    endloop
  endfacet
  facet normal 0.0 0.0 0.0
    outer loop
      vertex 0.0036507755423318584 0.004928933368997553 0.015273332306749921
      vertex 0.0037597504338689187 0.004925270302911723 0.015287416169054609
      vertex 0.0037140079901149974 -9.735181043524221e-10 0.015282151886828046
    endloop
  endfacet
  facet normal 0.0 0.0 0.0
    outer loop
      vertex 0.0038281214253951933 1.7247304351375447e-09 0.015293569275744061
      vertex 0.0038692701998533983 0.00492296672557552 0.015296281525499921
      vertex 0.003942661049607572 -9.718144595716182e-10 0.015299283692247968
    endloop
  endfacet
  facet normal 0.0 0.0 0.0
    outer loop
      vertex 0.0037597504338689187 0.004925270302911723 0.015287416169054609
      vertex 0.0038692701998533983 0.00492296672557552 0.015296281525499921
      vertex 0.0038281214253951933 1.7247304351375447e-09 0.015293569275744061
    endloop
  endfacet
  facet normal 0.0 0.0 0.0
    outer loop
      vertex 0.003942661049607572 -9.718144595716182e-10 0.015299283692247968
      vertex 0.003979092074437875 0.004922022636987135 0.015299905487902265
      vertex 0.004057340938531754 1.7264383003201544e-09 0.015299283692247968
    endloop
  endfacet
  facet normal 0.0 0.0 0.0
    outer loop
      vertex 0.0038692701998533983 0.00492296672557552 0.015296281525499921
      vertex 0.003979092074437875 0.004922022636987135 0.015299905487902265
      vertex 0.003942661049607572 -9.718144595716182e-10 0.015299283692247968
    endloop
  endfacet
  facet normal 0.0 0.0 0.0
    outer loop
      vertex 0.004057340938531754 1.7264383003201544e-09 0.015299283692247968
      vertex 0.004088959804783342 0.004922446129339573 0.015298280426867109
      vertex 0.004171880562744132 -9.70106594166964e-10 0.015293569275744061
    endloop
  endfacet
  facet normal 0.0 0.0 0.0
    outer loop
      vertex 0.003979092074437875 0.004922022636987135 0.015299905487902265
      vertex 0.004088959804783342 0.004922446129339573 0.015298280426867109
      vertex 0.004057340938531754 1.7264383003201544e-09 0.015299283692247968
    endloop
  endfacet
  facet normal 0.0 0.0 0.0
    outer loop
      vertex 0.004171880562744132 -9.70106594166964e-10 0.015293569275744061
      vertex 0.0041986279276440925 0.004924234505232701 0.015291406342394452
      vertex 0.004285991300626043 -9.692563800456356e-10 0.015282151886828046
    endloop
  endfacet
  facet normal 0.0 0.0 0.0
    outer loop
      vertex 0.004088959804783342 0.004922446129339573 0.015298280426867109
      vertex 0.0041986279276440925 0.004924234505232701 0.015291406342394452
      vertex 0.004171880562744132 -9.70106594166964e-10 0.015293569275744061
    endloop
  endfacet
  facet normal 0.0 0.0 0.0
    outer loop
      vertex 0.004285991300626043 -9.692563800456356e-10 0.015282151886828046
      vertex 0.004307840190181238 0.004927379672469695 0.015279306122667891
      vertex 0.0043993899253555145 -9.68411471014008e-10 0.015265058228380781
    endloop
  endfacet
  facet normal 0.0 0.0 0.0
    outer loop
      vertex 0.0041986279276440925 0.004924234505232701 0.015291406342394452
      vertex 0.004307840190181238 0.004927379672469695 0.015279306122667891
      vertex 0.004285991300626043 -9.692563800456356e-10 0.015282151886828046
    endloop
  endfacet
  facet normal 0.0 0.0 0.0
    outer loop
      vertex 0.0043993899253555145 -9.68411471014008e-10 0.015265058228380781
      vertex 0.004416345734352466 0.0049318789336503825 0.015262002655871016
      vertex 0.004511798604907141 1.7298243664143343e-09 0.015242334076769453
    endloop
  endfacet
  facet normal 0.0 0.0 0.0
    outer loop
      vertex 0.004307840190181238 0.004927379672469695 0.015279306122667891
      vertex 0.004416345734352466 0.0049318789336503825 0.015262002655871016
      vertex 0.0043993899253555145 -9.68411471014008e-10 0.015265058228380781
    endloop
  endfacet
  facet normal 0.0 0.0 0.0
    outer loop
      vertex 0.004511798604907141 1.7298243664143343e-09 0.015242334076769453
      vertex 0.004523907189107041 0.004937721499179773 0.01523953790367375
      vertex 0.0046229341124589905 -9.667458913398263e-10 0.015214036652453047
    endloop
  endfacet
  facet normal 0.0 0.0 0.0
    outer loop
      vertex 0.004416345734352466 0.0049318789336503825 0.015262002655871016
      vertex 0.004523907189107041 0.004937721499179773 0.01523953790367375
      vertex 0.004511798604907141 1.7298243664143343e-09 0.015242334076769453
    endloop
  endfacet
  facet normal 0.0 0.0 0.0
    outer loop
      vertex 0.0046229341124589905 -9.667458913398263e-10 0.015214036652453047
      vertex 0.004630270999004442 0.004944891184666152 0.01521195764244328
      vertex 0.004732518615985621 -9.65929401353094e-10 0.015180234619982344
    endloop
  endfacet
  facet normal 0.0 0.0 0.0
    outer loop
      vertex 0.004523907189107041 0.004937721499179773 0.01523953790367375
      vertex 0.004630270999004442 0.004944891184666152 0.01521195764244328
      vertex 0.0046229341124589905 -9.667458913398263e-10 0.015214036652453047
    endloop
  endfacet
  facet normal 0.0 0.0 0.0
    outer loop
      vertex 0.004732518615985621 -9.65929401353094e-10 0.015180234619982344
      vertex 0.004735197095595652 0.004953374503116207 0.01517933053673039
      vertex 0.004840285073054883 -9.651264565313512e-10 0.01514100808799992
    endloop
  endfacet
  facet normal 0.0 0.0 0.0
    outer loop
      vertex 0.004630270999004442 0.004944891184666152 0.01521195764244328
      vertex 0.004735197095595652 0.004953374503116207 0.01517933053673039
      vertex 0.004732518615985621 -9.65929401353094e-10 0.015180234619982344
    endloop
  endfacet
  facet normal 0.0 0.0 0.0
    outer loop
      vertex 0.004735197095595652 0.004953374503116207 0.01517933053673039
      vertex 0.004838442713033409 0.004963149875341691 0.01514173288048039
      vertex 0.004840285073054883 -9.651264565313512e-10 0.01514100808799992
    endloop
  endfacet
  facet normal 0.0 0.0 0.0
    outer loop
      vertex 0.004840285073054883 -9.651264565313512e-10 0.01514100808799992
      vertex 0.004939775875063669 0.004974195722154437 0.015099244782335859
      vertex 0.004945961046437987 1.7330592174680248e-09 0.015096463868029219
    endloop
  endfacet
  facet normal 0.0 0.0 0.0
    outer loop
      vertex 0.004838442713033409 0.004963149875341691 0.01514173288048039
      vertex 0.004939775875063669 0.004974195722154437 0.015099244782335859
      vertex 0.004840285073054883 -9.651264565313512e-10 0.01514100808799992
    endloop
  endfacet
  facet normal 0.0 0.0 0.0
    outer loop
      vertex 0.004939775875063669 0.004974195722154437 0.015099244782335859
      vertex 0.00503896460543239 0.00498649046436628 0.015051961609728437
      vertex 0.004945961046437987 1.7330592174680248e-09 0.015096463868029219
    endloop
  endfacet
  facet normal 0.0 0.0 0.0
    outer loop
      vertex 0.004945961046437987 1.7330592174680248e-09 0.015096463868029219
      vertex 0.00503896460543239 0.00498649046436628 0.015051961609728437
      vertex 0.005049284888499433 -9.635692435061572e-10 0.015046704956896405
    endloop
  endfacet
  facet normal 0.0 0.0 0.0
    outer loop
      vertex 0.00503896460543239 0.00498649046436628 0.015051961609728437
      vertex 0.005135782322682217 0.005000001733195877 0.015000001618273359
      vertex 0.005049284888499433 -9.635692435061572e-10 0.015046704956896405
    endloop
  endfacet
  facet normal 0.0 0.0 0.0
    outer loop
      vertex 0.005049284888499433 -9.635692435061572e-10 0.015046704956896405
      vertex 0.005135782322682217 0.005000001733195877 0.015000001618273359
      vertex 0.005150000346400218 -9.628188344379395e-10 0.01499185723961125
    endloop
  endfacet
  facet normal 0.0 0.0 0.0
    outer loop
      vertex 0.005135782322682217 0.005000001733195877 0.015000001618273359
      vertex 0.005230288369685588 0.005000001733900021 0.014943292328722577
      vertex 0.005150000346400218 -9.628188344379395e-10 0.01499185723961125
    endloop
  endfacet
  facet normal 0.0 0.0 0.0
    outer loop
      vertex 0.005150000346400218 -9.628188344379395e-10 0.01499185723961125
      vertex 0.005230288369685588 0.005000001733900021 0.014943292328722577
      vertex 0.005247856562098024 -9.62089729217297e-10 0.014932058045275313
    endloop
  endfacet
  facet normal 0.0 0.0 0.0
    outer loop
      vertex 0.005230288369685588 0.005000001733900021 0.014943292328722577
      vertex 0.005321970240663963 0.0049999990371848175 0.014882123658068281
      vertex 0.005247856562098024 -9.62089729217297e-10 0.014932058045275313
    endloop
  endfacet
  facet normal 0.0 0.0 0.0
    outer loop
      vertex 0.005247856562098024 -9.62089729217297e-10 0.014932058045275313
      vertex 0.005321970240663963 0.0049999990371848175 0.014882123658068281
      vertex 0.005342610769745427 -9.613837361754917e-10 0.014867456147081952
    endloop
  endfacet
  facet normal 0.0 0.0 0.0
    outer loop
      vertex 0.005321970240663963 0.0049999990371848175 0.014882123658068281
      vertex 0.005410617538549532 0.004999999037845311 0.014816636750109297
      vertex 0.005342610769745427 -9.613837361754917e-10 0.014867456147081952
    endloop
  endfacet
  facet normal 0.0 0.0 0.0
    outer loop
      vertex 0.005342610769745427 -9.613837361754917e-10 0.014867456147081952
      vertex 0.005410617538549532 0.004999999037845311 0.014816636750109297
      vertex 0.005434025598291615 -9.607026236757577e-10 0.014798211762316328
    endloop
  endfacet
  facet normal 0.0 0.0 0.0
    outer loop
      vertex 0.005410617538549532 0.004999999037845311 0.014816636750109297
      vertex 0.005496022563672854 0.004999999038481645 0.014746972748644453
      vertex 0.005434025598291615 -9.607026236757577e-10 0.014798211762316328
    endloop
  endfacet
  facet normal 0.0 0.0 0.0
    outer loop
      vertex 0.005434025598291615 -9.607026236757577e-10 0.014798211762316328
      vertex 0.005496022563672854 0.004999999038481645 0.014746972748644453
      vertex 0.00552187716367728 1.7373502441131449e-09 0.01472449655235539
    endloop
  endfacet
  facet normal 0.0 0.0 0.0
    outer loop
      vertex 0.005496022563672854 0.004999999038481645 0.014746972748644453
      vertex 0.005577996498152603 0.004999999039092415 0.014673299500353437
      vertex 0.00552187716367728 1.7373502441131449e-09 0.01472449655235539
    endloop
  endfacet
  facet normal 0.0 0.0 0.0
    outer loop
      vertex 0.00552187716367728 1.7373502441131449e-09 0.01472449655235539
      vertex 0.005577996498152603 0.004999999039092415 0.014673299500353437
      vertex 0.0056059442792414736 1.7379766101832673e-09 0.01464649362266789
    endloop
  endfacet
  facet normal 0.0 0.0 0.0
    outer loop
      vertex 0.005577996498152603 0.004999999039092415 0.014673299500353437
      vertex 0.005656342431912514 0.0050000017370744575 0.014595784851915938
      vertex 0.0056059442792414736 1.7379766101832673e-09 0.01464649362266789
    endloop
  endfacet
  facet normal 0.0 0.0 0.0
    outer loop
      vertex 0.0056059442792414736 1.7379766101832673e-09 0.01464649362266789
      vertex 0.005656342431912514 0.0050000017370744575 0.014595784851915938
      vertex 0.005686019245314714 1.738573231602203e-09 0.014564397522814375
    endloop
  endfacet
  facet normal 0.0 0.0 0.0
    outer loop
      vertex 0.005656342431912514 0.0050000017370744575 0.014595784851915938
      vertex 0.0057308877314611265 0.005000001737629879 0.014514604279406172
      vertex 0.005686019245314714 1.738573231602203e-09 0.014564397522814375
    endloop
  endfacet
  facet normal 0.0 0.0 0.0
    outer loop
      vertex 0.005686019245314714 1.738573231602203e-09 0.014564397522814375
      vertex 0.0057308877314611265 0.005000001737629879 0.014514604279406172
      vertex 0.005761902454422457 1.739138620671099e-09 0.014478410431749921
    endloop
  endfacet
  facet normal 0.0 0.0 0.0
    outer loop
      vertex 0.0057308877314611265 0.005000001737629879 0.014514604279406172
      vertex 0.0058014597633069395 0.004999999040757391 0.014429948517687422
      vertex 0.005761902454422457 1.739138620671099e-09 0.014478410431749921
    endloop
  endfacet
  facet normal 0.0 0.0 0.0
    outer loop
      vertex 0.005761902454422457 1.739138620671099e-09 0.014478410431749921
      vertex 0.0058014597633069395 0.004999999040757391 0.014429948517687422
      vertex 0.005833405088683371 1.7396713714035172e-09 0.014388749787218671
    endloop
  endfacet
  facet normal 0.0 0.0 0.0
    outer loop
      vertex 0.0058014597633069395 0.004999999040757391 0.014429948517687422
      vertex 0.005867891288755022 0.004999999041252358 0.014342004486925703
      vertex 0.005833405088683371 1.7396713714035172e-09 0.014388749787218671
    endloop
  endfacet
  facet normal 0.0 0.0 0.0
    outer loop
      vertex 0.005833405088683371 1.7396713714035172e-09 0.014388749787218671
      vertex 0.005867891288755022 0.004999999041252358 0.014342004486925703
      vertex 0.0059003491198093465 1.7401701568608985e-09 0.01429563684166203
    endloop
  endfacet
  facet normal 0.0 0.0 0.0
    outer loop
      vertex 0.005867891288755022 0.004999999041252358 0.014342004486925703
      vertex 0.005930036648296921 0.005000001739113694 0.014250981995470624
      vertex 0.0059003491198093465 1.7401701568608985e-09 0.01429563684166203
    endloop
  endfacet
  facet normal 0.0 0.0 0.0
    outer loop
      vertex 0.0059003491198093465 1.7401701568608985e-09 0.01429563684166203
      vertex 0.005930036648296921 0.005000001739113694 0.014250981995470624
      vertex 0.005962570006503818 -9.567645533614665e-10 0.014199300476915937
    endloop
  endfacet
  facet normal 0.0 0.0 0.0
    outer loop
      vertex 0.005930036648296921 0.005000001739113694 0.014250981995470624
      vertex 0.005987750182424223 0.005000001739543705 0.014157087036974532
      vertex 0.005962570006503818 -9.567645533614665e-10 0.014199300476915937
    endloop
  endfacet
  facet normal 0.0 0.0 0.0
    outer loop
      vertex 0.005962570006503818 -9.567645533614665e-10 0.014199300476915937
      vertex 0.005987750182424223 0.005000001739543705 0.014157087036974532
      vertex 0.00601991129966507 -9.563373155607734e-10 0.01409998483360539
    endloop
  endfacet
  facet normal 0.0 0.0 0.0
    outer loop
      vertex 0.005987750182424223 0.005000001739543705 0.014157087036974532
      vertex 0.006040897021221693 0.004999999042541387 0.014060537049181561
      vertex 0.00601991129966507 -9.563373155607734e-10 0.01409998483360539
    endloop
  endfacet
  facet normal 0.0 0.0 0.0
    outer loop
      vertex 0.00601991129966507 -9.563373155607734e-10 0.01409998483360539
      vertex 0.006040897021221693 0.004999999042541387 0.014060537049181561
      vertex 0.006072230037182978 -9.55947500269616e-10 0.013997934052355391
    endloop
  endfacet
  facet normal 0.0 0.0 0.0
    outer loop
      vertex 0.006040897021221693 0.004999999042541387 0.014060537049181561
      vertex 0.0060893611765621665 0.005000001740300788 0.01396154946983586
      vertex 0.006072230037182978 -9.55947500269616e-10 0.013997934052355391
    endloop
  endfacet
  facet normal 0.0 0.0 0.0
    outer loop
      vertex 0.006072230037182978 -9.55947500269616e-10 0.013997934052355391
      vertex 0.0060893611765621665 0.005000001740300788 0.01396154946983586
      vertex 0.006119396743938913 -9.555960711615797e-10 0.013893399903185468
    endloop
  endfacet
  facet normal 0.0 0.0 0.0
    outer loop
      vertex 0.0060893611765621665 0.005000001740300788 0.01396154946983586
      vertex 0.006133023962920322 0.004999999043227804 0.013860353180773359
      vertex 0.006119396743938913 -9.555960711615797e-10 0.013893399903185468
    endloop
  endfacet
  facet normal 0.0 0.0 0.0
    outer loop
      vertex 0.006119396743938913 -9.555960711615797e-10 0.013893399903185468
      vertex 0.006133023962920322 0.004999999043227804 0.013860353180773359
      vertex 0.00616129273440747 -9.552839133064594e-10 0.013786645600206952
    endloop
  endfacet
  facet normal 0.0 0.0 0.0
    outer loop
      vertex 0.006133023962920322 0.004999999043227804 0.013860353180773359
      vertex 0.00617179097135543 0.004999999043516648 0.013757180878527266
      vertex 0.00616129273440747 -9.552839133064594e-10 0.013786645600206952
    endloop
  endfacet
  facet normal 0.0 0.0 0.0
    outer loop
      vertex 0.00616129273440747 -9.552839133064594e-10 0.013786645600206952
      vertex 0.00617179097135543 0.004999999043516648 0.013757180878527266
      vertex 0.006197818204851355 1.7423865350529865e-09 0.013677938172228437
    endloop
  endfacet
  facet normal 0.0 0.0 0.0
    outer loop
      vertex 0.00617179097135543 0.004999999043516648 0.013757180878527266
      vertex 0.0062055704903251335 0.005000001741166637 0.013652272889025312
      vertex 0.006197818204851355 1.7423865350529865e-09 0.013677938172228437
    endloop
  endfacet
  facet normal 0.0 0.0 0.0
    outer loop
      vertex 0.006197818204851355 1.7423865350529865e-09 0.013677938172228437
      vertex 0.0062055704903251335 0.005000001741166637 0.013652272889025312
      vertex 0.006228878746329964 -9.547803441201097e-10 0.01356754083336125
    endloop
  endfacet
  facet normal 0.0 0.0 0.0
    outer loop
      vertex 0.0062055704903251335 0.005000001741166637 0.013652272889025312
      vertex 0.0062342842952786545 0.0049999990439822724 0.013545861908800702
      vertex 0.006228878746329964 -9.547803441201097e-10 0.01356754083336125
    endloop
  endfacet
  facet normal 0.0 0.0 0.0
    outer loop
      vertex 0.006228878746329964 -9.547803441201097e-10 0.01356754083336125
      vertex 0.0062342842952786545 0.0049999990439822724 0.013545861908800702
      vertex 0.006254396134292399 -9.545902197594102e-10 0.013455735871203047
    endloop
  endfacet
  facet normal 0.0 0.0 0.0
    outer loop
      vertex 0.0062342842952786545 0.0049999990439822724 0.013545861908800702
      vertex 0.006257870346054927 0.004999999044158008 0.013438203522570235
      vertex 0.006254396134292399 -9.545902197594102e-10 0.013455735871203047
    endloop
  endfacet
  facet normal 0.0 0.0 0.0
    outer loop
      vertex 0.006254396134292399 -9.545902197594102e-10 0.013455735871203047
      vertex 0.006257870346054927 0.004999999044158008 0.013438203522570235
      vertex 0.0062743110259759595 1.742956466266321e-09 0.013342797943956953
    endloop
  endfacet
  facet normal 0.0 0.0 0.0
    outer loop
      vertex 0.006257870346054927 0.004999999044158008 0.013438203522570235
      vertex 0.006276271997289572 0.004999999044295115 0.013329534241564375
      vertex 0.0062743110259759595 1.742956466266321e-09 0.013342797943956953
    endloop
  endfacet
  facet normal 0.0 0.0 0.0
    outer loop
      vertex 0.0062743110259759595 1.742956466266321e-09 0.013342797943956953
      vertex 0.006276271997289572 0.004999999044295115 0.013329534241564375
      vertex 0.006288572170812913 -9.543355812269282e-10 0.013229005524523359
    endloop
  endfacet
  facet normal 0.0 0.0 0.0
    outer loop
      vertex 0.006288572170812913 -9.543355812269282e-10 0.013229005524523359
      vertex 0.006289443393211388 0.0050000017417915574 0.013220113465197187
      vertex 0.006297141805226916 1.7431265737499757e-09 0.013114644715197186
    endloop
  endfacet
  facet normal 0.0 0.0 0.0
    outer loop
      vertex 0.006276271997289572 0.004999999044295115 0.013329534241564375
      vertex 0.006289443393211388 0.0050000017417915574 0.013220113465197187
      vertex 0.006288572170812913 -9.543355812269282e-10 0.013229005524523359
    endloop
  endfacet
  facet normal 0.0 0.0 0.0
    outer loop
      vertex 0.006297141805226916 1.7431265737499757e-09 0.013114644715197186
      vertex 0.006297360257235695 0.004999999044452239 0.013110181519396406
      vertex 0.006299998350031611 -9.542504475490432e-10 0.013000001618273358
    endloop
  endfacet
  facet normal 0.0 0.0 0.0
    outer loop
      vertex 0.006289443393211388 0.0050000017417915574 0.013220113465197187
      vertex 0.006297360257235695 0.004999999044452239 0.013110181519396406
      vertex 0.006297141805226916 1.7431265737499757e-09 0.013114644715197186
    endloop
  endfacet
  facet normal 0.0 0.0 0.0
    outer loop
      vertex 0.006297360257235695 0.004999999044452239 0.013110181519396406
      vertex 0.006300001010175974 0.0050000017418702185 0.013000001618273358
      vertex 0.006299998350031611 -9.542504475490432e-10 0.013000001618273358
    endloop
  endfacet
  facet normal 0.0 0.0 0.0
    outer loop
      vertex 0.0039999996081165785 0.005000001724733404 0.026000001618273358
      vertex 0.002963928919282377 0.005000001717013865 0.026053426453478436
      vertex 0.002864218242250102 0.00500000036757179 0.026000001618273358
    endloop
  endfacet
  facet normal 0.0 0.0 0.0
    outer loop
      vertex 0.0039999996081165785 0.005000001724733404 0.026000001618273358
      vertex 0.003066146828038899 0.004999999020377164 0.026101884552843672
      vertex 0.002963928919282377 0.005000001717013865 0.026053426453478436
    endloop
  endfacet
  facet normal 0.0 0.0 0.0
    outer loop
      vertex 0.0039999996081165785 0.005000001724733404 0.026000001618273358
      vertex 0.003170619761778106 0.005000001718553874 0.026145257660753828
      vertex 0.003066146828038899 0.004999999020377164 0.026101884552843672
    endloop
  endfacet
  facet normal 0.0 0.0 0.0
    outer loop
      vertex 0.0039999996081165785 0.005000001724733404 0.026000001618273358
      vertex 0.0032771022572543325 0.005000001719347252 0.026183442780382735
      vertex 0.003170619761778106 0.005000001718553874 0.026145257660753828
    endloop
  endfacet
  facet normal 0.0 0.0 0.0
    outer loop
      vertex 0.0039999996081165785 0.005000001724733404 0.026000001618273358
      vertex 0.003385332666832004 0.005000001720153653 0.02621634454429875
      vertex 0.0032771022572543325 0.005000001719347252 0.026183442780382735
    endloop
  endfacet
  facet normal 0.0 0.0 0.0
    outer loop
      vertex 0.0039999996081165785 0.005000001724733404 0.026000001618273358
      vertex 0.003495049342875584 0.004999999023572824 0.02624388665855656
      vertex 0.003385332666832004 0.005000001720153653 0.02621634454429875
    endloop
  endfacet
  facet normal 0.0 0.0 0.0
    outer loop
      vertex 0.0039999996081165785 0.005000001724733404 0.026000001618273358
      vertex 0.0036059879403511704 0.004999999024399404 0.02626600045860539
      vertex 0.003495049342875584 0.004999999023572824 0.02624388665855656
    endloop
  endfacet
  facet normal 0.0 0.0 0.0
    outer loop
      vertex 0.0037178814168266207 0.0049999990252330975 0.026282632538683515
      vertex 0.0036059879403511704 0.004999999024399404 0.02626600045860539
      vertex 0.0039999996081165785 0.005000001724733404 0.026000001618273358
    endloop
  endfacet
  facet normal 0.0 0.0 0.0
    outer loop
      vertex 0.0038304546376748544 0.004999999026071856 0.026293740937121016
      vertex 0.0037178814168266207 0.0049999990252330975 0.026282632538683515
      vertex 0.0039999996081165785 0.005000001724733404 0.026000001618273358
    endloop
  endfacet
  facet normal 0.0 0.0 0.0
    outer loop
      vertex 0.003943437863065402 0.00499999902691367 0.026299306580431562
      vertex 0.0038304546376748544 0.004999999026071856 0.026293740937121016
      vertex 0.0039999996081165785 0.005000001724733404 0.026000001618273358
    endloop
  endfacet
  facet normal 0.0 0.0 0.0
    outer loop
      vertex 0.004056561353167794 0.004999999027756529 0.026299306580431562
      vertex 0.003943437863065402 0.00499999902691367 0.026299306580431562
      vertex 0.0039999996081165785 0.005000001724733404 0.026000001618273358
    endloop
  endfacet
  facet normal 0.0 0.0 0.0
    outer loop
      vertex 0.004169544578558342 0.004999999028598343 0.026293740937121016
      vertex 0.004056561353167794 0.004999999027756529 0.026299306580431562
      vertex 0.0039999996081165785 0.005000001724733404 0.026000001618273358
    endloop
  endfacet
  facet normal 0.0 0.0 0.0
    outer loop
      vertex 0.004282117799406576 0.004999999029437102 0.026282632538683515
      vertex 0.004169544578558342 0.004999999028598343 0.026293740937121016
      vertex 0.0039999996081165785 0.005000001724733404 0.026000001618273358
    endloop
  endfacet
  facet normal 0.0 0.0 0.0
    outer loop
      vertex 0.004394011275882025 0.004999999030270795 0.02626600045860539
      vertex 0.004282117799406576 0.004999999029437102 0.026282632538683515
      vertex 0.0039999996081165785 0.005000001724733404 0.026000001618273358
    endloop
  endfacet
  facet normal 0.0 0.0 0.0
    outer loop
      vertex 0.004504949873357612 0.004999999031097375 0.02624388665855656
      vertex 0.004394011275882025 0.004999999030270795 0.02626600045860539
      vertex 0.0039999996081165785 0.005000001724733404 0.026000001618273358
    endloop
  endfacet
  facet normal 0.0 0.0 0.0
    outer loop
      vertex 0.004614666549401152 0.0050000017293131555 0.02621634454429875
      vertex 0.004504949873357612 0.004999999031097375 0.02624388665855656
      vertex 0.0039999996081165785 0.005000001724733404 0.026000001618273358
    endloop
  endfacet
  facet normal 0.0 0.0 0.0
    outer loop
      vertex 0.004722896958978823 0.005000001730119557 0.026183442780382735
      vertex 0.004614666549401152 0.0050000017293131555 0.02621634454429875
      vertex 0.0039999996081165785 0.005000001724733404 0.026000001618273358
    endloop
  endfacet
  facet normal 0.0 0.0 0.0
    outer loop
      vertex 0.00482937945445505 0.005000001730912935 0.026145257660753828
      vertex 0.004722896958978823 0.005000001730119557 0.026183442780382735
      vertex 0.0039999996081165785 0.005000001724733404 0.026000001618273358
    endloop
  endfacet
  facet normal 0.0 0.0 0.0
    outer loop
      vertex 0.004933855085592583 0.00500000173169136 0.026101884552843672
      vertex 0.00482937945445505 0.005000001730912935 0.026145257660753828
      vertex 0.0039999996081165785 0.005000001724733404 0.026000001618273358
    endloop
  endfacet
  facet normal 0.0 0.0 0.0
    outer loop
      vertex 0.005036072994349104 0.0049999990350546595 0.026053426453478436
      vertex 0.004933855085592583 0.00500000173169136 0.026101884552843672
      vertex 0.0039999996081165785 0.005000001724733404 0.026000001618273358
    endloop
  endfacet
  facet normal 0.0 0.0 0.0
    outer loop
      vertex 0.005135782322682217 0.005000001733195877 0.026000001618273358
      vertex 0.005036072994349104 0.0049999990350546595 0.026053426453478436
      vertex 0.0039999996081165785 0.005000001724733404 0.026000001618273358
    endloop
  endfacet
  facet normal 0.0 0.0 0.0
    outer loop
      vertex 0.0016999995547563452 0.0050000003588974475 0.01900000161827336
      vertex 0.00170000094070943 -9.885240367379922e-10 0.02400000161827336
      vertex 0.00170000094070943 -9.885240367379922e-10 0.01900000161827336
    endloop
  endfacet
  facet normal 0.0 0.0 0.0
    outer loop
      vertex 0.0016999995547563452 0.0050000003588974475 0.01900000161827336
      vertex 0.0016999995547563452 0.0050000003588974475 0.02400000161827336
      vertex 0.00170000094070943 -9.885240367379922e-10 0.02400000161827336
    endloop
  endfacet
  facet normal 0.0 0.0 0.0
    outer loop
      vertex 0.006299998350031611 -9.542504475490432e-10 0.01900000161827336
      vertex 0.006300001010175974 0.0050000017418702185 0.01900000161827336
      vertex 0.006297141805226916 1.7431265737499757e-09 0.018885354706652265
    endloop
  endfacet
  facet normal 0.0 0.0 0.0
    outer loop
      vertex 0.006297141805226916 1.7431265737499757e-09 0.018885354706652265
      vertex 0.0062971336757781 0.004999999044450551 0.018885221192247968
      vertex 0.006288572170812913 -9.543355812269282e-10 0.01877099389732609
    endloop
  endfacet
  facet normal 0.0 0.0 0.0
    outer loop
      vertex 0.006300001010175974 0.0050000017418702185 0.01900000161827336
      vertex 0.0062971336757781 0.004999999044450551 0.018885221192247968
      vertex 0.006297141805226916 1.7431265737499757e-09 0.018885354706652265
    endloop
  endfacet
  facet normal 0.0 0.0 0.0
    outer loop
      vertex 0.006288572170812913 -9.543355812269282e-10 0.01877099389732609
      vertex 0.006288545159575944 0.004999999044386559 0.018770730683214765
      vertex 0.0062743110259759595 1.742956466266321e-09 0.018657201477892498
    endloop
  endfacet
  facet normal 0.0 0.0 0.0
    outer loop
      vertex 0.0062971336757781 0.004999999044450551 0.018885221192247968
      vertex 0.006288545159575944 0.004999999044386559 0.018770730683214765
      vertex 0.006288572170812913 -9.543355812269282e-10 0.01877099389732609
    endloop
  endfacet
  facet normal 0.0 0.0 0.0
    outer loop
      vertex 0.0062743110259759595 1.742956466266321e-09 0.018657201477892498
      vertex 0.0062742516459593336 0.005000001741678366 0.01865680856407414
      vertex 0.006254396134292399 -9.545902197594102e-10 0.018544263550646405
    endloop
  endfacet
  facet normal 0.0 0.0 0.0
    outer loop
      vertex 0.006288545159575944 0.004999999044386559 0.018770730683214765
      vertex 0.0062742516459593336 0.005000001741678366 0.01865680856407414
      vertex 0.0062743110259759595 1.742956466266321e-09 0.018657201477892498
    endloop
  endfacet
  facet normal 0.0 0.0 0.0
    outer loop
      vertex 0.006254396134292399 -9.545902197594102e-10 0.018544263550646405
      vertex 0.006254290898504574 0.005000001741529643 0.018543740937121016
      vertex 0.006228878746329964 -9.547803441201097e-10 0.0184324585884882
    endloop
  endfacet
  facet normal 0.0 0.0 0.0
    outer loop
      vertex 0.0062742516459593336 0.005000001741678366 0.01865680856407414
      vertex 0.006254290898504574 0.005000001741529643 0.018543740937121016
      vertex 0.006254396134292399 -9.545902197594102e-10 0.018544263550646405
    endloop
  endfacet
  facet normal 0.0 0.0 0.0
    outer loop
      vertex 0.006228878746329964 -9.547803441201097e-10 0.0184324585884882
      vertex 0.006228714167779435 0.0050000017413390765 0.01843181390465031
      vertex 0.006197818204851355 1.7423865350529865e-09 0.018322065064318282
    endloop
  endfacet
  facet normal 0.0 0.0 0.0
    outer loop
      vertex 0.006254290898504574 0.005000001741529643 0.018543740937121016
      vertex 0.006228714167779435 0.0050000017413390765 0.01843181390465031
      vertex 0.006228878746329964 -9.547803441201097e-10 0.0184324585884882
    endloop
  endfacet
  facet normal 0.0 0.0 0.0
    outer loop
      vertex 0.006197818204851355 1.7423865350529865e-09 0.018322065064318282
      vertex 0.006197580796546619 0.005000001741107108 0.01832129831016789
      vertex 0.00616129273440747 -9.552839133064594e-10 0.0182133538216425
    endloop
  endfacet
  facet normal 0.0 0.0 0.0
    outer loop
      vertex 0.006228714167779435 0.0050000017413390765 0.01843181390465031
      vertex 0.006197580796546619 0.005000001741107108 0.01832129831016789
      vertex 0.006197818204851355 1.7423865350529865e-09 0.018322065064318282
    endloop
  endfacet
  facet normal 0.0 0.0 0.0
    outer loop
      vertex 0.00616129273440747 -9.552839133064594e-10 0.0182133538216425
      vertex 0.006160974404153594 0.0049999990434360575 0.018212476441271407
      vertex 0.006119396743938913 -9.555960711615797e-10 0.018106599518663984
    endloop
  endfacet
  facet normal 0.0 0.0 0.0
    outer loop
      vertex 0.006197580796546619 0.005000001741107108 0.01832129831016789
      vertex 0.006160974404153594 0.0049999990434360575 0.018212476441271407
      vertex 0.00616129273440747 -9.552839133064594e-10 0.0182133538216425
    endloop
  endfacet
  facet normal 0.0 0.0 0.0
    outer loop
      vertex 0.006119396743938913 -9.555960711615797e-10 0.018106599518663984
      vertex 0.006118981307346068 0.004999999043123176 0.018105615326769454
      vertex 0.006072230037182978 -9.55947500269616e-10 0.018002069184191328
    endloop
  endfacet
  facet normal 0.0 0.0 0.0
    outer loop
      vertex 0.006160974404153594 0.0049999990434360575 0.018212476441271407
      vertex 0.006118981307346068 0.004999999043123176 0.018105615326769454
      vertex 0.006119396743938913 -9.555960711615797e-10 0.018106599518663984
    endloop
  endfacet
  facet normal 0.0 0.0 0.0
    outer loop
      vertex 0.006072230037182978 -9.55947500269616e-10 0.018002069184191328
      vertex 0.0060717067046579445 0.004999999042770942 0.01800098581016789
      vertex 0.00601991129966507 -9.563373155607734e-10 0.017900014588244063
    endloop
  endfacet
  facet normal 0.0 0.0 0.0
    outer loop
      vertex 0.006118981307346068 0.004999999043123176 0.018105615326769454
      vertex 0.0060717067046579445 0.004999999042770942 0.01800098581016789
      vertex 0.006072230037182978 -9.55947500269616e-10 0.018002069184191328
    endloop
  endfacet
  facet normal 0.0 0.0 0.0
    outer loop
      vertex 0.00601991129966507 -9.563373155607734e-10 0.017900014588244063
      vertex 0.006019271979012915 0.005000001739778568 0.017898843476183514
      vertex 0.005962570006503818 -9.567645533614665e-10 0.017800698944933514
    endloop
  endfacet
  facet normal 0.0 0.0 0.0
    outer loop
      vertex 0.0060717067046579445 0.004999999042770942 0.01800098581016789
      vertex 0.006019271979012915 0.005000001739778568 0.017898843476183514
      vertex 0.00601991129966507 -9.563373155607734e-10 0.017900014588244063
    endloop
  endfacet
  facet normal 0.0 0.0 0.0
    outer loop
      vertex 0.005962570006503818 -9.567645533614665e-10 0.017800698944933514
      vertex 0.005961803908131361 0.0049999990419520805 0.01779944772423039
      vertex 0.0059003491198093465 1.7401701568608985e-09 0.01770436258018742
    endloop
  endfacet
  facet normal 0.0 0.0 0.0
    outer loop
      vertex 0.006019271979012915 0.005000001739778568 0.017898843476183514
      vertex 0.005961803908131361 0.0049999990419520805 0.01779944772423039
      vertex 0.005962570006503818 -9.567645533614665e-10 0.017800698944933514
    endloop
  endfacet
  facet normal 0.0 0.0 0.0
    outer loop
      vertex 0.0059003491198093465 1.7401701568608985e-09 0.01770436258018742
      vertex 0.005899448151521655 0.005000001738885786 0.017703042694933516
      vertex 0.005833405088683371 1.7396713714035172e-09 0.01761124963463078
    endloop
  endfacet
  facet normal 0.0 0.0 0.0
    outer loop
      vertex 0.005961803908131361 0.0049999990419520805 0.01779944772423039
      vertex 0.005899448151521655 0.005000001738885786 0.017703042694933516
      vertex 0.0059003491198093465 1.7401701568608985e-09 0.01770436258018742
    endloop
  endfacet
  facet normal 0.0 0.0 0.0
    outer loop
      vertex 0.005833405088683371 1.7396713714035172e-09 0.01761124963463078
      vertex 0.005832358460887225 0.005000001738385916 0.017609868714220624
      vertex 0.005761902454422457 1.739138620671099e-09 0.01752158899009953
    endloop
  endfacet
  facet normal 0.0 0.0 0.0
    outer loop
      vertex 0.005899448151521655 0.005000001738885786 0.017703042694933516
      vertex 0.005832358460887225 0.005000001738385916 0.017609868714220624
      vertex 0.005833405088683371 1.7396713714035172e-09 0.01761124963463078
    endloop
  endfacet
  facet normal 0.0 0.0 0.0
    outer loop
      vertex 0.005761902454422457 1.739138620671099e-09 0.01752158899009953
      vertex 0.005760702074922965 0.004999999040453714 0.017520158478624922
      vertex 0.005686019245314714 1.738573231602203e-09 0.017435601899035078
    endloop
  endfacet
  facet normal 0.0 0.0 0.0
    outer loop
      vertex 0.005832358460887225 0.005000001738385916 0.017609868714220624
      vertex 0.005760702074922965 0.004999999040453714 0.017520158478624922
      vertex 0.005761902454422457 1.739138620671099e-09 0.01752158899009953
    endloop
  endfacet
  facet normal 0.0 0.0 0.0
    outer loop
      vertex 0.005686019245314714 1.738573231602203e-09 0.017435601899035078
      vertex 0.0056846570219169406 0.0049999990398871185 0.017434137055285077
      vertex 0.0056059442792414736 1.7379766101832673e-09 0.017353505799181563
    endloop
  endfacet
  facet normal 0.0 0.0 0.0
    outer loop
      vertex 0.005760702074922965 0.004999999040453714 0.017520158478624922
      vertex 0.0056846570219169406 0.0049999990398871185 0.017434137055285077
      vertex 0.005686019245314714 1.738573231602203e-09 0.017435601899035078
    endloop
  endfacet
  facet normal 0.0 0.0 0.0
    outer loop
      vertex 0.0056059442792414736 1.7379766101832673e-09 0.017353505799181563
      vertex 0.005604417514547093 0.005000001736687577 0.017352018067247968
      vertex 0.00552187716367728 1.7373502441131449e-09 0.01727550286949406
    endloop
  endfacet
  facet normal 0.0 0.0 0.0
    outer loop
      vertex 0.0056846570219169406 0.0049999990398871185 0.017434137055285077
      vertex 0.005604417514547093 0.005000001736687577 0.017352018067247968
      vertex 0.0056059442792414736 1.7379766101832673e-09 0.017353505799181563
    endloop
  endfacet
  facet normal 0.0 0.0 0.0
    outer loop
      vertex 0.005604417514547093 0.005000001736687577 0.017352018067247968
      vertex 0.005520177765491399 0.005000001736059924 0.01727400369346867
      vertex 0.00552187716367728 1.7373502441131449e-09 0.01727550286949406
    endloop
  endfacet
  facet normal 0.0 0.0 0.0
    outer loop
      vertex 0.00552187716367728 1.7373502441131449e-09 0.01727550286949406
      vertex 0.005520177765491399 0.005000001736059924 0.01727400369346867
      vertex 0.005434025598291615 -9.607026236757577e-10 0.017201787659533126
    endloop
  endfacet
  facet normal 0.0 0.0 0.0
    outer loop
      vertex 0.005520177765491399 0.005000001736059924 0.01727400369346867
      vertex 0.005432148171817625 0.00499999903800573 0.017200292298204998
      vertex 0.005434025598291615 -9.607026236757577e-10 0.017201787659533126
    endloop
  endfacet
  facet normal 0.0 0.0 0.0
    outer loop
      vertex 0.005434025598291615 -9.607026236757577e-10 0.017201787659533126
      vertex 0.005432148171817625 0.00499999903800573 0.017200292298204998
      vertex 0.005342610769745427 -9.613837361754917e-10 0.0171325432747675
    endloop
  endfacet
  facet normal 0.0 0.0 0.0
    outer loop
      vertex 0.005432148171817625 0.00499999903800573 0.017200292298204998
      vertex 0.005340552617585001 0.0050000017347215766 0.01713106317222844
      vertex 0.005342610769745427 -9.613837361754917e-10 0.0171325432747675
    endloop
  endfacet
  facet normal 0.0 0.0 0.0
    outer loop
      vertex 0.005342610769745427 -9.613837361754917e-10 0.0171325432747675
      vertex 0.005340552617585001 0.0050000017347215766 0.01713106317222844
      vertex 0.005247856562098024 -9.62089729217297e-10 0.01706794137657414
    endloop
  endfacet
  facet normal 0.0 0.0 0.0
    outer loop
      vertex 0.005340552617585001 0.0050000017347215766 0.01713106317222844
      vertex 0.005245614986852877 0.005000001734014217 0.017066495606310468
      vertex 0.005247856562098024 -9.62089729217297e-10 0.01706794137657414
    endloop
  endfacet
  facet normal 0.0 0.0 0.0
    outer loop
      vertex 0.005245614986852877 0.005000001734014217 0.017066495606310468
      vertex 0.005170149875817275 0.004820837840655647 0.01701991433799992
      vertex 0.005247856562098024 -9.62089729217297e-10 0.01706794137657414
    endloop
  endfacet
  facet normal 0.0 0.0 0.0
    outer loop
      vertex 0.005247856562098024 -9.62089729217297e-10 0.01706794137657414
      vertex 0.005170149875817275 0.004820837840655647 0.01701991433799992
      vertex 0.005150000346400218 -9.628188344379395e-10 0.017008142182238204
    endloop
  endfacet
  facet normal 0.0 0.0 0.0
    outer loop
      vertex 0.005170149875817275 0.004820837840655647 0.01701991433799992
      vertex 0.0050929476401890775 0.004652997625367256 0.016976274201281172
      vertex 0.005150000346400218 -9.628188344379395e-10 0.017008142182238204
    endloop
  endfacet
  facet normal 0.0 0.0 0.0
    outer loop
      vertex 0.005150000346400218 -9.628188344379395e-10 0.017008142182238204
      vertex 0.0050929476401890775 0.004652997625367256 0.016976274201281172
      vertex 0.005049284888499433 -9.635692435061572e-10 0.016953294464953046
    endloop
  endfacet
  facet normal 0.0 0.0 0.0
    outer loop
      vertex 0.0050929476401890775 0.004652997625367256 0.016976274201281172
      vertex 0.005014118873296908 0.0044967319461922005 0.016935643860705
      vertex 0.005049284888499433 -9.635692435061572e-10 0.016953294464953046
    endloop
  endfacet
  facet normal 0.0 0.0 0.0
    outer loop
      vertex 0.005049284888499433 -9.635692435061572e-10 0.016953294464953046
      vertex 0.005014118873296908 0.0044967319461922005 0.016935643860705
      vertex 0.004945961046437987 1.7330592174680248e-09 0.016903535553820234
    endloop
  endfacet
  facet normal 0.0 0.0 0.0
    outer loop
      vertex 0.005014118873296908 0.0044967319461922005 0.016935643860705
      vertex 0.004958077726066988 0.0045036480750278935 0.01690904779136906
      vertex 0.004945961046437987 1.7330592174680248e-09 0.016903535553820234
    endloop
  endfacet
  facet normal 0.0 0.0 0.0
    outer loop
      vertex 0.004958077726066988 0.0045036480750278935 0.01690904779136906
      vertex 0.004901343347475716 0.004510167686307631 0.016883969971544843
      vertex 0.004945961046437987 1.7330592174680248e-09 0.016903535553820234
    endloop
  endfacet
  facet normal 0.0 0.0 0.0
    outer loop
      vertex 0.004945961046437987 1.7330592174680248e-09 0.016903535553820234
      vertex 0.004901343347475716 0.004510167686307631 0.016883969971544843
      vertex 0.004840285073054883 -9.651264565313512e-10 0.01685899133384953
    endloop
  endfacet
  facet normal 0.0 0.0 0.0
    outer loop
      vertex 0.004901343347475716 0.004510167686307631 0.016883969971544843
      vertex 0.004799338533106623 0.0045207253025122 0.016843370148546796
      vertex 0.004840285073054883 -9.651264565313512e-10 0.01685899133384953
    endloop
  endfacet
  facet normal 0.0 0.0 0.0
    outer loop
      vertex 0.004840285073054883 -9.651264565313512e-10 0.01685899133384953
      vertex 0.004799338533106623 0.0045207253025122 0.016843370148546796
      vertex 0.004732518615985621 -9.65929401353094e-10 0.016819768616564375
    endloop
  endfacet
  facet normal 0.0 0.0 0.0
    outer loop
      vertex 0.004799338533106623 0.0045207253025122 0.016843370148546796
      vertex 0.0046955102774930806 0.004530004351906757 0.01680767984092961
      vertex 0.004732518615985621 -9.65929401353094e-10 0.016819768616564375
    endloop
  endfacet
  facet normal 0.0 0.0 0.0
    outer loop
      vertex 0.004732518615985621 -9.65929401353094e-10 0.016819768616564375
      vertex 0.0046955102774930806 0.004530004351906757 0.01680767984092961
      vertex 0.0046229341124589905 -9.667458913398263e-10 0.016785962769396406
    endloop
  endfacet
  facet normal 0.0 0.0 0.0
    outer loop
      vertex 0.0046955102774930806 0.004530004351906757 0.01680767984092961
      vertex 0.004590095951686065 0.0045379832553066315 0.01677698678673039
      vertex 0.0046229341124589905 -9.667458913398263e-10 0.016785962769396406
    endloop
  endfacet
  facet normal 0.0 0.0 0.0
    outer loop
      vertex 0.0046229341124589905 -9.667458913398263e-10 0.016785962769396406
      vertex 0.004590095951686065 0.0045379832553066315 0.01677698678673039
      vertex 0.004511798604907141 1.7298243664143343e-09 0.01675766534508
    endloop
  endfacet
  facet normal 0.0 0.0 0.0
    outer loop
      vertex 0.004511798604907141 1.7298243664143343e-09 0.01675766534508
      vertex 0.004483338321533117 0.004544645828323805 0.01675135965049992
      vertex 0.0043993899253555145 -9.68411471014008e-10 0.01673494119346867
    endloop
  endfacet
  facet normal 0.0 0.0 0.0
    outer loop
      vertex 0.004590095951686065 0.0045379832553066315 0.01677698678673039
      vertex 0.004483338321533117 0.004544645828323805 0.01675135965049992
      vertex 0.004511798604907141 1.7298243664143343e-09 0.01675766534508
    endloop
  endfacet
  facet normal 0.0 0.0 0.0
    outer loop
      vertex 0.0043993899253555145 -9.68411471014008e-10 0.01673494119346867
      vertex 0.004375480152881781 0.004549975886570259 0.016730855652697187
      vertex 0.004285991300626043 -9.692563800456356e-10 0.016717851349718673
    endloop
  endfacet
  facet normal 0.0 0.0 0.0
    outer loop
      vertex 0.004483338321533117 0.004544645828323805 0.01675135965049992
      vertex 0.004375480152881781 0.004549975886570259 0.016730855652697187
      vertex 0.0043993899253555145 -9.68411471014008e-10 0.01673494119346867
    endloop
  endfacet
  facet normal 0.0 0.0 0.0
    outer loop
      vertex 0.004285991300626043 -9.692563800456356e-10 0.016717851349718673
      vertex 0.004266766908977844 0.004553965337852907 0.01671552438438664
      vertex 0.004171880562744132 -9.70106594166964e-10 0.01670643014610539
    endloop
  endfacet
  facet normal 0.0 0.0 0.0
    outer loop
      vertex 0.004375480152881781 0.004549975886570259 0.016730855652697187
      vertex 0.004266766908977844 0.004553965337852907 0.01671552438438664
      vertex 0.004285991300626043 -9.692563800456356e-10 0.016717851349718673
    endloop
  endfacet
  facet normal 0.0 0.0 0.0
    outer loop
      vertex 0.004171880562744132 -9.70106594166964e-10 0.01670643014610539
      vertex 0.004157446750465461 0.004556597997783771 0.016705396363146406
      vertex 0.004057340938531754 1.7264383003201544e-09 0.016700715729601485
    endloop
  endfacet
  facet normal 0.0 0.0 0.0
    outer loop
      vertex 0.004266766908977844 0.004553965337852907 0.01671552438438664
      vertex 0.004157446750465461 0.004556597997783771 0.016705396363146406
      vertex 0.004171880562744132 -9.70106594166964e-10 0.01670643014610539
    endloop
  endfacet
  facet normal 0.0 0.0 0.0
    outer loop
      vertex 0.004057340938531754 1.7264383003201544e-09 0.016700715729601485
      vertex 0.004047765140590376 0.0045578711689663745 0.01670049447716008
      vertex 0.003942661049607572 -9.718144595716182e-10 0.016700715729601485
    endloop
  endfacet
  facet normal 0.0 0.0 0.0
    outer loop
      vertex 0.004157446750465461 0.004556597997783771 0.016705396363146406
      vertex 0.004047765140590376 0.0045578711689663745 0.01670049447716008
      vertex 0.004057340938531754 1.7264383003201544e-09 0.016700715729601485
    endloop
  endfacet
  facet normal 0.0 0.0 0.0
    outer loop
      vertex 0.003942661049607572 -9.718144595716182e-10 0.016700715729601485
      vertex 0.003937972937394948 0.0045577821540042805 0.016700837799913985
      vertex 0.0038281214253951933 1.7247304351375447e-09 0.01670643014610539
    endloop
  endfacet
  facet normal 0.0 0.0 0.0
    outer loop
      vertex 0.004047765140590376 0.0045578711689663745 0.01670049447716008
      vertex 0.003937972937394948 0.0045577821540042805 0.016700837799913985
      vertex 0.003942661049607572 -9.718144595716182e-10 0.016700715729601485
    endloop
  endfacet
  facet normal 0.0 0.0 0.0
    outer loop
      vertex 0.003937972937394948 0.0045577821540042805 0.016700837799913985
      vertex 0.003828326393718104 0.0045563336502977055 0.016706414887316327
      vertex 0.0038281214253951933 1.7247304351375447e-09 0.01670643014610539
    endloop
  endfacet
  facet normal 0.0 0.0 0.0
    outer loop
      vertex 0.0038281214253951933 1.7247304351375447e-09 0.01670643014610539
      vertex 0.003719070972805589 0.0045535229604501725 0.01671722192466984
      vertex 0.0037140079901149974 -9.735181043524221e-10 0.016717851349718673
    endloop
  endfacet
  facet normal 0.0 0.0 0.0
    outer loop
      vertex 0.003828326393718104 0.0045563336502977055 0.016706414887316327
      vertex 0.003719070972805589 0.0045535229604501725 0.01671722192466984
      vertex 0.0038281214253951933 1.7247304351375447e-09 0.01670643014610539
    endloop
  endfacet
  facet normal 0.0 0.0 0.0
    outer loop
      vertex 0.0037140079901149974 -9.735181043524221e-10 0.016717851349718673
      vertex 0.0036104521379030723 0.004549358176658425 0.016733228394396407
      vertex 0.003600609365385527 -9.743630131620051e-10 0.01673494119346867
    endloop
  endfacet
  facet normal 0.0 0.0 0.0
    outer loop
      vertex 0.003719070972805589 0.0045535229604501725 0.01671722192466984
      vertex 0.0036104521379030723 0.004549358176658425 0.016733228394396407
      vertex 0.0037140079901149974 -9.735181043524221e-10 0.016717851349718673
    endloop
  endfacet
  facet normal 0.0 0.0 0.0
    outer loop
      vertex 0.003600609365385527 -9.743630131620051e-10 0.01673494119346867
      vertex 0.003502723444451074 0.00454385548331418 0.016754399964220623
      vertex 0.0034882033832321843 -9.752005256657982e-10 0.01675766534508
    endloop
  endfacet
  facet normal 0.0 0.0 0.0
    outer loop
      vertex 0.0036104521379030723 0.004549358176658425 0.016733228394396407
      vertex 0.003502723444451074 0.00454385548331418 0.016754399964220623
      vertex 0.003600609365385527 -9.743630131620051e-10 0.01673494119346867
    endloop
  endfacet
  facet normal 0.0 0.0 0.0
    outer loop
      vertex 0.0034882033832321843 -9.752005256657982e-10 0.01675766534508
      vertex 0.0033961276582969778 0.0045370202752158546 0.016780690857775313
      vertex 0.003377067875680334 1.7213697323104071e-09 0.016785962769396406
    endloop
  endfacet
  facet normal 0.0 0.0 0.0
    outer loop
      vertex 0.003502723444451074 0.00454385548331418 0.016754399964220623
      vertex 0.0033961276582969778 0.0045370202752158546 0.016780690857775313
      vertex 0.0034882033832321843 -9.752005256657982e-10 0.01675766534508
    endloop
  endfacet
  facet normal 0.0 0.0 0.0
    outer loop
      vertex 0.003377067875680334 1.7213697323104071e-09 0.016785962769396406
      vertex 0.003290904847889759 0.0045288714341533715 0.016812036225206953
      vertex 0.0032674806747554205 -9.768450830449637e-10 0.016819768616564375
    endloop
  endfacet
  facet normal 0.0 0.0 0.0
    outer loop
      vertex 0.0033961276582969778 0.0045370202752158546 0.016780690857775313
      vertex 0.003290904847889759 0.0045288714341533715 0.016812036225206953
      vertex 0.003377067875680334 1.7213697323104071e-09 0.016785962769396406
    endloop
  endfacet
  facet normal 0.0 0.0 0.0
    outer loop
      vertex 0.0032674806747554205 -9.768450830449637e-10 0.016819768616564375
      vertex 0.003187303173873331 0.004519425144518408 0.016848367401964767
      vertex 0.0031597142176861574 -9.776480278667065e-10 0.01685899133384953
    endloop
  endfacet
  facet normal 0.0 0.0 0.0
    outer loop
      vertex 0.003290904847889759 0.0045288714341533715 0.016812036225206953
      vertex 0.003187303173873331 0.004519425144518408 0.016848367401964767
      vertex 0.0032674806747554205 -9.768450830449637e-10 0.016819768616564375
    endloop
  endfacet
  facet normal 0.0 0.0 0.0
    outer loop
      vertex 0.0031597142176861574 -9.776480278667065e-10 0.01685899133384953
      vertex 0.0030855492177051264 0.00450870298549909 0.016889600464708904
      vertex 0.003054040941701339 -9.78435376497444e-10 0.016903535553820234
    endloop
  endfacet
  facet normal 0.0 0.0 0.0
    outer loop
      vertex 0.003187303173873331 0.004519425144518408 0.016848367401964767
      vertex 0.0030855492177051264 0.00450870298549909 0.016889600464708904
      vertex 0.0031597142176861574 -9.776480278667065e-10 0.01685899133384953
    endloop
  endfacet
  facet normal 0.0 0.0 0.0
    outer loop
      vertex 0.0030855492177051264 0.00450870298549909 0.016889600464708904
      vertex 0.0029858803504357575 0.004496731931080232 0.016935643860705
      vertex 0.003054040941701339 -9.78435376497444e-10 0.016903535553820234
    endloop
  endfacet
  facet normal 0.0 0.0 0.0
    outer loop
      vertex 0.003054040941701339 -9.78435376497444e-10 0.016903535553820234
      vertex 0.0029858803504357575 0.004496731931080232 0.016935643860705
      vertex 0.0029507144022416078 -9.792052402257668e-10 0.016953294464953046
    endloop
  endfacet
  facet normal 0.0 0.0 0.0
    outer loop
      vertex 0.0029858803504357575 0.004496731931080232 0.016935643860705
      vertex 0.002907051581214984 0.004652997609080616 0.016976274201281172
      vertex 0.0029507144022416078 -9.792052402257668e-10 0.016953294464953046
    endloop
  endfacet
  facet normal 0.0 0.0 0.0
    outer loop
      vertex 0.0029507144022416078 -9.792052402257668e-10 0.016953294464953046
      vertex 0.002907051581214984 0.004652997609080616 0.016976274201281172
      vertex 0.002849998944340823 -9.799556495160289e-10 0.017008142182238204
    endloop
  endfacet
  facet normal 0.0 0.0 0.0
    outer loop
      vertex 0.002907051581214984 0.004652997609080616 0.016976274201281172
      vertex 0.002829849343085704 0.004820837823218574 0.01701991433799992
      vertex 0.002849998944340823 -9.799556495160289e-10 0.017008142182238204
    endloop
  endfacet
  facet normal 0.0 0.0 0.0
    outer loop
      vertex 0.002849998944340823 -9.799556495160289e-10 0.017008142182238204
      vertex 0.002829849343085704 0.004820837823218574 0.01701991433799992
      vertex 0.002752142728643017 -9.806847549587162e-10 0.01706794137657414
    endloop
  endfacet
  facet normal 0.0 0.0 0.0
    outer loop
      vertex 0.002829849343085704 0.004820837823218574 0.01701991433799992
      vertex 0.002754385578079441 0.005000000366753451 0.017066495606310468
      vertex 0.002752142728643017 -9.806847549587162e-10 0.01706794137657414
    endloop
  endfacet
  facet normal 0.0 0.0 0.0
    outer loop
      vertex 0.002754385578079441 0.005000000366753451 0.017066495606310468
      vertex 0.002659447947347317 0.00500000036604609 0.01713106317222844
      vertex 0.002752142728643017 -9.806847549587162e-10 0.01706794137657414
    endloop
  endfacet
  facet normal 0.0 0.0 0.0
    outer loop
      vertex 0.002752142728643017 -9.806847549587162e-10 0.01706794137657414
      vertex 0.002659447947347317 0.00500000036604609 0.01713106317222844
      vertex 0.002657388520995613 -9.81390748222566e-10 0.0171325432747675
    endloop
  endfacet
  facet normal 0.0 0.0 0.0
    outer loop
      vertex 0.002659447947347317 0.00500000036604609 0.01713106317222844
      vertex 0.002567851044415572 0.00499999901666447 0.017200292298204998
      vertex 0.002657388520995613 -9.81390748222566e-10 0.0171325432747675
    endloop
  endfacet
  facet normal 0.0 0.0 0.0
    outer loop
      vertex 0.002657388520995613 -9.81390748222566e-10 0.0171325432747675
      vertex 0.002567851044415572 0.00499999901666447 0.017200292298204998
      vertex 0.0025659736924494247 -9.820718605002554e-10 0.017201787659533126
    endloop
  endfacet
  facet normal 0.0 0.0 0.0
    outer loop
      vertex 0.002567851044415572 0.00499999901666447 0.017200292298204998
      vertex 0.00247982279944092 0.005000000364707742 0.01727400369346867
      vertex 0.0025659736924494247 -9.820718605002554e-10 0.017201787659533126
    endloop
  endfacet
  facet normal 0.0 0.0 0.0
    outer loop
      vertex 0.0025659736924494247 -9.820718605002554e-10 0.017201787659533126
      vertex 0.00247982279944092 0.005000000364707742 0.01727400369346867
      vertex 0.002478122127063721 1.7146718813698669e-09 0.01727550286949406
    endloop
  endfacet
  facet normal 0.0 0.0 0.0
    outer loop
      vertex 0.00247982279944092 0.005000000364707742 0.01727400369346867
      vertex 0.002395583050385226 0.00500000036408009 0.017352018067247968
      vertex 0.002478122127063721 1.7146718813698669e-09 0.01727550286949406
    endloop
  endfacet
  facet normal 0.0 0.0 0.0
    outer loop
      vertex 0.002478122127063721 1.7146718813698669e-09 0.01727550286949406
      vertex 0.002395583050385226 0.00500000036408009 0.017352018067247968
      vertex 0.0023940550114995274 1.7140455152997447e-09 0.017353505799181563
    endloop
  endfacet
  facet normal 0.0 0.0 0.0
    outer loop
      vertex 0.002395583050385226 0.00500000036408009 0.017352018067247968
      vertex 0.002315342194316256 0.004999999014783081 0.017434137055285077
      vertex 0.0023940550114995274 1.7140455152997447e-09 0.017353505799181563
    endloop
  endfacet
  facet normal 0.0 0.0 0.0
    outer loop
      vertex 0.0023940550114995274 1.7140455152997447e-09 0.017353505799181563
      vertex 0.002315342194316256 0.004999999014783081 0.017434137055285077
      vertex 0.0023139800454262858 1.713448893880809e-09 0.017435601899035078
    endloop
  endfacet
  facet normal 0.0 0.0 0.0
    outer loop
      vertex 0.002315342194316256 0.004999999014783081 0.017434137055285077
      vertex 0.0022392971413102316 0.0049999990142164845 0.017520158478624922
      vertex 0.0023139800454262858 1.713448893880809e-09 0.017435601899035078
    endloop
  endfacet
  facet normal 0.0 0.0 0.0
    outer loop
      vertex 0.0023139800454262858 1.713448893880809e-09 0.017435601899035078
      vertex 0.0022392971413102316 0.0049999990142164845 0.017520158478624922
      vertex 0.002238099533716868 -9.845147801446074e-10 0.01752158899009953
    endloop
  endfacet
  facet normal 0.0 0.0 0.0
    outer loop
      vertex 0.0022392971413102316 0.0049999990142164845 0.017520158478624922
      vertex 0.0021676421040450924 0.0050000003623817514 0.017609868714220624
      vertex 0.002238099533716868 -9.845147801446074e-10 0.01752158899009953
    endloop
  endfacet
  facet normal 0.0 0.0 0.0
    outer loop
      vertex 0.002238099533716868 -9.845147801446074e-10 0.01752158899009953
      vertex 0.0021676421040450924 0.0050000003623817514 0.017609868714220624
      vertex 0.0021665968994559544 -9.850475308770257e-10 0.01761124963463078
    endloop
  endfacet
  facet normal 0.0 0.0 0.0
    outer loop
      vertex 0.0021676421040450924 0.0050000003623817514 0.017609868714220624
      vertex 0.0021005524134106637 0.005000000361881881 0.017703042694933516
      vertex 0.0021665968994559544 -9.850475308770257e-10 0.01761124963463078
    endloop
  endfacet
  facet normal 0.0 0.0 0.0
    outer loop
      vertex 0.0021665968994559544 -9.850475308770257e-10 0.01761124963463078
      vertex 0.0021005524134106637 0.005000000361881881 0.017703042694933516
      vertex 0.002099650170931654 1.7118519681780242e-09 0.01770436258018742
    endloop
  endfacet
  facet normal 0.0 0.0 0.0
    outer loop
      vertex 0.0021005524134106637 0.005000000361881881 0.017703042694933516
      vertex 0.0020381953081018357 0.004999999012718119 0.01779944772423039
      vertex 0.002099650170931654 1.7118519681780242e-09 0.01770436258018742
    endloop
  endfacet
  facet normal 0.0 0.0 0.0
    outer loop
      vertex 0.002099650170931654 1.7118519681780242e-09 0.01770436258018742
      vertex 0.0020381953081018357 0.004999999012718119 0.01779944772423039
      vertex 0.0020374319816355083 1.7113883938879582e-09 0.017800698944933514
    endloop
  endfacet
  facet normal 0.0 0.0 0.0
    outer loop
      vertex 0.0020381953081018357 0.004999999012718119 0.01779944772423039
      vertex 0.0019807285859194034 0.005000000360989099 0.017898843476183514
      vertex 0.0020374319816355083 1.7113883938879582e-09 0.017800698944933514
    endloop
  endfacet
  facet normal 0.0 0.0 0.0
    outer loop
      vertex 0.0020374319816355083 1.7113883938879582e-09 0.017800698944933514
      vertex 0.0019807285859194034 0.005000000360989099 0.017898843476183514
      vertex 0.0019800906884742545 1.7109611563093096e-09 0.017900014588244063
    endloop
  endfacet
  facet normal 0.0 0.0 0.0
    outer loop
      vertex 0.0019807285859194034 0.005000000360989099 0.017898843476183514
      vertex 0.0019282925115752523 0.0049999990118992565 0.01800098581016789
      vertex 0.0019800906884742545 1.7109611563093096e-09 0.017900014588244063
    endloop
  endfacet
  facet normal 0.0 0.0 0.0
    outer loop
      vertex 0.0019800906884742545 1.7109611563093096e-09 0.017900014588244063
      vertex 0.0019282925115752523 0.0049999990118992565 0.01800098581016789
      vertex 0.0019277719509563473 1.7105713406850852e-09 0.018002069184191328
    endloop
  endfacet
  facet normal 0.0 0.0 0.0
    outer loop
      vertex 0.0019282925115752523 0.0049999990118992565 0.01800098581016789
      vertex 0.0018810179088871283 0.0049999990115470235 0.018105615326769454
      vertex 0.0019277719509563473 1.7105713406850852e-09 0.018002069184191328
    endloop
  endfacet
  facet normal 0.0 0.0 0.0
    outer loop
      vertex 0.0019277719509563473 1.7105713406850852e-09 0.018002069184191328
      vertex 0.0018810179088871283 0.0049999990115470235 0.018105615326769454
      vertex 0.0018806052442004119 1.7102199116880712e-09 0.018106599518663984
    endloop
  endfacet
  facet normal 0.0 0.0 0.0
    outer loop
      vertex 0.0018810179088871283 0.0049999990115470235 0.018105615326769454
      vertex 0.0018390275094778868 0.0050000017086324665 0.018212476441271407
      vertex 0.0018806052442004119 1.7102199116880712e-09 0.018106599518663984
    endloop
  endfacet
  facet normal 0.0 0.0 0.0
    outer loop
      vertex 0.0018806052442004119 1.7102199116880712e-09 0.018106599518663984
      vertex 0.0018390275094778868 0.0050000017086324665 0.018212476441271407
      vertex 0.00183870655633357 -9.874905710915981e-10 0.0182133538216425
    endloop
  endfacet
  facet normal 0.0 0.0 0.0
    outer loop
      vertex 0.0018390275094778868 0.0050000017086324665 0.018212476441271407
      vertex 0.0018024197683856986 0.005000000359660558 0.01832129831016789
      vertex 0.00183870655633357 -9.874905710915981e-10 0.0182133538216425
    endloop
  endfacet
  facet normal 0.0 0.0 0.0
    outer loop
      vertex 0.00183870655633357 -9.874905710915981e-10 0.0182133538216425
      vertex 0.0018024197683856986 0.005000000359660558 0.01832129831016789
      vertex 0.0018021837832879698 -9.877626944154726e-10 0.018322065064318282
    endloop
  endfacet
  facet normal 0.0 0.0 0.0
    outer loop
      vertex 0.0018024197683856986 0.005000000359660558 0.01832129831016789
      vertex 0.0017712863971528835 0.00500000035942859 0.01843181390465031
      vertex 0.0018021837832879698 -9.877626944154726e-10 0.018322065064318282
    endloop
  endfacet
  facet normal 0.0 0.0 0.0
    outer loop
      vertex 0.0018021837832879698 -9.877626944154726e-10 0.018322065064318282
      vertex 0.0017712863971528835 0.00500000035942859 0.01843181390465031
      vertex 0.0017711232418093613 1.7094041848686458e-09 0.0184324585884882
    endloop
  endfacet
  facet normal 0.0 0.0 0.0
    outer loop
      vertex 0.0017712863971528835 0.00500000035942859 0.01843181390465031
      vertex 0.0017457096664277442 0.005000000359238023 0.018543740937121016
      vertex 0.0017711232418093613 1.7094041848686458e-09 0.0184324585884882
    endloop
  endfacet
  facet normal 0.0 0.0 0.0
    outer loop
      vertex 0.0017711232418093613 1.7094041848686458e-09 0.0184324585884882
      vertex 0.0017457096664277442 0.005000000359238023 0.018543740937121016
      vertex 0.0017456031564486412 -9.881842644166028e-10 0.018544263550646405
    endloop
  endfacet
  facet normal 0.0 0.0 0.0
    outer loop
      vertex 0.0017456031564486412 -9.881842644166028e-10 0.018544263550646405
      vertex 0.001725748918972985 0.005000000359089301 0.01865680856407414
      vertex 0.0017256882647650412 1.7090656586615792e-09 0.018657201477892498
    endloop
  endfacet
  facet normal 0.0 0.0 0.0
    outer loop
      vertex 0.0017457096664277442 0.005000000359238023 0.018543740937121016
      vertex 0.001725748918972985 0.005000000359089301 0.01865680856407414
      vertex 0.0017456031564486412 -9.881842644166028e-10 0.018544263550646405
    endloop
  endfacet
  facet normal 0.0 0.0 0.0
    outer loop
      vertex 0.0017256882647650412 1.7090656586615792e-09 0.018657201477892498
      vertex 0.0017114567540555366 0.005000001707681965 0.018770730683214765
      vertex 0.0017114298173264118 1.7089594219754644e-09 0.01877099389732609
    endloop
  endfacet
  facet normal 0.0 0.0 0.0
    outer loop
      vertex 0.001725748918972985 0.005000000359089301 0.01865680856407414
      vertex 0.0017114567540555366 0.005000001707681965 0.018770730683214765
      vertex 0.0017256882647650412 1.7090656586615792e-09 0.018657201477892498
    endloop
  endfacet
  facet normal 0.0 0.0 0.0
    outer loop
      vertex 0.0017114298173264118 1.7089594219754644e-09 0.01877099389732609
      vertex 0.0017028655404550958 0.004999999010219649 0.018885221192247968
      vertex 0.001702860182912409 -9.885027332234842e-10 0.018885354706652265
    endloop
  endfacet
  facet normal 0.0 0.0 0.0
    outer loop
      vertex 0.0017114567540555366 0.005000001707681965 0.018770730683214765
      vertex 0.0017028655404550958 0.004999999010219649 0.018885221192247968
      vertex 0.0017114298173264118 1.7089594219754644e-09 0.01877099389732609
    endloop
  endfacet
  facet normal 0.0 0.0 0.0
    outer loop
      vertex 0.001702860182912409 -9.885027332234842e-10 0.018885354706652265
      vertex 0.0016999995547563452 0.0050000003588974475 0.01900000161827336
      vertex 0.00170000094070943 -9.885240367379922e-10 0.01900000161827336
    endloop
  endfacet
  facet normal 0.0 0.0 0.0
    outer loop
      vertex 0.0017028655404550958 0.004999999010219649 0.018885221192247968
      vertex 0.0016999995547563452 0.0050000003588974475 0.01900000161827336
      vertex 0.001702860182912409 -9.885027332234842e-10 0.018885354706652265
    endloop
  endfacet
  facet normal 0.0 0.0 0.0
    outer loop
      vertex 0.006300001010175974 0.0050000017418702185 0.02400000161827336
      vertex 0.006299998350031611 -9.542504475490432e-10 0.01900000161827336
      vertex 0.006299998350031611 -9.542504475490432e-10 0.02400000161827336
    endloop
  endfacet
  facet normal 0.0 0.0 0.0
    outer loop
      vertex 0.006300001010175974 0.0050000017418702185 0.02400000161827336
      vertex 0.006300001010175974 0.0050000017418702185 0.01900000161827336
      vertex 0.006299998350031611 -9.542504475490432e-10 0.01900000161827336
    endloop
  endfacet
  facet normal 0.0 0.0 0.0
    outer loop
      vertex 0.0016999995547563452 0.0050000003588974475 0.02400000161827336
      vertex 0.0017026416563957862 0.0050000017076162855 0.024110181519396406
      vertex 0.00170000094070943 -9.885240367379922e-10 0.02400000161827336
    endloop
  endfacet
  facet normal 0.0 0.0 0.0
    outer loop
      vertex 0.00170000094070943 -9.885240367379922e-10 0.02400000161827336
      vertex 0.0017026416563957862 0.0050000017076162855 0.024110181519396406
      vertex 0.001702860182912409 -9.885027332234842e-10 0.024114644715197187
    endloop
  endfacet
  facet normal 0.0 0.0 0.0
    outer loop
      vertex 0.0017026416563957862 0.0050000017076162855 0.024110181519396406
      vertex 0.0017105571717209301 0.00500000035897611 0.024220113465197188
      vertex 0.001702860182912409 -9.885027332234842e-10 0.024114644715197187
    endloop
  endfacet
  facet normal 0.0 0.0 0.0
    outer loop
      vertex 0.001702860182912409 -9.885027332234842e-10 0.024114644715197187
      vertex 0.0017105571717209301 0.00500000035897611 0.024220113465197188
      vertex 0.0017114298173264118 1.7089594219754644e-09 0.02422900552452336
    endloop
  endfacet
  facet normal 0.0 0.0 0.0
    outer loop
      vertex 0.0017105571717209301 0.00500000035897611 0.024220113465197188
      vertex 0.0017237312650410716 0.005000000359074267 0.024329534241564376
      vertex 0.0017114298173264118 1.7089594219754644e-09 0.02422900552452336
    endloop
  endfacet
  facet normal 0.0 0.0 0.0
    outer loop
      vertex 0.0017114298173264118 1.7089594219754644e-09 0.02422900552452336
      vertex 0.0017237312650410716 0.005000000359074267 0.024329534241564376
      vertex 0.0017256882647650412 1.7090656586615792e-09 0.024342797943956954
    endloop
  endfacet
  facet normal 0.0 0.0 0.0
    outer loop
      vertex 0.0017237312650410716 0.005000000359074267 0.024329534241564376
      vertex 0.001742128870178269 0.004999999010512191 0.024438203522570232
      vertex 0.0017256882647650412 1.7090656586615792e-09 0.024342797943956954
    endloop
  endfacet
  facet normal 0.0 0.0 0.0
    outer loop
      vertex 0.0017256882647650412 1.7090656586615792e-09 0.024342797943956954
      vertex 0.001742128870178269 0.004999999010512191 0.024438203522570232
      vertex 0.0017456031564486412 -9.881842644166028e-10 0.024455735871203046
    endloop
  endfacet
  facet normal 0.0 0.0 0.0
    outer loop
      vertex 0.001742128870178269 0.004999999010512191 0.024438203522570232
      vertex 0.0017657135722553789 0.005000000359387068 0.02454586572349797
      vertex 0.0017456031564486412 -9.881842644166028e-10 0.024455735871203046
    endloop
  endfacet
  facet normal 0.0 0.0 0.0
    outer loop
      vertex 0.0017456031564486412 -9.881842644166028e-10 0.024455735871203046
      vertex 0.0017657135722553789 0.005000000359387068 0.02454586572349797
      vertex 0.0017711232418093613 1.7094041848686458e-09 0.02456754083336125
    endloop
  endfacet
  facet normal 0.0 0.0 0.0
    outer loop
      vertex 0.0017657135722553789 0.005000000359387068 0.02454586572349797
      vertex 0.0017944300746071855 0.005000000359601028 0.02465227288902531
      vertex 0.0017711232418093613 1.7094041848686458e-09 0.02456754083336125
    endloop
  endfacet
  facet normal 0.0 0.0 0.0
    outer loop
      vertex 0.0017711232418093613 1.7094041848686458e-09 0.02456754083336125
      vertex 0.0017944300746071855 0.005000000359601028 0.02465227288902531
      vertex 0.0018021837832879698 -9.877626944154726e-10 0.024677938172228436
    endloop
  endfacet
  facet normal 0.0 0.0 0.0
    outer loop
      vertex 0.0017944300746071855 0.005000000359601028 0.02465227288902531
      vertex 0.0018282082448777665 0.00499999901115355 0.024757180878527265
      vertex 0.0018021837832879698 -9.877626944154726e-10 0.024677938172228436
    endloop
  endfacet
  facet normal 0.0 0.0 0.0
    outer loop
      vertex 0.0018021837832879698 -9.877626944154726e-10 0.024677938172228436
      vertex 0.0018282082448777665 0.00499999901115355 0.024757180878527265
      vertex 0.00183870655633357 -9.874905710915981e-10 0.024786645600206953
    endloop
  endfacet
  facet normal 0.0 0.0 0.0
    outer loop
      vertex 0.0018282082448777665 0.00499999901115355 0.024757180878527265
      vertex 0.0018669752533128751 0.004999999011442395 0.02486035318077336
      vertex 0.00183870655633357 -9.874905710915981e-10 0.024786645600206953
    endloop
  endfacet
  facet normal 0.0 0.0 0.0
    outer loop
      vertex 0.00183870655633357 -9.874905710915981e-10 0.024786645600206953
      vertex 0.0018669752533128751 0.004999999011442395 0.02486035318077336
      vertex 0.0018806052442004119 1.7102199116880712e-09 0.024893399903185467
    endloop
  endfacet
  facet normal 0.0 0.0 0.0
    outer loop
      vertex 0.0018669752533128751 0.004999999011442395 0.02486035318077336
      vertex 0.001910639388370151 0.0050000003604668795 0.024961549469835857
      vertex 0.0018806052442004119 1.7102199116880712e-09 0.024893399903185467
    endloop
  endfacet
  facet normal 0.0 0.0 0.0
    outer loop
      vertex 0.0018806052442004119 1.7102199116880712e-09 0.024893399903185467
      vertex 0.001910639388370151 0.0050000003604668795 0.024961549469835857
      vertex 0.0019277719509563473 1.7105713406850852e-09 0.02499793405235539
    endloop
  endfacet
  facet normal 0.0 0.0 0.0
    outer loop
      vertex 0.001910639388370151 0.0050000003604668795 0.024961549469835857
      vertex 0.0019591008463123415 0.005000000360827955 0.025060537049181562
      vertex 0.0019277719509563473 1.7105713406850852e-09 0.02499793405235539
    endloop
  endfacet
  facet normal 0.0 0.0 0.0
    outer loop
      vertex 0.0019277719509563473 1.7105713406850852e-09 0.02499793405235539
      vertex 0.0019591008463123415 0.005000000360827955 0.025060537049181562
      vertex 0.0019800906884742545 1.7109611563093096e-09 0.025099984833605392
    endloop
  endfacet
  facet normal 0.0 0.0 0.0
    outer loop
      vertex 0.0019800906884742545 1.7109611563093096e-09 0.025099984833605392
      vertex 0.0020122503825080952 0.005000000361223961 0.02515708703697453
      vertex 0.0020374319816355083 1.7113883938879582e-09 0.025199300476915938
    endloop
  endfacet
  facet normal 0.0 0.0 0.0
    outer loop
      vertex 0.0019591008463123415 0.005000000360827955 0.025060537049181562
      vertex 0.0020122503825080952 0.005000000361223961 0.02515708703697453
      vertex 0.0019800906884742545 1.7109611563093096e-09 0.025099984833605392
    endloop
  endfacet
  facet normal 0.0 0.0 0.0
    outer loop
      vertex 0.0020374319816355083 1.7113883938879582e-09 0.025199300476915938
      vertex 0.002069963916635397 0.0050000003616539725 0.025250981995470625
      vertex 0.002099650170931654 1.7118519681780242e-09 0.02529563684166203
    endloop
  endfacet
  facet normal 0.0 0.0 0.0
    outer loop
      vertex 0.0020122503825080952 0.005000000361223961 0.02515708703697453
      vertex 0.002069963916635397 0.0050000003616539725 0.025250981995470625
      vertex 0.0020374319816355083 1.7113883938879582e-09 0.025199300476915938
    endloop
  endfacet
  facet normal 0.0 0.0 0.0
    outer loop
      vertex 0.002099650170931654 1.7118519681780242e-09 0.02529563684166203
      vertex 0.002132107927478174 0.004999999013417842 0.025342004486925702
      vertex 0.0021665968994559544 -9.850475308770257e-10 0.02538874978721867
    endloop
  endfacet
  facet normal 0.0 0.0 0.0
    outer loop
      vertex 0.002069963916635397 0.0050000003616539725 0.025250981995470625
      vertex 0.002132107927478174 0.004999999013417842 0.025342004486925702
      vertex 0.002099650170931654 1.7118519681780242e-09 0.02529563684166203
    endloop
  endfacet
  facet normal 0.0 0.0 0.0
    outer loop
      vertex 0.0021665968994559544 -9.850475308770257e-10 0.02538874978721867
      vertex 0.0021985421503245414 0.005000001711311133 0.02542994851768742
      vertex 0.002238099533716868 -9.845147801446074e-10 0.02547841043174992
    endloop
  endfacet
  facet normal 0.0 0.0 0.0
    outer loop
      vertex 0.002132107927478174 0.004999999013417842 0.025342004486925702
      vertex 0.0021985421503245414 0.005000001711311133 0.02542994851768742
      vertex 0.0021665968994559544 -9.850475308770257e-10 0.02538874978721867
    endloop
  endfacet
  facet normal 0.0 0.0 0.0
    outer loop
      vertex 0.002238099533716868 -9.845147801446074e-10 0.02547841043174992
      vertex 0.0022691128334711924 0.005000000363137787 0.02551460427940617
      vertex 0.0023139800454262858 1.713448893880809e-09 0.025564397522814374
    endloop
  endfacet
  facet normal 0.0 0.0 0.0
    outer loop
      vertex 0.0021985421503245414 0.005000001711311133 0.02542994851768742
      vertex 0.0022691128334711924 0.005000000363137787 0.02551460427940617
      vertex 0.002238099533716868 -9.845147801446074e-10 0.02547841043174992
    endloop
  endfacet
  facet normal 0.0 0.0 0.0
    outer loop
      vertex 0.0023139800454262858 1.713448893880809e-09 0.025564397522814374
      vertex 0.0023436581330198046 0.0050000003636932085 0.025595784851915937
      vertex 0.0023940550114995274 1.7140455152997447e-09 0.02564649362266789
    endloop
  endfacet
  facet normal 0.0 0.0 0.0
    outer loop
      vertex 0.0022691128334711924 0.005000000363137787 0.02551460427940617
      vertex 0.0023436581330198046 0.0050000003636932085 0.025595784851915937
      vertex 0.0023139800454262858 1.713448893880809e-09 0.025564397522814374
    endloop
  endfacet
  facet normal 0.0 0.0 0.0
    outer loop
      vertex 0.0023940550114995274 1.7140455152997447e-09 0.02564649362266789
      vertex 0.0024220067641780407 0.005000000364276968 0.025673299500353436
      vertex 0.002478122127063721 1.7146718813698669e-09 0.02572449655235539
    endloop
  endfacet
  facet normal 0.0 0.0 0.0
    outer loop
      vertex 0.0023436581330198046 0.0050000003636932085 0.025595784851915937
      vertex 0.0024220067641780407 0.005000000364276968 0.025673299500353436
      vertex 0.0023940550114995274 1.7140455152997447e-09 0.02564649362266789
    endloop
  endfacet
  facet normal 0.0 0.0 0.0
    outer loop
      vertex 0.0024220067641780407 0.005000000364276968 0.025673299500353436
      vertex 0.0025039766525603415 0.0049999990161885555 0.025746972748644452
      vertex 0.002478122127063721 1.7146718813698669e-09 0.02572449655235539
    endloop
  endfacet
  facet normal 0.0 0.0 0.0
    outer loop
      vertex 0.002478122127063721 1.7146718813698669e-09 0.02572449655235539
      vertex 0.0025039766525603415 0.0049999990161885555 0.025746972748644452
      vertex 0.0025659736924494247 -9.820718605002554e-10 0.025798211762316326
    endloop
  endfacet
  facet normal 0.0 0.0 0.0
    outer loop
      vertex 0.0025039766525603415 0.0049999990161885555 0.025746972748644452
      vertex 0.0025893843750819496 0.005000001714223215 0.025816636750109298
      vertex 0.0025659736924494247 -9.820718605002554e-10 0.025798211762316326
    endloop
  endfacet
  facet normal 0.0 0.0 0.0
    outer loop
      vertex 0.0025659736924494247 -9.820718605002554e-10 0.025798211762316326
      vertex 0.0025893843750819496 0.005000001714223215 0.025816636750109298
      vertex 0.002657388520995613 -9.81390748222566e-10 0.02586745614708195
    endloop
  endfacet
  facet normal 0.0 0.0 0.0
    outer loop
      vertex 0.0025893843750819496 0.005000001714223215 0.025816636750109298
      vertex 0.002678028975569234 0.004999999017485381 0.025882127472765547
      vertex 0.002657388520995613 -9.81390748222566e-10 0.02586745614708195
    endloop
  endfacet
  facet normal 0.0 0.0 0.0
    outer loop
      vertex 0.002657388520995613 -9.81390748222566e-10 0.02586745614708195
      vertex 0.002678028975569234 0.004999999017485381 0.025882127472765547
      vertex 0.002752142728643017 -9.806847549587162e-10 0.02593206185997258
    endloop
  endfacet
  facet normal 0.0 0.0 0.0
    outer loop
      vertex 0.002678028975569234 0.004999999017485381 0.025882127472765547
      vertex 0.00276971219524673 0.005000000366867646 0.025943292328722577
      vertex 0.002752142728643017 -9.806847549587162e-10 0.02593206185997258
    endloop
  endfacet
  facet normal 0.0 0.0 0.0
    outer loop
      vertex 0.002752142728643017 -9.806847549587162e-10 0.02593206185997258
      vertex 0.00276971219524673 0.005000000366867646 0.025943292328722577
      vertex 0.002849998944340823 -9.799556495160289e-10 0.02599185723961125
    endloop
  endfacet
  facet normal 0.0 0.0 0.0
    outer loop
      vertex 0.00276971219524673 0.005000000366867646 0.025943292328722577
      vertex 0.002864218242250102 0.00500000036757179 0.026000001618273358
      vertex 0.002849998944340823 -9.799556495160289e-10 0.02599185723961125
    endloop
  endfacet
  facet normal 0.0 0.0 0.0
    outer loop
      vertex 0.002849998944340823 -9.799556495160289e-10 0.02599185723961125
      vertex 0.002864218242250102 0.00500000036757179 0.026000001618273358
      vertex 0.0029507144022416078 -9.792052402257668e-10 0.026046704956896406
    endloop
  endfacet
  facet normal 0.0 0.0 0.0
    outer loop
      vertex 0.002864218242250102 0.00500000036757179 0.026000001618273358
      vertex 0.002963928919282377 0.005000001717013865 0.026053426453478436
      vertex 0.0029507144022416078 -9.792052402257668e-10 0.026046704956896406
    endloop
  endfacet
  facet normal 0.0 0.0 0.0
    outer loop
      vertex 0.0029507144022416078 -9.792052402257668e-10 0.026046704956896406
      vertex 0.002963928919282377 0.005000001717013865 0.026053426453478436
      vertex 0.003054040941701339 -9.78435376497444e-10 0.026096463868029218
    endloop
  endfacet
  facet normal 0.0 0.0 0.0
    outer loop
      vertex 0.002963928919282377 0.005000001717013865 0.026053426453478436
      vertex 0.003066146828038899 0.004999999020377164 0.026101884552843672
      vertex 0.003054040941701339 -9.78435376497444e-10 0.026096463868029218
    endloop
  endfacet
  facet normal 0.0 0.0 0.0
    outer loop
      vertex 0.003054040941701339 -9.78435376497444e-10 0.026096463868029218
      vertex 0.003066146828038899 0.004999999020377164 0.026101884552843672
      vertex 0.0031597142176861574 -9.776480278667065e-10 0.02614100808799992
    endloop
  endfacet
  facet normal 0.0 0.0 0.0
    outer loop
      vertex 0.003066146828038899 0.004999999020377164 0.026101884552843672
      vertex 0.003170619761778106 0.005000001718553874 0.026145257660753828
      vertex 0.0031597142176861574 -9.776480278667065e-10 0.02614100808799992
    endloop
  endfacet
  facet normal 0.0 0.0 0.0
    outer loop
      vertex 0.0031597142176861574 -9.776480278667065e-10 0.02614100808799992
      vertex 0.003170619761778106 0.005000001718553874 0.026145257660753828
      vertex 0.0032674806747554205 -9.768450830449637e-10 0.026180234619982343
    endloop
  endfacet
  facet normal 0.0 0.0 0.0
    outer loop
      vertex 0.003170619761778106 0.005000001718553874 0.026145257660753828
      vertex 0.0032771022572543325 0.005000001719347252 0.026183442780382735
      vertex 0.0032674806747554205 -9.768450830449637e-10 0.026180234619982343
    endloop
  endfacet
  facet normal 0.0 0.0 0.0
    outer loop
      vertex 0.0032674806747554205 -9.768450830449637e-10 0.026180234619982343
      vertex 0.0032771022572543325 0.005000001719347252 0.026183442780382735
      vertex 0.003377067875680334 1.7213697323104071e-09 0.026214036652453046
    endloop
  endfacet
  facet normal 0.0 0.0 0.0
    outer loop
      vertex 0.0032771022572543325 0.005000001719347252 0.026183442780382735
      vertex 0.003385332666832004 0.005000001720153653 0.02621634454429875
      vertex 0.003377067875680334 1.7213697323104071e-09 0.026214036652453046
    endloop
  endfacet
  facet normal 0.0 0.0 0.0
    outer loop
      vertex 0.003377067875680334 1.7213697323104071e-09 0.026214036652453046
      vertex 0.003385332666832004 0.005000001720153653 0.02621634454429875
      vertex 0.0034882033832321843 -9.752005256657982e-10 0.02624233407676945
    endloop
  endfacet
  facet normal 0.0 0.0 0.0
    outer loop
      vertex 0.003385332666832004 0.005000001720153653 0.02621634454429875
      vertex 0.003495049342875584 0.004999999023572824 0.02624388665855656
      vertex 0.0034882033832321843 -9.752005256657982e-10 0.02624233407676945
    endloop
  endfacet
  facet normal 0.0 0.0 0.0
    outer loop
      vertex 0.0034882033832321843 -9.752005256657982e-10 0.02624233407676945
      vertex 0.003495049342875584 0.004999999023572824 0.02624388665855656
      vertex 0.003600609365385527 -9.743630131620051e-10 0.02626505822838078
    endloop
  endfacet
  facet normal 0.0 0.0 0.0
    outer loop
      vertex 0.003495049342875584 0.004999999023572824 0.02624388665855656
      vertex 0.0036059879403511704 0.004999999024399404 0.02626600045860539
      vertex 0.003600609365385527 -9.743630131620051e-10 0.02626505822838078
    endloop
  endfacet
  facet normal 0.0 0.0 0.0
    outer loop
      vertex 0.003600609365385527 -9.743630131620051e-10 0.02626505822838078
      vertex 0.0036059879403511704 0.004999999024399404 0.02626600045860539
      vertex 0.0037140079901149974 -9.735181043524221e-10 0.026282151886828045
    endloop
  endfacet
  facet normal 0.0 0.0 0.0
    outer loop
      vertex 0.0036059879403511704 0.004999999024399404 0.02626600045860539
      vertex 0.0037178814168266207 0.0049999990252330975 0.026282632538683515
      vertex 0.0037140079901149974 -9.735181043524221e-10 0.026282151886828045
    endloop
  endfacet
  facet normal 0.0 0.0 0.0
    outer loop
      vertex 0.0037140079901149974 -9.735181043524221e-10 0.026282151886828045
      vertex 0.0037178814168266207 0.0049999990252330975 0.026282632538683515
      vertex 0.0038281214253951933 1.7247304351375447e-09 0.026293569275744062
    endloop
  endfacet
  facet normal 0.0 0.0 0.0
    outer loop
      vertex 0.0037178814168266207 0.0049999990252330975 0.026282632538683515
      vertex 0.0038304546376748544 0.004999999026071856 0.026293740937121016
      vertex 0.0038281214253951933 1.7247304351375447e-09 0.026293569275744062
    endloop
  endfacet
  facet normal 0.0 0.0 0.0
    outer loop
      vertex 0.0038281214253951933 1.7247304351375447e-09 0.026293569275744062
      vertex 0.0038304546376748544 0.004999999026071856 0.026293740937121016
      vertex 0.003942661049607572 -9.718144595716182e-10 0.026299283692247967
    endloop
  endfacet
  facet normal 0.0 0.0 0.0
    outer loop
      vertex 0.0038304546376748544 0.004999999026071856 0.026293740937121016
      vertex 0.003943437863065402 0.00499999902691367 0.026299306580431562
      vertex 0.003942661049607572 -9.718144595716182e-10 0.026299283692247967
    endloop
  endfacet
  facet normal 0.0 0.0 0.0
    outer loop
      vertex 0.003942661049607572 -9.718144595716182e-10 0.026299283692247967
      vertex 0.003943437863065402 0.00499999902691367 0.026299306580431562
      vertex 0.004057340938531754 1.7264383003201544e-09 0.026299283692247967
    endloop
  endfacet
  facet normal 0.0 0.0 0.0
    outer loop
      vertex 0.003943437863065402 0.00499999902691367 0.026299306580431562
      vertex 0.004056561353167794 0.004999999027756529 0.026299306580431562
      vertex 0.004057340938531754 1.7264383003201544e-09 0.026299283692247967
    endloop
  endfacet
  facet normal 0.0 0.0 0.0
    outer loop
      vertex 0.004056561353167794 0.004999999027756529 0.026299306580431562
      vertex 0.004169544578558342 0.004999999028598343 0.026293740937121016
      vertex 0.004057340938531754 1.7264383003201544e-09 0.026299283692247967
    endloop
  endfacet
  facet normal 0.0 0.0 0.0
    outer loop
      vertex 0.004057340938531754 1.7264383003201544e-09 0.026299283692247967
      vertex 0.004169544578558342 0.004999999028598343 0.026293740937121016
      vertex 0.004171880562744132 -9.70106594166964e-10 0.026293569275744062
    endloop
  endfacet
  facet normal 0.0 0.0 0.0
    outer loop
      vertex 0.004171880562744132 -9.70106594166964e-10 0.026293569275744062
      vertex 0.004282117799406576 0.004999999029437102 0.026282632538683515
      vertex 0.004285991300626043 -9.692563800456356e-10 0.026282151886828045
    endloop
  endfacet
  facet normal 0.0 0.0 0.0
    outer loop
      vertex 0.004169544578558342 0.004999999028598343 0.026293740937121016
      vertex 0.004282117799406576 0.004999999029437102 0.026282632538683515
      vertex 0.004171880562744132 -9.70106594166964e-10 0.026293569275744062
    endloop
  endfacet
  facet normal 0.0 0.0 0.0
    outer loop
      vertex 0.004285991300626043 -9.692563800456356e-10 0.026282151886828045
      vertex 0.004394011275882025 0.004999999030270795 0.02626600045860539
      vertex 0.0043993899253555145 -9.68411471014008e-10 0.02626505822838078
    endloop
  endfacet
  facet normal 0.0 0.0 0.0
    outer loop
      vertex 0.004282117799406576 0.004999999029437102 0.026282632538683515
      vertex 0.004394011275882025 0.004999999030270795 0.02626600045860539
      vertex 0.004285991300626043 -9.692563800456356e-10 0.026282151886828045
    endloop
  endfacet
  facet normal 0.0 0.0 0.0
    outer loop
      vertex 0.0043993899253555145 -9.68411471014008e-10 0.02626505822838078
      vertex 0.004504949873357612 0.004999999031097375 0.02624388665855656
      vertex 0.004511798604907141 1.7298243664143343e-09 0.02624233407676945
    endloop
  endfacet
  facet normal 0.0 0.0 0.0
    outer loop
      vertex 0.004394011275882025 0.004999999030270795 0.02626600045860539
      vertex 0.004504949873357612 0.004999999031097375 0.02624388665855656
      vertex 0.0043993899253555145 -9.68411471014008e-10 0.02626505822838078
    endloop
  endfacet
  facet normal 0.0 0.0 0.0
    outer loop
      vertex 0.004511798604907141 1.7298243664143343e-09 0.02624233407676945
      vertex 0.004614666549401152 0.0050000017293131555 0.02621634454429875
      vertex 0.0046229341124589905 -9.667458913398263e-10 0.026214036652453046
    endloop
  endfacet
  facet normal 0.0 0.0 0.0
    outer loop
      vertex 0.004504949873357612 0.004999999031097375 0.02624388665855656
      vertex 0.004614666549401152 0.0050000017293131555 0.02621634454429875
      vertex 0.004511798604907141 1.7298243664143343e-09 0.02624233407676945
    endloop
  endfacet
  facet normal 0.0 0.0 0.0
    outer loop
      vertex 0.0046229341124589905 -9.667458913398263e-10 0.026214036652453046
      vertex 0.004722896958978823 0.005000001730119557 0.026183442780382735
      vertex 0.004732518615985621 -9.65929401353094e-10 0.026180234619982343
    endloop
  endfacet
  facet normal 0.0 0.0 0.0
    outer loop
      vertex 0.004614666549401152 0.0050000017293131555 0.02621634454429875
      vertex 0.004722896958978823 0.005000001730119557 0.026183442780382735
      vertex 0.0046229341124589905 -9.667458913398263e-10 0.026214036652453046
    endloop
  endfacet
  facet normal 0.0 0.0 0.0
    outer loop
      vertex 0.004732518615985621 -9.65929401353094e-10 0.026180234619982343
      vertex 0.00482937945445505 0.005000001730912935 0.026145257660753828
      vertex 0.004840285073054883 -9.651264565313512e-10 0.02614100808799992
    endloop
  endfacet
  facet normal 0.0 0.0 0.0
    outer loop
      vertex 0.004722896958978823 0.005000001730119557 0.026183442780382735
      vertex 0.00482937945445505 0.005000001730912935 0.026145257660753828
      vertex 0.004732518615985621 -9.65929401353094e-10 0.026180234619982343
    endloop
  endfacet
  facet normal 0.0 0.0 0.0
    outer loop
      vertex 0.004840285073054883 -9.651264565313512e-10 0.02614100808799992
      vertex 0.004933855085592583 0.00500000173169136 0.026101884552843672
      vertex 0.004945961046437987 1.7330592174680248e-09 0.026096463868029218
    endloop
  endfacet
  facet normal 0.0 0.0 0.0
    outer loop
      vertex 0.00482937945445505 0.005000001730912935 0.026145257660753828
      vertex 0.004933855085592583 0.00500000173169136 0.026101884552843672
      vertex 0.004840285073054883 -9.651264565313512e-10 0.02614100808799992
    endloop
  endfacet
  facet normal 0.0 0.0 0.0
    outer loop
      vertex 0.004945961046437987 1.7330592174680248e-09 0.026096463868029218
      vertex 0.005036072994349104 0.0049999990350546595 0.026053426453478436
      vertex 0.005049284888499433 -9.635692435061572e-10 0.026046704956896406
    endloop
  endfacet
  facet normal 0.0 0.0 0.0
    outer loop
      vertex 0.004933855085592583 0.00500000173169136 0.026101884552843672
      vertex 0.005036072994349104 0.0049999990350546595 0.026053426453478436
      vertex 0.004945961046437987 1.7330592174680248e-09 0.026096463868029218
    endloop
  endfacet
  facet normal 0.0 0.0 0.0
    outer loop
      vertex 0.005036072994349104 0.0049999990350546595 0.026053426453478436
      vertex 0.005135782322682217 0.005000001733195877 0.026000001618273358
      vertex 0.005049284888499433 -9.635692435061572e-10 0.026046704956896406
    endloop
  endfacet
  facet normal 0.0 0.0 0.0
    outer loop
      vertex 0.005049284888499433 -9.635692435061572e-10 0.026046704956896406
      vertex 0.005135782322682217 0.005000001733195877 0.026000001618273358
      vertex 0.005150000346400218 -9.628188344379395e-10 0.02599185723961125
    endloop
  endfacet
  facet normal 0.0 0.0 0.0
    outer loop
      vertex 0.005135782322682217 0.005000001733195877 0.026000001618273358
      vertex 0.005230288369685588 0.005000001733900021 0.025943292328722577
      vertex 0.005150000346400218 -9.628188344379395e-10 0.02599185723961125
    endloop
  endfacet
  facet normal 0.0 0.0 0.0
    outer loop
      vertex 0.005150000346400218 -9.628188344379395e-10 0.02599185723961125
      vertex 0.005230288369685588 0.005000001733900021 0.025943292328722577
      vertex 0.005247856562098024 -9.62089729217297e-10 0.02593206185997258
    endloop
  endfacet
  facet normal 0.0 0.0 0.0
    outer loop
      vertex 0.005247856562098024 -9.62089729217297e-10 0.02593206185997258
      vertex 0.005321970240663963 0.0049999990371848175 0.025882127472765547
      vertex 0.005342610769745427 -9.613837361754917e-10 0.02586745614708195
    endloop
  endfacet
  facet normal 0.0 0.0 0.0
    outer loop
      vertex 0.005230288369685588 0.005000001733900021 0.025943292328722577
      vertex 0.005321970240663963 0.0049999990371848175 0.025882127472765547
      vertex 0.005247856562098024 -9.62089729217297e-10 0.02593206185997258
    endloop
  endfacet
  facet normal 0.0 0.0 0.0
    outer loop
      vertex 0.005321970240663963 0.0049999990371848175 0.025882127472765547
      vertex 0.005410617538549532 0.004999999037845311 0.025816636750109298
      vertex 0.005342610769745427 -9.613837361754917e-10 0.02586745614708195
    endloop
  endfacet
  facet normal 0.0 0.0 0.0
    outer loop
      vertex 0.005342610769745427 -9.613837361754917e-10 0.02586745614708195
      vertex 0.005410617538549532 0.004999999037845311 0.025816636750109298
      vertex 0.005434025598291615 -9.607026236757577e-10 0.025798211762316326
    endloop
  endfacet
  facet normal 0.0 0.0 0.0
    outer loop
      vertex 0.005434025598291615 -9.607026236757577e-10 0.025798211762316326
      vertex 0.005496022563672854 0.004999999038481645 0.025746972748644452
      vertex 0.00552187716367728 1.7373502441131449e-09 0.02572449655235539
    endloop
  endfacet
  facet normal 0.0 0.0 0.0
    outer loop
      vertex 0.005410617538549532 0.004999999037845311 0.025816636750109298
      vertex 0.005496022563672854 0.004999999038481645 0.025746972748644452
      vertex 0.005434025598291615 -9.607026236757577e-10 0.025798211762316326
    endloop
  endfacet
  facet normal 0.0 0.0 0.0
    outer loop
      vertex 0.00552187716367728 1.7373502441131449e-09 0.02572449655235539
      vertex 0.005577993800754279 0.005000001736490699 0.025673299500353436
      vertex 0.0056059442792414736 1.7379766101832673e-09 0.02564649362266789
    endloop
  endfacet
  facet normal 0.0 0.0 0.0
    outer loop
      vertex 0.005496022563672854 0.004999999038481645 0.025746972748644452
      vertex 0.005577993800754279 0.005000001736490699 0.025673299500353436
      vertex 0.00552187716367728 1.7373502441131449e-09 0.02572449655235539
    endloop
  endfacet
  facet normal 0.0 0.0 0.0
    outer loop
      vertex 0.0056059442792414736 1.7379766101832673e-09 0.02564649362266789
      vertex 0.005656342431912514 0.0050000017370744575 0.025595784851915937
      vertex 0.005686019245314714 1.738573231602203e-09 0.025564397522814374
    endloop
  endfacet
  facet normal 0.0 0.0 0.0
    outer loop
      vertex 0.005577993800754279 0.005000001736490699 0.025673299500353436
      vertex 0.005656342431912514 0.0050000017370744575 0.025595784851915937
      vertex 0.0056059442792414736 1.7379766101832673e-09 0.02564649362266789
    endloop
  endfacet
  facet normal 0.0 0.0 0.0
    outer loop
      vertex 0.005686019245314714 1.738573231602203e-09 0.025564397522814374
      vertex 0.0057308877314611265 0.005000001737629879 0.02551460427940617
      vertex 0.005761902454422457 1.739138620671099e-09 0.02547841043174992
    endloop
  endfacet
  facet normal 0.0 0.0 0.0
    outer loop
      vertex 0.005656342431912514 0.0050000017370744575 0.025595784851915937
      vertex 0.0057308877314611265 0.005000001737629879 0.02551460427940617
      vertex 0.005686019245314714 1.738573231602203e-09 0.025564397522814374
    endloop
  endfacet
  facet normal 0.0 0.0 0.0
    outer loop
      vertex 0.005761902454422457 1.739138620671099e-09 0.02547841043174992
      vertex 0.0058014597633069395 0.004999999040757391 0.02542994851768742
      vertex 0.005833405088683371 1.7396713714035172e-09 0.02538874978721867
    endloop
  endfacet
  facet normal 0.0 0.0 0.0
    outer loop
      vertex 0.0057308877314611265 0.005000001737629879 0.02551460427940617
      vertex 0.0058014597633069395 0.004999999040757391 0.02542994851768742
      vertex 0.005761902454422457 1.739138620671099e-09 0.02547841043174992
    endloop
  endfacet
  facet normal 0.0 0.0 0.0
    outer loop
      vertex 0.005833405088683371 1.7396713714035172e-09 0.02538874978721867
      vertex 0.005867891288755022 0.004999999041252358 0.025342004486925702
      vertex 0.0059003491198093465 1.7401701568608985e-09 0.02529563684166203
    endloop
  endfacet
  facet normal 0.0 0.0 0.0
    outer loop
      vertex 0.0058014597633069395 0.004999999040757391 0.02542994851768742
      vertex 0.005867891288755022 0.004999999041252358 0.025342004486925702
      vertex 0.005833405088683371 1.7396713714035172e-09 0.02538874978721867
    endloop
  endfacet
  facet normal 0.0 0.0 0.0
    outer loop
      vertex 0.0059003491198093465 1.7401701568608985e-09 0.02529563684166203
      vertex 0.005930036648296921 0.005000001739113694 0.025250981995470625
      vertex 0.005962570006503818 -9.567645533614665e-10 0.025199300476915938
    endloop
  endfacet
  facet normal 0.0 0.0 0.0
    outer loop
      vertex 0.005867891288755022 0.004999999041252358 0.025342004486925702
      vertex 0.005930036648296921 0.005000001739113694 0.025250981995470625
      vertex 0.0059003491198093465 1.7401701568608985e-09 0.02529563684166203
    endloop
  endfacet
  facet normal 0.0 0.0 0.0
    outer loop
      vertex 0.005962570006503818 -9.567645533614665e-10 0.025199300476915938
      vertex 0.005987750182424223 0.005000001739543705 0.02515708703697453
      vertex 0.00601991129966507 -9.563373155607734e-10 0.025099984833605392
    endloop
  endfacet
  facet normal 0.0 0.0 0.0
    outer loop
      vertex 0.005930036648296921 0.005000001739113694 0.025250981995470625
      vertex 0.005987750182424223 0.005000001739543705 0.02515708703697453
      vertex 0.005962570006503818 -9.567645533614665e-10 0.025199300476915938
    endloop
  endfacet
  facet normal 0.0 0.0 0.0
    outer loop
      vertex 0.00601991129966507 -9.563373155607734e-10 0.025099984833605392
      vertex 0.006040897021221693 0.004999999042541387 0.025060537049181562
      vertex 0.006072230037182978 -9.55947500269616e-10 0.02499793405235539
    endloop
  endfacet
  facet normal 0.0 0.0 0.0
    outer loop
      vertex 0.005987750182424223 0.005000001739543705 0.02515708703697453
      vertex 0.006040897021221693 0.004999999042541387 0.025060537049181562
      vertex 0.00601991129966507 -9.563373155607734e-10 0.025099984833605392
    endloop
  endfacet
  facet normal 0.0 0.0 0.0
    outer loop
      vertex 0.006072230037182978 -9.55947500269616e-10 0.02499793405235539
      vertex 0.0060893611765621665 0.005000001740300788 0.024961549469835857
      vertex 0.006119396743938913 -9.555960711615797e-10 0.024893399903185467
    endloop
  endfacet
  facet normal 0.0 0.0 0.0
    outer loop
      vertex 0.006040897021221693 0.004999999042541387 0.025060537049181562
      vertex 0.0060893611765621665 0.005000001740300788 0.024961549469835857
      vertex 0.006072230037182978 -9.55947500269616e-10 0.02499793405235539
    endloop
  endfacet
  facet normal 0.0 0.0 0.0
    outer loop
      vertex 0.006119396743938913 -9.555960711615797e-10 0.024893399903185467
      vertex 0.006133023962920322 0.004999999043227804 0.02486035318077336
      vertex 0.00616129273440747 -9.552839133064594e-10 0.024786645600206953
    endloop
  endfacet
  facet normal 0.0 0.0 0.0
    outer loop
      vertex 0.0060893611765621665 0.005000001740300788 0.024961549469835857
      vertex 0.006133023962920322 0.004999999043227804 0.02486035318077336
      vertex 0.006119396743938913 -9.555960711615797e-10 0.024893399903185467
    endloop
  endfacet
  facet normal 0.0 0.0 0.0
    outer loop
      vertex 0.00616129273440747 -9.552839133064594e-10 0.024786645600206953
      vertex 0.00617179097135543 0.004999999043516648 0.024757180878527265
      vertex 0.006197818204851355 1.7423865350529865e-09 0.024677938172228436
    endloop
  endfacet
  facet normal 0.0 0.0 0.0
    outer loop
      vertex 0.006133023962920322 0.004999999043227804 0.02486035318077336
      vertex 0.00617179097135543 0.004999999043516648 0.024757180878527265
      vertex 0.00616129273440747 -9.552839133064594e-10 0.024786645600206953
    endloop
  endfacet
  facet normal 0.0 0.0 0.0
    outer loop
      vertex 0.006197818204851355 1.7423865350529865e-09 0.024677938172228436
      vertex 0.0062055704903251335 0.005000001741166637 0.02465227288902531
      vertex 0.006228878746329964 -9.547803441201097e-10 0.02456754083336125
    endloop
  endfacet
  facet normal 0.0 0.0 0.0
    outer loop
      vertex 0.00617179097135543 0.004999999043516648 0.024757180878527265
      vertex 0.0062055704903251335 0.005000001741166637 0.02465227288902531
      vertex 0.006197818204851355 1.7423865350529865e-09 0.024677938172228436
    endloop
  endfacet
  facet normal 0.0 0.0 0.0
    outer loop
      vertex 0.006228878746329964 -9.547803441201097e-10 0.02456754083336125
      vertex 0.0062342842952786545 0.0049999990439822724 0.02454586572349797
      vertex 0.006254396134292399 -9.545902197594102e-10 0.024455735871203046
    endloop
  endfacet
  facet normal 0.0 0.0 0.0
    outer loop
      vertex 0.0062055704903251335 0.005000001741166637 0.02465227288902531
      vertex 0.0062342842952786545 0.0049999990439822724 0.02454586572349797
      vertex 0.006228878746329964 -9.547803441201097e-10 0.02456754083336125
    endloop
  endfacet
  facet normal 0.0 0.0 0.0
    outer loop
      vertex 0.006254396134292399 -9.545902197594102e-10 0.024455735871203046
      vertex 0.006257870346054927 0.004999999044158008 0.024438203522570232
      vertex 0.0062743110259759595 1.742956466266321e-09 0.024342797943956954
    endloop
  endfacet
  facet normal 0.0 0.0 0.0
    outer loop
      vertex 0.0062342842952786545 0.0049999990439822724 0.02454586572349797
      vertex 0.006257870346054927 0.004999999044158008 0.024438203522570232
      vertex 0.006254396134292399 -9.545902197594102e-10 0.024455735871203046
    endloop
  endfacet
  facet normal 0.0 0.0 0.0
    outer loop
      vertex 0.0062743110259759595 1.742956466266321e-09 0.024342797943956954
      vertex 0.006276271997289572 0.004999999044295115 0.024329534241564376
      vertex 0.006288572170812913 -9.543355812269282e-10 0.02422900552452336
    endloop
  endfacet
  facet normal 0.0 0.0 0.0
    outer loop
      vertex 0.006257870346054927 0.004999999044158008 0.024438203522570232
      vertex 0.006276271997289572 0.004999999044295115 0.024329534241564376
      vertex 0.0062743110259759595 1.742956466266321e-09 0.024342797943956954
    endloop
  endfacet
  facet normal 0.0 0.0 0.0
    outer loop
      vertex 0.006288572170812913 -9.543355812269282e-10 0.02422900552452336
      vertex 0.006289443393211388 0.0050000017417915574 0.024220113465197188
      vertex 0.006297141805226916 1.7431265737499757e-09 0.024114644715197187
    endloop
  endfacet
  facet normal 0.0 0.0 0.0
    outer loop
      vertex 0.006276271997289572 0.004999999044295115 0.024329534241564376
      vertex 0.006289443393211388 0.0050000017417915574 0.024220113465197188
      vertex 0.006288572170812913 -9.543355812269282e-10 0.02422900552452336
    endloop
  endfacet
  facet normal 0.0 0.0 0.0
    outer loop
      vertex 0.006297141805226916 1.7431265737499757e-09 0.024114644715197187
      vertex 0.006297360257235695 0.004999999044452239 0.024110181519396406
      vertex 0.006299998350031611 -9.542504475490432e-10 0.02400000161827336
    endloop
  endfacet
  facet normal 0.0 0.0 0.0
    outer loop
      vertex 0.006289443393211388 0.0050000017417915574 0.024220113465197188
      vertex 0.006297360257235695 0.004999999044452239 0.024110181519396406
      vertex 0.006297141805226916 1.7431265737499757e-09 0.024114644715197187
    endloop
  endfacet
  facet normal 0.0 0.0 0.0
    outer loop
      vertex 0.006297360257235695 0.004999999044452239 0.024110181519396406
      vertex 0.006300001010175974 0.0050000017418702185 0.02400000161827336
      vertex 0.006299998350031611 -9.542504475490432e-10 0.02400000161827336
    endloop
  endfacet
  facet normal 0.0 0.0 0.0
    outer loop
      vertex 0.0013372102723677886 0.005000000356194382 0.026000001618273358
      vertex 0.0024220067641780407 0.005000000364276968 0.025673299500353436
      vertex 0.0023436581330198046 0.0050000003636932085 0.025595784851915937
    endloop
  endfacet
  facet normal 0.0 0.0 0.0
    outer loop
      vertex 0.0023436581330198046 0.0050000003636932085 0.025595784851915937
      vertex 0.0022691128334711924 0.005000000363137787 0.02551460427940617
      vertex 0.0013372102723677886 0.005000000356194382 0.026000001618273358
    endloop
  endfacet
  facet normal 0.0 0.0 0.0
    outer loop
      vertex 0.0013372102723677886 0.005000000356194382 0.026000001618273358
      vertex 0.0025039766525603415 0.0049999990161885555 0.025746972748644452
      vertex 0.0024220067641780407 0.005000000364276968 0.025673299500353436
    endloop
  endfacet
  facet normal 0.0 0.0 0.0
    outer loop
      vertex 0.0022691128334711924 0.005000000363137787 0.02551460427940617
      vertex 0.0021985421503245414 0.005000001711311133 0.02542994851768742
      vertex 0.0013372102723677886 0.005000000356194382 0.026000001618273358
    endloop
  endfacet
  facet normal 0.0 0.0 0.0
    outer loop
      vertex 0.0013372102723677886 0.005000000356194382 0.026000001618273358
      vertex 0.0025893843750819496 0.005000001714223215 0.025816636750109298
      vertex 0.0025039766525603415 0.0049999990161885555 0.025746972748644452
    endloop
  endfacet
  facet normal 0.0 0.0 0.0
    outer loop
      vertex 0.0021985421503245414 0.005000001711311133 0.02542994851768742
      vertex 0.002132107927478174 0.004999999013417842 0.025342004486925702
      vertex 0.0013372102723677886 0.005000000356194382 0.026000001618273358
    endloop
  endfacet
  facet normal 0.0 0.0 0.0
    outer loop
      vertex 0.0013372102723677886 0.005000000356194382 0.026000001618273358
      vertex 0.002678028975569234 0.004999999017485381 0.025882127472765547
      vertex 0.0025893843750819496 0.005000001714223215 0.025816636750109298
    endloop
  endfacet
  facet normal 0.0 0.0 0.0
    outer loop
      vertex 0.002132107927478174 0.004999999013417842 0.025342004486925702
      vertex 0.002069963916635397 0.0050000003616539725 0.025250981995470625
      vertex 0.0013372102723677886 0.005000000356194382 0.026000001618273358
    endloop
  endfacet
  facet normal 0.0 0.0 0.0
    outer loop
      vertex 0.0013372102723677886 0.005000000356194382 0.026000001618273358
      vertex 0.00276971219524673 0.005000000366867646 0.025943292328722577
      vertex 0.002678028975569234 0.004999999017485381 0.025882127472765547
    endloop
  endfacet
  facet normal 0.0 0.0 0.0
    outer loop
      vertex 0.002069963916635397 0.0050000003616539725 0.025250981995470625
      vertex 0.0020122503825080952 0.005000000361223961 0.02515708703697453
      vertex 0.0013372102723677886 0.005000000356194382 0.026000001618273358
    endloop
  endfacet
  facet normal 0.0 0.0 0.0
    outer loop
      vertex 0.0013372102723677886 0.005000000356194382 0.026000001618273358
      vertex 0.002864218242250102 0.00500000036757179 0.026000001618273358
      vertex 0.00276971219524673 0.005000000366867646 0.025943292328722577
    endloop
  endfacet
  facet normal 0.0 0.0 0.0
    outer loop
      vertex 0.0020122503825080952 0.005000000361223961 0.02515708703697453
      vertex 0.0019591008463123415 0.005000000360827955 0.025060537049181562
      vertex 0.0013372102723677886 0.005000000356194382 0.026000001618273358
    endloop
  endfacet
  facet normal 0.0 0.0 0.0
    outer loop
      vertex 0.0019591008463123415 0.005000000360827955 0.025060537049181562
      vertex 0.001910639388370151 0.0050000003604668795 0.024961549469835857
      vertex 0.0013372102723677886 0.005000000356194382 0.026000001618273358
    endloop
  endfacet
  facet normal 0.0 0.0 0.0
    outer loop
      vertex 0.001910639388370151 0.0050000003604668795 0.024961549469835857
      vertex 0.0018669752533128751 0.004999999011442395 0.02486035318077336
      vertex 0.0013372102723677886 0.005000000356194382 0.026000001618273358
    endloop
  endfacet
  facet normal 0.0 0.0 0.0
    outer loop
      vertex 0.0018669752533128751 0.004999999011442395 0.02486035318077336
      vertex 0.0018282082448777665 0.00499999901115355 0.024757180878527265
      vertex 0.0013372102723677886 0.005000000356194382 0.026000001618273358
    endloop
  endfacet
  facet normal 0.0 0.0 0.0
    outer loop
      vertex 0.0018282082448777665 0.00499999901115355 0.024757180878527265
      vertex 0.0017944300746071855 0.005000000359601028 0.02465227288902531
      vertex 0.0013372102723677886 0.005000000356194382 0.026000001618273358
    endloop
  endfacet
  facet normal 0.0 0.0 0.0
    outer loop
      vertex 0.0017944300746071855 0.005000000359601028 0.02465227288902531
      vertex 0.0017657135722553789 0.005000000359387068 0.02454586572349797
      vertex 0.0013372102723677886 0.005000000356194382 0.026000001618273358
    endloop
  endfacet
  facet normal 0.0 0.0 0.0
    outer loop
      vertex 0.0017657135722553789 0.005000000359387068 0.02454586572349797
      vertex 0.001742128870178269 0.004999999010512191 0.024438203522570232
      vertex 0.0013372102723677886 0.005000000356194382 0.026000001618273358
    endloop
  endfacet
  facet normal 0.0 0.0 0.0
    outer loop
      vertex 0.001742128870178269 0.004999999010512191 0.024438203522570232
      vertex 0.0017237312650410716 0.005000000359074267 0.024329534241564376
      vertex 0.0013372102723677886 0.005000000356194382 0.026000001618273358
    endloop
  endfacet
  facet normal 0.0 0.0 0.0
    outer loop
      vertex 0.0017237312650410716 0.005000000359074267 0.024329534241564376
      vertex 0.0017105571717209301 0.00500000035897611 0.024220113465197188
      vertex 0.0013372102723677886 0.005000000356194382 0.026000001618273358
    endloop
  endfacet
  facet normal 0.0 0.0 0.0
    outer loop
      vertex 0.0017105571717209301 0.00500000035897611 0.024220113465197188
      vertex 0.0017026416563957862 0.0050000017076162855 0.024110181519396406
      vertex 0.0013372102723677886 0.005000000356194382 0.026000001618273358
    endloop
  endfacet
  facet normal 0.0 0.0 0.0
    outer loop
      vertex 0.0017026416563957862 0.0050000017076162855 0.024110181519396406
      vertex 0.0016999995547563452 0.0050000003588974475 0.02400000161827336
      vertex 0.0013372102723677886 0.005000000356194382 0.026000001618273358
    endloop
  endfacet
  facet normal 0.0 0.0 0.0
    outer loop
      vertex 0.0017028655404550958 0.004999999010219649 0.018885221192247968
      vertex 0.0013372102723677886 0.005000000356194382 0.01700000161827336
      vertex 0.0016999995547563452 0.0050000003588974475 0.01900000161827336
    endloop
  endfacet
  facet normal 0.0 0.0 0.0
    outer loop
      vertex 0.0017114567540555366 0.005000001707681965 0.018770730683214765
      vertex 0.0013372102723677886 0.005000000356194382 0.01700000161827336
      vertex 0.0017028655404550958 0.004999999010219649 0.018885221192247968
    endloop
  endfacet
  facet normal 0.0 0.0 0.0
    outer loop
      vertex 0.001725748918972985 0.005000000359089301 0.01865680856407414
      vertex 0.0013372102723677886 0.005000000356194382 0.01700000161827336
      vertex 0.0017114567540555366 0.005000001707681965 0.018770730683214765
    endloop
  endfacet
  facet normal 0.0 0.0 0.0
    outer loop
      vertex 0.0017457096664277442 0.005000000359238023 0.018543740937121016
      vertex 0.0013372102723677886 0.005000000356194382 0.01700000161827336
      vertex 0.001725748918972985 0.005000000359089301 0.01865680856407414
    endloop
  endfacet
  facet normal 0.0 0.0 0.0
    outer loop
      vertex 0.0017712863971528835 0.00500000035942859 0.01843181390465031
      vertex 0.0013372102723677886 0.005000000356194382 0.01700000161827336
      vertex 0.0017457096664277442 0.005000000359238023 0.018543740937121016
    endloop
  endfacet
  facet normal 0.0 0.0 0.0
    outer loop
      vertex 0.0018024197683856986 0.005000000359660558 0.01832129831016789
      vertex 0.0013372102723677886 0.005000000356194382 0.01700000161827336
      vertex 0.0017712863971528835 0.00500000035942859 0.01843181390465031
    endloop
  endfacet
  facet normal 0.0 0.0 0.0
    outer loop
      vertex 0.0018390275094778868 0.0050000017086324665 0.018212476441271407
      vertex 0.0013372102723677886 0.005000000356194382 0.01700000161827336
      vertex 0.0018024197683856986 0.005000000359660558 0.01832129831016789
    endloop
  endfacet
  facet normal 0.0 0.0 0.0
    outer loop
      vertex 0.0016999995547563452 0.0050000003588974475 0.01900000161827336
      vertex 0.0013372102723677886 0.005000000356194382 0.01700000161827336
      vertex 0.0016999995547563452 0.0050000003588974475 0.02400000161827336
    endloop
  endfacet
  facet normal 0.0 0.0 0.0
    outer loop
      vertex 0.0016999995547563452 0.0050000003588974475 0.02400000161827336
      vertex 0.0013372102723677886 0.005000000356194382 0.01700000161827336
      vertex 0.0013372102723677886 0.005000000356194382 0.026000001618273358
    endloop
  endfacet
  facet normal 0.0 0.0 0.0
    outer loop
      vertex 0.0018810179088871283 0.0049999990115470235 0.018105615326769454
      vertex 0.0014718050529755702 0.005000000357197219 0.017066495606310468
      vertex 0.0018390275094778868 0.0050000017086324665 0.018212476441271407
    endloop
  endfacet
  facet normal 0.0 0.0 0.0
    outer loop
      vertex 0.0019282925115752523 0.0049999990118992565 0.01800098581016789
      vertex 0.0014718050529755702 0.005000000357197219 0.017066495606310468
      vertex 0.0018810179088871283 0.0049999990115470235 0.018105615326769454
    endloop
  endfacet
  facet normal 0.0 0.0 0.0
    outer loop
      vertex 0.0018390275094778868 0.0050000017086324665 0.018212476441271407
      vertex 0.0014718050529755702 0.005000000357197219 0.017066495606310468
      vertex 0.0013372102723677886 0.005000000356194382 0.01700000161827336
    endloop
  endfacet
  facet normal 0.0 0.0 0.0
    outer loop
      vertex 0.0019807285859194034 0.005000000360989099 0.017898843476183514
      vertex 0.0014718050529755702 0.005000000357197219 0.017066495606310468
      vertex 0.0019282925115752523 0.0049999990118992565 0.01800098581016789
    endloop
  endfacet
  facet normal 0.0 0.0 0.0
    outer loop
      vertex 0.0020381953081018357 0.004999999012718119 0.01779944772423039
      vertex 0.0014718050529755702 0.005000000357197219 0.017066495606310468
      vertex 0.0019807285859194034 0.005000000360989099 0.017898843476183514
    endloop
  endfacet
  facet normal 0.0 0.0 0.0
    outer loop
      vertex 0.0021005524134106637 0.005000000361881881 0.017703042694933516
      vertex 0.0014718050529755702 0.005000000357197219 0.017066495606310468
      vertex 0.0020381953081018357 0.004999999012718119 0.01779944772423039
    endloop
  endfacet
  facet normal 0.0 0.0 0.0
    outer loop
      vertex 0.0014718050529755702 0.005000000357197219 0.017066495606310468
      vertex 0.0014680246492515471 0.004999999008469899 0.017008489319689374
      vertex 0.0013372102723677886 0.005000000356194382 0.01700000161827336
    endloop
  endfacet
  facet normal 0.0 0.0 0.0
    outer loop
      vertex 0.0021005524134106637 0.005000000361881881 0.017703042694933516
      vertex 0.0021676421040450924 0.0050000003623817514 0.017609868714220624
      vertex 0.0014718050529755702 0.005000000357197219 0.017066495606310468
    endloop
  endfacet
  facet normal 0.0 0.0 0.0
    outer loop
      vertex 0.0021676421040450924 0.0050000003623817514 0.017609868714220624
      vertex 0.0022392971413102316 0.0049999990142164845 0.017520158478624922
      vertex 0.0014718050529755702 0.005000000357197219 0.017066495606310468
    endloop
  endfacet
  facet normal 0.0 0.0 0.0
    outer loop
      vertex 0.0022392971413102316 0.0049999990142164845 0.017520158478624922
      vertex 0.002315342194316256 0.004999999014783081 0.017434137055285077
      vertex 0.0014718050529755702 0.005000000357197219 0.017066495606310468
    endloop
  endfacet
  facet normal 0.0 0.0 0.0
    outer loop
      vertex 0.002315342194316256 0.004999999014783081 0.017434137055285077
      vertex 0.002395583050385226 0.00500000036408009 0.017352018067247968
      vertex 0.0014718050529755702 0.005000000357197219 0.017066495606310468
    endloop
  endfacet
  facet normal 0.0 0.0 0.0
    outer loop
      vertex 0.002754385578079441 0.005000000366753451 0.017066495606310468
      vertex 0.0014718050529755702 0.005000000357197219 0.017066495606310468
      vertex 0.002659447947347317 0.00500000036604609 0.01713106317222844
    endloop
  endfacet
  facet normal 0.0 0.0 0.0
    outer loop
      vertex 0.002659447947347317 0.00500000036604609 0.01713106317222844
      vertex 0.0014718050529755702 0.005000000357197219 0.017066495606310468
      vertex 0.002567851044415572 0.00499999901666447 0.017200292298204998
    endloop
  endfacet
  facet normal 0.0 0.0 0.0
    outer loop
      vertex 0.002567851044415572 0.00499999901666447 0.017200292298204998
      vertex 0.0014718050529755702 0.005000000357197219 0.017066495606310468
      vertex 0.00247982279944092 0.005000000364707742 0.01727400369346867
    endloop
  endfacet
  facet normal 0.0 0.0 0.0
    outer loop
      vertex 0.00247982279944092 0.005000000364707742 0.01727400369346867
      vertex 0.0014718050529755702 0.005000000357197219 0.017066495606310468
      vertex 0.002395583050385226 0.00500000036408009 0.017352018067247968
    endloop
  endfacet
  facet normal 0.0 0.0 0.0
    outer loop
      vertex 0.0013372089274183807 0.004496731918796336 0.016935643860705
      vertex 0.002907051581214984 0.004652997609080616 0.016976274201281172
      vertex 0.0029858803504357575 0.004496731931080232 0.016935643860705
    endloop
  endfacet
  facet normal 0.0 0.0 0.0
    outer loop
      vertex 0.0014718050529755702 0.005000000357197219 0.017066495606310468
      vertex 0.002829849343085704 0.004820837823218574 0.01701991433799992
      vertex 0.0013372089274183807 0.004496731918796336 0.016935643860705
    endloop
  endfacet
  facet normal 0.0 0.0 0.0
    outer loop
      vertex 0.0013372089274183807 0.004496731918796336 0.016935643860705
      vertex 0.002829849343085704 0.004820837823218574 0.01701991433799992
      vertex 0.002907051581214984 0.004652997609080616 0.016976274201281172
    endloop
  endfacet
  facet normal 0.0 0.0 0.0
    outer loop
      vertex 0.0014718050529755702 0.005000000357197219 0.017066495606310468
      vertex 0.002754385578079441 0.005000000366753451 0.017066495606310468
      vertex 0.002829849343085704 0.004820837823218574 0.01701991433799992
    endloop
  endfacet
  facet normal 0.0 0.0 0.0
    outer loop
      vertex 0.007000198252163036 0.02559407539590397 0.022354459473497967
      vertex 0.007138558596949549 0.026111420207385962 0.020499044129259687
      vertex 0.007034134219289013 0.025720963709808083 0.020397527405626874
    endloop
  endfacet
  facet normal 0.0 0.0 0.0
    outer loop
      vertex 0.00705778096086835 0.02580938307771309 0.022410440155871014
      vertex 0.007138558596949549 0.026111420207385962 0.020499044129259687
      vertex 0.007000198252163036 0.02559407539590397 0.022354459473497967
    endloop
  endfacet
  facet normal 0.0 0.0 0.0
    outer loop
      vertex 0.007034134219289013 0.025720963709808083 0.020397527405626874
      vertex 0.007138558596949549 0.026111420207385962 0.020499044129259687
      vertex 0.006993650313635003 0.02615017507644902 0.020499044129259687
    endloop
  endfacet
  facet normal 0.0 0.0 0.0
    outer loop
      vertex 0.007138558596949549 0.026111420207385962 0.020499044129259687
      vertex 0.00705778096086835 0.02580938307771309 0.022410440155871014
      vertex 0.006993650313635003 0.02615017507644902 0.020499044129259687
    endloop
  endfacet
  facet normal 0.0 0.0 0.0
    outer loop
      vertex 0.006993650313635003 0.02615017507644902 0.020499044129259687
      vertex 0.00705778096086835 0.02580938307771309 0.022410440155871014
      vertex 0.006912465370421186 0.02584660852193435 0.022420118042833906
    endloop
  endfacet
  facet normal 0.0 0.0 0.0
    outer loop
      vertex 0.028713886563549045 0.005000001908871251 0.01700000161827336
      vertex 0.030400885199258737 0.021081413174545597 0.021181165406115157
      vertex 0.00895379587127778 0.004999999064244767 0.01700000161827336
    endloop
  endfacet
  facet normal 0.0 0.0 0.0
    outer loop
      vertex 0.00895379587127778 0.004999999064244767 0.01700000161827336
      vertex 0.030400885199258737 0.021081413174545597 0.021181165406115157
      vertex 0.007000198252163036 0.02559407539590397 0.022354459473497967
    endloop
  endfacet
  facet normal 0.0 0.0 0.0
    outer loop
      vertex 0.007000198252163036 0.02559407539590397 0.022354459473497967
      vertex 0.028683200805111247 0.025846607335444253 0.022420118042833906
      vertex 0.00705778096086835 0.02580938307771309 0.022410440155871014
    endloop
  endfacet
  facet normal 0.0 0.0 0.0
    outer loop
      vertex 0.030400885199258737 0.021081413174545597 0.021181165406115157
      vertex 0.028683200805111247 0.025846607335444253 0.022420118042833906
      vertex 0.007000198252163036 0.02559407539590397 0.022354459473497967
    endloop
  endfacet
  facet normal 0.0 0.0 0.0
    outer loop
      vertex 0.028683200805111247 0.025846607335444253 0.022420118042833906
      vertex 0.006912465370421186 0.02584660852193435 0.022420118042833906
      vertex 0.00705778096086835 0.02580938307771309 0.022410440155871014
    endloop
  endfacet
  facet normal 0.0 0.0 0.0
    outer loop
      vertex 0.008999999610588673 0.004496731975890139 0.016935643860705
      vertex 0.00895379587127778 0.004999999064244767 0.01700000161827336
      vertex 0.00899999960683892 0.005000001761987327 0.015000001618273359
    endloop
  endfacet
  facet normal 0.0 0.0 0.0
    outer loop
      vertex 0.008999999610588673 0.004496731975890139 0.016935643860705
      vertex 0.008952258354244102 0.004999999064233313 0.017066495606310468
      vertex 0.00895379587127778 0.004999999064244767 0.01700000161827336
    endloop
  endfacet
  facet normal 0.0 0.0 0.0
    outer loop
      vertex 0.00895379587127778 0.004999999064244767 0.01700000161827336
      vertex 0.007034134219289013 0.025720963709808083 0.020397527405626874
      vertex 0.00899999960683892 0.005000001761987327 0.015000001618273359
    endloop
  endfacet
  facet normal 0.0 0.0 0.0
    outer loop
      vertex 0.00895379587127778 0.004999999064244767 0.01700000161827336
      vertex 0.007000198252163036 0.02559407539590397 0.022354459473497967
      vertex 0.007034134219289013 0.025720963709808083 0.020397527405626874
    endloop
  endfacet
  facet normal 0.0 0.0 0.0
    outer loop
      vertex 0.006993650313635003 0.02615017507644902 0.020499044129259687
      vertex 0.00899999960683892 0.005000001761987327 0.015000001618273359
      vertex 0.007034134219289013 0.025720963709808083 0.020397527405626874
    endloop
  endfacet
  facet normal 0.0 0.0 0.0
    outer loop
      vertex 0.008023256658747778 0.030000000399622386 0.021500001618273357
      vertex 0.027186046260020136 0.0300000005424002 0.021500001618273357
      vertex 0.006993650313635003 0.02615017507644902 0.020499044129259687
    endloop
  endfacet
  facet normal 0.0 0.0 0.0
    outer loop
      vertex 0.006993650313635003 0.02615017507644902 0.020499044129259687
      vertex 0.030361308970514162 0.02119120807484512 0.019209714600451094
      vertex 0.00899999960683892 0.005000001761987327 0.015000001618273359
    endloop
  endfacet
  facet normal 0.0 0.0 0.0
    outer loop
      vertex 0.027186046260020136 0.0300000005424002 0.021500001618273357
      vertex 0.030361308970514162 0.02119120807484512 0.019209714600451094
      vertex 0.006993650313635003 0.02615017507644902 0.020499044129259687
    endloop
  endfacet
  facet normal 0.0 0.0 0.0
    outer loop
      vertex 0.030361308970514162 0.02119120807484512 0.019209714600451094
      vertex 0.028662789747463186 0.004999999211092233 0.015000001618273359
      vertex 0.00899999960683892 0.005000001761987327 0.015000001618273359
    endloop
  endfacet
  facet normal 0.0 0.0 0.0
    outer loop
      vertex 0.030361308970514162 0.02119120807484512 0.019209714600451094
      vertex 0.028713886563549045 0.005000001908871251 0.01700000161827336
      vertex 0.028662789747463186 0.004999999211092233 0.015000001618273359
    endloop
  endfacet
  facet normal 0.0 0.0 0.0
    outer loop
      vertex 0.028715585924481004 0.005000001908883911 0.017066495606310468
      vertex 0.028662792448611227 0.004496732122393371 0.016935643860705
      vertex 0.028713886563549045 0.005000001908871251 0.01700000161827336
    endloop
  endfacet
  facet normal 0.0 0.0 0.0
    outer loop
      vertex 0.028713886563549045 0.005000001908871251 0.01700000161827336
      vertex 0.028662792448611227 0.004496732122393371 0.016935643860705
      vertex 0.028662789747463186 0.004999999211092233 0.015000001618273359
    endloop
  endfacet
  facet normal 0.0 0.0 0.0
    outer loop
      vertex 0.030400885199258737 0.021081413174545597 0.021181165406115157
      vertex 0.028713886563549045 0.005000001908871251 0.01700000161827336
      vertex 0.030361308970514162 0.02119120807484512 0.019209714600451094
    endloop
  endfacet
  facet normal 0.0 0.0 0.0
    outer loop
      vertex 0.006912465370421186 0.02584660852193435 0.022420118042833906
      vertex 0.003630946965374388 0.005199997621887143 0.02596565408409367
      vertex 0.0013372102723677886 0.005000000356194382 0.026000001618273358
    endloop
  endfacet
  facet normal 0.0 0.0 0.0
    outer loop
      vertex 0.0013372102723677886 0.005000000356194382 0.026000001618273358
      vertex 0.003630946965374388 0.005199997621887143 0.02596565408409367
      vertex 0.002864218242250102 0.00500000036757179 0.026000001618273358
    endloop
  endfacet
  facet normal 0.0 0.0 0.0
    outer loop
      vertex 0.003630946965374388 0.005199997621887143 0.02596565408409367
      vertex 0.0036613898028786352 0.005168130558542273 0.025971128174669844
      vertex 0.002864218242250102 0.00500000036757179 0.026000001618273358
    endloop
  endfacet
  facet normal 0.0 0.0 0.0
    outer loop
      vertex 0.0036613898028786352 0.005168130558542273 0.025971128174669844
      vertex 0.0036919135623115643 0.005139009446672188 0.025976129242785077
      vertex 0.002864218242250102 0.00500000036757179 0.026000001618273358
    endloop
  endfacet
  facet normal 0.0 0.0 0.0
    outer loop
      vertex 0.0036919135623115643 0.005139009446672188 0.025976129242785077
      vertex 0.0037194486043836575 0.005115153656270604 0.02598022622764836
      vertex 0.002864218242250102 0.00500000036757179 0.026000001618273358
    endloop
  endfacet
  facet normal 0.0 0.0 0.0
    outer loop
      vertex 0.0037194486043836575 0.005115153656270604 0.02598022622764836
      vertex 0.003744278155924124 0.005095594821348243 0.025983583161242108
      vertex 0.002864218242250102 0.00500000036757179 0.026000001618273358
    endloop
  endfacet
  facet normal 0.0 0.0 0.0
    outer loop
      vertex 0.003744278155924124 0.005095594821348243 0.025983583161242108
      vertex 0.0037691481684256753 0.005077845940688637 0.025986631104357342
      vertex 0.002864218242250102 0.00500000036757179 0.026000001618273358
    endloop
  endfacet
  facet normal 0.0 0.0 0.0
    outer loop
      vertex 0.0037691481684256753 0.005077845940688637 0.025986631104357342
      vertex 0.003791558153648543 0.005063425649518698 0.02598911065758
      vertex 0.002864218242250102 0.00500000036757179 0.026000001618273358
    endloop
  endfacet
  facet normal 0.0 0.0 0.0
    outer loop
      vertex 0.003791558153648543 0.005063425649518698 0.02598911065758
      vertex 0.0038117535748431355 0.00505170545403526 0.025991121003038985
      vertex 0.002864218242250102 0.00500000036757179 0.026000001618273358
    endloop
  endfacet
  facet normal 0.0 0.0 0.0
    outer loop
      vertex 0.0038117535748431355 0.00505170545403526 0.025991121003038985
      vertex 0.0038319651804186727 0.005041177508602619 0.02599292916954289
      vertex 0.002864218242250102 0.00500000036757179 0.026000001618273358
    endloop
  endfacet
  facet normal 0.0 0.0 0.0
    outer loop
      vertex 0.0038319651804186727 0.005041177508602619 0.02599292916954289
      vertex 0.003852198365171725 0.005031847208017424 0.025994531342394454
      vertex 0.002864218242250102 0.00500000036757179 0.026000001618273358
    endloop
  endfacet
  facet normal 0.0 0.0 0.0
    outer loop
      vertex 0.003852198365171725 0.005031847208017424 0.025994531342394454
      vertex 0.003870419290774922 0.005024469823789838 0.02599579782188664
      vertex 0.002864218242250102 0.00500000036757179 0.026000001618273358
    endloop
  endfacet
  facet normal 0.0 0.0 0.0
    outer loop
      vertex 0.003870419290774922 0.005024469823789838 0.02599579782188664
      vertex 0.0038868275647056657 0.005018662325362079 0.025996797272570232
      vertex 0.002864218242250102 0.00500000036757179 0.026000001618273358
    endloop
  endfacet
  facet normal 0.0 0.0 0.0
    outer loop
      vertex 0.0038868275647056657 0.005018662325362079 0.025996797272570232
      vertex 0.0039032412334271903 0.005013637072442723 0.025997659394152266
      vertex 0.002864218242250102 0.00500000036757179 0.026000001618273358
    endloop
  endfacet
  facet normal 0.0 0.0 0.0
    outer loop
      vertex 0.0039032412334271903 0.005013637072442723 0.025997659394152266
      vertex 0.003919665691736065 0.005009399459828419 0.02599838800133
      vertex 0.002864218242250102 0.00500000036757179 0.026000001618273358
    endloop
  endfacet
  facet normal 0.0 0.0 0.0
    outer loop
      vertex 0.003919665691736065 0.005009399459828419 0.02599838800133
      vertex 0.003936092847437397 0.005005946790120802 0.02599897927940617
      vertex 0.002864218242250102 0.00500000036757179 0.026000001618273358
    endloop
  endfacet
  facet normal 0.0 0.0 0.0
    outer loop
      vertex 0.003936092847437397 0.005005946790120802 0.02599897927940617
      vertex 0.003952525397929468 0.005003281760718195 0.025999437043078045
      vertex 0.002864218242250102 0.00500000036757179 0.026000001618273358
    endloop
  endfacet
  facet normal 0.0 0.0 0.0
    outer loop
      vertex 0.003952525397929468 0.005003281760718195 0.025999437043078045
      vertex 0.003968960645813997 0.005001401674222278 0.025999761292345623
      vertex 0.002864218242250102 0.00500000036757179 0.026000001618273358
    endloop
  endfacet
  facet normal 0.0 0.0 0.0
    outer loop
      vertex 0.003968960645813997 0.005001401674222278 0.025999761292345623
      vertex 0.003984478778268737 0.005000352386397372 0.02599994058311711
      vertex 0.002864218242250102 0.00500000036757179 0.026000001618273358
    endloop
  endfacet
  facet normal 0.0 0.0 0.0
    outer loop
      vertex 0.003984478778268737 0.005000352386397372 0.02599994058311711
      vertex 0.0039999996081165785 0.005000001724733404 0.026000001618273358
      vertex 0.002864218242250102 0.00500000036757179 0.026000001618273358
    endloop
  endfacet
  facet normal 0.0 0.0 0.0
    outer loop
      vertex 0.006912465370421186 0.02584660852193435 0.022420118042833906
      vertex 0.0043690549452768 0.005200000324784931 0.02596565408409367
      vertex 0.003630946965374388 0.005199997621887143 0.02596565408409367
    endloop
  endfacet
  facet normal 0.0 0.0 0.0
    outer loop
      vertex 0.0040154664899931395 0.0050003469918316465 0.02599994058311711
      vertex 0.005135782322682217 0.005000001733195877 0.026000001618273358
      vertex 0.0039999996081165785 0.005000001724733404 0.026000001618273358
    endloop
  endfacet
  facet normal 0.0 0.0 0.0
    outer loop
      vertex 0.004030930674466191 0.005001390885090784 0.025999761292345623
      vertex 0.005135782322682217 0.005000001733195877 0.026000001618273358
      vertex 0.0040154664899931395 0.0050003469918316465 0.02599994058311711
    endloop
  endfacet
  facet normal 0.0 0.0 0.0
    outer loop
      vertex 0.004046392161535731 0.005003133404510819 0.025999463745958906
      vertex 0.005135782322682217 0.005000001733195877 0.026000001618273358
      vertex 0.004030930674466191 0.005001390885090784 0.025999761292345623
    endloop
  endfacet
  facet normal 0.0 0.0 0.0
    outer loop
      vertex 0.0040618536486000875 0.005005571852693466 0.02599904412925969
      vertex 0.005135782322682217 0.005000001733195877 0.026000001618273358
      vertex 0.004046392161535731 0.005003133404510819 0.025999463745958906
    endloop
  endfacet
  facet normal 0.0 0.0 0.0
    outer loop
      vertex 0.004077309740862649 0.005008706229638684 0.025998506256945234
      vertex 0.005135782322682217 0.005000001733195877 0.026000001618273358
      vertex 0.0040618536486000875 0.005005571852693466 0.02599904412925969
    endloop
  endfacet
  facet normal 0.0 0.0 0.0
    outer loop
      vertex 0.004092763135721741 0.00501253383794819 0.02599784631431828
      vertex 0.005135782322682217 0.005000001733195877 0.026000001618273358
      vertex 0.004077309740862649 0.005008706229638684 0.025998506256945234
    endloop
  endfacet
  facet normal 0.0 0.0 0.0
    outer loop
      vertex 0.004108208438380714 0.00501706007241855 0.025997071930773358
      vertex 0.005135782322682217 0.005000001733195877 0.026000001618273358
      vertex 0.004092763135721741 0.00501253383794819 0.02599784631431828
    endloop
  endfacet
  facet normal 0.0 0.0 0.0
    outer loop
      vertex 0.004123648346237931 0.0050222768408548744 0.025996175476915937
      vertex 0.005135782322682217 0.005000001733195877 0.026000001618273358
      vertex 0.004108208438380714 0.00501706007241855 0.025997071930773358
    endloop
  endfacet
  facet normal 0.0 0.0 0.0
    outer loop
      vertex 0.004139080161895029 0.0050281922354520545 0.025995156952746016
      vertex 0.005135782322682217 0.005000001733195877 0.026000001618273358
      vertex 0.004123648346237931 0.0050222768408548744 0.025996175476915937
    endloop
  endfacet
  facet normal 0.0 0.0 0.0
    outer loop
      vertex 0.004154503885352009 0.005034806256210091 0.025994023987658123
      vertex 0.005135782322682217 0.005000001733195877 0.026000001618273358
      vertex 0.004139080161895029 0.0050281922354520545 0.025995156952746016
    endloop
  endfacet
  facet normal 0.0 0.0 0.0
    outer loop
      vertex 0.0041699195166089486 0.005042108113535765 0.025992768952257734
      vertex 0.005135782322682217 0.005000001733195877 0.026000001618273358
      vertex 0.004154503885352009 0.005034806256210091 0.025994023987658123
    endloop
  endfacet
  facet normal 0.0 0.0 0.0
    outer loop
      vertex 0.004185324358267485 0.005050105899623969 0.02599139566124211
      vertex 0.005135782322682217 0.005000001733195877 0.026000001618273358
      vertex 0.0041699195166089486 0.005042108113535765 0.025992768952257734
    endloop
  endfacet
  facet normal 0.0 0.0 0.0
    outer loop
      vertex 0.004200718410327617 0.005058799614474707 0.02598990411461125
      vertex 0.005135782322682217 0.005000001733195877 0.026000001618273358
      vertex 0.004185324358267485 0.005050105899623969 0.02599139566124211
    endloop
  endfacet
  facet normal 0.0 0.0 0.0
    outer loop
      vertex 0.004216098975391061 0.005068186560689651 0.02598829049766789
      vertex 0.005135782322682217 0.005000001733195877 0.026000001618273358
      vertex 0.004200718410327617 0.005058799614474707 0.02598990411461125
    endloop
  endfacet
  facet normal 0.0 0.0 0.0
    outer loop
      vertex 0.004231466053457855 0.005078261343472191 0.02598656243980656
      vertex 0.005135782322682217 0.005000001733195877 0.026000001618273358
      vertex 0.004216098975391061 0.005068186560689651 0.02598829049766789
    endloop
  endfacet
  facet normal 0.0 0.0 0.0
    outer loop
      vertex 0.004246822341926246 0.005089032055017264 0.025984712311632734
      vertex 0.005135782322682217 0.005000001733195877 0.026000001618273358
      vertex 0.004231466053457855 0.005078261343472191 0.02598656243980656
    endloop
  endfacet
  facet normal 0.0 0.0 0.0
    outer loop
      vertex 0.004262165143397989 0.005100490603129933 0.025982743927843673
      vertex 0.005135782322682217 0.005000001733195877 0.026000001618273358
      vertex 0.004246822341926246 0.005089032055017264 0.025984712311632734
    endloop
  endfacet
  facet normal 0.0 0.0 0.0
    outer loop
      vertex 0.004277489063076434 0.00511264238260677 0.025980657288439374
      vertex 0.005135782322682217 0.005000001733195877 0.026000001618273358
      vertex 0.004262165143397989 0.005100490603129933 0.025982743927843673
    endloop
  endfacet
  facet normal 0.0 0.0 0.0
    outer loop
      vertex 0.004297894881122782 0.005129913824103785 0.025977689453966717
      vertex 0.005135782322682217 0.005000001733195877 0.026000001618273358
      vertex 0.004277489063076434 0.00511264238260677 0.025980657288439374
    endloop
  endfacet
  facet normal 0.0 0.0 0.0
    outer loop
      vertex 0.004320814674362098 0.005150810568941044 0.02597410363853703
      vertex 0.005135782322682217 0.005000001733195877 0.026000001618273358
      vertex 0.004297894881122782 0.005129913824103785 0.025977689453966717
    endloop
  endfacet
  facet normal 0.0 0.0 0.0
    outer loop
      vertex 0.004343688611818716 0.0051732529230065554 0.025970246979601482
      vertex 0.005135782322682217 0.005000001733195877 0.026000001618273358
      vertex 0.004320814674362098 0.005150810568941044 0.02597410363853703
    endloop
  endfacet
  facet normal 0.0 0.0 0.0
    outer loop
      vertex 0.004356377173346137 0.00518638925284497 0.0259679924935175
      vertex 0.005135782322682217 0.005000001733195877 0.026000001618273358
      vertex 0.004343688611818716 0.0051732529230065554 0.025970246979601482
    endloop
  endfacet
  facet normal 0.0 0.0 0.0
    outer loop
      vertex 0.0043690549452768 0.005200000324784931 0.02596565408409367
      vertex 0.005135782322682217 0.005000001733195877 0.026000001618273358
      vertex 0.004356377173346137 0.00518638925284497 0.0259679924935175
    endloop
  endfacet
  facet normal 0.0 0.0 0.0
    outer loop
      vertex 0.006912465370421186 0.02584660852193435 0.022420118042833906
      vertex 0.005135782322682217 0.005000001733195877 0.026000001618273358
      vertex 0.0043690549452768 0.005200000324784931 0.02596565408409367
    endloop
  endfacet
  facet normal 0.0 0.0 0.0
    outer loop
      vertex 0.006912465370421186 0.02584660852193435 0.022420118042833906
      vertex 0.028683200805111247 0.025846607335444253 0.022420118042833906
      vertex 0.005135782322682217 0.005000001733195877 0.026000001618273358
    endloop
  endfacet
  facet normal 0.0 0.0 0.0
    outer loop
      vertex 0.028683200805111247 0.025846607335444253 0.022420118042833906
      vertex 0.03286421958328331 0.00499999924239618 0.026000001618273358
      vertex 0.005135782322682217 0.005000001733195877 0.026000001618273358
    endloop
  endfacet
  facet normal 0.0 0.0 0.0
    outer loop
      vertex 0.028683200805111247 0.025846607335444253 0.022420118042833906
      vertex 0.03365953128776681 0.005170000079077115 0.025970807740099532
      vertex 0.03286421958328331 0.00499999924239618 0.026000001618273358
    endloop
  endfacet
  facet normal 0.0 0.0 0.0
    outer loop
      vertex 0.03365953128776681 0.005170000079077115 0.025970807740099532
      vertex 0.03368765975749009 0.005142902015917708 0.025975461670763592
      vertex 0.03286421958328331 0.00499999924239618 0.026000001618273358
    endloop
  endfacet
  facet normal 0.0 0.0 0.0
    outer loop
      vertex 0.03368765975749009 0.005142902015917708 0.025975461670763592
      vertex 0.03371585026735697 0.005118142597088934 0.0259797112435175
      vertex 0.03286421958328331 0.00499999924239618 0.026000001618273358
    endloop
  endfacet
  facet normal 0.0 0.0 0.0
    outer loop
      vertex 0.03371585026735697 0.005118142597088934 0.0259797112435175
      vertex 0.033741273246529854 0.005097860859425335 0.025983194062121014
      vertex 0.03286421958328331 0.00499999924239618 0.026000001618273358
    endloop
  endfacet
  facet normal 0.0 0.0 0.0
    outer loop
      vertex 0.033741273246529854 0.005097860859425335 0.025983194062121014
      vertex 0.03376419034265044 0.005081234096445931 0.025986051270372967
      vertex 0.03286421958328331 0.00499999924239618 0.026000001618273358
    endloop
  endfacet
  facet normal 0.0 0.0 0.0
    outer loop
      vertex 0.03376419034265044 0.005081234096445931 0.025986051270372967
      vertex 0.03378713980753919 0.005066150245297056 0.025988641449816326
      vertex 0.03286421958328331 0.00499999924239618 0.026000001618273358
    endloop
  endfacet
  facet normal 0.0 0.0 0.0
    outer loop
      vertex 0.03378713980753919 0.005066150245297056 0.025988641449816326
      vertex 0.033807815365636006 0.005053895964952869 0.025990747162706954
      vertex 0.03286421958328331 0.00499999924239618 0.026000001618273358
    endloop
  endfacet
  facet normal 0.0 0.0 0.0
    outer loop
      vertex 0.033807815365636006 0.005053895964952869 0.025990747162706954
      vertex 0.03382644629580076 0.005043934473152435 0.02599245614708195
      vertex 0.03286421958328331 0.00499999924239618 0.026000001618273358
    endloop
  endfacet
  facet normal 0.0 0.0 0.0
    outer loop
      vertex 0.03382644629580076 0.005043934473152435 0.02599245614708195
      vertex 0.03384508801555119 0.0050349872031146495 0.02599399347008
      vertex 0.03286421958328331 0.00499999924239618 0.026000001618273358
    endloop
  endfacet
  facet normal 0.0 0.0 0.0
    outer loop
      vertex 0.03384508801555119 0.0050349872031146495 0.02599399347008
      vertex 0.03386374591968385 0.005027059549636162 0.025995355317003827
      vertex 0.03286421958328331 0.00499999924239618 0.026000001618273358
    endloop
  endfacet
  facet normal 0.0 0.0 0.0
    outer loop
      vertex 0.03386374591968385 0.005027059549636162 0.025995355317003827
      vertex 0.03388241461340217 0.005020146117920317 0.025996541687853435
      vertex 0.03286421958328331 0.00499999924239618 0.026000001618273358
    endloop
  endfacet
  facet normal 0.0 0.0 0.0
    outer loop
      vertex 0.03388241461340217 0.005020146117920317 0.025996541687853435
      vertex 0.033899224799676914 0.005014794479809048 0.02599746102989445
      vertex 0.03286421958328331 0.00499999924239618 0.026000001618273358
    endloop
  endfacet
  facet normal 0.0 0.0 0.0
    outer loop
      vertex 0.033899224799676914 0.005014794479809048 0.02599746102989445
      vertex 0.03391435990159522 0.005010680947507153 0.025998166748888593
      vertex 0.03286421958328331 0.00499999924239618 0.026000001618273358
    endloop
  endfacet
  facet normal 0.0 0.0 0.0
    outer loop
      vertex 0.03391435990159522 0.005010680947507153 0.025998166748888593
      vertex 0.033929500398305154 0.005007236369984861 0.025998758026964764
      vertex 0.03286421958328331 0.00499999924239618 0.026000001618273358
    endloop
  endfacet
  facet normal 0.0 0.0 0.0
    outer loop
      vertex 0.033929500398305154 0.005007236369984861 0.025998758026964764
      vertex 0.03394464359240838 0.005004463444640462 0.025999234864122967
      vertex 0.03286421958328331 0.00499999924239618 0.026000001618273358
    endloop
  endfacet
  facet normal 0.0 0.0 0.0
    outer loop
      vertex 0.03394464359240838 0.005004463444640462 0.025999234864122967
      vertex 0.03395979218130328 0.00500235407927906 0.025999597260363203
      vertex 0.03286421958328331 0.00499999924239618 0.026000001618273358
    endloop
  endfacet
  facet normal 0.0 0.0 0.0
    outer loop
      vertex 0.03395979218130328 0.00500235407927906 0.025999597260363203
      vertex 0.03397494077019319 0.005000913668697219 0.025999845215685467
      vertex 0.03286421958328331 0.00499999924239618 0.026000001618273358
    endloop
  endfacet
  facet normal 0.0 0.0 0.0
    outer loop
      vertex 0.03397494077019319 0.005000913668697219 0.025999845215685467
      vertex 0.033987472882721914 0.005000228529621202 0.025999959656603438
      vertex 0.03286421958328331 0.00499999924239618 0.026000001618273358
    endloop
  endfacet
  facet normal 0.0 0.0 0.0
    outer loop
      vertex 0.033987472882721914 0.005000228529621202 0.025999959656603438
      vertex 0.03400000229784895 0.004999999250858656 0.026000001618273358
      vertex 0.03286421958328331 0.00499999924239618 0.026000001618273358
    endloop
  endfacet
  facet normal 0.0 0.0 0.0
    outer loop
      vertex 0.028683200805111247 0.025846607335444253 0.022420118042833906
      vertex 0.0343404733053978 0.00517000008415067 0.025970807740099532
      vertex 0.03365953128776681 0.005170000079077115 0.025970807740099532
    endloop
  endfacet
  facet normal 0.0 0.0 0.0
    outer loop
      vertex 0.034014255350488756 0.005000295964778368 0.02599994821251164
      vertex 0.03513578231501626 0.005000001956719411 0.026000001618273358
      vertex 0.03400000229784895 0.004999999250858656 0.026000001618273358
    endloop
  endfacet
  facet normal 0.0 0.0 0.0
    outer loop
      vertex 0.03402851110052246 0.005001183408926829 0.025999795624621014
      vertex 0.03513578231501626 0.005000001956719411 0.026000001618273358
      vertex 0.034014255350488756 0.005000295964778368 0.02599994821251164
    endloop
  endfacet
  facet normal 0.0 0.0 0.0
    outer loop
      vertex 0.03404276415315347 0.005002661583304003 0.025999543854601483
      vertex 0.03513578231501626 0.005000001956719411 0.026000001618273358
      vertex 0.03402851110052246 0.005001183408926829 0.025999795624621014
    endloop
  endfacet
  facet normal 0.0 0.0 0.0
    outer loop
      vertex 0.034057017205780055 0.005004733185308206 0.02599918908775578
      vertex 0.03513578231501626 0.005000001956719411 0.026000001618273358
      vertex 0.03404276415315347 0.005002661583304003 0.025999543854601483
    endloop
  endfacet
  facet normal 0.0 0.0 0.0
    outer loop
      vertex 0.034071262166207324 0.005007395517541077 0.025998731324083906
      vertex 0.03513578231501626 0.005000001956719411 0.026000001618273358
      vertex 0.034057017205780055 0.005004733185308206 0.02599918908775578
    endloop
  endfacet
  facet normal 0.0 0.0 0.0
    outer loop
      vertex 0.034085509824028505 0.005010648580002698 0.02599817056358586
      vertex 0.03513578231501626 0.005000001956719411 0.026000001618273358
      vertex 0.034071262166207324 0.005007395517541077 0.025998731324083906
    endloop
  endfacet
  facet normal 0.0 0.0 0.0
    outer loop
      vertex 0.03409974938965035 0.0050144923726929864 0.025997510620958907
      vertex 0.03513578231501626 0.005000001956719411 0.026000001618273358
      vertex 0.034085509824028505 0.005010648580002698 0.02599817056358586
    endloop
  endfacet
  facet normal 0.0 0.0 0.0
    outer loop
      vertex 0.034113983560471184 0.005018929593010269 0.025996751496203046
      vertex 0.03513578231501626 0.005000001956719411 0.026000001618273358
      vertex 0.03409974938965035 0.0050144923726929864 0.025997510620958907
    endloop
  endfacet
  facet normal 0.0 0.0 0.0
    outer loop
      vertex 0.034128215033889304 0.005023957543556261 0.02599588555992375
      vertex 0.03513578231501626 0.005000001956719411 0.026000001618273358
      vertex 0.034113983560471184 0.005018929593010269 0.025996751496203046
    endloop
  endfacet
  facet normal 0.0 0.0 0.0
    outer loop
      vertex 0.03414243571770983 0.005029573526932596 0.025994920441515548
      vertex 0.03513578231501626 0.005000001956719411 0.026000001618273358
      vertex 0.034128215033889304 0.005023957543556261 0.02599588555992375
    endloop
  endfacet
  facet normal 0.0 0.0 0.0
    outer loop
      vertex 0.03415665370412764 0.00503578024053764 0.025993856140978436
      vertex 0.03513578231501626 0.005000001956719411 0.026000001618273358
      vertex 0.03414243571770983 0.005029573526932596 0.025994920441515548
    endloop
  endfacet
  facet normal 0.0 0.0 0.0
    outer loop
      vertex 0.034170860900947814 0.0050425803817696355 0.025992688843615157
      vertex 0.03513578231501626 0.005000001956719411 0.026000001618273358
      vertex 0.03415665370412764 0.00503578024053764 0.025993856140978436
    endloop
  endfacet
  facet normal 0.0 0.0 0.0
    outer loop
      vertex 0.034185060005568715 0.005049965858433692 0.0259914185494257
      vertex 0.03513578231501626 0.005000001956719411 0.026000001618273358
      vertex 0.034170860900947814 0.0050425803817696355 0.025992688843615157
    endloop
  endfacet
  facet normal 0.0 0.0 0.0
    outer loop
      vertex 0.03419924832059201 0.005057939367928089 0.025990049073107344
      vertex 0.03513578231501626 0.005000001956719411 0.026000001618273358
      vertex 0.034185060005568715 0.005049965858433692 0.0259914185494257
    endloop
  endfacet
  facet normal 0.0 0.0 0.0
    outer loop
      vertex 0.034213428543416 0.0050665036076511585 0.025988580414660078
      vertex 0.03513578231501626 0.005000001956719411 0.026000001618273358
      vertex 0.03419924832059201 0.005057939367928089 0.025990049073107344
    endloop
  endfacet
  facet normal 0.0 0.0 0.0
    outer loop
      vertex 0.03422759797664238 0.005075655880204568 0.02598700875938664
      vertex 0.03513578231501626 0.005000001956719411 0.026000001618273358
      vertex 0.034213428543416 0.0050665036076511585 0.025988580414660078
    endloop
  endfacet
  facet normal 0.0 0.0 0.0
    outer loop
      vertex 0.034241753922872833 0.005085398882986608 0.025985334107287032
      vertex 0.03513578231501626 0.005000001956719411 0.026000001618273358
      vertex 0.03422759797664238 0.005075655880204568 0.02598700875938664
    endloop
  endfacet
  facet normal 0.0 0.0 0.0
    outer loop
      vertex 0.03425590177690402 0.005095727221200706 0.025983560273058516
      vertex 0.03513578231501626 0.005000001956719411 0.026000001618273358
      vertex 0.034241753922872833 0.005085398882986608 0.025985334107287032
    endloop
  endfacet
  facet normal 0.0 0.0 0.0
    outer loop
      vertex 0.034274740406554614 0.005110411857711839 0.025981038758165938
      vertex 0.03513578231501626 0.005000001956719411 0.026000001618273358
      vertex 0.03425590177690402 0.005095727221200706 0.025983560273058516
    endloop
  endfacet
  facet normal 0.0 0.0 0.0
    outer loop
      vertex 0.034295904193520896 0.005128176923104263 0.025977990815050703
      vertex 0.03513578231501626 0.005000001956719411 0.026000001618273358
      vertex 0.034274740406554614 0.005110411857711839 0.025981038758165938
    endloop
  endfacet
  facet normal 0.0 0.0 0.0
    outer loop
      vertex 0.03431703561169772 0.005147258318869138 0.02597471399009953
      vertex 0.03513578231501626 0.005000001956719411 0.026000001618273358
      vertex 0.034295904193520896 0.005128176923104263 0.025977990815050703
    endloop
  endfacet
  facet normal 0.0 0.0 0.0
    outer loop
      vertex 0.034328758504646735 0.005158425547937927 0.025972795197374922
      vertex 0.03513578231501626 0.005000001956719411 0.026000001618273358
      vertex 0.03431703561169772 0.005147258318869138 0.02597471399009953
    endloop
  endfacet
  facet normal 0.0 0.0 0.0
    outer loop
      vertex 0.0343404733053978 0.00517000008415067 0.025970807740099532
      vertex 0.03513578231501626 0.005000001956719411 0.026000001618273358
      vertex 0.034328758504646735 0.005158425547937927 0.025972795197374922
    endloop
  endfacet
  facet normal 0.0 0.0 0.0
    outer loop
      vertex 0.0343404733053978 0.00517000008415067 0.025970807740099532
      vertex 0.03619767519782135 0.004999999267233042 0.026000001618273358
      vertex 0.03513578231501626 0.005000001956719411 0.026000001618273358
    endloop
  endfacet
  facet normal 0.0 0.0 0.0
    outer loop
      vertex 0.028683200805111247 0.025846607335444253 0.022420118042833906
      vertex 0.03619767519782135 0.004999999267233042 0.026000001618273358
      vertex 0.0343404733053978 0.00517000008415067 0.025970807740099532
    endloop
  endfacet
  facet normal 0.0 0.0 0.0
    outer loop
      vertex 0.011499999323070295 0.042999999612985444 -2.890752739403979e-10
      vertex 0.017680506923298877 0.04300000033338465 0.013775689789660078
      vertex 0.017743173555063187 0.042999999659501985 0.013711438843615156
    endloop
  endfacet
  facet normal 0.0 0.0 0.0
    outer loop
      vertex 0.017743173555063187 0.042999999659501985 0.013711438843615156
      vertex 0.017808965797113052 0.04299999965999219 0.013650392243273359
      vertex 0.011499999323070295 0.042999999612985444 -2.890752739403979e-10
    endloop
  endfacet
  facet normal 0.0 0.0 0.0
    outer loop
      vertex 0.011499999323070295 0.042999999612985444 -2.890752739403979e-10
      vertex 0.017621121002222667 0.04300000033294218 0.013842981049425702
      vertex 0.017680506923298877 0.04300000033338465 0.013775689789660078
    endloop
  endfacet
  facet normal 0.0 0.0 0.0
    outer loop
      vertex 0.017808965797113052 0.04299999965999219 0.013650392243273359
      vertex 0.017877719108151904 0.04300000033485404 0.013592702576525312
      vertex 0.011499999323070295 0.042999999612985444 -2.890752739403979e-10
    endloop
  endfacet
  facet normal 0.0 0.0 0.0
    outer loop
      vertex 0.011499999323070295 0.042999999612985444 -2.890752739403979e-10
      vertex 0.017565161451343 0.04299999965817565 0.013913152405626874
      vertex 0.017621121002222667 0.04300000033294218 0.013842981049425702
    endloop
  endfacet
  facet normal 0.0 0.0 0.0
    outer loop
      vertex 0.017877719108151904 0.04300000033485404 0.013592702576525312
      vertex 0.017949262203387384 0.04300000033538708 0.013538510987169843
      vertex 0.011499999323070295 0.042999999612985444 -2.890752739403979e-10
    endloop
  endfacet
  facet normal 0.0 0.0 0.0
    outer loop
      vertex 0.011499999323070295 0.042999999612985444 -2.890752739403979e-10
      vertex 0.017512769884070863 0.0429999996577853 0.013986024567492109
      vertex 0.017565161451343 0.04299999965817565 0.013913152405626874
    endloop
  endfacet
  facet normal 0.0 0.0 0.0
    outer loop
      vertex 0.017949262203387384 0.04300000033538708 0.013538510987169843
      vertex 0.0180234170545314 0.04299999966159002 0.013487954804308516
      vertex 0.011499999323070295 0.042999999612985444 -2.890752739403979e-10
    endloop
  endfacet
  facet normal 0.0 0.0 0.0
    outer loop
      vertex 0.011499999323070295 0.042999999612985444 -2.890752739403979e-10
      vertex 0.017464076449874473 0.042999999657422495 0.014061418244249922
      vertex 0.017512769884070863 0.0429999996577853 0.013986024567492109
    endloop
  endfacet
  facet normal 0.0 0.0 0.0
    outer loop
      vertex 0.0180234170545314 0.04299999966159002 0.013487954804308516
      vertex 0.01810000091284878 0.043000000336510205 0.013441156098253828
      vertex 0.011499999323070295 0.042999999612985444 -2.890752739403979e-10
    endloop
  endfacet
  facet normal 0.0 0.0 0.0
    outer loop
      vertex 0.011499999323070295 0.042999999612985444 -2.890752739403979e-10
      vertex 0.017419201857327943 0.04300000033143772 0.014139142701037031
      vertex 0.017464076449874473 0.042999999657422495 0.014061418244249922
    endloop
  endfacet
  facet normal 0.0 0.0 0.0
    outer loop
      vertex 0.01810000091284878 0.043000000336510205 0.013441156098253828
      vertex 0.018178821588710335 0.043000000337097485 0.01339822930992375
      vertex 0.011499999323070295 0.042999999612985444 -2.890752739403979e-10
    endloop
  endfacet
  facet normal 0.0 0.0 0.0
    outer loop
      vertex 0.011499999323070295 0.042999999612985444 -2.890752739403979e-10
      vertex 0.01737825602541222 0.04299999965678306 0.014219011017687421
      vertex 0.017419201857327943 0.04300000033143772 0.014139142701037031
    endloop
  endfacet
  facet normal 0.0 0.0 0.0
    outer loop
      vertex 0.018178821588710335 0.043000000337097485 0.01339822930992375
      vertex 0.018259684195088555 0.043000000337699976 0.013359288880236249
      vertex 0.011499999323070295 0.042999999612985444 -2.890752739403979e-10
    endloop
  endfacet
  facet normal 0.0 0.0 0.0
    outer loop
      vertex 0.011499999323070295 0.042999999612985444 -2.890752739403979e-10
      vertex 0.01734134212961244 0.04299999965650803 0.01430081720054875
      vertex 0.01737825602541222 0.04299999965678306 0.014219011017687421
    endloop
  endfacet
  facet normal 0.0 0.0 0.0
    outer loop
      vertex 0.018259684195088555 0.043000000337699976 0.013359288880236249
      vertex 0.018342387101460148 0.0429999996639666 0.013324426361925703
      vertex 0.011499999323070295 0.042999999612985444 -2.890752739403979e-10
    endloop
  endfacet
  facet normal 0.0 0.0 0.0
    outer loop
      vertex 0.011499999323070295 0.042999999612985444 -2.890752739403979e-10
      vertex 0.017308552555820544 0.04299999965626373 0.014384362885363202
      vertex 0.01734134212961244 0.04299999965650803 0.01430081720054875
    endloop
  endfacet
  facet normal 0.0 0.0 0.0
    outer loop
      vertex 0.018342387101460148 0.0429999996639666 0.013324426361925703
      vertex 0.01842672395685481 0.04299999966459497 0.013293729493029219
      vertex 0.011499999323070295 0.042999999612985444 -2.890752739403979e-10
    endloop
  endfacet
  facet normal 0.0 0.0 0.0
    outer loop
      vertex 0.011499999323070295 0.042999999612985444 -2.890752739403979e-10
      vertex 0.01727996822598567 0.042999999656050746 0.014469442078478436
      vertex 0.017308552555820544 0.04299999965626373 0.014384362885363202
    endloop
  endfacet
  facet normal 0.0 0.0 0.0
    outer loop
      vertex 0.01842672395685481 0.04299999966459497 0.013293729493029219
      vertex 0.01851248773595266 0.04299999966523398 0.01326727456749211
      vertex 0.011499999323070295 0.042999999612985444 -2.890752739403979e-10
    endloop
  endfacet
  facet normal 0.0 0.0 0.0
    outer loop
      vertex 0.011499999323070295 0.042999999612985444 -2.890752739403979e-10
      vertex 0.01725566129551246 0.04300000033021922 0.014555837342150312
      vertex 0.01727996822598567 0.042999999656050746 0.014469442078478436
    endloop
  endfacet
  facet normal 0.0 0.0 0.0
    outer loop
      vertex 0.011499999323070295 0.042999999612985444 -2.890752739403979e-10
      vertex 0.01859946264688932 0.04299999966588201 0.013245130249865155
      vertex 0.022500000399218765 0.04299999969494408 -2.890752739403979e-10
    endloop
  endfacet
  facet normal 0.0 0.0 0.0
    outer loop
      vertex 0.01851248773595266 0.04299999966523398 0.01326727456749211
      vertex 0.01859946264688932 0.04299999966588201 0.013245130249865155
      vertex 0.011499999323070295 0.042999999612985444 -2.890752739403979e-10
    endloop
  endfacet
  facet normal 0.0 0.0 0.0
    outer loop
      vertex 0.011499999323070295 0.042999999612985444 -2.890752739403979e-10
      vertex 0.01723568975846448 0.04300000033007041 0.014643335053331952
      vertex 0.01725566129551246 0.04300000033021922 0.014555837342150312
    endloop
  endfacet
  facet normal 0.0 0.0 0.0
    outer loop
      vertex 0.01859946264688932 0.04299999966588201 0.013245130249865155
      vertex 0.018687432897800407 0.04299999966653746 0.013227346131212812
      vertex 0.022500000399218765 0.04299999969494408 -2.890752739403979e-10
    endloop
  endfacet
  facet normal 0.0 0.0 0.0
    outer loop
      vertex 0.011499999323070295 0.042999999612985444 -2.890752739403979e-10
      vertex 0.01722010419105994 0.04300000032995429 0.01473172540367375
      vertex 0.01723568975846448 0.04300000033007041 0.014643335053331952
    endloop
  endfacet
  facet normal 0.0 0.0 0.0
    outer loop
      vertex 0.018687432897800407 0.04299999966653746 0.013227346131212812
      vertex 0.01877618134812239 0.043000001015897855 0.013213967987902265
      vertex 0.022500000399218765 0.04299999969494408 -2.890752739403979e-10
    endloop
  endfacet
  facet normal 0.0 0.0 0.0
    outer loop
      vertex 0.01877618134812239 0.043000001015897855 0.013213967987902265
      vertex 0.01886548546249517 0.04299999966786409 0.013205033966906171
      vertex 0.022500000399218765 0.04299999969494408 -2.890752739403979e-10
    endloop
  endfacet
  facet normal 0.0 0.0 0.0
    outer loop
      vertex 0.01886548546249517 0.04299999966786409 0.013205033966906171
      vertex 0.018955125402956866 0.04299999966853198 0.013200559327013594
      vertex 0.022500000399218765 0.04299999969494408 -2.890752739403979e-10
    endloop
  endfacet
  facet normal 0.0 0.0 0.0
    outer loop
      vertex 0.018955125402956866 0.04299999966853198 0.013200559327013594
      vertex 0.019044875936749056 0.04299999966920069 0.013200559327013594
      vertex 0.022500000399218765 0.04299999969494408 -2.890752739403979e-10
    endloop
  endfacet
  facet normal 0.0 0.0 0.0
    outer loop
      vertex 0.019044875936749056 0.04299999966920069 0.013200559327013594
      vertex 0.01913451317981245 0.04299999966986856 0.013205033966906171
      vertex 0.022500000399218765 0.04299999969494408 -2.890752739403979e-10
    endloop
  endfacet
  facet normal 0.0 0.0 0.0
    outer loop
      vertex 0.01913451317981245 0.04299999966986856 0.013205033966906171
      vertex 0.019223818642884364 0.04299999967053395 0.013213967987902265
      vertex 0.022500000399218765 0.04299999969494408 -2.890752739403979e-10
    endloop
  endfacet
  facet normal 0.0 0.0 0.0
    outer loop
      vertex 0.019223818642884364 0.04299999967053395 0.013213967987902265
      vertex 0.019312565744507203 0.042999999671195194 0.013227346131212812
      vertex 0.022500000399218765 0.04299999969494408 -2.890752739403979e-10
    endloop
  endfacet
  facet normal 0.0 0.0 0.0
    outer loop
      vertex 0.019312565744507203 0.042999999671195194 0.013227346131212812
      vertex 0.019400538692816605 0.04299999967185066 0.013245130249865155
      vertex 0.022500000399218765 0.04299999969494408 -2.890752739403979e-10
    endloop
  endfacet
  facet normal 0.0 0.0 0.0
    outer loop
      vertex 0.019400538692816605 0.04299999967185066 0.013245130249865155
      vertex 0.019487513603753257 0.042999999672498686 0.01326727456749211
      vertex 0.022500000399218765 0.04299999969494408 -2.890752739403979e-10
    endloop
  endfacet
  facet normal 0.0 0.0 0.0
    outer loop
      vertex 0.019487513603753257 0.042999999672498686 0.01326727456749211
      vertex 0.019573276034151946 0.043000001021836834 0.013293729493029219
      vertex 0.022500000399218765 0.04299999969494408 -2.890752739403979e-10
    endloop
  endfacet
  facet normal 0.0 0.0 0.0
    outer loop
      vertex 0.019573276034151946 0.043000001021836834 0.013293729493029219
      vertex 0.01965761423824577 0.042999999673766075 0.013324426361925703
      vertex 0.022500000399218765 0.04299999969494408 -2.890752739403979e-10
    endloop
  endfacet
  facet normal 0.0 0.0 0.0
    outer loop
      vertex 0.01965761423824577 0.042999999673766075 0.013324426361925703
      vertex 0.01974031647026779 0.04299999967438227 0.013359288880236249
      vertex 0.022500000399218765 0.04299999969494408 -2.890752739403979e-10
    endloop
  endfacet
  facet normal 0.0 0.0 0.0
    outer loop
      vertex 0.01974031647026779 0.04299999967438227 0.013359288880236249
      vertex 0.019821179076646 0.04299999967498476 0.01339822930992375
      vertex 0.022500000399218765 0.04299999969494408 -2.890752739403979e-10
    endloop
  endfacet
  facet normal 0.0 0.0 0.0
    outer loop
      vertex 0.019821179076646 0.04299999967498476 0.01339822930992375
      vertex 0.019899999752507558 0.04299999967557203 0.013441156098253828
      vertex 0.022500000399218765 0.04299999969494408 -2.890752739403979e-10
    endloop
  endfacet
  facet normal 0.0 0.0 0.0
    outer loop
      vertex 0.019899999752507558 0.04299999967557203 0.013441156098253828
      vertex 0.019976583610824952 0.04299999900179307 0.013487954804308516
      vertex 0.022500000399218765 0.04299999969494408 -2.890752739403979e-10
    endloop
  endfacet
  facet normal 0.0 0.0 0.0
    outer loop
      vertex 0.019976583610824952 0.04299999900179307 0.013487954804308516
      vertex 0.020050738461968955 0.042999999676695155 0.013538510987169843
      vertex 0.022500000399218765 0.04299999969494408 -2.890752739403979e-10
    endloop
  endfacet
  facet normal 0.0 0.0 0.0
    outer loop
      vertex 0.020050738461968955 0.042999999676695155 0.013538510987169843
      vertex 0.020122281557204438 0.04299999967722821 0.013592702576525312
      vertex 0.022500000399218765 0.04299999969494408 -2.890752739403979e-10
    endloop
  endfacet
  facet normal 0.0 0.0 0.0
    outer loop
      vertex 0.020122281557204438 0.04299999967722821 0.013592702576525312
      vertex 0.020191033519544127 0.04300000035209004 0.013650392243273359
      vertex 0.022500000399218765 0.04299999969494408 -2.890752739403979e-10
    endloop
  endfacet
  facet normal 0.0 0.0 0.0
    outer loop
      vertex 0.020191033519544127 0.04300000035209004 0.013650392243273359
      vertex 0.020256825761594002 0.043000000352580246 0.013711438843615156
      vertex 0.022500000399218765 0.04299999969494408 -2.890752739403979e-10
    endloop
  endfacet
  facet normal 0.0 0.0 0.0
    outer loop
      vertex 0.020256825761594002 0.043000000352580246 0.013711438843615156
      vertex 0.02031949374205746 0.042999999678697595 0.013775689789660078
      vertex 0.022500000399218765 0.04299999969494408 -2.890752739403979e-10
    endloop
  endfacet
  facet normal 0.0 0.0 0.0
    outer loop
      vertex 0.02031949374205746 0.042999999678697595 0.013775689789660078
      vertex 0.020378879663133672 0.04299999967914007 0.013842981049425702
      vertex 0.022500000399218765 0.04299999969494408 -2.890752739403979e-10
    endloop
  endfacet
  facet normal 0.0 0.0 0.0
    outer loop
      vertex 0.020378879663133672 0.04299999967914007 0.013842981049425702
      vertex 0.020434837865314186 0.043000000353906574 0.013913152405626874
      vertex 0.022500000399218765 0.04299999969494408 -2.890752739403979e-10
    endloop
  endfacet
  facet normal 0.0 0.0 0.0
    outer loop
      vertex 0.020434837865314186 0.043000000353906574 0.013913152405626874
      vertex 0.02048722943258632 0.04300000035429693 0.013986024567492109
      vertex 0.022500000399218765 0.04299999969494408 -2.890752739403979e-10
    endloop
  endfacet
  facet normal 0.0 0.0 0.0
    outer loop
      vertex 0.02048722943258632 0.04300000035429693 0.013986024567492109
      vertex 0.020535922866782717 0.04300000035465974 0.014061418244249922
      vertex 0.022500000399218765 0.04299999969494408 -2.890752739403979e-10
    endloop
  endfacet
  facet normal 0.0 0.0 0.0
    outer loop
      vertex 0.020535922866782717 0.04300000035465974 0.014061418244249922
      vertex 0.02058079880802839 0.042999999680644524 0.014139142701037031
      vertex 0.022500000399218765 0.04299999969494408 -2.890752739403979e-10
    endloop
  endfacet
  facet normal 0.0 0.0 0.0
    outer loop
      vertex 0.02058079880802839 0.042999999680644524 0.014139142701037031
      vertex 0.02062174329124496 0.04300000035529916 0.014219011017687421
      vertex 0.022500000399218765 0.04299999969494408 -2.890752739403979e-10
    endloop
  endfacet
  facet normal 0.0 0.0 0.0
    outer loop
      vertex 0.02062174329124496 0.04300000035529916 0.014219011017687421
      vertex 0.020658657187044745 0.0430000003555742 0.01430081720054875
      vertex 0.022500000399218765 0.04299999969494408 -2.890752739403979e-10
    endloop
  endfacet
  facet normal 0.0 0.0 0.0
    outer loop
      vertex 0.020658657187044745 0.0430000003555742 0.01430081720054875
      vertex 0.020691446760836646 0.04300000035581852 0.014384362885363202
      vertex 0.022500000399218765 0.04299999969494408 -2.890752739403979e-10
    endloop
  endfacet
  facet normal 0.0 0.0 0.0
    outer loop
      vertex 0.020691446760836646 0.04300000035581852 0.014384362885363202
      vertex 0.02072003109067152 0.043000000356031486 0.014469442078478436
      vertex 0.022500000399218765 0.04299999969494408 -2.890752739403979e-10
    endloop
  endfacet
  facet normal 0.0 0.0 0.0
    outer loop
      vertex 0.02072003109067152 0.043000000356031486 0.014469442078478436
      vertex 0.020744339369843882 0.04299999968186303 0.014555837342150312
      vertex 0.022500000399218765 0.04299999969494408 -2.890752739403979e-10
    endloop
  endfacet
  facet normal 0.0 0.0 0.0
    outer loop
      vertex 0.020744339369843882 0.04299999968186303 0.014555837342150312
      vertex 0.020764310906891858 0.04299999968201183 0.014643335053331952
      vertex 0.022500000399218765 0.04299999969494408 -2.890752739403979e-10
    endloop
  endfacet
  facet normal 0.0 0.0 0.0
    outer loop
      vertex 0.01722010419105994 0.04300000032995429 0.01473172540367375
      vertex 0.011499999323070295 0.042999999612985444 0.02500000161827336
      vertex 0.01720894505427341 0.04300000032987114 0.014820779511339765
    endloop
  endfacet
  facet normal 0.0 0.0 0.0
    outer loop
      vertex 0.01720894505427341 0.04300000032987114 0.014820779511339765
      vertex 0.011499999323070295 0.042999999612985444 0.02500000161827336
      vertex 0.017202237299039205 0.04299999965547159 0.014910276123888594
    endloop
  endfacet
  facet normal 0.0 0.0 0.0
    outer loop
      vertex 0.017202237299039205 0.04299999965547159 0.014910276123888594
      vertex 0.011499999323070295 0.042999999612985444 0.02500000161827336
      vertex 0.01720000048149503 0.0430000003298045 0.015000001618273359
    endloop
  endfacet
  facet normal 0.0 0.0 0.0
    outer loop
      vertex 0.01720000048149503 0.0430000003298045 0.015000001618273359
      vertex 0.011499999323070295 0.042999999612985444 0.02500000161827336
      vertex 0.017202237299039205 0.04299999965547159 0.015089723297960858
    endloop
  endfacet
  facet normal 0.0 0.0 0.0
    outer loop
      vertex 0.017202237299039205 0.04299999965547159 0.015089723297960858
      vertex 0.011499999323070295 0.042999999612985444 0.02500000161827336
      vertex 0.01720894505427341 0.04300000032987114 0.015179223725206952
    endloop
  endfacet
  facet normal 0.0 0.0 0.0
    outer loop
      vertex 0.01720894505427341 0.04300000032987114 0.015179223725206952
      vertex 0.011499999323070295 0.042999999612985444 0.02500000161827336
      vertex 0.01722010419105994 0.04300000032995429 0.015268277832872969
    endloop
  endfacet
  facet normal 0.0 0.0 0.0
    outer loop
      vertex 0.01722010419105994 0.04300000032995429 0.015268277832872969
      vertex 0.011499999323070295 0.042999999612985444 0.02500000161827336
      vertex 0.01723568975846448 0.04300000033007041 0.0153566643685175
    endloop
  endfacet
  facet normal 0.0 0.0 0.0
    outer loop
      vertex 0.01723568975846448 0.04300000033007041 0.0153566643685175
      vertex 0.011499999323070295 0.042999999612985444 0.02500000161827336
      vertex 0.01725566129551246 0.04300000033021922 0.01544416207969914
    endloop
  endfacet
  facet normal 0.0 0.0 0.0
    outer loop
      vertex 0.01725566129551246 0.04300000033021922 0.01544416207969914
      vertex 0.011499999323070295 0.042999999612985444 0.02500000161827336
      vertex 0.01727996822598567 0.042999999656050746 0.01553056115806828
    endloop
  endfacet
  facet normal 0.0 0.0 0.0
    outer loop
      vertex 0.01727996822598567 0.042999999656050746 0.01553056115806828
      vertex 0.011499999323070295 0.042999999612985444 0.02500000161827336
      vertex 0.017308552555820544 0.04299999965626373 0.01561563653648625
    endloop
  endfacet
  facet normal 0.0 0.0 0.0
    outer loop
      vertex 0.017308552555820544 0.04299999965626373 0.01561563653648625
      vertex 0.011499999323070295 0.042999999612985444 0.02500000161827336
      vertex 0.01734134212961244 0.04299999965650803 0.015699182221300702
    endloop
  endfacet
  facet normal 0.0 0.0 0.0
    outer loop
      vertex 0.01734134212961244 0.04299999965650803 0.015699182221300702
      vertex 0.011499999323070295 0.042999999612985444 0.02500000161827336
      vertex 0.01737825602541222 0.04299999965678306 0.015780992218859296
    endloop
  endfacet
  facet normal 0.0 0.0 0.0
    outer loop
      vertex 0.01737825602541222 0.04299999965678306 0.015780992218859296
      vertex 0.011499999323070295 0.042999999612985444 0.02500000161827336
      vertex 0.017419201857327943 0.04300000033143772 0.01586085672081242
    endloop
  endfacet
  facet normal 0.0 0.0 0.0
    outer loop
      vertex 0.017419201857327943 0.04300000033143772 0.01586085672081242
      vertex 0.011499999323070295 0.042999999612985444 0.02500000161827336
      vertex 0.017464076449874473 0.042999999657422495 0.015938584992296796
    endloop
  endfacet
  facet normal 0.0 0.0 0.0
    outer loop
      vertex 0.017464076449874473 0.042999999657422495 0.015938584992296796
      vertex 0.011499999323070295 0.042999999612985444 0.02500000161827336
      vertex 0.017512769884070863 0.0429999996577853 0.016013974854357342
    endloop
  endfacet
  facet normal 0.0 0.0 0.0
    outer loop
      vertex 0.017512769884070863 0.0429999996577853 0.016013974854357342
      vertex 0.011499999323070295 0.042999999612985444 0.02500000161827336
      vertex 0.017565161451343 0.04299999965817565 0.016086847016222577
    endloop
  endfacet
  facet normal 0.0 0.0 0.0
    outer loop
      vertex 0.017565161451343 0.04299999965817565 0.016086847016222577
      vertex 0.011499999323070295 0.042999999612985444 0.02500000161827336
      vertex 0.017621121002222667 0.04300000033294218 0.01615701837242375
    endloop
  endfacet
  facet normal 0.0 0.0 0.0
    outer loop
      vertex 0.017621121002222667 0.04300000033294218 0.01615701837242375
      vertex 0.011499999323070295 0.042999999612985444 0.02500000161827336
      vertex 0.017680506923298877 0.04300000033338465 0.016224309632189373
    endloop
  endfacet
  facet normal 0.0 0.0 0.0
    outer loop
      vertex 0.017680506923298877 0.04300000033338465 0.016224309632189373
      vertex 0.011499999323070295 0.042999999612985444 0.02500000161827336
      vertex 0.017743173555063187 0.042999999659501985 0.016288560578234298
    endloop
  endfacet
  facet normal 0.0 0.0 0.0
    outer loop
      vertex 0.017743173555063187 0.042999999659501985 0.016288560578234298
      vertex 0.011499999323070295 0.042999999612985444 0.02500000161827336
      vertex 0.017808965797113052 0.04299999965999219 0.016349607178576094
    endloop
  endfacet
  facet normal 0.0 0.0 0.0
    outer loop
      vertex 0.011499999323070295 0.042999999612985444 -2.890752739403979e-10
      vertex 0.011499999323070295 0.042999999612985444 0.02500000161827336
      vertex 0.01722010419105994 0.04300000032995429 0.01473172540367375
    endloop
  endfacet
  facet normal 0.0 0.0 0.0
    outer loop
      vertex 0.017808965797113052 0.04299999965999219 0.016349607178576094
      vertex 0.011499999323070295 0.042999999612985444 0.02500000161827336
      vertex 0.017877719108151904 0.04300000033485404 0.01640729684532414
    endloop
  endfacet
  facet normal 0.0 0.0 0.0
    outer loop
      vertex 0.017877719108151904 0.04300000033485404 0.01640729684532414
      vertex 0.011499999323070295 0.042999999612985444 0.02500000161827336
      vertex 0.017949262203387384 0.04300000033538708 0.016461488434679608
    endloop
  endfacet
  facet normal 0.0 0.0 0.0
    outer loop
      vertex 0.017949262203387384 0.04300000033538708 0.016461488434679608
      vertex 0.011499999323070295 0.042999999612985444 0.02500000161827336
      vertex 0.0180234170545314 0.04299999966159002 0.0165120484322382
    endloop
  endfacet
  facet normal 0.0 0.0 0.0
    outer loop
      vertex 0.0180234170545314 0.04299999966159002 0.0165120484322382
      vertex 0.011499999323070295 0.042999999612985444 0.02500000161827336
      vertex 0.01810000091284878 0.043000000336510205 0.01655884713829289
    endloop
  endfacet
  facet normal 0.0 0.0 0.0
    outer loop
      vertex 0.01810000091284878 0.043000000336510205 0.01655884713829289
      vertex 0.011499999323070295 0.042999999612985444 0.02500000161827336
      vertex 0.018178821588710335 0.043000000337097485 0.016601770111925703
    endloop
  endfacet
  facet normal 0.0 0.0 0.0
    outer loop
      vertex 0.018178821588710335 0.043000000337097485 0.016601770111925703
      vertex 0.011499999323070295 0.042999999612985444 0.02500000161827336
      vertex 0.018259684195088555 0.043000000337699976 0.0166407105416132
    endloop
  endfacet
  facet normal 0.0 0.0 0.0
    outer loop
      vertex 0.018259684195088555 0.043000000337699976 0.0166407105416132
      vertex 0.011499999323070295 0.042999999612985444 0.02500000161827336
      vertex 0.018342387101460148 0.0429999996639666 0.01667557305992375
    endloop
  endfacet
  facet normal 0.0 0.0 0.0
    outer loop
      vertex 0.018342387101460148 0.0429999996639666 0.01667557305992375
      vertex 0.011499999323070295 0.042999999612985444 0.02500000161827336
      vertex 0.01842672395685481 0.04299999966459497 0.016706269928820235
    endloop
  endfacet
  facet normal 0.0 0.0 0.0
    outer loop
      vertex 0.01842672395685481 0.04299999966459497 0.016706269928820235
      vertex 0.011499999323070295 0.042999999612985444 0.02500000161827336
      vertex 0.01851248773595266 0.04299999966523398 0.016732724854357343
    endloop
  endfacet
  facet normal 0.0 0.0 0.0
    outer loop
      vertex 0.01913451317981245 0.04299999966986856 0.01679496545494328
      vertex 0.022500000399218765 0.04299999969494408 0.02500000161827336
      vertex 0.019223818642884364 0.04299999967053395 0.016786031433947187
    endloop
  endfacet
  facet normal 0.0 0.0 0.0
    outer loop
      vertex 0.019223818642884364 0.04299999967053395 0.016786031433947187
      vertex 0.022500000399218765 0.04299999969494408 0.02500000161827336
      vertex 0.019312565744507203 0.042999999671195194 0.01677265329063664
    endloop
  endfacet
  facet normal 0.0 0.0 0.0
    outer loop
      vertex 0.011499999323070295 0.042999999612985444 0.02500000161827336
      vertex 0.022500000399218765 0.04299999969494408 0.02500000161827336
      vertex 0.01851248773595266 0.04299999966523398 0.016732724854357343
    endloop
  endfacet
  facet normal 0.0 0.0 0.0
    outer loop
      vertex 0.019312565744507203 0.042999999671195194 0.01677265329063664
      vertex 0.022500000399218765 0.04299999969494408 0.02500000161827336
      vertex 0.019400538692816605 0.04299999967185066 0.016754869171984297
    endloop
  endfacet
  facet normal 0.0 0.0 0.0
    outer loop
      vertex 0.019400538692816605 0.04299999967185066 0.016754869171984297
      vertex 0.022500000399218765 0.04299999969494408 0.02500000161827336
      vertex 0.019487513603753257 0.042999999672498686 0.016732724854357343
    endloop
  endfacet
  facet normal 0.0 0.0 0.0
    outer loop
      vertex 0.019487513603753257 0.042999999672498686 0.016732724854357343
      vertex 0.022500000399218765 0.04299999969494408 0.02500000161827336
      vertex 0.019573276034151946 0.043000001021836834 0.016706269928820235
    endloop
  endfacet
  facet normal 0.0 0.0 0.0
    outer loop
      vertex 0.019573276034151946 0.043000001021836834 0.016706269928820235
      vertex 0.022500000399218765 0.04299999969494408 0.02500000161827336
      vertex 0.01965761423824577 0.042999999673766075 0.01667557305992375
    endloop
  endfacet
  facet normal 0.0 0.0 0.0
    outer loop
      vertex 0.01965761423824577 0.042999999673766075 0.01667557305992375
      vertex 0.022500000399218765 0.04299999969494408 0.02500000161827336
      vertex 0.01974031647026779 0.04299999967438227 0.0166407105416132
    endloop
  endfacet
  facet normal 0.0 0.0 0.0
    outer loop
      vertex 0.01974031647026779 0.04299999967438227 0.0166407105416132
      vertex 0.022500000399218765 0.04299999969494408 0.02500000161827336
      vertex 0.019821179076646 0.04299999967498476 0.016601770111925703
    endloop
  endfacet
  facet normal 0.0 0.0 0.0
    outer loop
      vertex 0.019821179076646 0.04299999967498476 0.016601770111925703
      vertex 0.022500000399218765 0.04299999969494408 0.02500000161827336
      vertex 0.019899999752507558 0.04299999967557203 0.01655884713829289
    endloop
  endfacet
  facet normal 0.0 0.0 0.0
    outer loop
      vertex 0.019899999752507558 0.04299999967557203 0.01655884713829289
      vertex 0.022500000399218765 0.04299999969494408 0.02500000161827336
      vertex 0.019976583610824952 0.04299999900179307 0.0165120484322382
    endloop
  endfacet
  facet normal 0.0 0.0 0.0
    outer loop
      vertex 0.019976583610824952 0.04299999900179307 0.0165120484322382
      vertex 0.022500000399218765 0.04299999969494408 0.02500000161827336
      vertex 0.020050738461968955 0.042999999676695155 0.016461488434679608
    endloop
  endfacet
  facet normal 0.0 0.0 0.0
    outer loop
      vertex 0.020050738461968955 0.042999999676695155 0.016461488434679608
      vertex 0.022500000399218765 0.04299999969494408 0.02500000161827336
      vertex 0.020122281557204438 0.04299999967722821 0.01640729684532414
    endloop
  endfacet
  facet normal 0.0 0.0 0.0
    outer loop
      vertex 0.020122281557204438 0.04299999967722821 0.01640729684532414
      vertex 0.022500000399218765 0.04299999969494408 0.02500000161827336
      vertex 0.020191033519544127 0.04300000035209004 0.016349607178576094
    endloop
  endfacet
  facet normal 0.0 0.0 0.0
    outer loop
      vertex 0.020191033519544127 0.04300000035209004 0.016349607178576094
      vertex 0.022500000399218765 0.04299999969494408 0.02500000161827336
      vertex 0.020256825761594002 0.043000000352580246 0.016288560578234298
    endloop
  endfacet
  facet normal 0.0 0.0 0.0
    outer loop
      vertex 0.020256825761594002 0.043000000352580246 0.016288560578234298
      vertex 0.022500000399218765 0.04299999969494408 0.02500000161827336
      vertex 0.02031949374205746 0.042999999678697595 0.016224309632189373
    endloop
  endfacet
  facet normal 0.0 0.0 0.0
    outer loop
      vertex 0.02031949374205746 0.042999999678697595 0.016224309632189373
      vertex 0.022500000399218765 0.04299999969494408 0.02500000161827336
      vertex 0.020378879663133672 0.04299999967914007 0.01615701837242375
    endloop
  endfacet
  facet normal 0.0 0.0 0.0
    outer loop
      vertex 0.020378879663133672 0.04299999967914007 0.01615701837242375
      vertex 0.022500000399218765 0.04299999969494408 0.02500000161827336
      vertex 0.020434837865314186 0.043000000353906574 0.016086847016222577
    endloop
  endfacet
  facet normal 0.0 0.0 0.0
    outer loop
      vertex 0.020434837865314186 0.043000000353906574 0.016086847016222577
      vertex 0.022500000399218765 0.04299999969494408 0.02500000161827336
      vertex 0.02048722943258632 0.04300000035429693 0.016013974854357342
    endloop
  endfacet
  facet normal 0.0 0.0 0.0
    outer loop
      vertex 0.02048722943258632 0.04300000035429693 0.016013974854357342
      vertex 0.022500000399218765 0.04299999969494408 0.02500000161827336
      vertex 0.020535922866782717 0.04300000035465974 0.015938584992296796
    endloop
  endfacet
  facet normal 0.0 0.0 0.0
    outer loop
      vertex 0.020535922866782717 0.04300000035465974 0.015938584992296796
      vertex 0.022500000399218765 0.04299999969494408 0.02500000161827336
      vertex 0.02058079880802839 0.042999999680644524 0.01586085672081242
    endloop
  endfacet
  facet normal 0.0 0.0 0.0
    outer loop
      vertex 0.02058079880802839 0.042999999680644524 0.01586085672081242
      vertex 0.022500000399218765 0.04299999969494408 0.02500000161827336
      vertex 0.02062174329124496 0.04300000035529916 0.015780992218859296
    endloop
  endfacet
  facet normal 0.0 0.0 0.0
    outer loop
      vertex 0.02062174329124496 0.04300000035529916 0.015780992218859296
      vertex 0.022500000399218765 0.04299999969494408 0.02500000161827336
      vertex 0.020658657187044745 0.0430000003555742 0.015699182221300702
    endloop
  endfacet
  facet normal 0.0 0.0 0.0
    outer loop
      vertex 0.020658657187044745 0.0430000003555742 0.015699182221300702
      vertex 0.022500000399218765 0.04299999969494408 0.02500000161827336
      vertex 0.020691446760836646 0.04300000035581852 0.01561563653648625
    endloop
  endfacet
  facet normal 0.0 0.0 0.0
    outer loop
      vertex 0.020691446760836646 0.04300000035581852 0.01561563653648625
      vertex 0.022500000399218765 0.04299999969494408 0.02500000161827336
      vertex 0.02072003109067152 0.043000000356031486 0.01553056115806828
    endloop
  endfacet
  facet normal 0.0 0.0 0.0
    outer loop
      vertex 0.02072003109067152 0.043000000356031486 0.01553056115806828
      vertex 0.022500000399218765 0.04299999969494408 0.02500000161827336
      vertex 0.020744339369843882 0.04299999968186303 0.01544416207969914
    endloop
  endfacet
  facet normal 0.0 0.0 0.0
    outer loop
      vertex 0.020744339369843882 0.04299999968186303 0.01544416207969914
      vertex 0.022500000399218765 0.04299999969494408 0.02500000161827336
      vertex 0.020764310906891858 0.04299999968201183 0.0153566643685175
    endloop
  endfacet
  facet normal 0.0 0.0 0.0
    outer loop
      vertex 0.020764310906891858 0.04299999968201183 0.0153566643685175
      vertex 0.022500000399218765 0.04299999969494408 0.02500000161827336
      vertex 0.0207798964742964 0.042999999682127955 0.015268277832872969
    endloop
  endfacet
  facet normal 0.0 0.0 0.0
    outer loop
      vertex 0.0207798964742964 0.042999999682127955 0.015268277832872969
      vertex 0.022500000399218765 0.04299999969494408 0.02500000161827336
      vertex 0.020791055611082934 0.0429999996822111 0.015179223725206952
    endloop
  endfacet
  facet normal 0.0 0.0 0.0
    outer loop
      vertex 0.020791055611082934 0.0429999996822111 0.015179223725206952
      vertex 0.022500000399218765 0.04299999969494408 0.02500000161827336
      vertex 0.02079776201761798 0.04300000035661065 0.015089723297960858
    endloop
  endfacet
  facet normal 0.0 0.0 0.0
    outer loop
      vertex 0.02079776201761798 0.04300000035661065 0.015089723297960858
      vertex 0.022500000399218765 0.04299999969494408 0.02500000161827336
      vertex 0.020800000183861307 0.042999999682277745 0.015000001618273359
    endloop
  endfacet
  facet normal 0.0 0.0 0.0
    outer loop
      vertex 0.01851248773595266 0.04299999966523398 0.016732724854357343
      vertex 0.022500000399218765 0.04299999969494408 0.02500000161827336
      vertex 0.01859946264688932 0.04299999966588201 0.016754869171984297
    endloop
  endfacet
  facet normal 0.0 0.0 0.0
    outer loop
      vertex 0.01859946264688932 0.04299999966588201 0.016754869171984297
      vertex 0.022500000399218765 0.04299999969494408 0.02500000161827336
      vertex 0.018687432897800407 0.04299999966653746 0.01677265329063664
    endloop
  endfacet
  facet normal 0.0 0.0 0.0
    outer loop
      vertex 0.018687432897800407 0.04299999966653746 0.01677265329063664
      vertex 0.022500000399218765 0.04299999969494408 0.02500000161827336
      vertex 0.01877618134812239 0.043000001015897855 0.016786031433947187
    endloop
  endfacet
  facet normal 0.0 0.0 0.0
    outer loop
      vertex 0.01877618134812239 0.043000001015897855 0.016786031433947187
      vertex 0.022500000399218765 0.04299999969494408 0.02500000161827336
      vertex 0.01886548546249517 0.04299999966786409 0.01679496545494328
    endloop
  endfacet
  facet normal 0.0 0.0 0.0
    outer loop
      vertex 0.01886548546249517 0.04299999966786409 0.01679496545494328
      vertex 0.022500000399218765 0.04299999969494408 0.02500000161827336
      vertex 0.018955125402956866 0.04299999966853198 0.01679944009483586
    endloop
  endfacet
  facet normal 0.0 0.0 0.0
    outer loop
      vertex 0.018955125402956866 0.04299999966853198 0.01679944009483586
      vertex 0.022500000399218765 0.04299999969494408 0.02500000161827336
      vertex 0.019044875936749056 0.04299999966920069 0.01679944009483586
    endloop
  endfacet
  facet normal 0.0 0.0 0.0
    outer loop
      vertex 0.019044875936749056 0.04299999966920069 0.01679944009483586
      vertex 0.022500000399218765 0.04299999969494408 0.02500000161827336
      vertex 0.01913451317981245 0.04299999966986856 0.01679496545494328
    endloop
  endfacet
  facet normal 0.0 0.0 0.0
    outer loop
      vertex 0.022500000399218765 0.04299999969494408 0.02500000161827336
      vertex 0.022500000399218765 0.04299999969494408 -2.890752739403979e-10
      vertex 0.020800000183861307 0.042999999682277745 0.015000001618273359
    endloop
  endfacet
  facet normal 0.0 0.0 0.0
    outer loop
      vertex 0.020800000183861307 0.042999999682277745 0.015000001618273359
      vertex 0.022500000399218765 0.04299999969494408 -2.890752739403979e-10
      vertex 0.02079776201761798 0.04300000035661065 0.014910276123888594
    endloop
  endfacet
  facet normal 0.0 0.0 0.0
    outer loop
      vertex 0.02079776201761798 0.04300000035661065 0.014910276123888594
      vertex 0.022500000399218765 0.04299999969494408 -2.890752739403979e-10
      vertex 0.020791055611082934 0.0429999996822111 0.014820779511339765
    endloop
  endfacet
  facet normal 0.0 0.0 0.0
    outer loop
      vertex 0.020791055611082934 0.0429999996822111 0.014820779511339765
      vertex 0.022500000399218765 0.04299999969494408 -2.890752739403979e-10
      vertex 0.0207798964742964 0.042999999682127955 0.01473172540367375
    endloop
  endfacet
  facet normal 0.0 0.0 0.0
    outer loop
      vertex 0.0207798964742964 0.042999999682127955 0.01473172540367375
      vertex 0.022500000399218765 0.04299999969494408 -2.890752739403979e-10
      vertex 0.020764310906891858 0.04299999968201183 0.014643335053331952
    endloop
  endfacet
  facet normal 0.0 0.0 0.0
    outer loop
      vertex 0.022500000399218765 0.04299999969494408 -2.890752739403979e-10
      vertex 0.038000001255121416 -7.180605585688227e-10 -2.890752739403979e-10
      vertex 7.253519495588176e-10 1.6962079326539564e-09 -2.890752739403979e-10
    endloop
  endfacet
  facet normal 0.0 0.0 0.0
    outer loop
      vertex 0.022500000399218765 0.04299999969494408 -2.890752739403979e-10
      vertex 7.253519495588176e-10 1.6962079326539564e-09 -2.890752739403979e-10
      vertex 0.011499999323070295 0.042999999612985444 -2.890752739403979e-10
    endloop
  endfacet
  facet normal 0.0 0.0 0.0
    outer loop
      vertex 0.0353405714917072 0.004999999260846946 0.0171310784310175
      vertex 0.03619767519782135 0.004999999267233042 0.017066495606310468
      vertex 0.03524561497918692 0.0050000019575377535 0.017066495606310468
    endloop
  endfacet
  facet normal 0.0 0.0 0.0
    outer loop
      vertex 0.035432185927727934 0.004999999261529547 0.01720031900108586
      vertex 0.03619767519782135 0.004999999267233042 0.017066495606310468
      vertex 0.0353405714917072 0.004999999260846946 0.0171310784310175
    endloop
  endfacet
  facet normal 0.0 0.0 0.0
    outer loop
      vertex 0.03552022900839325 0.004999999262185538 0.017274049469835857
      vertex 0.03619767519782135 0.004999999267233042 0.017066495606310468
      vertex 0.035432185927727934 0.004999999261529547 0.01720031900108586
    endloop
  endfacet
  facet normal 0.0 0.0 0.0
    outer loop
      vertex 0.0356044808957413 0.005000000611512432 0.01735207910240422
      vertex 0.03619767519782135 0.004999999267233042 0.017066495606310468
      vertex 0.03552022900839325 0.004999999262185538 0.017274049469835857
    endloop
  endfacet
  facet normal 0.0 0.0 0.0
    outer loop
      vertex 0.03568473389010266 0.005000000612110378 0.01743422097862492
      vertex 0.03619767519782135 0.004999999267233042 0.017066495606310468
      vertex 0.0356044808957413 0.005000000611512432 0.01735207910240422
    endloop
  endfacet
  facet normal 0.0 0.0 0.0
    outer loop
      vertex 0.035760788384002755 0.004999999263977891 0.017520261475451094
      vertex 0.03619767519782135 0.004999999267233042 0.017066495606310468
      vertex 0.03568473389010266 0.005000000612110378 0.01743422097862492
    endloop
  endfacet
  facet normal 0.0 0.0 0.0
    outer loop
      vertex 0.03583245286216196 0.004999999264511848 0.01760999459923039
      vertex 0.03619767519782135 0.004999999267233042 0.017066495606310468
      vertex 0.035760788384002755 0.004999999263977891 0.017520261475451094
    endloop
  endfacet
  facet normal 0.0 0.0 0.0
    outer loop
      vertex 0.03589954929629214 0.005000000613710924 0.017703191468126874
      vertex 0.03619767519782135 0.004999999267233042 0.017066495606310468
      vertex 0.03583245286216196 0.004999999264511848 0.01760999459923039
    endloop
  endfacet
  facet normal 0.0 0.0 0.0
    outer loop
      vertex 0.03596190775030013 0.005000000614175542 0.017799619385607344
      vertex 0.03619767519782135 0.004999999267233042 0.017066495606310468
      vertex 0.03589954929629214 0.005000000613710924 0.017703191468126874
    endloop
  endfacet
  facet normal 0.0 0.0 0.0
    outer loop
      vertex 0.03601937851858 0.005000000614603744 0.01789904184044133
      vertex 0.03619767519782135 0.004999999267233042 0.017066495606310468
      vertex 0.03596190775030013 0.005000000614175542 0.017799619385607344
    endloop
  endfacet
  facet normal 0.0 0.0 0.0
    outer loop
      vertex 0.036071814592924176 0.004999999266295283 0.018001207062609298
      vertex 0.03619767519782135 0.004999999267233042 0.017066495606310468
      vertex 0.03601937851858 0.005000000614603744 0.01789904184044133
    endloop
  endfacet
  facet normal 0.0 0.0 0.0
    outer loop
      vertex 0.03619767519782135 0.004999999267233042 0.018321599671251874
      vertex 0.03619767519782135 0.004999999267233042 0.017066495606310468
      vertex 0.036161072851525755 0.0050000006156594775 0.018212751099474532
    endloop
  endfacet
  facet normal 0.0 0.0 0.0
    outer loop
      vertex 0.036161072851525755 0.0050000006156594775 0.018212751099474532
      vertex 0.03619767519782135 0.004999999267233042 0.017066495606310468
      vertex 0.03611908514951483 0.005000000615346636 0.018105863282091718
    endloop
  endfacet
  facet normal 0.0 0.0 0.0
    outer loop
      vertex 0.03611908514951483 0.005000000615346636 0.018105863282091718
      vertex 0.03619767519782135 0.004999999267233042 0.017066495606310468
      vertex 0.036071814592924176 0.004999999266295283 0.018001207062609298
    endloop
  endfacet
  facet normal 0.0 0.0 0.0
    outer loop
      vertex 0.0014680246492515471 0.004999999008469899 0.017008489319689374
      vertex 0.0014592945198816474 0.004967351048023951 0.01700000161827336
      vertex 0.0013372102723677886 0.005000000356194382 0.01700000161827336
    endloop
  endfacet
  facet normal 0.0 0.0 0.0
    outer loop
      vertex 0.0016270254902977174 0.004922491966767411 0.015298108765490155
      vertex 0.0016464400140548553 0.004995091093583838 0.015018876740343672
      vertex 0.0016270254902977174 0.004922491966767411 0.015000001618273359
    endloop
  endfacet
  facet normal 0.0 0.0 0.0
    outer loop
      vertex 0.0016270254902977174 0.004922491966767411 0.015298108765490155
      vertex 0.0016270254902977174 0.004922491966767411 0.015000001618273359
      vertex 0.0013372102723677886 0.005000000356194382 0.015000001618273359
    endloop
  endfacet
  facet normal 0.0 0.0 0.0
    outer loop
      vertex 0.0016270254902977174 0.004922491966767411 0.015000001618273359
      vertex 0.0016464400140548553 0.004995091093583838 0.015018876740343672
      vertex 0.0013372102723677886 0.005000000356194382 0.015000001618273359
    endloop
  endfacet
  facet normal 0.0 0.0 0.0
    outer loop
      vertex 0.0014592945198816474 0.004967351048023951 0.01700000161827336
      vertex 0.0013372102723677886 0.005000000356194382 0.015000001618273359
      vertex 0.0013372102723677886 0.005000000356194382 0.01700000161827336
    endloop
  endfacet
  facet normal 0.0 0.0 0.0
    outer loop
      vertex 0.0016270254902977174 0.004922491966767411 0.015298108765490155
      vertex 0.002864218242250102 0.00500000036757179 0.015000001618273359
      vertex 0.0016464400140548553 0.004995091093583838 0.015018876740343672
    endloop
  endfacet
  facet normal 0.0 0.0 0.0
    outer loop
      vertex 0.0016464400140548553 0.004995091093583838 0.015018876740343672
      vertex 0.002864218242250102 0.00500000036757179 0.015000001618273359
      vertex 0.0013372102723677886 0.005000000356194382 0.015000001618273359
    endloop
  endfacet
  facet normal 0.0 0.0 0.0
    outer loop
      vertex 0.0016270254902977174 0.004922491966767411 0.015298108765490155
      vertex 0.00294242526007953 0.0049889693577874344 0.015042432495958906
      vertex 0.002864218242250102 0.00500000036757179 0.015000001618273359
    endloop
  endfacet
  facet normal 0.0 0.0 0.0
    outer loop
      vertex 0.0013372102723677886 0.005000000356194382 0.015000001618273359
      vertex 0.0013372089274183807 0.004496731918796336 0.016935643860705
      vertex 0.0016270254902977174 0.004922491966767411 0.015298108765490155
    endloop
  endfacet
  facet normal 0.0 0.0 0.0
    outer loop
      vertex 0.00294242526007953 0.0049889693577874344 0.015042432495958906
      vertex 0.0029858803504357575 0.004496731931080232 0.016935643860705
      vertex 0.0030222143020087657 0.004978730034417294 0.015081811615831952
    endloop
  endfacet
  facet normal 0.0 0.0 0.0
    outer loop
      vertex 0.0013372089274183807 0.004496731918796336 0.016935643860705
      vertex 0.0029858803504357575 0.004496731931080232 0.016935643860705
      vertex 0.0016270254902977174 0.004922491966767411 0.015298108765490155
    endloop
  endfacet
  facet normal 0.0 0.0 0.0
    outer loop
      vertex 0.0016270254902977174 0.004922491966767411 0.015298108765490155
      vertex 0.0029858803504357575 0.004496731931080232 0.016935643860705
      vertex 0.00294242526007953 0.0049889693577874344 0.015042432495958906
    endloop
  endfacet
  facet normal 0.0 0.0 0.0
    outer loop
      vertex 0.0030222143020087657 0.004978730034417294 0.015081811615831952
      vertex 0.0030855492177051264 0.00450870298549909 0.016889600464708904
      vertex 0.0031227598239022313 0.004967204052210467 0.01512613458336125
    endloop
  endfacet
  facet normal 0.0 0.0 0.0
    outer loop
      vertex 0.0029858803504357575 0.004496731931080232 0.016935643860705
      vertex 0.0030855492177051264 0.00450870298549909 0.016889600464708904
      vertex 0.0030222143020087657 0.004978730034417294 0.015081811615831952
    endloop
  endfacet
  facet normal 0.0 0.0 0.0
    outer loop
      vertex 0.0030855492177051264 0.00450870298549909 0.016889600464708904
      vertex 0.003187303173873331 0.004519425144518408 0.016848367401964767
      vertex 0.0031227598239022313 0.004967204052210467 0.01512613458336125
    endloop
  endfacet
  facet normal 0.0 0.0 0.0
    outer loop
      vertex 0.0031227598239022313 0.004967204052210467 0.01512613458336125
      vertex 0.003187303173873331 0.004519425144518408 0.016848367401964767
      vertex 0.0032253041179300525 0.004956943149823433 0.015165605255968672
    endloop
  endfacet
  facet normal 0.0 0.0 0.0
    outer loop
      vertex 0.003187303173873331 0.004519425144518408 0.016848367401964767
      vertex 0.003290904847889759 0.0045288714341533715 0.016812036225206953
      vertex 0.0032253041179300525 0.004956943149823433 0.015165605255968672
    endloop
  endfacet
  facet normal 0.0 0.0 0.0
    outer loop
      vertex 0.0032253041179300525 0.004956943149823433 0.015165605255968672
      vertex 0.003290904847889759 0.0045288714341533715 0.016812036225206953
      vertex 0.003329620602634513 0.004947963511644336 0.015200135895617108
    endloop
  endfacet
  facet normal 0.0 0.0 0.0
    outer loop
      vertex 0.003329620602634513 0.004947963511644336 0.015200135895617108
      vertex 0.0033961276582969778 0.0045370202752158546 0.016780690857775313
      vertex 0.0034354665121679897 0.004940292111654412 0.015229642578966718
    endloop
  endfacet
  facet normal 0.0 0.0 0.0
    outer loop
      vertex 0.003290904847889759 0.0045288714341533715 0.016812036225206953
      vertex 0.0033961276582969778 0.0045370202752158546 0.016780690857775313
      vertex 0.003329620602634513 0.004947963511644336 0.015200135895617108
    endloop
  endfacet
  facet normal 0.0 0.0 0.0
    outer loop
      vertex 0.0034354665121679897 0.004940292111654412 0.015229642578966718
      vertex 0.003502723444451074 0.00454385548331418 0.016754399964220623
      vertex 0.0035425990806829395 0.004933945134241682 0.015254060456163983
    endloop
  endfacet
  facet normal 0.0 0.0 0.0
    outer loop
      vertex 0.0033961276582969778 0.0045370202752158546 0.016780690857775313
      vertex 0.003502723444451074 0.00454385548331418 0.016754399964220623
      vertex 0.0034354665121679897 0.004940292111654412 0.015229642578966718
    endloop
  endfacet
  facet normal 0.0 0.0 0.0
    outer loop
      vertex 0.0035425990806829395 0.004933945134241682 0.015254060456163983
      vertex 0.0036104521379030723 0.004549358176658425 0.016733228394396407
      vertex 0.0036507755423318584 0.004928933368997553 0.015273332306749921
    endloop
  endfacet
  facet normal 0.0 0.0 0.0
    outer loop
      vertex 0.003502723444451074 0.00454385548331418 0.016754399964220623
      vertex 0.0036104521379030723 0.004549358176658425 0.016733228394396407
      vertex 0.0035425990806829395 0.004933945134241682 0.015254060456163983
    endloop
  endfacet
  facet normal 0.0 0.0 0.0
    outer loop
      vertex 0.0036507755423318584 0.004928933368997553 0.015273332306749921
      vertex 0.003719070972805589 0.0045535229604501725 0.01671722192466984
      vertex 0.0037597504338689187 0.004925270302911723 0.015287416169054609
    endloop
  endfacet
  facet normal 0.0 0.0 0.0
    outer loop
      vertex 0.0036104521379030723 0.004549358176658425 0.016733228394396407
      vertex 0.003719070972805589 0.0045535229604501725 0.01671722192466984
      vertex 0.0036507755423318584 0.004928933368997553 0.015273332306749921
    endloop
  endfacet
  facet normal 0.0 0.0 0.0
    outer loop
      vertex 0.0037597504338689187 0.004925270302911723 0.015287416169054609
      vertex 0.003828326393718104 0.0045563336502977055 0.016706414887316327
      vertex 0.0038692701998533983 0.00492296672557552 0.015296281525499921
    endloop
  endfacet
  facet normal 0.0 0.0 0.0
    outer loop
      vertex 0.003719070972805589 0.0045535229604501725 0.01671722192466984
      vertex 0.003828326393718104 0.0045563336502977055 0.016706414887316327
      vertex 0.0037597504338689187 0.004925270302911723 0.015287416169054609
    endloop
  endfacet
  facet normal 0.0 0.0 0.0
    outer loop
      vertex 0.0038692701998533983 0.00492296672557552 0.015296281525499921
      vertex 0.003937972937394948 0.0045577821540042805 0.016700837799913985
      vertex 0.003979092074437875 0.004922022636987135 0.015299905487902265
    endloop
  endfacet
  facet normal 0.0 0.0 0.0
    outer loop
      vertex 0.003828326393718104 0.0045563336502977055 0.016706414887316327
      vertex 0.003937972937394948 0.0045577821540042805 0.016700837799913985
      vertex 0.0038692701998533983 0.00492296672557552 0.015296281525499921
    endloop
  endfacet
  facet normal 0.0 0.0 0.0
    outer loop
      vertex 0.003937972937394948 0.0045577821540042805 0.016700837799913985
      vertex 0.004047765140590376 0.0045578711689663745 0.01670049447716008
      vertex 0.003979092074437875 0.004922022636987135 0.015299905487902265
    endloop
  endfacet
  facet normal 0.0 0.0 0.0
    outer loop
      vertex 0.003979092074437875 0.004922022636987135 0.015299905487902265
      vertex 0.004047765140590376 0.0045578711689663745 0.01670049447716008
      vertex 0.004088959804783342 0.004922446129339573 0.015298280426867109
    endloop
  endfacet
  facet normal 0.0 0.0 0.0
    outer loop
      vertex 0.004088959804783342 0.004922446129339573 0.015298280426867109
      vertex 0.004157446750465461 0.004556597997783771 0.016705396363146406
      vertex 0.0041986279276440925 0.004924234505232701 0.015291406342394452
    endloop
  endfacet
  facet normal 0.0 0.0 0.0
    outer loop
      vertex 0.004047765140590376 0.0045578711689663745 0.01670049447716008
      vertex 0.004157446750465461 0.004556597997783771 0.016705396363146406
      vertex 0.004088959804783342 0.004922446129339573 0.015298280426867109
    endloop
  endfacet
  facet normal 0.0 0.0 0.0
    outer loop
      vertex 0.0041986279276440925 0.004924234505232701 0.015291406342394452
      vertex 0.004266766908977844 0.004553965337852907 0.01671552438438664
      vertex 0.004307840190181238 0.004927379672469695 0.015279306122667891
    endloop
  endfacet
  facet normal 0.0 0.0 0.0
    outer loop
      vertex 0.004157446750465461 0.004556597997783771 0.016705396363146406
      vertex 0.004266766908977844 0.004553965337852907 0.01671552438438664
      vertex 0.0041986279276440925 0.004924234505232701 0.015291406342394452
    endloop
  endfacet
  facet normal 0.0 0.0 0.0
    outer loop
      vertex 0.004307840190181238 0.004927379672469695 0.015279306122667891
      vertex 0.004375480152881781 0.004549975886570259 0.016730855652697187
      vertex 0.004416345734352466 0.0049318789336503825 0.015262002655871016
    endloop
  endfacet
  facet normal 0.0 0.0 0.0
    outer loop
      vertex 0.004266766908977844 0.004553965337852907 0.01671552438438664
      vertex 0.004375480152881781 0.004549975886570259 0.016730855652697187
      vertex 0.004307840190181238 0.004927379672469695 0.015279306122667891
    endloop
  endfacet
  facet normal 0.0 0.0 0.0
    outer loop
      vertex 0.004416345734352466 0.0049318789336503825 0.015262002655871016
      vertex 0.004483338321533117 0.004544645828323805 0.01675135965049992
      vertex 0.004523907189107041 0.004937721499179773 0.01523953790367375
    endloop
  endfacet
  facet normal 0.0 0.0 0.0
    outer loop
      vertex 0.004375480152881781 0.004549975886570259 0.016730855652697187
      vertex 0.004483338321533117 0.004544645828323805 0.01675135965049992
      vertex 0.004416345734352466 0.0049318789336503825 0.015262002655871016
    endloop
  endfacet
  facet normal 0.0 0.0 0.0
    outer loop
      vertex 0.004523907189107041 0.004937721499179773 0.01523953790367375
      vertex 0.004590095951686065 0.0045379832553066315 0.01677698678673039
      vertex 0.004630270999004442 0.004944891184666152 0.01521195764244328
    endloop
  endfacet
  facet normal 0.0 0.0 0.0
    outer loop
      vertex 0.004483338321533117 0.004544645828323805 0.01675135965049992
      vertex 0.004590095951686065 0.0045379832553066315 0.01677698678673039
      vertex 0.004523907189107041 0.004937721499179773 0.01523953790367375
    endloop
  endfacet
  facet normal 0.0 0.0 0.0
    outer loop
      vertex 0.004630270999004442 0.004944891184666152 0.01521195764244328
      vertex 0.0046955102774930806 0.004530004351906757 0.01680767984092961
      vertex 0.004735197095595652 0.004953374503116207 0.01517933053673039
    endloop
  endfacet
  facet normal 0.0 0.0 0.0
    outer loop
      vertex 0.004590095951686065 0.0045379832553066315 0.01677698678673039
      vertex 0.0046955102774930806 0.004530004351906757 0.01680767984092961
      vertex 0.004630270999004442 0.004944891184666152 0.01521195764244328
    endloop
  endfacet
  facet normal 0.0 0.0 0.0
    outer loop
      vertex 0.004735197095595652 0.004953374503116207 0.01517933053673039
      vertex 0.004799338533106623 0.0045207253025122 0.016843370148546796
      vertex 0.004838442713033409 0.004963149875341691 0.01514173288048039
    endloop
  endfacet
  facet normal 0.0 0.0 0.0
    outer loop
      vertex 0.0046955102774930806 0.004530004351906757 0.01680767984092961
      vertex 0.004799338533106623 0.0045207253025122 0.016843370148546796
      vertex 0.004735197095595652 0.004953374503116207 0.01517933053673039
    endloop
  endfacet
  facet normal 0.0 0.0 0.0
    outer loop
      vertex 0.004838442713033409 0.004963149875341691 0.01514173288048039
      vertex 0.004901343347475716 0.004510167686307631 0.016883969971544843
      vertex 0.004939775875063669 0.004974195722154437 0.015099244782335859
    endloop
  endfacet
  facet normal 0.0 0.0 0.0
    outer loop
      vertex 0.004799338533106623 0.0045207253025122 0.016843370148546796
      vertex 0.004901343347475716 0.004510167686307631 0.016883969971544843
      vertex 0.004838442713033409 0.004963149875341691 0.01514173288048039
    endloop
  endfacet
  facet normal 0.0 0.0 0.0
    outer loop
      vertex 0.004901343347475716 0.004510167686307631 0.016883969971544843
      vertex 0.004958077726066988 0.0045036480750278935 0.01690904779136906
      vertex 0.004939775875063669 0.004974195722154437 0.015099244782335859
    endloop
  endfacet
  facet normal 0.0 0.0 0.0
    outer loop
      vertex 0.00503896460543239 0.00498649046436628 0.015051961609728437
      vertex 0.005014118873296908 0.0044967319461922005 0.016935643860705
      vertex 0.005135782322682217 0.005000001733195877 0.015000001618273359
    endloop
  endfacet
  facet normal 0.0 0.0 0.0
    outer loop
      vertex 0.004939775875063669 0.004974195722154437 0.015099244782335859
      vertex 0.005014118873296908 0.0044967319461922005 0.016935643860705
      vertex 0.00503896460543239 0.00498649046436628 0.015051961609728437
    endloop
  endfacet
  facet normal 0.0 0.0 0.0
    outer loop
      vertex 0.004958077726066988 0.0045036480750278935 0.01690904779136906
      vertex 0.005014118873296908 0.0044967319461922005 0.016935643860705
      vertex 0.004939775875063669 0.004974195722154437 0.015099244782335859
    endloop
  endfacet
  facet normal 0.0 0.0 0.0
    outer loop
      vertex 0.005135782322682217 0.005000001733195877 0.015000001618273359
      vertex 0.008999999610588673 0.004496731975890139 0.016935643860705
      vertex 0.00899999960683892 0.005000001761987327 0.015000001618273359
    endloop
  endfacet
  facet normal 0.0 0.0 0.0
    outer loop
      vertex 0.005014118873296908 0.0044967319461922005 0.016935643860705
      vertex 0.008999999610588673 0.004496731975890139 0.016935643860705
      vertex 0.005135782322682217 0.005000001733195877 0.015000001618273359
    endloop
  endfacet
  facet normal 0.0 0.0 0.0
    outer loop
      vertex 0.0014680246492515471 0.004999999008469899 0.017008489319689374
      vertex 0.0014718050529755702 0.005000000357197219 0.017066495606310468
      vertex 0.0014592945198816474 0.004967351048023951 0.01700000161827336
    endloop
  endfacet
  facet normal 0.0 0.0 0.0
    outer loop
      vertex 0.0014592945198816474 0.004967351048023951 0.01700000161827336
      vertex 0.0013372089274183807 0.004496731918796336 0.016935643860705
      vertex 0.0013372102723677886 0.005000000356194382 0.015000001618273359
    endloop
  endfacet
  facet normal 0.0 0.0 0.0
    outer loop
      vertex 0.0014718050529755702 0.005000000357197219 0.017066495606310468
      vertex 0.0013372089274183807 0.004496731918796336 0.016935643860705
      vertex 0.0014592945198816474 0.004967351048023951 0.01700000161827336
    endloop
  endfacet
  facet normal 0.0 0.0 0.0
    outer loop
      vertex 0.0050929476401890775 0.004652997625367256 0.016976274201281172
      vertex 0.008999999610588673 0.004496731975890139 0.016935643860705
      vertex 0.005014118873296908 0.0044967319461922005 0.016935643860705
    endloop
  endfacet
  facet normal 0.0 0.0 0.0
    outer loop
      vertex 0.005170149875817275 0.004820837840655647 0.01701991433799992
      vertex 0.008999999610588673 0.004496731975890139 0.016935643860705
      vertex 0.0050929476401890775 0.004652997625367256 0.016976274201281172
    endloop
  endfacet
  facet normal 0.0 0.0 0.0
    outer loop
      vertex 0.005245614986852877 0.005000001734014217 0.017066495606310468
      vertex 0.008999999610588673 0.004496731975890139 0.016935643860705
      vertex 0.005170149875817275 0.004820837840655647 0.01701991433799992
    endloop
  endfacet
  facet normal 0.0 0.0 0.0
    outer loop
      vertex 0.005245614986852877 0.005000001734014217 0.017066495606310468
      vertex 0.008952258354244102 0.004999999064233313 0.017066495606310468
      vertex 0.008999999610588673 0.004496731975890139 0.016935643860705
    endloop
  endfacet
  facet normal 0.0 0.0 0.0
    outer loop
      vertex 0.03385350119985759 0.005170000080522344 0.025994626709826094
      vertex 0.03375622222739699 0.005170000079797541 0.02598508996666203
      vertex 0.03365953128776681 0.005170000079077115 0.025970807740099532
    endloop
  endfacet
  facet normal 0.0 0.0 0.0
    outer loop
      vertex 0.0343404733053978 0.00517000008415067 0.025970807740099532
      vertex 0.0339511308340978 0.0051700000812497605 0.025999402710802654
      vertex 0.03385350119985759 0.005170000080522344 0.025994626709826094
    endloop
  endfacet
  facet normal 0.0 0.0 0.0
    outer loop
      vertex 0.0343404733053978 0.00517000008415067 0.025970807740099532
      vertex 0.03404887375906681 0.005170000081978024 0.025999402710802654
      vertex 0.0339511308340978 0.0051700000812497605 0.025999402710802654
    endloop
  endfacet
  facet normal 0.0 0.0 0.0
    outer loop
      vertex 0.0343404733053978 0.00517000008415067 0.025970807740099532
      vertex 0.03414649799851041 0.005170000082705398 0.025994626709826094
      vertex 0.03404887375906681 0.005170000081978024 0.025999402710802654
    endloop
  endfacet
  facet normal 0.0 0.0 0.0
    outer loop
      vertex 0.0343404733053978 0.00517000008415067 0.025970807740099532
      vertex 0.034243776970971015 0.0051700000834302064 0.02598508996666203
      vertex 0.03414649799851041 0.005170000082705398 0.025994626709826094
    endloop
  endfacet
  facet normal 0.0 0.0 0.0
    outer loop
      vertex 0.0343404733053978 0.00517000008415067 0.025970807740099532
      vertex 0.03385350119985759 0.005170000080522344 0.025994626709826094
      vertex 0.03365953128776681 0.005170000079077115 0.025970807740099532
    endloop
  endfacet
  facet normal 0.0 0.0 0.0
    outer loop
      vertex 0.03365953128776681 0.005170000079077115 0.025970807740099532
      vertex 0.03375622222739699 0.005170000079797541 0.02598508996666203
      vertex 0.03368765975749009 0.005142902015917708 0.025975461670763592
    endloop
  endfacet
  facet normal 0.0 0.0 0.0
    outer loop
      vertex 0.03368765975749009 0.005142902015917708 0.025975461670763592
      vertex 0.03375622222739699 0.005170000079797541 0.02598508996666203
      vertex 0.03371585026735697 0.005118142597088934 0.0259797112435175
    endloop
  endfacet
  facet normal 0.0 0.0 0.0
    outer loop
      vertex 0.03371585026735697 0.005118142597088934 0.0259797112435175
      vertex 0.03375622222739699 0.005170000079797541 0.02598508996666203
      vertex 0.033741273246529854 0.005097860859425335 0.025983194062121014
    endloop
  endfacet
  facet normal 0.0 0.0 0.0
    outer loop
      vertex 0.033741273246529854 0.005097860859425335 0.025983194062121014
      vertex 0.03375622222739699 0.005170000079797541 0.02598508996666203
      vertex 0.03376419034265044 0.005081234096445931 0.025986051270372967
    endloop
  endfacet
  facet normal 0.0 0.0 0.0
    outer loop
      vertex 0.03376419034265044 0.005081234096445931 0.025986051270372967
      vertex 0.03385350119985759 0.005170000080522344 0.025994626709826094
      vertex 0.03378713980753919 0.005066150245297056 0.025988641449816326
    endloop
  endfacet
  facet normal 0.0 0.0 0.0
    outer loop
      vertex 0.03378713980753919 0.005066150245297056 0.025988641449816326
      vertex 0.03385350119985759 0.005170000080522344 0.025994626709826094
      vertex 0.033807815365636006 0.005053895964952869 0.025990747162706954
    endloop
  endfacet
  facet normal 0.0 0.0 0.0
    outer loop
      vertex 0.033807815365636006 0.005053895964952869 0.025990747162706954
      vertex 0.03385350119985759 0.005170000080522344 0.025994626709826094
      vertex 0.03382644629580076 0.005043934473152435 0.02599245614708195
    endloop
  endfacet
  facet normal 0.0 0.0 0.0
    outer loop
      vertex 0.03382644629580076 0.005043934473152435 0.02599245614708195
      vertex 0.03385350119985759 0.005170000080522344 0.025994626709826094
      vertex 0.03384508801555119 0.0050349872031146495 0.02599399347008
    endloop
  endfacet
  facet normal 0.0 0.0 0.0
    outer loop
      vertex 0.03384508801555119 0.0050349872031146495 0.02599399347008
      vertex 0.03385350119985759 0.005170000080522344 0.025994626709826094
      vertex 0.03386374591968385 0.005027059549636162 0.025995355317003827
    endloop
  endfacet
  facet normal 0.0 0.0 0.0
    outer loop
      vertex 0.03375622222739699 0.005170000079797541 0.02598508996666203
      vertex 0.03385350119985759 0.005170000080522344 0.025994626709826094
      vertex 0.03376419034265044 0.005081234096445931 0.025986051270372967
    endloop
  endfacet
  facet normal 0.0 0.0 0.0
    outer loop
      vertex 0.03386374591968385 0.005027059549636162 0.025995355317003827
      vertex 0.0339511308340978 0.0051700000812497605 0.025999402710802654
      vertex 0.03388241461340217 0.005020146117920317 0.025996541687853435
    endloop
  endfacet
  facet normal 0.0 0.0 0.0
    outer loop
      vertex 0.03388241461340217 0.005020146117920317 0.025996541687853435
      vertex 0.0339511308340978 0.0051700000812497605 0.025999402710802654
      vertex 0.033899224799676914 0.005014794479809048 0.02599746102989445
    endloop
  endfacet
  facet normal 0.0 0.0 0.0
    outer loop
      vertex 0.033899224799676914 0.005014794479809048 0.02599746102989445
      vertex 0.0339511308340978 0.0051700000812497605 0.025999402710802654
      vertex 0.03391435990159522 0.005010680947507153 0.025998166748888593
    endloop
  endfacet
  facet normal 0.0 0.0 0.0
    outer loop
      vertex 0.03391435990159522 0.005010680947507153 0.025998166748888593
      vertex 0.0339511308340978 0.0051700000812497605 0.025999402710802654
      vertex 0.033929500398305154 0.005007236369984861 0.025998758026964764
    endloop
  endfacet
  facet normal 0.0 0.0 0.0
    outer loop
      vertex 0.033929500398305154 0.005007236369984861 0.025998758026964764
      vertex 0.0339511308340978 0.0051700000812497605 0.025999402710802654
      vertex 0.03394464359240838 0.005004463444640462 0.025999234864122967
    endloop
  endfacet
  facet normal 0.0 0.0 0.0
    outer loop
      vertex 0.03394464359240838 0.005004463444640462 0.025999234864122967
      vertex 0.0339511308340978 0.0051700000812497605 0.025999402710802654
      vertex 0.03395979218130328 0.00500235407927906 0.025999597260363203
    endloop
  endfacet
  facet normal 0.0 0.0 0.0
    outer loop
      vertex 0.03395979218130328 0.00500235407927906 0.025999597260363203
      vertex 0.0339511308340978 0.0051700000812497605 0.025999402710802654
      vertex 0.03397494077019319 0.005000913668697219 0.025999845215685467
    endloop
  endfacet
  facet normal 0.0 0.0 0.0
    outer loop
      vertex 0.03397494077019319 0.005000913668697219 0.025999845215685467
      vertex 0.0339511308340978 0.0051700000812497605 0.025999402710802654
      vertex 0.033987472882721914 0.005000228529621202 0.025999959656603438
    endloop
  endfacet
  facet normal 0.0 0.0 0.0
    outer loop
      vertex 0.033987472882721914 0.005000228529621202 0.025999959656603438
      vertex 0.0339511308340978 0.0051700000812497605 0.025999402710802654
      vertex 0.03400000229784895 0.004999999250858656 0.026000001618273358
    endloop
  endfacet
  facet normal 0.0 0.0 0.0
    outer loop
      vertex 0.03385350119985759 0.005170000080522344 0.025994626709826094
      vertex 0.0339511308340978 0.0051700000812497605 0.025999402710802654
      vertex 0.03386374591968385 0.005027059549636162 0.025995355317003827
    endloop
  endfacet
  facet normal 0.0 0.0 0.0
    outer loop
      vertex 0.03400000229784895 0.004999999250858656 0.026000001618273358
      vertex 0.03404887375906681 0.005170000081978024 0.025999402710802654
      vertex 0.034014255350488756 0.005000295964778368 0.02599994821251164
    endloop
  endfacet
  facet normal 0.0 0.0 0.0
    outer loop
      vertex 0.034014255350488756 0.005000295964778368 0.02599994821251164
      vertex 0.03404887375906681 0.005170000081978024 0.025999402710802654
      vertex 0.03402851110052246 0.005001183408926829 0.025999795624621014
    endloop
  endfacet
  facet normal 0.0 0.0 0.0
    outer loop
      vertex 0.03402851110052246 0.005001183408926829 0.025999795624621014
      vertex 0.03404887375906681 0.005170000081978024 0.025999402710802654
      vertex 0.03404276415315347 0.005002661583304003 0.025999543854601483
    endloop
  endfacet
  facet normal 0.0 0.0 0.0
    outer loop
      vertex 0.03404276415315347 0.005002661583304003 0.025999543854601483
      vertex 0.03404887375906681 0.005170000081978024 0.025999402710802654
      vertex 0.034057017205780055 0.005004733185308206 0.02599918908775578
    endloop
  endfacet
  facet normal 0.0 0.0 0.0
    outer loop
      vertex 0.034057017205780055 0.005004733185308206 0.02599918908775578
      vertex 0.03404887375906681 0.005170000081978024 0.025999402710802654
      vertex 0.034071262166207324 0.005007395517541077 0.025998731324083906
    endloop
  endfacet
  facet normal 0.0 0.0 0.0
    outer loop
      vertex 0.034071262166207324 0.005007395517541077 0.025998731324083906
      vertex 0.03404887375906681 0.005170000081978024 0.025999402710802654
      vertex 0.034085509824028505 0.005010648580002698 0.02599817056358586
    endloop
  endfacet
  facet normal 0.0 0.0 0.0
    outer loop
      vertex 0.034085509824028505 0.005010648580002698 0.02599817056358586
      vertex 0.03404887375906681 0.005170000081978024 0.025999402710802654
      vertex 0.03409974938965035 0.0050144923726929864 0.025997510620958907
    endloop
  endfacet
  facet normal 0.0 0.0 0.0
    outer loop
      vertex 0.03409974938965035 0.0050144923726929864 0.025997510620958907
      vertex 0.03404887375906681 0.005170000081978024 0.025999402710802654
      vertex 0.034113983560471184 0.005018929593010269 0.025996751496203046
    endloop
  endfacet
  facet normal 0.0 0.0 0.0
    outer loop
      vertex 0.034113983560471184 0.005018929593010269 0.025996751496203046
      vertex 0.03404887375906681 0.005170000081978024 0.025999402710802654
      vertex 0.034128215033889304 0.005023957543556261 0.02599588555992375
    endloop
  endfacet
  facet normal 0.0 0.0 0.0
    outer loop
      vertex 0.034128215033889304 0.005023957543556261 0.02599588555992375
      vertex 0.03404887375906681 0.005170000081978024 0.025999402710802654
      vertex 0.03414243571770983 0.005029573526932596 0.025994920441515548
    endloop
  endfacet
  facet normal 0.0 0.0 0.0
    outer loop
      vertex 0.0339511308340978 0.0051700000812497605 0.025999402710802654
      vertex 0.03404887375906681 0.005170000081978024 0.025999402710802654
      vertex 0.03400000229784895 0.004999999250858656 0.026000001618273358
    endloop
  endfacet
  facet normal 0.0 0.0 0.0
    outer loop
      vertex 0.03414243571770983 0.005029573526932596 0.025994920441515548
      vertex 0.03414649799851041 0.005170000082705398 0.025994626709826094
      vertex 0.03415665370412764 0.00503578024053764 0.025993856140978436
    endloop
  endfacet
  facet normal 0.0 0.0 0.0
    outer loop
      vertex 0.03415665370412764 0.00503578024053764 0.025993856140978436
      vertex 0.03414649799851041 0.005170000082705398 0.025994626709826094
      vertex 0.034170860900947814 0.0050425803817696355 0.025992688843615157
    endloop
  endfacet
  facet normal 0.0 0.0 0.0
    outer loop
      vertex 0.034170860900947814 0.0050425803817696355 0.025992688843615157
      vertex 0.03414649799851041 0.005170000082705398 0.025994626709826094
      vertex 0.034185060005568715 0.005049965858433692 0.0259914185494257
    endloop
  endfacet
  facet normal 0.0 0.0 0.0
    outer loop
      vertex 0.034185060005568715 0.005049965858433692 0.0259914185494257
      vertex 0.03414649799851041 0.005170000082705398 0.025994626709826094
      vertex 0.03419924832059201 0.005057939367928089 0.025990049073107344
    endloop
  endfacet
  facet normal 0.0 0.0 0.0
    outer loop
      vertex 0.03419924832059201 0.005057939367928089 0.025990049073107344
      vertex 0.03414649799851041 0.005170000082705398 0.025994626709826094
      vertex 0.034213428543416 0.0050665036076511585 0.025988580414660078
    endloop
  endfacet
  facet normal 0.0 0.0 0.0
    outer loop
      vertex 0.034213428543416 0.0050665036076511585 0.025988580414660078
      vertex 0.03414649799851041 0.005170000082705398 0.025994626709826094
      vertex 0.03422759797664238 0.005075655880204568 0.02598700875938664
    endloop
  endfacet
  facet normal 0.0 0.0 0.0
    outer loop
      vertex 0.03422759797664238 0.005075655880204568 0.02598700875938664
      vertex 0.03414649799851041 0.005170000082705398 0.025994626709826094
      vertex 0.034241753922872833 0.005085398882986608 0.025985334107287032
    endloop
  endfacet
  facet normal 0.0 0.0 0.0
    outer loop
      vertex 0.03404887375906681 0.005170000081978024 0.025999402710802654
      vertex 0.03414649799851041 0.005170000082705398 0.025994626709826094
      vertex 0.03414243571770983 0.005029573526932596 0.025994920441515548
    endloop
  endfacet
  facet normal 0.0 0.0 0.0
    outer loop
      vertex 0.03414649799851041 0.005170000082705398 0.025994626709826094
      vertex 0.034243776970971015 0.0051700000834302064 0.02598508996666203
      vertex 0.034241753922872833 0.005085398882986608 0.025985334107287032
    endloop
  endfacet
  facet normal 0.0 0.0 0.0
    outer loop
      vertex 0.034241753922872833 0.005085398882986608 0.025985334107287032
      vertex 0.034243776970971015 0.0051700000834302064 0.02598508996666203
      vertex 0.03425590177690402 0.005095727221200706 0.025983560273058516
    endloop
  endfacet
  facet normal 0.0 0.0 0.0
    outer loop
      vertex 0.03425590177690402 0.005095727221200706 0.025983560273058516
      vertex 0.034243776970971015 0.0051700000834302064 0.02598508996666203
      vertex 0.034274740406554614 0.005110411857711839 0.025981038758165938
    endloop
  endfacet
  facet normal 0.0 0.0 0.0
    outer loop
      vertex 0.034243776970971015 0.0051700000834302064 0.02598508996666203
      vertex 0.034295904193520896 0.005128176923104263 0.025977990815050703
      vertex 0.034274740406554614 0.005110411857711839 0.025981038758165938
    endloop
  endfacet
  facet normal 0.0 0.0 0.0
    outer loop
      vertex 0.034243776970971015 0.0051700000834302064 0.02598508996666203
      vertex 0.03431703561169772 0.005147258318869138 0.02597471399009953
      vertex 0.034295904193520896 0.005128176923104263 0.025977990815050703
    endloop
  endfacet
  facet normal 0.0 0.0 0.0
    outer loop
      vertex 0.034243776970971015 0.0051700000834302064 0.02598508996666203
      vertex 0.034328758504646735 0.005158425547937927 0.025972795197374922
      vertex 0.03431703561169772 0.005147258318869138 0.02597471399009953
    endloop
  endfacet
  facet normal 0.0 0.0 0.0
    outer loop
      vertex 0.034243776970971015 0.0051700000834302064 0.02598508996666203
      vertex 0.0343404733053978 0.00517000008415067 0.025970807740099532
      vertex 0.034328758504646735 0.005158425547937927 0.025972795197374922
    endloop
  endfacet
  facet normal 0.0 0.0 0.0
    outer loop
      vertex 0.003630946965374388 0.005199997621887143 0.02596565408409367
      vertex 0.0037225128482256393 0.005199997622569381 0.025980657288439374
      vertex 0.0036613898028786352 0.005168130558542273 0.025971128174669844
    endloop
  endfacet
  facet normal 0.0 0.0 0.0
    outer loop
      vertex 0.0036613898028786352 0.005168130558542273 0.025971128174669844
      vertex 0.0037225128482256393 0.005199997622569381 0.025980657288439374
      vertex 0.0036919135623115643 0.005139009446672188 0.025976129242785077
    endloop
  endfacet
  facet normal 0.0 0.0 0.0
    outer loop
      vertex 0.0036919135623115643 0.005139009446672188 0.025976129242785077
      vertex 0.0037225128482256393 0.005199997622569381 0.025980657288439374
      vertex 0.0037194486043836575 0.005115153656270604 0.02598022622764836
    endloop
  endfacet
  facet normal 0.0 0.0 0.0
    outer loop
      vertex 0.0037194486043836575 0.005115153656270604 0.02598022622764836
      vertex 0.0038146748561022088 0.005200000320654365 0.02599139566124211
      vertex 0.003744278155924124 0.005095594821348243 0.025983583161242108
    endloop
  endfacet
  facet normal 0.0 0.0 0.0
    outer loop
      vertex 0.003744278155924124 0.005095594821348243 0.025983583161242108
      vertex 0.0038146748561022088 0.005200000320654365 0.02599139566124211
      vertex 0.0037691481684256753 0.005077845940688637 0.025986631104357342
    endloop
  endfacet
  facet normal 0.0 0.0 0.0
    outer loop
      vertex 0.0037691481684256753 0.005077845940688637 0.025986631104357342
      vertex 0.0038146748561022088 0.005200000320654365 0.02599139566124211
      vertex 0.003791558153648543 0.005063425649518698 0.02598911065758
    endloop
  endfacet
  facet normal 0.0 0.0 0.0
    outer loop
      vertex 0.003791558153648543 0.005063425649518698 0.02598911065758
      vertex 0.0038146748561022088 0.005200000320654365 0.02599139566124211
      vertex 0.0038117535748431355 0.00505170545403526 0.025991121003038985
    endloop
  endfacet
  facet normal 0.0 0.0 0.0
    outer loop
      vertex 0.0037225128482256393 0.005199997622569381 0.025980657288439374
      vertex 0.0038146748561022088 0.005200000320654365 0.02599139566124211
      vertex 0.0037194486043836575 0.005115153656270604 0.02598022622764836
    endloop
  endfacet
  facet normal 0.0 0.0 0.0
    outer loop
      vertex 0.0038117535748431355 0.00505170545403526 0.025991121003038985
      vertex 0.003907238776326199 0.005200000321344039 0.02599784631431828
      vertex 0.0038319651804186727 0.005041177508602619 0.02599292916954289
    endloop
  endfacet
  facet normal 0.0 0.0 0.0
    outer loop
      vertex 0.0038319651804186727 0.005041177508602619 0.02599292916954289
      vertex 0.003907238776326199 0.005200000321344039 0.02599784631431828
      vertex 0.003852198365171725 0.005031847208017424 0.025994531342394454
    endloop
  endfacet
  facet normal 0.0 0.0 0.0
    outer loop
      vertex 0.003852198365171725 0.005031847208017424 0.025994531342394454
      vertex 0.003907238776326199 0.005200000321344039 0.02599784631431828
      vertex 0.003870419290774922 0.005024469823789838 0.02599579782188664
    endloop
  endfacet
  facet normal 0.0 0.0 0.0
    outer loop
      vertex 0.003870419290774922 0.005024469823789838 0.02599579782188664
      vertex 0.003907238776326199 0.005200000321344039 0.02599784631431828
      vertex 0.0038868275647056657 0.005018662325362079 0.025996797272570232
    endloop
  endfacet
  facet normal 0.0 0.0 0.0
    outer loop
      vertex 0.0038868275647056657 0.005018662325362079 0.025996797272570232
      vertex 0.003907238776326199 0.005200000321344039 0.02599784631431828
      vertex 0.0039032412334271903 0.005013637072442723 0.025997659394152266
    endloop
  endfacet
  facet normal 0.0 0.0 0.0
    outer loop
      vertex 0.0039032412334271903 0.005013637072442723 0.025997659394152266
      vertex 0.003907238776326199 0.005200000321344039 0.02599784631431828
      vertex 0.003919665691736065 0.005009399459828419 0.02599838800133
    endloop
  endfacet
  facet normal 0.0 0.0 0.0
    outer loop
      vertex 0.003919665691736065 0.005009399459828419 0.02599838800133
      vertex 0.003907238776326199 0.005200000321344039 0.02599784631431828
      vertex 0.003936092847437397 0.005005946790120802 0.02599897927940617
    endloop
  endfacet
  facet normal 0.0 0.0 0.0
    outer loop
      vertex 0.0038146748561022088 0.005200000320654365 0.02599139566124211
      vertex 0.003907238776326199 0.005200000321344039 0.02599784631431828
      vertex 0.0038117535748431355 0.00505170545403526 0.025991121003038985
    endloop
  endfacet
  facet normal 0.0 0.0 0.0
    outer loop
      vertex 0.003936092847437397 0.005005946790120802 0.02599897927940617
      vertex 0.004000002304024737 0.0052000003220351995 0.026000001618273358
      vertex 0.003952525397929468 0.005003281760718195 0.025999437043078045
    endloop
  endfacet
  facet normal 0.0 0.0 0.0
    outer loop
      vertex 0.003952525397929468 0.005003281760718195 0.025999437043078045
      vertex 0.004000002304024737 0.0052000003220351995 0.026000001618273358
      vertex 0.003968960645813997 0.005001401674222278 0.025999761292345623
    endloop
  endfacet
  facet normal 0.0 0.0 0.0
    outer loop
      vertex 0.003968960645813997 0.005001401674222278 0.025999761292345623
      vertex 0.004000002304024737 0.0052000003220351995 0.026000001618273358
      vertex 0.003984478778268737 0.005000352386397372 0.02599994058311711
    endloop
  endfacet
  facet normal 0.0 0.0 0.0
    outer loop
      vertex 0.003984478778268737 0.005000352386397372 0.02599994058311711
      vertex 0.004000002304024737 0.0052000003220351995 0.026000001618273358
      vertex 0.0039999996081165785 0.005000001724733404 0.026000001618273358
    endloop
  endfacet
  facet normal 0.0 0.0 0.0
    outer loop
      vertex 0.0039999996081165785 0.005000001724733404 0.026000001618273358
      vertex 0.004000002304024737 0.0052000003220351995 0.026000001618273358
      vertex 0.0040154664899931395 0.0050003469918316465 0.02599994058311711
    endloop
  endfacet
  facet normal 0.0 0.0 0.0
    outer loop
      vertex 0.0040154664899931395 0.0050003469918316465 0.02599994058311711
      vertex 0.004000002304024737 0.0052000003220351995 0.026000001618273358
      vertex 0.004030930674466191 0.005001390885090784 0.025999761292345623
    endloop
  endfacet
  facet normal 0.0 0.0 0.0
    outer loop
      vertex 0.004030930674466191 0.005001390885090784 0.025999761292345623
      vertex 0.004000002304024737 0.0052000003220351995 0.026000001618273358
      vertex 0.004046392161535731 0.005003133404510819 0.025999463745958906
    endloop
  endfacet
  facet normal 0.0 0.0 0.0
    outer loop
      vertex 0.004046392161535731 0.005003133404510819 0.025999463745958906
      vertex 0.004000002304024737 0.0052000003220351995 0.026000001618273358
      vertex 0.0040618536486000875 0.005005571852693466 0.02599904412925969
    endloop
  endfacet
  facet normal 0.0 0.0 0.0
    outer loop
      vertex 0.003907238776326199 0.005200000321344039 0.02599784631431828
      vertex 0.004000002304024737 0.0052000003220351995 0.026000001618273358
      vertex 0.003936092847437397 0.005005946790120802 0.02599897927940617
    endloop
  endfacet
  facet normal 0.0 0.0 0.0
    outer loop
      vertex 0.0040618536486000875 0.005005571852693466 0.02599904412925969
      vertex 0.004092760436926664 0.00520000032272632 0.02599784631431828
      vertex 0.004077309740862649 0.005008706229638684 0.025998506256945234
    endloop
  endfacet
  facet normal 0.0 0.0 0.0
    outer loop
      vertex 0.004077309740862649 0.005008706229638684 0.025998506256945234
      vertex 0.004092760436926664 0.00520000032272632 0.02599784631431828
      vertex 0.004092763135721741 0.00501253383794819 0.02599784631431828
    endloop
  endfacet
  facet normal 0.0 0.0 0.0
    outer loop
      vertex 0.004092763135721741 0.00501253383794819 0.02599784631431828
      vertex 0.004092760436926664 0.00520000032272632 0.02599784631431828
      vertex 0.004108208438380714 0.00501706007241855 0.025997071930773358
    endloop
  endfacet
  facet normal 0.0 0.0 0.0
    outer loop
      vertex 0.004108208438380714 0.00501706007241855 0.025997071930773358
      vertex 0.004092760436926664 0.00520000032272632 0.02599784631431828
      vertex 0.004123648346237931 0.0050222768408548744 0.025996175476915937
    endloop
  endfacet
  facet normal 0.0 0.0 0.0
    outer loop
      vertex 0.004123648346237931 0.0050222768408548744 0.025996175476915937
      vertex 0.004092760436926664 0.00520000032272632 0.02599784631431828
      vertex 0.004139080161895029 0.0050281922354520545 0.025995156952746016
    endloop
  endfacet
  facet normal 0.0 0.0 0.0
    outer loop
      vertex 0.004139080161895029 0.0050281922354520545 0.025995156952746016
      vertex 0.004092760436926664 0.00520000032272632 0.02599784631431828
      vertex 0.004154503885352009 0.005034806256210091 0.025994023987658123
    endloop
  endfacet
  facet normal 0.0 0.0 0.0
    outer loop
      vertex 0.004154503885352009 0.005034806256210091 0.025994023987658123
      vertex 0.004092760436926664 0.00520000032272632 0.02599784631431828
      vertex 0.0041699195166089486 0.005042108113535765 0.025992768952257734
    endloop
  endfacet
  facet normal 0.0 0.0 0.0
    outer loop
      vertex 0.0041699195166089486 0.005042108113535765 0.025992768952257734
      vertex 0.004092760436926664 0.00520000032272632 0.02599784631431828
      vertex 0.004185324358267485 0.005050105899623969 0.02599139566124211
    endloop
  endfacet
  facet normal 0.0 0.0 0.0
    outer loop
      vertex 0.004000002304024737 0.0052000003220351995 0.026000001618273358
      vertex 0.004092760436926664 0.00520000032272632 0.02599784631431828
      vertex 0.0040618536486000875 0.005005571852693466 0.02599904412925969
    endloop
  endfacet
  facet normal 0.0 0.0 0.0
    outer loop
      vertex 0.004092760436926664 0.00520000032272632 0.02599784631431828
      vertex 0.004185324357150654 0.005200000323415994 0.02599139566124211
      vertex 0.004185324358267485 0.005050105899623969 0.02599139566124211
    endloop
  endfacet
  facet normal 0.0 0.0 0.0
    outer loop
      vertex 0.004185324358267485 0.005050105899623969 0.02599139566124211
      vertex 0.004185324357150654 0.005200000323415994 0.02599139566124211
      vertex 0.004200718410327617 0.005058799614474707 0.02598990411461125
    endloop
  endfacet
  facet normal 0.0 0.0 0.0
    outer loop
      vertex 0.004200718410327617 0.005058799614474707 0.02598990411461125
      vertex 0.004185324357150654 0.005200000323415994 0.02599139566124211
      vertex 0.004216098975391061 0.005068186560689651 0.02598829049766789
    endloop
  endfacet
  facet normal 0.0 0.0 0.0
    outer loop
      vertex 0.004216098975391061 0.005068186560689651 0.02598829049766789
      vertex 0.004185324357150654 0.005200000323415994 0.02599139566124211
      vertex 0.004231466053457855 0.005078261343472191 0.02598656243980656
    endloop
  endfacet
  facet normal 0.0 0.0 0.0
    outer loop
      vertex 0.004231466053457855 0.005078261343472191 0.02598656243980656
      vertex 0.004185324357150654 0.005200000323415994 0.02599139566124211
      vertex 0.004246822341926246 0.005089032055017264 0.025984712311632734
    endloop
  endfacet
  facet normal 0.0 0.0 0.0
    outer loop
      vertex 0.004246822341926246 0.005089032055017264 0.025984712311632734
      vertex 0.004185324357150654 0.005200000323415994 0.02599139566124211
      vertex 0.004262165143397989 0.005100490603129933 0.025982743927843673
    endloop
  endfacet
  facet normal 0.0 0.0 0.0
    outer loop
      vertex 0.004185324357150654 0.005200000323415994 0.02599139566124211
      vertex 0.004277489063076434 0.00511264238260677 0.025980657288439374
      vertex 0.004262165143397989 0.005100490603129933 0.025982743927843673
    endloop
  endfacet
  facet normal 0.0 0.0 0.0
    outer loop
      vertex 0.004185324357150654 0.005200000323415994 0.02599139566124211
      vertex 0.004277489062425548 0.005200000324102694 0.025980657288439374
      vertex 0.004277489063076434 0.00511264238260677 0.025980657288439374
    endloop
  endfacet
  facet normal 0.0 0.0 0.0
    outer loop
      vertex 0.004277489063076434 0.00511264238260677 0.025980657288439374
      vertex 0.004277489062425548 0.005200000324102694 0.025980657288439374
      vertex 0.004297894881122782 0.005129913824103785 0.025977689453966717
    endloop
  endfacet
  facet normal 0.0 0.0 0.0
    outer loop
      vertex 0.004297894881122782 0.005129913824103785 0.025977689453966717
      vertex 0.004277489062425548 0.005200000324102694 0.025980657288439374
      vertex 0.004320814674362098 0.005150810568941044 0.02597410363853703
    endloop
  endfacet
  facet normal 0.0 0.0 0.0
    outer loop
      vertex 0.004277489062425548 0.005200000324102694 0.025980657288439374
      vertex 0.004343688611818716 0.0051732529230065554 0.025970246979601482
      vertex 0.004320814674362098 0.005150810568941044 0.02597410363853703
    endloop
  endfacet
  facet normal 0.0 0.0 0.0
    outer loop
      vertex 0.004277489062425548 0.005200000324102694 0.025980657288439374
      vertex 0.004356377173346137 0.00518638925284497 0.0259679924935175
      vertex 0.004343688611818716 0.0051732529230065554 0.025970246979601482
    endloop
  endfacet
  facet normal 0.0 0.0 0.0
    outer loop
      vertex 0.004277489062425548 0.005200000324102694 0.025980657288439374
      vertex 0.0043690549452768 0.005200000324784931 0.02596565408409367
      vertex 0.004356377173346137 0.00518638925284497 0.0259679924935175
    endloop
  endfacet
  facet normal 0.0 0.0 0.0
    outer loop
      vertex 0.004000002304024737 0.0052000003220351995 0.026000001618273358
      vertex 0.003907238776326199 0.005200000321344039 0.02599784631431828
      vertex 0.0038146748561022088 0.005200000320654365 0.02599139566124211
    endloop
  endfacet
  facet normal 0.0 0.0 0.0
    outer loop
      vertex 0.004277489062425548 0.005200000324102694 0.025980657288439374
      vertex 0.0038146748561022088 0.005200000320654365 0.02599139566124211
      vertex 0.0037225128482256393 0.005199997622569381 0.025980657288439374
    endloop
  endfacet
  facet normal 0.0 0.0 0.0
    outer loop
      vertex 0.004277489062425548 0.005200000324102694 0.025980657288439374
      vertex 0.004092760436926664 0.00520000032272632 0.02599784631431828
      vertex 0.004000002304024737 0.0052000003220351995 0.026000001618273358
    endloop
  endfacet
  facet normal 0.0 0.0 0.0
    outer loop
      vertex 0.004277489062425548 0.005200000324102694 0.025980657288439374
      vertex 0.004185324357150654 0.005200000323415994 0.02599139566124211
      vertex 0.004092760436926664 0.00520000032272632 0.02599784631431828
    endloop
  endfacet
  facet normal 0.0 0.0 0.0
    outer loop
      vertex 0.004277489062425548 0.005200000324102694 0.025980657288439374
      vertex 0.004000002304024737 0.0052000003220351995 0.026000001618273358
      vertex 0.0038146748561022088 0.005200000320654365 0.02599139566124211
    endloop
  endfacet
  facet normal 0.0 0.0 0.0
    outer loop
      vertex 0.0043690549452768 0.005200000324784931 0.02596565408409367
      vertex 0.0037225128482256393 0.005199997622569381 0.025980657288439374
      vertex 0.003630946965374388 0.005199997621887143 0.02596565408409367
    endloop
  endfacet
  facet normal 0.0 0.0 0.0
    outer loop
      vertex 0.0043690549452768 0.005200000324784931 0.02596565408409367
      vertex 0.004277489062425548 0.005200000324102694 0.025980657288439374
      vertex 0.0037225128482256393 0.005199997622569381 0.025980657288439374
    endloop
  endfacet
  facet normal 0.0 0.0 0.0
    outer loop
      vertex 0.020800000206213667 0.03999999914356468 0.015000001618273359
      vertex 0.02079776271431991 0.04000000049224716 0.015089723297960858
      vertex 0.020800000183861307 0.042999999682277745 0.015000001618273359
    endloop
  endfacet
  facet normal 0.0 0.0 0.0
    outer loop
      vertex 0.020800000183861307 0.042999999682277745 0.015000001618273359
      vertex 0.02079776271431991 0.04000000049224716 0.015089723297960858
      vertex 0.02079776201761798 0.04300000035661065 0.015089723297960858
    endloop
  endfacet
  facet normal 0.0 0.0 0.0
    outer loop
      vertex 0.02079776201761798 0.04300000035661065 0.015089723297960858
      vertex 0.02079105563343529 0.03999999914349803 0.015179223725206952
      vertex 0.020791055611082934 0.0429999996822111 0.015179223725206952
    endloop
  endfacet
  facet normal 0.0 0.0 0.0
    outer loop
      vertex 0.02079776271431991 0.04000000049224716 0.015089723297960858
      vertex 0.02079105563343529 0.03999999914349803 0.015179223725206952
      vertex 0.02079776201761798 0.04300000035661065 0.015089723297960858
    endloop
  endfacet
  facet normal 0.0 0.0 0.0
    outer loop
      vertex 0.020791055611082934 0.0429999996822111 0.015179223725206952
      vertex 0.020779895147949597 0.04000000049211403 0.015268277832872969
      vertex 0.0207798964742964 0.042999999682127955 0.015268277832872969
    endloop
  endfacet
  facet normal 0.0 0.0 0.0
    outer loop
      vertex 0.02079105563343529 0.03999999914349803 0.015179223725206952
      vertex 0.020779895147949597 0.04000000049211403 0.015268277832872969
      vertex 0.020791055611082934 0.0429999996822111 0.015179223725206952
    endloop
  endfacet
  facet normal 0.0 0.0 0.0
    outer loop
      vertex 0.0207798964742964 0.042999999682127955 0.015268277832872969
      vertex 0.020764310929244217 0.03999999914329876 0.0153566643685175
      vertex 0.020764310906891858 0.04299999968201183 0.0153566643685175
    endloop
  endfacet
  facet normal 0.0 0.0 0.0
    outer loop
      vertex 0.020779895147949597 0.04000000049211403 0.015268277832872969
      vertex 0.020764310929244217 0.03999999914329876 0.0153566643685175
      vertex 0.0207798964742964 0.042999999682127955 0.015268277832872969
    endloop
  endfacet
  facet normal 0.0 0.0 0.0
    outer loop
      vertex 0.020764310906891858 0.04299999968201183 0.0153566643685175
      vertex 0.020744339392196238 0.039999999143149965 0.01544416207969914
      vertex 0.020744339369843882 0.04299999968186303 0.01544416207969914
    endloop
  endfacet
  facet normal 0.0 0.0 0.0
    outer loop
      vertex 0.020764310929244217 0.03999999914329876 0.0153566643685175
      vertex 0.020744339392196238 0.039999999143149965 0.01544416207969914
      vertex 0.020764310906891858 0.04299999968201183 0.0153566643685175
    endloop
  endfacet
  facet normal 0.0 0.0 0.0
    outer loop
      vertex 0.020744339369843882 0.04299999968186303 0.01544416207969914
      vertex 0.02072003178737345 0.040000000491668006 0.01553056115806828
      vertex 0.02072003109067152 0.043000000356031486 0.01553056115806828
    endloop
  endfacet
  facet normal 0.0 0.0 0.0
    outer loop
      vertex 0.020744339392196238 0.039999999143149965 0.01544416207969914
      vertex 0.02072003178737345 0.040000000491668006 0.01553056115806828
      vertex 0.020744339369843882 0.04299999968186303 0.01544416207969914
    endloop
  endfacet
  facet normal 0.0 0.0 0.0
    outer loop
      vertex 0.02072003109067152 0.043000000356031486 0.01553056115806828
      vertex 0.02069144745753857 0.04000000049145502 0.01561563653648625
      vertex 0.020691446760836646 0.04300000035581852 0.01561563653648625
    endloop
  endfacet
  facet normal 0.0 0.0 0.0
    outer loop
      vertex 0.02072003178737345 0.040000000491668006 0.01553056115806828
      vertex 0.02069144745753857 0.04000000049145502 0.01561563653648625
      vertex 0.02072003109067152 0.043000000356031486 0.01553056115806828
    endloop
  endfacet
  facet normal 0.0 0.0 0.0
    outer loop
      vertex 0.020691446760836646 0.04300000035581852 0.01561563653648625
      vertex 0.02065865788374667 0.04000000049121072 0.015699182221300702
      vertex 0.020658657187044745 0.0430000003555742 0.015699182221300702
    endloop
  endfacet
  facet normal 0.0 0.0 0.0
    outer loop
      vertex 0.02069144745753857 0.04000000049145502 0.01561563653648625
      vertex 0.02065865788374667 0.04000000049121072 0.015699182221300702
      vertex 0.020691446760836646 0.04300000035581852 0.01561563653648625
    endloop
  endfacet
  facet normal 0.0 0.0 0.0
    outer loop
      vertex 0.020658657187044745 0.0430000003555742 0.015699182221300702
      vertex 0.020621743987946892 0.040000000490935675 0.015780992218859296
      vertex 0.02062174329124496 0.04300000035529916 0.015780992218859296
    endloop
  endfacet
  facet normal 0.0 0.0 0.0
    outer loop
      vertex 0.02065865788374667 0.04000000049121072 0.015699182221300702
      vertex 0.020621743987946892 0.040000000490935675 0.015780992218859296
      vertex 0.020658657187044745 0.0430000003555742 0.015699182221300702
    endloop
  endfacet
  facet normal 0.0 0.0 0.0
    outer loop
      vertex 0.02062174329124496 0.04300000035529916 0.015780992218859296
      vertex 0.02058079883038075 0.039999999141931454 0.01586085672081242
      vertex 0.02058079880802839 0.042999999680644524 0.01586085672081242
    endloop
  endfacet
  facet normal 0.0 0.0 0.0
    outer loop
      vertex 0.020621743987946892 0.040000000490935675 0.015780992218859296
      vertex 0.02058079883038075 0.039999999141931454 0.01586085672081242
      vertex 0.02062174329124496 0.04300000035529916 0.015780992218859296
    endloop
  endfacet
  facet normal 0.0 0.0 0.0
    outer loop
      vertex 0.02058079883038075 0.039999999141931454 0.01586085672081242
      vertex 0.020535923563484645 0.04000000049029625 0.015938584992296796
      vertex 0.02058079880802839 0.042999999680644524 0.01586085672081242
    endloop
  endfacet
  facet normal 0.0 0.0 0.0
    outer loop
      vertex 0.020535922866782717 0.04300000035465974 0.015938584992296796
      vertex 0.020535923563484645 0.04000000049029625 0.015938584992296796
      vertex 0.02048722943258632 0.04300000035429693 0.016013974854357342
    endloop
  endfacet
  facet normal 0.0 0.0 0.0
    outer loop
      vertex 0.02058079880802839 0.042999999680644524 0.01586085672081242
      vertex 0.020535923563484645 0.04000000049029625 0.015938584992296796
      vertex 0.020535922866782717 0.04300000035465974 0.015938584992296796
    endloop
  endfacet
  facet normal 0.0 0.0 0.0
    outer loop
      vertex 0.020535923563484645 0.04000000049029625 0.015938584992296796
      vertex 0.02048723012928825 0.04000000048993345 0.016013974854357342
      vertex 0.02048722943258632 0.04300000035429693 0.016013974854357342
    endloop
  endfacet
  facet normal 0.0 0.0 0.0
    outer loop
      vertex 0.02048723012928825 0.04000000048993345 0.016013974854357342
      vertex 0.020434838562016118 0.04000000048954309 0.016086847016222577
      vertex 0.02048722943258632 0.04300000035429693 0.016013974854357342
    endloop
  endfacet
  facet normal 0.0 0.0 0.0
    outer loop
      vertex 0.020434837865314186 0.043000000353906574 0.016086847016222577
      vertex 0.020434838562016118 0.04000000048954309 0.016086847016222577
      vertex 0.020378879663133672 0.04299999967914007 0.01615701837242375
    endloop
  endfacet
  facet normal 0.0 0.0 0.0
    outer loop
      vertex 0.02048722943258632 0.04300000035429693 0.016013974854357342
      vertex 0.020434838562016118 0.04000000048954309 0.016086847016222577
      vertex 0.020434837865314186 0.043000000353906574 0.016086847016222577
    endloop
  endfacet
  facet normal 0.0 0.0 0.0
    outer loop
      vertex 0.020434838562016118 0.04000000048954309 0.016086847016222577
      vertex 0.020378879685486035 0.039999999140427 0.01615701837242375
      vertex 0.020378879663133672 0.04299999967914007 0.01615701837242375
    endloop
  endfacet
  facet normal 0.0 0.0 0.0
    outer loop
      vertex 0.020378879663133672 0.04299999967914007 0.01615701837242375
      vertex 0.020378879685486035 0.039999999140427 0.01615701837242375
      vertex 0.02031949374205746 0.042999999678697595 0.016224309632189373
    endloop
  endfacet
  facet normal 0.0 0.0 0.0
    outer loop
      vertex 0.020378879685486035 0.039999999140427 0.01615701837242375
      vertex 0.020319493764409818 0.039999999139984525 0.016224309632189373
      vertex 0.02031949374205746 0.042999999678697595 0.016224309632189373
    endloop
  endfacet
  facet normal 0.0 0.0 0.0
    outer loop
      vertex 0.020319493764409818 0.039999999139984525 0.016224309632189373
      vertex 0.020256826458295935 0.040000000488216766 0.016288560578234298
      vertex 0.02031949374205746 0.042999999678697595 0.016224309632189373
    endloop
  endfacet
  facet normal 0.0 0.0 0.0
    outer loop
      vertex 0.020256825761594002 0.043000000352580246 0.016288560578234298
      vertex 0.020256826458295935 0.040000000488216766 0.016288560578234298
      vertex 0.020191033519544127 0.04300000035209004 0.016349607178576094
    endloop
  endfacet
  facet normal 0.0 0.0 0.0
    outer loop
      vertex 0.02031949374205746 0.042999999678697595 0.016224309632189373
      vertex 0.020256826458295935 0.040000000488216766 0.016288560578234298
      vertex 0.020256825761594002 0.043000000352580246 0.016288560578234298
    endloop
  endfacet
  facet normal 0.0 0.0 0.0
    outer loop
      vertex 0.020256826458295935 0.040000000488216766 0.016288560578234298
      vertex 0.02019103421624606 0.040000000487726554 0.016349607178576094
      vertex 0.020191033519544127 0.04300000035209004 0.016349607178576094
    endloop
  endfacet
  facet normal 0.0 0.0 0.0
    outer loop
      vertex 0.02019103421624606 0.040000000487726554 0.016349607178576094
      vertex 0.020122281579556794 0.039999999138515145 0.01640729684532414
      vertex 0.020191033519544127 0.04300000035209004 0.016349607178576094
    endloop
  endfacet
  facet normal 0.0 0.0 0.0
    outer loop
      vertex 0.020191033519544127 0.04300000035209004 0.016349607178576094
      vertex 0.020122281579556794 0.039999999138515145 0.01640729684532414
      vertex 0.020122281557204438 0.04299999967722821 0.01640729684532414
    endloop
  endfacet
  facet normal 0.0 0.0 0.0
    outer loop
      vertex 0.020122281557204438 0.04299999967722821 0.01640729684532414
      vertex 0.020050738484321307 0.03999999913798209 0.016461488434679608
      vertex 0.020050738461968955 0.042999999676695155 0.016461488434679608
    endloop
  endfacet
  facet normal 0.0 0.0 0.0
    outer loop
      vertex 0.020122281579556794 0.039999999138515145 0.01640729684532414
      vertex 0.020050738484321307 0.03999999913798209 0.016461488434679608
      vertex 0.020122281557204438 0.04299999967722821 0.01640729684532414
    endloop
  endfacet
  facet normal 0.0 0.0 0.0
    outer loop
      vertex 0.020050738461968955 0.042999999676695155 0.016461488434679608
      vertex 0.01997658295882771 0.04000000048612873 0.0165120484322382
      vertex 0.019976583610824952 0.04299999900179307 0.0165120484322382
    endloop
  endfacet
  facet normal 0.0 0.0 0.0
    outer loop
      vertex 0.020050738484321307 0.03999999913798209 0.016461488434679608
      vertex 0.01997658295882771 0.04000000048612873 0.0165120484322382
      vertex 0.020050738461968955 0.042999999676695155 0.016461488434679608
    endloop
  endfacet
  facet normal 0.0 0.0 0.0
    outer loop
      vertex 0.019976583610824952 0.04299999900179307 0.0165120484322382
      vertex 0.019899999774859914 0.03999999913685897 0.01655884713829289
      vertex 0.019899999752507558 0.04299999967557203 0.01655884713829289
    endloop
  endfacet
  facet normal 0.0 0.0 0.0
    outer loop
      vertex 0.01997658295882771 0.04000000048612873 0.0165120484322382
      vertex 0.019899999774859914 0.03999999913685897 0.01655884713829289
      vertex 0.019976583610824952 0.04299999900179307 0.0165120484322382
    endloop
  endfacet
  facet normal 0.0 0.0 0.0
    outer loop
      vertex 0.019899999752507558 0.04299999967557203 0.01655884713829289
      vertex 0.019821179098998356 0.03999999913627169 0.016601770111925703
      vertex 0.019821179076646 0.04299999967498476 0.016601770111925703
    endloop
  endfacet
  facet normal 0.0 0.0 0.0
    outer loop
      vertex 0.019899999774859914 0.03999999913685897 0.01655884713829289
      vertex 0.019821179098998356 0.03999999913627169 0.016601770111925703
      vertex 0.019899999752507558 0.04299999967557203 0.01655884713829289
    endloop
  endfacet
  facet normal 0.0 0.0 0.0
    outer loop
      vertex 0.019821179076646 0.04299999967498476 0.016601770111925703
      vertex 0.019740316492620147 0.0399999991356692 0.0166407105416132
      vertex 0.01974031647026779 0.04299999967438227 0.0166407105416132
    endloop
  endfacet
  facet normal 0.0 0.0 0.0
    outer loop
      vertex 0.019821179098998356 0.03999999913627169 0.016601770111925703
      vertex 0.019740316492620147 0.0399999991356692 0.0166407105416132
      vertex 0.019821179076646 0.04299999967498476 0.016601770111925703
    endloop
  endfacet
  facet normal 0.0 0.0 0.0
    outer loop
      vertex 0.01965761423824577 0.042999999673766075 0.01667557305992375
      vertex 0.019657614260598127 0.039999999135053005 0.01667557305992375
      vertex 0.019573276034151946 0.043000001021836834 0.016706269928820235
    endloop
  endfacet
  facet normal 0.0 0.0 0.0
    outer loop
      vertex 0.01974031647026779 0.04299999967438227 0.0166407105416132
      vertex 0.019657614260598127 0.039999999135053005 0.01667557305992375
      vertex 0.01965761423824577 0.042999999673766075 0.01667557305992375
    endloop
  endfacet
  facet normal 0.0 0.0 0.0
    outer loop
      vertex 0.019740316492620147 0.0399999991356692 0.0166407105416132
      vertex 0.019657614260598127 0.039999999135053005 0.01667557305992375
      vertex 0.01974031647026779 0.04299999967438227 0.0166407105416132
    endloop
  endfacet
  facet normal 0.0 0.0 0.0
    outer loop
      vertex 0.019657614260598127 0.039999999135053005 0.01667557305992375
      vertex 0.019573276056504305 0.04000000048312377 0.016706269928820235
      vertex 0.019573276034151946 0.043000001021836834 0.016706269928820235
    endloop
  endfacet
  facet normal 0.0 0.0 0.0
    outer loop
      vertex 0.019573276034151946 0.043000001021836834 0.016706269928820235
      vertex 0.01948751227740645 0.04000000048248477 0.016732724854357343
      vertex 0.019487513603753257 0.042999999672498686 0.016732724854357343
    endloop
  endfacet
  facet normal 0.0 0.0 0.0
    outer loop
      vertex 0.019573276056504305 0.04000000048312377 0.016706269928820235
      vertex 0.01948751227740645 0.04000000048248477 0.016732724854357343
      vertex 0.019573276034151946 0.043000001021836834 0.016706269928820235
    endloop
  endfacet
  facet normal 0.0 0.0 0.0
    outer loop
      vertex 0.019400538692816605 0.04299999967185066 0.016754869171984297
      vertex 0.019400537366469798 0.04000000048183674 0.016754869171984297
      vertex 0.019312565744507203 0.042999999671195194 0.01677265329063664
    endloop
  endfacet
  facet normal 0.0 0.0 0.0
    outer loop
      vertex 0.019487513603753257 0.042999999672498686 0.016732724854357343
      vertex 0.019400537366469798 0.04000000048183674 0.016754869171984297
      vertex 0.019400538692816605 0.04299999967185066 0.016754869171984297
    endloop
  endfacet
  facet normal 0.0 0.0 0.0
    outer loop
      vertex 0.01948751227740645 0.04000000048248477 0.016732724854357343
      vertex 0.019400537366469798 0.04000000048183674 0.016754869171984297
      vertex 0.019487513603753257 0.042999999672498686 0.016732724854357343
    endloop
  endfacet
  facet normal 0.0 0.0 0.0
    outer loop
      vertex 0.019400537366469798 0.04000000048183674 0.016754869171984297
      vertex 0.019312567115558708 0.04000000048118129 0.01677265329063664
      vertex 0.019312565744507203 0.042999999671195194 0.01677265329063664
    endloop
  endfacet
  facet normal 0.0 0.0 0.0
    outer loop
      vertex 0.019312565744507203 0.042999999671195194 0.01677265329063664
      vertex 0.01922381866523672 0.039999999131820896 0.016786031433947187
      vertex 0.019223818642884364 0.04299999967053395 0.016786031433947187
    endloop
  endfacet
  facet normal 0.0 0.0 0.0
    outer loop
      vertex 0.019312567115558708 0.04000000048118129 0.01677265329063664
      vertex 0.01922381866523672 0.039999999131820896 0.016786031433947187
      vertex 0.019312565744507203 0.042999999671195194 0.01677265329063664
    endloop
  endfacet
  facet normal 0.0 0.0 0.0
    outer loop
      vertex 0.019223818642884364 0.04299999967053395 0.016786031433947187
      vertex 0.019134514550863947 0.04000000047985466 0.01679496545494328
      vertex 0.01913451317981245 0.04299999966986856 0.01679496545494328
    endloop
  endfacet
  facet normal 0.0 0.0 0.0
    outer loop
      vertex 0.01922381866523672 0.039999999131820896 0.016786031433947187
      vertex 0.019134514550863947 0.04000000047985466 0.01679496545494328
      vertex 0.019223818642884364 0.04299999967053395 0.016786031433947187
    endloop
  endfacet
  facet normal 0.0 0.0 0.0
    outer loop
      vertex 0.01913451317981245 0.04299999966986856 0.01679496545494328
      vertex 0.01904487461040225 0.04000000047918677 0.01679944009483586
      vertex 0.019044875936749056 0.04299999966920069 0.01679944009483586
    endloop
  endfacet
  facet normal 0.0 0.0 0.0
    outer loop
      vertex 0.019134514550863947 0.04000000047985466 0.01679496545494328
      vertex 0.01904487461040225 0.04000000047918677 0.01679944009483586
      vertex 0.01913451317981245 0.04299999966986856 0.01679496545494328
    endloop
  endfacet
  facet normal 0.0 0.0 0.0
    outer loop
      vertex 0.019044875936749056 0.04299999966920069 0.01679944009483586
      vertex 0.018955124076610062 0.04000000047851806 0.01679944009483586
      vertex 0.018955125402956866 0.04299999966853198 0.01679944009483586
    endloop
  endfacet
  facet normal 0.0 0.0 0.0
    outer loop
      vertex 0.01904487461040225 0.04000000047918677 0.01679944009483586
      vertex 0.018955124076610062 0.04000000047851806 0.01679944009483586
      vertex 0.019044875936749056 0.04299999966920069 0.01679944009483586
    endloop
  endfacet
  facet normal 0.0 0.0 0.0
    outer loop
      vertex 0.01886548546249517 0.04299999966786409 0.01679496545494328
      vertex 0.018865485484847525 0.039999999129151025 0.01679496545494328
      vertex 0.01877618134812239 0.043000001015897855 0.016786031433947187
    endloop
  endfacet
  facet normal 0.0 0.0 0.0
    outer loop
      vertex 0.018955125402956866 0.04299999966853198 0.01679944009483586
      vertex 0.018865485484847525 0.039999999129151025 0.01679496545494328
      vertex 0.01886548546249517 0.04299999966786409 0.01679496545494328
    endloop
  endfacet
  facet normal 0.0 0.0 0.0
    outer loop
      vertex 0.018955124076610062 0.04000000047851806 0.01679944009483586
      vertex 0.018865485484847525 0.039999999129151025 0.01679496545494328
      vertex 0.018955125402956866 0.04299999966853198 0.01679944009483586
    endloop
  endfacet
  facet normal 0.0 0.0 0.0
    outer loop
      vertex 0.018865485484847525 0.039999999129151025 0.01679496545494328
      vertex 0.01877618137047475 0.04000000047718479 0.016786031433947187
      vertex 0.01877618134812239 0.043000001015897855 0.016786031433947187
    endloop
  endfacet
  facet normal 0.0 0.0 0.0
    outer loop
      vertex 0.018687432897800407 0.04299999966653746 0.01677265329063664
      vertex 0.018687432920152767 0.0399999991278244 0.01677265329063664
      vertex 0.01859946264688932 0.04299999966588201 0.016754869171984297
    endloop
  endfacet
  facet normal 0.0 0.0 0.0
    outer loop
      vertex 0.01877618134812239 0.043000001015897855 0.016786031433947187
      vertex 0.018687432920152767 0.0399999991278244 0.01677265329063664
      vertex 0.018687432897800407 0.04299999966653746 0.01677265329063664
    endloop
  endfacet
  facet normal 0.0 0.0 0.0
    outer loop
      vertex 0.01877618137047475 0.04000000047718479 0.016786031433947187
      vertex 0.018687432920152767 0.0399999991278244 0.01677265329063664
      vertex 0.01877618134812239 0.043000001015897855 0.016786031433947187
    endloop
  endfacet
  facet normal 0.0 0.0 0.0
    outer loop
      vertex 0.018687432920152767 0.0399999991278244 0.01677265329063664
      vertex 0.018599462669241673 0.03999999912716895 0.016754869171984297
      vertex 0.01859946264688932 0.04299999966588201 0.016754869171984297
    endloop
  endfacet
  facet normal 0.0 0.0 0.0
    outer loop
      vertex 0.018599462669241673 0.03999999912716895 0.016754869171984297
      vertex 0.018512486409605854 0.040000000475220066 0.016732724854357343
      vertex 0.01859946264688932 0.04299999966588201 0.016754869171984297
    endloop
  endfacet
  facet normal 0.0 0.0 0.0
    outer loop
      vertex 0.01859946264688932 0.04299999966588201 0.016754869171984297
      vertex 0.018512486409605854 0.040000000475220066 0.016732724854357343
      vertex 0.01851248773595266 0.04299999966523398 0.016732724854357343
    endloop
  endfacet
  facet normal 0.0 0.0 0.0
    outer loop
      vertex 0.018512486409605854 0.040000000475220066 0.016732724854357343
      vertex 0.01842672397920717 0.039999999125881903 0.016706269928820235
      vertex 0.01851248773595266 0.04299999966523398 0.016732724854357343
    endloop
  endfacet
  facet normal 0.0 0.0 0.0
    outer loop
      vertex 0.01851248773595266 0.04299999966523398 0.016732724854357343
      vertex 0.01842672397920717 0.039999999125881903 0.016706269928820235
      vertex 0.01842672395685481 0.04299999966459497 0.016706269928820235
    endloop
  endfacet
  facet normal 0.0 0.0 0.0
    outer loop
      vertex 0.01842672395685481 0.04299999966459497 0.016706269928820235
      vertex 0.018342385775113344 0.04000000047395268 0.01667557305992375
      vertex 0.018342387101460148 0.0429999996639666 0.01667557305992375
    endloop
  endfacet
  facet normal 0.0 0.0 0.0
    outer loop
      vertex 0.01842672397920717 0.039999999125881903 0.016706269928820235
      vertex 0.018342385775113344 0.04000000047395268 0.01667557305992375
      vertex 0.01842672395685481 0.04299999966459497 0.016706269928820235
    endloop
  endfacet
  facet normal 0.0 0.0 0.0
    outer loop
      vertex 0.018342387101460148 0.0429999996639666 0.01667557305992375
      vertex 0.018259683543091328 0.040000000473336475 0.0166407105416132
      vertex 0.018259684195088555 0.043000000337699976 0.0166407105416132
    endloop
  endfacet
  facet normal 0.0 0.0 0.0
    outer loop
      vertex 0.018342385775113344 0.04000000047395268 0.01667557305992375
      vertex 0.018259683543091328 0.040000000473336475 0.0166407105416132
      vertex 0.018342387101460148 0.0429999996639666 0.01667557305992375
    endloop
  endfacet
  facet normal 0.0 0.0 0.0
    outer loop
      vertex 0.018259684195088555 0.043000000337699976 0.0166407105416132
      vertex 0.018178820936713115 0.040000000472733985 0.016601770111925703
      vertex 0.018178821588710335 0.043000000337097485 0.016601770111925703
    endloop
  endfacet
  facet normal 0.0 0.0 0.0
    outer loop
      vertex 0.018259683543091328 0.040000000473336475 0.0166407105416132
      vertex 0.018178820936713115 0.040000000472733985 0.016601770111925703
      vertex 0.018259684195088555 0.043000000337699976 0.0166407105416132
    endloop
  endfacet
  facet normal 0.0 0.0 0.0
    outer loop
      vertex 0.018178821588710335 0.043000000337097485 0.016601770111925703
      vertex 0.018100000260851557 0.04000000047214671 0.01655884713829289
      vertex 0.01810000091284878 0.043000000336510205 0.01655884713829289
    endloop
  endfacet
  facet normal 0.0 0.0 0.0
    outer loop
      vertex 0.018178820936713115 0.040000000472733985 0.016601770111925703
      vertex 0.018100000260851557 0.04000000047214671 0.01655884713829289
      vertex 0.018178821588710335 0.043000000337097485 0.016601770111925703
    endloop
  endfacet
  facet normal 0.0 0.0 0.0
    outer loop
      vertex 0.01810000091284878 0.043000000336510205 0.01655884713829289
      vertex 0.018023417076883756 0.03999999912287696 0.0165120484322382
      vertex 0.0180234170545314 0.04299999966159002 0.0165120484322382
    endloop
  endfacet
  facet normal 0.0 0.0 0.0
    outer loop
      vertex 0.018100000260851557 0.04000000047214671 0.01655884713829289
      vertex 0.018023417076883756 0.03999999912287696 0.0165120484322382
      vertex 0.01810000091284878 0.043000000336510205 0.01655884713829289
    endloop
  endfacet
  facet normal 0.0 0.0 0.0
    outer loop
      vertex 0.0180234170545314 0.04299999966159002 0.0165120484322382
      vertex 0.01794926155139016 0.04000000047102359 0.016461488434679608
      vertex 0.017949262203387384 0.04300000033538708 0.016461488434679608
    endloop
  endfacet
  facet normal 0.0 0.0 0.0
    outer loop
      vertex 0.018023417076883756 0.03999999912287696 0.0165120484322382
      vertex 0.01794926155139016 0.04000000047102359 0.016461488434679608
      vertex 0.0180234170545314 0.04299999966159002 0.0165120484322382
    endloop
  endfacet
  facet normal 0.0 0.0 0.0
    outer loop
      vertex 0.017877719108151904 0.04300000033485404 0.01640729684532414
      vertex 0.017877718456154674 0.04000000047049054 0.01640729684532414
      vertex 0.017808965797113052 0.04299999965999219 0.016349607178576094
    endloop
  endfacet
  facet normal 0.0 0.0 0.0
    outer loop
      vertex 0.017949262203387384 0.04300000033538708 0.016461488434679608
      vertex 0.017877718456154674 0.04000000047049054 0.01640729684532414
      vertex 0.017877719108151904 0.04300000033485404 0.01640729684532414
    endloop
  endfacet
  facet normal 0.0 0.0 0.0
    outer loop
      vertex 0.01794926155139016 0.04000000047102359 0.016461488434679608
      vertex 0.017877718456154674 0.04000000047049054 0.01640729684532414
      vertex 0.017949262203387384 0.04300000033538708 0.016461488434679608
    endloop
  endfacet
  facet normal 0.0 0.0 0.0
    outer loop
      vertex 0.017877718456154674 0.04000000047049054 0.01640729684532414
      vertex 0.017808965819465415 0.03999999912127913 0.016349607178576094
      vertex 0.017808965797113052 0.04299999965999219 0.016349607178576094
    endloop
  endfacet
  facet normal 0.0 0.0 0.0
    outer loop
      vertex 0.017808965797113052 0.04299999965999219 0.016349607178576094
      vertex 0.017743173577415547 0.03999999912078892 0.016288560578234298
      vertex 0.017743173555063187 0.042999999659501985 0.016288560578234298
    endloop
  endfacet
  facet normal 0.0 0.0 0.0
    outer loop
      vertex 0.017808965819465415 0.03999999912127913 0.016349607178576094
      vertex 0.017743173577415547 0.03999999912078892 0.016288560578234298
      vertex 0.017808965797113052 0.04299999965999219 0.016349607178576094
    endloop
  endfacet
  facet normal 0.0 0.0 0.0
    outer loop
      vertex 0.017743173555063187 0.042999999659501985 0.016288560578234298
      vertex 0.017680506271301657 0.04000000046902115 0.016224309632189373
      vertex 0.017680506923298877 0.04300000033338465 0.016224309632189373
    endloop
  endfacet
  facet normal 0.0 0.0 0.0
    outer loop
      vertex 0.017743173577415547 0.03999999912078892 0.016288560578234298
      vertex 0.017680506271301657 0.04000000046902115 0.016224309632189373
      vertex 0.017743173555063187 0.042999999659501985 0.016288560578234298
    endloop
  endfacet
  facet normal 0.0 0.0 0.0
    outer loop
      vertex 0.017680506923298877 0.04300000033338465 0.016224309632189373
      vertex 0.01762112035022544 0.040000000468578684 0.01615701837242375
      vertex 0.017621121002222667 0.04300000033294218 0.01615701837242375
    endloop
  endfacet
  facet normal 0.0 0.0 0.0
    outer loop
      vertex 0.017680506271301657 0.04000000046902115 0.016224309632189373
      vertex 0.01762112035022544 0.040000000468578684 0.01615701837242375
      vertex 0.017680506923298877 0.04300000033338465 0.016224309632189373
    endloop
  endfacet
  facet normal 0.0 0.0 0.0
    outer loop
      vertex 0.017621121002222667 0.04300000033294218 0.01615701837242375
      vertex 0.017565161473695353 0.039999999119462594 0.016086847016222577
      vertex 0.017565161451343 0.04299999965817565 0.016086847016222577
    endloop
  endfacet
  facet normal 0.0 0.0 0.0
    outer loop
      vertex 0.01762112035022544 0.040000000468578684 0.01615701837242375
      vertex 0.017565161473695353 0.039999999119462594 0.016086847016222577
      vertex 0.017621121002222667 0.04300000033294218 0.01615701837242375
    endloop
  endfacet
  facet normal 0.0 0.0 0.0
    outer loop
      vertex 0.017565161451343 0.04299999965817565 0.016086847016222577
      vertex 0.017512769906423222 0.039999999119072226 0.016013974854357342
      vertex 0.017512769884070863 0.0429999996577853 0.016013974854357342
    endloop
  endfacet
  facet normal 0.0 0.0 0.0
    outer loop
      vertex 0.017565161473695353 0.039999999119462594 0.016086847016222577
      vertex 0.017512769906423222 0.039999999119072226 0.016013974854357342
      vertex 0.017565161451343 0.04299999965817565 0.016086847016222577
    endloop
  endfacet
  facet normal 0.0 0.0 0.0
    outer loop
      vertex 0.017512769884070863 0.0429999996577853 0.016013974854357342
      vertex 0.017464076472226826 0.039999999118709426 0.015938584992296796
      vertex 0.017464076449874473 0.042999999657422495 0.015938584992296796
    endloop
  endfacet
  facet normal 0.0 0.0 0.0
    outer loop
      vertex 0.017512769906423222 0.039999999119072226 0.016013974854357342
      vertex 0.017464076472226826 0.039999999118709426 0.015938584992296796
      vertex 0.017512769884070863 0.0429999996577853 0.016013974854357342
    endloop
  endfacet
  facet normal 0.0 0.0 0.0
    outer loop
      vertex 0.017464076449874473 0.042999999657422495 0.015938584992296796
      vertex 0.017419201205330723 0.04000000046707423 0.01586085672081242
      vertex 0.017419201857327943 0.04300000033143772 0.01586085672081242
    endloop
  endfacet
  facet normal 0.0 0.0 0.0
    outer loop
      vertex 0.017464076472226826 0.039999999118709426 0.015938584992296796
      vertex 0.017419201205330723 0.04000000046707423 0.01586085672081242
      vertex 0.017464076449874473 0.042999999657422495 0.015938584992296796
    endloop
  endfacet
  facet normal 0.0 0.0 0.0
    outer loop
      vertex 0.017419201205330723 0.04000000046707423 0.01586085672081242
      vertex 0.01737825604776458 0.03999999911807 0.015780992218859296
      vertex 0.017419201857327943 0.04300000033143772 0.01586085672081242
    endloop
  endfacet
  facet normal 0.0 0.0 0.0
    outer loop
      vertex 0.017419201857327943 0.04300000033143772 0.01586085672081242
      vertex 0.01737825604776458 0.03999999911807 0.015780992218859296
      vertex 0.01737825602541222 0.04299999965678306 0.015780992218859296
    endloop
  endfacet
  facet normal 0.0 0.0 0.0
    outer loop
      vertex 0.01737825604776458 0.03999999911807 0.015780992218859296
      vertex 0.017341343500663943 0.04000000046649412 0.015699182221300702
      vertex 0.01737825602541222 0.04299999965678306 0.015780992218859296
    endloop
  endfacet
  facet normal 0.0 0.0 0.0
    outer loop
      vertex 0.01737825602541222 0.04299999965678306 0.015780992218859296
      vertex 0.017341343500663943 0.04000000046649412 0.015699182221300702
      vertex 0.01734134212961244 0.04299999965650803 0.015699182221300702
    endloop
  endfacet
  facet normal 0.0 0.0 0.0
    outer loop
      vertex 0.017341343500663943 0.04000000046649412 0.015699182221300702
      vertex 0.017308553926872045 0.04000000046624982 0.01561563653648625
      vertex 0.01734134212961244 0.04299999965650803 0.015699182221300702
    endloop
  endfacet
  facet normal 0.0 0.0 0.0
    outer loop
      vertex 0.01734134212961244 0.04299999965650803 0.015699182221300702
      vertex 0.017308553926872045 0.04000000046624982 0.01561563653648625
      vertex 0.017308552555820544 0.04299999965626373 0.01561563653648625
    endloop
  endfacet
  facet normal 0.0 0.0 0.0
    outer loop
      vertex 0.017308553926872045 0.04000000046624982 0.01561563653648625
      vertex 0.017279969597037165 0.040000000466036835 0.01553056115806828
      vertex 0.017308552555820544 0.04299999965626373 0.01561563653648625
    endloop
  endfacet
  facet normal 0.0 0.0 0.0
    outer loop
      vertex 0.017308552555820544 0.04299999965626373 0.01561563653648625
      vertex 0.017279969597037165 0.040000000466036835 0.01553056115806828
      vertex 0.01727996822598567 0.042999999656050746 0.01553056115806828
    endloop
  endfacet
  facet normal 0.0 0.0 0.0
    outer loop
      vertex 0.017279969597037165 0.040000000466036835 0.01553056115806828
      vertex 0.017255660643515233 0.04000000046585572 0.01544416207969914
      vertex 0.01727996822598567 0.042999999656050746 0.01553056115806828
    endloop
  endfacet
  facet normal 0.0 0.0 0.0
    outer loop
      vertex 0.01727996822598567 0.042999999656050746 0.01553056115806828
      vertex 0.017255660643515233 0.04000000046585572 0.01544416207969914
      vertex 0.01725566129551246 0.04300000033021922 0.01544416207969914
    endloop
  endfacet
  facet normal 0.0 0.0 0.0
    outer loop
      vertex 0.017255660643515233 0.04000000046585572 0.01544416207969914
      vertex 0.017235689106467254 0.04000000046570692 0.0153566643685175
      vertex 0.01725566129551246 0.04300000033021922 0.01544416207969914
    endloop
  endfacet
  facet normal 0.0 0.0 0.0
    outer loop
      vertex 0.01725566129551246 0.04300000033021922 0.01544416207969914
      vertex 0.017235689106467254 0.04000000046570692 0.0153566643685175
      vertex 0.01723568975846448 0.04300000033007041 0.0153566643685175
    endloop
  endfacet
  facet normal 0.0 0.0 0.0
    outer loop
      vertex 0.01723568975846448 0.04300000033007041 0.0153566643685175
      vertex 0.017220104887761878 0.03999999911689165 0.015268277832872969
      vertex 0.01722010419105994 0.04300000032995429 0.015268277832872969
    endloop
  endfacet
  facet normal 0.0 0.0 0.0
    outer loop
      vertex 0.017235689106467254 0.04000000046570692 0.0153566643685175
      vertex 0.017220104887761878 0.03999999911689165 0.015268277832872969
      vertex 0.01723568975846448 0.04300000033007041 0.0153566643685175
    endloop
  endfacet
  facet normal 0.0 0.0 0.0
    outer loop
      vertex 0.017220104887761878 0.03999999911689165 0.015268277832872969
      vertex 0.017208944402276185 0.04000000046550765 0.015179223725206952
      vertex 0.01722010419105994 0.04300000032995429 0.015268277832872969
    endloop
  endfacet
  facet normal 0.0 0.0 0.0
    outer loop
      vertex 0.01722010419105994 0.04300000032995429 0.015268277832872969
      vertex 0.017208944402276185 0.04000000046550765 0.015179223725206952
      vertex 0.01720894505427341 0.04300000032987114 0.015179223725206952
    endloop
  endfacet
  facet normal 0.0 0.0 0.0
    outer loop
      vertex 0.017208944402276185 0.04000000046550765 0.015179223725206952
      vertex 0.017202237321391565 0.03999999911675852 0.015089723297960858
      vertex 0.01720894505427341 0.04300000032987114 0.015179223725206952
    endloop
  endfacet
  facet normal 0.0 0.0 0.0
    outer loop
      vertex 0.01720894505427341 0.04300000032987114 0.015179223725206952
      vertex 0.017202237321391565 0.03999999911675852 0.015089723297960858
      vertex 0.017202237299039205 0.04299999965547159 0.015089723297960858
    endloop
  endfacet
  facet normal 0.0 0.0 0.0
    outer loop
      vertex 0.017202237321391565 0.03999999911675852 0.015089723297960858
      vertex 0.017199999829497804 0.040000000465441006 0.015000001618273359
      vertex 0.017202237299039205 0.04299999965547159 0.015089723297960858
    endloop
  endfacet
  facet normal 0.0 0.0 0.0
    outer loop
      vertex 0.017202237299039205 0.04299999965547159 0.015089723297960858
      vertex 0.017199999829497804 0.040000000465441006 0.015000001618273359
      vertex 0.01720000048149503 0.0430000003298045 0.015000001618273359
    endloop
  endfacet
  facet normal 0.0 0.0 0.0
    outer loop
      vertex 0.017199999829497804 0.040000000465441006 0.015000001618273359
      vertex 0.017202237321391565 0.03999999911675852 0.014910276123888594
      vertex 0.01720000048149503 0.0430000003298045 0.015000001618273359
    endloop
  endfacet
  facet normal 0.0 0.0 0.0
    outer loop
      vertex 0.01720000048149503 0.0430000003298045 0.015000001618273359
      vertex 0.017202237321391565 0.03999999911675852 0.014910276123888594
      vertex 0.017202237299039205 0.04299999965547159 0.014910276123888594
    endloop
  endfacet
  facet normal 0.0 0.0 0.0
    outer loop
      vertex 0.017202237321391565 0.03999999911675852 0.014910276123888594
      vertex 0.017208944402276185 0.04000000046550765 0.014820779511339765
      vertex 0.017202237299039205 0.04299999965547159 0.014910276123888594
    endloop
  endfacet
  facet normal 0.0 0.0 0.0
    outer loop
      vertex 0.017202237299039205 0.04299999965547159 0.014910276123888594
      vertex 0.017208944402276185 0.04000000046550765 0.014820779511339765
      vertex 0.01720894505427341 0.04300000032987114 0.014820779511339765
    endloop
  endfacet
  facet normal 0.0 0.0 0.0
    outer loop
      vertex 0.017208944402276185 0.04000000046550765 0.014820779511339765
      vertex 0.017220104887761878 0.03999999911689165 0.01473172540367375
      vertex 0.01720894505427341 0.04300000032987114 0.014820779511339765
    endloop
  endfacet
  facet normal 0.0 0.0 0.0
    outer loop
      vertex 0.01720894505427341 0.04300000032987114 0.014820779511339765
      vertex 0.017220104887761878 0.03999999911689165 0.01473172540367375
      vertex 0.01722010419105994 0.04300000032995429 0.01473172540367375
    endloop
  endfacet
  facet normal 0.0 0.0 0.0
    outer loop
      vertex 0.017220104887761878 0.03999999911689165 0.01473172540367375
      vertex 0.017235689106467254 0.04000000046570692 0.014643335053331952
      vertex 0.01722010419105994 0.04300000032995429 0.01473172540367375
    endloop
  endfacet
  facet normal 0.0 0.0 0.0
    outer loop
      vertex 0.01722010419105994 0.04300000032995429 0.01473172540367375
      vertex 0.017235689106467254 0.04000000046570692 0.014643335053331952
      vertex 0.01723568975846448 0.04300000033007041 0.014643335053331952
    endloop
  endfacet
  facet normal 0.0 0.0 0.0
    outer loop
      vertex 0.017235689106467254 0.04000000046570692 0.014643335053331952
      vertex 0.017255660643515233 0.04000000046585572 0.014555837342150312
      vertex 0.01723568975846448 0.04300000033007041 0.014643335053331952
    endloop
  endfacet
  facet normal 0.0 0.0 0.0
    outer loop
      vertex 0.01723568975846448 0.04300000033007041 0.014643335053331952
      vertex 0.017255660643515233 0.04000000046585572 0.014555837342150312
      vertex 0.01725566129551246 0.04300000033021922 0.014555837342150312
    endloop
  endfacet
  facet normal 0.0 0.0 0.0
    outer loop
      vertex 0.017255660643515233 0.04000000046585572 0.014555837342150312
      vertex 0.017279969597037165 0.040000000466036835 0.014469442078478436
      vertex 0.01725566129551246 0.04300000033021922 0.014555837342150312
    endloop
  endfacet
  facet normal 0.0 0.0 0.0
    outer loop
      vertex 0.01725566129551246 0.04300000033021922 0.014555837342150312
      vertex 0.017279969597037165 0.040000000466036835 0.014469442078478436
      vertex 0.01727996822598567 0.042999999656050746 0.014469442078478436
    endloop
  endfacet
  facet normal 0.0 0.0 0.0
    outer loop
      vertex 0.017279969597037165 0.040000000466036835 0.014469442078478436
      vertex 0.017308553926872045 0.04000000046624982 0.014384362885363202
      vertex 0.01727996822598567 0.042999999656050746 0.014469442078478436
    endloop
  endfacet
  facet normal 0.0 0.0 0.0
    outer loop
      vertex 0.01727996822598567 0.042999999656050746 0.014469442078478436
      vertex 0.017308553926872045 0.04000000046624982 0.014384362885363202
      vertex 0.017308552555820544 0.04299999965626373 0.014384362885363202
    endloop
  endfacet
  facet normal 0.0 0.0 0.0
    outer loop
      vertex 0.017308553926872045 0.04000000046624982 0.014384362885363202
      vertex 0.017341343500663943 0.04000000046649412 0.01430081720054875
      vertex 0.017308552555820544 0.04299999965626373 0.014384362885363202
    endloop
  endfacet
  facet normal 0.0 0.0 0.0
    outer loop
      vertex 0.017308552555820544 0.04299999965626373 0.014384362885363202
      vertex 0.017341343500663943 0.04000000046649412 0.01430081720054875
      vertex 0.01734134212961244 0.04299999965650803 0.01430081720054875
    endloop
  endfacet
  facet normal 0.0 0.0 0.0
    outer loop
      vertex 0.017341343500663943 0.04000000046649412 0.01430081720054875
      vertex 0.01737825604776458 0.03999999911807 0.014219011017687421
      vertex 0.01734134212961244 0.04299999965650803 0.01430081720054875
    endloop
  endfacet
  facet normal 0.0 0.0 0.0
    outer loop
      vertex 0.01734134212961244 0.04299999965650803 0.01430081720054875
      vertex 0.01737825604776458 0.03999999911807 0.014219011017687421
      vertex 0.01737825602541222 0.04299999965678306 0.014219011017687421
    endloop
  endfacet
  facet normal 0.0 0.0 0.0
    outer loop
      vertex 0.01737825604776458 0.03999999911807 0.014219011017687421
      vertex 0.017419201205330723 0.04000000046707423 0.014139142701037031
      vertex 0.01737825602541222 0.04299999965678306 0.014219011017687421
    endloop
  endfacet
  facet normal 0.0 0.0 0.0
    outer loop
      vertex 0.01737825602541222 0.04299999965678306 0.014219011017687421
      vertex 0.017419201205330723 0.04000000046707423 0.014139142701037031
      vertex 0.017419201857327943 0.04300000033143772 0.014139142701037031
    endloop
  endfacet
  facet normal 0.0 0.0 0.0
    outer loop
      vertex 0.017419201205330723 0.04000000046707423 0.014139142701037031
      vertex 0.017464076472226826 0.039999999118709426 0.014061418244249922
      vertex 0.017419201857327943 0.04300000033143772 0.014139142701037031
    endloop
  endfacet
  facet normal 0.0 0.0 0.0
    outer loop
      vertex 0.017419201857327943 0.04300000033143772 0.014139142701037031
      vertex 0.017464076472226826 0.039999999118709426 0.014061418244249922
      vertex 0.017464076449874473 0.042999999657422495 0.014061418244249922
    endloop
  endfacet
  facet normal 0.0 0.0 0.0
    outer loop
      vertex 0.017464076472226826 0.039999999118709426 0.014061418244249922
      vertex 0.017512769906423222 0.039999999119072226 0.013986024567492109
      vertex 0.017464076449874473 0.042999999657422495 0.014061418244249922
    endloop
  endfacet
  facet normal 0.0 0.0 0.0
    outer loop
      vertex 0.017464076449874473 0.042999999657422495 0.014061418244249922
      vertex 0.017512769906423222 0.039999999119072226 0.013986024567492109
      vertex 0.017512769884070863 0.0429999996577853 0.013986024567492109
    endloop
  endfacet
  facet normal 0.0 0.0 0.0
    outer loop
      vertex 0.017512769906423222 0.039999999119072226 0.013986024567492109
      vertex 0.017565161473695353 0.039999999119462594 0.013913152405626874
      vertex 0.017512769884070863 0.0429999996577853 0.013986024567492109
    endloop
  endfacet
  facet normal 0.0 0.0 0.0
    outer loop
      vertex 0.017512769884070863 0.0429999996577853 0.013986024567492109
      vertex 0.017565161473695353 0.039999999119462594 0.013913152405626874
      vertex 0.017565161451343 0.04299999965817565 0.013913152405626874
    endloop
  endfacet
  facet normal 0.0 0.0 0.0
    outer loop
      vertex 0.017565161473695353 0.039999999119462594 0.013913152405626874
      vertex 0.01762112035022544 0.040000000468578684 0.013842981049425702
      vertex 0.017565161451343 0.04299999965817565 0.013913152405626874
    endloop
  endfacet
  facet normal 0.0 0.0 0.0
    outer loop
      vertex 0.017565161451343 0.04299999965817565 0.013913152405626874
      vertex 0.01762112035022544 0.040000000468578684 0.013842981049425702
      vertex 0.017621121002222667 0.04300000033294218 0.013842981049425702
    endloop
  endfacet
  facet normal 0.0 0.0 0.0
    outer loop
      vertex 0.01762112035022544 0.040000000468578684 0.013842981049425702
      vertex 0.017680506271301657 0.04000000046902115 0.013775689789660078
      vertex 0.017621121002222667 0.04300000033294218 0.013842981049425702
    endloop
  endfacet
  facet normal 0.0 0.0 0.0
    outer loop
      vertex 0.017621121002222667 0.04300000033294218 0.013842981049425702
      vertex 0.017680506271301657 0.04000000046902115 0.013775689789660078
      vertex 0.017680506923298877 0.04300000033338465 0.013775689789660078
    endloop
  endfacet
  facet normal 0.0 0.0 0.0
    outer loop
      vertex 0.017680506271301657 0.04000000046902115 0.013775689789660078
      vertex 0.017743173577415547 0.03999999912078892 0.013711438843615156
      vertex 0.017680506923298877 0.04300000033338465 0.013775689789660078
    endloop
  endfacet
  facet normal 0.0 0.0 0.0
    outer loop
      vertex 0.017680506923298877 0.04300000033338465 0.013775689789660078
      vertex 0.017743173577415547 0.03999999912078892 0.013711438843615156
      vertex 0.017743173555063187 0.042999999659501985 0.013711438843615156
    endloop
  endfacet
  facet normal 0.0 0.0 0.0
    outer loop
      vertex 0.017743173555063187 0.042999999659501985 0.013711438843615156
      vertex 0.017808965819465415 0.03999999912127913 0.013650392243273359
      vertex 0.017808965797113052 0.04299999965999219 0.013650392243273359
    endloop
  endfacet
  facet normal 0.0 0.0 0.0
    outer loop
      vertex 0.017743173577415547 0.03999999912078892 0.013711438843615156
      vertex 0.017808965819465415 0.03999999912127913 0.013650392243273359
      vertex 0.017743173555063187 0.042999999659501985 0.013711438843615156
    endloop
  endfacet
  facet normal 0.0 0.0 0.0
    outer loop
      vertex 0.017808965819465415 0.03999999912127913 0.013650392243273359
      vertex 0.017877718456154674 0.04000000047049054 0.013592702576525312
      vertex 0.017808965797113052 0.04299999965999219 0.013650392243273359
    endloop
  endfacet
  facet normal 0.0 0.0 0.0
    outer loop
      vertex 0.017808965797113052 0.04299999965999219 0.013650392243273359
      vertex 0.017877718456154674 0.04000000047049054 0.013592702576525312
      vertex 0.017877719108151904 0.04300000033485404 0.013592702576525312
    endloop
  endfacet
  facet normal 0.0 0.0 0.0
    outer loop
      vertex 0.017949262203387384 0.04300000033538708 0.013538510987169843
      vertex 0.01794926155139016 0.04000000047102359 0.013538510987169843
      vertex 0.0180234170545314 0.04299999966159002 0.013487954804308516
    endloop
  endfacet
  facet normal 0.0 0.0 0.0
    outer loop
      vertex 0.017877719108151904 0.04300000033485404 0.013592702576525312
      vertex 0.01794926155139016 0.04000000047102359 0.013538510987169843
      vertex 0.017949262203387384 0.04300000033538708 0.013538510987169843
    endloop
  endfacet
  facet normal 0.0 0.0 0.0
    outer loop
      vertex 0.017877718456154674 0.04000000047049054 0.013592702576525312
      vertex 0.01794926155139016 0.04000000047102359 0.013538510987169843
      vertex 0.017877719108151904 0.04300000033485404 0.013592702576525312
    endloop
  endfacet
  facet normal 0.0 0.0 0.0
    outer loop
      vertex 0.01794926155139016 0.04000000047102359 0.013538510987169843
      vertex 0.018023417076883756 0.03999999912287696 0.013487954804308516
      vertex 0.0180234170545314 0.04299999966159002 0.013487954804308516
    endloop
  endfacet
  facet normal 0.0 0.0 0.0
    outer loop
      vertex 0.0180234170545314 0.04299999966159002 0.013487954804308516
      vertex 0.018100000260851557 0.04000000047214671 0.013441156098253828
      vertex 0.01810000091284878 0.043000000336510205 0.013441156098253828
    endloop
  endfacet
  facet normal 0.0 0.0 0.0
    outer loop
      vertex 0.018023417076883756 0.03999999912287696 0.013487954804308516
      vertex 0.018100000260851557 0.04000000047214671 0.013441156098253828
      vertex 0.0180234170545314 0.04299999966159002 0.013487954804308516
    endloop
  endfacet
  facet normal 0.0 0.0 0.0
    outer loop
      vertex 0.01810000091284878 0.043000000336510205 0.013441156098253828
      vertex 0.018178820936713115 0.040000000472733985 0.01339822930992375
      vertex 0.018178821588710335 0.043000000337097485 0.01339822930992375
    endloop
  endfacet
  facet normal 0.0 0.0 0.0
    outer loop
      vertex 0.018100000260851557 0.04000000047214671 0.013441156098253828
      vertex 0.018178820936713115 0.040000000472733985 0.01339822930992375
      vertex 0.01810000091284878 0.043000000336510205 0.013441156098253828
    endloop
  endfacet
  facet normal 0.0 0.0 0.0
    outer loop
      vertex 0.018178821588710335 0.043000000337097485 0.01339822930992375
      vertex 0.018259683543091328 0.040000000473336475 0.013359288880236249
      vertex 0.018259684195088555 0.043000000337699976 0.013359288880236249
    endloop
  endfacet
  facet normal 0.0 0.0 0.0
    outer loop
      vertex 0.018178820936713115 0.040000000472733985 0.01339822930992375
      vertex 0.018259683543091328 0.040000000473336475 0.013359288880236249
      vertex 0.018178821588710335 0.043000000337097485 0.01339822930992375
    endloop
  endfacet
  facet normal 0.0 0.0 0.0
    outer loop
      vertex 0.018259683543091328 0.040000000473336475 0.013359288880236249
      vertex 0.018342385775113344 0.04000000047395268 0.013324426361925703
      vertex 0.018259684195088555 0.043000000337699976 0.013359288880236249
    endloop
  endfacet
  facet normal 0.0 0.0 0.0
    outer loop
      vertex 0.018259684195088555 0.043000000337699976 0.013359288880236249
      vertex 0.018342385775113344 0.04000000047395268 0.013324426361925703
      vertex 0.018342387101460148 0.0429999996639666 0.013324426361925703
    endloop
  endfacet
  facet normal 0.0 0.0 0.0
    outer loop
      vertex 0.018342385775113344 0.04000000047395268 0.013324426361925703
      vertex 0.01842672397920717 0.039999999125881903 0.013293729493029219
      vertex 0.018342387101460148 0.0429999996639666 0.013324426361925703
    endloop
  endfacet
  facet normal 0.0 0.0 0.0
    outer loop
      vertex 0.018342387101460148 0.0429999996639666 0.013324426361925703
      vertex 0.01842672397920717 0.039999999125881903 0.013293729493029219
      vertex 0.01842672395685481 0.04299999966459497 0.013293729493029219
    endloop
  endfacet
  facet normal 0.0 0.0 0.0
    outer loop
      vertex 0.01842672397920717 0.039999999125881903 0.013293729493029219
      vertex 0.018512486409605854 0.040000000475220066 0.01326727456749211
      vertex 0.01842672395685481 0.04299999966459497 0.013293729493029219
    endloop
  endfacet
  facet normal 0.0 0.0 0.0
    outer loop
      vertex 0.01842672395685481 0.04299999966459497 0.013293729493029219
      vertex 0.018512486409605854 0.040000000475220066 0.01326727456749211
      vertex 0.01851248773595266 0.04299999966523398 0.01326727456749211
    endloop
  endfacet
  facet normal 0.0 0.0 0.0
    outer loop
      vertex 0.018512486409605854 0.040000000475220066 0.01326727456749211
      vertex 0.018599462669241673 0.03999999912716895 0.013245130249865155
      vertex 0.01851248773595266 0.04299999966523398 0.01326727456749211
    endloop
  endfacet
  facet normal 0.0 0.0 0.0
    outer loop
      vertex 0.01851248773595266 0.04299999966523398 0.01326727456749211
      vertex 0.018599462669241673 0.03999999912716895 0.013245130249865155
      vertex 0.01859946264688932 0.04299999966588201 0.013245130249865155
    endloop
  endfacet
  facet normal 0.0 0.0 0.0
    outer loop
      vertex 0.018599462669241673 0.03999999912716895 0.013245130249865155
      vertex 0.018687432920152767 0.0399999991278244 0.013227346131212812
      vertex 0.01859946264688932 0.04299999966588201 0.013245130249865155
    endloop
  endfacet
  facet normal 0.0 0.0 0.0
    outer loop
      vertex 0.01859946264688932 0.04299999966588201 0.013245130249865155
      vertex 0.018687432920152767 0.0399999991278244 0.013227346131212812
      vertex 0.018687432897800407 0.04299999966653746 0.013227346131212812
    endloop
  endfacet
  facet normal 0.0 0.0 0.0
    outer loop
      vertex 0.018687432920152767 0.0399999991278244 0.013227346131212812
      vertex 0.01877618137047475 0.04000000047718479 0.013213967987902265
      vertex 0.018687432897800407 0.04299999966653746 0.013227346131212812
    endloop
  endfacet
  facet normal 0.0 0.0 0.0
    outer loop
      vertex 0.018687432897800407 0.04299999966653746 0.013227346131212812
      vertex 0.01877618137047475 0.04000000047718479 0.013213967987902265
      vertex 0.01877618134812239 0.043000001015897855 0.013213967987902265
    endloop
  endfacet
  facet normal 0.0 0.0 0.0
    outer loop
      vertex 0.01877618137047475 0.04000000047718479 0.013213967987902265
      vertex 0.018865485484847525 0.039999999129151025 0.013205033966906171
      vertex 0.01877618134812239 0.043000001015897855 0.013213967987902265
    endloop
  endfacet
  facet normal 0.0 0.0 0.0
    outer loop
      vertex 0.01877618134812239 0.043000001015897855 0.013213967987902265
      vertex 0.018865485484847525 0.039999999129151025 0.013205033966906171
      vertex 0.01886548546249517 0.04299999966786409 0.013205033966906171
    endloop
  endfacet
  facet normal 0.0 0.0 0.0
    outer loop
      vertex 0.018865485484847525 0.039999999129151025 0.013205033966906171
      vertex 0.018955124076610062 0.04000000047851806 0.013200559327013594
      vertex 0.01886548546249517 0.04299999966786409 0.013205033966906171
    endloop
  endfacet
  facet normal 0.0 0.0 0.0
    outer loop
      vertex 0.01886548546249517 0.04299999966786409 0.013205033966906171
      vertex 0.018955124076610062 0.04000000047851806 0.013200559327013594
      vertex 0.018955125402956866 0.04299999966853198 0.013200559327013594
    endloop
  endfacet
  facet normal 0.0 0.0 0.0
    outer loop
      vertex 0.018955124076610062 0.04000000047851806 0.013200559327013594
      vertex 0.01904487461040225 0.04000000047918677 0.013200559327013594
      vertex 0.018955125402956866 0.04299999966853198 0.013200559327013594
    endloop
  endfacet
  facet normal 0.0 0.0 0.0
    outer loop
      vertex 0.018955125402956866 0.04299999966853198 0.013200559327013594
      vertex 0.01904487461040225 0.04000000047918677 0.013200559327013594
      vertex 0.019044875936749056 0.04299999966920069 0.013200559327013594
    endloop
  endfacet
  facet normal 0.0 0.0 0.0
    outer loop
      vertex 0.01904487461040225 0.04000000047918677 0.013200559327013594
      vertex 0.019134514550863947 0.04000000047985466 0.013205033966906171
      vertex 0.019044875936749056 0.04299999966920069 0.013200559327013594
    endloop
  endfacet
  facet normal 0.0 0.0 0.0
    outer loop
      vertex 0.019044875936749056 0.04299999966920069 0.013200559327013594
      vertex 0.019134514550863947 0.04000000047985466 0.013205033966906171
      vertex 0.01913451317981245 0.04299999966986856 0.013205033966906171
    endloop
  endfacet
  facet normal 0.0 0.0 0.0
    outer loop
      vertex 0.019134514550863947 0.04000000047985466 0.013205033966906171
      vertex 0.01922381866523672 0.039999999131820896 0.013213967987902265
      vertex 0.01913451317981245 0.04299999966986856 0.013205033966906171
    endloop
  endfacet
  facet normal 0.0 0.0 0.0
    outer loop
      vertex 0.01913451317981245 0.04299999966986856 0.013205033966906171
      vertex 0.01922381866523672 0.039999999131820896 0.013213967987902265
      vertex 0.019223818642884364 0.04299999967053395 0.013213967987902265
    endloop
  endfacet
  facet normal 0.0 0.0 0.0
    outer loop
      vertex 0.01922381866523672 0.039999999131820896 0.013213967987902265
      vertex 0.019312567115558708 0.04000000048118129 0.013227346131212812
      vertex 0.019223818642884364 0.04299999967053395 0.013213967987902265
    endloop
  endfacet
  facet normal 0.0 0.0 0.0
    outer loop
      vertex 0.019223818642884364 0.04299999967053395 0.013213967987902265
      vertex 0.019312567115558708 0.04000000048118129 0.013227346131212812
      vertex 0.019312565744507203 0.042999999671195194 0.013227346131212812
    endloop
  endfacet
  facet normal 0.0 0.0 0.0
    outer loop
      vertex 0.019312567115558708 0.04000000048118129 0.013227346131212812
      vertex 0.019400537366469798 0.04000000048183674 0.013245130249865155
      vertex 0.019312565744507203 0.042999999671195194 0.013227346131212812
    endloop
  endfacet
  facet normal 0.0 0.0 0.0
    outer loop
      vertex 0.019312565744507203 0.042999999671195194 0.013227346131212812
      vertex 0.019400537366469798 0.04000000048183674 0.013245130249865155
      vertex 0.019400538692816605 0.04299999967185066 0.013245130249865155
    endloop
  endfacet
  facet normal 0.0 0.0 0.0
    outer loop
      vertex 0.019400538692816605 0.04299999967185066 0.013245130249865155
      vertex 0.01948751227740645 0.04000000048248477 0.01326727456749211
      vertex 0.019487513603753257 0.042999999672498686 0.01326727456749211
    endloop
  endfacet
  facet normal 0.0 0.0 0.0
    outer loop
      vertex 0.019400537366469798 0.04000000048183674 0.013245130249865155
      vertex 0.01948751227740645 0.04000000048248477 0.01326727456749211
      vertex 0.019400538692816605 0.04299999967185066 0.013245130249865155
    endloop
  endfacet
  facet normal 0.0 0.0 0.0
    outer loop
      vertex 0.01948751227740645 0.04000000048248477 0.01326727456749211
      vertex 0.019573276056504305 0.04000000048312377 0.013293729493029219
      vertex 0.019487513603753257 0.042999999672498686 0.01326727456749211
    endloop
  endfacet
  facet normal 0.0 0.0 0.0
    outer loop
      vertex 0.019487513603753257 0.042999999672498686 0.01326727456749211
      vertex 0.019573276056504305 0.04000000048312377 0.013293729493029219
      vertex 0.019573276034151946 0.043000001021836834 0.013293729493029219
    endloop
  endfacet
  facet normal 0.0 0.0 0.0
    outer loop
      vertex 0.01965761423824577 0.042999999673766075 0.013324426361925703
      vertex 0.019657614260598127 0.039999999135053005 0.013324426361925703
      vertex 0.01974031647026779 0.04299999967438227 0.013359288880236249
    endloop
  endfacet
  facet normal 0.0 0.0 0.0
    outer loop
      vertex 0.019573276034151946 0.043000001021836834 0.013293729493029219
      vertex 0.019657614260598127 0.039999999135053005 0.013324426361925703
      vertex 0.01965761423824577 0.042999999673766075 0.013324426361925703
    endloop
  endfacet
  facet normal 0.0 0.0 0.0
    outer loop
      vertex 0.019573276056504305 0.04000000048312377 0.013293729493029219
      vertex 0.019657614260598127 0.039999999135053005 0.013324426361925703
      vertex 0.019573276034151946 0.043000001021836834 0.013293729493029219
    endloop
  endfacet
  facet normal 0.0 0.0 0.0
    outer loop
      vertex 0.019657614260598127 0.039999999135053005 0.013324426361925703
      vertex 0.019740316492620147 0.0399999991356692 0.013359288880236249
      vertex 0.01974031647026779 0.04299999967438227 0.013359288880236249
    endloop
  endfacet
  facet normal 0.0 0.0 0.0
    outer loop
      vertex 0.019821179076646 0.04299999967498476 0.01339822930992375
      vertex 0.019821179098998356 0.03999999913627169 0.01339822930992375
      vertex 0.019899999752507558 0.04299999967557203 0.013441156098253828
    endloop
  endfacet
  facet normal 0.0 0.0 0.0
    outer loop
      vertex 0.01974031647026779 0.04299999967438227 0.013359288880236249
      vertex 0.019821179098998356 0.03999999913627169 0.01339822930992375
      vertex 0.019821179076646 0.04299999967498476 0.01339822930992375
    endloop
  endfacet
  facet normal 0.0 0.0 0.0
    outer loop
      vertex 0.019740316492620147 0.0399999991356692 0.013359288880236249
      vertex 0.019821179098998356 0.03999999913627169 0.01339822930992375
      vertex 0.01974031647026779 0.04299999967438227 0.013359288880236249
    endloop
  endfacet
  facet normal 0.0 0.0 0.0
    outer loop
      vertex 0.019899999752507558 0.04299999967557203 0.013441156098253828
      vertex 0.019899999774859914 0.03999999913685897 0.013441156098253828
      vertex 0.019976583610824952 0.04299999900179307 0.013487954804308516
    endloop
  endfacet
  facet normal 0.0 0.0 0.0
    outer loop
      vertex 0.019821179098998356 0.03999999913627169 0.01339822930992375
      vertex 0.019899999774859914 0.03999999913685897 0.013441156098253828
      vertex 0.019899999752507558 0.04299999967557203 0.013441156098253828
    endloop
  endfacet
  facet normal 0.0 0.0 0.0
    outer loop
      vertex 0.019899999774859914 0.03999999913685897 0.013441156098253828
      vertex 0.01997658295882771 0.04000000048612873 0.013487954804308516
      vertex 0.019976583610824952 0.04299999900179307 0.013487954804308516
    endloop
  endfacet
  facet normal 0.0 0.0 0.0
    outer loop
      vertex 0.019976583610824952 0.04299999900179307 0.013487954804308516
      vertex 0.020050738484321307 0.03999999913798209 0.013538510987169843
      vertex 0.020050738461968955 0.042999999676695155 0.013538510987169843
    endloop
  endfacet
  facet normal 0.0 0.0 0.0
    outer loop
      vertex 0.01997658295882771 0.04000000048612873 0.013487954804308516
      vertex 0.020050738484321307 0.03999999913798209 0.013538510987169843
      vertex 0.019976583610824952 0.04299999900179307 0.013487954804308516
    endloop
  endfacet
  facet normal 0.0 0.0 0.0
    outer loop
      vertex 0.020122281557204438 0.04299999967722821 0.013592702576525312
      vertex 0.020122281579556794 0.039999999138515145 0.013592702576525312
      vertex 0.020191033519544127 0.04300000035209004 0.013650392243273359
    endloop
  endfacet
  facet normal 0.0 0.0 0.0
    outer loop
      vertex 0.020050738461968955 0.042999999676695155 0.013538510987169843
      vertex 0.020122281579556794 0.039999999138515145 0.013592702576525312
      vertex 0.020122281557204438 0.04299999967722821 0.013592702576525312
    endloop
  endfacet
  facet normal 0.0 0.0 0.0
    outer loop
      vertex 0.020050738484321307 0.03999999913798209 0.013538510987169843
      vertex 0.020122281579556794 0.039999999138515145 0.013592702576525312
      vertex 0.020050738461968955 0.042999999676695155 0.013538510987169843
    endloop
  endfacet
  facet normal 0.0 0.0 0.0
    outer loop
      vertex 0.020191033519544127 0.04300000035209004 0.013650392243273359
      vertex 0.02019103421624606 0.040000000487726554 0.013650392243273359
      vertex 0.020256825761594002 0.043000000352580246 0.013711438843615156
    endloop
  endfacet
  facet normal 0.0 0.0 0.0
    outer loop
      vertex 0.020122281579556794 0.039999999138515145 0.013592702576525312
      vertex 0.02019103421624606 0.040000000487726554 0.013650392243273359
      vertex 0.020191033519544127 0.04300000035209004 0.013650392243273359
    endloop
  endfacet
  facet normal 0.0 0.0 0.0
    outer loop
      vertex 0.02019103421624606 0.040000000487726554 0.013650392243273359
      vertex 0.020256826458295935 0.040000000488216766 0.013711438843615156
      vertex 0.020256825761594002 0.043000000352580246 0.013711438843615156
    endloop
  endfacet
  facet normal 0.0 0.0 0.0
    outer loop
      vertex 0.020256825761594002 0.043000000352580246 0.013711438843615156
      vertex 0.020319493764409818 0.039999999139984525 0.013775689789660078
      vertex 0.02031949374205746 0.042999999678697595 0.013775689789660078
    endloop
  endfacet
  facet normal 0.0 0.0 0.0
    outer loop
      vertex 0.020256826458295935 0.040000000488216766 0.013711438843615156
      vertex 0.020319493764409818 0.039999999139984525 0.013775689789660078
      vertex 0.020256825761594002 0.043000000352580246 0.013711438843615156
    endloop
  endfacet
  facet normal 0.0 0.0 0.0
    outer loop
      vertex 0.02031949374205746 0.042999999678697595 0.013775689789660078
      vertex 0.020378879685486035 0.039999999140427 0.013842981049425702
      vertex 0.020378879663133672 0.04299999967914007 0.013842981049425702
    endloop
  endfacet
  facet normal 0.0 0.0 0.0
    outer loop
      vertex 0.020319493764409818 0.039999999139984525 0.013775689789660078
      vertex 0.020378879685486035 0.039999999140427 0.013842981049425702
      vertex 0.02031949374205746 0.042999999678697595 0.013775689789660078
    endloop
  endfacet
  facet normal 0.0 0.0 0.0
    outer loop
      vertex 0.020378879685486035 0.039999999140427 0.013842981049425702
      vertex 0.020434838562016118 0.04000000048954309 0.013913152405626874
      vertex 0.020378879663133672 0.04299999967914007 0.013842981049425702
    endloop
  endfacet
  facet normal 0.0 0.0 0.0
    outer loop
      vertex 0.020434837865314186 0.043000000353906574 0.013913152405626874
      vertex 0.020434838562016118 0.04000000048954309 0.013913152405626874
      vertex 0.02048722943258632 0.04300000035429693 0.013986024567492109
    endloop
  endfacet
  facet normal 0.0 0.0 0.0
    outer loop
      vertex 0.020378879663133672 0.04299999967914007 0.013842981049425702
      vertex 0.020434838562016118 0.04000000048954309 0.013913152405626874
      vertex 0.020434837865314186 0.043000000353906574 0.013913152405626874
    endloop
  endfacet
  facet normal 0.0 0.0 0.0
    outer loop
      vertex 0.020434838562016118 0.04000000048954309 0.013913152405626874
      vertex 0.02048723012928825 0.04000000048993345 0.013986024567492109
      vertex 0.02048722943258632 0.04300000035429693 0.013986024567492109
    endloop
  endfacet
  facet normal 0.0 0.0 0.0
    outer loop
      vertex 0.02048723012928825 0.04000000048993345 0.013986024567492109
      vertex 0.020535923563484645 0.04000000049029625 0.014061418244249922
      vertex 0.02048722943258632 0.04300000035429693 0.013986024567492109
    endloop
  endfacet
  facet normal 0.0 0.0 0.0
    outer loop
      vertex 0.020535922866782717 0.04300000035465974 0.014061418244249922
      vertex 0.020535923563484645 0.04000000049029625 0.014061418244249922
      vertex 0.02058079880802839 0.042999999680644524 0.014139142701037031
    endloop
  endfacet
  facet normal 0.0 0.0 0.0
    outer loop
      vertex 0.02048722943258632 0.04300000035429693 0.013986024567492109
      vertex 0.020535923563484645 0.04000000049029625 0.014061418244249922
      vertex 0.020535922866782717 0.04300000035465974 0.014061418244249922
    endloop
  endfacet
  facet normal 0.0 0.0 0.0
    outer loop
      vertex 0.020535923563484645 0.04000000049029625 0.014061418244249922
      vertex 0.02058079883038075 0.039999999141931454 0.014139142701037031
      vertex 0.02058079880802839 0.042999999680644524 0.014139142701037031
    endloop
  endfacet
  facet normal 0.0 0.0 0.0
    outer loop
      vertex 0.02058079883038075 0.039999999141931454 0.014139142701037031
      vertex 0.020621743987946892 0.040000000490935675 0.014219011017687421
      vertex 0.02058079880802839 0.042999999680644524 0.014139142701037031
    endloop
  endfacet
  facet normal 0.0 0.0 0.0
    outer loop
      vertex 0.02062174329124496 0.04300000035529916 0.014219011017687421
      vertex 0.020621743987946892 0.040000000490935675 0.014219011017687421
      vertex 0.020658657187044745 0.0430000003555742 0.01430081720054875
    endloop
  endfacet
  facet normal 0.0 0.0 0.0
    outer loop
      vertex 0.02058079880802839 0.042999999680644524 0.014139142701037031
      vertex 0.020621743987946892 0.040000000490935675 0.014219011017687421
      vertex 0.02062174329124496 0.04300000035529916 0.014219011017687421
    endloop
  endfacet
  facet normal 0.0 0.0 0.0
    outer loop
      vertex 0.020621743987946892 0.040000000490935675 0.014219011017687421
      vertex 0.02065865788374667 0.04000000049121072 0.01430081720054875
      vertex 0.020658657187044745 0.0430000003555742 0.01430081720054875
    endloop
  endfacet
  facet normal 0.0 0.0 0.0
    outer loop
      vertex 0.02065865788374667 0.04000000049121072 0.01430081720054875
      vertex 0.02069144745753857 0.04000000049145502 0.014384362885363202
      vertex 0.020658657187044745 0.0430000003555742 0.01430081720054875
    endloop
  endfacet
  facet normal 0.0 0.0 0.0
    outer loop
      vertex 0.020691446760836646 0.04300000035581852 0.014384362885363202
      vertex 0.02069144745753857 0.04000000049145502 0.014384362885363202
      vertex 0.02072003109067152 0.043000000356031486 0.014469442078478436
    endloop
  endfacet
  facet normal 0.0 0.0 0.0
    outer loop
      vertex 0.020658657187044745 0.0430000003555742 0.01430081720054875
      vertex 0.02069144745753857 0.04000000049145502 0.014384362885363202
      vertex 0.020691446760836646 0.04300000035581852 0.014384362885363202
    endloop
  endfacet
  facet normal 0.0 0.0 0.0
    outer loop
      vertex 0.02069144745753857 0.04000000049145502 0.014384362885363202
      vertex 0.02072003178737345 0.040000000491668006 0.014469442078478436
      vertex 0.02072003109067152 0.043000000356031486 0.014469442078478436
    endloop
  endfacet
  facet normal 0.0 0.0 0.0
    outer loop
      vertex 0.02072003109067152 0.043000000356031486 0.014469442078478436
      vertex 0.020744339392196238 0.039999999143149965 0.014555837342150312
      vertex 0.020744339369843882 0.04299999968186303 0.014555837342150312
    endloop
  endfacet
  facet normal 0.0 0.0 0.0
    outer loop
      vertex 0.02072003178737345 0.040000000491668006 0.014469442078478436
      vertex 0.020744339392196238 0.039999999143149965 0.014555837342150312
      vertex 0.02072003109067152 0.043000000356031486 0.014469442078478436
    endloop
  endfacet
  facet normal 0.0 0.0 0.0
    outer loop
      vertex 0.020744339369843882 0.04299999968186303 0.014555837342150312
      vertex 0.020764310929244217 0.03999999914329876 0.014643335053331952
      vertex 0.020764310906891858 0.04299999968201183 0.014643335053331952
    endloop
  endfacet
  facet normal 0.0 0.0 0.0
    outer loop
      vertex 0.020744339392196238 0.039999999143149965 0.014555837342150312
      vertex 0.020764310929244217 0.03999999914329876 0.014643335053331952
      vertex 0.020744339369843882 0.04299999968186303 0.014555837342150312
    endloop
  endfacet
  facet normal 0.0 0.0 0.0
    outer loop
      vertex 0.0207798964742964 0.042999999682127955 0.01473172540367375
      vertex 0.020779895147949597 0.04000000049211403 0.01473172540367375
      vertex 0.020791055611082934 0.0429999996822111 0.014820779511339765
    endloop
  endfacet
  facet normal 0.0 0.0 0.0
    outer loop
      vertex 0.020764310906891858 0.04299999968201183 0.014643335053331952
      vertex 0.020779895147949597 0.04000000049211403 0.01473172540367375
      vertex 0.0207798964742964 0.042999999682127955 0.01473172540367375
    endloop
  endfacet
  facet normal 0.0 0.0 0.0
    outer loop
      vertex 0.020764310929244217 0.03999999914329876 0.014643335053331952
      vertex 0.020779895147949597 0.04000000049211403 0.01473172540367375
      vertex 0.020764310906891858 0.04299999968201183 0.014643335053331952
    endloop
  endfacet
  facet normal 0.0 0.0 0.0
    outer loop
      vertex 0.020779895147949597 0.04000000049211403 0.01473172540367375
      vertex 0.02079105563343529 0.03999999914349803 0.014820779511339765
      vertex 0.020791055611082934 0.0429999996822111 0.014820779511339765
    endloop
  endfacet
  facet normal 0.0 0.0 0.0
    outer loop
      vertex 0.020791055611082934 0.0429999996822111 0.014820779511339765
      vertex 0.02079776271431991 0.04000000049224716 0.014910276123888594
      vertex 0.02079776201761798 0.04300000035661065 0.014910276123888594
    endloop
  endfacet
  facet normal 0.0 0.0 0.0
    outer loop
      vertex 0.02079105563343529 0.03999999914349803 0.014820779511339765
      vertex 0.02079776271431991 0.04000000049224716 0.014910276123888594
      vertex 0.020791055611082934 0.0429999996822111 0.014820779511339765
    endloop
  endfacet
  facet normal 0.0 0.0 0.0
    outer loop
      vertex 0.02079776201761798 0.04300000035661065 0.014910276123888594
      vertex 0.020800000206213667 0.03999999914356468 0.015000001618273359
      vertex 0.020800000183861307 0.042999999682277745 0.015000001618273359
    endloop
  endfacet
  facet normal 0.0 0.0 0.0
    outer loop
      vertex 0.02079776271431991 0.04000000049224716 0.014910276123888594
      vertex 0.020800000206213667 0.03999999914356468 0.015000001618273359
      vertex 0.02079776201761798 0.04300000035661065 0.014910276123888594
    endloop
  endfacet
  facet normal 0.0 0.0 0.0
    outer loop
      vertex 7.253519495588176e-10 1.6962079326539564e-09 -2.890752739403979e-10
      vertex 0.0013372102723677886 0.005000000356194382 0.015000001618273359
      vertex 0.0013372102723677886 0.005000000356194382 0.004999999710924726
    endloop
  endfacet
  facet normal 0.0 0.0 0.0
    outer loop
      vertex 0.0013372102723677886 0.005000000356194382 0.015000001618273359
      vertex 7.253519495588176e-10 1.6962079326539564e-09 0.030000001618273358
      vertex 0.0013372102723677886 0.005000000356194382 0.01700000161827336
    endloop
  endfacet
  facet normal 0.0 0.0 0.0
    outer loop
      vertex 7.253519495588176e-10 1.6962079326539564e-09 -2.890752739403979e-10
      vertex 7.253519495588176e-10 1.6962079326539564e-09 0.030000001618273358
      vertex 0.0013372102723677886 0.005000000356194382 0.015000001618273359
    endloop
  endfacet
  facet normal 0.0 0.0 0.0
    outer loop
      vertex 7.253519495588176e-10 1.6962079326539564e-09 0.030000001618273358
      vertex 0.0013372102723677886 0.005000000356194382 0.026000001618273358
      vertex 0.0013372102723677886 0.005000000356194382 0.01700000161827336
    endloop
  endfacet
  facet normal 0.0 0.0 0.0
    outer loop
      vertex 0.0013372102723677886 0.005000000356194382 0.004999999710924726
      vertex 0.011499999323070295 0.042999999612985444 -2.890752739403979e-10
      vertex 7.253519495588176e-10 1.6962079326539564e-09 -2.890752739403979e-10
    endloop
  endfacet
  facet normal 0.0 0.0 0.0
    outer loop
      vertex 0.0013372102723677886 0.005000000356194382 0.004999999710924726
      vertex 0.010697673729730713 0.039999999742643996 0.0074999997109247265
      vertex 0.011499999323070295 0.042999999612985444 -2.890752739403979e-10
    endloop
  endfacet
  facet normal 0.0 0.0 0.0
    outer loop
      vertex 0.006912465370421186 0.02584660852193435 0.022420118042833906
      vertex 0.008023256658747778 0.030000000399622386 0.021500001618273357
      vertex 0.006993650313635003 0.02615017507644902 0.020499044129259687
    endloop
  endfacet
  facet normal 0.0 0.0 0.0
    outer loop
      vertex 0.008023256658747778 0.030000000399622386 0.021500001618273357
      vertex 0.011499999323070295 0.042999999612985444 0.02500000161827336
      vertex 0.010697673729730713 0.039999999742643996 0.021500001618273357
    endloop
  endfacet
  facet normal 0.0 0.0 0.0
    outer loop
      vertex 0.010697673729730713 0.039999999742643996 0.021500001618273357
      vertex 0.011499999323070295 0.042999999612985444 0.02500000161827336
      vertex 0.010697673729730713 0.039999999742643996 0.0074999997109247265
    endloop
  endfacet
  facet normal 0.0 0.0 0.0
    outer loop
      vertex 0.010697673729730713 0.039999999742643996 0.0074999997109247265
      vertex 0.011499999323070295 0.042999999612985444 0.02500000161827336
      vertex 0.011499999323070295 0.042999999612985444 -2.890752739403979e-10
    endloop
  endfacet
  facet normal 0.0 0.0 0.0
    outer loop
      vertex 0.006912465370421186 0.02584660852193435 0.022420118042833906
      vertex 0.011499999323070295 0.042999999612985444 0.02500000161827336
      vertex 0.008023256658747778 0.030000000399622386 0.021500001618273357
    endloop
  endfacet
  facet normal 0.0 0.0 0.0
    outer loop
      vertex 7.253519495588176e-10 1.6962079326539564e-09 0.030000001618273358
      vertex 0.011499999323070295 0.042999999612985444 0.02500000161827336
      vertex 0.0013372102723677886 0.005000000356194382 0.026000001618273358
    endloop
  endfacet
  facet normal 0.0 0.0 0.0
    outer loop
      vertex 0.0013372102723677886 0.005000000356194382 0.026000001618273358
      vertex 0.011499999323070295 0.042999999612985444 0.02500000161827336
      vertex 0.006912465370421186 0.02584660852193435 0.022420118042833906
    endloop
  endfacet
  facet normal 0.0 0.0 0.0
    outer loop
      vertex 0.0023139800454262858 1.713448893880809e-09 0.025564397522814374
      vertex 0.0023940550114995274 1.7140455152997447e-09 0.02564649362266789
      vertex 7.253519495588176e-10 1.6962079326539564e-09 0.030000001618273358
    endloop
  endfacet
  facet normal 0.0 0.0 0.0
    outer loop
      vertex 0.002478122127063721 1.7146718813698669e-09 0.02572449655235539
      vertex 7.253519495588176e-10 1.6962079326539564e-09 0.030000001618273358
      vertex 0.0023940550114995274 1.7140455152997447e-09 0.02564649362266789
    endloop
  endfacet
  facet normal 0.0 0.0 0.0
    outer loop
      vertex 0.002238099533716868 -9.845147801446074e-10 0.02547841043174992
      vertex 0.0023139800454262858 1.713448893880809e-09 0.025564397522814374
      vertex 7.253519495588176e-10 1.6962079326539564e-09 0.030000001618273358
    endloop
  endfacet
  facet normal 0.0 0.0 0.0
    outer loop
      vertex 0.0025659736924494247 -9.820718605002554e-10 0.025798211762316326
      vertex 7.253519495588176e-10 1.6962079326539564e-09 0.030000001618273358
      vertex 0.002478122127063721 1.7146718813698669e-09 0.02572449655235539
    endloop
  endfacet
  facet normal 0.0 0.0 0.0
    outer loop
      vertex 0.0021665968994559544 -9.850475308770257e-10 0.02538874978721867
      vertex 0.002238099533716868 -9.845147801446074e-10 0.02547841043174992
      vertex 7.253519495588176e-10 1.6962079326539564e-09 0.030000001618273358
    endloop
  endfacet
  facet normal 0.0 0.0 0.0
    outer loop
      vertex 0.002657388520995613 -9.81390748222566e-10 0.02586745614708195
      vertex 7.253519495588176e-10 1.6962079326539564e-09 0.030000001618273358
      vertex 0.0025659736924494247 -9.820718605002554e-10 0.025798211762316326
    endloop
  endfacet
  facet normal 0.0 0.0 0.0
    outer loop
      vertex 0.002099650170931654 1.7118519681780242e-09 0.02529563684166203
      vertex 0.0021665968994559544 -9.850475308770257e-10 0.02538874978721867
      vertex 7.253519495588176e-10 1.6962079326539564e-09 0.030000001618273358
    endloop
  endfacet
  facet normal 0.0 0.0 0.0
    outer loop
      vertex 0.002752142728643017 -9.806847549587162e-10 0.02593206185997258
      vertex 7.253519495588176e-10 1.6962079326539564e-09 0.030000001618273358
      vertex 0.002657388520995613 -9.81390748222566e-10 0.02586745614708195
    endloop
  endfacet
  facet normal 0.0 0.0 0.0
    outer loop
      vertex 0.0020374319816355083 1.7113883938879582e-09 0.025199300476915938
      vertex 0.002099650170931654 1.7118519681780242e-09 0.02529563684166203
      vertex 7.253519495588176e-10 1.6962079326539564e-09 0.030000001618273358
    endloop
  endfacet
  facet normal 0.0 0.0 0.0
    outer loop
      vertex 0.002849998944340823 -9.799556495160289e-10 0.02599185723961125
      vertex 7.253519495588176e-10 1.6962079326539564e-09 0.030000001618273358
      vertex 0.002752142728643017 -9.806847549587162e-10 0.02593206185997258
    endloop
  endfacet
  facet normal 0.0 0.0 0.0
    outer loop
      vertex 0.0019800906884742545 1.7109611563093096e-09 0.025099984833605392
      vertex 0.0020374319816355083 1.7113883938879582e-09 0.025199300476915938
      vertex 7.253519495588176e-10 1.6962079326539564e-09 0.030000001618273358
    endloop
  endfacet
  facet normal 0.0 0.0 0.0
    outer loop
      vertex 0.0029507144022416078 -9.792052402257668e-10 0.026046704956896406
      vertex 7.253519495588176e-10 1.6962079326539564e-09 0.030000001618273358
      vertex 0.002849998944340823 -9.799556495160289e-10 0.02599185723961125
    endloop
  endfacet
  facet normal 0.0 0.0 0.0
    outer loop
      vertex 0.0019277719509563473 1.7105713406850852e-09 0.02499793405235539
      vertex 0.0019800906884742545 1.7109611563093096e-09 0.025099984833605392
      vertex 7.253519495588176e-10 1.6962079326539564e-09 0.030000001618273358
    endloop
  endfacet
  facet normal 0.0 0.0 0.0
    outer loop
      vertex 0.003054040941701339 -9.78435376497444e-10 0.026096463868029218
      vertex 7.253519495588176e-10 1.6962079326539564e-09 0.030000001618273358
      vertex 0.0029507144022416078 -9.792052402257668e-10 0.026046704956896406
    endloop
  endfacet
  facet normal 0.0 0.0 0.0
    outer loop
      vertex 0.0018806052442004119 1.7102199116880712e-09 0.024893399903185467
      vertex 0.0019277719509563473 1.7105713406850852e-09 0.02499793405235539
      vertex 7.253519495588176e-10 1.6962079326539564e-09 0.030000001618273358
    endloop
  endfacet
  facet normal 0.0 0.0 0.0
    outer loop
      vertex 0.0031597142176861574 -9.776480278667065e-10 0.02614100808799992
      vertex 7.253519495588176e-10 1.6962079326539564e-09 0.030000001618273358
      vertex 0.003054040941701339 -9.78435376497444e-10 0.026096463868029218
    endloop
  endfacet
  facet normal 0.0 0.0 0.0
    outer loop
      vertex 0.00183870655633357 -9.874905710915981e-10 0.024786645600206953
      vertex 0.0018806052442004119 1.7102199116880712e-09 0.024893399903185467
      vertex 7.253519495588176e-10 1.6962079326539564e-09 0.030000001618273358
    endloop
  endfacet
  facet normal 0.0 0.0 0.0
    outer loop
      vertex 0.0032674806747554205 -9.768450830449637e-10 0.026180234619982343
      vertex 7.253519495588176e-10 1.6962079326539564e-09 0.030000001618273358
      vertex 0.0031597142176861574 -9.776480278667065e-10 0.02614100808799992
    endloop
  endfacet
  facet normal 0.0 0.0 0.0
    outer loop
      vertex 0.0018021837832879698 -9.877626944154726e-10 0.024677938172228436
      vertex 0.00183870655633357 -9.874905710915981e-10 0.024786645600206953
      vertex 7.253519495588176e-10 1.6962079326539564e-09 0.030000001618273358
    endloop
  endfacet
  facet normal 0.0 0.0 0.0
    outer loop
      vertex 0.003377067875680334 1.7213697323104071e-09 0.026214036652453046
      vertex 7.253519495588176e-10 1.6962079326539564e-09 0.030000001618273358
      vertex 0.0032674806747554205 -9.768450830449637e-10 0.026180234619982343
    endloop
  endfacet
  facet normal 0.0 0.0 0.0
    outer loop
      vertex 0.0017711232418093613 1.7094041848686458e-09 0.02456754083336125
      vertex 0.0018021837832879698 -9.877626944154726e-10 0.024677938172228436
      vertex 7.253519495588176e-10 1.6962079326539564e-09 0.030000001618273358
    endloop
  endfacet
  facet normal 0.0 0.0 0.0
    outer loop
      vertex 0.0034882033832321843 -9.752005256657982e-10 0.02624233407676945
      vertex 7.253519495588176e-10 1.6962079326539564e-09 0.030000001618273358
      vertex 0.003377067875680334 1.7213697323104071e-09 0.026214036652453046
    endloop
  endfacet
  facet normal 0.0 0.0 0.0
    outer loop
      vertex 0.0017456031564486412 -9.881842644166028e-10 0.024455735871203046
      vertex 0.0017711232418093613 1.7094041848686458e-09 0.02456754083336125
      vertex 7.253519495588176e-10 1.6962079326539564e-09 0.030000001618273358
    endloop
  endfacet
  facet normal 0.0 0.0 0.0
    outer loop
      vertex 0.003600609365385527 -9.743630131620051e-10 0.02626505822838078
      vertex 7.253519495588176e-10 1.6962079326539564e-09 0.030000001618273358
      vertex 0.0034882033832321843 -9.752005256657982e-10 0.02624233407676945
    endloop
  endfacet
  facet normal 0.0 0.0 0.0
    outer loop
      vertex 0.0017256882647650412 1.7090656586615792e-09 0.024342797943956954
      vertex 0.0017456031564486412 -9.881842644166028e-10 0.024455735871203046
      vertex 7.253519495588176e-10 1.6962079326539564e-09 0.030000001618273358
    endloop
  endfacet
  facet normal 0.0 0.0 0.0
    outer loop
      vertex 0.0037140079901149974 -9.735181043524221e-10 0.026282151886828045
      vertex 7.253519495588176e-10 1.6962079326539564e-09 0.030000001618273358
      vertex 0.003600609365385527 -9.743630131620051e-10 0.02626505822838078
    endloop
  endfacet
  facet normal 0.0 0.0 0.0
    outer loop
      vertex 0.0017114298173264118 1.7089594219754644e-09 0.02422900552452336
      vertex 0.0017256882647650412 1.7090656586615792e-09 0.024342797943956954
      vertex 7.253519495588176e-10 1.6962079326539564e-09 0.030000001618273358
    endloop
  endfacet
  facet normal 0.0 0.0 0.0
    outer loop
      vertex 0.0038281214253951933 1.7247304351375447e-09 0.026293569275744062
      vertex 7.253519495588176e-10 1.6962079326539564e-09 0.030000001618273358
      vertex 0.0037140079901149974 -9.735181043524221e-10 0.026282151886828045
    endloop
  endfacet
  facet normal 0.0 0.0 0.0
    outer loop
      vertex 0.001702860182912409 -9.885027332234842e-10 0.024114644715197187
      vertex 0.0017114298173264118 1.7089594219754644e-09 0.02422900552452336
      vertex 7.253519495588176e-10 1.6962079326539564e-09 0.030000001618273358
    endloop
  endfacet
  facet normal 0.0 0.0 0.0
    outer loop
      vertex 0.003942661049607572 -9.718144595716182e-10 0.026299283692247967
      vertex 7.253519495588176e-10 1.6962079326539564e-09 0.030000001618273358
      vertex 0.0038281214253951933 1.7247304351375447e-09 0.026293569275744062
    endloop
  endfacet
  facet normal 0.0 0.0 0.0
    outer loop
      vertex 0.00170000094070943 -9.885240367379922e-10 0.02400000161827336
      vertex 0.001702860182912409 -9.885027332234842e-10 0.024114644715197187
      vertex 7.253519495588176e-10 1.6962079326539564e-09 0.030000001618273358
    endloop
  endfacet
  facet normal 0.0 0.0 0.0
    outer loop
      vertex 0.004057340938531754 1.7264383003201544e-09 0.026299283692247967
      vertex 7.253519495588176e-10 1.6962079326539564e-09 0.030000001618273358
      vertex 0.003942661049607572 -9.718144595716182e-10 0.026299283692247967
    endloop
  endfacet
  facet normal 0.0 0.0 0.0
    outer loop
      vertex 0.004171880562744132 -9.70106594166964e-10 0.026293569275744062
      vertex 7.253519495588176e-10 1.6962079326539564e-09 0.030000001618273358
      vertex 0.004057340938531754 1.7264383003201544e-09 0.026299283692247967
    endloop
  endfacet
  facet normal 0.0 0.0 0.0
    outer loop
      vertex 0.004285991300626043 -9.692563800456356e-10 0.026282151886828045
      vertex 7.253519495588176e-10 1.6962079326539564e-09 0.030000001618273358
      vertex 0.004171880562744132 -9.70106594166964e-10 0.026293569275744062
    endloop
  endfacet
  facet normal 0.0 0.0 0.0
    outer loop
      vertex 0.0043993899253555145 -9.68411471014008e-10 0.02626505822838078
      vertex 7.253519495588176e-10 1.6962079326539564e-09 0.030000001618273358
      vertex 0.004285991300626043 -9.692563800456356e-10 0.026282151886828045
    endloop
  endfacet
  facet normal 0.0 0.0 0.0
    outer loop
      vertex 0.004511798604907141 1.7298243664143343e-09 0.02624233407676945
      vertex 7.253519495588176e-10 1.6962079326539564e-09 0.030000001618273358
      vertex 0.0043993899253555145 -9.68411471014008e-10 0.02626505822838078
    endloop
  endfacet
  facet normal 0.0 0.0 0.0
    outer loop
      vertex 0.0046229341124589905 -9.667458913398263e-10 0.026214036652453046
      vertex 7.253519495588176e-10 1.6962079326539564e-09 0.030000001618273358
      vertex 0.004511798604907141 1.7298243664143343e-09 0.02624233407676945
    endloop
  endfacet
  facet normal 0.0 0.0 0.0
    outer loop
      vertex 0.004732518615985621 -9.65929401353094e-10 0.026180234619982343
      vertex 7.253519495588176e-10 1.6962079326539564e-09 0.030000001618273358
      vertex 0.0046229341124589905 -9.667458913398263e-10 0.026214036652453046
    endloop
  endfacet
  facet normal 0.0 0.0 0.0
    outer loop
      vertex 0.004840285073054883 -9.651264565313512e-10 0.02614100808799992
      vertex 7.253519495588176e-10 1.6962079326539564e-09 0.030000001618273358
      vertex 0.004732518615985621 -9.65929401353094e-10 0.026180234619982343
    endloop
  endfacet
  facet normal 0.0 0.0 0.0
    outer loop
      vertex 0.004945961046437987 1.7330592174680248e-09 0.026096463868029218
      vertex 7.253519495588176e-10 1.6962079326539564e-09 0.030000001618273358
      vertex 0.004840285073054883 -9.651264565313512e-10 0.02614100808799992
    endloop
  endfacet
  facet normal 0.0 0.0 0.0
    outer loop
      vertex 0.005049284888499433 -9.635692435061572e-10 0.026046704956896406
      vertex 7.253519495588176e-10 1.6962079326539564e-09 0.030000001618273358
      vertex 0.004945961046437987 1.7330592174680248e-09 0.026096463868029218
    endloop
  endfacet
  facet normal 0.0 0.0 0.0
    outer loop
      vertex 0.005150000346400218 -9.628188344379395e-10 0.02599185723961125
      vertex 7.253519495588176e-10 1.6962079326539564e-09 0.030000001618273358
      vertex 0.005049284888499433 -9.635692435061572e-10 0.026046704956896406
    endloop
  endfacet
  facet normal 0.0 0.0 0.0
    outer loop
      vertex 0.00170000094070943 -9.885240367379922e-10 0.01900000161827336
      vertex 0.00170000094070943 -9.885240367379922e-10 0.02400000161827336
      vertex 7.253519495588176e-10 1.6962079326539564e-09 0.030000001618273358
    endloop
  endfacet
  facet normal 0.0 0.0 0.0
    outer loop
      vertex 0.001702860182912409 -9.885027332234842e-10 0.018885354706652265
      vertex 0.00170000094070943 -9.885240367379922e-10 0.01900000161827336
      vertex 7.253519495588176e-10 1.6962079326539564e-09 0.030000001618273358
    endloop
  endfacet
  facet normal 0.0 0.0 0.0
    outer loop
      vertex 0.0023139800454262858 1.713448893880809e-09 0.014564397522814375
      vertex 0.0023940550114995274 1.7140455152997447e-09 0.01464649362266789
      vertex 0.0023940550114995274 1.7140455152997447e-09 0.017353505799181563
    endloop
  endfacet
  facet normal 0.0 0.0 0.0
    outer loop
      vertex 0.0023139800454262858 1.713448893880809e-09 0.014564397522814375
      vertex 0.0023940550114995274 1.7140455152997447e-09 0.017353505799181563
      vertex 0.0023139800454262858 1.713448893880809e-09 0.017435601899035078
    endloop
  endfacet
  facet normal 0.0 0.0 0.0
    outer loop
      vertex 0.0023139800454262858 1.713448893880809e-09 0.014564397522814375
      vertex 0.0023139800454262858 1.713448893880809e-09 0.017435601899035078
      vertex 0.002238099533716868 -9.845147801446074e-10 0.01752158899009953
    endloop
  endfacet
  facet normal 0.0 0.0 0.0
    outer loop
      vertex 0.002478122127063721 1.7146718813698669e-09 0.01472449655235539
      vertex 0.0023940550114995274 1.7140455152997447e-09 0.017353505799181563
      vertex 0.0023940550114995274 1.7140455152997447e-09 0.01464649362266789
    endloop
  endfacet
  facet normal 0.0 0.0 0.0
    outer loop
      vertex 0.002478122127063721 1.7146718813698669e-09 0.01472449655235539
      vertex 0.002478122127063721 1.7146718813698669e-09 0.01727550286949406
      vertex 0.0023940550114995274 1.7140455152997447e-09 0.017353505799181563
    endloop
  endfacet
  facet normal 0.0 0.0 0.0
    outer loop
      vertex 0.002238099533716868 -9.845147801446074e-10 0.014478410431749921
      vertex 0.0023139800454262858 1.713448893880809e-09 0.014564397522814375
      vertex 0.002238099533716868 -9.845147801446074e-10 0.01752158899009953
    endloop
  endfacet
  facet normal 0.0 0.0 0.0
    outer loop
      vertex 0.0025659736924494247 -9.820718605002554e-10 0.014798211762316328
      vertex 0.002478122127063721 1.7146718813698669e-09 0.01727550286949406
      vertex 0.002478122127063721 1.7146718813698669e-09 0.01472449655235539
    endloop
  endfacet
  facet normal 0.0 0.0 0.0
    outer loop
      vertex 0.0025659736924494247 -9.820718605002554e-10 0.014798211762316328
      vertex 0.002657388520995613 -9.81390748222566e-10 0.0171325432747675
      vertex 0.0025659736924494247 -9.820718605002554e-10 0.017201787659533126
    endloop
  endfacet
  facet normal 0.0 0.0 0.0
    outer loop
      vertex 0.0025659736924494247 -9.820718605002554e-10 0.014798211762316328
      vertex 0.0025659736924494247 -9.820718605002554e-10 0.017201787659533126
      vertex 0.002478122127063721 1.7146718813698669e-09 0.01727550286949406
    endloop
  endfacet
  facet normal 0.0 0.0 0.0
    outer loop
      vertex 0.0021665968994559544 -9.850475308770257e-10 0.014388749787218671
      vertex 0.002238099533716868 -9.845147801446074e-10 0.014478410431749921
      vertex 0.002238099533716868 -9.845147801446074e-10 0.01752158899009953
    endloop
  endfacet
  facet normal 0.0 0.0 0.0
    outer loop
      vertex 0.0021665968994559544 -9.850475308770257e-10 0.014388749787218671
      vertex 0.002238099533716868 -9.845147801446074e-10 0.01752158899009953
      vertex 0.0021665968994559544 -9.850475308770257e-10 0.01761124963463078
    endloop
  endfacet
  facet normal 0.0 0.0 0.0
    outer loop
      vertex 0.002657388520995613 -9.81390748222566e-10 0.014867456147081952
      vertex 0.002657388520995613 -9.81390748222566e-10 0.0171325432747675
      vertex 0.0025659736924494247 -9.820718605002554e-10 0.014798211762316328
    endloop
  endfacet
  facet normal 0.0 0.0 0.0
    outer loop
      vertex 0.002099650170931654 1.7118519681780242e-09 0.01429563684166203
      vertex 0.0021665968994559544 -9.850475308770257e-10 0.014388749787218671
      vertex 0.0021665968994559544 -9.850475308770257e-10 0.01761124963463078
    endloop
  endfacet
  facet normal 0.0 0.0 0.0
    outer loop
      vertex 0.002099650170931654 1.7118519681780242e-09 0.01429563684166203
      vertex 0.0021665968994559544 -9.850475308770257e-10 0.01761124963463078
      vertex 0.002099650170931654 1.7118519681780242e-09 0.01770436258018742
    endloop
  endfacet
  facet normal 0.0 0.0 0.0
    outer loop
      vertex 0.002752142728643017 -9.806847549587162e-10 0.014932058045275313
      vertex 0.002657388520995613 -9.81390748222566e-10 0.0171325432747675
      vertex 0.002657388520995613 -9.81390748222566e-10 0.014867456147081952
    endloop
  endfacet
  facet normal 0.0 0.0 0.0
    outer loop
      vertex 0.002752142728643017 -9.806847549587162e-10 0.014932058045275313
      vertex 0.002849998944340823 -9.799556495160289e-10 0.017008142182238204
      vertex 0.002752142728643017 -9.806847549587162e-10 0.01706794137657414
    endloop
  endfacet
  facet normal 0.0 0.0 0.0
    outer loop
      vertex 0.002752142728643017 -9.806847549587162e-10 0.014932058045275313
      vertex 0.002752142728643017 -9.806847549587162e-10 0.01706794137657414
      vertex 0.002657388520995613 -9.81390748222566e-10 0.0171325432747675
    endloop
  endfacet
  facet normal 0.0 0.0 0.0
    outer loop
      vertex 0.0020374319816355083 1.7113883938879582e-09 0.014199300476915937
      vertex 0.002099650170931654 1.7118519681780242e-09 0.01770436258018742
      vertex 0.0020374319816355083 1.7113883938879582e-09 0.017800698944933514
    endloop
  endfacet
  facet normal 0.0 0.0 0.0
    outer loop
      vertex 0.0020374319816355083 1.7113883938879582e-09 0.014199300476915937
      vertex 0.002099650170931654 1.7118519681780242e-09 0.01429563684166203
      vertex 0.002099650170931654 1.7118519681780242e-09 0.01770436258018742
    endloop
  endfacet
  facet normal 0.0 0.0 0.0
    outer loop
      vertex 0.002849998944340823 -9.799556495160289e-10 0.01499185723961125
      vertex 0.002849998944340823 -9.799556495160289e-10 0.017008142182238204
      vertex 0.002752142728643017 -9.806847549587162e-10 0.014932058045275313
    endloop
  endfacet
  facet normal 0.0 0.0 0.0
    outer loop
      vertex 0.002849998944340823 -9.799556495160289e-10 0.01499185723961125
      vertex 0.0029507144022416078 -9.792052402257668e-10 0.016953294464953046
      vertex 0.002849998944340823 -9.799556495160289e-10 0.017008142182238204
    endloop
  endfacet
  facet normal 0.0 0.0 0.0
    outer loop
      vertex 0.0019800906884742545 1.7109611563093096e-09 0.01409998483360539
      vertex 0.0020374319816355083 1.7113883938879582e-09 0.017800698944933514
      vertex 0.0019800906884742545 1.7109611563093096e-09 0.017900014588244063
    endloop
  endfacet
  facet normal 0.0 0.0 0.0
    outer loop
      vertex 0.0019800906884742545 1.7109611563093096e-09 0.01409998483360539
      vertex 0.0020374319816355083 1.7113883938879582e-09 0.014199300476915937
      vertex 0.0020374319816355083 1.7113883938879582e-09 0.017800698944933514
    endloop
  endfacet
  facet normal 0.0 0.0 0.0
    outer loop
      vertex 0.0029507144022416078 -9.792052402257668e-10 0.015046704956896405
      vertex 0.0029507144022416078 -9.792052402257668e-10 0.016953294464953046
      vertex 0.002849998944340823 -9.799556495160289e-10 0.01499185723961125
    endloop
  endfacet
  facet normal 0.0 0.0 0.0
    outer loop
      vertex 0.0019277719509563473 1.7105713406850852e-09 0.013997934052355391
      vertex 0.0019800906884742545 1.7109611563093096e-09 0.017900014588244063
      vertex 0.0019277719509563473 1.7105713406850852e-09 0.018002069184191328
    endloop
  endfacet
  facet normal 0.0 0.0 0.0
    outer loop
      vertex 0.0019277719509563473 1.7105713406850852e-09 0.013997934052355391
      vertex 0.0019800906884742545 1.7109611563093096e-09 0.01409998483360539
      vertex 0.0019800906884742545 1.7109611563093096e-09 0.017900014588244063
    endloop
  endfacet
  facet normal 0.0 0.0 0.0
    outer loop
      vertex 0.003054040941701339 -9.78435376497444e-10 0.015096463868029219
      vertex 0.0029507144022416078 -9.792052402257668e-10 0.016953294464953046
      vertex 0.0029507144022416078 -9.792052402257668e-10 0.015046704956896405
    endloop
  endfacet
  facet normal 0.0 0.0 0.0
    outer loop
      vertex 0.003054040941701339 -9.78435376497444e-10 0.015096463868029219
      vertex 0.003054040941701339 -9.78435376497444e-10 0.016903535553820234
      vertex 0.0029507144022416078 -9.792052402257668e-10 0.016953294464953046
    endloop
  endfacet
  facet normal 0.0 0.0 0.0
    outer loop
      vertex 0.0018806052442004119 1.7102199116880712e-09 0.013893399903185468
      vertex 0.0019277719509563473 1.7105713406850852e-09 0.018002069184191328
      vertex 0.0018806052442004119 1.7102199116880712e-09 0.018106599518663984
    endloop
  endfacet
  facet normal 0.0 0.0 0.0
    outer loop
      vertex 0.0018806052442004119 1.7102199116880712e-09 0.013893399903185468
      vertex 0.0019277719509563473 1.7105713406850852e-09 0.013997934052355391
      vertex 0.0019277719509563473 1.7105713406850852e-09 0.018002069184191328
    endloop
  endfacet
  facet normal 0.0 0.0 0.0
    outer loop
      vertex 0.0031597142176861574 -9.776480278667065e-10 0.01514100808799992
      vertex 0.003054040941701339 -9.78435376497444e-10 0.016903535553820234
      vertex 0.003054040941701339 -9.78435376497444e-10 0.015096463868029219
    endloop
  endfacet
  facet normal 0.0 0.0 0.0
    outer loop
      vertex 0.0031597142176861574 -9.776480278667065e-10 0.01514100808799992
      vertex 0.0031597142176861574 -9.776480278667065e-10 0.01685899133384953
      vertex 0.003054040941701339 -9.78435376497444e-10 0.016903535553820234
    endloop
  endfacet
  facet normal 0.0 0.0 0.0
    outer loop
      vertex 0.00183870655633357 -9.874905710915981e-10 0.013786645600206952
      vertex 0.0018806052442004119 1.7102199116880712e-09 0.018106599518663984
      vertex 0.00183870655633357 -9.874905710915981e-10 0.0182133538216425
    endloop
  endfacet
  facet normal 0.0 0.0 0.0
    outer loop
      vertex 0.00183870655633357 -9.874905710915981e-10 0.013786645600206952
      vertex 0.0018806052442004119 1.7102199116880712e-09 0.013893399903185468
      vertex 0.0018806052442004119 1.7102199116880712e-09 0.018106599518663984
    endloop
  endfacet
  facet normal 0.0 0.0 0.0
    outer loop
      vertex 0.0032674806747554205 -9.768450830449637e-10 0.015180234619982344
      vertex 0.0031597142176861574 -9.776480278667065e-10 0.01685899133384953
      vertex 0.0031597142176861574 -9.776480278667065e-10 0.01514100808799992
    endloop
  endfacet
  facet normal 0.0 0.0 0.0
    outer loop
      vertex 0.0032674806747554205 -9.768450830449637e-10 0.015180234619982344
      vertex 0.0032674806747554205 -9.768450830449637e-10 0.016819768616564375
      vertex 0.0031597142176861574 -9.776480278667065e-10 0.01685899133384953
    endloop
  endfacet
  facet normal 0.0 0.0 0.0
    outer loop
      vertex 0.0018021837832879698 -9.877626944154726e-10 0.013677938172228437
      vertex 0.00183870655633357 -9.874905710915981e-10 0.013786645600206952
      vertex 0.00183870655633357 -9.874905710915981e-10 0.0182133538216425
    endloop
  endfacet
  facet normal 0.0 0.0 0.0
    outer loop
      vertex 0.0018021837832879698 -9.877626944154726e-10 0.013677938172228437
      vertex 0.00183870655633357 -9.874905710915981e-10 0.0182133538216425
      vertex 0.0018021837832879698 -9.877626944154726e-10 0.018322065064318282
    endloop
  endfacet
  facet normal 0.0 0.0 0.0
    outer loop
      vertex 0.003377067875680334 1.7213697323104071e-09 0.015214036652453047
      vertex 0.0032674806747554205 -9.768450830449637e-10 0.016819768616564375
      vertex 0.0032674806747554205 -9.768450830449637e-10 0.015180234619982344
    endloop
  endfacet
  facet normal 0.0 0.0 0.0
    outer loop
      vertex 0.003377067875680334 1.7213697323104071e-09 0.015214036652453047
      vertex 0.003377067875680334 1.7213697323104071e-09 0.016785962769396406
      vertex 0.0032674806747554205 -9.768450830449637e-10 0.016819768616564375
    endloop
  endfacet
  facet normal 0.0 0.0 0.0
    outer loop
      vertex 0.0017711232418093613 1.7094041848686458e-09 0.01356754083336125
      vertex 0.0018021837832879698 -9.877626944154726e-10 0.018322065064318282
      vertex 0.0017711232418093613 1.7094041848686458e-09 0.0184324585884882
    endloop
  endfacet
  facet normal 0.0 0.0 0.0
    outer loop
      vertex 0.0017711232418093613 1.7094041848686458e-09 0.01356754083336125
      vertex 0.0018021837832879698 -9.877626944154726e-10 0.013677938172228437
      vertex 0.0018021837832879698 -9.877626944154726e-10 0.018322065064318282
    endloop
  endfacet
  facet normal 0.0 0.0 0.0
    outer loop
      vertex 0.0034882033832321843 -9.752005256657982e-10 0.015242334076769453
      vertex 0.0034882033832321843 -9.752005256657982e-10 0.01675766534508
      vertex 0.003377067875680334 1.7213697323104071e-09 0.016785962769396406
    endloop
  endfacet
  facet normal 0.0 0.0 0.0
    outer loop
      vertex 0.0034882033832321843 -9.752005256657982e-10 0.015242334076769453
      vertex 0.003377067875680334 1.7213697323104071e-09 0.016785962769396406
      vertex 0.003377067875680334 1.7213697323104071e-09 0.015214036652453047
    endloop
  endfacet
  facet normal 0.0 0.0 0.0
    outer loop
      vertex 0.0017456031564486412 -9.881842644166028e-10 0.013455735871203047
      vertex 0.0017711232418093613 1.7094041848686458e-09 0.0184324585884882
      vertex 0.0017456031564486412 -9.881842644166028e-10 0.018544263550646405
    endloop
  endfacet
  facet normal 0.0 0.0 0.0
    outer loop
      vertex 0.0017456031564486412 -9.881842644166028e-10 0.013455735871203047
      vertex 0.0017711232418093613 1.7094041848686458e-09 0.01356754083336125
      vertex 0.0017711232418093613 1.7094041848686458e-09 0.0184324585884882
    endloop
  endfacet
  facet normal 0.0 0.0 0.0
    outer loop
      vertex 0.003600609365385527 -9.743630131620051e-10 0.015265058228380781
      vertex 0.003600609365385527 -9.743630131620051e-10 0.01673494119346867
      vertex 0.0034882033832321843 -9.752005256657982e-10 0.01675766534508
    endloop
  endfacet
  facet normal 0.0 0.0 0.0
    outer loop
      vertex 0.003600609365385527 -9.743630131620051e-10 0.015265058228380781
      vertex 0.0034882033832321843 -9.752005256657982e-10 0.01675766534508
      vertex 0.0034882033832321843 -9.752005256657982e-10 0.015242334076769453
    endloop
  endfacet
  facet normal 0.0 0.0 0.0
    outer loop
      vertex 0.0017256882647650412 1.7090656586615792e-09 0.013342797943956953
      vertex 0.0017456031564486412 -9.881842644166028e-10 0.013455735871203047
      vertex 0.0017456031564486412 -9.881842644166028e-10 0.018544263550646405
    endloop
  endfacet
  facet normal 0.0 0.0 0.0
    outer loop
      vertex 0.0017256882647650412 1.7090656586615792e-09 0.013342797943956953
      vertex 0.0017456031564486412 -9.881842644166028e-10 0.018544263550646405
      vertex 0.0017256882647650412 1.7090656586615792e-09 0.018657201477892498
    endloop
  endfacet
  facet normal 0.0 0.0 0.0
    outer loop
      vertex 0.0037140079901149974 -9.735181043524221e-10 0.015282151886828046
      vertex 0.003600609365385527 -9.743630131620051e-10 0.01673494119346867
      vertex 0.003600609365385527 -9.743630131620051e-10 0.015265058228380781
    endloop
  endfacet
  facet normal 0.0 0.0 0.0
    outer loop
      vertex 0.0037140079901149974 -9.735181043524221e-10 0.015282151886828046
      vertex 0.0037140079901149974 -9.735181043524221e-10 0.016717851349718673
      vertex 0.003600609365385527 -9.743630131620051e-10 0.01673494119346867
    endloop
  endfacet
  facet normal 0.0 0.0 0.0
    outer loop
      vertex 0.0017114298173264118 1.7089594219754644e-09 0.013229005524523359
      vertex 0.0017256882647650412 1.7090656586615792e-09 0.018657201477892498
      vertex 0.0017114298173264118 1.7089594219754644e-09 0.01877099389732609
    endloop
  endfacet
  facet normal 0.0 0.0 0.0
    outer loop
      vertex 0.0017114298173264118 1.7089594219754644e-09 0.013229005524523359
      vertex 0.0017256882647650412 1.7090656586615792e-09 0.013342797943956953
      vertex 0.0017256882647650412 1.7090656586615792e-09 0.018657201477892498
    endloop
  endfacet
  facet normal 0.0 0.0 0.0
    outer loop
      vertex 0.0038281214253951933 1.7247304351375447e-09 0.015293569275744061
      vertex 0.0037140079901149974 -9.735181043524221e-10 0.016717851349718673
      vertex 0.0037140079901149974 -9.735181043524221e-10 0.015282151886828046
    endloop
  endfacet
  facet normal 0.0 0.0 0.0
    outer loop
      vertex 0.0038281214253951933 1.7247304351375447e-09 0.015293569275744061
      vertex 0.0038281214253951933 1.7247304351375447e-09 0.01670643014610539
      vertex 0.0037140079901149974 -9.735181043524221e-10 0.016717851349718673
    endloop
  endfacet
  facet normal 0.0 0.0 0.0
    outer loop
      vertex 0.001702860182912409 -9.885027332234842e-10 0.013114644715197186
      vertex 0.0017114298173264118 1.7089594219754644e-09 0.013229005524523359
      vertex 0.0017114298173264118 1.7089594219754644e-09 0.01877099389732609
    endloop
  endfacet
  facet normal 0.0 0.0 0.0
    outer loop
      vertex 0.001702860182912409 -9.885027332234842e-10 0.013114644715197186
      vertex 0.0017114298173264118 1.7089594219754644e-09 0.01877099389732609
      vertex 0.001702860182912409 -9.885027332234842e-10 0.018885354706652265
    endloop
  endfacet
  facet normal 0.0 0.0 0.0
    outer loop
      vertex 0.001702860182912409 -9.885027332234842e-10 0.013114644715197186
      vertex 0.001702860182912409 -9.885027332234842e-10 0.018885354706652265
      vertex 7.253519495588176e-10 1.6962079326539564e-09 0.030000001618273358
    endloop
  endfacet
  facet normal 0.0 0.0 0.0
    outer loop
      vertex 0.003942661049607572 -9.718144595716182e-10 0.015299283692247968
      vertex 0.0038281214253951933 1.7247304351375447e-09 0.01670643014610539
      vertex 0.0038281214253951933 1.7247304351375447e-09 0.015293569275744061
    endloop
  endfacet
  facet normal 0.0 0.0 0.0
    outer loop
      vertex 0.003942661049607572 -9.718144595716182e-10 0.015299283692247968
      vertex 0.003942661049607572 -9.718144595716182e-10 0.016700715729601485
      vertex 0.0038281214253951933 1.7247304351375447e-09 0.01670643014610539
    endloop
  endfacet
  facet normal 0.0 0.0 0.0
    outer loop
      vertex 0.004057340938531754 1.7264383003201544e-09 0.015299283692247968
      vertex 0.003942661049607572 -9.718144595716182e-10 0.016700715729601485
      vertex 0.003942661049607572 -9.718144595716182e-10 0.015299283692247968
    endloop
  endfacet
  facet normal 0.0 0.0 0.0
    outer loop
      vertex 0.004057340938531754 1.7264383003201544e-09 0.015299283692247968
      vertex 0.004057340938531754 1.7264383003201544e-09 0.016700715729601485
      vertex 0.003942661049607572 -9.718144595716182e-10 0.016700715729601485
    endloop
  endfacet
  facet normal 0.0 0.0 0.0
    outer loop
      vertex 0.004171880562744132 -9.70106594166964e-10 0.015293569275744061
      vertex 0.004057340938531754 1.7264383003201544e-09 0.016700715729601485
      vertex 0.004057340938531754 1.7264383003201544e-09 0.015299283692247968
    endloop
  endfacet
  facet normal 0.0 0.0 0.0
    outer loop
      vertex 0.004171880562744132 -9.70106594166964e-10 0.015293569275744061
      vertex 0.004171880562744132 -9.70106594166964e-10 0.01670643014610539
      vertex 0.004057340938531754 1.7264383003201544e-09 0.016700715729601485
    endloop
  endfacet
  facet normal 0.0 0.0 0.0
    outer loop
      vertex 0.004285991300626043 -9.692563800456356e-10 0.015282151886828046
      vertex 0.004171880562744132 -9.70106594166964e-10 0.01670643014610539
      vertex 0.004171880562744132 -9.70106594166964e-10 0.015293569275744061
    endloop
  endfacet
  facet normal 0.0 0.0 0.0
    outer loop
      vertex 0.004285991300626043 -9.692563800456356e-10 0.015282151886828046
      vertex 0.004285991300626043 -9.692563800456356e-10 0.016717851349718673
      vertex 0.004171880562744132 -9.70106594166964e-10 0.01670643014610539
    endloop
  endfacet
  facet normal 0.0 0.0 0.0
    outer loop
      vertex 0.0043993899253555145 -9.68411471014008e-10 0.015265058228380781
      vertex 0.004285991300626043 -9.692563800456356e-10 0.016717851349718673
      vertex 0.004285991300626043 -9.692563800456356e-10 0.015282151886828046
    endloop
  endfacet
  facet normal 0.0 0.0 0.0
    outer loop
      vertex 0.0043993899253555145 -9.68411471014008e-10 0.015265058228380781
      vertex 0.0043993899253555145 -9.68411471014008e-10 0.01673494119346867
      vertex 0.004285991300626043 -9.692563800456356e-10 0.016717851349718673
    endloop
  endfacet
  facet normal 0.0 0.0 0.0
    outer loop
      vertex 0.004511798604907141 1.7298243664143343e-09 0.015242334076769453
      vertex 0.0043993899253555145 -9.68411471014008e-10 0.01673494119346867
      vertex 0.0043993899253555145 -9.68411471014008e-10 0.015265058228380781
    endloop
  endfacet
  facet normal 0.0 0.0 0.0
    outer loop
      vertex 0.004511798604907141 1.7298243664143343e-09 0.015242334076769453
      vertex 0.004511798604907141 1.7298243664143343e-09 0.01675766534508
      vertex 0.0043993899253555145 -9.68411471014008e-10 0.01673494119346867
    endloop
  endfacet
  facet normal 0.0 0.0 0.0
    outer loop
      vertex 0.0046229341124589905 -9.667458913398263e-10 0.015214036652453047
      vertex 0.004511798604907141 1.7298243664143343e-09 0.01675766534508
      vertex 0.004511798604907141 1.7298243664143343e-09 0.015242334076769453
    endloop
  endfacet
  facet normal 0.0 0.0 0.0
    outer loop
      vertex 0.0046229341124589905 -9.667458913398263e-10 0.015214036652453047
      vertex 0.0046229341124589905 -9.667458913398263e-10 0.016785962769396406
      vertex 0.004511798604907141 1.7298243664143343e-09 0.01675766534508
    endloop
  endfacet
  facet normal 0.0 0.0 0.0
    outer loop
      vertex 0.004732518615985621 -9.65929401353094e-10 0.015180234619982344
      vertex 0.0046229341124589905 -9.667458913398263e-10 0.016785962769396406
      vertex 0.0046229341124589905 -9.667458913398263e-10 0.015214036652453047
    endloop
  endfacet
  facet normal 0.0 0.0 0.0
    outer loop
      vertex 0.004732518615985621 -9.65929401353094e-10 0.015180234619982344
      vertex 0.004732518615985621 -9.65929401353094e-10 0.016819768616564375
      vertex 0.0046229341124589905 -9.667458913398263e-10 0.016785962769396406
    endloop
  endfacet
  facet normal 0.0 0.0 0.0
    outer loop
      vertex 0.004840285073054883 -9.651264565313512e-10 0.01514100808799992
      vertex 0.004732518615985621 -9.65929401353094e-10 0.016819768616564375
      vertex 0.004732518615985621 -9.65929401353094e-10 0.015180234619982344
    endloop
  endfacet
  facet normal 0.0 0.0 0.0
    outer loop
      vertex 0.004840285073054883 -9.651264565313512e-10 0.01514100808799992
      vertex 0.004945961046437987 1.7330592174680248e-09 0.016903535553820234
      vertex 0.004840285073054883 -9.651264565313512e-10 0.01685899133384953
    endloop
  endfacet
  facet normal 0.0 0.0 0.0
    outer loop
      vertex 0.004840285073054883 -9.651264565313512e-10 0.01514100808799992
      vertex 0.004840285073054883 -9.651264565313512e-10 0.01685899133384953
      vertex 0.004732518615985621 -9.65929401353094e-10 0.016819768616564375
    endloop
  endfacet
  facet normal 0.0 0.0 0.0
    outer loop
      vertex 0.004945961046437987 1.7330592174680248e-09 0.015096463868029219
      vertex 0.004945961046437987 1.7330592174680248e-09 0.016903535553820234
      vertex 0.004840285073054883 -9.651264565313512e-10 0.01514100808799992
    endloop
  endfacet
  facet normal 0.0 0.0 0.0
    outer loop
      vertex 0.005049284888499433 -9.635692435061572e-10 0.015046704956896405
      vertex 0.005150000346400218 -9.628188344379395e-10 0.017008142182238204
      vertex 0.005049284888499433 -9.635692435061572e-10 0.016953294464953046
    endloop
  endfacet
  facet normal 0.0 0.0 0.0
    outer loop
      vertex 0.005049284888499433 -9.635692435061572e-10 0.015046704956896405
      vertex 0.005049284888499433 -9.635692435061572e-10 0.016953294464953046
      vertex 0.004945961046437987 1.7330592174680248e-09 0.016903535553820234
    endloop
  endfacet
  facet normal 0.0 0.0 0.0
    outer loop
      vertex 0.005049284888499433 -9.635692435061572e-10 0.015046704956896405
      vertex 0.004945961046437987 1.7330592174680248e-09 0.016903535553820234
      vertex 0.004945961046437987 1.7330592174680248e-09 0.015096463868029219
    endloop
  endfacet
  facet normal 0.0 0.0 0.0
    outer loop
      vertex 0.005150000346400218 -9.628188344379395e-10 0.01499185723961125
      vertex 0.005150000346400218 -9.628188344379395e-10 0.017008142182238204
      vertex 0.005049284888499433 -9.635692435061572e-10 0.015046704956896405
    endloop
  endfacet
  facet normal 0.0 0.0 0.0
    outer loop
      vertex 0.005150000346400218 -9.628188344379395e-10 0.01499185723961125
      vertex 0.005247856562098024 -9.62089729217297e-10 0.01706794137657414
      vertex 0.005150000346400218 -9.628188344379395e-10 0.017008142182238204
    endloop
  endfacet
  facet normal 0.0 0.0 0.0
    outer loop
      vertex 0.005247856562098024 -9.62089729217297e-10 0.014932058045275313
      vertex 0.005247856562098024 -9.62089729217297e-10 0.01706794137657414
      vertex 0.005150000346400218 -9.628188344379395e-10 0.01499185723961125
    endloop
  endfacet
  facet normal 0.0 0.0 0.0
    outer loop
      vertex 0.005342610769745427 -9.613837361754917e-10 0.014867456147081952
      vertex 0.005247856562098024 -9.62089729217297e-10 0.01706794137657414
      vertex 0.005247856562098024 -9.62089729217297e-10 0.014932058045275313
    endloop
  endfacet
  facet normal 0.0 0.0 0.0
    outer loop
      vertex 0.005342610769745427 -9.613837361754917e-10 0.014867456147081952
      vertex 0.005434025598291615 -9.607026236757577e-10 0.017201787659533126
      vertex 0.005342610769745427 -9.613837361754917e-10 0.0171325432747675
    endloop
  endfacet
  facet normal 0.0 0.0 0.0
    outer loop
      vertex 0.005342610769745427 -9.613837361754917e-10 0.014867456147081952
      vertex 0.005342610769745427 -9.613837361754917e-10 0.0171325432747675
      vertex 0.005247856562098024 -9.62089729217297e-10 0.01706794137657414
    endloop
  endfacet
  facet normal 0.0 0.0 0.0
    outer loop
      vertex 0.005434025598291615 -9.607026236757577e-10 0.014798211762316328
      vertex 0.005434025598291615 -9.607026236757577e-10 0.017201787659533126
      vertex 0.005342610769745427 -9.613837361754917e-10 0.014867456147081952
    endloop
  endfacet
  facet normal 0.0 0.0 0.0
    outer loop
      vertex 0.00552187716367728 1.7373502441131449e-09 0.01472449655235539
      vertex 0.0056059442792414736 1.7379766101832673e-09 0.017353505799181563
      vertex 0.00552187716367728 1.7373502441131449e-09 0.01727550286949406
    endloop
  endfacet
  facet normal 0.0 0.0 0.0
    outer loop
      vertex 0.00552187716367728 1.7373502441131449e-09 0.01472449655235539
      vertex 0.00552187716367728 1.7373502441131449e-09 0.01727550286949406
      vertex 0.005434025598291615 -9.607026236757577e-10 0.017201787659533126
    endloop
  endfacet
  facet normal 0.0 0.0 0.0
    outer loop
      vertex 0.00552187716367728 1.7373502441131449e-09 0.01472449655235539
      vertex 0.005434025598291615 -9.607026236757577e-10 0.017201787659533126
      vertex 0.005434025598291615 -9.607026236757577e-10 0.014798211762316328
    endloop
  endfacet
  facet normal 0.0 0.0 0.0
    outer loop
      vertex 0.0056059442792414736 1.7379766101832673e-09 0.01464649362266789
      vertex 0.0056059442792414736 1.7379766101832673e-09 0.017353505799181563
      vertex 0.00552187716367728 1.7373502441131449e-09 0.01472449655235539
    endloop
  endfacet
  facet normal 0.0 0.0 0.0
    outer loop
      vertex 0.0056059442792414736 1.7379766101832673e-09 0.01464649362266789
      vertex 0.005686019245314714 1.738573231602203e-09 0.017435601899035078
      vertex 0.0056059442792414736 1.7379766101832673e-09 0.017353505799181563
    endloop
  endfacet
  facet normal 0.0 0.0 0.0
    outer loop
      vertex 0.005686019245314714 1.738573231602203e-09 0.014564397522814375
      vertex 0.005761902454422457 1.739138620671099e-09 0.01752158899009953
      vertex 0.005686019245314714 1.738573231602203e-09 0.017435601899035078
    endloop
  endfacet
  facet normal 0.0 0.0 0.0
    outer loop
      vertex 0.005686019245314714 1.738573231602203e-09 0.014564397522814375
      vertex 0.005686019245314714 1.738573231602203e-09 0.017435601899035078
      vertex 0.0056059442792414736 1.7379766101832673e-09 0.01464649362266789
    endloop
  endfacet
  facet normal 0.0 0.0 0.0
    outer loop
      vertex 0.005761902454422457 1.739138620671099e-09 0.014478410431749921
      vertex 0.005761902454422457 1.739138620671099e-09 0.01752158899009953
      vertex 0.005686019245314714 1.738573231602203e-09 0.014564397522814375
    endloop
  endfacet
  facet normal 0.0 0.0 0.0
    outer loop
      vertex 0.005833405088683371 1.7396713714035172e-09 0.014388749787218671
      vertex 0.0059003491198093465 1.7401701568608985e-09 0.01770436258018742
      vertex 0.005833405088683371 1.7396713714035172e-09 0.01761124963463078
    endloop
  endfacet
  facet normal 0.0 0.0 0.0
    outer loop
      vertex 0.005833405088683371 1.7396713714035172e-09 0.014388749787218671
      vertex 0.005833405088683371 1.7396713714035172e-09 0.01761124963463078
      vertex 0.005761902454422457 1.739138620671099e-09 0.01752158899009953
    endloop
  endfacet
  facet normal 0.0 0.0 0.0
    outer loop
      vertex 0.005833405088683371 1.7396713714035172e-09 0.014388749787218671
      vertex 0.005761902454422457 1.739138620671099e-09 0.01752158899009953
      vertex 0.005761902454422457 1.739138620671099e-09 0.014478410431749921
    endloop
  endfacet
  facet normal 0.0 0.0 0.0
    outer loop
      vertex 0.0059003491198093465 1.7401701568608985e-09 0.01429563684166203
      vertex 0.0059003491198093465 1.7401701568608985e-09 0.01770436258018742
      vertex 0.005833405088683371 1.7396713714035172e-09 0.014388749787218671
    endloop
  endfacet
  facet normal 0.0 0.0 0.0
    outer loop
      vertex 0.005962570006503818 -9.567645533614665e-10 0.014199300476915937
      vertex 0.0059003491198093465 1.7401701568608985e-09 0.01770436258018742
      vertex 0.0059003491198093465 1.7401701568608985e-09 0.01429563684166203
    endloop
  endfacet
  facet normal 0.0 0.0 0.0
    outer loop
      vertex 0.005962570006503818 -9.567645533614665e-10 0.014199300476915937
      vertex 0.00601991129966507 -9.563373155607734e-10 0.017900014588244063
      vertex 0.005962570006503818 -9.567645533614665e-10 0.017800698944933514
    endloop
  endfacet
  facet normal 0.0 0.0 0.0
    outer loop
      vertex 0.005962570006503818 -9.567645533614665e-10 0.014199300476915937
      vertex 0.005962570006503818 -9.567645533614665e-10 0.017800698944933514
      vertex 0.0059003491198093465 1.7401701568608985e-09 0.01770436258018742
    endloop
  endfacet
  facet normal 0.0 0.0 0.0
    outer loop
      vertex 0.00601991129966507 -9.563373155607734e-10 0.01409998483360539
      vertex 0.00601991129966507 -9.563373155607734e-10 0.017900014588244063
      vertex 0.005962570006503818 -9.567645533614665e-10 0.014199300476915937
    endloop
  endfacet
  facet normal 0.0 0.0 0.0
    outer loop
      vertex 0.006072230037182978 -9.55947500269616e-10 0.013997934052355391
      vertex 0.006119396743938913 -9.555960711615797e-10 0.018106599518663984
      vertex 0.006072230037182978 -9.55947500269616e-10 0.018002069184191328
    endloop
  endfacet
  facet normal 0.0 0.0 0.0
    outer loop
      vertex 0.006072230037182978 -9.55947500269616e-10 0.013997934052355391
      vertex 0.006072230037182978 -9.55947500269616e-10 0.018002069184191328
      vertex 0.00601991129966507 -9.563373155607734e-10 0.017900014588244063
    endloop
  endfacet
  facet normal 0.0 0.0 0.0
    outer loop
      vertex 0.006072230037182978 -9.55947500269616e-10 0.013997934052355391
      vertex 0.00601991129966507 -9.563373155607734e-10 0.017900014588244063
      vertex 0.00601991129966507 -9.563373155607734e-10 0.01409998483360539
    endloop
  endfacet
  facet normal 0.0 0.0 0.0
    outer loop
      vertex 0.006119396743938913 -9.555960711615797e-10 0.013893399903185468
      vertex 0.006119396743938913 -9.555960711615797e-10 0.018106599518663984
      vertex 0.006072230037182978 -9.55947500269616e-10 0.013997934052355391
    endloop
  endfacet
  facet normal 0.0 0.0 0.0
    outer loop
      vertex 0.00616129273440747 -9.552839133064594e-10 0.013786645600206952
      vertex 0.00616129273440747 -9.552839133064594e-10 0.0182133538216425
      vertex 0.006119396743938913 -9.555960711615797e-10 0.018106599518663984
    endloop
  endfacet
  facet normal 0.0 0.0 0.0
    outer loop
      vertex 0.00616129273440747 -9.552839133064594e-10 0.013786645600206952
      vertex 0.006119396743938913 -9.555960711615797e-10 0.018106599518663984
      vertex 0.006119396743938913 -9.555960711615797e-10 0.013893399903185468
    endloop
  endfacet
  facet normal 0.0 0.0 0.0
    outer loop
      vertex 0.006197818204851355 1.7423865350529865e-09 0.013677938172228437
      vertex 0.006228878746329964 -9.547803441201097e-10 0.0184324585884882
      vertex 0.006197818204851355 1.7423865350529865e-09 0.018322065064318282
    endloop
  endfacet
  facet normal 0.0 0.0 0.0
    outer loop
      vertex 0.006197818204851355 1.7423865350529865e-09 0.013677938172228437
      vertex 0.006197818204851355 1.7423865350529865e-09 0.018322065064318282
      vertex 0.00616129273440747 -9.552839133064594e-10 0.0182133538216425
    endloop
  endfacet
  facet normal 0.0 0.0 0.0
    outer loop
      vertex 0.006197818204851355 1.7423865350529865e-09 0.013677938172228437
      vertex 0.00616129273440747 -9.552839133064594e-10 0.0182133538216425
      vertex 0.00616129273440747 -9.552839133064594e-10 0.013786645600206952
    endloop
  endfacet
  facet normal 0.0 0.0 0.0
    outer loop
      vertex 0.006228878746329964 -9.547803441201097e-10 0.01356754083336125
      vertex 0.006254396134292399 -9.545902197594102e-10 0.018544263550646405
      vertex 0.006228878746329964 -9.547803441201097e-10 0.0184324585884882
    endloop
  endfacet
  facet normal 0.0 0.0 0.0
    outer loop
      vertex 0.006228878746329964 -9.547803441201097e-10 0.01356754083336125
      vertex 0.006228878746329964 -9.547803441201097e-10 0.0184324585884882
      vertex 0.006197818204851355 1.7423865350529865e-09 0.013677938172228437
    endloop
  endfacet
  facet normal 0.0 0.0 0.0
    outer loop
      vertex 0.006254396134292399 -9.545902197594102e-10 0.013455735871203047
      vertex 0.006254396134292399 -9.545902197594102e-10 0.018544263550646405
      vertex 0.006228878746329964 -9.547803441201097e-10 0.01356754083336125
    endloop
  endfacet
  facet normal 0.0 0.0 0.0
    outer loop
      vertex 7.253519495588176e-10 1.6962079326539564e-09 -2.890752739403979e-10
      vertex 0.001702860182912409 -9.885027332234842e-10 0.013114644715197186
      vertex 7.253519495588176e-10 1.6962079326539564e-09 0.030000001618273358
    endloop
  endfacet
  facet normal 0.0 0.0 0.0
    outer loop
      vertex 7.253519495588176e-10 1.6962079326539564e-09 -2.890752739403979e-10
      vertex 0.005434025598291615 -9.607026236757577e-10 0.006201787659533125
      vertex 0.005342610769745427 -9.613837361754917e-10 0.006132543274767499
    endloop
  endfacet
  facet normal 0.0 0.0 0.0
    outer loop
      vertex 7.253519495588176e-10 1.6962079326539564e-09 -2.890752739403979e-10
      vertex 0.005342610769745427 -9.613837361754917e-10 0.006132543274767499
      vertex 0.005247856562098024 -9.62089729217297e-10 0.00606794137657414
    endloop
  endfacet
  facet normal 0.0 0.0 0.0
    outer loop
      vertex 7.253519495588176e-10 1.6962079326539564e-09 -2.890752739403979e-10
      vertex 0.005247856562098024 -9.62089729217297e-10 0.00606794137657414
      vertex 0.005150000346400218 -9.628188344379395e-10 0.006008142182238203
    endloop
  endfacet
  facet normal 0.0 0.0 0.0
    outer loop
      vertex 7.253519495588176e-10 1.6962079326539564e-09 -2.890752739403979e-10
      vertex 0.005150000346400218 -9.628188344379395e-10 0.006008142182238203
      vertex 0.005049284888499433 -9.635692435061572e-10 0.005953294464953046
    endloop
  endfacet
  facet normal 0.0 0.0 0.0
    outer loop
      vertex 7.253519495588176e-10 1.6962079326539564e-09 -2.890752739403979e-10
      vertex 0.005049284888499433 -9.635692435061572e-10 0.005953294464953046
      vertex 0.004945961046437987 1.7330592174680248e-09 0.0059035374611688665
    endloop
  endfacet
  facet normal 0.0 0.0 0.0
    outer loop
      vertex 7.253519495588176e-10 1.6962079326539564e-09 -2.890752739403979e-10
      vertex 0.004945961046437987 1.7330592174680248e-09 0.0059035374611688665
      vertex 0.004840285073054883 -9.651264565313512e-10 0.0058589913338495305
    endloop
  endfacet
  facet normal 0.0 0.0 0.0
    outer loop
      vertex 7.253519495588176e-10 1.6962079326539564e-09 -2.890752739403979e-10
      vertex 0.004840285073054883 -9.651264565313512e-10 0.0058589913338495305
      vertex 0.004732518615985621 -9.65929401353094e-10 0.005819766709215741
    endloop
  endfacet
  facet normal 0.0 0.0 0.0
    outer loop
      vertex 7.253519495588176e-10 1.6962079326539564e-09 -2.890752739403979e-10
      vertex 0.004732518615985621 -9.65929401353094e-10 0.005819766709215741
      vertex 0.0046229341124589905 -9.667458913398263e-10 0.005785964676745039
    endloop
  endfacet
  facet normal 0.0 0.0 0.0
    outer loop
      vertex 7.253519495588176e-10 1.6962079326539564e-09 -2.890752739403979e-10
      vertex 0.0046229341124589905 -9.667458913398263e-10 0.005785964676745039
      vertex 0.004511798604907141 1.7298243664143343e-09 0.00575766534508
    endloop
  endfacet
  facet normal 0.0 0.0 0.0
    outer loop
      vertex 7.253519495588176e-10 1.6962079326539564e-09 -2.890752739403979e-10
      vertex 0.004511798604907141 1.7298243664143343e-09 0.00575766534508
      vertex 0.0043993899253555145 -9.68411471014008e-10 0.005734943100817304
    endloop
  endfacet
  facet normal 0.0 0.0 0.0
    outer loop
      vertex 7.253519495588176e-10 1.6962079326539564e-09 -2.890752739403979e-10
      vertex 0.0043993899253555145 -9.68411471014008e-10 0.005734943100817304
      vertex 0.004285991300626043 -9.692563800456356e-10 0.005717849442370039
    endloop
  endfacet
  facet normal 0.0 0.0 0.0
    outer loop
      vertex 7.253519495588176e-10 1.6962079326539564e-09 -2.890752739403979e-10
      vertex 0.004285991300626043 -9.692563800456356e-10 0.005717849442370039
      vertex 0.004171880562744132 -9.70106594166964e-10 0.005706432053454023
    endloop
  endfacet
  facet normal 0.0 0.0 0.0
    outer loop
      vertex 7.253519495588176e-10 1.6962079326539564e-09 -2.890752739403979e-10
      vertex 0.004171880562744132 -9.70106594166964e-10 0.005706432053454023
      vertex 0.004057340938531754 1.7264383003201544e-09 0.005700715729601484
    endloop
  endfacet
  facet normal 0.0 0.0 0.0
    outer loop
      vertex 7.253519495588176e-10 1.6962079326539564e-09 -2.890752739403979e-10
      vertex 0.004057340938531754 1.7264383003201544e-09 0.005700715729601484
      vertex 0.003942661049607572 -9.718144595716182e-10 0.005700715729601484
    endloop
  endfacet
  facet normal 0.0 0.0 0.0
    outer loop
      vertex 7.253519495588176e-10 1.6962079326539564e-09 -2.890752739403979e-10
      vertex 0.003942661049607572 -9.718144595716182e-10 0.005700715729601484
      vertex 0.0038281214253951933 1.7247304351375447e-09 0.005706432053454023
    endloop
  endfacet
  facet normal 0.0 0.0 0.0
    outer loop
      vertex 7.253519495588176e-10 1.6962079326539564e-09 -2.890752739403979e-10
      vertex 0.0038281214253951933 1.7247304351375447e-09 0.005706432053454023
      vertex 0.0037140079901149974 -9.735181043524221e-10 0.005717849442370039
    endloop
  endfacet
  facet normal 0.0 0.0 0.0
    outer loop
      vertex 7.253519495588176e-10 1.6962079326539564e-09 -2.890752739403979e-10
      vertex 0.0037140079901149974 -9.735181043524221e-10 0.005717849442370039
      vertex 0.003600609365385527 -9.743630131620051e-10 0.005734943100817304
    endloop
  endfacet
  facet normal 0.0 0.0 0.0
    outer loop
      vertex 7.253519495588176e-10 1.6962079326539564e-09 -2.890752739403979e-10
      vertex 0.003600609365385527 -9.743630131620051e-10 0.005734943100817304
      vertex 0.0034882033832321843 -9.752005256657982e-10 0.00575766534508
    endloop
  endfacet
  facet normal 0.0 0.0 0.0
    outer loop
      vertex 7.253519495588176e-10 1.6962079326539564e-09 -2.890752739403979e-10
      vertex 0.00170000094070943 -9.885240367379922e-10 0.007999999710924726
      vertex 0.00170000094070943 -9.885240367379922e-10 0.013000001618273358
    endloop
  endfacet
  facet normal 0.0 0.0 0.0
    outer loop
      vertex 7.253519495588176e-10 1.6962079326539564e-09 -2.890752739403979e-10
      vertex 0.0034882033832321843 -9.752005256657982e-10 0.00575766534508
      vertex 0.003377067875680334 1.7213697323104071e-09 0.005785964676745039
    endloop
  endfacet
  facet normal 0.0 0.0 0.0
    outer loop
      vertex 7.253519495588176e-10 1.6962079326539564e-09 -2.890752739403979e-10
      vertex 0.00170000094070943 -9.885240367379922e-10 0.013000001618273358
      vertex 0.001702860182912409 -9.885027332234842e-10 0.013114644715197186
    endloop
  endfacet
  facet normal 0.0 0.0 0.0
    outer loop
      vertex 7.253519495588176e-10 1.6962079326539564e-09 -2.890752739403979e-10
      vertex 0.003377067875680334 1.7213697323104071e-09 0.005785964676745039
      vertex 0.0032674806747554205 -9.768450830449637e-10 0.005819766709215741
    endloop
  endfacet
  facet normal 0.0 0.0 0.0
    outer loop
      vertex 7.253519495588176e-10 1.6962079326539564e-09 -2.890752739403979e-10
      vertex 0.0032674806747554205 -9.768450830449637e-10 0.005819766709215741
      vertex 0.0031597142176861574 -9.776480278667065e-10 0.0058589913338495305
    endloop
  endfacet
  facet normal 0.0 0.0 0.0
    outer loop
      vertex 7.253519495588176e-10 1.6962079326539564e-09 -2.890752739403979e-10
      vertex 0.0031597142176861574 -9.776480278667065e-10 0.0058589913338495305
      vertex 0.003054040941701339 -9.78435376497444e-10 0.0059035374611688665
    endloop
  endfacet
  facet normal 0.0 0.0 0.0
    outer loop
      vertex 7.253519495588176e-10 1.6962079326539564e-09 -2.890752739403979e-10
      vertex 0.003054040941701339 -9.78435376497444e-10 0.0059035374611688665
      vertex 0.0029507144022416078 -9.792052402257668e-10 0.005953294464953046
    endloop
  endfacet
  facet normal 0.0 0.0 0.0
    outer loop
      vertex 7.253519495588176e-10 1.6962079326539564e-09 -2.890752739403979e-10
      vertex 0.0029507144022416078 -9.792052402257668e-10 0.005953294464953046
      vertex 0.002849998944340823 -9.799556495160289e-10 0.006008142182238203
    endloop
  endfacet
  facet normal 0.0 0.0 0.0
    outer loop
      vertex 7.253519495588176e-10 1.6962079326539564e-09 -2.890752739403979e-10
      vertex 0.002849998944340823 -9.799556495160289e-10 0.006008142182238203
      vertex 0.002752142728643017 -9.806847549587162e-10 0.00606794137657414
    endloop
  endfacet
  facet normal 0.0 0.0 0.0
    outer loop
      vertex 7.253519495588176e-10 1.6962079326539564e-09 -2.890752739403979e-10
      vertex 0.002752142728643017 -9.806847549587162e-10 0.00606794137657414
      vertex 0.002657388520995613 -9.81390748222566e-10 0.006132543274767499
    endloop
  endfacet
  facet normal 0.0 0.0 0.0
    outer loop
      vertex 7.253519495588176e-10 1.6962079326539564e-09 -2.890752739403979e-10
      vertex 0.002657388520995613 -9.81390748222566e-10 0.006132543274767499
      vertex 0.0025659736924494247 -9.820718605002554e-10 0.006201787659533125
    endloop
  endfacet
  facet normal 0.0 0.0 0.0
    outer loop
      vertex 7.253519495588176e-10 1.6962079326539564e-09 -2.890752739403979e-10
      vertex 0.0025659736924494247 -9.820718605002554e-10 0.006201787659533125
      vertex 0.002478122127063721 1.7146718813698669e-09 0.006275502869494062
    endloop
  endfacet
  facet normal 0.0 0.0 0.0
    outer loop
      vertex 7.253519495588176e-10 1.6962079326539564e-09 -2.890752739403979e-10
      vertex 0.002478122127063721 1.7146718813698669e-09 0.006275502869494062
      vertex 0.0023940550114995274 1.7140455152997447e-09 0.006353505799181562
    endloop
  endfacet
  facet normal 0.0 0.0 0.0
    outer loop
      vertex 7.253519495588176e-10 1.6962079326539564e-09 -2.890752739403979e-10
      vertex 0.0023940550114995274 1.7140455152997447e-09 0.006353505799181562
      vertex 0.0023139800454262858 1.713448893880809e-09 0.006435601899035077
    endloop
  endfacet
  facet normal 0.0 0.0 0.0
    outer loop
      vertex 7.253519495588176e-10 1.6962079326539564e-09 -2.890752739403979e-10
      vertex 0.0023139800454262858 1.713448893880809e-09 0.006435601899035077
      vertex 0.002238099533716868 -9.845147801446074e-10 0.006521588990099531
    endloop
  endfacet
  facet normal 0.0 0.0 0.0
    outer loop
      vertex 7.253519495588176e-10 1.6962079326539564e-09 -2.890752739403979e-10
      vertex 0.002238099533716868 -9.845147801446074e-10 0.006521588990099531
      vertex 0.0021665968994559544 -9.850475308770257e-10 0.006611249634630781
    endloop
  endfacet
  facet normal 0.0 0.0 0.0
    outer loop
      vertex 7.253519495588176e-10 1.6962079326539564e-09 -2.890752739403979e-10
      vertex 0.0021665968994559544 -9.850475308770257e-10 0.006611249634630781
      vertex 0.002099650170931654 1.7118519681780242e-09 0.006704364487536054
    endloop
  endfacet
  facet normal 0.0 0.0 0.0
    outer loop
      vertex 7.253519495588176e-10 1.6962079326539564e-09 -2.890752739403979e-10
      vertex 0.002099650170931654 1.7118519681780242e-09 0.006704364487536054
      vertex 0.0020374319816355083 1.7113883938879582e-09 0.006800698944933515
    endloop
  endfacet
  facet normal 0.0 0.0 0.0
    outer loop
      vertex 7.253519495588176e-10 1.6962079326539564e-09 -2.890752739403979e-10
      vertex 0.0020374319816355083 1.7113883938879582e-09 0.006800698944933515
      vertex 0.0019800906884742545 1.7109611563093096e-09 0.006900016495592695
    endloop
  endfacet
  facet normal 0.0 0.0 0.0
    outer loop
      vertex 7.253519495588176e-10 1.6962079326539564e-09 -2.890752739403979e-10
      vertex 0.0019800906884742545 1.7109611563093096e-09 0.006900016495592695
      vertex 0.0019277719509563473 1.7105713406850852e-09 0.0070020672768426944
    endloop
  endfacet
  facet normal 0.0 0.0 0.0
    outer loop
      vertex 7.253519495588176e-10 1.6962079326539564e-09 -2.890752739403979e-10
      vertex 0.0019277719509563473 1.7105713406850852e-09 0.0070020672768426944
      vertex 0.0018806052442004119 1.7102199116880712e-09 0.007106599518663984
    endloop
  endfacet
  facet normal 0.0 0.0 0.0
    outer loop
      vertex 7.253519495588176e-10 1.6962079326539564e-09 -2.890752739403979e-10
      vertex 0.0018806052442004119 1.7102199116880712e-09 0.007106599518663984
      vertex 0.00183870655633357 -9.874905710915981e-10 0.007213353821642499
    endloop
  endfacet
  facet normal 0.0 0.0 0.0
    outer loop
      vertex 7.253519495588176e-10 1.6962079326539564e-09 -2.890752739403979e-10
      vertex 0.00183870655633357 -9.874905710915981e-10 0.007213353821642499
      vertex 0.0018021837832879698 -9.877626944154726e-10 0.0073220631569696475
    endloop
  endfacet
  facet normal 0.0 0.0 0.0
    outer loop
      vertex 7.253519495588176e-10 1.6962079326539564e-09 -2.890752739403979e-10
      vertex 0.0018021837832879698 -9.877626944154726e-10 0.0073220631569696475
      vertex 0.0017711232418093613 1.7094041848686458e-09 0.007432458588488203
    endloop
  endfacet
  facet normal 0.0 0.0 0.0
    outer loop
      vertex 7.253519495588176e-10 1.6962079326539564e-09 -2.890752739403979e-10
      vertex 0.0017711232418093613 1.7094041848686458e-09 0.007432458588488203
      vertex 0.0017456031564486412 -9.881842644166028e-10 0.007544263550646406
    endloop
  endfacet
  facet normal 0.0 0.0 0.0
    outer loop
      vertex 7.253519495588176e-10 1.6962079326539564e-09 -2.890752739403979e-10
      vertex 0.0017456031564486412 -9.881842644166028e-10 0.007544263550646406
      vertex 0.0017256882647650412 1.7090656586615792e-09 0.007657203385241132
    endloop
  endfacet
  facet normal 0.0 0.0 0.0
    outer loop
      vertex 7.253519495588176e-10 1.6962079326539564e-09 -2.890752739403979e-10
      vertex 0.0017256882647650412 1.7090656586615792e-09 0.007657203385241132
      vertex 0.0017114298173264118 1.7089594219754644e-09 0.007770993897326093
    endloop
  endfacet
  facet normal 0.0 0.0 0.0
    outer loop
      vertex 7.253519495588176e-10 1.6962079326539564e-09 -2.890752739403979e-10
      vertex 0.0017114298173264118 1.7089594219754644e-09 0.007770993897326093
      vertex 0.001702860182912409 -9.885027332234842e-10 0.007885354706652265
    endloop
  endfacet
  facet normal 0.0 0.0 0.0
    outer loop
      vertex 7.253519495588176e-10 1.6962079326539564e-09 -2.890752739403979e-10
      vertex 0.001702860182912409 -9.885027332234842e-10 0.007885354706652265
      vertex 0.00170000094070943 -9.885240367379922e-10 0.007999999710924726
    endloop
  endfacet
  facet normal 0.0 0.0 0.0
    outer loop
      vertex 0.032313982735158654 -7.604258556170862e-10 0.025564397522814374
      vertex 0.0056059442792414736 1.7379766101832673e-09 0.02564649362266789
      vertex 0.005686019245314714 1.738573231602203e-09 0.025564397522814374
    endloop
  endfacet
  facet normal 0.0 0.0 0.0
    outer loop
      vertex 0.032313982735158654 -7.604258556170862e-10 0.025564397522814374
      vertex 0.032394057701231896 -7.598292341981505e-10 0.02564649362266789
      vertex 0.0056059442792414736 1.7379766101832673e-09 0.02564649362266789
    endloop
  endfacet
  facet normal 0.0 0.0 0.0
    outer loop
      vertex 0.032478124816796086 -7.592028694602959e-10 0.02572449655235539
      vertex 0.005434025598291615 -9.607026236757577e-10 0.025798211762316326
      vertex 0.00552187716367728 1.7373502441131449e-09 0.02572449655235539
    endloop
  endfacet
  facet normal 0.0 0.0 0.0
    outer loop
      vertex 0.032478124816796086 -7.592028694602959e-10 0.02572449655235539
      vertex 0.00552187716367728 1.7373502441131449e-09 0.02572449655235539
      vertex 0.0056059442792414736 1.7379766101832673e-09 0.02564649362266789
    endloop
  endfacet
  facet normal 0.0 0.0 0.0
    outer loop
      vertex 0.032478124816796086 -7.592028694602959e-10 0.02572449655235539
      vertex 0.0056059442792414736 1.7379766101832673e-09 0.02564649362266789
      vertex 0.032394057701231896 -7.598292341981505e-10 0.02564649362266789
    endloop
  endfacet
  facet normal 0.0 0.0 0.0
    outer loop
      vertex 0.03223809952605092 -7.609912451300715e-10 0.02547841043174992
      vertex 0.032313982735158654 -7.604258556170862e-10 0.025564397522814374
      vertex 0.005686019245314714 1.738573231602203e-09 0.025564397522814374
    endloop
  endfacet
  facet normal 0.0 0.0 0.0
    outer loop
      vertex 0.03223809952605092 -7.609912451300715e-10 0.02547841043174992
      vertex 0.005686019245314714 1.738573231602203e-09 0.025564397522814374
      vertex 0.005761902454422457 1.739138620671099e-09 0.02547841043174992
    endloop
  endfacet
  facet normal 0.0 0.0 0.0
    outer loop
      vertex 0.03256597368478347 -7.585483281502547e-10 0.025798211762316326
      vertex 0.005342610769745427 -9.613837361754917e-10 0.02586745614708195
      vertex 0.005434025598291615 -9.607026236757577e-10 0.025798211762316326
    endloop
  endfacet
  facet normal 0.0 0.0 0.0
    outer loop
      vertex 0.03256597368478347 -7.585483281502547e-10 0.025798211762316326
      vertex 0.005434025598291615 -9.607026236757577e-10 0.025798211762316326
      vertex 0.032478124816796086 -7.592028694602959e-10 0.02572449655235539
    endloop
  endfacet
  facet normal 0.0 0.0 0.0
    outer loop
      vertex 0.032166596891789995 -7.615239958624897e-10 0.02538874978721867
      vertex 0.03223809952605092 -7.609912451300715e-10 0.02547841043174992
      vertex 0.005761902454422457 1.739138620671099e-09 0.02547841043174992
    endloop
  endfacet
  facet normal 0.0 0.0 0.0
    outer loop
      vertex 0.032166596891789995 -7.615239958624897e-10 0.02538874978721867
      vertex 0.005761902454422457 1.739138620671099e-09 0.02547841043174992
      vertex 0.005833405088683371 1.7396713714035172e-09 0.02538874978721867
    endloop
  endfacet
  facet normal 0.0 0.0 0.0
    outer loop
      vertex 0.03265738851332966 -7.578672125418961e-10 0.02586745614708195
      vertex 0.005342610769745427 -9.613837361754917e-10 0.02586745614708195
      vertex 0.03256597368478347 -7.585483281502547e-10 0.025798211762316326
    endloop
  endfacet
  facet normal 0.0 0.0 0.0
    outer loop
      vertex 0.032099652860664026 -7.62022779099425e-10 0.02529563684166203
      vertex 0.032166596891789995 -7.615239958624897e-10 0.02538874978721867
      vertex 0.005833405088683371 1.7396713714035172e-09 0.02538874978721867
    endloop
  endfacet
  facet normal 0.0 0.0 0.0
    outer loop
      vertex 0.032099652860664026 -7.62022779099425e-10 0.02529563684166203
      vertex 0.005833405088683371 1.7396713714035172e-09 0.02538874978721867
      vertex 0.0059003491198093465 1.7401701568608985e-09 0.02529563684166203
    endloop
  endfacet
  facet normal 0.0 0.0 0.0
    outer loop
      vertex 0.03275214272097706 -7.571612208323586e-10 0.02593206185997258
      vertex 0.005150000346400218 -9.628188344379395e-10 0.02599185723961125
      vertex 0.005247856562098024 -9.62089729217297e-10 0.02593206185997258
    endloop
  endfacet
  facet normal 0.0 0.0 0.0
    outer loop
      vertex 0.03275214272097706 -7.571612208323586e-10 0.02593206185997258
      vertex 0.005247856562098024 -9.62089729217297e-10 0.02593206185997258
      vertex 0.005342610769745427 -9.613837361754917e-10 0.02586745614708195
    endloop
  endfacet
  facet normal 0.0 0.0 0.0
    outer loop
      vertex 0.03275214272097706 -7.571612208323586e-10 0.02593206185997258
      vertex 0.005342610769745427 -9.613837361754917e-10 0.02586745614708195
      vertex 0.03265738851332966 -7.578672125418961e-10 0.02586745614708195
    endloop
  endfacet
  facet normal 0.0 0.0 0.0
    outer loop
      vertex 0.032037431973969556 1.934911928458405e-09 0.025199300476915938
      vertex 0.0059003491198093465 1.7401701568608985e-09 0.02529563684166203
      vertex 0.005962570006503818 -9.567645533614665e-10 0.025199300476915938
    endloop
  endfacet
  facet normal 0.0 0.0 0.0
    outer loop
      vertex 0.032037431973969556 1.934911928458405e-09 0.025199300476915938
      vertex 0.032099652860664026 -7.62022779099425e-10 0.02529563684166203
      vertex 0.0059003491198093465 1.7401701568608985e-09 0.02529563684166203
    endloop
  endfacet
  facet normal 0.0 0.0 0.0
    outer loop
      vertex 0.03284999893667487 -7.564321151676268e-10 0.02599185723961125
      vertex 0.005150000346400218 -9.628188344379395e-10 0.02599185723961125
      vertex 0.03275214272097706 -7.571612208323586e-10 0.02593206185997258
    endloop
  endfacet
  facet normal 0.0 0.0 0.0
    outer loop
      vertex 0.0319800906808083 1.9344846897695336e-09 0.025099984833605392
      vertex 0.032037431973969556 1.934911928458405e-09 0.025199300476915938
      vertex 0.005962570006503818 -9.567645533614665e-10 0.025199300476915938
    endloop
  endfacet
  facet normal 0.0 0.0 0.0
    outer loop
      vertex 0.0319800906808083 1.9344846897695336e-09 0.025099984833605392
      vertex 0.005962570006503818 -9.567645533614665e-10 0.025199300476915938
      vertex 0.00601991129966507 -9.563373155607734e-10 0.025099984833605392
    endloop
  endfacet
  facet normal 0.0 0.0 0.0
    outer loop
      vertex 0.03192777194329039 1.9340948753665545e-09 0.02499793405235539
      vertex 0.00601991129966507 -9.563373155607734e-10 0.025099984833605392
      vertex 0.006072230037182978 -9.55947500269616e-10 0.02499793405235539
    endloop
  endfacet
  facet normal 0.0 0.0 0.0
    outer loop
      vertex 0.03192777194329039 1.9340948753665545e-09 0.02499793405235539
      vertex 0.0319800906808083 1.9344846897695336e-09 0.025099984833605392
      vertex 0.00601991129966507 -9.563373155607734e-10 0.025099984833605392
    endloop
  endfacet
  facet normal 0.0 0.0 0.0
    outer loop
      vertex 0.03188060523653446 1.933743446258518e-09 0.024893399903185467
      vertex 0.006072230037182978 -9.55947500269616e-10 0.02499793405235539
      vertex 0.006119396743938913 -9.555960711615797e-10 0.024893399903185467
    endloop
  endfacet
  facet normal 0.0 0.0 0.0
    outer loop
      vertex 0.03188060523653446 1.933743446258518e-09 0.024893399903185467
      vertex 0.03192777194329039 1.9340948753665545e-09 0.02499793405235539
      vertex 0.006072230037182978 -9.55947500269616e-10 0.02499793405235539
    endloop
  endfacet
  facet normal 0.0 0.0 0.0
    outer loop
      vertex 0.03183870654866761 -7.639670371872853e-10 0.024786645600206953
      vertex 0.006119396743938913 -9.555960711615797e-10 0.024893399903185467
      vertex 0.00616129273440747 -9.552839133064594e-10 0.024786645600206953
    endloop
  endfacet
  facet normal 0.0 0.0 0.0
    outer loop
      vertex 0.03183870654866761 -7.639670371872853e-10 0.024786645600206953
      vertex 0.03188060523653446 1.933743446258518e-09 0.024893399903185467
      vertex 0.006119396743938913 -9.555960711615797e-10 0.024893399903185467
    endloop
  endfacet
  facet normal 0.0 0.0 0.0
    outer loop
      vertex 0.03180218377562201 -7.642391590678698e-10 0.024677938172228436
      vertex 0.03183870654866761 -7.639670371872853e-10 0.024786645600206953
      vertex 0.00616129273440747 -9.552839133064594e-10 0.024786645600206953
    endloop
  endfacet
  facet normal 0.0 0.0 0.0
    outer loop
      vertex 0.03180218377562201 -7.642391590678698e-10 0.024677938172228436
      vertex 0.00616129273440747 -9.552839133064594e-10 0.024786645600206953
      vertex 0.006197818204851355 1.7423865350529865e-09 0.024677938172228436
    endloop
  endfacet
  facet normal 0.0 0.0 0.0
    outer loop
      vertex 0.031771123234143404 1.9329277201052265e-09 0.02456754083336125
      vertex 0.006197818204851355 1.7423865350529865e-09 0.024677938172228436
      vertex 0.006228878746329964 -9.547803441201097e-10 0.02456754083336125
    endloop
  endfacet
  facet normal 0.0 0.0 0.0
    outer loop
      vertex 0.031771123234143404 1.9329277201052265e-09 0.02456754083336125
      vertex 0.03180218377562201 -7.642391590678698e-10 0.024677938172228436
      vertex 0.006197818204851355 1.7423865350529865e-09 0.024677938172228436
    endloop
  endfacet
  facet normal 0.0 0.0 0.0
    outer loop
      vertex 0.031745603148782685 -7.646607294020669e-10 0.024455735871203046
      vertex 0.031771123234143404 1.9329277201052265e-09 0.02456754083336125
      vertex 0.006228878746329964 -9.547803441201097e-10 0.02456754083336125
    endloop
  endfacet
  facet normal 0.0 0.0 0.0
    outer loop
      vertex 0.031745603148782685 -7.646607294020669e-10 0.024455735871203046
      vertex 0.006228878746329964 -9.547803441201097e-10 0.02456754083336125
      vertex 0.006254396134292399 -9.545902197594102e-10 0.024455735871203046
    endloop
  endfacet
  facet normal 0.0 0.0 0.0
    outer loop
      vertex 0.03172569095449741 -7.648090907252936e-10 0.024342797943956954
      vertex 0.006254396134292399 -9.545902197594102e-10 0.024455735871203046
      vertex 0.0062743110259759595 1.742956466266321e-09 0.024342797943956954
    endloop
  endfacet
  facet normal 0.0 0.0 0.0
    outer loop
      vertex 0.03172569095449741 -7.648090907252936e-10 0.024342797943956954
      vertex 0.031745603148782685 -7.646607294020669e-10 0.024455735871203046
      vertex 0.006254396134292399 -9.545902197594102e-10 0.024455735871203046
    endloop
  endfacet
  facet normal 0.0 0.0 0.0
    outer loop
      vertex 0.031711429809660456 1.9324829576561344e-09 0.02422900552452336
      vertex 0.0062743110259759595 1.742956466266321e-09 0.024342797943956954
      vertex 0.006288572170812913 -9.543355812269282e-10 0.02422900552452336
    endloop
  endfacet
  facet normal 0.0 0.0 0.0
    outer loop
      vertex 0.031711429809660456 1.9324829576561344e-09 0.02422900552452336
      vertex 0.006288572170812913 -9.543355812269282e-10 0.02422900552452336
      vertex 0.006297141805226916 1.7431265737499757e-09 0.024114644715197187
    endloop
  endfacet
  facet normal 0.0 0.0 0.0
    outer loop
      vertex 0.031711429809660456 1.9324829576561344e-09 0.02422900552452336
      vertex 0.03172569095449741 -7.648090907252936e-10 0.024342797943956954
      vertex 0.0062743110259759595 1.742956466266321e-09 0.024342797943956954
    endloop
  endfacet
  facet normal 0.0 0.0 0.0
    outer loop
      vertex 0.03170286017524645 -7.649791982089482e-10 0.024114644715197187
      vertex 0.031711429809660456 1.9324829576561344e-09 0.02422900552452336
      vertex 0.006297141805226916 1.7431265737499757e-09 0.024114644715197187
    endloop
  endfacet
  facet normal 0.0 0.0 0.0
    outer loop
      vertex 0.031700000933043475 -7.650005002801663e-10 0.02400000161827336
      vertex 0.03170286017524645 -7.649791982089482e-10 0.024114644715197187
      vertex 0.006297141805226916 1.7431265737499757e-09 0.024114644715197187
    endloop
  endfacet
  facet normal 0.0 0.0 0.0
    outer loop
      vertex 0.031700000933043475 -7.650005002801663e-10 0.02400000161827336
      vertex 0.006297141805226916 1.7431265737499757e-09 0.024114644715197187
      vertex 0.006299998350031611 -9.542504475490432e-10 0.02400000161827336
    endloop
  endfacet
  facet normal 0.0 0.0 0.0
    outer loop
      vertex 0.038000001255121416 -7.180605585688227e-10 0.030000001618273358
      vertex 7.253519495588176e-10 1.6962079326539564e-09 0.030000001618273358
      vertex 0.005150000346400218 -9.628188344379395e-10 0.02599185723961125
    endloop
  endfacet
  facet normal 0.0 0.0 0.0
    outer loop
      vertex 0.038000001255121416 -7.180605585688227e-10 0.030000001618273358
      vertex 0.005150000346400218 -9.628188344379395e-10 0.02599185723961125
      vertex 0.03284999893667487 -7.564321151676268e-10 0.02599185723961125
    endloop
  endfacet
  facet normal 0.0 0.0 0.0
    outer loop
      vertex 0.038000001255121416 -7.180605585688227e-10 0.030000001618273358
      vertex 0.03284999893667487 -7.564321151676268e-10 0.02599185723961125
      vertex 0.032950714394575656 -7.556817074316769e-10 0.026046704956896406
    endloop
  endfacet
  facet normal 0.0 0.0 0.0
    outer loop
      vertex 0.038000001255121416 -7.180605585688227e-10 0.030000001618273358
      vertex 0.032950714394575656 -7.556817074316769e-10 0.026046704956896406
      vertex 0.033054040934035384 -7.549118414829081e-10 0.026096463868029218
    endloop
  endfacet
  facet normal 0.0 0.0 0.0
    outer loop
      vertex 0.038000001255121416 -7.180605585688227e-10 0.030000001618273358
      vertex 0.033054040934035384 -7.549118414829081e-10 0.026096463868029218
      vertex 0.033159714210020196 -7.54124492630126e-10 0.02614100808799992
    endloop
  endfacet
  facet normal 0.0 0.0 0.0
    outer loop
      vertex 0.038000001255121416 -7.180605585688227e-10 0.030000001618273358
      vertex 0.033159714210020196 -7.54124492630126e-10 0.02614100808799992
      vertex 0.03326748066708946 -7.53321547364294e-10 0.026180234619982343
    endloop
  endfacet
  facet normal 0.0 0.0 0.0
    outer loop
      vertex 0.038000001255121416 -7.180605585688227e-10 0.030000001618273358
      vertex 0.03326748066708946 -7.53321547364294e-10 0.026180234619982343
      vertex 0.03337706786801438 1.944893266880854e-09 0.026214036652453046
    endloop
  endfacet
  facet normal 0.0 0.0 0.0
    outer loop
      vertex 0.038000001255121416 -7.180605585688227e-10 0.030000001618273358
      vertex 0.03337706786801438 1.944893266880854e-09 0.026214036652453046
      vertex 0.03348820337556623 -7.516769926496636e-10 0.02624233407676945
    endloop
  endfacet
  facet normal 0.0 0.0 0.0
    outer loop
      vertex 0.038000001255121416 -7.180605585688227e-10 0.030000001618273358
      vertex 0.03348820337556623 -7.516769926496636e-10 0.02624233407676945
      vertex 0.03360060935771958 -7.508394759270232e-10 0.02626505822838078
    endloop
  endfacet
  facet normal 0.0 0.0 0.0
    outer loop
      vertex 0.038000001255121416 -7.180605585688227e-10 0.030000001618273358
      vertex 0.03360060935771958 -7.508394759270232e-10 0.02626505822838078
      vertex 0.03371401067984733 1.9474037564748415e-09 0.026282151886828045
    endloop
  endfacet
  facet normal 0.0 0.0 0.0
    outer loop
      vertex 0.038000001255121416 -7.180605585688227e-10 0.030000001618273358
      vertex 0.03371401067984733 1.9474037564748415e-09 0.026282151886828045
      vertex 0.033828121417729236 1.94825397059617e-09 0.026293569275744062
    endloop
  endfacet
  facet normal 0.0 0.0 0.0
    outer loop
      vertex 0.038000001255121416 -7.180605585688227e-10 0.030000001618273358
      vertex 0.033828121417729236 1.94825397059617e-09 0.026293569275744062
      vertex 0.033942661041941616 -7.482909261113946e-10 0.026299283692247967
    endloop
  endfacet
  facet normal 0.0 0.0 0.0
    outer loop
      vertex 0.038000001255121416 -7.180605585688227e-10 0.030000001618273358
      vertex 0.033942661041941616 -7.482909261113946e-10 0.026299283692247967
      vertex 0.0340573409308658 1.94996183822127e-09 0.026299283692247967
    endloop
  endfacet
  facet normal 0.0 0.0 0.0
    outer loop
      vertex 0.038000001255121416 -7.180605585688227e-10 0.030000001618273358
      vertex 0.0340573409308658 1.94996183822127e-09 0.026299283692247967
      vertex 0.03417188055507817 -7.46583062039008e-10 0.026293569275744062
    endloop
  endfacet
  facet normal 0.0 0.0 0.0
    outer loop
      vertex 0.03428599129296009 -7.457328443649658e-10 0.026282151886828045
      vertex 0.038000001255121416 -7.180605585688227e-10 0.030000001618273358
      vertex 0.03417188055507817 -7.46583062039008e-10 0.026293569275744062
    endloop
  endfacet
  facet normal 0.0 0.0 0.0
    outer loop
      vertex 0.03439938991768956 -7.448879379978735e-10 0.02626505822838078
      vertex 0.038000001255121416 -7.180605585688227e-10 0.030000001618273358
      vertex 0.03428599129296009 -7.457328443649658e-10 0.026282151886828045
    endloop
  endfacet
  facet normal 0.0 0.0 0.0
    outer loop
      vertex 0.03451179859724118 1.9533479012068257e-09 0.02624233407676945
      vertex 0.038000001255121416 -7.180605585688227e-10 0.030000001618273358
      vertex 0.03439938991768956 -7.448879379978735e-10 0.02626505822838078
    endloop
  endfacet
  facet normal 0.0 0.0 0.0
    outer loop
      vertex 0.03462293410479303 -7.432223547709782e-10 0.026214036652453046
      vertex 0.038000001255121416 -7.180605585688227e-10 0.030000001618273358
      vertex 0.03451179859724118 1.9533479012068257e-09 0.02624233407676945
    endloop
  endfacet
  facet normal 0.0 0.0 0.0
    outer loop
      vertex 0.03473251860831966 -7.424058665606026e-10 0.026180234619982343
      vertex 0.038000001255121416 -7.180605585688227e-10 0.030000001618273358
      vertex 0.03462293410479303 -7.432223547709782e-10 0.026214036652453046
    endloop
  endfacet
  facet normal 0.0 0.0 0.0
    outer loop
      vertex 0.03484028506538893 -7.416029212947706e-10 0.02614100808799992
      vertex 0.038000001255121416 -7.180605585688227e-10 0.030000001618273358
      vertex 0.03473251860831966 -7.424058665606026e-10 0.026180234619982343
    endloop
  endfacet
  facet normal 0.0 0.0 0.0
    outer loop
      vertex 0.034945961038772025 1.9565827535927836e-09 0.026096463868029218
      vertex 0.038000001255121416 -7.180605585688227e-10 0.030000001618273358
      vertex 0.03484028506538893 -7.416029212947706e-10 0.02614100808799992
    endloop
  endfacet
  facet normal 0.0 0.0 0.0
    outer loop
      vertex 0.03504928488083348 -7.400457100459334e-10 0.026046704956896406
      vertex 0.038000001255121416 -7.180605585688227e-10 0.030000001618273358
      vertex 0.034945961038772025 1.9565827535927836e-09 0.026096463868029218
    endloop
  endfacet
  facet normal 0.0 0.0 0.0
    outer loop
      vertex 0.03515000033873426 -7.392952987572699e-10 0.02599185723961125
      vertex 0.038000001255121416 -7.180605585688227e-10 0.030000001618273358
      vertex 0.03504928488083348 -7.400457100459334e-10 0.026046704956896406
    endloop
  endfacet
  facet normal 0.0 0.0 0.0
    outer loop
      vertex 0.035247856554432064 -7.38566193092538e-10 0.02593206185997258
      vertex 0.038000001255121416 -7.180605585688227e-10 0.030000001618273358
      vertex 0.03515000033873426 -7.392952987572699e-10 0.02599185723961125
    endloop
  endfacet
  facet normal 0.0 0.0 0.0
    outer loop
      vertex 0.03534261076207947 -7.378602013830004e-10 0.02586745614708195
      vertex 0.038000001255121416 -7.180605585688227e-10 0.030000001618273358
      vertex 0.035247856554432064 -7.38566193092538e-10 0.02593206185997258
    endloop
  endfacet
  facet normal 0.0 0.0 0.0
    outer loop
      vertex 0.03543402559062567 -7.371790893273556e-10 0.025798211762316326
      vertex 0.038000001255121416 -7.180605585688227e-10 0.030000001618273358
      vertex 0.03534261076207947 -7.378602013830004e-10 0.02586745614708195
    endloop
  endfacet
  facet normal 0.0 0.0 0.0
    outer loop
      vertex 0.03552187985340964 -7.365245053847502e-10 0.02572449655235539
      vertex 0.038000001255121416 -7.180605585688227e-10 0.030000001618273358
      vertex 0.03543402559062567 -7.371790893273556e-10 0.025798211762316326
    endloop
  endfacet
  facet normal 0.0 0.0 0.0
    outer loop
      vertex 0.03560594696897384 -7.358981370941819e-10 0.02564649362266789
      vertex 0.038000001255121416 -7.180605585688227e-10 0.030000001618273358
      vertex 0.03552187985340964 -7.365245053847502e-10 0.02572449655235539
    endloop
  endfacet
  facet normal 0.0 0.0 0.0
    outer loop
      vertex 0.03568601923764876 1.962096767726962e-09 0.025564397522814374
      vertex 0.038000001255121416 -7.180605585688227e-10 0.030000001618273358
      vertex 0.03560594696897384 -7.358981370941819e-10 0.02564649362266789
    endloop
  endfacet
  facet normal 0.0 0.0 0.0
    outer loop
      vertex 0.0357619024467565 1.9626621572399473e-09 0.02547841043174992
      vertex 0.038000001255121416 -7.180605585688227e-10 0.030000001618273358
      vertex 0.03568601923764876 1.962096767726962e-09 0.025564397522814374
    endloop
  endfacet
  facet normal 0.0 0.0 0.0
    outer loop
      vertex 0.03583340508101742 1.9631949079723655e-09 0.02538874978721867
      vertex 0.038000001255121416 -7.180605585688227e-10 0.030000001618273358
      vertex 0.0357619024467565 1.9626621572399473e-09 0.02547841043174992
    endloop
  endfacet
  facet normal 0.0 0.0 0.0
    outer loop
      vertex 0.03590034911214339 1.963693691209301e-09 0.02529563684166203
      vertex 0.038000001255121416 -7.180605585688227e-10 0.030000001618273358
      vertex 0.03583340508101742 1.9631949079723655e-09 0.02538874978721867
    endloop
  endfacet
  facet normal 0.0 0.0 0.0
    outer loop
      vertex 0.035962569998837866 -7.332410199012429e-10 0.025199300476915938
      vertex 0.038000001255121416 -7.180605585688227e-10 0.030000001618273358
      vertex 0.03590034911214339 1.963693691209301e-09 0.02529563684166203
    endloop
  endfacet
  facet normal 0.0 0.0 0.0
    outer loop
      vertex 0.036019911291999114 -7.328137812123714e-10 0.025099984833605392
      vertex 0.038000001255121416 -7.180605585688227e-10 0.030000001618273358
      vertex 0.035962569998837866 -7.332410199012429e-10 0.025199300476915938
    endloop
  endfacet
  facet normal 0.0 0.0 0.0
    outer loop
      vertex 0.03607223002951702 -7.324239632566787e-10 0.02499793405235539
      vertex 0.038000001255121416 -7.180605585688227e-10 0.030000001618273358
      vertex 0.036019911291999114 -7.328137812123714e-10 0.025099984833605392
    endloop
  endfacet
  facet normal 0.0 0.0 0.0
    outer loop
      vertex 0.036119396736272964 -7.320725359249991e-10 0.024893399903185467
      vertex 0.038000001255121416 -7.180605585688227e-10 0.030000001618273358
      vertex 0.03607223002951702 -7.324239632566787e-10 0.02499793405235539
    endloop
  endfacet
  facet normal 0.0 0.0 0.0
    outer loop
      vertex 0.03616129272674151 -7.31760380290325e-10 0.024786645600206953
      vertex 0.038000001255121416 -7.180605585688227e-10 0.030000001618273358
      vertex 0.036119396736272964 -7.320725359249991e-10 0.024893399903185467
    endloop
  endfacet
  facet normal 0.0 0.0 0.0
    outer loop
      vertex 0.0361978181971854 1.965910069401389e-09 0.024677938172228436
      vertex 0.038000001255121416 -7.180605585688227e-10 0.030000001618273358
      vertex 0.03616129272674151 -7.31760380290325e-10 0.024786645600206953
    endloop
  endfacet
  facet normal 0.0 0.0 0.0
    outer loop
      vertex 0.03622887873866401 -7.312568115480645e-10 0.02456754083336125
      vertex 0.038000001255121416 -7.180605585688227e-10 0.030000001618273358
      vertex 0.0361978181971854 1.965910069401389e-09 0.024677938172228436
    endloop
  endfacet
  facet normal 0.0 0.0 0.0
    outer loop
      vertex 0.03625439612662645 -7.310666845228298e-10 0.024455735871203046
      vertex 0.038000001255121416 -7.180605585688227e-10 0.030000001618273358
      vertex 0.03622887873866401 -7.312568115480645e-10 0.02456754083336125
    endloop
  endfacet
  facet normal 0.0 0.0 0.0
    outer loop
      vertex 0.03627431101831 1.9664799992824556e-09 0.024342797943956954
      vertex 0.038000001255121416 -7.180605585688227e-10 0.030000001618273358
      vertex 0.03625439612662645 -7.310666845228298e-10 0.024455735871203046
    endloop
  endfacet
  facet normal 0.0 0.0 0.0
    outer loop
      vertex 0.03628857216314696 -7.308120473226154e-10 0.02422900552452336
      vertex 0.038000001255121416 -7.180605585688227e-10 0.030000001618273358
      vertex 0.03627431101831 1.9664799992824556e-09 0.024342797943956954
    endloop
  endfacet
  facet normal 0.0 0.0 0.0
    outer loop
      vertex 0.03629714179756095 1.96665010676611e-09 0.024114644715197187
      vertex 0.038000001255121416 -7.180605585688227e-10 0.030000001618273358
      vertex 0.03628857216314696 -7.308120473226154e-10 0.02422900552452336
    endloop
  endfacet
  facet normal 0.0 0.0 0.0
    outer loop
      vertex 0.03630000103976394 1.966671412390042e-09 0.02400000161827336
      vertex 0.038000001255121416 -7.180605585688227e-10 0.030000001618273358
      vertex 0.03629714179756095 1.96665010676611e-09 0.024114644715197187
    endloop
  endfacet
  facet normal 0.0 0.0 0.0
    outer loop
      vertex 0.031700000933043475 -7.650005002801663e-10 0.01900000161827336
      vertex 0.006299998350031611 -9.542504475490432e-10 0.02400000161827336
      vertex 0.006299998350031611 -9.542504475490432e-10 0.01900000161827336
    endloop
  endfacet
  facet normal 0.0 0.0 0.0
    outer loop
      vertex 0.031700000933043475 -7.650005002801663e-10 0.01900000161827336
      vertex 0.031700000933043475 -7.650005002801663e-10 0.02400000161827336
      vertex 0.006299998350031611 -9.542504475490432e-10 0.02400000161827336
    endloop
  endfacet
  facet normal 0.0 0.0 0.0
    outer loop
      vertex 0.03170286017524645 -7.649791982089482e-10 0.018885354706652265
      vertex 0.031700000933043475 -7.650005002801663e-10 0.01900000161827336
      vertex 0.006299998350031611 -9.542504475490432e-10 0.01900000161827336
    endloop
  endfacet
  facet normal 0.0 0.0 0.0
    outer loop
      vertex 0.03170286017524645 -7.649791982089482e-10 0.018885354706652265
      vertex 0.006299998350031611 -9.542504475490432e-10 0.01900000161827336
      vertex 0.006297141805226916 1.7431265737499757e-09 0.018885354706652265
    endloop
  endfacet
  facet normal 0.0 0.0 0.0
    outer loop
      vertex 0.031711429809660456 1.9324829576561344e-09 0.01877099389732609
      vertex 0.006297141805226916 1.7431265737499757e-09 0.018885354706652265
      vertex 0.006288572170812913 -9.543355812269282e-10 0.01877099389732609
    endloop
  endfacet
  facet normal 0.0 0.0 0.0
    outer loop
      vertex 0.031711429809660456 1.9324829576561344e-09 0.01877099389732609
      vertex 0.03170286017524645 -7.649791982089482e-10 0.018885354706652265
      vertex 0.006297141805226916 1.7431265737499757e-09 0.018885354706652265
    endloop
  endfacet
  facet normal 0.0 0.0 0.0
    outer loop
      vertex 0.03172569095449741 -7.648090907252936e-10 0.018657201477892498
      vertex 0.006288572170812913 -9.543355812269282e-10 0.01877099389732609
      vertex 0.0062743110259759595 1.742956466266321e-09 0.018657201477892498
    endloop
  endfacet
  facet normal 0.0 0.0 0.0
    outer loop
      vertex 0.03172569095449741 -7.648090907252936e-10 0.018657201477892498
      vertex 0.031711429809660456 1.9324829576561344e-09 0.01877099389732609
      vertex 0.006288572170812913 -9.543355812269282e-10 0.01877099389732609
    endloop
  endfacet
  facet normal 0.0 0.0 0.0
    outer loop
      vertex 0.031745603148782685 -7.646607294020669e-10 0.018544263550646405
      vertex 0.0062743110259759595 1.742956466266321e-09 0.018657201477892498
      vertex 0.006254396134292399 -9.545902197594102e-10 0.018544263550646405
    endloop
  endfacet
  facet normal 0.0 0.0 0.0
    outer loop
      vertex 0.031745603148782685 -7.646607294020669e-10 0.018544263550646405
      vertex 0.03172569095449741 -7.648090907252936e-10 0.018657201477892498
      vertex 0.0062743110259759595 1.742956466266321e-09 0.018657201477892498
    endloop
  endfacet
  facet normal 0.0 0.0 0.0
    outer loop
      vertex 0.03630000103976394 1.966671412390042e-09 0.01900000161827336
      vertex 0.038000001255121416 -7.180605585688227e-10 0.030000001618273358
      vertex 0.03630000103976394 1.966671412390042e-09 0.02400000161827336
    endloop
  endfacet
  facet normal 0.0 0.0 0.0
    outer loop
      vertex 0.032313982735158654 -7.604258556170862e-10 0.014564397522814375
      vertex 0.032394057701231896 -7.598292341981505e-10 0.017353505799181563
      vertex 0.032313982735158654 -7.604258556170862e-10 0.017435601899035078
    endloop
  endfacet
  facet normal 0.0 0.0 0.0
    outer loop
      vertex 0.032313982735158654 -7.604258556170862e-10 0.014564397522814375
      vertex 0.032394057701231896 -7.598292341981505e-10 0.01464649362266789
      vertex 0.032394057701231896 -7.598292341981505e-10 0.017353505799181563
    endloop
  endfacet
  facet normal 0.0 0.0 0.0
    outer loop
      vertex 0.032478124816796086 -7.592028694602959e-10 0.01472449655235539
      vertex 0.03256597368478347 -7.585483281502547e-10 0.017201787659533126
      vertex 0.032478124816796086 -7.592028694602959e-10 0.01727550286949406
    endloop
  endfacet
  facet normal 0.0 0.0 0.0
    outer loop
      vertex 0.032478124816796086 -7.592028694602959e-10 0.01472449655235539
      vertex 0.032478124816796086 -7.592028694602959e-10 0.01727550286949406
      vertex 0.032394057701231896 -7.598292341981505e-10 0.017353505799181563
    endloop
  endfacet
  facet normal 0.0 0.0 0.0
    outer loop
      vertex 0.032478124816796086 -7.592028694602959e-10 0.01472449655235539
      vertex 0.032394057701231896 -7.598292341981505e-10 0.017353505799181563
      vertex 0.032394057701231896 -7.598292341981505e-10 0.01464649362266789
    endloop
  endfacet
  facet normal 0.0 0.0 0.0
    outer loop
      vertex 0.03223809952605092 -7.609912451300715e-10 0.014478410431749921
      vertex 0.032313982735158654 -7.604258556170862e-10 0.014564397522814375
      vertex 0.032313982735158654 -7.604258556170862e-10 0.017435601899035078
    endloop
  endfacet
  facet normal 0.0 0.0 0.0
    outer loop
      vertex 0.03223809952605092 -7.609912451300715e-10 0.014478410431749921
      vertex 0.032313982735158654 -7.604258556170862e-10 0.017435601899035078
      vertex 0.03223809952605092 -7.609912451300715e-10 0.01752158899009953
    endloop
  endfacet
  facet normal 0.0 0.0 0.0
    outer loop
      vertex 0.03256597368478347 -7.585483281502547e-10 0.014798211762316328
      vertex 0.03256597368478347 -7.585483281502547e-10 0.017201787659533126
      vertex 0.032478124816796086 -7.592028694602959e-10 0.01472449655235539
    endloop
  endfacet
  facet normal 0.0 0.0 0.0
    outer loop
      vertex 0.032166596891789995 -7.615239958624897e-10 0.014388749787218671
      vertex 0.03223809952605092 -7.609912451300715e-10 0.01752158899009953
      vertex 0.032166596891789995 -7.615239958624897e-10 0.01761124963463078
    endloop
  endfacet
  facet normal 0.0 0.0 0.0
    outer loop
      vertex 0.032166596891789995 -7.615239958624897e-10 0.014388749787218671
      vertex 0.03223809952605092 -7.609912451300715e-10 0.014478410431749921
      vertex 0.03223809952605092 -7.609912451300715e-10 0.01752158899009953
    endloop
  endfacet
  facet normal 0.0 0.0 0.0
    outer loop
      vertex 0.03265738851332966 -7.578672125418961e-10 0.014867456147081952
      vertex 0.03265738851332966 -7.578672125418961e-10 0.0171325432747675
      vertex 0.03256597368478347 -7.585483281502547e-10 0.017201787659533126
    endloop
  endfacet
  facet normal 0.0 0.0 0.0
    outer loop
      vertex 0.03265738851332966 -7.578672125418961e-10 0.014867456147081952
      vertex 0.03256597368478347 -7.585483281502547e-10 0.017201787659533126
      vertex 0.03256597368478347 -7.585483281502547e-10 0.014798211762316328
    endloop
  endfacet
  facet normal 0.0 0.0 0.0
    outer loop
      vertex 0.032099652860664026 -7.62022779099425e-10 0.01429563684166203
      vertex 0.032166596891789995 -7.615239958624897e-10 0.01761124963463078
      vertex 0.032099652860664026 -7.62022779099425e-10 0.01770436258018742
    endloop
  endfacet
  facet normal 0.0 0.0 0.0
    outer loop
      vertex 0.032099652860664026 -7.62022779099425e-10 0.01429563684166203
      vertex 0.032166596891789995 -7.615239958624897e-10 0.014388749787218671
      vertex 0.032166596891789995 -7.615239958624897e-10 0.01761124963463078
    endloop
  endfacet
  facet normal 0.0 0.0 0.0
    outer loop
      vertex 0.03275214272097706 -7.571612208323586e-10 0.014932058045275313
      vertex 0.03284999893667487 -7.564321151676268e-10 0.017008142182238204
      vertex 0.03275214272097706 -7.571612208323586e-10 0.01706794137657414
    endloop
  endfacet
  facet normal 0.0 0.0 0.0
    outer loop
      vertex 0.03275214272097706 -7.571612208323586e-10 0.014932058045275313
      vertex 0.03275214272097706 -7.571612208323586e-10 0.01706794137657414
      vertex 0.03265738851332966 -7.578672125418961e-10 0.0171325432747675
    endloop
  endfacet
  facet normal 0.0 0.0 0.0
    outer loop
      vertex 0.03275214272097706 -7.571612208323586e-10 0.014932058045275313
      vertex 0.03265738851332966 -7.578672125418961e-10 0.0171325432747675
      vertex 0.03265738851332966 -7.578672125418961e-10 0.014867456147081952
    endloop
  endfacet
  facet normal 0.0 0.0 0.0
    outer loop
      vertex 0.032037431973969556 1.934911928458405e-09 0.014199300476915937
      vertex 0.032099652860664026 -7.62022779099425e-10 0.01770436258018742
      vertex 0.032037431973969556 1.934911928458405e-09 0.017800698944933514
    endloop
  endfacet
  facet normal 0.0 0.0 0.0
    outer loop
      vertex 0.032037431973969556 1.934911928458405e-09 0.014199300476915937
      vertex 0.032099652860664026 -7.62022779099425e-10 0.01429563684166203
      vertex 0.032099652860664026 -7.62022779099425e-10 0.01770436258018742
    endloop
  endfacet
  facet normal 0.0 0.0 0.0
    outer loop
      vertex 0.03284999893667487 -7.564321151676268e-10 0.01499185723961125
      vertex 0.03284999893667487 -7.564321151676268e-10 0.017008142182238204
      vertex 0.03275214272097706 -7.571612208323586e-10 0.014932058045275313
    endloop
  endfacet
  facet normal 0.0 0.0 0.0
    outer loop
      vertex 0.0319800906808083 1.9344846897695336e-09 0.01409998483360539
      vertex 0.032037431973969556 1.934911928458405e-09 0.014199300476915937
      vertex 0.032037431973969556 1.934911928458405e-09 0.017800698944933514
    endloop
  endfacet
  facet normal 0.0 0.0 0.0
    outer loop
      vertex 0.0319800906808083 1.9344846897695336e-09 0.01409998483360539
      vertex 0.032037431973969556 1.934911928458405e-09 0.017800698944933514
      vertex 0.0319800906808083 1.9344846897695336e-09 0.017900014588244063
    endloop
  endfacet
  facet normal 0.0 0.0 0.0
    outer loop
      vertex 0.032950714394575656 -7.556817074316769e-10 0.015046704956896405
      vertex 0.032950714394575656 -7.556817074316769e-10 0.016953294464953046
      vertex 0.03284999893667487 -7.564321151676268e-10 0.017008142182238204
    endloop
  endfacet
  facet normal 0.0 0.0 0.0
    outer loop
      vertex 0.032950714394575656 -7.556817074316769e-10 0.015046704956896405
      vertex 0.03284999893667487 -7.564321151676268e-10 0.017008142182238204
      vertex 0.03284999893667487 -7.564321151676268e-10 0.01499185723961125
    endloop
  endfacet
  facet normal 0.0 0.0 0.0
    outer loop
      vertex 0.03192777194329039 1.9340948753665545e-09 0.013997934052355391
      vertex 0.0319800906808083 1.9344846897695336e-09 0.017900014588244063
      vertex 0.03192777194329039 1.9340948753665545e-09 0.018002069184191328
    endloop
  endfacet
  facet normal 0.0 0.0 0.0
    outer loop
      vertex 0.03192777194329039 1.9340948753665545e-09 0.013997934052355391
      vertex 0.0319800906808083 1.9344846897695336e-09 0.01409998483360539
      vertex 0.0319800906808083 1.9344846897695336e-09 0.017900014588244063
    endloop
  endfacet
  facet normal 0.0 0.0 0.0
    outer loop
      vertex 0.033054040934035384 -7.549118414829081e-10 0.015096463868029219
      vertex 0.033159714210020196 -7.54124492630126e-10 0.01685899133384953
      vertex 0.033054040934035384 -7.549118414829081e-10 0.016903535553820234
    endloop
  endfacet
  facet normal 0.0 0.0 0.0
    outer loop
      vertex 0.033054040934035384 -7.549118414829081e-10 0.015096463868029219
      vertex 0.033054040934035384 -7.549118414829081e-10 0.016903535553820234
      vertex 0.032950714394575656 -7.556817074316769e-10 0.016953294464953046
    endloop
  endfacet
  facet normal 0.0 0.0 0.0
    outer loop
      vertex 0.033054040934035384 -7.549118414829081e-10 0.015096463868029219
      vertex 0.032950714394575656 -7.556817074316769e-10 0.016953294464953046
      vertex 0.032950714394575656 -7.556817074316769e-10 0.015046704956896405
    endloop
  endfacet
  facet normal 0.0 0.0 0.0
    outer loop
      vertex 0.03188060523653446 1.933743446258518e-09 0.013893399903185468
      vertex 0.03192777194329039 1.9340948753665545e-09 0.018002069184191328
      vertex 0.03188060523653446 1.933743446258518e-09 0.018106599518663984
    endloop
  endfacet
  facet normal 0.0 0.0 0.0
    outer loop
      vertex 0.03188060523653446 1.933743446258518e-09 0.013893399903185468
      vertex 0.03192777194329039 1.9340948753665545e-09 0.013997934052355391
      vertex 0.03192777194329039 1.9340948753665545e-09 0.018002069184191328
    endloop
  endfacet
  facet normal 0.0 0.0 0.0
    outer loop
      vertex 0.033159714210020196 -7.54124492630126e-10 0.01514100808799992
      vertex 0.033159714210020196 -7.54124492630126e-10 0.01685899133384953
      vertex 0.033054040934035384 -7.549118414829081e-10 0.015096463868029219
    endloop
  endfacet
  facet normal 0.0 0.0 0.0
    outer loop
      vertex 0.03183870654866761 -7.639670371872853e-10 0.013786645600206952
      vertex 0.03188060523653446 1.933743446258518e-09 0.013893399903185468
      vertex 0.03188060523653446 1.933743446258518e-09 0.018106599518663984
    endloop
  endfacet
  facet normal 0.0 0.0 0.0
    outer loop
      vertex 0.03183870654866761 -7.639670371872853e-10 0.013786645600206952
      vertex 0.03188060523653446 1.933743446258518e-09 0.018106599518663984
      vertex 0.03183870654866761 -7.639670371872853e-10 0.0182133538216425
    endloop
  endfacet
  facet normal 0.0 0.0 0.0
    outer loop
      vertex 0.03183870654866761 -7.639670371872853e-10 0.013786645600206952
      vertex 0.03183870654866761 -7.639670371872853e-10 0.0182133538216425
      vertex 0.03180218377562201 -7.642391590678698e-10 0.018322065064318282
    endloop
  endfacet
  facet normal 0.0 0.0 0.0
    outer loop
      vertex 0.03326748066708946 -7.53321547364294e-10 0.015180234619982344
      vertex 0.03337706786801438 1.944893266880854e-09 0.016785962769396406
      vertex 0.03326748066708946 -7.53321547364294e-10 0.016819768616564375
    endloop
  endfacet
  facet normal 0.0 0.0 0.0
    outer loop
      vertex 0.03326748066708946 -7.53321547364294e-10 0.015180234619982344
      vertex 0.03326748066708946 -7.53321547364294e-10 0.016819768616564375
      vertex 0.033159714210020196 -7.54124492630126e-10 0.01685899133384953
    endloop
  endfacet
  facet normal 0.0 0.0 0.0
    outer loop
      vertex 0.03326748066708946 -7.53321547364294e-10 0.015180234619982344
      vertex 0.033159714210020196 -7.54124492630126e-10 0.01685899133384953
      vertex 0.033159714210020196 -7.54124492630126e-10 0.01514100808799992
    endloop
  endfacet
  facet normal 0.0 0.0 0.0
    outer loop
      vertex 0.03180218377562201 -7.642391590678698e-10 0.013677938172228437
      vertex 0.03180218377562201 -7.642391590678698e-10 0.018322065064318282
      vertex 0.031771123234143404 1.9329277201052265e-09 0.0184324585884882
    endloop
  endfacet
  facet normal 0.0 0.0 0.0
    outer loop
      vertex 0.03180218377562201 -7.642391590678698e-10 0.013677938172228437
      vertex 0.03183870654866761 -7.639670371872853e-10 0.013786645600206952
      vertex 0.03180218377562201 -7.642391590678698e-10 0.018322065064318282
    endloop
  endfacet
  facet normal 0.0 0.0 0.0
    outer loop
      vertex 0.03337706786801438 1.944893266880854e-09 0.015214036652453047
      vertex 0.03337706786801438 1.944893266880854e-09 0.016785962769396406
      vertex 0.03326748066708946 -7.53321547364294e-10 0.015180234619982344
    endloop
  endfacet
  facet normal 0.0 0.0 0.0
    outer loop
      vertex 0.031771123234143404 1.9329277201052265e-09 0.01356754083336125
      vertex 0.03180218377562201 -7.642391590678698e-10 0.013677938172228437
      vertex 0.031771123234143404 1.9329277201052265e-09 0.0184324585884882
    endloop
  endfacet
  facet normal 0.0 0.0 0.0
    outer loop
      vertex 0.03348820337556623 -7.516769926496636e-10 0.015242334076769453
      vertex 0.03348820337556623 -7.516769926496636e-10 0.01675766534508
      vertex 0.03337706786801438 1.944893266880854e-09 0.016785962769396406
    endloop
  endfacet
  facet normal 0.0 0.0 0.0
    outer loop
      vertex 0.03348820337556623 -7.516769926496636e-10 0.015242334076769453
      vertex 0.03337706786801438 1.944893266880854e-09 0.016785962769396406
      vertex 0.03337706786801438 1.944893266880854e-09 0.015214036652453047
    endloop
  endfacet
  facet normal 0.0 0.0 0.0
    outer loop
      vertex 0.031745603148782685 -7.646607294020669e-10 0.013455735871203047
      vertex 0.031771123234143404 1.9329277201052265e-09 0.0184324585884882
      vertex 0.031745603148782685 -7.646607294020669e-10 0.018544263550646405
    endloop
  endfacet
  facet normal 0.0 0.0 0.0
    outer loop
      vertex 0.031745603148782685 -7.646607294020669e-10 0.013455735871203047
      vertex 0.031771123234143404 1.9329277201052265e-09 0.01356754083336125
      vertex 0.031771123234143404 1.9329277201052265e-09 0.0184324585884882
    endloop
  endfacet
  facet normal 0.0 0.0 0.0
    outer loop
      vertex 0.031745603148782685 -7.646607294020669e-10 0.013455735871203047
      vertex 0.006254396134292399 -9.545902197594102e-10 0.018544263550646405
      vertex 0.006254396134292399 -9.545902197594102e-10 0.013455735871203047
    endloop
  endfacet
  facet normal 0.0 0.0 0.0
    outer loop
      vertex 0.031745603148782685 -7.646607294020669e-10 0.013455735871203047
      vertex 0.031745603148782685 -7.646607294020669e-10 0.018544263550646405
      vertex 0.006254396134292399 -9.545902197594102e-10 0.018544263550646405
    endloop
  endfacet
  facet normal 0.0 0.0 0.0
    outer loop
      vertex 0.03360060935771958 -7.508394759270232e-10 0.015265058228380781
      vertex 0.03348820337556623 -7.516769926496636e-10 0.01675766534508
      vertex 0.03348820337556623 -7.516769926496636e-10 0.015242334076769453
    endloop
  endfacet
  facet normal 0.0 0.0 0.0
    outer loop
      vertex 0.03360060935771958 -7.508394759270232e-10 0.015265058228380781
      vertex 0.03371401067984733 1.9474037564748415e-09 0.016717851349718673
      vertex 0.03360060935771958 -7.508394759270232e-10 0.01673494119346867
    endloop
  endfacet
  facet normal 0.0 0.0 0.0
    outer loop
      vertex 0.03360060935771958 -7.508394759270232e-10 0.015265058228380781
      vertex 0.03360060935771958 -7.508394759270232e-10 0.01673494119346867
      vertex 0.03348820337556623 -7.516769926496636e-10 0.01675766534508
    endloop
  endfacet
  facet normal 0.0 0.0 0.0
    outer loop
      vertex 0.03172569095449741 -7.648090907252936e-10 0.013342797943956953
      vertex 0.006254396134292399 -9.545902197594102e-10 0.013455735871203047
      vertex 0.0062743110259759595 1.742956466266321e-09 0.013342797943956953
    endloop
  endfacet
  facet normal 0.0 0.0 0.0
    outer loop
      vertex 0.03172569095449741 -7.648090907252936e-10 0.013342797943956953
      vertex 0.031745603148782685 -7.646607294020669e-10 0.013455735871203047
      vertex 0.006254396134292399 -9.545902197594102e-10 0.013455735871203047
    endloop
  endfacet
  facet normal 0.0 0.0 0.0
    outer loop
      vertex 0.03371401067984733 1.9474037564748415e-09 0.015282151886828046
      vertex 0.03371401067984733 1.9474037564748415e-09 0.016717851349718673
      vertex 0.03360060935771958 -7.508394759270232e-10 0.015265058228380781
    endloop
  endfacet
  facet normal 0.0 0.0 0.0
    outer loop
      vertex 0.031711429809660456 1.9324829576561344e-09 0.013229005524523359
      vertex 0.0062743110259759595 1.742956466266321e-09 0.013342797943956953
      vertex 0.006288572170812913 -9.543355812269282e-10 0.013229005524523359
    endloop
  endfacet
  facet normal 0.0 0.0 0.0
    outer loop
      vertex 0.031711429809660456 1.9324829576561344e-09 0.013229005524523359
      vertex 0.03172569095449741 -7.648090907252936e-10 0.013342797943956953
      vertex 0.0062743110259759595 1.742956466266321e-09 0.013342797943956953
    endloop
  endfacet
  facet normal 0.0 0.0 0.0
    outer loop
      vertex 0.033828121417729236 1.94825397059617e-09 0.015293569275744061
      vertex 0.033942661041941616 -7.482909261113946e-10 0.016700715729601485
      vertex 0.033828121417729236 1.94825397059617e-09 0.01670643014610539
    endloop
  endfacet
  facet normal 0.0 0.0 0.0
    outer loop
      vertex 0.033828121417729236 1.94825397059617e-09 0.015293569275744061
      vertex 0.033828121417729236 1.94825397059617e-09 0.01670643014610539
      vertex 0.03371401067984733 1.9474037564748415e-09 0.016717851349718673
    endloop
  endfacet
  facet normal 0.0 0.0 0.0
    outer loop
      vertex 0.033828121417729236 1.94825397059617e-09 0.015293569275744061
      vertex 0.03371401067984733 1.9474037564748415e-09 0.016717851349718673
      vertex 0.03371401067984733 1.9474037564748415e-09 0.015282151886828046
    endloop
  endfacet
  facet normal 0.0 0.0 0.0
    outer loop
      vertex 0.03170286017524645 -7.649791982089482e-10 0.013114644715197186
      vertex 0.006288572170812913 -9.543355812269282e-10 0.013229005524523359
      vertex 0.006297141805226916 1.7431265737499757e-09 0.013114644715197186
    endloop
  endfacet
  facet normal 0.0 0.0 0.0
    outer loop
      vertex 0.03170286017524645 -7.649791982089482e-10 0.013114644715197186
      vertex 0.031711429809660456 1.9324829576561344e-09 0.013229005524523359
      vertex 0.006288572170812913 -9.543355812269282e-10 0.013229005524523359
    endloop
  endfacet
  facet normal 0.0 0.0 0.0
    outer loop
      vertex 0.033942661041941616 -7.482909261113946e-10 0.015299283692247968
      vertex 0.033942661041941616 -7.482909261113946e-10 0.016700715729601485
      vertex 0.033828121417729236 1.94825397059617e-09 0.015293569275744061
    endloop
  endfacet
  facet normal 0.0 0.0 0.0
    outer loop
      vertex 0.031700000933043475 -7.650005002801663e-10 0.013000001618273358
      vertex 0.006297141805226916 1.7431265737499757e-09 0.013114644715197186
      vertex 0.006299998350031611 -9.542504475490432e-10 0.013000001618273358
    endloop
  endfacet
  facet normal 0.0 0.0 0.0
    outer loop
      vertex 0.031700000933043475 -7.650005002801663e-10 0.013000001618273358
      vertex 0.006299998350031611 -9.542504475490432e-10 0.013000001618273358
      vertex 0.006299998350031611 -9.542504475490432e-10 0.007999999710924726
    endloop
  endfacet
  facet normal 0.0 0.0 0.0
    outer loop
      vertex 0.031700000933043475 -7.650005002801663e-10 0.013000001618273358
      vertex 0.03170286017524645 -7.649791982089482e-10 0.013114644715197186
      vertex 0.006297141805226916 1.7431265737499757e-09 0.013114644715197186
    endloop
  endfacet
  facet normal 0.0 0.0 0.0
    outer loop
      vertex 0.0340573409308658 1.94996183822127e-09 0.015299283692247968
      vertex 0.0340573409308658 1.94996183822127e-09 0.016700715729601485
      vertex 0.033942661041941616 -7.482909261113946e-10 0.016700715729601485
    endloop
  endfacet
  facet normal 0.0 0.0 0.0
    outer loop
      vertex 0.0340573409308658 1.94996183822127e-09 0.015299283692247968
      vertex 0.033942661041941616 -7.482909261113946e-10 0.016700715729601485
      vertex 0.033942661041941616 -7.482909261113946e-10 0.015299283692247968
    endloop
  endfacet
  facet normal 0.0 0.0 0.0
    outer loop
      vertex 0.03417188055507817 -7.46583062039008e-10 0.015293569275744061
      vertex 0.03417188055507817 -7.46583062039008e-10 0.01670643014610539
      vertex 0.0340573409308658 1.94996183822127e-09 0.016700715729601485
    endloop
  endfacet
  facet normal 0.0 0.0 0.0
    outer loop
      vertex 0.03417188055507817 -7.46583062039008e-10 0.015293569275744061
      vertex 0.0340573409308658 1.94996183822127e-09 0.016700715729601485
      vertex 0.0340573409308658 1.94996183822127e-09 0.015299283692247968
    endloop
  endfacet
  facet normal 0.0 0.0 0.0
    outer loop
      vertex 0.03428599129296009 -7.457328443649658e-10 0.015282151886828046
      vertex 0.03417188055507817 -7.46583062039008e-10 0.01670643014610539
      vertex 0.03417188055507817 -7.46583062039008e-10 0.015293569275744061
    endloop
  endfacet
  facet normal 0.0 0.0 0.0
    outer loop
      vertex 0.03428599129296009 -7.457328443649658e-10 0.015282151886828046
      vertex 0.03428599129296009 -7.457328443649658e-10 0.016717851349718673
      vertex 0.03417188055507817 -7.46583062039008e-10 0.01670643014610539
    endloop
  endfacet
  facet normal 0.0 0.0 0.0
    outer loop
      vertex 0.03439938991768956 -7.448879379978735e-10 0.015265058228380781
      vertex 0.03439938991768956 -7.448879379978735e-10 0.01673494119346867
      vertex 0.03428599129296009 -7.457328443649658e-10 0.016717851349718673
    endloop
  endfacet
  facet normal 0.0 0.0 0.0
    outer loop
      vertex 0.03439938991768956 -7.448879379978735e-10 0.015265058228380781
      vertex 0.03428599129296009 -7.457328443649658e-10 0.016717851349718673
      vertex 0.03428599129296009 -7.457328443649658e-10 0.015282151886828046
    endloop
  endfacet
  facet normal 0.0 0.0 0.0
    outer loop
      vertex 0.03451179859724118 1.9533479012068257e-09 0.015242334076769453
      vertex 0.03451179859724118 1.9533479012068257e-09 0.01675766534508
      vertex 0.03439938991768956 -7.448879379978735e-10 0.01673494119346867
    endloop
  endfacet
  facet normal 0.0 0.0 0.0
    outer loop
      vertex 0.03451179859724118 1.9533479012068257e-09 0.015242334076769453
      vertex 0.03439938991768956 -7.448879379978735e-10 0.01673494119346867
      vertex 0.03439938991768956 -7.448879379978735e-10 0.015265058228380781
    endloop
  endfacet
  facet normal 0.0 0.0 0.0
    outer loop
      vertex 0.03462293410479303 -7.432223547709782e-10 0.015214036652453047
      vertex 0.03451179859724118 1.9533479012068257e-09 0.01675766534508
      vertex 0.03451179859724118 1.9533479012068257e-09 0.015242334076769453
    endloop
  endfacet
  facet normal 0.0 0.0 0.0
    outer loop
      vertex 0.03462293410479303 -7.432223547709782e-10 0.015214036652453047
      vertex 0.03462293410479303 -7.432223547709782e-10 0.016785962769396406
      vertex 0.03451179859724118 1.9533479012068257e-09 0.01675766534508
    endloop
  endfacet
  facet normal 0.0 0.0 0.0
    outer loop
      vertex 0.03473251860831966 -7.424058665606026e-10 0.015180234619982344
      vertex 0.03484028506538893 -7.416029212947706e-10 0.01685899133384953
      vertex 0.03473251860831966 -7.424058665606026e-10 0.016819768616564375
    endloop
  endfacet
  facet normal 0.0 0.0 0.0
    outer loop
      vertex 0.03473251860831966 -7.424058665606026e-10 0.015180234619982344
      vertex 0.03473251860831966 -7.424058665606026e-10 0.016819768616564375
      vertex 0.03462293410479303 -7.432223547709782e-10 0.016785962769396406
    endloop
  endfacet
  facet normal 0.0 0.0 0.0
    outer loop
      vertex 0.03473251860831966 -7.424058665606026e-10 0.015180234619982344
      vertex 0.03462293410479303 -7.432223547709782e-10 0.016785962769396406
      vertex 0.03462293410479303 -7.432223547709782e-10 0.015214036652453047
    endloop
  endfacet
  facet normal 0.0 0.0 0.0
    outer loop
      vertex 0.03484028506538893 -7.416029212947706e-10 0.01514100808799992
      vertex 0.03484028506538893 -7.416029212947706e-10 0.01685899133384953
      vertex 0.03473251860831966 -7.424058665606026e-10 0.015180234619982344
    endloop
  endfacet
  facet normal 0.0 0.0 0.0
    outer loop
      vertex 0.034945961038772025 1.9565827535927836e-09 0.015096463868029219
      vertex 0.03504928488083348 -7.400457100459334e-10 0.016953294464953046
      vertex 0.034945961038772025 1.9565827535927836e-09 0.016903535553820234
    endloop
  endfacet
  facet normal 0.0 0.0 0.0
    outer loop
      vertex 0.034945961038772025 1.9565827535927836e-09 0.015096463868029219
      vertex 0.034945961038772025 1.9565827535927836e-09 0.016903535553820234
      vertex 0.03484028506538893 -7.416029212947706e-10 0.01685899133384953
    endloop
  endfacet
  facet normal 0.0 0.0 0.0
    outer loop
      vertex 0.034945961038772025 1.9565827535927836e-09 0.015096463868029219
      vertex 0.03484028506538893 -7.416029212947706e-10 0.01685899133384953
      vertex 0.03484028506538893 -7.416029212947706e-10 0.01514100808799992
    endloop
  endfacet
  facet normal 0.0 0.0 0.0
    outer loop
      vertex 0.03504928488083348 -7.400457100459334e-10 0.015046704956896405
      vertex 0.03504928488083348 -7.400457100459334e-10 0.016953294464953046
      vertex 0.034945961038772025 1.9565827535927836e-09 0.015096463868029219
    endloop
  endfacet
  facet normal 0.0 0.0 0.0
    outer loop
      vertex 0.03515000033873426 -7.392952987572699e-10 0.01499185723961125
      vertex 0.035247856554432064 -7.38566193092538e-10 0.01706794137657414
      vertex 0.03515000033873426 -7.392952987572699e-10 0.017008142182238204
    endloop
  endfacet
  facet normal 0.0 0.0 0.0
    outer loop
      vertex 0.03515000033873426 -7.392952987572699e-10 0.01499185723961125
      vertex 0.03515000033873426 -7.392952987572699e-10 0.017008142182238204
      vertex 0.03504928488083348 -7.400457100459334e-10 0.016953294464953046
    endloop
  endfacet
  facet normal 0.0 0.0 0.0
    outer loop
      vertex 0.03515000033873426 -7.392952987572699e-10 0.01499185723961125
      vertex 0.03504928488083348 -7.400457100459334e-10 0.016953294464953046
      vertex 0.03504928488083348 -7.400457100459334e-10 0.015046704956896405
    endloop
  endfacet
  facet normal 0.0 0.0 0.0
    outer loop
      vertex 0.035247856554432064 -7.38566193092538e-10 0.014932058045275313
      vertex 0.035247856554432064 -7.38566193092538e-10 0.01706794137657414
      vertex 0.03515000033873426 -7.392952987572699e-10 0.01499185723961125
    endloop
  endfacet
  facet normal 0.0 0.0 0.0
    outer loop
      vertex 0.03534261076207947 -7.378602013830004e-10 0.014867456147081952
      vertex 0.03543402559062567 -7.371790893273556e-10 0.017201787659533126
      vertex 0.03534261076207947 -7.378602013830004e-10 0.0171325432747675
    endloop
  endfacet
  facet normal 0.0 0.0 0.0
    outer loop
      vertex 0.03534261076207947 -7.378602013830004e-10 0.014867456147081952
      vertex 0.03534261076207947 -7.378602013830004e-10 0.0171325432747675
      vertex 0.035247856554432064 -7.38566193092538e-10 0.01706794137657414
    endloop
  endfacet
  facet normal 0.0 0.0 0.0
    outer loop
      vertex 0.03534261076207947 -7.378602013830004e-10 0.014867456147081952
      vertex 0.035247856554432064 -7.38566193092538e-10 0.01706794137657414
      vertex 0.035247856554432064 -7.38566193092538e-10 0.014932058045275313
    endloop
  endfacet
  facet normal 0.0 0.0 0.0
    outer loop
      vertex 0.03543402559062567 -7.371790893273556e-10 0.014798211762316328
      vertex 0.03543402559062567 -7.371790893273556e-10 0.017201787659533126
      vertex 0.03534261076207947 -7.378602013830004e-10 0.014867456147081952
    endloop
  endfacet
  facet normal 0.0 0.0 0.0
    outer loop
      vertex 0.03552187985340964 -7.365245053847502e-10 0.01472449655235539
      vertex 0.03552187985340964 -7.365245053847502e-10 0.01727550286949406
      vertex 0.03543402559062567 -7.371790893273556e-10 0.017201787659533126
    endloop
  endfacet
  facet normal 0.0 0.0 0.0
    outer loop
      vertex 0.03552187985340964 -7.365245053847502e-10 0.01472449655235539
      vertex 0.03543402559062567 -7.371790893273556e-10 0.017201787659533126
      vertex 0.03543402559062567 -7.371790893273556e-10 0.014798211762316328
    endloop
  endfacet
  facet normal 0.0 0.0 0.0
    outer loop
      vertex 0.03560594696897384 -7.358981370941819e-10 0.01464649362266789
      vertex 0.03568601923764876 1.962096767726962e-09 0.017435601899035078
      vertex 0.03560594696897384 -7.358981370941819e-10 0.017353505799181563
    endloop
  endfacet
  facet normal 0.0 0.0 0.0
    outer loop
      vertex 0.03560594696897384 -7.358981370941819e-10 0.01464649362266789
      vertex 0.03560594696897384 -7.358981370941819e-10 0.017353505799181563
      vertex 0.03552187985340964 -7.365245053847502e-10 0.01727550286949406
    endloop
  endfacet
  facet normal 0.0 0.0 0.0
    outer loop
      vertex 0.03560594696897384 -7.358981370941819e-10 0.01464649362266789
      vertex 0.03552187985340964 -7.365245053847502e-10 0.01727550286949406
      vertex 0.03552187985340964 -7.365245053847502e-10 0.01472449655235539
    endloop
  endfacet
  facet normal 0.0 0.0 0.0
    outer loop
      vertex 0.03568601923764876 1.962096767726962e-09 0.014564397522814375
      vertex 0.03568601923764876 1.962096767726962e-09 0.017435601899035078
      vertex 0.03560594696897384 -7.358981370941819e-10 0.01464649362266789
    endloop
  endfacet
  facet normal 0.0 0.0 0.0
    outer loop
      vertex 0.0357619024467565 1.9626621572399473e-09 0.014478410431749921
      vertex 0.0357619024467565 1.9626621572399473e-09 0.01752158899009953
      vertex 0.03568601923764876 1.962096767726962e-09 0.017435601899035078
    endloop
  endfacet
  facet normal 0.0 0.0 0.0
    outer loop
      vertex 0.0357619024467565 1.9626621572399473e-09 0.014478410431749921
      vertex 0.03568601923764876 1.962096767726962e-09 0.017435601899035078
      vertex 0.03568601923764876 1.962096767726962e-09 0.014564397522814375
    endloop
  endfacet
  facet normal 0.0 0.0 0.0
    outer loop
      vertex 0.03583340508101742 1.9631949079723655e-09 0.014388749787218671
      vertex 0.03590034911214339 1.963693691209301e-09 0.01770436258018742
      vertex 0.03583340508101742 1.9631949079723655e-09 0.01761124963463078
    endloop
  endfacet
  facet normal 0.0 0.0 0.0
    outer loop
      vertex 0.03583340508101742 1.9631949079723655e-09 0.014388749787218671
      vertex 0.03583340508101742 1.9631949079723655e-09 0.01761124963463078
      vertex 0.0357619024467565 1.9626621572399473e-09 0.01752158899009953
    endloop
  endfacet
  facet normal 0.0 0.0 0.0
    outer loop
      vertex 0.03583340508101742 1.9631949079723655e-09 0.014388749787218671
      vertex 0.0357619024467565 1.9626621572399473e-09 0.01752158899009953
      vertex 0.0357619024467565 1.9626621572399473e-09 0.014478410431749921
    endloop
  endfacet
  facet normal 0.0 0.0 0.0
    outer loop
      vertex 0.03590034911214339 1.963693691209301e-09 0.01429563684166203
      vertex 0.03590034911214339 1.963693691209301e-09 0.01770436258018742
      vertex 0.03583340508101742 1.9631949079723655e-09 0.014388749787218671
    endloop
  endfacet
  facet normal 0.0 0.0 0.0
    outer loop
      vertex 0.035962569998837866 -7.332410199012429e-10 0.014199300476915937
      vertex 0.036019911291999114 -7.328137812123714e-10 0.017900014588244063
      vertex 0.035962569998837866 -7.332410199012429e-10 0.017800698944933514
    endloop
  endfacet
  facet normal 0.0 0.0 0.0
    outer loop
      vertex 0.035962569998837866 -7.332410199012429e-10 0.014199300476915937
      vertex 0.035962569998837866 -7.332410199012429e-10 0.017800698944933514
      vertex 0.03590034911214339 1.963693691209301e-09 0.01770436258018742
    endloop
  endfacet
  facet normal 0.0 0.0 0.0
    outer loop
      vertex 0.035962569998837866 -7.332410199012429e-10 0.014199300476915937
      vertex 0.03590034911214339 1.963693691209301e-09 0.01770436258018742
      vertex 0.03590034911214339 1.963693691209301e-09 0.01429563684166203
    endloop
  endfacet
  facet normal 0.0 0.0 0.0
    outer loop
      vertex 0.036019911291999114 -7.328137812123714e-10 0.01409998483360539
      vertex 0.036019911291999114 -7.328137812123714e-10 0.017900014588244063
      vertex 0.035962569998837866 -7.332410199012429e-10 0.014199300476915937
    endloop
  endfacet
  facet normal 0.0 0.0 0.0
    outer loop
      vertex 0.03607223002951702 -7.324239632566787e-10 0.013997934052355391
      vertex 0.03607223002951702 -7.324239632566787e-10 0.018002069184191328
      vertex 0.036019911291999114 -7.328137812123714e-10 0.017900014588244063
    endloop
  endfacet
  facet normal 0.0 0.0 0.0
    outer loop
      vertex 0.03607223002951702 -7.324239632566787e-10 0.013997934052355391
      vertex 0.036019911291999114 -7.328137812123714e-10 0.017900014588244063
      vertex 0.036019911291999114 -7.328137812123714e-10 0.01409998483360539
    endloop
  endfacet
  facet normal 0.0 0.0 0.0
    outer loop
      vertex 0.036119396736272964 -7.320725359249991e-10 0.013893399903185468
      vertex 0.03616129272674151 -7.31760380290325e-10 0.0182133538216425
      vertex 0.036119396736272964 -7.320725359249991e-10 0.018106599518663984
    endloop
  endfacet
  facet normal 0.0 0.0 0.0
    outer loop
      vertex 0.036119396736272964 -7.320725359249991e-10 0.013893399903185468
      vertex 0.036119396736272964 -7.320725359249991e-10 0.018106599518663984
      vertex 0.03607223002951702 -7.324239632566787e-10 0.018002069184191328
    endloop
  endfacet
  facet normal 0.0 0.0 0.0
    outer loop
      vertex 0.036119396736272964 -7.320725359249991e-10 0.013893399903185468
      vertex 0.03607223002951702 -7.324239632566787e-10 0.018002069184191328
      vertex 0.03607223002951702 -7.324239632566787e-10 0.013997934052355391
    endloop
  endfacet
  facet normal 0.0 0.0 0.0
    outer loop
      vertex 0.03616129272674151 -7.31760380290325e-10 0.013786645600206952
      vertex 0.03616129272674151 -7.31760380290325e-10 0.0182133538216425
      vertex 0.036119396736272964 -7.320725359249991e-10 0.013893399903185468
    endloop
  endfacet
  facet normal 0.0 0.0 0.0
    outer loop
      vertex 0.0361978181971854 1.965910069401389e-09 0.013677938172228437
      vertex 0.03622887873866401 -7.312568115480645e-10 0.0184324585884882
      vertex 0.0361978181971854 1.965910069401389e-09 0.018322065064318282
    endloop
  endfacet
  facet normal 0.0 0.0 0.0
    outer loop
      vertex 0.0361978181971854 1.965910069401389e-09 0.013677938172228437
      vertex 0.0361978181971854 1.965910069401389e-09 0.018322065064318282
      vertex 0.03616129272674151 -7.31760380290325e-10 0.0182133538216425
    endloop
  endfacet
  facet normal 0.0 0.0 0.0
    outer loop
      vertex 0.0361978181971854 1.965910069401389e-09 0.013677938172228437
      vertex 0.03616129272674151 -7.31760380290325e-10 0.0182133538216425
      vertex 0.03616129272674151 -7.31760380290325e-10 0.013786645600206952
    endloop
  endfacet
  facet normal 0.0 0.0 0.0
    outer loop
      vertex 0.03622887873866401 -7.312568115480645e-10 0.01356754083336125
      vertex 0.03622887873866401 -7.312568115480645e-10 0.0184324585884882
      vertex 0.0361978181971854 1.965910069401389e-09 0.013677938172228437
    endloop
  endfacet
  facet normal 0.0 0.0 0.0
    outer loop
      vertex 0.03625439612662645 -7.310666845228298e-10 0.013455735871203047
      vertex 0.03625439612662645 -7.310666845228298e-10 0.018544263550646405
      vertex 0.03622887873866401 -7.312568115480645e-10 0.0184324585884882
    endloop
  endfacet
  facet normal 0.0 0.0 0.0
    outer loop
      vertex 0.03625439612662645 -7.310666845228298e-10 0.013455735871203047
      vertex 0.03622887873866401 -7.312568115480645e-10 0.0184324585884882
      vertex 0.03622887873866401 -7.312568115480645e-10 0.01356754083336125
    endloop
  endfacet
  facet normal 0.0 0.0 0.0
    outer loop
      vertex 0.03627431101831 1.9664799992824556e-09 0.013342797943956953
      vertex 0.03625439612662645 -7.310666845228298e-10 0.018544263550646405
      vertex 0.03625439612662645 -7.310666845228298e-10 0.013455735871203047
    endloop
  endfacet
  facet normal 0.0 0.0 0.0
    outer loop
      vertex 0.03627431101831 1.9664799992824556e-09 0.013342797943956953
      vertex 0.03627431101831 1.9664799992824556e-09 0.018657201477892498
      vertex 0.03625439612662645 -7.310666845228298e-10 0.018544263550646405
    endloop
  endfacet
  facet normal 0.0 0.0 0.0
    outer loop
      vertex 0.031700000933043475 -7.650005002801663e-10 0.007999999710924726
      vertex 0.031700000933043475 -7.650005002801663e-10 0.013000001618273358
      vertex 0.006299998350031611 -9.542504475490432e-10 0.007999999710924726
    endloop
  endfacet
  facet normal 0.0 0.0 0.0
    outer loop
      vertex 0.03170286017524645 -7.649791982089482e-10 0.007885354706652265
      vertex 0.031700000933043475 -7.650005002801663e-10 0.007999999710924726
      vertex 0.006299998350031611 -9.542504475490432e-10 0.007999999710924726
    endloop
  endfacet
  facet normal 0.0 0.0 0.0
    outer loop
      vertex 0.03170286017524645 -7.649791982089482e-10 0.007885354706652265
      vertex 0.006299998350031611 -9.542504475490432e-10 0.007999999710924726
      vertex 0.006297141805226916 1.7431265737499757e-09 0.007885354706652265
    endloop
  endfacet
  facet normal 0.0 0.0 0.0
    outer loop
      vertex 0.03170286017524645 -7.649791982089482e-10 0.007885354706652265
      vertex 0.006297141805226916 1.7431265737499757e-09 0.007885354706652265
      vertex 0.006288572170812913 -9.543355812269282e-10 0.007770993897326093
    endloop
  endfacet
  facet normal 0.0 0.0 0.0
    outer loop
      vertex 0.031711429809660456 1.9324829576561344e-09 0.007770993897326093
      vertex 0.03170286017524645 -7.649791982089482e-10 0.007885354706652265
      vertex 0.006288572170812913 -9.543355812269282e-10 0.007770993897326093
    endloop
  endfacet
  facet normal 0.0 0.0 0.0
    outer loop
      vertex 0.03172569095449741 -7.648090907252936e-10 0.007657203385241132
      vertex 0.006288572170812913 -9.543355812269282e-10 0.007770993897326093
      vertex 0.0062743110259759595 1.742956466266321e-09 0.007657203385241132
    endloop
  endfacet
  facet normal 0.0 0.0 0.0
    outer loop
      vertex 0.03172569095449741 -7.648090907252936e-10 0.007657203385241132
      vertex 0.0062743110259759595 1.742956466266321e-09 0.007657203385241132
      vertex 0.006254396134292399 -9.545902197594102e-10 0.007544263550646406
    endloop
  endfacet
  facet normal 0.0 0.0 0.0
    outer loop
      vertex 0.03172569095449741 -7.648090907252936e-10 0.007657203385241132
      vertex 0.031711429809660456 1.9324829576561344e-09 0.007770993897326093
      vertex 0.006288572170812913 -9.543355812269282e-10 0.007770993897326093
    endloop
  endfacet
  facet normal 0.0 0.0 0.0
    outer loop
      vertex 0.031745603148782685 -7.646607294020669e-10 0.007544263550646406
      vertex 0.03172569095449741 -7.648090907252936e-10 0.007657203385241132
      vertex 0.006254396134292399 -9.545902197594102e-10 0.007544263550646406
    endloop
  endfacet
  facet normal 0.0 0.0 0.0
    outer loop
      vertex 0.031771123234143404 1.9329277201052265e-09 0.007432458588488203
      vertex 0.031745603148782685 -7.646607294020669e-10 0.007544263550646406
      vertex 0.006254396134292399 -9.545902197594102e-10 0.007544263550646406
    endloop
  endfacet
  facet normal 0.0 0.0 0.0
    outer loop
      vertex 0.031771123234143404 1.9329277201052265e-09 0.007432458588488203
      vertex 0.006254396134292399 -9.545902197594102e-10 0.007544263550646406
      vertex 0.006228878746329964 -9.547803441201097e-10 0.007432458588488203
    endloop
  endfacet
  facet normal 0.0 0.0 0.0
    outer loop
      vertex 0.03180218377562201 -7.642391590678698e-10 0.0073220631569696475
      vertex 0.006228878746329964 -9.547803441201097e-10 0.007432458588488203
      vertex 0.006197818204851355 1.7423865350529865e-09 0.0073220631569696475
    endloop
  endfacet
  facet normal 0.0 0.0 0.0
    outer loop
      vertex 0.03180218377562201 -7.642391590678698e-10 0.0073220631569696475
      vertex 0.031771123234143404 1.9329277201052265e-09 0.007432458588488203
      vertex 0.006228878746329964 -9.547803441201097e-10 0.007432458588488203
    endloop
  endfacet
  facet normal 0.0 0.0 0.0
    outer loop
      vertex 0.03183870654866761 -7.639670371872853e-10 0.007213353821642499
      vertex 0.006197818204851355 1.7423865350529865e-09 0.0073220631569696475
      vertex 0.00616129273440747 -9.552839133064594e-10 0.007213353821642499
    endloop
  endfacet
  facet normal 0.0 0.0 0.0
    outer loop
      vertex 0.03183870654866761 -7.639670371872853e-10 0.007213353821642499
      vertex 0.03180218377562201 -7.642391590678698e-10 0.0073220631569696475
      vertex 0.006197818204851355 1.7423865350529865e-09 0.0073220631569696475
    endloop
  endfacet
  facet normal 0.0 0.0 0.0
    outer loop
      vertex 0.03188060523653446 1.933743446258518e-09 0.007106599518663984
      vertex 0.03183870654866761 -7.639670371872853e-10 0.007213353821642499
      vertex 0.00616129273440747 -9.552839133064594e-10 0.007213353821642499
    endloop
  endfacet
  facet normal 0.0 0.0 0.0
    outer loop
      vertex 0.03188060523653446 1.933743446258518e-09 0.007106599518663984
      vertex 0.00616129273440747 -9.552839133064594e-10 0.007213353821642499
      vertex 0.006119396743938913 -9.555960711615797e-10 0.007106599518663984
    endloop
  endfacet
  facet normal 0.0 0.0 0.0
    outer loop
      vertex 0.03188060523653446 1.933743446258518e-09 0.007106599518663984
      vertex 0.006119396743938913 -9.555960711615797e-10 0.007106599518663984
      vertex 0.006072230037182978 -9.55947500269616e-10 0.0070020672768426944
    endloop
  endfacet
  facet normal 0.0 0.0 0.0
    outer loop
      vertex 0.03192777194329039 1.9340948753665545e-09 0.0070020672768426944
      vertex 0.03188060523653446 1.933743446258518e-09 0.007106599518663984
      vertex 0.006072230037182978 -9.55947500269616e-10 0.0070020672768426944
    endloop
  endfacet
  facet normal 0.0 0.0 0.0
    outer loop
      vertex 0.0319800906808083 1.9344846897695336e-09 0.006900016495592695
      vertex 0.03192777194329039 1.9340948753665545e-09 0.0070020672768426944
      vertex 0.006072230037182978 -9.55947500269616e-10 0.0070020672768426944
    endloop
  endfacet
  facet normal 0.0 0.0 0.0
    outer loop
      vertex 0.0319800906808083 1.9344846897695336e-09 0.006900016495592695
      vertex 0.006072230037182978 -9.55947500269616e-10 0.0070020672768426944
      vertex 0.00601991129966507 -9.563373155607734e-10 0.006900016495592695
    endloop
  endfacet
  facet normal 0.0 0.0 0.0
    outer loop
      vertex 0.032037431973969556 1.934911928458405e-09 0.006800698944933515
      vertex 0.0319800906808083 1.9344846897695336e-09 0.006900016495592695
      vertex 0.00601991129966507 -9.563373155607734e-10 0.006900016495592695
    endloop
  endfacet
  facet normal 0.0 0.0 0.0
    outer loop
      vertex 0.032037431973969556 1.934911928458405e-09 0.006800698944933515
      vertex 0.00601991129966507 -9.563373155607734e-10 0.006900016495592695
      vertex 0.005962570006503818 -9.567645533614665e-10 0.006800698944933515
    endloop
  endfacet
  facet normal 0.0 0.0 0.0
    outer loop
      vertex 0.032099652860664026 -7.62022779099425e-10 0.006704364487536054
      vertex 0.032037431973969556 1.934911928458405e-09 0.006800698944933515
      vertex 0.005962570006503818 -9.567645533614665e-10 0.006800698944933515
    endloop
  endfacet
  facet normal 0.0 0.0 0.0
    outer loop
      vertex 0.032099652860664026 -7.62022779099425e-10 0.006704364487536054
      vertex 0.005962570006503818 -9.567645533614665e-10 0.006800698944933515
      vertex 0.0059003491198093465 1.7401701568608985e-09 0.006704364487536054
    endloop
  endfacet
  facet normal 0.0 0.0 0.0
    outer loop
      vertex 0.032099652860664026 -7.62022779099425e-10 0.006704364487536054
      vertex 0.0059003491198093465 1.7401701568608985e-09 0.006704364487536054
      vertex 0.005833405088683371 1.7396713714035172e-09 0.006611249634630781
    endloop
  endfacet
  facet normal 0.0 0.0 0.0
    outer loop
      vertex 0.032166596891789995 -7.615239958624897e-10 0.006611249634630781
      vertex 0.032099652860664026 -7.62022779099425e-10 0.006704364487536054
      vertex 0.005833405088683371 1.7396713714035172e-09 0.006611249634630781
    endloop
  endfacet
  facet normal 0.0 0.0 0.0
    outer loop
      vertex 0.03223809952605092 -7.609912451300715e-10 0.006521588990099531
      vertex 0.032166596891789995 -7.615239958624897e-10 0.006611249634630781
      vertex 0.005833405088683371 1.7396713714035172e-09 0.006611249634630781
    endloop
  endfacet
  facet normal 0.0 0.0 0.0
    outer loop
      vertex 0.03223809952605092 -7.609912451300715e-10 0.006521588990099531
      vertex 0.005833405088683371 1.7396713714035172e-09 0.006611249634630781
      vertex 0.005761902454422457 1.739138620671099e-09 0.006521588990099531
    endloop
  endfacet
  facet normal 0.0 0.0 0.0
    outer loop
      vertex 0.032313982735158654 -7.604258556170862e-10 0.006435601899035077
      vertex 0.03223809952605092 -7.609912451300715e-10 0.006521588990099531
      vertex 0.005761902454422457 1.739138620671099e-09 0.006521588990099531
    endloop
  endfacet
  facet normal 0.0 0.0 0.0
    outer loop
      vertex 0.032313982735158654 -7.604258556170862e-10 0.006435601899035077
      vertex 0.005761902454422457 1.739138620671099e-09 0.006521588990099531
      vertex 0.005686019245314714 1.738573231602203e-09 0.006435601899035077
    endloop
  endfacet
  facet normal 0.0 0.0 0.0
    outer loop
      vertex 0.032313982735158654 -7.604258556170862e-10 0.006435601899035077
      vertex 0.005686019245314714 1.738573231602203e-09 0.006435601899035077
      vertex 0.0056059442792414736 1.7379766101832673e-09 0.006353505799181562
    endloop
  endfacet
  facet normal 0.0 0.0 0.0
    outer loop
      vertex 0.032394057701231896 -7.598292341981505e-10 0.006353505799181562
      vertex 0.032313982735158654 -7.604258556170862e-10 0.006435601899035077
      vertex 0.0056059442792414736 1.7379766101832673e-09 0.006353505799181562
    endloop
  endfacet
  facet normal 0.0 0.0 0.0
    outer loop
      vertex 0.032478124816796086 -7.592028694602959e-10 0.006275502869494062
      vertex 0.032394057701231896 -7.598292341981505e-10 0.006353505799181562
      vertex 0.0056059442792414736 1.7379766101832673e-09 0.006353505799181562
    endloop
  endfacet
  facet normal 0.0 0.0 0.0
    outer loop
      vertex 0.032478124816796086 -7.592028694602959e-10 0.006275502869494062
      vertex 0.0056059442792414736 1.7379766101832673e-09 0.006353505799181562
      vertex 0.00552187716367728 1.7373502441131449e-09 0.006275502869494062
    endloop
  endfacet
  facet normal 0.0 0.0 0.0
    outer loop
      vertex 0.03256597368478347 -7.585483281502547e-10 0.006201787659533125
      vertex 0.00552187716367728 1.7373502441131449e-09 0.006275502869494062
      vertex 0.005434025598291615 -9.607026236757577e-10 0.006201787659533125
    endloop
  endfacet
  facet normal 0.0 0.0 0.0
    outer loop
      vertex 0.03256597368478347 -7.585483281502547e-10 0.006201787659533125
      vertex 0.032478124816796086 -7.592028694602959e-10 0.006275502869494062
      vertex 0.00552187716367728 1.7373502441131449e-09 0.006275502869494062
    endloop
  endfacet
  facet normal 0.0 0.0 0.0
    outer loop
      vertex 0.038000001255121416 -7.180605585688227e-10 -2.890752739403979e-10
      vertex 0.0340573409308658 1.94996183822127e-09 0.005700715729601484
      vertex 0.033942661041941616 -7.482909261113946e-10 0.005700715729601484
    endloop
  endfacet
  facet normal 0.0 0.0 0.0
    outer loop
      vertex 0.038000001255121416 -7.180605585688227e-10 -2.890752739403979e-10
      vertex 0.033942661041941616 -7.482909261113946e-10 0.005700715729601484
      vertex 0.033828121417729236 1.94825397059617e-09 0.005706432053454023
    endloop
  endfacet
  facet normal 0.0 0.0 0.0
    outer loop
      vertex 0.038000001255121416 -7.180605585688227e-10 -2.890752739403979e-10
      vertex 0.033828121417729236 1.94825397059617e-09 0.005706432053454023
      vertex 0.03371401067984733 1.9474037564748415e-09 0.005717849442370039
    endloop
  endfacet
  facet normal 0.0 0.0 0.0
    outer loop
      vertex 0.038000001255121416 -7.180605585688227e-10 -2.890752739403979e-10
      vertex 0.03371401067984733 1.9474037564748415e-09 0.005717849442370039
      vertex 0.03360060935771958 -7.508394759270232e-10 0.005734943100817304
    endloop
  endfacet
  facet normal 0.0 0.0 0.0
    outer loop
      vertex 0.038000001255121416 -7.180605585688227e-10 -2.890752739403979e-10
      vertex 0.03360060935771958 -7.508394759270232e-10 0.005734943100817304
      vertex 0.03348820337556623 -7.516769926496636e-10 0.00575766534508
    endloop
  endfacet
  facet normal 0.0 0.0 0.0
    outer loop
      vertex 0.038000001255121416 -7.180605585688227e-10 -2.890752739403979e-10
      vertex 0.03348820337556623 -7.516769926496636e-10 0.00575766534508
      vertex 0.03337706786801438 1.944893266880854e-09 0.005785964676745039
    endloop
  endfacet
  facet normal 0.0 0.0 0.0
    outer loop
      vertex 0.038000001255121416 -7.180605585688227e-10 -2.890752739403979e-10
      vertex 0.03337706786801438 1.944893266880854e-09 0.005785964676745039
      vertex 0.03326748066708946 -7.53321547364294e-10 0.005819766709215741
    endloop
  endfacet
  facet normal 0.0 0.0 0.0
    outer loop
      vertex 0.038000001255121416 -7.180605585688227e-10 -2.890752739403979e-10
      vertex 0.03326748066708946 -7.53321547364294e-10 0.005819766709215741
      vertex 0.033159714210020196 -7.54124492630126e-10 0.0058589913338495305
    endloop
  endfacet
  facet normal 0.0 0.0 0.0
    outer loop
      vertex 0.038000001255121416 -7.180605585688227e-10 -2.890752739403979e-10
      vertex 0.033159714210020196 -7.54124492630126e-10 0.0058589913338495305
      vertex 0.033054040934035384 -7.549118414829081e-10 0.0059035374611688665
    endloop
  endfacet
  facet normal 0.0 0.0 0.0
    outer loop
      vertex 0.038000001255121416 -7.180605585688227e-10 -2.890752739403979e-10
      vertex 0.033054040934035384 -7.549118414829081e-10 0.0059035374611688665
      vertex 0.032950714394575656 -7.556817074316769e-10 0.005953294464953046
    endloop
  endfacet
  facet normal 0.0 0.0 0.0
    outer loop
      vertex 0.038000001255121416 -7.180605585688227e-10 -2.890752739403979e-10
      vertex 0.032950714394575656 -7.556817074316769e-10 0.005953294464953046
      vertex 0.03284999893667487 -7.564321151676268e-10 0.006008142182238203
    endloop
  endfacet
  facet normal 0.0 0.0 0.0
    outer loop
      vertex 0.038000001255121416 -7.180605585688227e-10 -2.890752739403979e-10
      vertex 0.03284999893667487 -7.564321151676268e-10 0.006008142182238203
      vertex 0.03275214272097706 -7.571612208323586e-10 0.00606794137657414
    endloop
  endfacet
  facet normal 0.0 0.0 0.0
    outer loop
      vertex 0.038000001255121416 -7.180605585688227e-10 -2.890752739403979e-10
      vertex 0.03275214272097706 -7.571612208323586e-10 0.00606794137657414
      vertex 0.03265738851332966 -7.578672125418961e-10 0.006132543274767499
    endloop
  endfacet
  facet normal 0.0 0.0 0.0
    outer loop
      vertex 0.038000001255121416 -7.180605585688227e-10 -2.890752739403979e-10
      vertex 0.03265738851332966 -7.578672125418961e-10 0.006132543274767499
      vertex 0.03256597368478347 -7.585483281502547e-10 0.006201787659533125
    endloop
  endfacet
  facet normal 0.0 0.0 0.0
    outer loop
      vertex 0.038000001255121416 -7.180605585688227e-10 -2.890752739403979e-10
      vertex 0.005434025598291615 -9.607026236757577e-10 0.006201787659533125
      vertex 7.253519495588176e-10 1.6962079326539564e-09 -2.890752739403979e-10
    endloop
  endfacet
  facet normal 0.0 0.0 0.0
    outer loop
      vertex 0.038000001255121416 -7.180605585688227e-10 -2.890752739403979e-10
      vertex 0.03256597368478347 -7.585483281502547e-10 0.006201787659533125
      vertex 0.005434025598291615 -9.607026236757577e-10 0.006201787659533125
    endloop
  endfacet
  facet normal 0.0 0.0 0.0
    outer loop
      vertex 0.038000001255121416 -7.180605585688227e-10 -2.890752739403979e-10
      vertex 0.03630000103976394 1.966671412390042e-09 0.007999999710924726
      vertex 0.03629714179756095 1.96665010676611e-09 0.007885354706652265
    endloop
  endfacet
  facet normal 0.0 0.0 0.0
    outer loop
      vertex 0.038000001255121416 -7.180605585688227e-10 -2.890752739403979e-10
      vertex 0.03629714179756095 1.96665010676611e-09 0.007885354706652265
      vertex 0.03628857216314696 -7.308120473226154e-10 0.007770993897326093
    endloop
  endfacet
  facet normal 0.0 0.0 0.0
    outer loop
      vertex 0.038000001255121416 -7.180605585688227e-10 -2.890752739403979e-10
      vertex 0.03628857216314696 -7.308120473226154e-10 0.007770993897326093
      vertex 0.03627431101831 1.9664799992824556e-09 0.007657203385241132
    endloop
  endfacet
  facet normal 0.0 0.0 0.0
    outer loop
      vertex 0.038000001255121416 -7.180605585688227e-10 -2.890752739403979e-10
      vertex 0.03627431101831 1.9664799992824556e-09 0.007657203385241132
      vertex 0.03625439612662645 -7.310666845228298e-10 0.007544263550646406
    endloop
  endfacet
  facet normal 0.0 0.0 0.0
    outer loop
      vertex 0.038000001255121416 -7.180605585688227e-10 -2.890752739403979e-10
      vertex 0.03625439612662645 -7.310666845228298e-10 0.007544263550646406
      vertex 0.03622887873866401 -7.312568115480645e-10 0.007432458588488203
    endloop
  endfacet
  facet normal 0.0 0.0 0.0
    outer loop
      vertex 0.038000001255121416 -7.180605585688227e-10 -2.890752739403979e-10
      vertex 0.03622887873866401 -7.312568115480645e-10 0.007432458588488203
      vertex 0.0361978181971854 1.965910069401389e-09 0.0073220631569696475
    endloop
  endfacet
  facet normal 0.0 0.0 0.0
    outer loop
      vertex 0.038000001255121416 -7.180605585688227e-10 -2.890752739403979e-10
      vertex 0.0361978181971854 1.965910069401389e-09 0.0073220631569696475
      vertex 0.03616129272674151 -7.31760380290325e-10 0.007213353821642499
    endloop
  endfacet
  facet normal 0.0 0.0 0.0
    outer loop
      vertex 0.038000001255121416 -7.180605585688227e-10 -2.890752739403979e-10
      vertex 0.03616129272674151 -7.31760380290325e-10 0.007213353821642499
      vertex 0.036119396736272964 -7.320725359249991e-10 0.007106599518663984
    endloop
  endfacet
  facet normal 0.0 0.0 0.0
    outer loop
      vertex 0.038000001255121416 -7.180605585688227e-10 -2.890752739403979e-10
      vertex 0.036119396736272964 -7.320725359249991e-10 0.007106599518663984
      vertex 0.03607223002951702 -7.324239632566787e-10 0.0070020672768426944
    endloop
  endfacet
  facet normal 0.0 0.0 0.0
    outer loop
      vertex 0.038000001255121416 -7.180605585688227e-10 -2.890752739403979e-10
      vertex 0.03607223002951702 -7.324239632566787e-10 0.0070020672768426944
      vertex 0.036019911291999114 -7.328137812123714e-10 0.006900016495592695
    endloop
  endfacet
  facet normal 0.0 0.0 0.0
    outer loop
      vertex 0.038000001255121416 -7.180605585688227e-10 -2.890752739403979e-10
      vertex 0.036019911291999114 -7.328137812123714e-10 0.006900016495592695
      vertex 0.035962569998837866 -7.332410199012429e-10 0.006800698944933515
    endloop
  endfacet
  facet normal 0.0 0.0 0.0
    outer loop
      vertex 0.038000001255121416 -7.180605585688227e-10 -2.890752739403979e-10
      vertex 0.035962569998837866 -7.332410199012429e-10 0.006800698944933515
      vertex 0.03590034911214339 1.963693691209301e-09 0.006704364487536054
    endloop
  endfacet
  facet normal 0.0 0.0 0.0
    outer loop
      vertex 0.038000001255121416 -7.180605585688227e-10 -2.890752739403979e-10
      vertex 0.03590034911214339 1.963693691209301e-09 0.006704364487536054
      vertex 0.03583340508101742 1.9631949079723655e-09 0.006611249634630781
    endloop
  endfacet
  facet normal 0.0 0.0 0.0
    outer loop
      vertex 0.038000001255121416 -7.180605585688227e-10 -2.890752739403979e-10
      vertex 0.03583340508101742 1.9631949079723655e-09 0.006611249634630781
      vertex 0.0357619024467565 1.9626621572399473e-09 0.006521588990099531
    endloop
  endfacet
  facet normal 0.0 0.0 0.0
    outer loop
      vertex 0.038000001255121416 -7.180605585688227e-10 -2.890752739403979e-10
      vertex 0.0357619024467565 1.9626621572399473e-09 0.006521588990099531
      vertex 0.03568601923764876 1.962096767726962e-09 0.006435601899035077
    endloop
  endfacet
  facet normal 0.0 0.0 0.0
    outer loop
      vertex 0.038000001255121416 -7.180605585688227e-10 -2.890752739403979e-10
      vertex 0.03568601923764876 1.962096767726962e-09 0.006435601899035077
      vertex 0.03560594696897384 -7.358981370941819e-10 0.006353505799181562
    endloop
  endfacet
  facet normal 0.0 0.0 0.0
    outer loop
      vertex 0.038000001255121416 -7.180605585688227e-10 -2.890752739403979e-10
      vertex 0.03560594696897384 -7.358981370941819e-10 0.006353505799181562
      vertex 0.03552187985340964 -7.365245053847502e-10 0.006275502869494062
    endloop
  endfacet
  facet normal 0.0 0.0 0.0
    outer loop
      vertex 0.038000001255121416 -7.180605585688227e-10 -2.890752739403979e-10
      vertex 0.03552187985340964 -7.365245053847502e-10 0.006275502869494062
      vertex 0.03543402559062567 -7.371790893273556e-10 0.006201787659533125
    endloop
  endfacet
  facet normal 0.0 0.0 0.0
    outer loop
      vertex 0.038000001255121416 -7.180605585688227e-10 -2.890752739403979e-10
      vertex 0.03543402559062567 -7.371790893273556e-10 0.006201787659533125
      vertex 0.03534261076207947 -7.378602013830004e-10 0.006132543274767499
    endloop
  endfacet
  facet normal 0.0 0.0 0.0
    outer loop
      vertex 0.038000001255121416 -7.180605585688227e-10 -2.890752739403979e-10
      vertex 0.03534261076207947 -7.378602013830004e-10 0.006132543274767499
      vertex 0.035247856554432064 -7.38566193092538e-10 0.00606794137657414
    endloop
  endfacet
  facet normal 0.0 0.0 0.0
    outer loop
      vertex 0.038000001255121416 -7.180605585688227e-10 -2.890752739403979e-10
      vertex 0.035247856554432064 -7.38566193092538e-10 0.00606794137657414
      vertex 0.03515000033873426 -7.392952987572699e-10 0.006008142182238203
    endloop
  endfacet
  facet normal 0.0 0.0 0.0
    outer loop
      vertex 0.038000001255121416 -7.180605585688227e-10 -2.890752739403979e-10
      vertex 0.03515000033873426 -7.392952987572699e-10 0.006008142182238203
      vertex 0.03504928488083348 -7.400457100459334e-10 0.005953294464953046
    endloop
  endfacet
  facet normal 0.0 0.0 0.0
    outer loop
      vertex 0.038000001255121416 -7.180605585688227e-10 -2.890752739403979e-10
      vertex 0.03504928488083348 -7.400457100459334e-10 0.005953294464953046
      vertex 0.034945961038772025 1.9565827535927836e-09 0.0059035374611688665
    endloop
  endfacet
  facet normal 0.0 0.0 0.0
    outer loop
      vertex 0.038000001255121416 -7.180605585688227e-10 -2.890752739403979e-10
      vertex 0.034945961038772025 1.9565827535927836e-09 0.0059035374611688665
      vertex 0.03484028506538893 -7.416029212947706e-10 0.0058589913338495305
    endloop
  endfacet
  facet normal 0.0 0.0 0.0
    outer loop
      vertex 0.038000001255121416 -7.180605585688227e-10 -2.890752739403979e-10
      vertex 0.03484028506538893 -7.416029212947706e-10 0.0058589913338495305
      vertex 0.03473251860831966 -7.424058665606026e-10 0.005819766709215741
    endloop
  endfacet
  facet normal 0.0 0.0 0.0
    outer loop
      vertex 0.038000001255121416 -7.180605585688227e-10 -2.890752739403979e-10
      vertex 0.03473251860831966 -7.424058665606026e-10 0.005819766709215741
      vertex 0.03462293410479303 -7.432223547709782e-10 0.005785964676745039
    endloop
  endfacet
  facet normal 0.0 0.0 0.0
    outer loop
      vertex 0.038000001255121416 -7.180605585688227e-10 -2.890752739403979e-10
      vertex 0.03462293410479303 -7.432223547709782e-10 0.005785964676745039
      vertex 0.03451179859724118 1.9533479012068257e-09 0.00575766534508
    endloop
  endfacet
  facet normal 0.0 0.0 0.0
    outer loop
      vertex 0.038000001255121416 -7.180605585688227e-10 -2.890752739403979e-10
      vertex 0.03451179859724118 1.9533479012068257e-09 0.00575766534508
      vertex 0.03439938991768956 -7.448879379978735e-10 0.005734943100817304
    endloop
  endfacet
  facet normal 0.0 0.0 0.0
    outer loop
      vertex 0.038000001255121416 -7.180605585688227e-10 -2.890752739403979e-10
      vertex 0.03439938991768956 -7.448879379978735e-10 0.005734943100817304
      vertex 0.03428599129296009 -7.457328443649658e-10 0.005717849442370039
    endloop
  endfacet
  facet normal 0.0 0.0 0.0
    outer loop
      vertex 0.038000001255121416 -7.180605585688227e-10 -2.890752739403979e-10
      vertex 0.03428599129296009 -7.457328443649658e-10 0.005717849442370039
      vertex 0.03417188055507817 -7.46583062039008e-10 0.005706432053454023
    endloop
  endfacet
  facet normal 0.0 0.0 0.0
    outer loop
      vertex 0.038000001255121416 -7.180605585688227e-10 -2.890752739403979e-10
      vertex 0.03417188055507817 -7.46583062039008e-10 0.005706432053454023
      vertex 0.0340573409308658 1.94996183822127e-09 0.005700715729601484
    endloop
  endfacet
  facet normal 0.0 0.0 0.0
    outer loop
      vertex 0.038000001255121416 -7.180605585688227e-10 -2.890752739403979e-10
      vertex 0.038000001255121416 -7.180605585688227e-10 0.030000001618273358
      vertex 0.03630000103976394 1.966671412390042e-09 0.01900000161827336
    endloop
  endfacet
  facet normal 0.0 0.0 0.0
    outer loop
      vertex 0.038000001255121416 -7.180605585688227e-10 -2.890752739403979e-10
      vertex 0.03630000103976394 1.966671412390042e-09 0.01900000161827336
      vertex 0.03629714179756095 1.96665010676611e-09 0.018885354706652265
    endloop
  endfacet
  facet normal 0.0 0.0 0.0
    outer loop
      vertex 0.038000001255121416 -7.180605585688227e-10 -2.890752739403979e-10
      vertex 0.03629714179756095 1.96665010676611e-09 0.018885354706652265
      vertex 0.03628857216314696 -7.308120473226154e-10 0.01877099389732609
    endloop
  endfacet
  facet normal 0.0 0.0 0.0
    outer loop
      vertex 0.038000001255121416 -7.180605585688227e-10 -2.890752739403979e-10
      vertex 0.03628857216314696 -7.308120473226154e-10 0.01877099389732609
      vertex 0.03627431101831 1.9664799992824556e-09 0.018657201477892498
    endloop
  endfacet
  facet normal 0.0 0.0 0.0
    outer loop
      vertex 0.038000001255121416 -7.180605585688227e-10 -2.890752739403979e-10
      vertex 0.03627431101831 1.9664799992824556e-09 0.018657201477892498
      vertex 0.03628857216314696 -7.308120473226154e-10 0.013229005524523359
    endloop
  endfacet
  facet normal 0.0 0.0 0.0
    outer loop
      vertex 0.03628857216314696 -7.308120473226154e-10 0.013229005524523359
      vertex 0.03627431101831 1.9664799992824556e-09 0.018657201477892498
      vertex 0.03627431101831 1.9664799992824556e-09 0.013342797943956953
    endloop
  endfacet
  facet normal 0.0 0.0 0.0
    outer loop
      vertex 0.038000001255121416 -7.180605585688227e-10 -2.890752739403979e-10
      vertex 0.03628857216314696 -7.308120473226154e-10 0.013229005524523359
      vertex 0.03629714179756095 1.96665010676611e-09 0.013114644715197186
    endloop
  endfacet
  facet normal 0.0 0.0 0.0
    outer loop
      vertex 0.038000001255121416 -7.180605585688227e-10 -2.890752739403979e-10
      vertex 0.03629714179756095 1.96665010676611e-09 0.013114644715197186
      vertex 0.03630000103976394 1.966671412390042e-09 0.013000001618273358
    endloop
  endfacet
  facet normal 0.0 0.0 0.0
    outer loop
      vertex 0.038000001255121416 -7.180605585688227e-10 -2.890752739403979e-10
      vertex 0.03630000103976394 1.966671412390042e-09 0.013000001618273358
      vertex 0.03630000103976394 1.966671412390042e-09 0.007999999710924726
    endloop
  endfacet
endsolid mesh
