solid mesh
  facet normal 0.0 0.0 0.0
    outer loop
      vertex 0.05915208053588594 0.016830961904672953 0.00999999990941933
      vertex 0.056570823669430864 0.01843886824622569 0.00999999990941933
      vertex 0.05736418914794649 0.015798722944406842 0.00999999990941933
    endloop
  endfacet
  facet normal 0.0 0.0 0.0
    outer loop
      vertex 0.05915208053588594 0.016830961904672953 0.00999999990941933
      vertex 0.058251224517819535 0.019724220953134867 0.00999999990941933
      vertex 0.056570823669430864 0.01843886824622569 0.00999999990941933
    endloop
  endfacet
  facet normal 0.0 0.0 0.0
    outer loop
      vertex 0.058251224517819535 0.019724220953134867 0.00999999990941933
      vertex 0.05565601730346407 0.021039431295542095 0.00999999990941933
      vertex 0.056570823669430864 0.01843886824622569 0.00999999990941933
    endloop
  endfacet
  facet normal 0.0 0.0 0.0
    outer loop
      vertex 0.058251224517819535 0.019724220953134867 0.00999999990941933
      vertex 0.05720894622802462 0.02256959410682139 0.00999999990941933
      vertex 0.05565601730346407 0.021039431295542095 0.00999999990941933
    endloop
  endfacet
  facet normal 0.0 0.0 0.0
    outer loop
      vertex 0.05720894622802462 0.02256959410682139 0.00999999990941933
      vertex 0.0546217346191379 0.023594830236582133 0.00999999990941933
      vertex 0.05565601730346407 0.021039431295542095 0.00999999990941933
    endloop
  endfacet
  facet normal 0.0 0.0 0.0
    outer loop
      vertex 0.05720894622802462 0.02256959410682139 0.00999999990941933
      vertex 0.056027774810788286 0.025360174856333108 0.00999999990941933
      vertex 0.0546217346191379 0.023594830236582133 0.00999999990941933
    endloop
  endfacet
  facet normal 0.0 0.0 0.0
    outer loop
      vertex 0.056027774810788286 0.025360174856333108 0.00999999990941933
      vertex 0.05347019577026094 0.0260995776273292 0.00999999990941933
      vertex 0.0546217346191379 0.023594830236582133 0.00999999990941933
    endloop
  endfacet
  facet normal 0.0 0.0 0.0
    outer loop
      vertex 0.05347019577026094 0.0260995776273292 0.00999999990941933
      vertex 0.05471058273315157 0.028089184484629003 0.00999999990941933
      vertex 0.0522038764953586 0.028548298559336036 0.00999999990941933
    endloop
  endfacet
  facet normal 0.0 0.0 0.0
    outer loop
      vertex 0.056027774810788286 0.025360174856333108 0.00999999990941933
      vertex 0.05471058273315157 0.028089184484629003 0.00999999990941933
      vertex 0.05347019577026094 0.0260995776273292 0.00999999990941933
    endloop
  endfacet
  facet normal 0.0 0.0 0.0
    outer loop
      vertex 0.0522038764953586 0.028548298559336036 0.00999999990941933
      vertex 0.05326056289672579 0.03075000067725596 0.00999999990941933
      vertex 0.050825489044186725 0.030935734472421973 0.00999999990941933
    endloop
  endfacet
  facet normal 0.0 0.0 0.0
    outer loop
      vertex 0.05471058273315157 0.028089184484629003 0.00999999990941933
      vertex 0.05326056289672579 0.03075000067725596 0.00999999990941933
      vertex 0.0522038764953586 0.028548298559336036 0.00999999990941933
    endloop
  endfacet
  facet normal 0.0 0.0 0.0
    outer loop
      vertex 0.050825489044186725 0.030935734472421973 0.00999999990941933
      vertex 0.051681236267087115 0.033336159429697365 0.00999999990941933
      vertex 0.04933799743652071 0.03325676032081065 0.00999999990941933
    endloop
  endfacet
  facet normal 0.0 0.0 0.0
    outer loop
      vertex 0.05326056289672579 0.03075000067725596 0.00999999990941933
      vertex 0.051681236267087115 0.033336159429697365 0.00999999990941933
      vertex 0.050825489044186725 0.030935734472421973 0.00999999990941933
    endloop
  endfacet
  facet normal 0.0 0.0 0.0
    outer loop
      vertex 0.04933799743652071 0.03325676032081065 0.00999999990941933
      vertex 0.04997644424438204 0.03584138937964854 0.00999999990941933
      vertex 0.047744590759274626 0.03550639410987315 0.00999999990941933
    endloop
  endfacet
  facet normal 0.0 0.0 0.0
    outer loop
      vertex 0.051681236267087115 0.033336159429697365 0.00999999990941933
      vertex 0.04997644424438204 0.03584138937964854 0.00999999990941933
      vertex 0.04933799743652071 0.03325676032081065 0.00999999990941933
    endloop
  endfacet
  facet normal 0.0 0.0 0.0
    outer loop
      vertex 0.047744590759274626 0.03550639410987315 0.00999999990941933
      vertex 0.04815031433105196 0.038259602270273536 0.00999999990941933
      vertex 0.046048690795895714 0.03767981024756846 0.00999999990941933
    endloop
  endfacet
  facet normal 0.0 0.0 0.0
    outer loop
      vertex 0.04997644424438204 0.03584138937964854 0.00999999990941933
      vertex 0.04815031433105196 0.038259602270273536 0.00999999990941933
      vertex 0.047744590759274626 0.03550639410987315 0.00999999990941933
    endloop
  endfacet
  facet normal 0.0 0.0 0.0
    outer loop
      vertex 0.046048690795895714 0.03767981024756846 0.00999999990941933
      vertex 0.04620729064941135 0.04058492728248057 0.00999999990941933
      vertex 0.04425394058227267 0.03977233572974619 0.00999999990941933
    endloop
  endfacet
  facet normal 0.0 0.0 0.0
    outer loop
      vertex 0.04815031433105196 0.038259602270273536 0.00999999990941933
      vertex 0.04620729064941135 0.04058492728248057 0.00999999990941933
      vertex 0.046048690795895714 0.03767981024756846 0.00999999990941933
    endloop
  endfacet
  facet normal 0.0 0.0 0.0
    outer loop
      vertex 0.04425394058227267 0.03977233572974619 0.00999999990941933
      vertex 0.04415208053588596 0.04281172247901378 0.00999999990941933
      vertex 0.042364189147946506 0.041779484472421975 0.00999999990941933
    endloop
  endfacet
  facet normal 0.0 0.0 0.0
    outer loop
      vertex 0.04620729064941135 0.04058492728248057 0.00999999990941933
      vertex 0.04415208053588596 0.04281172247901378 0.00999999990941933
      vertex 0.04425394058227267 0.03977233572974619 0.00999999990941933
    endloop
  endfacet
  facet normal 0.0 0.0 0.0
    outer loop
      vertex 0.042364189147946506 0.041779484472421975 0.00999999990941933
      vertex 0.04415208053588596 0.04281172247901378 0.00999999990941933
      vertex 0.04226084518432346 0.04188399573340831 0.010002121834773333
    endloop
  endfacet
  facet normal 0.0 0.0 0.0
    outer loop
      vertex 0.04226084518432346 0.04188399573340831 0.010002121834773333
      vertex 0.04397622680663791 0.0429922835446876 0.010006233124751362
      vertex 0.04215635299682346 0.04198911353125987 0.010008493571299824
    endloop
  endfacet
  facet normal 0.0 0.0 0.0
    outer loop
      vertex 0.04415208053588596 0.04281172247901378 0.00999999990941933
      vertex 0.04397622680663791 0.0429922835446876 0.010006233124751362
      vertex 0.04226084518432346 0.04188399573340831 0.010002121834773333
    endloop
  endfacet
  facet normal 0.0 0.0 0.0
    outer loop
      vertex 0.04200342559814182 0.04214199896827159 0.010025264410990985
      vertex 0.04379742431640354 0.043174313268808696 0.010024964718837055
      vertex 0.04184898757934299 0.04229528876319346 0.010050989775676044
    endloop
  endfacet
  facet normal 0.0 0.0 0.0
    outer loop
      vertex 0.04215635299682346 0.04198911353125987 0.010008493571299824
      vertex 0.04379742431640354 0.043174313268808696 0.010024964718837055
      vertex 0.04200342559814182 0.04214199896827159 0.010025264410990985
    endloop
  endfacet
  facet normal 0.0 0.0 0.0
    outer loop
      vertex 0.04397622680663791 0.0429922835446876 0.010006233124751362
      vertex 0.04379742431640354 0.043174313268808696 0.010024964718837055
      vertex 0.04215635299682346 0.04198911353125987 0.010008493571299824
    endloop
  endfacet
  facet normal 0.0 0.0 0.0
    outer loop
      vertex 0.04184898757934299 0.04229528876319346 0.010050989775676044
      vertex 0.04361653900146213 0.04335695715918955 0.010056244044322284
      vertex 0.04169356155395237 0.0424484717465919 0.01008569851400307
    endloop
  endfacet
  facet normal 0.0 0.0 0.0
    outer loop
      vertex 0.04379742431640354 0.043174313268808696 0.010024964718837055
      vertex 0.04361653900146213 0.04335695715918955 0.010056244044322284
      vertex 0.04184898757934299 0.04229528876319346 0.010050989775676044
    endloop
  endfacet
  facet normal 0.0 0.0 0.0
    outer loop
      vertex 0.04169356155395237 0.0424484717465919 0.01008569851400307
      vertex 0.043434429168698455 0.04353936072364268 0.010100119977015766
      vertex 0.041537673950192595 0.0426010367490333 0.010129419713038715
    endloop
  endfacet
  facet normal 0.0 0.0 0.0
    outer loop
      vertex 0.04361653900146213 0.04335695715918955 0.010056244044322284
      vertex 0.043434429168698455 0.04353936072364268 0.010100119977015766
      vertex 0.04169356155395237 0.0424484717465919 0.01008569851400307
    endloop
  endfacet
  facet normal 0.0 0.0 0.0
    outer loop
      vertex 0.043434429168698455 0.04353936072364268 0.010100119977015766
      vertex 0.043251964569089085 0.043720665655283306 0.010156641154307635
      vertex 0.041537673950192595 0.0426010367490333 0.010129419713038715
    endloop
  endfacet
  facet normal 0.0 0.0 0.0
    outer loop
      vertex 0.041537673950192595 0.0426010367490333 0.010129419713038715
      vertex 0.043251964569089085 0.043720665655283306 0.010156641154307635
      vertex 0.04138185882568088 0.042752472601084085 0.010182182936686785
    endloop
  endfacet
  facet normal 0.0 0.0 0.0
    outer loop
      vertex 0.043251964569089085 0.043720665655283306 0.010156641154307635
      vertex 0.0430700111389133 0.04390001746192393 0.010225856928843768
      vertex 0.04138185882568088 0.042752472601084085 0.010182182936686785
    endloop
  endfacet
  facet normal 0.0 0.0 0.0
    outer loop
      vertex 0.04138185882568088 0.042752472601084085 0.010182182936686785
      vertex 0.0430700111389133 0.04390001746192393 0.010225856928843768
      vertex 0.04122663116454807 0.04290226813331065 0.010244017033595355
    endloop
  endfacet
  facet normal 0.0 0.0 0.0
    outer loop
      vertex 0.0430700111389133 0.04390001746192393 0.010225856928843768
      vertex 0.04290740585326877 0.04405905219092784 0.010299045233744891
      vertex 0.04122663116454807 0.04290226813331065 0.010244017033595355
    endloop
  endfacet
  facet normal 0.0 0.0 0.0
    outer loop
      vertex 0.04122663116454807 0.04290226813331065 0.010244017033595355
      vertex 0.04290740585326877 0.04405905219092784 0.010299045233744891
      vertex 0.04107252120971408 0.0430499121762794 0.010314951567668231
    endloop
  endfacet
  facet normal 0.0 0.0 0.0
    outer loop
      vertex 0.04290740585326877 0.04405905219092784 0.010299045233744891
      vertex 0.04276253128051486 0.04419972678199229 0.010373769431132586
      vertex 0.04107252120971408 0.0430499121762794 0.010314951567668231
    endloop
  endfacet
  facet normal 0.0 0.0 0.0
    outer loop
      vertex 0.04107252120971408 0.0430499121762794 0.010314951567668231
      vertex 0.04276253128051486 0.04419972678199229 0.010373769431132586
      vertex 0.04092005920409885 0.043194893560556745 0.010395015149134906
    endloop
  endfacet
  facet normal 0.0 0.0 0.0
    outer loop
      vertex 0.04276253128051486 0.04419972678199229 0.010373769431132586
      vertex 0.04261952590942111 0.0443376204587501 0.0104568637895768
      vertex 0.04092005920409885 0.043194893560556745 0.010395015149134906
    endloop
  endfacet
  facet normal 0.0 0.0 0.0
    outer loop
      vertex 0.04092005920409885 0.043194893560556745 0.010395015149134906
      vertex 0.04261952590942111 0.0443376204587501 0.0104568637895768
      vertex 0.04076976013183322 0.043336762151865334 0.010484122424144062
    endloop
  endfacet
  facet normal 0.0 0.0 0.0
    outer loop
      vertex 0.04261952590942111 0.0443376204587501 0.0104568637895768
      vertex 0.04247880172729221 0.04447243186011729 0.01054800525190285
      vertex 0.04076976013183322 0.043336762151865334 0.010484122424144062
    endloop
  endfacet
  facet normal 0.0 0.0 0.0
    outer loop
      vertex 0.04076976013183322 0.043336762151865334 0.010484122424144062
      vertex 0.04247880172729221 0.04447243186011729 0.01054800525190285
      vertex 0.04062206649780002 0.043475189886240335 0.010581836133021626
    endloop
  endfacet
  facet normal 0.0 0.0 0.0
    outer loop
      vertex 0.04247880172729221 0.04447243186011729 0.01054800525190285
      vertex 0.04234072113036838 0.0446038786984962 0.010646747736949238
      vertex 0.04062206649780002 0.043475189886240335 0.010581836133021626
    endloop
  endfacet
  facet normal 0.0 0.0 0.0
    outer loop
      vertex 0.04062206649780002 0.043475189886240335 0.010581836133021626
      vertex 0.04234072113036838 0.0446038786984962 0.010646747736949238
      vertex 0.04047740554809299 0.04360987540259776 0.010687652258891376
    endloop
  endfacet
  facet normal 0.0 0.0 0.0
    outer loop
      vertex 0.04234072113036838 0.0446038786984962 0.010646747736949238
      vertex 0.04220565032958713 0.04473167868628916 0.010752644925135883
      vertex 0.04047740554809299 0.04360987540259776 0.010687652258891376
    endloop
  endfacet
  facet normal 0.0 0.0 0.0
    outer loop
      vertex 0.04047740554809299 0.04360987540259776 0.010687652258891376
      vertex 0.04220565032958713 0.04473167868628916 0.010752644925135883
      vertex 0.04033619308471408 0.04374049826636729 0.010801067023295672
    endloop
  endfacet
  facet normal 0.0 0.0 0.0
    outer loop
      vertex 0.04220565032958713 0.04473167868628916 0.010752644925135883
      vertex 0.04207395935058322 0.0448555647946876 0.010865249781626972
      vertex 0.04033619308471408 0.04374049826636729 0.010801067023295672
    endloop
  endfacet
  facet normal 0.0 0.0 0.0
    outer loop
      vertex 0.04033619308471408 0.04374049826636729 0.010801067023295672
      vertex 0.04207395935058322 0.0448555647946876 0.010865249781626972
      vertex 0.04019885253905978 0.04386675330176768 0.010921576409358294
    endloop
  endfacet
  facet normal 0.0 0.0 0.0
    outer loop
      vertex 0.04207395935058322 0.0448555647946876 0.010865249781626972
      vertex 0.04194600677489963 0.044975250921396585 0.010984116225261005
      vertex 0.04019885253905978 0.04386675330176768 0.010921576409358294
    endloop
  endfacet
  facet normal 0.0 0.0 0.0
    outer loop
      vertex 0.04019885253905978 0.04386675330176768 0.010921576409358294
      vertex 0.04194600677489963 0.044975250921396585 0.010984116225261005
      vertex 0.040065807342526585 0.04398832388892588 0.011048676400203022
    endloop
  endfacet
  facet normal 0.0 0.0 0.0
    outer loop
      vertex 0.04194600677489963 0.044975250921396585 0.010984116225261005
      vertex 0.04182216644286838 0.04509045859351573 0.011108797698039324
      vertex 0.040065807342526585 0.04398832388892588 0.011048676400203022
    endloop
  endfacet
  facet normal 0.0 0.0 0.0
    outer loop
      vertex 0.040065807342526585 0.04398832388892588 0.011048676400203022
      vertex 0.04182216644286838 0.04509045859351573 0.011108797698039324
      vertex 0.03993747329711643 0.04410490866675792 0.01118186345579079
    endloop
  endfacet
  facet normal 0.0 0.0 0.0
    outer loop
      vertex 0.04182216644286838 0.04509045859351573 0.011108797698039324
      vertex 0.041702800750729706 0.04520091696753917 0.011238847403544696
      vertex 0.03993747329711643 0.04410490866675792 0.01118186345579079
    endloop
  endfacet
  facet normal 0.0 0.0 0.0
    outer loop
      vertex 0.03993747329711643 0.04410490866675792 0.01118186345579079
      vertex 0.041702800750729706 0.04520091696753917 0.011238847403544696
      vertex 0.03981427764892307 0.04421618720069346 0.011320633320826801
    endloop
  endfacet
  facet normal 0.0 0.0 0.0
    outer loop
      vertex 0.041702800750729706 0.04520091696753917 0.011238847403544696
      vertex 0.041588275909421116 0.045306339941171975 0.01137381926061562
      vertex 0.03981427764892307 0.04421618720069346 0.011320633320826801
    endloop
  endfacet
  facet normal 0.0 0.0 0.0
    outer loop
      vertex 0.03981427764892307 0.04421618720069346 0.011320633320826801
      vertex 0.041588275909421116 0.045306339941171975 0.01137381926061562
      vertex 0.03969663619994846 0.04432185812964854 0.011464482336062702
    endloop
  endfacet
  facet normal 0.0 0.0 0.0
    outer loop
      vertex 0.041588275909421116 0.045306339941171975 0.01137381926061562
      vertex 0.04147892761230197 0.0454064795590919 0.011513307003993304
      vertex 0.03969663619994846 0.04432185812964854 0.011464482336062702
    endloop
  endfacet
  facet normal 0.0 0.0 0.0
    outer loop
      vertex 0.03969663619994846 0.04432185812964854 0.011464482336062702
      vertex 0.04147892761230197 0.0454064795590919 0.011513307003993304
      vertex 0.039583938598630096 0.04442252799048838 0.011614286570567402
    endloop
  endfacet
  facet normal 0.0 0.0 0.0
    outer loop
      vertex 0.039583938598630096 0.04442252799048838 0.011614286570567402
      vertex 0.04137326431274142 0.04550276633277354 0.011659384875315936
      vertex 0.03947445678710666 0.04451982184424815 0.011772484450358662
    endloop
  endfacet
  facet normal 0.0 0.0 0.0
    outer loop
      vertex 0.04147892761230197 0.0454064795590919 0.011513307003993304
      vertex 0.04137326431274142 0.04550276633277354 0.011659384875315936
      vertex 0.039583938598630096 0.04442252799048838 0.011614286570567402
    endloop
  endfacet
  facet normal 0.0 0.0 0.0
    outer loop
      vertex 0.03947445678710666 0.04451982184424815 0.011772484450358662
      vertex 0.04127061462402072 0.045595867834238385 0.011813093571681293
      vertex 0.039368652343747285 0.044613384924082136 0.011938653378505023
    endloop
  endfacet
  facet normal 0.0 0.0 0.0
    outer loop
      vertex 0.04137326431274142 0.04550276633277354 0.011659384875315936
      vertex 0.04127061462402072 0.045595867834238385 0.011813093571681293
      vertex 0.03947445678710666 0.04451982184424815 0.011772484450358662
    endloop
  endfacet
  facet normal 0.0 0.0 0.0
    outer loop
      vertex 0.039368652343747285 0.044613384924082136 0.011938653378505023
      vertex 0.04117144393920627 0.04568541403785167 0.01197397521020821
      vertex 0.039267066955563694 0.04470281287208018 0.01211227276803902
    endloop
  endfacet
  facet normal 0.0 0.0 0.0
    outer loop
      vertex 0.04127061462402072 0.045595867834238385 0.011813093571681293
      vertex 0.04117144393920627 0.04568541403785167 0.01197397521020821
      vertex 0.039368652343747285 0.044613384924082136 0.011938653378505023
    endloop
  endfacet
  facet normal 0.0 0.0 0.0
    outer loop
      vertex 0.039267066955563694 0.04470281287208018 0.01211227276803902
      vertex 0.04107621383666721 0.04577104636207042 0.01214157190801552
      vertex 0.03917023468017307 0.04478768607154307 0.012292821674365314
    endloop
  endfacet
  facet normal 0.0 0.0 0.0
    outer loop
      vertex 0.04117144393920627 0.04568541403785167 0.01197397521020821
      vertex 0.04107621383666721 0.04577104636207042 0.01214157190801552
      vertex 0.039267066955563694 0.04470281287208018 0.01211227276803902
    endloop
  endfacet
  facet normal 0.0 0.0 0.0
    outer loop
      vertex 0.03917023468017307 0.04478768607154307 0.012292821674365314
      vertex 0.04098538589477268 0.04585239859595713 0.012315425901431355
      vertex 0.03907869338988986 0.04486759253516612 0.012479779629725726
    endloop
  endfacet
  facet normal 0.0 0.0 0.0
    outer loop
      vertex 0.04107621383666721 0.04577104636207042 0.01214157190801552
      vertex 0.04098538589477268 0.04585239859595713 0.012315425901431355
      vertex 0.03917023468017307 0.04478768607154307 0.012292821674365314
    endloop
  endfacet
  facet normal 0.0 0.0 0.0
    outer loop
      vertex 0.03907869338988986 0.04486759253516612 0.012479779629725726
      vertex 0.04089942550658908 0.04592910452857432 0.012495079545993121
      vertex 0.038992980957028536 0.04494212790503917 0.012672625629920276
    endloop
  endfacet
  facet normal 0.0 0.0 0.0
    outer loop
      vertex 0.04098538589477268 0.04585239859595713 0.012315425901431355
      vertex 0.04089942550658908 0.04592910452857432 0.012495079545993121
      vertex 0.03907869338988986 0.04486759253516612 0.012479779629725726
    endloop
  endfacet
  facet normal 0.0 0.0 0.0
    outer loop
      vertex 0.04089942550658908 0.04592910452857432 0.012495079545993121
      vertex 0.0408187904357883 0.04600079794898448 0.012680074899215014
      vertex 0.038992980957028536 0.04494212790503917 0.012672625629920276
    endloop
  endfacet
  facet normal 0.0 0.0 0.0
    outer loop
      vertex 0.038992980957028536 0.04494212790503917 0.012672625629920276
      vertex 0.040743949890134 0.046067120275644635 0.012869954137820515
      vertex 0.03891363143920627 0.045010868749765724 0.01287083902837685
    endloop
  endfacet
  facet normal 0.0 0.0 0.0
    outer loop
      vertex 0.0408187904357883 0.04600079794898448 0.012680074899215014
      vertex 0.040743949890134 0.046067120275644635 0.012869954137820515
      vertex 0.038992980957028536 0.04494212790503917 0.012672625629920276
    endloop
  endfacet
  facet normal 0.0 0.0 0.0
    outer loop
      vertex 0.03891363143920627 0.045010868749765724 0.01287083902837685
      vertex 0.04067536163329807 0.046127701482920024 0.01306425958754471
      vertex 0.038841190338132055 0.04507340689673838 0.013073899089116367
    endloop
  endfacet
  facet normal 0.0 0.0 0.0
    outer loop
      vertex 0.040743949890134 0.046067120275644635 0.012869954137820515
      vertex 0.04067536163329807 0.046127701482920024 0.01306425958754471
      vertex 0.03891363143920627 0.045010868749765724 0.01287083902837685
    endloop
  endfacet
  facet normal 0.0 0.0 0.0
    outer loop
      vertex 0.038841190338132055 0.04507340689673838 0.013073899089116367
      vertex 0.04061346054076877 0.0461822249509376 0.013262512757200511
      vertex 0.038776149749753144 0.04512938757911143 0.01328125665964535
    endloop
  endfacet
  facet normal 0.0 0.0 0.0
    outer loop
      vertex 0.04067536163329807 0.046127701482920024 0.01306425958754471
      vertex 0.04061346054076877 0.0461822249509376 0.013262512757200511
      vertex 0.038841190338132055 0.04507340689673838 0.013073899089116367
    endloop
  endfacet
  facet normal 0.0 0.0 0.0
    outer loop
      vertex 0.038776149749753144 0.04512938757911143 0.01328125665964535
      vertex 0.040558414459225804 0.046230606756357526 0.013464075415152819
      vertex 0.03871868515014377 0.04517873068824229 0.013492174169737609
    endloop
  endfacet
  facet normal 0.0 0.0 0.0
    outer loop
      vertex 0.04061346054076877 0.0461822249509376 0.013262512757200511
      vertex 0.040558414459225804 0.046230606756357526 0.013464075415152819
      vertex 0.038776149749753144 0.04512938757911143 0.01328125665964535
    endloop
  endfacet
  facet normal 0.0 0.0 0.0
    outer loop
      vertex 0.040558414459225804 0.046230606756357526 0.013464075415152819
      vertex 0.04051023864745822 0.04627286215796885 0.013668235941547664
      vertex 0.03871868515014377 0.04517873068824229 0.013492174169737609
    endloop
  endfacet
  facet normal 0.0 0.0 0.0
    outer loop
      vertex 0.03871868515014377 0.04517873068824229 0.013492174169737609
      vertex 0.04051023864745822 0.04627286215796885 0.013668235941547664
      vertex 0.03866881942748752 0.04522145529761729 0.01370583891751221
    endloop
  endfacet
  facet normal 0.0 0.0 0.0
    outer loop
      vertex 0.04051023864745822 0.04627286215796885 0.013668235941547664
      vertex 0.04046894454955783 0.04630900641456065 0.013874282388705524
      vertex 0.03866881942748752 0.04522145529761729 0.01370583891751221
    endloop
  endfacet
  facet normal 0.0 0.0 0.0
    outer loop
      vertex 0.03866881942748752 0.04522145529761729 0.01370583891751221
      vertex 0.04046894454955783 0.04630900641456065 0.013874282388705524
      vertex 0.038626571655270725 0.04525756903663096 0.013921438037175448
    endloop
  endfacet
  facet normal 0.0 0.0 0.0
    outer loop
      vertex 0.04046894454955783 0.04630900641456065 0.013874282388705524
      vertex 0.04043454742431369 0.046339047155527446 0.014081502823848041
      vertex 0.038626571655270725 0.04525756903663096 0.013921438037175448
    endloop
  endfacet
  facet normal 0.0 0.0 0.0
    outer loop
      vertex 0.038626571655270725 0.04525756903663096 0.013921438037175448
      vertex 0.04043454742431369 0.046339047155527446 0.014081502823848041
      vertex 0.03859195709228244 0.04528709097876964 0.014138158707637103
    endloop
  endfacet
  facet normal 0.0 0.0 0.0
    outer loop
      vertex 0.04043454742431369 0.046339047155527446 0.014081502823848041
      vertex 0.04040706634521213 0.04636299963965831 0.014289185254592211
      vertex 0.03859195709228244 0.04528709097876964 0.014138158707637103
    endloop
  endfacet
  facet normal 0.0 0.0 0.0
    outer loop
      vertex 0.03859195709228244 0.04528709097876964 0.014138158707637103
      vertex 0.04040706634521213 0.04636299963965831 0.014289185254592211
      vertex 0.03856500244140353 0.045310028753427836 0.014355188100356372
    endloop
  endfacet
  facet normal 0.0 0.0 0.0
    outer loop
      vertex 0.04040706634521213 0.04636299963965831 0.014289185254592211
      vertex 0.040386512756344944 0.046380875311045025 0.014496617822665484
      vertex 0.03856500244140353 0.045310028753427836 0.014355188100356372
    endloop
  endfacet
  facet normal 0.0 0.0 0.0
    outer loop
      vertex 0.03856500244140353 0.045310028753427836 0.014355188100356372
      vertex 0.040386512756344944 0.046380875311045025 0.014496617822665484
      vertex 0.038545722961423064 0.04532639761939463 0.01457171335699013
    endloop
  endfacet
  facet normal 0.0 0.0 0.0
    outer loop
      vertex 0.040386512756344944 0.046380875311045025 0.014496617822665484
      vertex 0.04037290573119846 0.0463926856137794 0.014703088550586017
      vertex 0.038545722961423064 0.04532639761939463 0.01457171335699013
    endloop
  endfacet
  facet normal 0.0 0.0 0.0
    outer loop
      vertex 0.038545722961423064 0.04532639761939463 0.01457171335699013
      vertex 0.04037290573119846 0.0463926856137794 0.014703088550586017
      vertex 0.038534137725827367 0.04533620902076182 0.014786921529788288
    endloop
  endfacet
  facet normal 0.0 0.0 0.0
    outer loop
      vertex 0.038534137725827367 0.04533620902076182 0.014786921529788288
      vertex 0.04036738204955783 0.04639747305884776 0.014852122812289509
      vertex 0.038530273437497285 0.0453394744016212 0.01500000002862862
    endloop
  endfacet
  facet normal 0.0 0.0 0.0
    outer loop
      vertex 0.04037290573119846 0.0463926856137794 0.014703088550586017
      vertex 0.04036738204955783 0.04639747305884776 0.014852122812289509
      vertex 0.038534137725827367 0.04533620902076182 0.014786921529788288
    endloop
  endfacet
  facet normal 0.0 0.0 0.0
    outer loop
      vertex 0.04036738204955783 0.04639747305884776 0.014852122812289509
      vertex 0.04036553955077853 0.046399063787607525 0.01500000002862862
      vertex 0.038530273437497285 0.0453394744016212 0.01500000002862862
    endloop
  endfacet
  facet normal 0.0 0.0 0.0
    outer loop
      vertex 0.04036553955077853 0.046399063787607525 0.01500000002862862
      vertex 0.04036553955077853 0.046399063787607525 0.01699999990941933
      vertex 0.038530273437497285 0.0453394744016212 0.01500000002862862
    endloop
  endfacet
  facet normal 0.0 0.0 0.0
    outer loop
      vertex 0.038530273437497285 0.0453394744016212 0.01500000002862862
      vertex 0.04036553955077853 0.046399063787607525 0.01699999990941933
      vertex 0.038530273437497285 0.0453394744016212 0.01699999990941933
    endloop
  endfacet
  facet normal 0.0 0.0 0.0
    outer loop
      vertex 0.05853027343749727 0.010698458395151473 0.01500000002862862
      vertex 0.06036553955077852 0.011758049688486434 0.01500000002862862
      vertex 0.05852997970580782 0.010700096807627058 0.01487810757638863
    endloop
  endfacet
  facet normal 0.0 0.0 0.0
    outer loop
      vertex 0.05852997970580782 0.010700096807627058 0.01487810757638863
      vertex 0.06036458206176485 0.011763020239023543 0.014786463527697833
      vertex 0.05852909469604219 0.010705012045053816 0.014755400686282429
    endloop
  endfacet
  facet normal 0.0 0.0 0.0
    outer loop
      vertex 0.06036553955077852 0.011758049688486434 0.01500000002862862
      vertex 0.06036458206176485 0.011763020239023543 0.014786463527697833
      vertex 0.05852997970580782 0.010700096807627058 0.01487810757638863
    endloop
  endfacet
  facet normal 0.0 0.0 0.0
    outer loop
      vertex 0.05852909469604219 0.010705012045053816 0.014755400686282429
      vertex 0.0603617019653293 0.011777927122263289 0.014570773510951313
      vertex 0.058526279449460164 0.010720535955576278 0.014548878340739521
    endloop
  endfacet
  facet normal 0.0 0.0 0.0
    outer loop
      vertex 0.06036458206176485 0.011763020239023543 0.014786463527697833
      vertex 0.0603617019653293 0.011777927122263289 0.014570773510951313
      vertex 0.05852909469604219 0.010705012045053816 0.014755400686282429
    endloop
  endfacet
  facet normal 0.0 0.0 0.0
    outer loop
      vertex 0.058526279449460164 0.010720535955576278 0.014548878340739521
      vertex 0.060356876373288286 0.011802763662485458 0.014353747992533954
      vertex 0.05852178192138399 0.01074519892707286 0.014341224460620196
    endloop
  endfacet
  facet normal 0.0 0.0 0.0
    outer loop
      vertex 0.0603617019653293 0.011777927122263289 0.014570773510951313
      vertex 0.060356876373288286 0.011802763662485458 0.014353747992533954
      vertex 0.058526279449460164 0.010720535955576278 0.014548878340739521
    endloop
  endfacet
  facet normal 0.0 0.0 0.0
    outer loop
      vertex 0.058515579223630085 0.010778989515451766 0.014133155374545368
      vertex 0.06035008621215548 0.011837519369272567 0.014136205463427814
      vertex 0.058507659912106644 0.010821900091318466 0.013925387202519688
    endloop
  endfacet
  facet normal 0.0 0.0 0.0
    outer loop
      vertex 0.05852178192138399 0.01074519892707286 0.014341224460620196
      vertex 0.06035008621215548 0.011837519369272567 0.014136205463427814
      vertex 0.058515579223630085 0.010778989515451766 0.014133155374545368
    endloop
  endfacet
  facet normal 0.0 0.0 0.0
    outer loop
      vertex 0.060356876373288286 0.011802763662485458 0.014353747992533954
      vertex 0.06035008621215548 0.011837519369272567 0.014136205463427814
      vertex 0.05852178192138399 0.01074519892707286 0.014341224460620196
    endloop
  endfacet
  facet normal 0.0 0.0 0.0
    outer loop
      vertex 0.06035008621215548 0.011837519369272567 0.014136205463427814
      vertex 0.06034130477905 0.011882187566904403 0.013918964056987079
      vertex 0.058507659912106644 0.010821900091318466 0.013925387202519688
    endloop
  endfacet
  facet normal 0.0 0.0 0.0
    outer loop
      vertex 0.058507659912106644 0.010821900091318466 0.013925387202519688
      vertex 0.06034130477905 0.011882187566904403 0.013918964056987079
      vertex 0.05849799728393282 0.010873920164255476 0.013718636213559421
    endloop
  endfacet
  facet normal 0.0 0.0 0.0
    outer loop
      vertex 0.06034130477905 0.011882187566904403 0.013918964056987079
      vertex 0.06033051681518282 0.011936760625986434 0.013702842055577548
      vertex 0.05849799728393282 0.010873920164255476 0.013718636213559421
    endloop
  endfacet
  facet normal 0.0 0.0 0.0
    outer loop
      vertex 0.05849799728393282 0.010873920164255476 0.013718636213559421
      vertex 0.06033051681518282 0.011936760625986434 0.013702842055577548
      vertex 0.058486576080319534 0.010935040197519636 0.013513618572372706
    endloop
  endfacet
  facet normal 0.0 0.0 0.0
    outer loop
      vertex 0.06033051681518282 0.011936760625986434 0.013702842055577548
      vertex 0.060317699432370316 0.012001229963449812 0.013488657719213279
      vertex 0.058486576080319534 0.010935040197519636 0.013513618572372706
    endloop
  endfacet
  facet normal 0.0 0.0 0.0
    outer loop
      vertex 0.058486576080319534 0.010935040197519636 0.013513618572372706
      vertex 0.060317699432370316 0.012001229963449812 0.013488657719213279
      vertex 0.05847338104247774 0.011005250654367782 0.013311050495821746
    endloop
  endfacet
  facet normal 0.0 0.0 0.0
    outer loop
      vertex 0.060317699432370316 0.012001229963449812 0.013488657719213279
      vertex 0.06030282974242891 0.012075587949900006 0.013277229293007167
      vertex 0.05847338104247774 0.011005250654367782 0.013311050495821746
    endloop
  endfacet
  facet normal 0.0 0.0 0.0
    outer loop
      vertex 0.05847338104247774 0.011005250654367782 0.013311050495821746
      vertex 0.06030282974242891 0.012075587949900006 0.013277229293007167
      vertex 0.05845838546752657 0.01108454104438243 0.013111648170966418
    endloop
  endfacet
  facet normal 0.0 0.0 0.0
    outer loop
      vertex 0.06030282974242891 0.012075587949900006 0.013277229293007167
      vertex 0.060285892486569535 0.012159825048593854 0.013069374828357013
      vertex 0.05845838546752657 0.01108454104438243 0.013111648170966418
    endloop
  endfacet
  facet normal 0.0 0.0 0.0
    outer loop
      vertex 0.05845838546752657 0.01108454104438243 0.013111648170966418
      vertex 0.060285892486569535 0.012159825048593854 0.013069374828357013
      vertex 0.05844157409667696 0.011172810278086044 0.012916088311690601
    endloop
  endfacet
  facet normal 0.0 0.0 0.0
    outer loop
      vertex 0.060285892486569535 0.012159825048593854 0.013069374828357013
      vertex 0.060266860961911334 0.012253751478342388 0.012865834503192218
      vertex 0.05844157409667696 0.011172810278086044 0.012916088311690601
    endloop
  endfacet
  facet normal 0.0 0.0 0.0
    outer loop
      vertex 0.05844157409667696 0.011172810278086044 0.012916088311690601
      vertex 0.060266860961911334 0.012253751478342388 0.012865834503192218
      vertex 0.058422981262204306 0.011269563398508407 0.012724875240344317
    endloop
  endfacet
  facet normal 0.0 0.0 0.0
    outer loop
      vertex 0.060266860961911334 0.012253751478342388 0.012865834503192218
      vertex 0.060245811462399615 0.01235675498023448 0.012667161433715136
      vertex 0.058422981262204306 0.011269563398508407 0.012724875240344317
    endloop
  endfacet
  facet normal 0.0 0.0 0.0
    outer loop
      vertex 0.058422981262204306 0.011269563398508407 0.012724875240344317
      vertex 0.060245811462399615 0.01235675498023448 0.012667161433715136
      vertex 0.05840267944335665 0.011374209127573347 0.01253846791269234
    endloop
  endfacet
  facet normal 0.0 0.0 0.0
    outer loop
      vertex 0.060245811462399615 0.01235675498023448 0.012667161433715136
      vertex 0.06022283554076876 0.012468166074900006 0.0124738817501252
      vertex 0.05840267944335665 0.011374209127573347 0.01253846791269234
    endloop
  endfacet
  facet normal 0.0 0.0 0.0
    outer loop
      vertex 0.05840267944335665 0.011374209127573347 0.01253846791269234
      vertex 0.06022283554076876 0.012468166074900006 0.0124738817501252
      vertex 0.0583807563781711 0.011486154279856062 0.012357325105685504
    endloop
  endfacet
  facet normal 0.0 0.0 0.0
    outer loop
      vertex 0.06022283554076876 0.012468166074900006 0.0124738817501252
      vertex 0.06019803619384493 0.012587313375620222 0.012286521701831135
      vertex 0.0583807563781711 0.011486154279856062 0.012357325105685504
    endloop
  endfacet
  facet normal 0.0 0.0 0.0
    outer loop
      vertex 0.0583807563781711 0.011486154279856062 0.012357325105685504
      vertex 0.06019803619384493 0.012587313375620222 0.012286521701831135
      vertex 0.058357280731198446 0.011604808530954696 0.012181905536670002
    endloop
  endfacet
  facet normal 0.0 0.0 0.0
    outer loop
      vertex 0.06019803619384493 0.012587313375620222 0.012286521701831135
      vertex 0.06017150497436251 0.012713528356699323 0.012105607299823077
      vertex 0.058357280731198446 0.011604808530954696 0.012181905536670002
    endloop
  endfacet
  facet normal 0.0 0.0 0.0
    outer loop
      vertex 0.058357280731198446 0.011604808530954696 0.012181905536670002
      vertex 0.06017150497436251 0.012713528356699323 0.012105607299823077
      vertex 0.05833233642577852 0.01172957869544444 0.01201266828061989
    endloop
  endfacet
  facet normal 0.0 0.0 0.0
    outer loop
      vertex 0.06017150497436251 0.012713528356699323 0.012105607299823077
      vertex 0.06014334487914766 0.012846140585092878 0.011931664853114398
      vertex 0.05833233642577852 0.01172957869544444 0.01201266828061989
    endloop
  endfacet
  facet normal 0.0 0.0 0.0
    outer loop
      vertex 0.05833233642577852 0.01172957869544444 0.01201266828061989
      vertex 0.06014334487914766 0.012846140585092878 0.011931664853114398
      vertex 0.058305999755856645 0.011859874448923445 0.011850072054881367
    endloop
  endfacet
  facet normal 0.0 0.0 0.0
    outer loop
      vertex 0.06014334487914766 0.012846140585092878 0.011931664853114398
      vertex 0.06011364746093477 0.012984479627756451 0.011765220432299885
      vertex 0.058305999755856645 0.011859874448923445 0.011850072054881367
    endloop
  endfacet
  facet normal 0.0 0.0 0.0
    outer loop
      vertex 0.058305999755856645 0.011859874448923445 0.011850072054881367
      vertex 0.06011364746093477 0.012984479627756451 0.011765220432299885
      vertex 0.05827834701537813 0.011995101652292586 0.011694575696009906
    endloop
  endfacet
  facet normal 0.0 0.0 0.0
    outer loop
      vertex 0.06011364746093477 0.012984479627756451 0.011765220432299885
      vertex 0.06008251190185274 0.013127876958994245 0.011606800227183613
      vertex 0.05827834701537813 0.011995101652292586 0.011694575696009906
    endloop
  endfacet
  facet normal 0.0 0.0 0.0
    outer loop
      vertex 0.05827834701537813 0.011995101652292586 0.011694575696009906
      vertex 0.06008251190185274 0.013127876958994245 0.011606800227183613
      vertex 0.05824946212768282 0.012134669981150006 0.011546638040560992
    endloop
  endfacet
  facet normal 0.0 0.0 0.0
    outer loop
      vertex 0.05824946212768282 0.012134669981150006 0.011546638040560992
      vertex 0.060050003051755084 0.013275797567514753 0.011456793098468096
      vertex 0.058219242095944534 0.012278821668772076 0.011405881791133197
    endloop
  endfacet
  facet normal 0.0 0.0 0.0
    outer loop
      vertex 0.06008251190185274 0.013127876958994245 0.011606800227183613
      vertex 0.060050003051755084 0.013275797567514753 0.011456793098468096
      vertex 0.05824946212768282 0.012134669981150006 0.011546638040560992
    endloop
  endfacet
  facet normal 0.0 0.0 0.0
    outer loop
      vertex 0.058219242095944534 0.012278821668772076 0.011405881791133197
      vertex 0.060015544891354695 0.013430644712595318 0.01131266155721596
      vertex 0.058187129974362505 0.012430000028757429 0.011269780306834492
    endloop
  endfacet
  facet normal 0.0 0.0 0.0
    outer loop
      vertex 0.060050003051755084 0.013275797567514753 0.011456793098468096
      vertex 0.060015544891354695 0.013430644712595318 0.01131266155721596
      vertex 0.058219242095944534 0.012278821668772076 0.011405881791133197
    endloop
  endfacet
  facet normal 0.0 0.0 0.0
    outer loop
      vertex 0.060015544891354695 0.013430644712595318 0.01131266155721596
      vertex 0.059978923797604694 0.013593129835275983 0.0111736606645768
      vertex 0.058187129974362505 0.012430000028757429 0.011269780306834492
    endloop
  endfacet
  facet normal 0.0 0.0 0.0
    outer loop
      vertex 0.058187129974362505 0.012430000028757429 0.011269780306834492
      vertex 0.059978923797604694 0.013593129835275983 0.0111736606645768
      vertex 0.05815312194823946 0.012588006696848248 0.011138514666575701
    endloop
  endfacet
  facet normal 0.0 0.0 0.0
    outer loop
      vertex 0.05815312194823946 0.012588006696848248 0.011138514666575701
      vertex 0.05994021224975313 0.013762726507334089 0.011040303139704975
      vertex 0.05811727523803438 0.012752382955698346 0.011012528805751117
    endloop
  endfacet
  facet normal 0.0 0.0 0.0
    outer loop
      vertex 0.059978923797604694 0.013593129835275983 0.0111736606645768
      vertex 0.05994021224975313 0.013762726507334089 0.011040303139704975
      vertex 0.05815312194823946 0.012588006696848248 0.011138514666575701
    endloop
  endfacet
  facet normal 0.0 0.0 0.0
    outer loop
      vertex 0.05811727523803438 0.012752382955698346 0.011012528805751117
      vertex 0.05989947128295626 0.01393891306891856 0.010913102536219866
      vertex 0.05807963562011446 0.01292267294898448 0.010892266659755023
    endloop
  endfacet
  facet normal 0.0 0.0 0.0
    outer loop
      vertex 0.05994021224975313 0.013762726507334089 0.011040303139704975
      vertex 0.05989947128295626 0.01393891306891856 0.010913102536219866
      vertex 0.05811727523803438 0.012752382955698346 0.011012528805751117
    endloop
  endfacet
  facet normal 0.0 0.0 0.0
    outer loop
      vertex 0.05807963562011446 0.01292267294898448 0.010892266659755023
      vertex 0.05985676574706758 0.014121163091806745 0.010792571930903706
      vertex 0.05804025650024141 0.013098416052011824 0.010778172163981707
    endloop
  endfacet
  facet normal 0.0 0.0 0.0
    outer loop
      vertex 0.05989947128295626 0.01393891306891856 0.010913102536219866
      vertex 0.05985676574706758 0.014121163091806745 0.010792571930903706
      vertex 0.05807963562011446 0.01292267294898448 0.010892266659755023
    endloop
  endfacet
  facet normal 0.0 0.0 0.0
    outer loop
      vertex 0.05804025650024141 0.013098416052011824 0.010778172163981707
      vertex 0.05981216812133516 0.014308953008798931 0.010679224400538714
      vertex 0.05799918746947969 0.013279154501108502 0.010670689253825458
    endloop
  endfacet
  facet normal 0.0 0.0 0.0
    outer loop
      vertex 0.05985676574706758 0.014121163091806745 0.010792571930903706
      vertex 0.05981216812133516 0.014308953008798931 0.010679224400538714
      vertex 0.05804025650024141 0.013098416052011824 0.010778172163981707
    endloop
  endfacet
  facet normal 0.0 0.0 0.0
    outer loop
      vertex 0.05795648574828829 0.013464431486276959 0.010570262103099139
      vertex 0.059765743255612507 0.0145017582990211 0.010573573498744281
      vertex 0.05791219711303438 0.013653787336496685 0.010477334885615619
    endloop
  endfacet
  facet normal 0.0 0.0 0.0
    outer loop
      vertex 0.05799918746947969 0.013279154501108502 0.010670689253825458
      vertex 0.059765743255612507 0.0145017582990211 0.010573573498744281
      vertex 0.05795648574828829 0.013464431486276959 0.010570262103099139
    endloop
  endfacet
  facet normal 0.0 0.0 0.0
    outer loop
      vertex 0.05981216812133516 0.014308953008798931 0.010679224400538714
      vertex 0.059765743255612507 0.0145017582990211 0.010573573498744281
      vertex 0.05799918746947969 0.013279154501108502 0.010670689253825458
    endloop
  endfacet
  facet normal 0.0 0.0 0.0
    outer loop
      vertex 0.05791219711303438 0.013653787336496685 0.010477334885615619
      vertex 0.05971755218505587 0.014699055395273542 0.010476132063884052
      vertex 0.05786637115478243 0.013846764288095807 0.010392351059932026
    endloop
  endfacet
  facet normal 0.0 0.0 0.0
    outer loop
      vertex 0.059765743255612507 0.0145017582990211 0.010573573498744281
      vertex 0.05971755218505587 0.014699055395273542 0.010476132063884052
      vertex 0.05791219711303438 0.013653787336496685 0.010477334885615619
    endloop
  endfacet
  facet normal 0.0 0.0 0.0
    outer loop
      vertex 0.05786637115478243 0.013846764288095807 0.010392351059932026
      vertex 0.059667667388913284 0.014900319776682233 0.010387413172740253
      vertex 0.057813724517819534 0.014064836225656843 0.010307691006678851
    endloop
  endfacet
  facet normal 0.0 0.0 0.0
    outer loop
      vertex 0.05971755218505587 0.014699055395273542 0.010476132063884052
      vertex 0.059667667388913284 0.014900319776682233 0.010387413172740253
      vertex 0.05786637115478243 0.013846764288095807 0.010392351059932026
    endloop
  endfacet
  facet normal 0.0 0.0 0.0
    outer loop
      vertex 0.059667667388913284 0.014900319776682233 0.010387413172740253
      vertex 0.05961615371703829 0.01510498972907481 0.010307841448802264
      vertex 0.057813724517819534 0.014064836225656843 0.010307691006678851
    endloop
  endfacet
  facet normal 0.0 0.0 0.0
    outer loop
      vertex 0.057813724517819534 0.014064836225656843 0.010307691006678851
      vertex 0.059563159942624226 0.015312375745920514 0.010237478642482074
      vertex 0.057753284454342975 0.014310675344614361 0.010225768237132343
    endloop
  endfacet
  facet normal 0.0 0.0 0.0
    outer loop
      vertex 0.05961615371703829 0.01510498972907481 0.010307841448802264
      vertex 0.059563159942624226 0.015312375745920514 0.010237478642482074
      vertex 0.057813724517819534 0.014064836225656843 0.010307691006678851
    endloop
  endfacet
  facet normal 0.0 0.0 0.0
    outer loop
      vertex 0.059563159942624226 0.015312375745920514 0.010237478642482074
      vertex 0.059508876800534384 0.015521758756784772 0.010176294951457294
      vertex 0.057753284454342975 0.014310675344614361 0.010225768237132343
    endloop
  endfacet
  facet normal 0.0 0.0 0.0
    outer loop
      vertex 0.057753284454342975 0.014310675344614361 0.010225768237132343
      vertex 0.059508876800534384 0.015521758756784772 0.010176294951457294
      vertex 0.057691089630124225 0.014559098920969342 0.01015658178808144
    endloop
  endfacet
  facet normal 0.0 0.0 0.0
    outer loop
      vertex 0.059508876800534384 0.015521758756784772 0.010176294951457294
      vertex 0.059453491210934774 0.015732418737558696 0.010124260573405536
      vertex 0.057691089630124225 0.014559098920969342 0.01015658178808144
    endloop
  endfacet
  facet normal 0.0 0.0 0.0
    outer loop
      vertex 0.057691089630124225 0.014559098920969342 0.01015658178808144
      vertex 0.059453491210934774 0.015732418737558696 0.010124260573405536
      vertex 0.05762743377685274 0.014808928213266705 0.010100083260554584
    endloop
  endfacet
  facet normal 0.0 0.0 0.0
    outer loop
      vertex 0.059453491210934774 0.015732418737558696 0.010124260573405536
      vertex 0.059397190093991414 0.015943638525156355 0.010081345467585833
      vertex 0.05762743377685274 0.014808928213266705 0.010100083260554584
    endloop
  endfacet
  facet normal 0.0 0.0 0.0
    outer loop
      vertex 0.05762743377685274 0.014808928213266705 0.010100083260554584
      vertex 0.059397190093991414 0.015943638525156355 0.010081345467585833
      vertex 0.057562618255612506 0.015058984480051373 0.01005622425558022
    endloop
  endfacet
  facet normal 0.0 0.0 0.0
    outer loop
      vertex 0.059397190093991414 0.015943638525156355 0.010081345467585833
      vertex 0.05934016799926485 0.016154698095468854 0.010047520070094379
      vertex 0.057562618255612506 0.015058984480051373 0.01005622425558022
    endloop
  endfacet
  facet normal 0.0 0.0 0.0
    outer loop
      vertex 0.057562618255612506 0.015058984480051373 0.01005622425558022
      vertex 0.05934016799926485 0.016154698095468854 0.010047520070094379
      vertex 0.05749694061279024 0.01530808802619395 0.010024956374186786
    endloop
  endfacet
  facet normal 0.0 0.0 0.0
    outer loop
      vertex 0.05934016799926485 0.016154698095468854 0.010047520070094379
      vertex 0.059282608032223835 0.016364878378061627 0.010022754101771624
      vertex 0.05749694061279024 0.01530808802619395 0.010024956374186786
    endloop
  endfacet
  facet normal 0.0 0.0 0.0
    outer loop
      vertex 0.05749694061279024 0.01530808802619395 0.010024956374186786
      vertex 0.059282608032223835 0.016364878378061627 0.010022754101771624
      vertex 0.05743069839477266 0.015555060110239362 0.010006230978984149
    endloop
  endfacet
  facet normal 0.0 0.0 0.0
    outer loop
      vertex 0.059282608032223835 0.016364878378061627 0.010022754101771624
      vertex 0.05922470092773165 0.016573462209848736 0.010007017760295184
      vertex 0.05743069839477266 0.015555060110239362 0.010006230978984149
    endloop
  endfacet
  facet normal 0.0 0.0 0.0
    outer loop
      vertex 0.05922470092773165 0.016573462209848736 0.010007017760295184
      vertex 0.059188396453854694 0.016702753744272564 0.010001753239650043
      vertex 0.05743069839477266 0.015555060110239362 0.010006230978984149
    endloop
  endfacet
  facet normal 0.0 0.0 0.0
    outer loop
      vertex 0.05743069839477266 0.015555060110239362 0.010006230978984149
      vertex 0.059188396453854694 0.016702753744272564 0.010001753239650043
      vertex 0.05736418914794649 0.015798722944406842 0.00999999990941933
    endloop
  endfacet
  facet normal 0.0 0.0 0.0
    outer loop
      vertex 0.059188396453854694 0.016702753744272564 0.010001753239650043
      vertex 0.05915208053588594 0.016830961904672953 0.00999999990941933
      vertex 0.05736418914794649 0.015798722944406842 0.00999999990941933
    endloop
  endfacet
  facet normal 0.0 0.0 0.0
    outer loop
      vertex 0.06036553955077852 0.011758049688486434 0.01699999990941933
      vertex 0.06036553955077852 0.011758049688486434 0.01500000002862862
      vertex 0.05853027343749727 0.010698458395151473 0.01699999990941933
    endloop
  endfacet
  facet normal 0.0 0.0 0.0
    outer loop
      vertex 0.05853027343749727 0.010698458395151473 0.01699999990941933
      vertex 0.06036553955077852 0.011758049688486434 0.01500000002862862
      vertex 0.05853027343749727 0.010698458395151473 0.01500000002862862
    endloop
  endfacet
  facet normal 0.0 0.0 0.0
    outer loop
      vertex -0.059500000000002704 -7.468545450057743e-13 0.01699999990941933
      vertex -0.05943923568725856 -0.0026883247278648693 0.01699999990941933
      vertex -0.059500000000002704 -7.468545450057743e-13 1.478379090258386e-10
    endloop
  endfacet
  facet normal 0.0 0.0 0.0
    outer loop
      vertex -0.059500000000002704 -7.468545450057743e-13 1.478379090258386e-10
      vertex -0.05943923568725856 -0.0026883247278648693 0.01699999990941933
      vertex -0.059426036834719496 -0.0029658301256615003 1.478379090258386e-10
    endloop
  endfacet
  facet normal 0.0 0.0 0.0
    outer loop
      vertex -0.05943923568725856 -0.0026883247278648693 0.01699999990941933
      vertex -0.05925707244873317 -0.005371158876271852 0.01699999990941933
      vertex -0.059426036834719496 -0.0029658301256615003 1.478379090258386e-10
    endloop
  endfacet
  facet normal 0.0 0.0 0.0
    outer loop
      vertex -0.059426036834719496 -0.0029658301256615003 1.478379090258386e-10
      vertex -0.05925707244873317 -0.005371158876271852 0.01699999990941933
      vertex -0.059204330444338635 -0.00592428664192737 1.478379090258386e-10
    endloop
  endfacet
  facet normal 0.0 0.0 0.0
    outer loop
      vertex -0.05925707244873317 -0.005371158876271852 0.01699999990941933
      vertex -0.058953880310061296 -0.008043022432180053 0.01699999990941933
      vertex -0.059204330444338635 -0.00592428664192737 1.478379090258386e-10
    endloop
  endfacet
  facet normal 0.0 0.0 0.0
    outer loop
      vertex -0.059204330444338635 -0.00592428664192737 1.478379090258386e-10
      vertex -0.058953880310061296 -0.008043022432180053 0.01699999990941933
      vertex -0.058835433959963636 -0.008868014612050657 1.478379090258386e-10
    endloop
  endfacet
  facet normal 0.0 0.0 0.0
    outer loop
      vertex -0.058497997283938244 -0.010873920717092162 0.013718636213559421
      vertex -0.05848657608032497 -0.010935040750356322 0.013513618572372706
      vertex -0.058835433959963636 -0.008868014612050657 1.478379090258386e-10
    endloop
  endfacet
  facet normal 0.0 0.0 0.0
    outer loop
      vertex -0.058953880310061296 -0.008043022432180053 0.01699999990941933
      vertex -0.05850765991211208 -0.01082190064415515 0.013925387202519688
      vertex -0.058835433959963636 -0.008868014612050657 1.478379090258386e-10
    endloop
  endfacet
  facet normal 0.0 0.0 0.0
    outer loop
      vertex -0.058835433959963636 -0.008868014612050657 1.478379090258386e-10
      vertex -0.05850765991211208 -0.01082190064415515 0.013925387202519688
      vertex -0.058497997283938244 -0.010873920717092162 0.013718636213559421
    endloop
  endfacet
  facet normal 0.0 0.0 0.0
    outer loop
      vertex -0.05848657608032497 -0.010935040750356322 0.013513618572372706
      vertex -0.05847338104248317 -0.01100525025353015 0.013311050495821746
      vertex -0.058835433959963636 -0.008868014612050657 1.478379090258386e-10
    endloop
  endfacet
  facet normal 0.0 0.0 0.0
    outer loop
      vertex -0.058953880310061296 -0.008043022432180053 0.01699999990941933
      vertex -0.05851557922363551 -0.01077899006828845 0.014133155374545368
      vertex -0.05850765991211208 -0.01082190064415515 0.013925387202519688
    endloop
  endfacet
  facet normal 0.0 0.0 0.0
    outer loop
      vertex -0.05847338104248317 -0.01100525025353015 0.013311050495821746
      vertex -0.058458385467531994 -0.011084541597219114 0.013111648170966418
      vertex -0.058835433959963636 -0.008868014612050657 1.478379090258386e-10
    endloop
  endfacet
  facet normal 0.0 0.0 0.0
    outer loop
      vertex -0.058953880310061296 -0.008043022432180053 0.01699999990941933
      vertex -0.05852178192138942 -0.010745198526235228 0.014341224460620196
      vertex -0.05851557922363551 -0.01077899006828845 0.014133155374545368
    endloop
  endfacet
  facet normal 0.0 0.0 0.0
    outer loop
      vertex -0.058458385467531994 -0.011084541597219114 0.013111648170966418
      vertex -0.05844157409668239 -0.011172809877248412 0.012916088311690601
      vertex -0.058835433959963636 -0.008868014612050657 1.478379090258386e-10
    endloop
  endfacet
  facet normal 0.0 0.0 0.0
    outer loop
      vertex -0.058953880310061296 -0.008043022432180053 0.01699999990941933
      vertex -0.05852627944946559 -0.010720535554738645 0.014548878340739521
      vertex -0.05852178192138942 -0.010745198526235228 0.014341224460620196
    endloop
  endfacet
  facet normal 0.0 0.0 0.0
    outer loop
      vertex -0.05844157409668239 -0.011172809877248412 0.012916088311690601
      vertex -0.05842298126220973 -0.011269562997670774 0.012724875240344317
      vertex -0.058835433959963636 -0.008868014612050657 1.478379090258386e-10
    endloop
  endfacet
  facet normal 0.0 0.0 0.0
    outer loop
      vertex -0.058835433959963636 -0.008868014612050657 1.478379090258386e-10
      vertex -0.05842298126220973 -0.011269562997670774 0.012724875240344317
      vertex -0.05832026290893825 -0.011789695062490111 1.478379090258386e-10
    endloop
  endfacet
  facet normal 0.0 0.0 0.0
    outer loop
      vertex -0.058953880310061296 -0.008043022432180053 0.01699999990941933
      vertex -0.05852909469604762 -0.010705011644216184 0.014755400686282429
      vertex -0.05852627944946559 -0.010720535554738645 0.014548878340739521
    endloop
  endfacet
  facet normal 0.0 0.0 0.0
    outer loop
      vertex -0.058953880310061296 -0.008043022432180053 0.01699999990941933
      vertex -0.058529979705813244 -0.010700097360463744 0.01487810757638863
      vertex -0.05852909469604762 -0.010705011644216184 0.014755400686282429
    endloop
  endfacet
  facet normal 0.0 0.0 0.0
    outer loop
      vertex -0.05842298126220973 -0.011269562997670774 0.012724875240344317
      vertex -0.058402679443362075 -0.011374208726735717 0.01253846791269234
      vertex -0.05832026290893825 -0.011789695062490111 1.478379090258386e-10
    endloop
  endfacet
  facet normal 0.0 0.0 0.0
    outer loop
      vertex -0.058953880310061296 -0.008043022432180053 0.01699999990941933
      vertex -0.0585302734375027 -0.010698458947988158 0.01500000002862862
      vertex -0.058529979705813244 -0.010700097360463744 0.01487810757638863
    endloop
  endfacet
  facet normal 0.0 0.0 0.0
    outer loop
      vertex -0.058402679443362075 -0.011374208726735717 0.01253846791269234
      vertex -0.05838075637817653 -0.011486154832692748 0.012357325105685504
      vertex -0.05832026290893825 -0.011789695062490111 1.478379090258386e-10
    endloop
  endfacet
  facet normal 0.0 0.0 0.0
    outer loop
      vertex -0.05838075637817653 -0.011486154832692748 0.012357325105685504
      vertex -0.05835728073120387 -0.011604808130117064 0.012181905536670002
      vertex -0.05832026290893825 -0.011789695062490111 1.478379090258386e-10
    endloop
  endfacet
  facet normal 0.0 0.0 0.0
    outer loop
      vertex -0.05835728073120387 -0.011604808130117064 0.012181905536670002
      vertex -0.05833233642578395 -0.011729579248281127 0.01201266828061989
      vertex -0.05832026290893825 -0.011789695062490111 1.478379090258386e-10
    endloop
  endfacet
  facet normal 0.0 0.0 0.0
    outer loop
      vertex -0.05833233642578395 -0.011729579248281127 0.01201266828061989
      vertex -0.05830599975586208 -0.011859874048085814 0.011850072054881367
      vertex -0.05832026290893825 -0.011789695062490111 1.478379090258386e-10
    endloop
  endfacet
  facet normal 0.0 0.0 0.0
    outer loop
      vertex -0.05830599975586208 -0.011859874048085814 0.011850072054881367
      vertex -0.05827834701538356 -0.011995101251454955 0.011694575696009906
      vertex -0.05832026290893825 -0.011789695062490111 1.478379090258386e-10
    endloop
  endfacet
  facet normal 0.0 0.0 0.0
    outer loop
      vertex -0.05827834701538356 -0.011995101251454955 0.011694575696009906
      vertex -0.058249462127688244 -0.012134669580312375 0.011546638040560992
      vertex -0.05832026290893825 -0.011789695062490111 1.478379090258386e-10
    endloop
  endfacet
  facet normal 0.0 0.0 0.0
    outer loop
      vertex -0.058953880310061296 -0.008043022432180053 0.01699999990941933
      vertex -0.0585302734375027 -0.010698458947988158 0.01699999990941933
      vertex -0.0585302734375027 -0.010698458947988158 0.01500000002862862
    endloop
  endfacet
  facet normal 0.0 0.0 0.0
    outer loop
      vertex -0.058249462127688244 -0.012134669580312375 0.011546638040560992
      vertex -0.05821924209594997 -0.012278821267934444 0.011405881791133197
      vertex -0.05832026290893825 -0.011789695062490111 1.478379090258386e-10
    endloop
  endfacet
  facet normal 0.0 0.0 0.0
    outer loop
      vertex -0.05821924209594997 -0.012278821267934444 0.011405881791133197
      vertex -0.05818712997436794 -0.012429999627919797 0.011269780306834492
      vertex -0.05832026290893825 -0.011789695062490111 1.478379090258386e-10
    endloop
  endfacet
  facet normal 0.0 0.0 0.0
    outer loop
      vertex -0.05818712997436794 -0.012429999627919797 0.011269780306834492
      vertex -0.05815312194824489 -0.012588006296010618 0.011138514666575701
      vertex -0.05832026290893825 -0.011789695062490111 1.478379090258386e-10
    endloop
  endfacet
  facet normal 0.0 0.0 0.0
    outer loop
      vertex -0.05815312194824489 -0.012588006296010618 0.011138514666575701
      vertex -0.058117275238039806 -0.012752383508535031 0.011012528805751117
      vertex -0.05832026290893825 -0.011789695062490111 1.478379090258386e-10
    endloop
  endfacet
  facet normal 0.0 0.0 0.0
    outer loop
      vertex -0.058117275238039806 -0.012752383508535031 0.011012528805751117
      vertex -0.05807963562011989 -0.012922672548146847 0.010892266659755023
      vertex -0.05832026290893825 -0.011789695062490111 1.478379090258386e-10
    endloop
  endfacet
  facet normal 0.0 0.0 0.0
    outer loop
      vertex -0.05807963562011989 -0.012922672548146847 0.010892266659755023
      vertex -0.05804025650024684 -0.013098415651174191 0.010778172163981707
      vertex -0.05832026290893825 -0.011789695062490111 1.478379090258386e-10
    endloop
  endfacet
  facet normal 0.0 0.0 0.0
    outer loop
      vertex -0.05804025650024684 -0.013098415651174191 0.010778172163981707
      vertex -0.057999187469485125 -0.013279155053945188 0.010670689253825458
      vertex -0.05832026290893825 -0.011789695062490111 1.478379090258386e-10
    endloop
  endfacet
  facet normal 0.0 0.0 0.0
    outer loop
      vertex -0.057999187469485125 -0.013279155053945188 0.010670689253825458
      vertex -0.057956485748293714 -0.013464431085439328 0.010570262103099139
      vertex -0.05832026290893825 -0.011789695062490111 1.478379090258386e-10
    endloop
  endfacet
  facet normal 0.0 0.0 0.0
    outer loop
      vertex -0.05832026290893825 -0.011789695062490111 1.478379090258386e-10
      vertex -0.057956485748293714 -0.013464431085439328 0.010570262103099139
      vertex -0.057660099029543714 -0.014682065286489132 1.478379090258386e-10
    endloop
  endfacet
  facet normal 0.0 0.0 0.0
    outer loop
      vertex -0.057956485748293714 -0.013464431085439328 0.010570262103099139
      vertex -0.05791219711303981 -0.013653786935659055 0.010477334885615619
      vertex -0.057660099029543714 -0.014682065286489132 1.478379090258386e-10
    endloop
  endfacet
  facet normal 0.0 0.0 0.0
    outer loop
      vertex -0.05791219711303981 -0.013653786935659055 0.010477334885615619
      vertex -0.057866371154787856 -0.013846763887258175 0.010392351059932026
      vertex -0.057660099029543714 -0.014682065286489132 1.478379090258386e-10
    endloop
  endfacet
  facet normal 0.0 0.0 0.0
    outer loop
      vertex -0.057866371154787856 -0.013846763887258175 0.010392351059932026
      vertex -0.05781372451782497 -0.01406483582481921 0.010307691006678851
      vertex -0.057660099029543714 -0.014682065286489132 1.478379090258386e-10
    endloop
  endfacet
  facet normal 0.0 0.0 0.0
    outer loop
      vertex -0.05781372451782497 -0.01406483582481921 0.010307691006678851
      vertex -0.0577532844543484 -0.014310675897451046 0.010225768237132343
      vertex -0.057660099029543714 -0.014682065286489132 1.478379090258386e-10
    endloop
  endfacet
  facet normal 0.0 0.0 0.0
    outer loop
      vertex -0.0577532844543484 -0.014310675897451046 0.010225768237132343
      vertex -0.05769108963012965 -0.014559099473806026 0.01015658178808144
      vertex -0.057660099029543714 -0.014682065286489132 1.478379090258386e-10
    endloop
  endfacet
  facet normal 0.0 0.0 0.0
    outer loop
      vertex -0.05769108963012965 -0.014559099473806026 0.01015658178808144
      vertex -0.05762743377685817 -0.01480892876610339 0.010100083260554584
      vertex -0.057660099029543714 -0.014682065286489132 1.478379090258386e-10
    endloop
  endfacet
  facet normal 0.0 0.0 0.0
    outer loop
      vertex -0.05762743377685817 -0.01480892876610339 0.010100083260554584
      vertex -0.05756261825561793 -0.015058984079213742 0.01005622425558022
      vertex -0.057660099029543714 -0.014682065286489132 1.478379090258386e-10
    endloop
  endfacet
  facet normal 0.0 0.0 0.0
    outer loop
      vertex -0.05756261825561793 -0.015058984079213742 0.01005622425558022
      vertex -0.05749694061279567 -0.01530808762535632 0.010024956374186786
      vertex -0.057660099029543714 -0.014682065286489132 1.478379090258386e-10
    endloop
  endfacet
  facet normal 0.0 0.0 0.0
    outer loop
      vertex -0.05749694061279567 -0.01530808762535632 0.010024956374186786
      vertex -0.05743069839477809 -0.01555505970940173 0.010006230978984149
      vertex -0.057660099029543714 -0.014682065286489132 1.478379090258386e-10
    endloop
  endfacet
  facet normal 0.0 0.0 0.0
    outer loop
      vertex -0.05743069839477809 -0.01555505970940173 0.010006230978984149
      vertex -0.05736418914795192 -0.01579872254356921 0.00999999990941933
      vertex -0.057660099029543714 -0.014682065286489132 1.478379090258386e-10
    endloop
  endfacet
  facet normal 0.0 0.0 0.0
    outer loop
      vertex -0.057660099029543714 -0.014682065286489132 1.478379090258386e-10
      vertex -0.05736418914795192 -0.01579872254356921 0.00999999990941933
      vertex -0.056856582641604266 -0.01753793267235339 1.478379090258386e-10
    endloop
  endfacet
  facet normal 0.0 0.0 0.0
    outer loop
      vertex -0.05736418914795192 -0.01579872254356921 0.00999999990941933
      vertex -0.05657082366943629 -0.018438868799062376 0.00999999990941933
      vertex -0.056856582641604266 -0.01753793267235339 1.478379090258386e-10
    endloop
  endfacet
  facet normal 0.0 0.0 0.0
    outer loop
      vertex -0.056856582641604266 -0.01753793267235339 1.478379090258386e-10
      vertex -0.05657082366943629 -0.018438868799062376 0.00999999990941933
      vertex -0.055911712646487075 -0.020350198068471555 1.478379090258386e-10
    endloop
  endfacet
  facet normal 0.0 0.0 0.0
    outer loop
      vertex -0.055911712646487075 -0.020350198068471555 1.478379090258386e-10
      vertex -0.055656017303469495 -0.02103943184837878 0.00999999990941933
      vertex -0.054827835083010514 -0.023111871042104368 1.478379090258386e-10
    endloop
  endfacet
  facet normal 0.0 0.0 0.0
    outer loop
      vertex -0.05657082366943629 -0.018438868799062376 0.00999999990941933
      vertex -0.055656017303469495 -0.02103943184837878 0.00999999990941933
      vertex -0.055911712646487075 -0.020350198068471555 1.478379090258386e-10
    endloop
  endfacet
  facet normal 0.0 0.0 0.0
    outer loop
      vertex -0.055656017303469495 -0.02103943184837878 0.00999999990941933
      vertex -0.054621734619143325 -0.023594830789418823 0.00999999990941933
      vertex -0.054827835083010514 -0.023111871042104368 1.478379090258386e-10
    endloop
  endfacet
  facet normal 0.0 0.0 0.0
    outer loop
      vertex -0.054827835083010514 -0.023111871042104368 1.478379090258386e-10
      vertex -0.054621734619143325 -0.023594830789418823 0.00999999990941933
      vertex -0.053607646942141374 -0.025816083230825067 1.478379090258386e-10
    endloop
  endfacet
  facet normal 0.0 0.0 0.0
    outer loop
      vertex -0.054621734619143325 -0.023594830789418823 0.00999999990941933
      vertex -0.05347019577026637 -0.026099578180165887 0.00999999990941933
      vertex -0.053607646942141374 -0.025816083230825067 1.478379090258386e-10
    endloop
  endfacet
  facet normal 0.0 0.0 0.0
    outer loop
      vertex -0.053607646942141374 -0.025816083230825067 1.478379090258386e-10
      vertex -0.05347019577026637 -0.026099578180165887 0.00999999990941933
      vertex -0.052254184722903094 -0.028456111230702998 1.478379090258386e-10
    endloop
  endfacet
  facet normal 0.0 0.0 0.0
    outer loop
      vertex -0.05347019577026637 -0.026099578180165887 0.00999999990941933
      vertex -0.05220387649536403 -0.028548297204824092 0.00999999990941933
      vertex -0.052254184722903094 -0.028456111230702998 1.478379090258386e-10
    endloop
  endfacet
  facet normal 0.0 0.0 0.0
    outer loop
      vertex -0.05220387649536403 -0.028548297204824092 0.00999999990941933
      vertex -0.05082548904419215 -0.03093573311791003 0.00999999990941933
      vertex -0.052254184722903094 -0.028456111230702998 1.478379090258386e-10
    endloop
  endfacet
  facet normal 0.0 0.0 0.0
    outer loop
      vertex -0.052254184722903094 -0.028456111230702998 1.478379090258386e-10
      vertex -0.05082548904419215 -0.03093573311791003 0.00999999990941933
      vertex -0.05077080917358669 -0.03102539376244128 1.478379090258386e-10
    endloop
  endfacet
  facet normal 0.0 0.0 0.0
    outer loop
      vertex -0.05082548904419215 -0.03093573311791003 0.00999999990941933
      vertex -0.049337997436526136 -0.0332567589662987 0.00999999990941933
      vertex -0.05077080917358669 -0.03102539376244128 1.478379090258386e-10
    endloop
  endfacet
  facet normal 0.0 0.0 0.0
    outer loop
      vertex -0.05077080917358669 -0.03102539376244128 1.478379090258386e-10
      vertex -0.049337997436526136 -0.0332567589662987 0.00999999990941933
      vertex -0.04916120529175075 -0.03351754311546862 1.478379090258386e-10
    endloop
  endfacet
  facet normal 0.0 0.0 0.0
    outer loop
      vertex -0.04916120529175075 -0.03351754311546862 1.478379090258386e-10
      vertex -0.04774459075928005 -0.03550639657005846 0.00999999990941933
      vertex -0.047429382324221454 -0.03592636422142565 1.478379090258386e-10
    endloop
  endfacet
  facet normal 0.0 0.0 0.0
    outer loop
      vertex -0.049337997436526136 -0.0332567589662987 0.00999999990941933
      vertex -0.04774459075928005 -0.03550639657005846 0.00999999990941933
      vertex -0.04916120529175075 -0.03351754311546862 1.478379090258386e-10
    endloop
  endfacet
  facet normal 0.0 0.0 0.0
    outer loop
      vertex -0.047429382324221454 -0.03592636422142565 1.478379090258386e-10
      vertex -0.04604869079590115 -0.03767980889305651 0.00999999990941933
      vertex -0.04557964324951443 -0.03824586419090807 1.478379090258386e-10
    endloop
  endfacet
  facet normal 0.0 0.0 0.0
    outer loop
      vertex -0.04774459075928005 -0.03550639657005846 0.00999999990941933
      vertex -0.04604869079590115 -0.03767980889305651 0.00999999990941933
      vertex -0.047429382324221454 -0.03592636422142565 1.478379090258386e-10
    endloop
  endfacet
  facet normal 0.0 0.0 0.0
    outer loop
      vertex -0.04557964324951443 -0.03824586419090807 1.478379090258386e-10
      vertex -0.044253940582278106 -0.03977233818993151 0.00999999990941933
      vertex -0.04361658477783475 -0.040470279016347525 1.478379090258386e-10
    endloop
  endfacet
  facet normal 0.0 0.0 0.0
    outer loop
      vertex -0.04604869079590115 -0.03767980889305651 0.00999999990941933
      vertex -0.044253940582278106 -0.03977233818993151 0.00999999990941933
      vertex -0.04557964324951443 -0.03824586419090807 1.478379090258386e-10
    endloop
  endfacet
  facet normal 0.0 0.0 0.0
    outer loop
      vertex -0.04361658477783475 -0.040470279016347525 1.478379090258386e-10
      vertex -0.04236418914795193 -0.04177948311791003 0.00999999990941933
      vertex -0.0415450897216824 -0.04259407738670885 1.478379090258386e-10
    endloop
  endfacet
  facet normal 0.0 0.0 0.0
    outer loop
      vertex -0.044253940582278106 -0.03977233818993151 0.00999999990941933
      vertex -0.04236418914795193 -0.04177948311791003 0.00999999990941933
      vertex -0.04361658477783475 -0.040470279016347525 1.478379090258386e-10
    endloop
  endfacet
  facet normal 0.0 0.0 0.0
    outer loop
      vertex -0.04236418914795193 -0.04177948311791003 0.00999999990941933
      vertex -0.042260845184328884 -0.04188399437889635 0.010002121834773333
      vertex -0.0415450897216824 -0.04259407738670885 1.478379090258386e-10
    endloop
  endfacet
  facet normal 0.0 0.0 0.0
    outer loop
      vertex -0.042260845184328884 -0.04188399437889635 0.010002121834773333
      vertex -0.042156352996828884 -0.04198911217674792 0.010008493571299824
      vertex -0.0415450897216824 -0.04259407738670885 1.478379090258386e-10
    endloop
  endfacet
  facet normal 0.0 0.0 0.0
    outer loop
      vertex -0.042156352996828884 -0.04198911217674792 0.010008493571299824
      vertex -0.042003425598147244 -0.042141997613759634 0.010025264410990985
      vertex -0.0415450897216824 -0.04259407738670885 1.478379090258386e-10
    endloop
  endfacet
  facet normal 0.0 0.0 0.0
    outer loop
      vertex -0.042003425598147244 -0.042141997613759634 0.010025264410990985
      vertex -0.04184898757934842 -0.04229528740868151 0.010050989775676044
      vertex -0.0415450897216824 -0.04259407738670885 1.478379090258386e-10
    endloop
  endfacet
  facet normal 0.0 0.0 0.0
    outer loop
      vertex -0.04184898757934842 -0.04229528740868151 0.010050989775676044
      vertex -0.04169356155395779 -0.04244847039207995 0.01008569851400307
      vertex -0.0415450897216824 -0.04259407738670885 1.478379090258386e-10
    endloop
  endfacet
  facet normal 0.0 0.0 0.0
    outer loop
      vertex -0.04169356155395779 -0.04244847039207995 0.01008569851400307
      vertex -0.04153767395019803 -0.042601035394521355 0.010129419713038715
      vertex -0.0415450897216824 -0.04259407738670885 1.478379090258386e-10
    endloop
  endfacet
  facet normal 0.0 0.0 0.0
    outer loop
      vertex -0.04153767395019803 -0.042601035394521355 0.010129419713038715
      vertex -0.041381858825686305 -0.04275247124657214 0.010182182936686785
      vertex -0.0415450897216824 -0.04259407738670885 1.478379090258386e-10
    endloop
  endfacet
  facet normal 0.0 0.0 0.0
    outer loop
      vertex -0.041381858825686305 -0.04275247124657214 0.010182182936686785
      vertex -0.041226631164553496 -0.0429022667787987 0.010244017033595355
      vertex -0.0415450897216824 -0.04259407738670885 1.478379090258386e-10
    endloop
  endfacet
  facet normal 0.0 0.0 0.0
    outer loop
      vertex -0.041226631164553496 -0.0429022667787987 0.010244017033595355
      vertex -0.04107252120971951 -0.04304991082176745 0.010314951567668231
      vertex -0.0415450897216824 -0.04259407738670885 1.478379090258386e-10
    endloop
  endfacet
  facet normal 0.0 0.0 0.0
    outer loop
      vertex -0.04107252120971951 -0.04304991082176745 0.010314951567668231
      vertex -0.04092005920410428 -0.04319489220604479 0.010395015149134906
      vertex -0.0415450897216824 -0.04259407738670885 1.478379090258386e-10
    endloop
  endfacet
  facet normal 0.0 0.0 0.0
    outer loop
      vertex -0.04092005920410428 -0.04319489220604479 0.010395015149134906
      vertex -0.04076976013183865 -0.04333676079735339 0.010484122424144062
      vertex -0.0415450897216824 -0.04259407738670885 1.478379090258386e-10
    endloop
  endfacet
  facet normal 0.0 0.0 0.0
    outer loop
      vertex -0.0415450897216824 -0.04259407738670885 1.478379090258386e-10
      vertex -0.04062206649780545 -0.04347519234642565 0.010581836133021626
      vertex -0.039370307922365996 -0.04461197976097643 1.478379090258386e-10
    endloop
  endfacet
  facet normal 0.0 0.0 0.0
    outer loop
      vertex -0.04076976013183865 -0.04333676079735339 0.010484122424144062
      vertex -0.04062206649780545 -0.04347519234642565 0.010581836133021626
      vertex -0.0415450897216824 -0.04259407738670885 1.478379090258386e-10
    endloop
  endfacet
  facet normal 0.0 0.0 0.0
    outer loop
      vertex -0.04062206649780545 -0.04347519234642565 0.010581836133021626
      vertex -0.040477405548098415 -0.043609874048085806 0.010687652258891376
      vertex -0.039370307922365996 -0.04461197976097643 1.478379090258386e-10
    endloop
  endfacet
  facet normal 0.0 0.0 0.0
    outer loop
      vertex -0.040477405548098415 -0.043609874048085806 0.010687652258891376
      vertex -0.04033619308471951 -0.04374049691185534 0.010801067023295672
      vertex -0.039370307922365996 -0.04461197976097643 1.478379090258386e-10
    endloop
  endfacet
  facet normal 0.0 0.0 0.0
    outer loop
      vertex -0.04033619308471951 -0.04374049691185534 0.010801067023295672
      vertex -0.040198852539065216 -0.04386675194725573 0.010921576409358294
      vertex -0.039370307922365996 -0.04461197976097643 1.478379090258386e-10
    endloop
  endfacet
  facet normal 0.0 0.0 0.0
    outer loop
      vertex -0.040198852539065216 -0.04386675194725573 0.010921576409358294
      vertex -0.04006580734253201 -0.0439883263491112 0.011048676400203022
      vertex -0.039370307922365996 -0.04461197976097643 1.478379090258386e-10
    endloop
  endfacet
  facet normal 0.0 0.0 0.0
    outer loop
      vertex -0.04006580734253201 -0.0439883263491112 0.011048676400203022
      vertex -0.039937473297121856 -0.044104907312245964 0.01118186345579079
      vertex -0.039370307922365996 -0.04461197976097643 1.478379090258386e-10
    endloop
  endfacet
  facet normal 0.0 0.0 0.0
    outer loop
      vertex -0.039937473297121856 -0.044104907312245964 0.01118186345579079
      vertex -0.039814277648928496 -0.04421618966087878 0.011320633320826801
      vertex -0.039370307922365996 -0.04461197976097643 1.478379090258386e-10
    endloop
  endfacet
  facet normal 0.0 0.0 0.0
    outer loop
      vertex -0.039814277648928496 -0.04421618966087878 0.011320633320826801
      vertex -0.03969663619995389 -0.04432185677513659 0.011464482336062702
      vertex -0.039370307922365996 -0.04461197976097643 1.478379090258386e-10
    endloop
  endfacet
  facet normal 0.0 0.0 0.0
    outer loop
      vertex -0.03969663619995389 -0.04432185677513659 0.011464482336062702
      vertex -0.03958393859863553 -0.044422530450673695 0.011614286570567402
      vertex -0.039370307922365996 -0.04461197976097643 1.478379090258386e-10
    endloop
  endfacet
  facet normal 0.0 0.0 0.0
    outer loop
      vertex -0.03958393859863553 -0.044422530450673695 0.011614286570567402
      vertex -0.03947445678711209 -0.0445198204897362 0.011772484450358662
      vertex -0.039370307922365996 -0.04461197976097643 1.478379090258386e-10
    endloop
  endfacet
  facet normal 0.0 0.0 0.0
    outer loop
      vertex -0.03947445678711209 -0.0445198204897362 0.011772484450358662
      vertex -0.03936865234375271 -0.04461338356957018 0.011938653378505023
      vertex -0.039370307922365996 -0.04461197976097643 1.478379090258386e-10
    endloop
  endfacet
  facet normal 0.0 0.0 0.0
    outer loop
      vertex -0.03936865234375271 -0.04461338356957018 0.011938653378505023
      vertex -0.03926706695556912 -0.044702811517568226 0.01211227276803902
      vertex -0.039370307922365996 -0.04461197976097643 1.478379090258386e-10
    endloop
  endfacet
  facet normal 0.0 0.0 0.0
    outer loop
      vertex -0.03926706695556912 -0.044702811517568226 0.01211227276803902
      vertex -0.039170234680178495 -0.044787684717031116 0.012292821674365314
      vertex -0.039370307922365996 -0.04461197976097643 1.478379090258386e-10
    endloop
  endfacet
  facet normal 0.0 0.0 0.0
    outer loop
      vertex -0.039170234680178495 -0.044787684717031116 0.012292821674365314
      vertex -0.039078693389895294 -0.04486759499535143 0.012479779629725726
      vertex -0.039370307922365996 -0.04461197976097643 1.478379090258386e-10
    endloop
  endfacet
  facet normal 0.0 0.0 0.0
    outer loop
      vertex -0.039370307922365996 -0.04461197976097643 1.478379090258386e-10
      vertex -0.03899298095703396 -0.04494212655052721 0.012672625629920276
      vertex -0.03709764480591092 -0.04651897362694323 1.478379090258386e-10
    endloop
  endfacet
  facet normal 0.0 0.0 0.0
    outer loop
      vertex -0.039078693389895294 -0.04486759499535143 0.012479779629725726
      vertex -0.03899298095703396 -0.04494212655052721 0.012672625629920276
      vertex -0.039370307922365996 -0.04461197976097643 1.478379090258386e-10
    endloop
  endfacet
  facet normal 0.0 0.0 0.0
    outer loop
      vertex -0.03899298095703396 -0.04494212655052721 0.012672625629920276
      vertex -0.0389136314392117 -0.04501086739525378 0.01287083902837685
      vertex -0.03709764480591092 -0.04651897362694323 1.478379090258386e-10
    endloop
  endfacet
  facet normal 0.0 0.0 0.0
    outer loop
      vertex -0.0389136314392117 -0.04501086739525378 0.01287083902837685
      vertex -0.03884119033813748 -0.045073405542226434 0.013073899089116367
      vertex -0.03709764480591092 -0.04651897362694323 1.478379090258386e-10
    endloop
  endfacet
  facet normal 0.0 0.0 0.0
    outer loop
      vertex -0.03884119033813748 -0.045073405542226434 0.013073899089116367
      vertex -0.03877614974975857 -0.04512938622459948 0.01328125665964535
      vertex -0.03709764480591092 -0.04651897362694323 1.478379090258386e-10
    endloop
  endfacet
  facet normal 0.0 0.0 0.0
    outer loop
      vertex -0.03877614974975857 -0.04512938622459948 0.01328125665964535
      vertex -0.0387186851501492 -0.045178729333730336 0.013492174169737609
      vertex -0.03709764480591092 -0.04651897362694323 1.478379090258386e-10
    endloop
  endfacet
  facet normal 0.0 0.0 0.0
    outer loop
      vertex -0.0387186851501492 -0.045178729333730336 0.013492174169737609
      vertex -0.03866881942749295 -0.04522145394310534 0.01370583891751221
      vertex -0.03709764480591092 -0.04651897362694323 1.478379090258386e-10
    endloop
  endfacet
  facet normal 0.0 0.0 0.0
    outer loop
      vertex -0.03866881942749295 -0.04522145394310534 0.01370583891751221
      vertex -0.03862657165527615 -0.04525757149681628 0.013921438037175448
      vertex -0.03709764480591092 -0.04651897362694323 1.478379090258386e-10
    endloop
  endfacet
  facet normal 0.0 0.0 0.0
    outer loop
      vertex -0.0385457229614285 -0.04532639626488268 0.01457171335699013
      vertex -0.036442401885989045 -0.04703404549583971 0.01699999990941933
      vertex -0.038565002441408966 -0.04531002739891588 0.014355188100356372
    endloop
  endfacet
  facet normal 0.0 0.0 0.0
    outer loop
      vertex -0.038565002441408966 -0.04531002739891588 0.014355188100356372
      vertex -0.036442401885989045 -0.04703404549583971 0.01699999990941933
      vertex -0.03859195709228787 -0.04528708962425768 0.014138158707637103
    endloop
  endfacet
  facet normal 0.0 0.0 0.0
    outer loop
      vertex -0.03859195709228787 -0.04528708962425768 0.014138158707637103
      vertex -0.036442401885989045 -0.04703404549583971 0.01699999990941933
      vertex -0.03862657165527615 -0.04525757149681628 0.013921438037175448
    endloop
  endfacet
  facet normal 0.0 0.0 0.0
    outer loop
      vertex -0.03709764480591092 -0.04651897362694323 1.478379090258386e-10
      vertex -0.036442401885989045 -0.04703404549583971 0.01699999990941933
      vertex -0.03473274993896756 -0.048310309686513536 1.478379090258386e-10
    endloop
  endfacet
  facet normal 0.0 0.0 0.0
    outer loop
      vertex -0.03862657165527615 -0.04525757149681628 0.013921438037175448
      vertex -0.036442401885989045 -0.04703404549583971 0.01699999990941933
      vertex -0.03709764480591092 -0.04651897362694323 1.478379090258386e-10
    endloop
  endfacet
  facet normal 0.0 0.0 0.0
    outer loop
      vertex -0.03853027343750271 -0.045339473047109245 0.01699999990941933
      vertex -0.036442401885989045 -0.04703404549583971 0.01699999990941933
      vertex -0.03853027343750271 -0.045339473047109245 0.01500000002862862
    endloop
  endfacet
  facet normal 0.0 0.0 0.0
    outer loop
      vertex -0.03853027343750271 -0.045339473047109245 0.01500000002862862
      vertex -0.036442401885989045 -0.04703404549583971 0.01699999990941933
      vertex -0.03853413772583279 -0.04533620766624987 0.014786921529788288
    endloop
  endfacet
  facet normal 0.0 0.0 0.0
    outer loop
      vertex -0.03853413772583279 -0.04533620766624987 0.014786921529788288
      vertex -0.036442401885989045 -0.04703404549583971 0.01699999990941933
      vertex -0.0385457229614285 -0.04532639626488268 0.01457171335699013
    endloop
  endfacet
  facet normal 0.0 0.0 0.0
    outer loop
      vertex -0.03473274993896756 -0.048310309686513536 1.478379090258386e-10
      vertex -0.034280097961428495 -0.04863255242332994 0.01699999990941933
      vertex -0.032281501770022245 -0.04998154381737291 1.478379090258386e-10
    endloop
  endfacet
  facet normal 0.0 0.0 0.0
    outer loop
      vertex -0.036442401885989045 -0.04703404549583971 0.01699999990941933
      vertex -0.034280097961428495 -0.04863255242332994 0.01699999990941933
      vertex -0.03473274993896756 -0.048310309686513536 1.478379090258386e-10
    endloop
  endfacet
  facet normal 0.0 0.0 0.0
    outer loop
      vertex -0.032281501770022245 -0.04998154381737291 1.478379090258386e-10
      vertex -0.0320477752685574 -0.05013172844872057 0.01699999990941933
      vertex -0.029750000000002712 -0.05152851037010729 1.478379090258386e-10
    endloop
  endfacet
  facet normal 0.0 0.0 0.0
    outer loop
      vertex -0.034280097961428495 -0.04863255242332994 0.01699999990941933
      vertex -0.0320477752685574 -0.05013172844872057 0.01699999990941933
      vertex -0.032281501770022245 -0.04998154381737291 1.478379090258386e-10
    endloop
  endfacet
  facet normal 0.0 0.0 0.0
    outer loop
      vertex -0.0320477752685574 -0.05013172844872057 0.01699999990941933
      vertex -0.029750000000002712 -0.05152851037010729 0.01699999990941933
      vertex -0.029750000000002712 -0.05152851037010729 1.478379090258386e-10
    endloop
  endfacet
  facet normal 0.0 0.0 0.0
    outer loop
      vertex -0.029750000000002712 -0.05152851037010729 1.478379090258386e-10
      vertex -0.027391460418703883 -0.05282005242332995 0.01699999990941933
      vertex -0.027144535064699975 -0.05294737175926745 1.478379090258386e-10
    endloop
  endfacet
  facet normal 0.0 0.0 0.0
    outer loop
      vertex -0.029750000000002712 -0.05152851037010729 0.01699999990941933
      vertex -0.027391460418703883 -0.05282005242332995 0.01699999990941933
      vertex -0.029750000000002712 -0.05152851037010729 1.478379090258386e-10
    endloop
  endfacet
  facet normal 0.0 0.0 0.0
    outer loop
      vertex -0.027144535064699975 -0.05294737175926745 1.478379090258386e-10
      vertex -0.02497697639465603 -0.054003711023183465 0.01699999990941933
      vertex -0.024471582412722438 -0.05423459938988268 1.478379090258386e-10
    endloop
  endfacet
  facet normal 0.0 0.0 0.0
    outer loop
      vertex -0.027391460418703883 -0.05282005242332995 0.01699999990941933
      vertex -0.02497697639465603 -0.054003711023183465 0.01699999990941933
      vertex -0.027144535064699975 -0.05294737175926745 1.478379090258386e-10
    endloop
  endfacet
  facet normal 0.0 0.0 0.0
    outer loop
      vertex -0.024471582412722438 -0.05423459938988268 1.478379090258386e-10
      vertex -0.022511476516726348 -0.05507706765160143 0.01699999990941933
      vertex -0.021737791061404083 -0.05538698891624987 1.478379090258386e-10
    endloop
  endfacet
  facet normal 0.0 0.0 0.0
    outer loop
      vertex -0.02497697639465603 -0.054003711023183465 0.01699999990941933
      vertex -0.022511476516726348 -0.05507706765160143 0.01699999990941933
      vertex -0.024471582412722438 -0.05423459938988268 1.478379090258386e-10
    endloop
  endfacet
  facet normal 0.0 0.0 0.0
    outer loop
      vertex -0.019831907272341583 -0.056097712793203 0.013718636213559421
      vertex -0.01977326583862576 -0.05611838082298815 0.013513618572372706
      vertex -0.021737791061404083 -0.05538698891624987 1.478379090258386e-10
    endloop
  endfacet
  facet normal 0.0 0.0 0.0
    outer loop
      vertex -0.022511476516726348 -0.05507706765160143 0.01699999990941933
      vertex -0.019881788253786895 -0.05608006981834948 0.013925387202519688
      vertex -0.021737791061404083 -0.05538698891624987 1.478379090258386e-10
    endloop
  endfacet
  facet normal 0.0 0.0 0.0
    outer loop
      vertex -0.021737791061404083 -0.05538698891624987 1.478379090258386e-10
      vertex -0.019881788253786895 -0.05608006981834948 0.013925387202519688
      vertex -0.019831907272341583 -0.056097712793203 0.013718636213559421
    endloop
  endfacet
  facet normal 0.0 0.0 0.0
    outer loop
      vertex -0.01977326583862576 -0.05611838082298815 0.013513618572372706
      vertex -0.019705863952639433 -0.05614205864891589 0.013311050495821746
      vertex -0.021737791061404083 -0.05538698891624987 1.478379090258386e-10
    endloop
  endfacet
  facet normal 0.0 0.0 0.0
    outer loop
      vertex -0.022511476516726348 -0.05507706765160143 0.01699999990941933
      vertex -0.019922910690310332 -0.0560654747866112 0.014133155374545368
      vertex -0.019881788253786895 -0.05608006981834948 0.013925387202519688
    endloop
  endfacet
  facet normal 0.0 0.0 0.0
    outer loop
      vertex -0.019705863952639433 -0.05614205864891589 0.013311050495821746
      vertex -0.019629699707033963 -0.05616871956810534 0.013111648170966418
      vertex -0.021737791061404083 -0.05538698891624987 1.478379090258386e-10
    endloop
  endfacet
  facet normal 0.0 0.0 0.0
    outer loop
      vertex -0.022511476516726348 -0.05507706765160143 0.01699999990941933
      vertex -0.019955274581911896 -0.05605394677147448 0.014341224460620196
      vertex -0.019922910690310332 -0.0560654747866112 0.014133155374545368
    endloop
  endfacet
  facet normal 0.0 0.0 0.0
    outer loop
      vertex -0.019629699707033963 -0.05616871956810534 0.013111648170966418
      vertex -0.019544849395754668 -0.056198294916005725 0.012916088311690601
      vertex -0.021737791061404083 -0.05538698891624987 1.478379090258386e-10
    endloop
  endfacet
  facet normal 0.0 0.0 0.0
    outer loop
      vertex -0.022511476516726348 -0.05507706765160143 0.01699999990941933
      vertex -0.019978883743288847 -0.05604551247582018 0.014548878340739521
      vertex -0.019955274581911896 -0.05605394677147448 0.014341224460620196
    endloop
  endfacet
  facet normal 0.0 0.0 0.0
    outer loop
      vertex -0.021737791061404083 -0.05538698891624987 1.478379090258386e-10
      vertex -0.019451761245730254 -0.05623056725487292 0.012724875240344317
      vertex -0.01894995498657498 -0.056401675500722524 1.478379090258386e-10
    endloop
  endfacet
  facet normal 0.0 0.0 0.0
    outer loop
      vertex -0.019544849395754668 -0.056198294916005725 0.012916088311690601
      vertex -0.019451761245730254 -0.05623056725487292 0.012724875240344317
      vertex -0.021737791061404083 -0.05538698891624987 1.478379090258386e-10
    endloop
  endfacet
  facet normal 0.0 0.0 0.0
    outer loop
      vertex -0.022511476516726348 -0.05507706765160143 0.01699999990941933
      vertex -0.019993734359743925 -0.05604018715843737 0.014755400686282429
      vertex -0.019978883743288847 -0.05604551247582018 0.014548878340739521
    endloop
  endfacet
  facet normal 0.0 0.0 0.0
    outer loop
      vertex -0.022511476516726348 -0.05507706765160143 0.01699999990941933
      vertex -0.019998434066775175 -0.056038497247548696 0.01487810757638863
      vertex -0.019993734359743925 -0.05604018715843737 0.014755400686282429
    endloop
  endfacet
  facet normal 0.0 0.0 0.0
    outer loop
      vertex -0.019451761245730254 -0.05623056725487292 0.012724875240344317
      vertex -0.019350986480715603 -0.05626530770287096 0.01253846791269234
      vertex -0.01894995498657498 -0.056401675500722524 1.478379090258386e-10
    endloop
  endfacet
  facet normal 0.0 0.0 0.0
    outer loop
      vertex -0.022511476516726348 -0.05507706765160143 0.01699999990941933
      vertex -0.020000000000002714 -0.05603793267235339 0.01500000002862862
      vertex -0.019998434066775175 -0.056038497247548696 0.01487810757638863
    endloop
  endfacet
  facet normal 0.0 0.0 0.0
    outer loop
      vertex -0.019350986480715603 -0.05626530770287096 0.01253846791269234
      vertex -0.019243076324465605 -0.05630229500755846 0.012357325105685504
      vertex -0.01894995498657498 -0.056401675500722524 1.478379090258386e-10
    endloop
  endfacet
  facet normal 0.0 0.0 0.0
    outer loop
      vertex -0.019243076324465605 -0.05630229500755846 0.012357325105685504
      vertex -0.019128582000735136 -0.05634129265770495 0.012181905536670002
      vertex -0.01894995498657498 -0.056401675500722524 1.478379090258386e-10
    endloop
  endfacet
  facet normal 0.0 0.0 0.0
    outer loop
      vertex -0.019128582000735136 -0.05634129265770495 0.012181905536670002
      vertex -0.01900805473327908 -0.05638207558617175 0.01201266828061989
      vertex -0.01894995498657498 -0.056401675500722524 1.478379090258386e-10
    endloop
  endfacet
  facet normal 0.0 0.0 0.0
    outer loop
      vertex -0.01900805473327908 -0.05638207558617175 0.01201266828061989
      vertex -0.018882047653200958 -0.05642441109642565 0.011850072054881367
      vertex -0.01894995498657498 -0.056401675500722524 1.478379090258386e-10
    endloop
  endfacet
  facet normal 0.0 0.0 0.0
    outer loop
      vertex -0.018882047653200958 -0.05642441109642565 0.011850072054881367
      vertex -0.01875111007690701 -0.05646808175072253 0.011694575696009906
      vertex -0.01894995498657498 -0.056401675500722524 1.478379090258386e-10
    endloop
  endfacet
  facet normal 0.0 0.0 0.0
    outer loop
      vertex -0.01875111007690701 -0.05646808175072253 0.011694575696009906
      vertex -0.018615798950198027 -0.056512847223134634 0.011546638040560992
      vertex -0.01894995498657498 -0.056401675500722524 1.478379090258386e-10
    endloop
  endfacet
  facet normal 0.0 0.0 0.0
    outer loop
      vertex -0.022511476516726348 -0.05507706765160143 0.01699999990941933
      vertex -0.020000000000002714 -0.05603793267235339 0.01699999990941933
      vertex -0.020000000000002714 -0.05603793267235339 0.01500000002862862
    endloop
  endfacet
  facet normal 0.0 0.0 0.0
    outer loop
      vertex -0.018615798950198027 -0.056512847223134634 0.011546638040560992
      vertex -0.018475849151614043 -0.056558753290029164 0.011405881791133197
      vertex -0.01894995498657498 -0.056401675500722524 1.478379090258386e-10
    endloop
  endfacet
  facet normal 0.0 0.0 0.0
    outer loop
      vertex -0.018475849151614043 -0.056558753290029164 0.011405881791133197
      vertex -0.01832886886596951 -0.05660653237328112 0.011269780306834492
      vertex -0.01894995498657498 -0.056401675500722524 1.478379090258386e-10
    endloop
  endfacet
  facet normal 0.0 0.0 0.0
    outer loop
      vertex -0.01832886886596951 -0.05660653237328112 0.011269780306834492
      vertex -0.018175027847292753 -0.05665608529076159 0.011138514666575701
      vertex -0.01894995498657498 -0.056401675500722524 1.478379090258386e-10
    endloop
  endfacet
  facet normal 0.0 0.0 0.0
    outer loop
      vertex -0.018175027847292753 -0.05665608529076159 0.011138514666575701
      vertex -0.018014749526980255 -0.05670722893700182 0.011012528805751117
      vertex -0.01894995498657498 -0.056401675500722524 1.478379090258386e-10
    endloop
  endfacet
  facet normal 0.0 0.0 0.0
    outer loop
      vertex -0.018014749526980255 -0.05670722893700182 0.011012528805751117
      vertex -0.01784845542907986 -0.056759776391835805 0.010892266659755023
      vertex -0.01894995498657498 -0.056401675500722524 1.478379090258386e-10
    endloop
  endfacet
  facet normal 0.0 0.0 0.0
    outer loop
      vertex -0.01784845542907986 -0.056759776391835805 0.010892266659755023
      vertex -0.017676567077639434 -0.056813544549794794 0.010778172163981707
      vertex -0.01894995498657498 -0.056401675500722524 1.478379090258386e-10
    endloop
  endfacet
  facet normal 0.0 0.0 0.0
    outer loop
      vertex -0.017676567077639434 -0.056813544549794794 0.010778172163981707
      vertex -0.017499509811404083 -0.05686834649071276 0.010670689253825458
      vertex -0.01894995498657498 -0.056401675500722524 1.478379090258386e-10
    endloop
  endfacet
  facet normal 0.0 0.0 0.0
    outer loop
      vertex -0.01894995498657498 -0.056401675500722524 1.478379090258386e-10
      vertex -0.017317703247073025 -0.05692400292381823 0.010570262103099139
      vertex -0.016115007400515413 -0.05727614144310534 1.478379090258386e-10
    endloop
  endfacet
  facet normal 0.0 0.0 0.0
    outer loop
      vertex -0.017499509811404083 -0.05686834649071276 0.010670689253825458
      vertex -0.017317703247073025 -0.05692400292381823 0.010570262103099139
      vertex -0.01894995498657498 -0.056401675500722524 1.478379090258386e-10
    endloop
  endfacet
  facet normal 0.0 0.0 0.0
    outer loop
      vertex -0.017317703247073025 -0.05692400292381823 0.010570262103099139
      vertex -0.017131570816042753 -0.05698032692894518 0.010477334885615619
      vertex -0.016115007400515413 -0.05727614144310534 1.478379090258386e-10
    endloop
  endfacet
  facet normal 0.0 0.0 0.0
    outer loop
      vertex -0.017131570816042753 -0.05698032692894518 0.010477334885615619
      vertex -0.016941535949709745 -0.0570371315859276 0.010392351059932026
      vertex -0.016115007400515413 -0.05727614144310534 1.478379090258386e-10
    endloop
  endfacet
  facet normal 0.0 0.0 0.0
    outer loop
      vertex -0.016941535949709745 -0.0570371315859276 0.010392351059932026
      vertex -0.01672635650635037 -0.05710057381615221 0.010307691006678851
      vertex -0.016115007400515413 -0.05727614144310534 1.478379090258386e-10
    endloop
  endfacet
  facet normal 0.0 0.0 0.0
    outer loop
      vertex -0.01672635650635037 -0.05710057381615221 0.010307691006678851
      vertex -0.016483234405520294 -0.05717114953026354 0.010225768237132343
      vertex -0.016115007400515413 -0.05727614144310534 1.478379090258386e-10
    endloop
  endfacet
  facet normal 0.0 0.0 0.0
    outer loop
      vertex -0.016483234405520294 -0.05717114953026354 0.010225768237132343
      vertex -0.016236993789675566 -0.05724149636253893 0.01015658178808144
      vertex -0.016115007400515413 -0.05727614144310534 1.478379090258386e-10
    endloop
  endfacet
  facet normal 0.0 0.0 0.0
    outer loop
      vertex -0.016236993789675566 -0.05724149636253893 0.01015658178808144
      vertex -0.01598880863189969 -0.05731128624901354 0.010100083260554584
      vertex -0.016115007400515413 -0.05727614144310534 1.478379090258386e-10
    endloop
  endfacet
  facet normal 0.0 0.0 0.0
    outer loop
      vertex -0.01598880863189969 -0.05731128624901354 0.010100083260554584
      vertex -0.015739847183230255 -0.057380183496327994 0.01005622425558022
      vertex -0.016115007400515413 -0.05727614144310534 1.478379090258386e-10
    endloop
  endfacet
  facet normal 0.0 0.0 0.0
    outer loop
      vertex -0.015739847183230255 -0.057380183496327994 0.01005622425558022
      vertex -0.015491278648379181 -0.05744785622582018 0.010024956374186786
      vertex -0.016115007400515413 -0.05727614144310534 1.478379090258386e-10
    endloop
  endfacet
  facet normal 0.0 0.0 0.0
    outer loop
      vertex -0.015491278648379181 -0.05744785622582018 0.010024956374186786
      vertex -0.015244272232058381 -0.05751397637352526 0.010006230978984149
      vertex -0.016115007400515413 -0.05727614144310534 1.478379090258386e-10
    endloop
  endfacet
  facet normal 0.0 0.0 0.0
    outer loop
      vertex -0.016115007400515413 -0.05727614144310534 1.478379090258386e-10
      vertex -0.015000000000002716 -0.05757820824608385 0.00999999990941933
      vertex -0.013239995956423615 -0.0580082123659569 1.478379090258386e-10
    endloop
  endfacet
  facet normal 0.0 0.0 0.0
    outer loop
      vertex -0.015244272232058381 -0.05751397637352526 0.010006230978984149
      vertex -0.015000000000002716 -0.05757820824608385 0.00999999990941933
      vertex -0.016115007400515413 -0.05727614144310534 1.478379090258386e-10
    endloop
  endfacet
  facet normal 0.0 0.0 0.0
    outer loop
      vertex -0.013239995956423615 -0.0580082123659569 1.478379090258386e-10
      vertex -0.01231688308716092 -0.0582112038515526 0.00999999990941933
      vertex -0.010332066535952426 -0.05859606102928698 1.478379090258386e-10
    endloop
  endfacet
  facet normal 0.0 0.0 0.0
    outer loop
      vertex -0.015000000000002716 -0.05757820824608385 0.00999999990941933
      vertex -0.01231688308716092 -0.0582112038515526 0.00999999990941933
      vertex -0.013239995956423615 -0.0580082123659569 1.478379090258386e-10
    endloop
  endfacet
  facet normal 0.0 0.0 0.0
    outer loop
      vertex -0.010332066535952426 -0.05859606102928698 1.478379090258386e-10
      vertex -0.009607326507571077 -0.058719241418691275 0.00999999990941933
      vertex -0.0073984503746059894 -0.05903823403343737 1.478379090258386e-10
    endloop
  endfacet
  facet normal 0.0 0.0 0.0
    outer loop
      vertex -0.01231688308716092 -0.0582112038515526 0.00999999990941933
      vertex -0.009607326507571077 -0.058719241418691275 0.00999999990941933
      vertex -0.010332066535952426 -0.05859606102928698 1.478379090258386e-10
    endloop
  endfacet
  facet normal 0.0 0.0 0.0
    outer loop
      vertex -0.0073984503746059894 -0.05903823403343737 1.478379090258386e-10
      vertex -0.006877145290377474 -0.059101226129384635 0.00999999990941933
      vertex -0.004446440696719027 -0.05933362511620104 1.478379090258386e-10
    endloop
  endfacet
  facet normal 0.0 0.0 0.0
    outer loop
      vertex -0.009607326507571077 -0.058719241418691275 0.00999999990941933
      vertex -0.006877145290377474 -0.059101226129384635 0.00999999990941933
      vertex -0.0073984503746059894 -0.05903823403343737 1.478379090258386e-10
    endloop
  endfacet
  facet normal 0.0 0.0 0.0
    outer loop
      vertex -0.004446440696719027 -0.05933362511620104 1.478379090258386e-10
      vertex -0.0041322011947659025 -0.05935633782372057 0.00999999990941933
      vertex -0.0014833761453655735 -0.05948150567040026 1.478379090258386e-10
    endloop
  endfacet
  facet normal 0.0 0.0 0.0
    outer loop
      vertex -0.006877145290377474 -0.059101226129384635 0.00999999990941933
      vertex -0.0041322011947659025 -0.05935633782372057 0.00999999990941933
      vertex -0.004446440696719027 -0.05933362511620104 1.478379090258386e-10
    endloop
  endfacet
  facet normal 0.0 0.0 0.0
    outer loop
      vertex -0.0041322011947659025 -0.05935633782372057 0.00999999990941933
      vertex -0.0013783867359188572 -0.059484030999990105 0.00999999990941933
      vertex -0.0014833761453655735 -0.05948150567040026 1.478379090258386e-10
    endloop
  endfacet
  facet normal 0.0 0.0 0.0
    outer loop
      vertex -0.0014833761453655735 -0.05948150567040026 1.478379090258386e-10
      vertex 0.0013783867359134176 -0.059484030999990105 0.00999999990941933
      vertex 0.0014833761453601339 -0.05948150567040026 1.478379090258386e-10
    endloop
  endfacet
  facet normal 0.0 0.0 0.0
    outer loop
      vertex -0.0013783867359188572 -0.059484030999990105 0.00999999990941933
      vertex 0.0013783867359134176 -0.059484030999990105 0.00999999990941933
      vertex -0.0014833761453655735 -0.05948150567040026 1.478379090258386e-10
    endloop
  endfacet
  facet normal 0.0 0.0 0.0
    outer loop
      vertex 0.0014833761453601339 -0.05948150567040026 1.478379090258386e-10
      vertex 0.004132201194760463 -0.05935633782372057 0.00999999990941933
      vertex 0.004446440696713588 -0.05933362511620104 1.478379090258386e-10
    endloop
  endfacet
  facet normal 0.0 0.0 0.0
    outer loop
      vertex 0.0013783867359134176 -0.059484030999990105 0.00999999990941933
      vertex 0.004132201194760463 -0.05935633782372057 0.00999999990941933
      vertex 0.0014833761453601339 -0.05948150567040026 1.478379090258386e-10
    endloop
  endfacet
  facet normal 0.0 0.0 0.0
    outer loop
      vertex 0.004446440696713588 -0.05933362511620104 1.478379090258386e-10
      vertex 0.006877145290372035 -0.059101226129384635 0.00999999990941933
      vertex 0.00739845037460055 -0.05903823403343737 1.478379090258386e-10
    endloop
  endfacet
  facet normal 0.0 0.0 0.0
    outer loop
      vertex 0.004132201194760463 -0.05935633782372057 0.00999999990941933
      vertex 0.006877145290372035 -0.059101226129384635 0.00999999990941933
      vertex 0.004446440696713588 -0.05933362511620104 1.478379090258386e-10
    endloop
  endfacet
  facet normal 0.0 0.0 0.0
    outer loop
      vertex 0.00739845037460055 -0.05903823403343737 1.478379090258386e-10
      vertex 0.009607326507565638 -0.058719241418691275 0.00999999990941933
      vertex 0.010332066535946986 -0.05859606102928698 1.478379090258386e-10
    endloop
  endfacet
  facet normal 0.0 0.0 0.0
    outer loop
      vertex 0.006877145290372035 -0.059101226129384635 0.00999999990941933
      vertex 0.009607326507565638 -0.058719241418691275 0.00999999990941933
      vertex 0.00739845037460055 -0.05903823403343737 1.478379090258386e-10
    endloop
  endfacet
  facet normal 0.0 0.0 0.0
    outer loop
      vertex 0.010332066535946986 -0.05859606102928698 1.478379090258386e-10
      vertex 0.01231688308715548 -0.0582112038515526 0.00999999990941933
      vertex 0.013239995956418175 -0.0580082123659569 1.478379090258386e-10
    endloop
  endfacet
  facet normal 0.0 0.0 0.0
    outer loop
      vertex 0.009607326507565638 -0.058719241418691275 0.00999999990941933
      vertex 0.01231688308715548 -0.0582112038515526 0.00999999990941933
      vertex 0.010332066535946986 -0.05859606102928698 1.478379090258386e-10
    endloop
  endfacet
  facet normal 0.0 0.0 0.0
    outer loop
      vertex 0.013239995956418175 -0.0580082123659569 1.478379090258386e-10
      vertex 0.014999999999997278 -0.05757820824608385 0.00999999990941933
      vertex 0.01611500740050997 -0.05727614144310534 1.478379090258386e-10
    endloop
  endfacet
  facet normal 0.0 0.0 0.0
    outer loop
      vertex 0.01231688308715548 -0.0582112038515526 0.00999999990941933
      vertex 0.014999999999997278 -0.05757820824608385 0.00999999990941933
      vertex 0.013239995956418175 -0.0580082123659569 1.478379090258386e-10
    endloop
  endfacet
  facet normal 0.0 0.0 0.0
    outer loop
      vertex 0.014999999999997278 -0.05757820824608385 0.00999999990941933
      vertex 0.015142181396481652 -0.05754096535667956 0.010002121834773333
      vertex 0.01611500740050997 -0.05727614144310534 1.478379090258386e-10
    endloop
  endfacet
  facet normal 0.0 0.0 0.0
    outer loop
      vertex 0.015142181396481652 -0.05754096535667956 0.010002121834773333
      vertex 0.01528546047210421 -0.057503028192372914 0.010008493571299824
      vertex 0.01611500740050997 -0.05727614144310534 1.478379090258386e-10
    endloop
  endfacet
  facet normal 0.0 0.0 0.0
    outer loop
      vertex 0.01528546047210421 -0.057503028192372914 0.010008493571299824
      vertex 0.015494327545163292 -0.057447032251210804 0.010025264410990985
      vertex 0.01611500740050997 -0.05727614144310534 1.478379090258386e-10
    endloop
  endfacet
  facet normal 0.0 0.0 0.0
    outer loop
      vertex 0.015494327545163292 -0.057447032251210804 0.010025264410990985
      vertex 0.015704300880429407 -0.05738993004784167 0.010050989775676044
      vertex 0.01611500740050997 -0.05727614144310534 1.478379090258386e-10
    endloop
  endfacet
  facet normal 0.0 0.0 0.0
    outer loop
      vertex 0.015704300880429407 -0.05738993004784167 0.010050989775676044
      vertex 0.015914673805234092 -0.05733191613182604 0.01008569851400307
      vertex 0.01611500740050997 -0.05727614144310534 1.478379090258386e-10
    endloop
  endfacet
  facet normal 0.0 0.0 0.0
    outer loop
      vertex 0.015914673805234092 -0.05733191613182604 0.01008569851400307
      vertex 0.016124740600583214 -0.05727320031151354 0.010129419713038715
      vertex 0.01611500740050997 -0.05727614144310534 1.478379090258386e-10
    endloop
  endfacet
  facet normal 0.0 0.0 0.0
    outer loop
      vertex 0.016124740600583214 -0.05727320031151354 0.010129419713038715
      vertex 0.016333797454831264 -0.05721397332176745 0.010182182936686785
      vertex 0.01611500740050997 -0.05727614144310534 1.478379090258386e-10
    endloop
  endfacet
  facet normal 0.0 0.0 0.0
    outer loop
      vertex 0.016333797454831264 -0.05721397332176745 0.010182182936686785
      vertex 0.01654113769530978 -0.057154441156240104 0.010244017033595355
      vertex 0.01611500740050997 -0.05727614144310534 1.478379090258386e-10
    endloop
  endfacet
  facet normal 0.0 0.0 0.0
    outer loop
      vertex 0.01654113769530978 -0.057154441156240104 0.010244017033595355
      vertex 0.01674605369567599 -0.05709480217918932 0.010314951567668231
      vertex 0.01611500740050997 -0.05727614144310534 1.478379090258386e-10
    endloop
  endfacet
  facet normal 0.0 0.0 0.0
    outer loop
      vertex 0.01674605369567599 -0.05709480217918932 0.010314951567668231
      vertex 0.01694784355163302 -0.05703525856957018 0.010395015149134906
      vertex 0.01611500740050997 -0.05727614144310534 1.478379090258386e-10
    endloop
  endfacet
  facet normal 0.0 0.0 0.0
    outer loop
      vertex 0.01694784355163302 -0.05703525856957018 0.010395015149134906
      vertex 0.017145856857297085 -0.05697602776512682 0.010484122424144062
      vertex 0.01611500740050997 -0.05727614144310534 1.478379090258386e-10
    endloop
  endfacet
  facet normal 0.0 0.0 0.0
    outer loop
      vertex 0.01611500740050997 -0.05727614144310534 1.478379090258386e-10
      vertex 0.01733958625793185 -0.05691733864769518 0.010581836133021626
      vertex 0.018949954986569543 -0.056401675500722524 1.478379090258386e-10
    endloop
  endfacet
  facet normal 0.0 0.0 0.0
    outer loop
      vertex 0.017145856857297085 -0.05697602776512682 0.010484122424144062
      vertex 0.01733958625793185 -0.05691733864769518 0.010581836133021626
      vertex 0.01611500740050997 -0.05727614144310534 1.478379090258386e-10
    endloop
  endfacet
  facet normal 0.0 0.0 0.0
    outer loop
      vertex 0.01733958625793185 -0.05691733864769518 0.010581836133021626
      vertex 0.017528556823727746 -0.0568593972109276 0.010687652258891376
      vertex 0.018949954986569543 -0.056401675500722524 1.478379090258386e-10
    endloop
  endfacet
  facet normal 0.0 0.0 0.0
    outer loop
      vertex 0.017528556823727746 -0.0568593972109276 0.010687652258891376
      vertex 0.01771228599548068 -0.05680241707787096 0.010801067023295672
      vertex 0.018949954986569543 -0.056401675500722524 1.478379090258386e-10
    endloop
  endfacet
  facet normal 0.0 0.0 0.0
    outer loop
      vertex 0.01771228599548068 -0.05680241707787096 0.010801067023295672
      vertex 0.017890295028683802 -0.0567466042421776 0.010921576409358294
      vertex 0.018949954986569543 -0.056401675500722524 1.478379090258386e-10
    endloop
  endfacet
  facet normal 0.0 0.0 0.0
    outer loop
      vertex 0.017890295028683802 -0.0567466042421776 0.010921576409358294
      vertex 0.018062103271481653 -0.05669216851219713 0.011048676400203022
      vertex 0.018949954986569543 -0.056401675500722524 1.478379090258386e-10
    endloop
  endfacet
  facet normal 0.0 0.0 0.0
    outer loop
      vertex 0.018062103271481653 -0.05669216851219713 0.011048676400203022
      vertex 0.01822723388671603 -0.05663932351097643 0.01118186345579079
      vertex 0.018949954986569543 -0.056401675500722524 1.478379090258386e-10
    endloop
  endfacet
  facet normal 0.0 0.0 0.0
    outer loop
      vertex 0.01822723388671603 -0.05663932351097643 0.01118186345579079
      vertex 0.018385204315182826 -0.056588271417470574 0.011320633320826801
      vertex 0.018949954986569543 -0.056401675500722524 1.478379090258386e-10
    endloop
  endfacet
  facet normal 0.0 0.0 0.0
    outer loop
      vertex 0.018385204315182826 -0.056588271417470574 0.011320633320826801
      vertex 0.018535535812375208 -0.05653922204002917 0.011464482336062702
      vertex 0.018949954986569543 -0.056401675500722524 1.478379090258386e-10
    endloop
  endfacet
  facet normal 0.0 0.0 0.0
    outer loop
      vertex 0.018535535812375208 -0.05653922204002917 0.011464482336062702
      vertex 0.018679069519040248 -0.056491961755605336 0.011614286570567402
      vertex 0.018949954986569543 -0.056401675500722524 1.478379090258386e-10
    endloop
  endfacet
  facet normal 0.0 0.0 0.0
    outer loop
      vertex 0.018679069519040248 -0.056491961755605336 0.011614286570567402
      vertex 0.01881806755065646 -0.05644579247459948 0.011772484450358662
      vertex 0.018949954986569543 -0.056401675500722524 1.478379090258386e-10
    endloop
  endfacet
  facet normal 0.0 0.0 0.0
    outer loop
      vertex 0.01881806755065646 -0.05644579247459948 0.011772484450358662
      vertex 0.018951997756955285 -0.056400946893544794 0.011938653378505023
      vertex 0.018949954986569543 -0.056401675500722524 1.478379090258386e-10
    endloop
  endfacet
  facet normal 0.0 0.0 0.0
    outer loop
      vertex 0.018951997756955285 -0.056400946893544794 0.011938653378505023
      vertex 0.0190802364349338 -0.05635768441185534 0.01211227276803902
      vertex 0.018949954986569543 -0.056401675500722524 1.478379090258386e-10
    endloop
  endfacet
  facet normal 0.0 0.0 0.0
    outer loop
      vertex 0.0190802364349338 -0.05635768441185534 0.01211227276803902
      vertex 0.01920215606689181 -0.056316260614247916 0.012292821674365314
      vertex 0.018949954986569543 -0.056401675500722524 1.478379090258386e-10
    endloop
  endfacet
  facet normal 0.0 0.0 0.0
    outer loop
      vertex 0.01920215606689181 -0.056316260614247916 0.012292821674365314
      vertex 0.01931713104247775 -0.05627693871483385 0.012479779629725726
      vertex 0.018949954986569543 -0.056401675500722524 1.478379090258386e-10
    endloop
  endfacet
  facet normal 0.0 0.0 0.0
    outer loop
      vertex 0.01931713104247775 -0.05627693871483385 0.012479779629725726
      vertex 0.01942453384399142 -0.05623997429832995 0.012672625629920276
      vertex 0.018949954986569543 -0.056401675500722524 1.478379090258386e-10
    endloop
  endfacet
  facet normal 0.0 0.0 0.0
    outer loop
      vertex 0.018949954986569543 -0.056401675500722524 1.478379090258386e-10
      vertex 0.01942453384399142 -0.05623997429832995 0.012672625629920276
      vertex 0.021737791061398646 -0.05538698891624987 1.478379090258386e-10
    endloop
  endfacet
  facet normal 0.0 0.0 0.0
    outer loop
      vertex 0.01942453384399142 -0.05623997429832995 0.012672625629920276
      vertex 0.019523738861081264 -0.05620562676415026 0.01287083902837685
      vertex 0.021737791061398646 -0.05538698891624987 1.478379090258386e-10
    endloop
  endfacet
  facet normal 0.0 0.0 0.0
    outer loop
      vertex 0.019523738861081264 -0.05620562676415026 0.01287083902837685
      vertex 0.019614120483395715 -0.05617415932640612 0.013073899089116367
      vertex 0.021737791061398646 -0.05538698891624987 1.478379090258386e-10
    endloop
  endfacet
  facet normal 0.0 0.0 0.0
    outer loop
      vertex 0.019614120483395715 -0.05617415932640612 0.013073899089116367
      vertex 0.019695119857785364 -0.05614582375511706 0.01328125665964535
      vertex 0.021737791061398646 -0.05538698891624987 1.478379090258386e-10
    endloop
  endfacet
  facet normal 0.0 0.0 0.0
    outer loop
      vertex 0.019695119857785364 -0.05614582375511706 0.01328125665964535
      vertex 0.019766584396359584 -0.05612073067650378 0.013492174169737609
      vertex 0.021737791061398646 -0.05538698891624987 1.478379090258386e-10
    endloop
  endfacet
  facet normal 0.0 0.0 0.0
    outer loop
      vertex 0.019766584396359584 -0.05612073067650378 0.013492174169737609
      vertex 0.019828517913815638 -0.05609890679344714 0.01370583891751221
      vertex 0.021737791061398646 -0.05538698891624987 1.478379090258386e-10
    endloop
  endfacet
  facet normal 0.0 0.0 0.0
    outer loop
      vertex 0.019828517913815638 -0.05609890679344714 0.01370583891751221
      vertex 0.01988092041015353 -0.05608037499413073 0.013921438037175448
      vertex 0.021737791061398646 -0.05538698891624987 1.478379090258386e-10
    endloop
  endfacet
  facet normal 0.0 0.0 0.0
    outer loop
      vertex 0.019999999999997277 -0.05603793267235339 0.01699999990941933
      vertex 0.02251147651672091 -0.05507706765160143 0.01699999990941933
      vertex 0.019999999999997277 -0.05603793267235339 0.01500000002862862
    endloop
  endfacet
  facet normal 0.0 0.0 0.0
    outer loop
      vertex 0.019999999999997277 -0.05603793267235339 0.01500000002862862
      vertex 0.02251147651672091 -0.05507706765160143 0.01699999990941933
      vertex 0.019995237350461145 -0.05603964547142565 0.014786921529788288
    endloop
  endfacet
  facet normal 0.0 0.0 0.0
    outer loop
      vertex 0.019995237350461145 -0.05603964547142565 0.014786921529788288
      vertex 0.02251147651672091 -0.05507706765160143 0.01699999990941933
      vertex 0.019980949401852747 -0.05604477242455065 0.01457171335699013
    endloop
  endfacet
  facet normal 0.0 0.0 0.0
    outer loop
      vertex 0.019980949401852747 -0.05604477242455065 0.01457171335699013
      vertex 0.02251147651672091 -0.05507706765160143 0.01699999990941933
      vertex 0.019957134246823452 -0.05605328301415026 0.014355188100356372
    endloop
  endfacet
  facet normal 0.0 0.0 0.0
    outer loop
      vertex 0.019957134246823452 -0.05605328301415026 0.014355188100356372
      vertex 0.02251147651672091 -0.05507706765160143 0.01699999990941933
      vertex 0.019923791885373254 -0.056065161981435414 0.014138158707637103
    endloop
  endfacet
  facet normal 0.0 0.0 0.0
    outer loop
      vertex 0.019923791885373254 -0.056065161981435414 0.014138158707637103
      vertex 0.02251147651672091 -0.05507706765160143 0.01699999990941933
      vertex 0.01988092041015353 -0.05608037499413073 0.013921438037175448
    endloop
  endfacet
  facet normal 0.0 0.0 0.0
    outer loop
      vertex 0.021737791061398646 -0.05538698891624987 1.478379090258386e-10
      vertex 0.02251147651672091 -0.05507706765160143 0.01699999990941933
      vertex 0.024471582412717 -0.05423459938988268 1.478379090258386e-10
    endloop
  endfacet
  facet normal 0.0 0.0 0.0
    outer loop
      vertex 0.01988092041015353 -0.05608037499413073 0.013921438037175448
      vertex 0.02251147651672091 -0.05507706765160143 0.01699999990941933
      vertex 0.021737791061398646 -0.05538698891624987 1.478379090258386e-10
    endloop
  endfacet
  facet normal 0.0 0.0 0.0
    outer loop
      vertex 0.024471582412717 -0.05423459938988268 1.478379090258386e-10
      vertex 0.024976976394650595 -0.054003711023183465 0.01699999990941933
      vertex 0.027144535064694542 -0.05294737175926745 1.478379090258386e-10
    endloop
  endfacet
  facet normal 0.0 0.0 0.0
    outer loop
      vertex 0.02251147651672091 -0.05507706765160143 0.01699999990941933
      vertex 0.024976976394650595 -0.054003711023183465 0.01699999990941933
      vertex 0.024471582412717 -0.05423459938988268 1.478379090258386e-10
    endloop
  endfacet
  facet normal 0.0 0.0 0.0
    outer loop
      vertex 0.027144535064694542 -0.05294737175926745 1.478379090258386e-10
      vertex 0.027391460418698447 -0.05282005242332995 0.01699999990941933
      vertex 0.029749999999997275 -0.05152851037010729 1.478379090258386e-10
    endloop
  endfacet
  facet normal 0.0 0.0 0.0
    outer loop
      vertex 0.024976976394650595 -0.054003711023183465 0.01699999990941933
      vertex 0.027391460418698447 -0.05282005242332995 0.01699999990941933
      vertex 0.027144535064694542 -0.05294737175926745 1.478379090258386e-10
    endloop
  endfacet
  facet normal 0.0 0.0 0.0
    outer loop
      vertex 0.027391460418698447 -0.05282005242332995 0.01699999990941933
      vertex 0.029749999999997275 -0.05152851037010729 0.01699999990941933
      vertex 0.029749999999997275 -0.05152851037010729 1.478379090258386e-10
    endloop
  endfacet
  facet normal 0.0 0.0 0.0
    outer loop
      vertex 0.029749999999997275 -0.05152851037010729 1.478379090258386e-10
      vertex 0.03204777526855196 -0.05013172844872058 0.01699999990941933
      vertex 0.032281501770016804 -0.04998154381737292 1.478379090258386e-10
    endloop
  endfacet
  facet normal 0.0 0.0 0.0
    outer loop
      vertex 0.029749999999997275 -0.05152851037010729 0.01699999990941933
      vertex 0.03204777526855196 -0.05013172844872058 0.01699999990941933
      vertex 0.029749999999997275 -0.05152851037010729 1.478379090258386e-10
    endloop
  endfacet
  facet normal 0.0 0.0 0.0
    outer loop
      vertex 0.032281501770016804 -0.04998154381737292 1.478379090258386e-10
      vertex 0.034280097961423055 -0.04863255242332996 0.01699999990941933
      vertex 0.03473274993896212 -0.04831030968651355 1.478379090258386e-10
    endloop
  endfacet
  facet normal 0.0 0.0 0.0
    outer loop
      vertex 0.03204777526855196 -0.05013172844872058 0.01699999990941933
      vertex 0.034280097961423055 -0.04863255242332996 0.01699999990941933
      vertex 0.032281501770016804 -0.04998154381737292 1.478379090258386e-10
    endloop
  endfacet
  facet normal 0.0 0.0 0.0
    outer loop
      vertex 0.03473274993896212 -0.04831030968651355 1.478379090258386e-10
      vertex 0.0364424018859836 -0.04703404549583973 0.01699999990941933
      vertex 0.03709764480590547 -0.046518973626943246 1.478379090258386e-10
    endloop
  endfacet
  facet normal 0.0 0.0 0.0
    outer loop
      vertex 0.034280097961423055 -0.04863255242332996 0.01699999990941933
      vertex 0.0364424018859836 -0.04703404549583973 0.01699999990941933
      vertex 0.03473274993896212 -0.04831030968651355 1.478379090258386e-10
    endloop
  endfacet
  facet normal 0.0 0.0 0.0
    outer loop
      vertex 0.038666088104245315 -0.04522379235252918 0.013718636213559421
      vertex 0.03871331024169649 -0.04518334130272449 0.013513618572372706
      vertex 0.03709764480590547 -0.046518973626943246 1.478379090258386e-10
    endloop
  endfacet
  facet normal 0.0 0.0 0.0
    outer loop
      vertex 0.0364424018859836 -0.04703404549583973 0.01699999990941933
      vertex 0.03862586975097383 -0.04525816658958973 0.013925387202519688
      vertex 0.03709764480590547 -0.046518973626943246 1.478379090258386e-10
    endloop
  endfacet
  facet normal 0.0 0.0 0.0
    outer loop
      vertex 0.03709764480590547 -0.046518973626943246 1.478379090258386e-10
      vertex 0.03862586975097383 -0.04525816658958973 0.013925387202519688
      vertex 0.038666088104245315 -0.04522379235252918 0.013718636213559421
    endloop
  endfacet
  facet normal 0.0 0.0 0.0
    outer loop
      vertex 0.03871331024169649 -0.04518334130272449 0.013513618572372706
      vertex 0.038767517089841025 -0.04513680581078113 0.013311050495821746
      vertex 0.03709764480590547 -0.046518973626943246 1.478379090258386e-10
    endloop
  endfacet
  facet normal 0.0 0.0 0.0
    outer loop
      vertex 0.0364424018859836 -0.04703404549583973 0.01699999990941933
      vertex 0.0385926704406711 -0.045286483087392464 0.014133155374545368
      vertex 0.03862586975097383 -0.04525816658958973 0.013925387202519688
    endloop
  endfacet
  facet normal 0.0 0.0 0.0
    outer loop
      vertex 0.038767517089841025 -0.04513680581078113 0.013311050495821746
      vertex 0.03882868957519258 -0.04508417824730457 0.013111648170966418
      vertex 0.03709764480590547 -0.046518973626943246 1.478379090258386e-10
    endloop
  endfacet
  facet normal 0.0 0.0 0.0
    outer loop
      vertex 0.0364424018859836 -0.04703404549583973 0.01699999990941933
      vertex 0.038566505432126176 -0.045308749475331915 0.014341224460620196
      vertex 0.0385926704406711 -0.045286483087392464 0.014133155374545368
    endloop
  endfacet
  facet normal 0.0 0.0 0.0
    outer loop
      vertex 0.03882868957519258 -0.04508417824730457 0.013111648170966418
      vertex 0.038896724700925006 -0.0450254815004784 0.012916088311690601
      vertex 0.03709764480590547 -0.046518973626943246 1.478379090258386e-10
    endloop
  endfacet
  facet normal 0.0 0.0 0.0
    outer loop
      vertex 0.0364424018859836 -0.04703404549583973 0.01699999990941933
      vertex 0.03854739761352266 -0.04532497719749989 0.014548878340739521
      vertex 0.038566505432126176 -0.045308749475331915 0.014341224460620196
    endloop
  endfacet
  facet normal 0.0 0.0 0.0
    outer loop
      vertex 0.03709764480590547 -0.046518973626943246 1.478379090258386e-10
      vertex 0.03897121810912813 -0.04496100167259754 0.012724875240344317
      vertex 0.039370307922360556 -0.044611979760976445 1.478379090258386e-10
    endloop
  endfacet
  facet normal 0.0 0.0 0.0
    outer loop
      vertex 0.038896724700925006 -0.0450254815004784 0.012916088311690601
      vertex 0.03897121810912813 -0.04496100167259754 0.012724875240344317
      vertex 0.03709764480590547 -0.046518973626943246 1.478379090258386e-10
    endloop
  endfacet
  facet normal 0.0 0.0 0.0
    outer loop
      vertex 0.0364424018859836 -0.04703404549583973 0.01699999990941933
      vertex 0.03853535842895235 -0.0453351738832909 0.014755400686282429
      vertex 0.03854739761352266 -0.04532497719749989 0.014548878340739521
    endloop
  endfacet
  facet normal 0.0 0.0 0.0
    outer loop
      vertex 0.0364424018859836 -0.04703404549583973 0.01699999990941933
      vertex 0.03853154754638399 -0.045338401117177615 0.01487810757638863
      vertex 0.03853535842895235 -0.0453351738832909 0.014755400686282429
    endloop
  endfacet
  facet normal 0.0 0.0 0.0
    outer loop
      vertex 0.03897121810912813 -0.04496100167259754 0.012724875240344317
      vertex 0.039051692962643755 -0.044891101159902226 0.01253846791269234
      vertex 0.039370307922360556 -0.044611979760976445 1.478379090258386e-10
    endloop
  endfacet
  facet normal 0.0 0.0 0.0
    outer loop
      vertex 0.0364424018859836 -0.04703404549583973 0.01699999990941933
      vertex 0.03853027343749727 -0.04533947304710926 0.01500000002862862
      vertex 0.03853154754638399 -0.045338401117177615 0.01487810757638863
    endloop
  endfacet
  facet normal 0.0 0.0 0.0
    outer loop
      vertex 0.039051692962643755 -0.044891101159902226 0.01253846791269234
      vertex 0.039137680053708206 -0.04481613854393543 0.012357325105685504
      vertex 0.039370307922360556 -0.044611979760976445 1.478379090258386e-10
    endloop
  endfacet
  facet normal 0.0 0.0 0.0
    outer loop
      vertex 0.039137680053708206 -0.04481613854393543 0.012357325105685504
      vertex 0.03922869873046602 -0.044736483850331916 0.012181905536670002
      vertex 0.039370307922360556 -0.044611979760976445 1.478379090258386e-10
    endloop
  endfacet
  facet normal 0.0 0.0 0.0
    outer loop
      vertex 0.03922869873046602 -0.044736483850331916 0.012181905536670002
      vertex 0.03932427978515352 -0.04465249566063465 0.01201266828061989
      vertex 0.039370307922360556 -0.044611979760976445 1.478379090258386e-10
    endloop
  endfacet
  facet normal 0.0 0.0 0.0
    outer loop
      vertex 0.03932427978515352 -0.04465249566063465 0.01201266828061989
      vertex 0.039423950195309775 -0.04456454018578113 0.011850072054881367
      vertex 0.039370307922360556 -0.044611979760976445 1.478379090258386e-10
    endloop
  endfacet
  facet normal 0.0 0.0 0.0
    outer loop
      vertex 0.039423950195309775 -0.04456454018578113 0.011850072054881367
      vertex 0.039527236938473834 -0.0444729798220116 0.011694575696009906
      vertex 0.039370307922360556 -0.044611979760976445 1.478379090258386e-10
    endloop
  endfacet
  facet normal 0.0 0.0 0.0
    outer loop
      vertex 0.039527236938473834 -0.0444729798220116 0.011694575696009906
      vertex 0.0396336631774875 -0.04437817696556629 0.011546638040560992
      vertex 0.039370307922360556 -0.044611979760976445 1.478379090258386e-10
    endloop
  endfacet
  facet normal 0.0 0.0 0.0
    outer loop
      vertex 0.0364424018859836 -0.04703404549583973 0.01699999990941933
      vertex 0.03853027343749727 -0.04533947304710926 0.01699999990941933
      vertex 0.03853027343749727 -0.04533947304710926 0.01500000002862862
    endloop
  endfacet
  facet normal 0.0 0.0 0.0
    outer loop
      vertex 0.0396336631774875 -0.04437817696556629 0.011546638040560992
      vertex 0.03974339294433321 -0.044279929437490116 0.011405881791133197
      vertex 0.039370307922360556 -0.044611979760976445 1.478379090258386e-10
    endloop
  endfacet
  facet normal 0.0 0.0 0.0
    outer loop
      vertex 0.03974339294433321 -0.044279929437490116 0.011405881791133197
      vertex 0.03985826110839571 -0.04417653206810535 0.011269780306834492
      vertex 0.039370307922360556 -0.044611979760976445 1.478379090258386e-10
    endloop
  endfacet
  facet normal 0.0 0.0 0.0
    outer loop
      vertex 0.03985826110839571 -0.04417653206810535 0.011269780306834492
      vertex 0.039978096008298054 -0.04406808022484363 0.011138514666575701
      vertex 0.039370307922360556 -0.044611979760976445 1.478379090258386e-10
    endloop
  endfacet
  facet normal 0.0 0.0 0.0
    outer loop
      vertex 0.039978096008298054 -0.04406808022484363 0.011138514666575701
      vertex 0.04010252380370821 -0.04395484475121082 0.011012528805751117
      vertex 0.039370307922360556 -0.044611979760976445 1.478379090258386e-10
    endloop
  endfacet
  facet normal 0.0 0.0 0.0
    outer loop
      vertex 0.04010252380370821 -0.04395484475121082 0.011012528805751117
      vertex 0.04023118209838594 -0.04383710412010731 0.010892266659755023
      vertex 0.039370307922360556 -0.044611979760976445 1.478379090258386e-10
    endloop
  endfacet
  facet normal 0.0 0.0 0.0
    outer loop
      vertex 0.04023118209838594 -0.04383710412010731 0.010892266659755023
      vertex 0.040363689422604696 -0.04371512917503895 0.010778172163981707
      vertex 0.039370307922360556 -0.044611979760976445 1.478379090258386e-10
    endloop
  endfacet
  facet normal 0.0 0.0 0.0
    outer loop
      vertex 0.040363689422604696 -0.04371512917503895 0.010778172163981707
      vertex 0.04049967956542696 -0.043589194574208866 0.010670689253825458
      vertex 0.039370307922360556 -0.044611979760976445 1.478379090258386e-10
    endloop
  endfacet
  facet normal 0.0 0.0 0.0
    outer loop
      vertex 0.039370307922360556 -0.044611979760976445 1.478379090258386e-10
      vertex 0.040638782501217975 -0.04345957116112293 0.010570262103099139
      vertex 0.04154508972167696 -0.04259407738670887 1.478379090258386e-10
    endloop
  endfacet
  facet normal 0.0 0.0 0.0
    outer loop
      vertex 0.04049967956542696 -0.043589194574208866 0.010670689253825458
      vertex 0.040638782501217975 -0.04345957116112293 0.010570262103099139
      vertex 0.039370307922360556 -0.044611979760976445 1.478379090258386e-10
    endloop
  endfacet
  facet normal 0.0 0.0 0.0
    outer loop
      vertex 0.040638782501217975 -0.04345957116112293 0.010570262103099139
      vertex 0.040780624389645706 -0.043326537408681524 0.010477334885615619
      vertex 0.04154508972167696 -0.04259407738670887 1.478379090258386e-10
    endloop
  endfacet
  facet normal 0.0 0.0 0.0
    outer loop
      vertex 0.040780624389645706 -0.043326537408681524 0.010477334885615619
      vertex 0.040924835205075394 -0.043190367975087775 0.010392351059932026
      vertex 0.04154508972167696 -0.04259407738670887 1.478379090258386e-10
    endloop
  endfacet
  facet normal 0.0 0.0 0.0
    outer loop
      vertex 0.040924835205075394 -0.043190367975087775 0.010392351059932026
      vertex 0.04108736801147188 -0.0430357354067284 0.010307691006678851
      vertex 0.04154508972167696 -0.04259407738670887 1.478379090258386e-10
    endloop
  endfacet
  facet normal 0.0 0.0 0.0
    outer loop
      vertex 0.04108736801147188 -0.0430357354067284 0.010307691006678851
      vertex 0.0412700500488254 -0.042860472955556526 0.010225768237132343
      vertex 0.04154508972167696 -0.04259407738670887 1.478379090258386e-10
    endloop
  endfacet
  facet normal 0.0 0.0 0.0
    outer loop
      vertex 0.0412700500488254 -0.042860472955556526 0.010225768237132343
      vertex 0.04145409393310274 -0.042682399072499884 0.01015658178808144
      vertex 0.04154508972167696 -0.04259407738670887 1.478379090258386e-10
    endloop
  endfacet
  facet normal 0.0 0.0 0.0
    outer loop
      vertex 0.04145409393310274 -0.042682399072499884 0.01015658178808144
      vertex 0.04163862609863008 -0.04250235680565418 0.010100083260554584
      vertex 0.04154508972167696 -0.04259407738670887 1.478379090258386e-10
    endloop
  endfacet
  facet normal 0.0 0.0 0.0
    outer loop
      vertex 0.04163862609863008 -0.04250235680565418 0.010100083260554584
      vertex 0.0418227729797336 -0.04232119683250965 0.01005622425558022
      vertex 0.04154508972167696 -0.04259407738670887 1.478379090258386e-10
    endloop
  endfacet
  facet normal 0.0 0.0 0.0
    outer loop
      vertex 0.0418227729797336 -0.04232119683250965 0.01005622425558022
      vertex 0.042005664825436724 -0.04213976983055653 0.010024956374186786
      vertex 0.04154508972167696 -0.04259407738670887 1.478379090258386e-10
    endloop
  endfacet
  facet normal 0.0 0.0 0.0
    outer loop
      vertex 0.042005664825436724 -0.04213976983055653 0.010024956374186786
      vertex 0.04218642807006563 -0.041958915033193246 0.010006230978984149
      vertex 0.04154508972167696 -0.04259407738670887 1.478379090258386e-10
    endloop
  endfacet
  facet normal 0.0 0.0 0.0
    outer loop
      vertex 0.04154508972167696 -0.04259407738670887 1.478379090258386e-10
      vertex 0.04236418914794649 -0.04177948311791004 0.00999999990941933
      vertex 0.0436165847778293 -0.04047027901634754 1.478379090258386e-10
    endloop
  endfacet
  facet normal 0.0 0.0 0.0
    outer loop
      vertex 0.04218642807006563 -0.041958915033193246 0.010006230978984149
      vertex 0.04236418914794649 -0.04177948311791004 0.00999999990941933
      vertex 0.04154508972167696 -0.04259407738670887 1.478379090258386e-10
    endloop
  endfacet
  facet normal 0.0 0.0 0.0
    outer loop
      vertex 0.0436165847778293 -0.04047027901634754 1.478379090258386e-10
      vertex 0.04425394058227266 -0.039772338189931526 0.00999999990941933
      vertex 0.04557964324950899 -0.038245864190908085 1.478379090258386e-10
    endloop
  endfacet
  facet normal 0.0 0.0 0.0
    outer loop
      vertex 0.04236418914794649 -0.04177948311791004 0.00999999990941933
      vertex 0.04425394058227266 -0.039772338189931526 0.00999999990941933
      vertex 0.0436165847778293 -0.04047027901634754 1.478379090258386e-10
    endloop
  endfacet
  facet normal 0.0 0.0 0.0
    outer loop
      vertex 0.04557964324950899 -0.038245864190908085 1.478379090258386e-10
      vertex 0.046048690795895714 -0.03767980889305653 0.00999999990941933
      vertex 0.04742938232421603 -0.035926364221425665 1.478379090258386e-10
    endloop
  endfacet
  facet normal 0.0 0.0 0.0
    outer loop
      vertex 0.04425394058227266 -0.039772338189931526 0.00999999990941933
      vertex 0.046048690795895714 -0.03767980889305653 0.00999999990941933
      vertex 0.04557964324950899 -0.038245864190908085 1.478379090258386e-10
    endloop
  endfacet
  facet normal 0.0 0.0 0.0
    outer loop
      vertex 0.04742938232421603 -0.035926364221425665 1.478379090258386e-10
      vertex 0.047744590759274626 -0.035506396570058475 0.00999999990941933
      vertex 0.04916120529174532 -0.03351754311546863 1.478379090258386e-10
    endloop
  endfacet
  facet normal 0.0 0.0 0.0
    outer loop
      vertex 0.046048690795895714 -0.03767980889305653 0.00999999990941933
      vertex 0.047744590759274626 -0.035506396570058475 0.00999999990941933
      vertex 0.04742938232421603 -0.035926364221425665 1.478379090258386e-10
    endloop
  endfacet
  facet normal 0.0 0.0 0.0
    outer loop
      vertex 0.04916120529174532 -0.03351754311546863 1.478379090258386e-10
      vertex 0.04933799743652071 -0.03325675896629871 0.00999999990941933
      vertex 0.050770809173581254 -0.031025393762441292 1.478379090258386e-10
    endloop
  endfacet
  facet normal 0.0 0.0 0.0
    outer loop
      vertex 0.047744590759274626 -0.035506396570058475 0.00999999990941933
      vertex 0.04933799743652071 -0.03325675896629871 0.00999999990941933
      vertex 0.04916120529174532 -0.03351754311546863 1.478379090258386e-10
    endloop
  endfacet
  facet normal 0.0 0.0 0.0
    outer loop
      vertex 0.050770809173581254 -0.031025393762441292 1.478379090258386e-10
      vertex 0.050825489044186725 -0.030935733117910043 0.00999999990941933
      vertex 0.05225418472289766 -0.02845611123070301 1.478379090258386e-10
    endloop
  endfacet
  facet normal 0.0 0.0 0.0
    outer loop
      vertex 0.04933799743652071 -0.03325675896629871 0.00999999990941933
      vertex 0.050825489044186725 -0.030935733117910043 0.00999999990941933
      vertex 0.050770809173581254 -0.031025393762441292 1.478379090258386e-10
    endloop
  endfacet
  facet normal 0.0 0.0 0.0
    outer loop
      vertex 0.050825489044186725 -0.030935733117910043 0.00999999990941933
      vertex 0.0522038764953586 -0.028548297204824106 0.00999999990941933
      vertex 0.05225418472289766 -0.02845611123070301 1.478379090258386e-10
    endloop
  endfacet
  facet normal 0.0 0.0 0.0
    outer loop
      vertex 0.05225418472289766 -0.02845611123070301 1.478379090258386e-10
      vertex 0.05347019577026094 -0.0260995781801659 0.00999999990941933
      vertex 0.05360764694213594 -0.02581608323082508 1.478379090258386e-10
    endloop
  endfacet
  facet normal 0.0 0.0 0.0
    outer loop
      vertex 0.0522038764953586 -0.028548297204824106 0.00999999990941933
      vertex 0.05347019577026094 -0.0260995781801659 0.00999999990941933
      vertex 0.05225418472289766 -0.02845611123070301 1.478379090258386e-10
    endloop
  endfacet
  facet normal 0.0 0.0 0.0
    outer loop
      vertex 0.05360764694213594 -0.02581608323082508 1.478379090258386e-10
      vertex 0.0546217346191379 -0.023594830789418837 0.00999999990941933
      vertex 0.05482783508300509 -0.02311187104210438 1.478379090258386e-10
    endloop
  endfacet
  facet normal 0.0 0.0 0.0
    outer loop
      vertex 0.05347019577026094 -0.0260995781801659 0.00999999990941933
      vertex 0.0546217346191379 -0.023594830789418837 0.00999999990941933
      vertex 0.05360764694213594 -0.02581608323082508 1.478379090258386e-10
    endloop
  endfacet
  facet normal 0.0 0.0 0.0
    outer loop
      vertex 0.05482783508300509 -0.02311187104210438 1.478379090258386e-10
      vertex 0.05565601730346407 -0.0210394318483788 0.00999999990941933
      vertex 0.05591171264648165 -0.020350198068471572 1.478379090258386e-10
    endloop
  endfacet
  facet normal 0.0 0.0 0.0
    outer loop
      vertex 0.0546217346191379 -0.023594830789418837 0.00999999990941933
      vertex 0.05565601730346407 -0.0210394318483788 0.00999999990941933
      vertex 0.05482783508300509 -0.02311187104210438 1.478379090258386e-10
    endloop
  endfacet
  facet normal 0.0 0.0 0.0
    outer loop
      vertex 0.05591171264648165 -0.020350198068471572 1.478379090258386e-10
      vertex 0.056570823669430864 -0.01843886879906239 0.00999999990941933
      vertex 0.05685658264159883 -0.017537932672353405 1.478379090258386e-10
    endloop
  endfacet
  facet normal 0.0 0.0 0.0
    outer loop
      vertex 0.05565601730346407 -0.0210394318483788 0.00999999990941933
      vertex 0.056570823669430864 -0.01843886879906239 0.00999999990941933
      vertex 0.05591171264648165 -0.020350198068471572 1.478379090258386e-10
    endloop
  endfacet
  facet normal 0.0 0.0 0.0
    outer loop
      vertex 0.05685658264159883 -0.017537932672353405 1.478379090258386e-10
      vertex 0.05736418914794649 -0.015798722543569226 0.00999999990941933
      vertex 0.05766009902953829 -0.014682065286489146 1.478379090258386e-10
    endloop
  endfacet
  facet normal 0.0 0.0 0.0
    outer loop
      vertex 0.056570823669430864 -0.01843886879906239 0.00999999990941933
      vertex 0.05736418914794649 -0.015798722543569226 0.00999999990941933
      vertex 0.05685658264159883 -0.017537932672353405 1.478379090258386e-10
    endloop
  endfacet
  facet normal 0.0 0.0 0.0
    outer loop
      vertex 0.05736418914794649 -0.015798722543569226 0.00999999990941933
      vertex 0.05740302658080782 -0.015656967439504284 0.010002121834773333
      vertex 0.05766009902953829 -0.014682065286489146 1.478379090258386e-10
    endloop
  endfacet
  facet normal 0.0 0.0 0.0
    outer loop
      vertex 0.05740302658080782 -0.015656967439504284 0.010002121834773333
      vertex 0.057441814422604695 -0.015513918199391978 0.010008493571299824
      vertex 0.05766009902953829 -0.014682065286489146 1.478379090258386e-10
    endloop
  endfacet
  facet normal 0.0 0.0 0.0
    outer loop
      vertex 0.057441814422604695 -0.015513918199391978 0.010008493571299824
      vertex 0.057497753143307816 -0.015305034913869519 0.010025264410990985
      vertex 0.05766009902953829 -0.014682065286489146 1.478379090258386e-10
    endloop
  endfacet
  facet normal 0.0 0.0 0.0
    outer loop
      vertex 0.057497753143307816 -0.015305034913869519 0.010025264410990985
      vertex 0.05755328750610079 -0.015094641008229869 0.010050989775676044
      vertex 0.05766009902953829 -0.014682065286489146 1.478379090258386e-10
    endloop
  endfacet
  facet normal 0.0 0.0 0.0
    outer loop
      vertex 0.05755328750610079 -0.015094641008229869 0.010050989775676044
      vertex 0.05760823440551485 -0.014883446969838756 0.01008569851400307
      vertex 0.05766009902953829 -0.014682065286489146 1.478379090258386e-10
    endloop
  endfacet
  facet normal 0.0 0.0 0.0
    outer loop
      vertex 0.05760823440551485 -0.014883446969838756 0.01008569851400307
      vertex 0.05766241836547579 -0.014672164239736217 0.010129419713038715
      vertex 0.05766009902953829 -0.014682065286489146 1.478379090258386e-10
    endloop
  endfacet
  facet normal 0.0 0.0 0.0
    outer loop
      vertex 0.05766241836547579 -0.014672164239736217 0.010129419713038715
      vertex 0.05771565628051485 -0.014461504258962291 0.010182182936686785
      vertex 0.05766009902953829 -0.014682065286489146 1.478379090258386e-10
    endloop
  endfacet
  facet normal 0.0 0.0 0.0
    outer loop
      vertex 0.05771565628051485 -0.014461504258962291 0.010182182936686785
      vertex 0.057767768859860555 -0.014252176561208385 0.010244017033595355
      vertex 0.05766009902953829 -0.014682065286489146 1.478379090258386e-10
    endloop
  endfacet
  facet normal 0.0 0.0 0.0
    outer loop
      vertex 0.057767768859860555 -0.014252176561208385 0.010244017033595355
      vertex 0.05781857681274141 -0.014044892587514537 0.010314951567668231
      vertex 0.05766009902953829 -0.014682065286489146 1.478379090258386e-10
    endloop
  endfacet
  facet normal 0.0 0.0 0.0
    outer loop
      vertex 0.05781857681274141 -0.014044892587514537 0.010314951567668231
      vertex 0.05786790466308321 -0.013840364732595103 0.010395015149134906
      vertex 0.05766009902953829 -0.014682065286489146 1.478379090258386e-10
    endloop
  endfacet
  facet normal 0.0 0.0 0.0
    outer loop
      vertex 0.05786790466308321 -0.013840364732595103 0.010395015149134906
      vertex 0.05791561508178438 -0.013639266290517467 0.010484122424144062
      vertex 0.05766009902953829 -0.014682065286489146 1.478379090258386e-10
    endloop
  endfacet
  facet normal 0.0 0.0 0.0
    outer loop
      vertex 0.05791561508178438 -0.013639266290517467 0.010484122424144062
      vertex 0.05796165466308321 -0.013442146577687877 0.010581836133021626
      vertex 0.05766009902953829 -0.014682065286489146 1.478379090258386e-10
    endloop
  endfacet
  facet normal 0.0 0.0 0.0
    outer loop
      vertex 0.05766009902953829 -0.014682065286489146 1.478379090258386e-10
      vertex 0.05796165466308321 -0.013442146577687877 0.010581836133021626
      vertex 0.058320262908932816 -0.011789695062490125 1.478379090258386e-10
    endloop
  endfacet
  facet normal 0.0 0.0 0.0
    outer loop
      vertex 0.05796165466308321 -0.013442146577687877 0.010581836133021626
      vertex 0.05800596237182344 -0.013249523439260143 0.010687652258891376
      vertex 0.058320262908932816 -0.011789695062490125 1.478379090258386e-10
    endloop
  endfacet
  facet normal 0.0 0.0 0.0
    outer loop
      vertex 0.05800596237182344 -0.013249523439260143 0.010687652258891376
      vertex 0.058048477172848834 -0.013061919488759654 0.010801067023295672
      vertex 0.058320262908932816 -0.011789695062490125 1.478379090258386e-10
    endloop
  endfacet
  facet normal 0.0 0.0 0.0
    outer loop
      vertex 0.058048477172848834 -0.013061919488759654 0.010801067023295672
      vertex 0.05808914947509493 -0.01287985257134022 0.010921576409358294
      vertex 0.058320262908932816 -0.011789695062490125 1.478379090258386e-10
    endloop
  endfacet
  facet normal 0.0 0.0 0.0
    outer loop
      vertex 0.05808914947509493 -0.01287985257134022 0.010921576409358294
      vertex 0.058127910614010944 -0.012703844346852917 0.011048676400203022
      vertex 0.058320262908932816 -0.011789695062490125 1.478379090258386e-10
    endloop
  endfacet
  facet normal 0.0 0.0 0.0
    outer loop
      vertex 0.058127910614010944 -0.012703844346852917 0.011048676400203022
      vertex 0.058164707183835165 -0.012534413614125866 0.01118186345579079
      vertex 0.058320262908932816 -0.011789695062490125 1.478379090258386e-10
    endloop
  endfacet
  facet normal 0.0 0.0 0.0
    outer loop
      vertex 0.058164707183835165 -0.012534413614125866 0.01118186345579079
      vertex 0.0581994819641086 -0.012372081079335826 0.011320633320826801
      vertex 0.058320262908932816 -0.011789695062490125 1.478379090258386e-10
    endloop
  endfacet
  facet normal 0.0 0.0 0.0
    outer loop
      vertex 0.0581994819641086 -0.012372081079335826 0.011320633320826801
      vertex 0.05823217391967501 -0.012217367448659557 0.011464482336062702
      vertex 0.058320262908932816 -0.011789695062490125 1.478379090258386e-10
    endloop
  endfacet
  facet normal 0.0 0.0 0.0
    outer loop
      vertex 0.05823217391967501 -0.012217367448659557 0.011464482336062702
      vertex 0.05826300811767305 -0.012069431581349986 0.011614286570567402
      vertex 0.058320262908932816 -0.011789695062490125 1.478379090258386e-10
    endloop
  endfacet
  facet normal 0.0 0.0 0.0
    outer loop
      vertex 0.05826300811767305 -0.012069431581349986 0.011614286570567402
      vertex 0.058292522430417194 -0.011925972261281628 0.011772484450358662
      vertex 0.058320262908932816 -0.011789695062490125 1.478379090258386e-10
    endloop
  endfacet
  facet normal 0.0 0.0 0.0
    outer loop
      vertex 0.058292522430417194 -0.011925972261281628 0.011772484450358662
      vertex 0.05832065200805391 -0.011787561693044324 0.011938653378505023
      vertex 0.058320262908932816 -0.011789695062490125 1.478379090258386e-10
    endloop
  endfacet
  facet normal 0.0 0.0 0.0
    outer loop
      vertex 0.05832065200805391 -0.011787561693044324 0.011938653378505023
      vertex 0.05834730148315157 -0.011654872217031141 0.01211227276803902
      vertex 0.058320262908932816 -0.011789695062490125 1.478379090258386e-10
    endloop
  endfacet
  facet normal 0.0 0.0 0.0
    outer loop
      vertex 0.05834730148315157 -0.011654872217031141 0.01211227276803902
      vertex 0.058372390747067585 -0.011528575219960828 0.012292821674365314
      vertex 0.058320262908932816 -0.011789695062490125 1.478379090258386e-10
    endloop
  endfacet
  facet normal 0.0 0.0 0.0
    outer loop
      vertex 0.058372390747067585 -0.011528575219960828 0.012292821674365314
      vertex 0.05839582061767305 -0.011409343042226454 0.012479779629725726
      vertex 0.058320262908932816 -0.011789695062490125 1.478379090258386e-10
    endloop
  endfacet
  facet normal 0.0 0.0 0.0
    outer loop
      vertex 0.05839582061767305 -0.011409343042226454 0.012479779629725726
      vertex 0.058417510986325395 -0.011297848024221083 0.012672625629920276
      vertex 0.058320262908932816 -0.011789695062490125 1.478379090258386e-10
    endloop
  endfacet
  facet normal 0.0 0.0 0.0
    outer loop
      vertex 0.058320262908932816 -0.011789695062490125 1.478379090258386e-10
      vertex 0.058417510986325395 -0.011297848024221083 0.012672625629920276
      vertex 0.05883543395995821 -0.008868014612050673 1.478379090258386e-10
    endloop
  endfacet
  facet normal 0.0 0.0 0.0
    outer loop
      vertex 0.058417510986325395 -0.011297848024221083 0.012672625629920276
      vertex 0.05843737030029024 -0.011194760598989148 0.01287083902837685
      vertex 0.05883543395995821 -0.008868014612050673 1.478379090258386e-10
    endloop
  endfacet
  facet normal 0.0 0.0 0.0
    outer loop
      vertex 0.05843737030029024 -0.011194760598989148 0.01287083902837685
      vertex 0.05845531082153047 -0.01110075310692372 0.013073899089116367
      vertex 0.05883543395995821 -0.008868014612050673 1.478379090258386e-10
    endloop
  endfacet
  facet normal 0.0 0.0 0.0
    outer loop
      vertex 0.05845531082153047 -0.01110075310692372 0.013073899089116367
      vertex 0.05847127151488985 -0.011016437806935927 0.01328125665964535
      vertex 0.05883543395995821 -0.008868014612050673 1.478379090258386e-10
    endloop
  endfacet
  facet normal 0.0 0.0 0.0
    outer loop
      vertex 0.05847127151488985 -0.011016437806935927 0.01328125665964535
      vertex 0.058485271453854695 -0.01094200066551747 0.013492174169737609
      vertex 0.05883543395995821 -0.008868014612050673 1.478379090258386e-10
    endloop
  endfacet
  facet normal 0.0 0.0 0.0
    outer loop
      vertex 0.058485271453854695 -0.01094200066551747 0.013492174169737609
      vertex 0.05849733734130586 -0.010877453126760145 0.01370583891751221
      vertex 0.05883543395995821 -0.008868014612050673 1.478379090258386e-10
    endloop
  endfacet
  facet normal 0.0 0.0 0.0
    outer loop
      vertex 0.05849733734130586 -0.010877453126760145 0.01370583891751221
      vertex 0.05850749206542696 -0.010822805681081434 0.013921438037175448
      vertex 0.05883543395995821 -0.008868014612050673 1.478379090258386e-10
    endloop
  endfacet
  facet normal 0.0 0.0 0.0
    outer loop
      vertex 0.05853027343749727 -0.010698458947988172 0.01699999990941933
      vertex 0.05895388031005586 -0.008043022432180066 0.01699999990941933
      vertex 0.05853027343749727 -0.010698458947988172 0.01500000002862862
    endloop
  endfacet
  facet normal 0.0 0.0 0.0
    outer loop
      vertex 0.05853027343749727 -0.010698458947988172 0.01500000002862862
      vertex 0.05895388031005586 -0.008043022432180066 0.01699999990941933
      vertex 0.05852937698363985 -0.010703439988942761 0.014786921529788288
    endloop
  endfacet
  facet normal 0.0 0.0 0.0
    outer loop
      vertex 0.05852937698363985 -0.010703439988942761 0.014786921529788288
      vertex 0.05895388031005586 -0.008043022432180066 0.01699999990941933
      vertex 0.05852667236327852 -0.010718376436086316 0.01457171335699013
    endloop
  endfacet
  facet normal 0.0 0.0 0.0
    outer loop
      vertex 0.05852667236327852 -0.010718376436086316 0.01457171335699013
      vertex 0.05895388031005586 -0.008043022432180066 0.01699999990941933
      vertex 0.05852213668822969 -0.010743256845327039 0.014355188100356372
    endloop
  endfacet
  facet normal 0.0 0.0 0.0
    outer loop
      vertex 0.05852213668822969 -0.010743256845327039 0.014355188100356372
      vertex 0.05895388031005586 -0.008043022432180066 0.01699999990941933
      vertex 0.05851575088500704 -0.010778069772573133 0.014138158707637103
    endloop
  endfacet
  facet normal 0.0 0.0 0.0
    outer loop
      vertex 0.05851575088500704 -0.010778069772573133 0.014138158707637103
      vertex 0.05895388031005586 -0.008043022432180066 0.01699999990941933
      vertex 0.05850749206542696 -0.010822805681081434 0.013921438037175448
    endloop
  endfacet
  facet normal 0.0 0.0 0.0
    outer loop
      vertex 0.05850749206542696 -0.010822805681081434 0.013921438037175448
      vertex 0.05895388031005586 -0.008043022432180066 0.01699999990941933
      vertex 0.05883543395995821 -0.008868014612050673 1.478379090258386e-10
    endloop
  endfacet
  facet normal 0.0 0.0 0.0
    outer loop
      vertex 0.05883543395995821 -0.008868014612050673 1.478379090258386e-10
      vertex 0.05895388031005586 -0.008043022432180066 0.01699999990941933
      vertex 0.05920433044433321 -0.005924286641927382 1.478379090258386e-10
    endloop
  endfacet
  facet normal 0.0 0.0 0.0
    outer loop
      vertex 0.05920433044433321 -0.005924286641927382 1.478379090258386e-10
      vertex 0.05925707244872774 -0.005371158876271864 0.01699999990941933
      vertex 0.05942603683471407 -0.0029658301256615138 1.478379090258386e-10
    endloop
  endfacet
  facet normal 0.0 0.0 0.0
    outer loop
      vertex 0.05895388031005586 -0.008043022432180066 0.01699999990941933
      vertex 0.05925707244872774 -0.005371158876271864 0.01699999990941933
      vertex 0.05920433044433321 -0.005924286641927382 1.478379090258386e-10
    endloop
  endfacet
  facet normal 0.0 0.0 0.0
    outer loop
      vertex 0.05942603683471407 -0.0029658301256615138 1.478379090258386e-10
      vertex 0.05943923568725313 -0.0026883247278648827 0.01699999990941933
      vertex 0.05949999999999727 -7.468678368898267e-13 1.478379090258386e-10
    endloop
  endfacet
  facet normal 0.0 0.0 0.0
    outer loop
      vertex 0.05925707244872774 -0.005371158876271864 0.01699999990941933
      vertex 0.05943923568725313 -0.0026883247278648827 0.01699999990941933
      vertex 0.05942603683471407 -0.0029658301256615138 1.478379090258386e-10
    endloop
  endfacet
  facet normal 0.0 0.0 0.0
    outer loop
      vertex 0.05943923568725313 -0.0026883247278648827 0.01699999990941933
      vertex 0.05949999999999727 -7.468678368898267e-13 0.01699999990941933
      vertex 0.05949999999999727 -7.468678368898267e-13 1.478379090258386e-10
    endloop
  endfacet
  facet normal 0.0 0.0 0.0
    outer loop
      vertex 0.05949999999999727 -7.468678368898267e-13 1.478379090258386e-10
      vertex 0.05943923568725313 0.00268832489028392 0.01699999990941933
      vertex 0.05942603683471407 0.0029658302880805508 1.478379090258386e-10
    endloop
  endfacet
  facet normal 0.0 0.0 0.0
    outer loop
      vertex 0.05949999999999727 -7.468678368898267e-13 0.01699999990941933
      vertex 0.05943923568725313 0.00268832489028392 0.01699999990941933
      vertex 0.05949999999999727 -7.468678368898267e-13 1.478379090258386e-10
    endloop
  endfacet
  facet normal 0.0 0.0 0.0
    outer loop
      vertex 0.05942603683471407 0.0029658302880805508 1.478379090258386e-10
      vertex 0.05925707244872774 0.005371158800272323 0.01699999990941933
      vertex 0.05920433044433321 0.005924287042764999 1.478379090258386e-10
    endloop
  endfacet
  facet normal 0.0 0.0 0.0
    outer loop
      vertex 0.05943923568725313 0.00268832489028392 0.01699999990941933
      vertex 0.05925707244872774 0.005371158800272323 0.01699999990941933
      vertex 0.05942603683471407 0.0029658302880805508 1.478379090258386e-10
    endloop
  endfacet
  facet normal 0.0 0.0 0.0
    outer loop
      vertex 0.05920433044433321 0.005924287042764999 1.478379090258386e-10
      vertex 0.05895388031005586 0.008043022356180526 0.01699999990941933
      vertex 0.05883543395995821 0.00886801501288829 1.478379090258386e-10
    endloop
  endfacet
  facet normal 0.0 0.0 0.0
    outer loop
      vertex 0.05925707244872774 0.005371158800272323 0.01699999990941933
      vertex 0.05895388031005586 0.008043022356180526 0.01699999990941933
      vertex 0.05920433044433321 0.005924287042764999 1.478379090258386e-10
    endloop
  endfacet
  facet normal 0.0 0.0 0.0
    outer loop
      vertex 0.05849799728393282 0.010873920164255476 0.013718636213559421
      vertex 0.058486576080319534 0.010935040197519636 0.013513618572372706
      vertex 0.05883543395995821 0.00886801501288829 1.478379090258386e-10
    endloop
  endfacet
  facet normal 0.0 0.0 0.0
    outer loop
      vertex 0.05883543395995821 0.00886801501288829 1.478379090258386e-10
      vertex 0.058507659912106644 0.010821900091318466 0.013925387202519688
      vertex 0.05849799728393282 0.010873920164255476 0.013718636213559421
    endloop
  endfacet
  facet normal 0.0 0.0 0.0
    outer loop
      vertex 0.05895388031005586 0.008043022356180526 0.01699999990941933
      vertex 0.058507659912106644 0.010821900091318466 0.013925387202519688
      vertex 0.05883543395995821 0.00886801501288829 1.478379090258386e-10
    endloop
  endfacet
  facet normal 0.0 0.0 0.0
    outer loop
      vertex 0.058486576080319534 0.010935040197519636 0.013513618572372706
      vertex 0.05847338104247774 0.011005250654367782 0.013311050495821746
      vertex 0.05883543395995821 0.00886801501288829 1.478379090258386e-10
    endloop
  endfacet
  facet normal 0.0 0.0 0.0
    outer loop
      vertex 0.05895388031005586 0.008043022356180526 0.01699999990941933
      vertex 0.058515579223630085 0.010778989515451766 0.014133155374545368
      vertex 0.058507659912106644 0.010821900091318466 0.013925387202519688
    endloop
  endfacet
  facet normal 0.0 0.0 0.0
    outer loop
      vertex 0.05847338104247774 0.011005250654367782 0.013311050495821746
      vertex 0.05845838546752657 0.01108454104438243 0.013111648170966418
      vertex 0.05883543395995821 0.00886801501288829 1.478379090258386e-10
    endloop
  endfacet
  facet normal 0.0 0.0 0.0
    outer loop
      vertex 0.05895388031005586 0.008043022356180526 0.01699999990941933
      vertex 0.05852178192138399 0.01074519892707286 0.014341224460620196
      vertex 0.058515579223630085 0.010778989515451766 0.014133155374545368
    endloop
  endfacet
  facet normal 0.0 0.0 0.0
    outer loop
      vertex 0.05845838546752657 0.01108454104438243 0.013111648170966418
      vertex 0.05844157409667696 0.011172810278086044 0.012916088311690601
      vertex 0.05883543395995821 0.00886801501288829 1.478379090258386e-10
    endloop
  endfacet
  facet normal 0.0 0.0 0.0
    outer loop
      vertex 0.05895388031005586 0.008043022356180526 0.01699999990941933
      vertex 0.058526279449460164 0.010720535955576278 0.014548878340739521
      vertex 0.05852178192138399 0.01074519892707286 0.014341224460620196
    endloop
  endfacet
  facet normal 0.0 0.0 0.0
    outer loop
      vertex 0.05844157409667696 0.011172810278086044 0.012916088311690601
      vertex 0.058422981262204306 0.011269563398508407 0.012724875240344317
      vertex 0.05883543395995821 0.00886801501288829 1.478379090258386e-10
    endloop
  endfacet
  facet normal 0.0 0.0 0.0
    outer loop
      vertex 0.05883543395995821 0.00886801501288829 1.478379090258386e-10
      vertex 0.058422981262204306 0.011269563398508407 0.012724875240344317
      vertex 0.058320262908932816 0.011789695463327742 1.478379090258386e-10
    endloop
  endfacet
  facet normal 0.0 0.0 0.0
    outer loop
      vertex 0.05895388031005586 0.008043022356180526 0.01699999990941933
      vertex 0.05852909469604219 0.010705012045053816 0.014755400686282429
      vertex 0.058526279449460164 0.010720535955576278 0.014548878340739521
    endloop
  endfacet
  facet normal 0.0 0.0 0.0
    outer loop
      vertex 0.05895388031005586 0.008043022356180526 0.01699999990941933
      vertex 0.05852997970580782 0.010700096807627058 0.01487810757638863
      vertex 0.05852909469604219 0.010705012045053816 0.014755400686282429
    endloop
  endfacet
  facet normal 0.0 0.0 0.0
    outer loop
      vertex 0.058422981262204306 0.011269563398508407 0.012724875240344317
      vertex 0.05840267944335665 0.011374209127573347 0.01253846791269234
      vertex 0.058320262908932816 0.011789695463327742 1.478379090258386e-10
    endloop
  endfacet
  facet normal 0.0 0.0 0.0
    outer loop
      vertex 0.05895388031005586 0.008043022356180526 0.01699999990941933
      vertex 0.05853027343749727 0.010698458395151473 0.01500000002862862
      vertex 0.05852997970580782 0.010700096807627058 0.01487810757638863
    endloop
  endfacet
  facet normal 0.0 0.0 0.0
    outer loop
      vertex 0.05840267944335665 0.011374209127573347 0.01253846791269234
      vertex 0.0583807563781711 0.011486154279856062 0.012357325105685504
      vertex 0.058320262908932816 0.011789695463327742 1.478379090258386e-10
    endloop
  endfacet
  facet normal 0.0 0.0 0.0
    outer loop
      vertex 0.0583807563781711 0.011486154279856062 0.012357325105685504
      vertex 0.058357280731198446 0.011604808530954696 0.012181905536670002
      vertex 0.058320262908932816 0.011789695463327742 1.478379090258386e-10
    endloop
  endfacet
  facet normal 0.0 0.0 0.0
    outer loop
      vertex 0.058357280731198446 0.011604808530954696 0.012181905536670002
      vertex 0.05833233642577852 0.01172957869544444 0.01201266828061989
      vertex 0.058320262908932816 0.011789695463327742 1.478379090258386e-10
    endloop
  endfacet
  facet normal 0.0 0.0 0.0
    outer loop
      vertex 0.05833233642577852 0.01172957869544444 0.01201266828061989
      vertex 0.058305999755856645 0.011859874448923445 0.011850072054881367
      vertex 0.058320262908932816 0.011789695463327742 1.478379090258386e-10
    endloop
  endfacet
  facet normal 0.0 0.0 0.0
    outer loop
      vertex 0.058305999755856645 0.011859874448923445 0.011850072054881367
      vertex 0.05827834701537813 0.011995101652292586 0.011694575696009906
      vertex 0.058320262908932816 0.011789695463327742 1.478379090258386e-10
    endloop
  endfacet
  facet normal 0.0 0.0 0.0
    outer loop
      vertex 0.05827834701537813 0.011995101652292586 0.011694575696009906
      vertex 0.05824946212768282 0.012134669981150006 0.011546638040560992
      vertex 0.058320262908932816 0.011789695463327742 1.478379090258386e-10
    endloop
  endfacet
  facet normal 0.0 0.0 0.0
    outer loop
      vertex 0.05895388031005586 0.008043022356180526 0.01699999990941933
      vertex 0.05853027343749727 0.010698458395151473 0.01699999990941933
      vertex 0.05853027343749727 0.010698458395151473 0.01500000002862862
    endloop
  endfacet
  facet normal 0.0 0.0 0.0
    outer loop
      vertex 0.05824946212768282 0.012134669981150006 0.011546638040560992
      vertex 0.058219242095944534 0.012278821668772076 0.011405881791133197
      vertex 0.058320262908932816 0.011789695463327742 1.478379090258386e-10
    endloop
  endfacet
  facet normal 0.0 0.0 0.0
    outer loop
      vertex 0.058219242095944534 0.012278821668772076 0.011405881791133197
      vertex 0.058187129974362505 0.012430000028757429 0.011269780306834492
      vertex 0.058320262908932816 0.011789695463327742 1.478379090258386e-10
    endloop
  endfacet
  facet normal 0.0 0.0 0.0
    outer loop
      vertex 0.058187129974362505 0.012430000028757429 0.011269780306834492
      vertex 0.05815312194823946 0.012588006696848248 0.011138514666575701
      vertex 0.058320262908932816 0.011789695463327742 1.478379090258386e-10
    endloop
  endfacet
  facet normal 0.0 0.0 0.0
    outer loop
      vertex 0.05815312194823946 0.012588006696848248 0.011138514666575701
      vertex 0.05811727523803438 0.012752382955698346 0.011012528805751117
      vertex 0.058320262908932816 0.011789695463327742 1.478379090258386e-10
    endloop
  endfacet
  facet normal 0.0 0.0 0.0
    outer loop
      vertex 0.05811727523803438 0.012752382955698346 0.011012528805751117
      vertex 0.05807963562011446 0.01292267294898448 0.010892266659755023
      vertex 0.058320262908932816 0.011789695463327742 1.478379090258386e-10
    endloop
  endfacet
  facet normal 0.0 0.0 0.0
    outer loop
      vertex 0.05807963562011446 0.01292267294898448 0.010892266659755023
      vertex 0.05804025650024141 0.013098416052011824 0.010778172163981707
      vertex 0.058320262908932816 0.011789695463327742 1.478379090258386e-10
    endloop
  endfacet
  facet normal 0.0 0.0 0.0
    outer loop
      vertex 0.05804025650024141 0.013098416052011824 0.010778172163981707
      vertex 0.05799918746947969 0.013279154501108502 0.010670689253825458
      vertex 0.058320262908932816 0.011789695463327742 1.478379090258386e-10
    endloop
  endfacet
  facet normal 0.0 0.0 0.0
    outer loop
      vertex 0.058320262908932816 0.011789695463327742 1.478379090258386e-10
      vertex 0.05795648574828829 0.013464431486276959 0.010570262103099139
      vertex 0.05766009902953829 0.014682064733652448 1.478379090258386e-10
    endloop
  endfacet
  facet normal 0.0 0.0 0.0
    outer loop
      vertex 0.05799918746947969 0.013279154501108502 0.010670689253825458
      vertex 0.05795648574828829 0.013464431486276959 0.010570262103099139
      vertex 0.058320262908932816 0.011789695463327742 1.478379090258386e-10
    endloop
  endfacet
  facet normal 0.0 0.0 0.0
    outer loop
      vertex 0.05795648574828829 0.013464431486276959 0.010570262103099139
      vertex 0.05791219711303438 0.013653787336496685 0.010477334885615619
      vertex 0.05766009902953829 0.014682064733652448 1.478379090258386e-10
    endloop
  endfacet
  facet normal 0.0 0.0 0.0
    outer loop
      vertex 0.05791219711303438 0.013653787336496685 0.010477334885615619
      vertex 0.05786637115478243 0.013846764288095807 0.010392351059932026
      vertex 0.05766009902953829 0.014682064733652448 1.478379090258386e-10
    endloop
  endfacet
  facet normal 0.0 0.0 0.0
    outer loop
      vertex 0.05786637115478243 0.013846764288095807 0.010392351059932026
      vertex 0.057813724517819534 0.014064836225656843 0.010307691006678851
      vertex 0.05766009902953829 0.014682064733652448 1.478379090258386e-10
    endloop
  endfacet
  facet normal 0.0 0.0 0.0
    outer loop
      vertex 0.057813724517819534 0.014064836225656843 0.010307691006678851
      vertex 0.057753284454342975 0.014310675344614361 0.010225768237132343
      vertex 0.05766009902953829 0.014682064733652448 1.478379090258386e-10
    endloop
  endfacet
  facet normal 0.0 0.0 0.0
    outer loop
      vertex 0.057753284454342975 0.014310675344614361 0.010225768237132343
      vertex 0.057691089630124225 0.014559098920969342 0.01015658178808144
      vertex 0.05766009902953829 0.014682064733652448 1.478379090258386e-10
    endloop
  endfacet
  facet normal 0.0 0.0 0.0
    outer loop
      vertex 0.057691089630124225 0.014559098920969342 0.01015658178808144
      vertex 0.05762743377685274 0.014808928213266705 0.010100083260554584
      vertex 0.05766009902953829 0.014682064733652448 1.478379090258386e-10
    endloop
  endfacet
  facet normal 0.0 0.0 0.0
    outer loop
      vertex 0.05762743377685274 0.014808928213266705 0.010100083260554584
      vertex 0.057562618255612506 0.015058984480051373 0.01005622425558022
      vertex 0.05766009902953829 0.014682064733652448 1.478379090258386e-10
    endloop
  endfacet
  facet normal 0.0 0.0 0.0
    outer loop
      vertex 0.057562618255612506 0.015058984480051373 0.01005622425558022
      vertex 0.05749694061279024 0.01530808802619395 0.010024956374186786
      vertex 0.05766009902953829 0.014682064733652448 1.478379090258386e-10
    endloop
  endfacet
  facet normal 0.0 0.0 0.0
    outer loop
      vertex 0.05749694061279024 0.01530808802619395 0.010024956374186786
      vertex 0.05743069839477266 0.015555060110239362 0.010006230978984149
      vertex 0.05766009902953829 0.014682064733652448 1.478379090258386e-10
    endloop
  endfacet
  facet normal 0.0 0.0 0.0
    outer loop
      vertex 0.05766009902953829 0.014682064733652448 1.478379090258386e-10
      vertex 0.05736418914794649 0.015798722944406842 0.00999999990941933
      vertex 0.05685658264159883 0.017537932119516705 1.478379090258386e-10
    endloop
  endfacet
  facet normal 0.0 0.0 0.0
    outer loop
      vertex 0.05743069839477266 0.015555060110239362 0.010006230978984149
      vertex 0.05736418914794649 0.015798722944406842 0.00999999990941933
      vertex 0.05766009902953829 0.014682064733652448 1.478379090258386e-10
    endloop
  endfacet
  facet normal 0.0 0.0 0.0
    outer loop
      vertex 0.05685658264159883 0.017537932119516705 1.478379090258386e-10
      vertex 0.056570823669430864 0.01843886824622569 0.00999999990941933
      vertex 0.05591171264648165 0.020350199422983502 1.478379090258386e-10
    endloop
  endfacet
  facet normal 0.0 0.0 0.0
    outer loop
      vertex 0.05736418914794649 0.015798722944406842 0.00999999990941933
      vertex 0.056570823669430864 0.01843886824622569 0.00999999990941933
      vertex 0.05685658264159883 0.017537932119516705 1.478379090258386e-10
    endloop
  endfacet
  facet normal 0.0 0.0 0.0
    outer loop
      vertex 0.05591171264648165 0.020350199422983502 1.478379090258386e-10
      vertex 0.05565601730346407 0.021039431295542095 0.00999999990941933
      vertex 0.05482783508300509 0.02311187048926768 1.478379090258386e-10
    endloop
  endfacet
  facet normal 0.0 0.0 0.0
    outer loop
      vertex 0.056570823669430864 0.01843886824622569 0.00999999990941933
      vertex 0.05565601730346407 0.021039431295542095 0.00999999990941933
      vertex 0.05591171264648165 0.020350199422983502 1.478379090258386e-10
    endloop
  endfacet
  facet normal 0.0 0.0 0.0
    outer loop
      vertex 0.05482783508300509 0.02311187048926768 1.478379090258386e-10
      vertex 0.0546217346191379 0.023594830236582133 0.00999999990941933
      vertex 0.05360764694213594 0.02581608267798838 1.478379090258386e-10
    endloop
  endfacet
  facet normal 0.0 0.0 0.0
    outer loop
      vertex 0.05565601730346407 0.021039431295542095 0.00999999990941933
      vertex 0.0546217346191379 0.023594830236582133 0.00999999990941933
      vertex 0.05482783508300509 0.02311187048926768 1.478379090258386e-10
    endloop
  endfacet
  facet normal 0.0 0.0 0.0
    outer loop
      vertex 0.05360764694213594 0.02581608267798838 1.478379090258386e-10
      vertex 0.05347019577026094 0.0260995776273292 0.00999999990941933
      vertex 0.05225418472289766 0.02845611258521494 1.478379090258386e-10
    endloop
  endfacet
  facet normal 0.0 0.0 0.0
    outer loop
      vertex 0.0546217346191379 0.023594830236582133 0.00999999990941933
      vertex 0.05347019577026094 0.0260995776273292 0.00999999990941933
      vertex 0.05360764694213594 0.02581608267798838 1.478379090258386e-10
    endloop
  endfacet
  facet normal 0.0 0.0 0.0
    outer loop
      vertex 0.05347019577026094 0.0260995776273292 0.00999999990941933
      vertex 0.0522038764953586 0.028548298559336036 0.00999999990941933
      vertex 0.05225418472289766 0.02845611258521494 1.478379090258386e-10
    endloop
  endfacet
  facet normal 0.0 0.0 0.0
    outer loop
      vertex 0.0522038764953586 0.028548298559336036 0.00999999990941933
      vertex 0.050825489044186725 0.030935734472421973 0.00999999990941933
      vertex 0.05225418472289766 0.02845611258521494 1.478379090258386e-10
    endloop
  endfacet
  facet normal 0.0 0.0 0.0
    outer loop
      vertex 0.05225418472289766 0.02845611258521494 1.478379090258386e-10
      vertex 0.050825489044186725 0.030935734472421973 0.00999999990941933
      vertex 0.050770809173581254 0.031025395116953222 1.478379090258386e-10
    endloop
  endfacet
  facet normal 0.0 0.0 0.0
    outer loop
      vertex 0.050825489044186725 0.030935734472421973 0.00999999990941933
      vertex 0.04933799743652071 0.03325676032081065 0.00999999990941933
      vertex 0.050770809173581254 0.031025395116953222 1.478379090258386e-10
    endloop
  endfacet
  facet normal 0.0 0.0 0.0
    outer loop
      vertex 0.050770809173581254 0.031025395116953222 1.478379090258386e-10
      vertex 0.04933799743652071 0.03325676032081065 0.00999999990941933
      vertex 0.04916120529174532 0.03351754446998057 1.478379090258386e-10
    endloop
  endfacet
  facet normal 0.0 0.0 0.0
    outer loop
      vertex 0.04916120529174532 0.03351754446998057 1.478379090258386e-10
      vertex 0.047744590759274626 0.03550639410987315 0.00999999990941933
      vertex 0.04742938232421603 0.03592636176124034 1.478379090258386e-10
    endloop
  endfacet
  facet normal 0.0 0.0 0.0
    outer loop
      vertex 0.04933799743652071 0.03325676032081065 0.00999999990941933
      vertex 0.047744590759274626 0.03550639410987315 0.00999999990941933
      vertex 0.04916120529174532 0.03351754446998057 1.478379090258386e-10
    endloop
  endfacet
  facet normal 0.0 0.0 0.0
    outer loop
      vertex 0.047744590759274626 0.03550639410987315 0.00999999990941933
      vertex 0.046048690795895714 0.03767981024756846 0.00999999990941933
      vertex 0.04742938232421603 0.03592636176124034 1.478379090258386e-10
    endloop
  endfacet
  facet normal 0.0 0.0 0.0
    outer loop
      vertex 0.04742938232421603 0.03592636176124034 1.478379090258386e-10
      vertex 0.046048690795895714 0.03767981024756846 0.00999999990941933
      vertex 0.04557964324950901 0.03824586173072276 1.478379090258386e-10
    endloop
  endfacet
  facet normal 0.0 0.0 0.0
    outer loop
      vertex 0.046048690795895714 0.03767981024756846 0.00999999990941933
      vertex 0.04425394058227267 0.03977233572974619 0.00999999990941933
      vertex 0.04557964324950901 0.03824586173072276 1.478379090258386e-10
    endloop
  endfacet
  facet normal 0.0 0.0 0.0
    outer loop
      vertex 0.04557964324950901 0.03824586173072276 1.478379090258386e-10
      vertex 0.04425394058227267 0.03977233572974619 0.00999999990941933
      vertex 0.043616584777829315 0.04047027655616221 1.478379090258386e-10
    endloop
  endfacet
  facet normal 0.0 0.0 0.0
    outer loop
      vertex 0.04425394058227267 0.03977233572974619 0.00999999990941933
      vertex 0.042364189147946506 0.041779484472421975 0.00999999990941933
      vertex 0.043616584777829315 0.04047027655616221 1.478379090258386e-10
    endloop
  endfacet
  facet normal 0.0 0.0 0.0
    outer loop
      vertex 0.043616584777829315 0.04047027655616221 1.478379090258386e-10
      vertex 0.042364189147946506 0.041779484472421975 0.00999999990941933
      vertex 0.041545089721676975 0.04259407874122081 1.478379090258386e-10
    endloop
  endfacet
  facet normal 0.0 0.0 0.0
    outer loop
      vertex 0.042364189147946506 0.041779484472421975 0.00999999990941933
      vertex 0.04226084518432346 0.04188399573340831 0.010002121834773333
      vertex 0.041545089721676975 0.04259407874122081 1.478379090258386e-10
    endloop
  endfacet
  facet normal 0.0 0.0 0.0
    outer loop
      vertex 0.04226084518432346 0.04188399573340831 0.010002121834773333
      vertex 0.04215635299682346 0.04198911353125987 0.010008493571299824
      vertex 0.041545089721676975 0.04259407874122081 1.478379090258386e-10
    endloop
  endfacet
  facet normal 0.0 0.0 0.0
    outer loop
      vertex 0.04215635299682346 0.04198911353125987 0.010008493571299824
      vertex 0.04200342559814182 0.04214199896827159 0.010025264410990985
      vertex 0.041545089721676975 0.04259407874122081 1.478379090258386e-10
    endloop
  endfacet
  facet normal 0.0 0.0 0.0
    outer loop
      vertex 0.04200342559814182 0.04214199896827159 0.010025264410990985
      vertex 0.04184898757934299 0.04229528876319346 0.010050989775676044
      vertex 0.041545089721676975 0.04259407874122081 1.478379090258386e-10
    endloop
  endfacet
  facet normal 0.0 0.0 0.0
    outer loop
      vertex 0.04184898757934299 0.04229528876319346 0.010050989775676044
      vertex 0.04169356155395237 0.0424484717465919 0.01008569851400307
      vertex 0.041545089721676975 0.04259407874122081 1.478379090258386e-10
    endloop
  endfacet
  facet normal 0.0 0.0 0.0
    outer loop
      vertex 0.04169356155395237 0.0424484717465919 0.01008569851400307
      vertex 0.041537673950192595 0.0426010367490333 0.010129419713038715
      vertex 0.041545089721676975 0.04259407874122081 1.478379090258386e-10
    endloop
  endfacet
  facet normal 0.0 0.0 0.0
    outer loop
      vertex 0.041537673950192595 0.0426010367490333 0.010129419713038715
      vertex 0.04138185882568088 0.042752472601084085 0.010182182936686785
      vertex 0.041545089721676975 0.04259407874122081 1.478379090258386e-10
    endloop
  endfacet
  facet normal 0.0 0.0 0.0
    outer loop
      vertex 0.04138185882568088 0.042752472601084085 0.010182182936686785
      vertex 0.04122663116454807 0.04290226813331065 0.010244017033595355
      vertex 0.041545089721676975 0.04259407874122081 1.478379090258386e-10
    endloop
  endfacet
  facet normal 0.0 0.0 0.0
    outer loop
      vertex 0.04122663116454807 0.04290226813331065 0.010244017033595355
      vertex 0.04107252120971408 0.0430499121762794 0.010314951567668231
      vertex 0.041545089721676975 0.04259407874122081 1.478379090258386e-10
    endloop
  endfacet
  facet normal 0.0 0.0 0.0
    outer loop
      vertex 0.04107252120971408 0.0430499121762794 0.010314951567668231
      vertex 0.04092005920409885 0.043194893560556745 0.010395015149134906
      vertex 0.041545089721676975 0.04259407874122081 1.478379090258386e-10
    endloop
  endfacet
  facet normal 0.0 0.0 0.0
    outer loop
      vertex 0.04092005920409885 0.043194893560556745 0.010395015149134906
      vertex 0.04076976013183322 0.043336762151865334 0.010484122424144062
      vertex 0.041545089721676975 0.04259407874122081 1.478379090258386e-10
    endloop
  endfacet
  facet normal 0.0 0.0 0.0
    outer loop
      vertex 0.04076976013183322 0.043336762151865334 0.010484122424144062
      vertex 0.04062206649780002 0.043475189886240335 0.010581836133021626
      vertex 0.041545089721676975 0.04259407874122081 1.478379090258386e-10
    endloop
  endfacet
  facet normal 0.0 0.0 0.0
    outer loop
      vertex 0.041545089721676975 0.04259407874122081 1.478379090258386e-10
      vertex 0.04062206649780002 0.043475189886240335 0.010581836133021626
      vertex 0.03937030792236057 0.044611981115488385 1.478379090258386e-10
    endloop
  endfacet
  facet normal 0.0 0.0 0.0
    outer loop
      vertex 0.04062206649780002 0.043475189886240335 0.010581836133021626
      vertex 0.04047740554809299 0.04360987540259776 0.010687652258891376
      vertex 0.03937030792236057 0.044611981115488385 1.478379090258386e-10
    endloop
  endfacet
  facet normal 0.0 0.0 0.0
    outer loop
      vertex 0.04047740554809299 0.04360987540259776 0.010687652258891376
      vertex 0.04033619308471408 0.04374049826636729 0.010801067023295672
      vertex 0.03937030792236057 0.044611981115488385 1.478379090258386e-10
    endloop
  endfacet
  facet normal 0.0 0.0 0.0
    outer loop
      vertex 0.04033619308471408 0.04374049826636729 0.010801067023295672
      vertex 0.04019885253905978 0.04386675330176768 0.010921576409358294
      vertex 0.03937030792236057 0.044611981115488385 1.478379090258386e-10
    endloop
  endfacet
  facet normal 0.0 0.0 0.0
    outer loop
      vertex 0.04019885253905978 0.04386675330176768 0.010921576409358294
      vertex 0.040065807342526585 0.04398832388892588 0.011048676400203022
      vertex 0.03937030792236057 0.044611981115488385 1.478379090258386e-10
    endloop
  endfacet
  facet normal 0.0 0.0 0.0
    outer loop
      vertex 0.040065807342526585 0.04398832388892588 0.011048676400203022
      vertex 0.03993747329711643 0.04410490866675792 0.01118186345579079
      vertex 0.03937030792236057 0.044611981115488385 1.478379090258386e-10
    endloop
  endfacet
  facet normal 0.0 0.0 0.0
    outer loop
      vertex 0.03993747329711643 0.04410490866675792 0.01118186345579079
      vertex 0.03981427764892307 0.04421618720069346 0.011320633320826801
      vertex 0.03937030792236057 0.044611981115488385 1.478379090258386e-10
    endloop
  endfacet
  facet normal 0.0 0.0 0.0
    outer loop
      vertex 0.03981427764892307 0.04421618720069346 0.011320633320826801
      vertex 0.03969663619994846 0.04432185812964854 0.011464482336062702
      vertex 0.03937030792236057 0.044611981115488385 1.478379090258386e-10
    endloop
  endfacet
  facet normal 0.0 0.0 0.0
    outer loop
      vertex 0.03969663619994846 0.04432185812964854 0.011464482336062702
      vertex 0.039583938598630096 0.04442252799048838 0.011614286570567402
      vertex 0.03937030792236057 0.044611981115488385 1.478379090258386e-10
    endloop
  endfacet
  facet normal 0.0 0.0 0.0
    outer loop
      vertex 0.039583938598630096 0.04442252799048838 0.011614286570567402
      vertex 0.03947445678710666 0.04451982184424815 0.011772484450358662
      vertex 0.03937030792236057 0.044611981115488385 1.478379090258386e-10
    endloop
  endfacet
  facet normal 0.0 0.0 0.0
    outer loop
      vertex 0.03947445678710666 0.04451982184424815 0.011772484450358662
      vertex 0.039368652343747285 0.044613384924082136 0.011938653378505023
      vertex 0.03937030792236057 0.044611981115488385 1.478379090258386e-10
    endloop
  endfacet
  facet normal 0.0 0.0 0.0
    outer loop
      vertex 0.039368652343747285 0.044613384924082136 0.011938653378505023
      vertex 0.039267066955563694 0.04470281287208018 0.01211227276803902
      vertex 0.03937030792236057 0.044611981115488385 1.478379090258386e-10
    endloop
  endfacet
  facet normal 0.0 0.0 0.0
    outer loop
      vertex 0.039267066955563694 0.04470281287208018 0.01211227276803902
      vertex 0.03917023468017307 0.04478768607154307 0.012292821674365314
      vertex 0.03937030792236057 0.044611981115488385 1.478379090258386e-10
    endloop
  endfacet
  facet normal 0.0 0.0 0.0
    outer loop
      vertex 0.03917023468017307 0.04478768607154307 0.012292821674365314
      vertex 0.03907869338988986 0.04486759253516612 0.012479779629725726
      vertex 0.03937030792236057 0.044611981115488385 1.478379090258386e-10
    endloop
  endfacet
  facet normal 0.0 0.0 0.0
    outer loop
      vertex 0.03937030792236057 0.044611981115488385 1.478379090258386e-10
      vertex 0.038992980957028536 0.04494212790503917 0.012672625629920276
      vertex 0.03709764480590549 0.04651897498145518 1.478379090258386e-10
    endloop
  endfacet
  facet normal 0.0 0.0 0.0
    outer loop
      vertex 0.03907869338988986 0.04486759253516612 0.012479779629725726
      vertex 0.038992980957028536 0.04494212790503917 0.012672625629920276
      vertex 0.03937030792236057 0.044611981115488385 1.478379090258386e-10
    endloop
  endfacet
  facet normal 0.0 0.0 0.0
    outer loop
      vertex 0.038992980957028536 0.04494212790503917 0.012672625629920276
      vertex 0.03891363143920627 0.045010868749765724 0.01287083902837685
      vertex 0.03709764480590549 0.04651897498145518 1.478379090258386e-10
    endloop
  endfacet
  facet normal 0.0 0.0 0.0
    outer loop
      vertex 0.03891363143920627 0.045010868749765724 0.01287083902837685
      vertex 0.038841190338132055 0.04507340689673838 0.013073899089116367
      vertex 0.03709764480590549 0.04651897498145518 1.478379090258386e-10
    endloop
  endfacet
  facet normal 0.0 0.0 0.0
    outer loop
      vertex 0.038841190338132055 0.04507340689673838 0.013073899089116367
      vertex 0.038776149749753144 0.04512938757911143 0.01328125665964535
      vertex 0.03709764480590549 0.04651897498145518 1.478379090258386e-10
    endloop
  endfacet
  facet normal 0.0 0.0 0.0
    outer loop
      vertex 0.038776149749753144 0.04512938757911143 0.01328125665964535
      vertex 0.03871868515014377 0.04517873068824229 0.013492174169737609
      vertex 0.03709764480590549 0.04651897498145518 1.478379090258386e-10
    endloop
  endfacet
  facet normal 0.0 0.0 0.0
    outer loop
      vertex 0.03871868515014377 0.04517873068824229 0.013492174169737609
      vertex 0.03866881942748752 0.04522145529761729 0.01370583891751221
      vertex 0.03709764480590549 0.04651897498145518 1.478379090258386e-10
    endloop
  endfacet
  facet normal 0.0 0.0 0.0
    outer loop
      vertex 0.03866881942748752 0.04522145529761729 0.01370583891751221
      vertex 0.038626571655270725 0.04525756903663096 0.013921438037175448
      vertex 0.03709764480590549 0.04651897498145518 1.478379090258386e-10
    endloop
  endfacet
  facet normal 0.0 0.0 0.0
    outer loop
      vertex 0.038530273437497285 0.0453394744016212 0.01699999990941933
      vertex 0.03644240188598361 0.04703404685035167 0.01699999990941933
      vertex 0.038530273437497285 0.0453394744016212 0.01500000002862862
    endloop
  endfacet
  facet normal 0.0 0.0 0.0
    outer loop
      vertex 0.038530273437497285 0.0453394744016212 0.01500000002862862
      vertex 0.03644240188598361 0.04703404685035167 0.01699999990941933
      vertex 0.038534137725827367 0.04533620902076182 0.014786921529788288
    endloop
  endfacet
  facet normal 0.0 0.0 0.0
    outer loop
      vertex 0.038534137725827367 0.04533620902076182 0.014786921529788288
      vertex 0.03644240188598361 0.04703404685035167 0.01699999990941933
      vertex 0.038545722961423064 0.04532639761939463 0.01457171335699013
    endloop
  endfacet
  facet normal 0.0 0.0 0.0
    outer loop
      vertex 0.038545722961423064 0.04532639761939463 0.01457171335699013
      vertex 0.03644240188598361 0.04703404685035167 0.01699999990941933
      vertex 0.03856500244140353 0.045310028753427836 0.014355188100356372
    endloop
  endfacet
  facet normal 0.0 0.0 0.0
    outer loop
      vertex 0.03856500244140353 0.045310028753427836 0.014355188100356372
      vertex 0.03644240188598361 0.04703404685035167 0.01699999990941933
      vertex 0.03859195709228244 0.04528709097876964 0.014138158707637103
    endloop
  endfacet
  facet normal 0.0 0.0 0.0
    outer loop
      vertex 0.03859195709228244 0.04528709097876964 0.014138158707637103
      vertex 0.03644240188598361 0.04703404685035167 0.01699999990941933
      vertex 0.038626571655270725 0.04525756903663096 0.013921438037175448
    endloop
  endfacet
  facet normal 0.0 0.0 0.0
    outer loop
      vertex 0.038626571655270725 0.04525756903663096 0.013921438037175448
      vertex 0.03644240188598361 0.04703404685035167 0.01699999990941933
      vertex 0.03709764480590549 0.04651897498145518 1.478379090258386e-10
    endloop
  endfacet
  facet normal 0.0 0.0 0.0
    outer loop
      vertex 0.03709764480590549 0.04651897498145518 1.478379090258386e-10
      vertex 0.03644240188598361 0.04703404685035167 0.01699999990941933
      vertex 0.03473274993896213 0.04831031104102548 1.478379090258386e-10
    endloop
  endfacet
  facet normal 0.0 0.0 0.0
    outer loop
      vertex 0.03644240188598361 0.04703404685035167 0.01699999990941933
      vertex 0.03428009796142307 0.048632549963144624 0.01699999990941933
      vertex 0.03473274993896213 0.04831031104102548 1.478379090258386e-10
    endloop
  endfacet
  facet normal 0.0 0.0 0.0
    outer loop
      vertex 0.03473274993896213 0.04831031104102548 1.478379090258386e-10
      vertex 0.03428009796142307 0.048632549963144624 0.01699999990941933
      vertex 0.03228150177001682 0.049981541357187596 1.478379090258386e-10
    endloop
  endfacet
  facet normal 0.0 0.0 0.0
    outer loop
      vertex 0.03428009796142307 0.048632549963144624 0.01699999990941933
      vertex 0.03204777526855197 0.05013172598853525 0.01699999990941933
      vertex 0.03228150177001682 0.049981541357187596 1.478379090258386e-10
    endloop
  endfacet
  facet normal 0.0 0.0 0.0
    outer loop
      vertex 0.03228150177001682 0.049981541357187596 1.478379090258386e-10
      vertex 0.03204777526855197 0.05013172598853525 0.01699999990941933
      vertex 0.029749999999997282 0.051528511724619246 1.478379090258386e-10
    endloop
  endfacet
  facet normal 0.0 0.0 0.0
    outer loop
      vertex 0.03204777526855197 0.05013172598853525 0.01699999990941933
      vertex 0.029749999999997282 0.051528511724619246 0.01699999990941933
      vertex 0.029749999999997282 0.051528511724619246 1.478379090258386e-10
    endloop
  endfacet
  facet normal 0.0 0.0 0.0
    outer loop
      vertex 0.029749999999997282 0.051528511724619246 0.01699999990941933
      vertex 0.027391460418698454 0.052820049963144634 0.01699999990941933
      vertex 0.029749999999997282 0.051528511724619246 1.478379090258386e-10
    endloop
  endfacet
  facet normal 0.0 0.0 0.0
    outer loop
      vertex 0.029749999999997282 0.051528511724619246 1.478379090258386e-10
      vertex 0.027391460418698454 0.052820049963144634 0.01699999990941933
      vertex 0.02714453506469455 0.0529473731137794 1.478379090258386e-10
    endloop
  endfacet
  facet normal 0.0 0.0 0.0
    outer loop
      vertex 0.027391460418698454 0.052820049963144634 0.01699999990941933
      vertex 0.024976976394650602 0.054003708562998146 0.01699999990941933
      vertex 0.02714453506469455 0.0529473731137794 1.478379090258386e-10
    endloop
  endfacet
  facet normal 0.0 0.0 0.0
    outer loop
      vertex 0.02714453506469455 0.0529473731137794 1.478379090258386e-10
      vertex 0.024976976394650602 0.054003708562998146 0.01699999990941933
      vertex 0.02447158241271701 0.05423459692969737 1.478379090258386e-10
    endloop
  endfacet
  facet normal 0.0 0.0 0.0
    outer loop
      vertex 0.024976976394650602 0.054003708562998146 0.01699999990941933
      vertex 0.02251147651672092 0.05507706900611338 0.01699999990941933
      vertex 0.02447158241271701 0.05423459692969737 1.478379090258386e-10
    endloop
  endfacet
  facet normal 0.0 0.0 0.0
    outer loop
      vertex 0.02447158241271701 0.05423459692969737 1.478379090258386e-10
      vertex 0.02251147651672092 0.05507706900611338 0.01699999990941933
      vertex 0.021737791061398653 0.05538698645606455 1.478379090258386e-10
    endloop
  endfacet
  facet normal 0.0 0.0 0.0
    outer loop
      vertex 0.019828517913815645 0.056098908147959085 0.01370583891751221
      vertex 0.01976658439635959 0.056120732031015724 0.013492174169737609
      vertex 0.021737791061398653 0.05538698645606455 1.478379090258386e-10
    endloop
  endfacet
  facet normal 0.0 0.0 0.0
    outer loop
      vertex 0.02251147651672092 0.05507706900611338 0.01699999990941933
      vertex 0.019880920410153536 0.05608037634864268 0.013921438037175448
      vertex 0.021737791061398653 0.05538698645606455 1.478379090258386e-10
    endloop
  endfacet
  facet normal 0.0 0.0 0.0
    outer loop
      vertex 0.021737791061398653 0.05538698645606455 1.478379090258386e-10
      vertex 0.019880920410153536 0.05608037634864268 0.013921438037175448
      vertex 0.019828517913815645 0.056098908147959085 0.01370583891751221
    endloop
  endfacet
  facet normal 0.0 0.0 0.0
    outer loop
      vertex 0.01976658439635959 0.056120732031015724 0.013492174169737609
      vertex 0.01969511985778537 0.05614582510962901 0.01328125665964535
      vertex 0.021737791061398653 0.05538698645606455 1.478379090258386e-10
    endloop
  endfacet
  facet normal 0.0 0.0 0.0
    outer loop
      vertex 0.02251147651672092 0.05507706900611338 0.01699999990941933
      vertex 0.019923791885373264 0.0560651595212501 0.014138158707637103
      vertex 0.019880920410153536 0.05608037634864268 0.013921438037175448
    endloop
  endfacet
  facet normal 0.0 0.0 0.0
    outer loop
      vertex 0.01969511985778537 0.05614582510962901 0.01328125665964535
      vertex 0.01961412048339572 0.05617416068091807 0.013073899089116367
      vertex 0.021737791061398653 0.05538698645606455 1.478379090258386e-10
    endloop
  endfacet
  facet normal 0.0 0.0 0.0
    outer loop
      vertex 0.02251147651672092 0.05507706900611338 0.01699999990941933
      vertex 0.01995713424682346 0.056053284368662214 0.014355188100356372
      vertex 0.019923791885373264 0.0560651595212501 0.014138158707637103
    endloop
  endfacet
  facet normal 0.0 0.0 0.0
    outer loop
      vertex 0.01961412048339572 0.05617416068091807 0.013073899089116367
      vertex 0.01952373886108127 0.05620562811866221 0.01287083902837685
      vertex 0.021737791061398653 0.05538698645606455 1.478379090258386e-10
    endloop
  endfacet
  facet normal 0.0 0.0 0.0
    outer loop
      vertex 0.02251147651672092 0.05507706900611338 0.01699999990941933
      vertex 0.019980949401852754 0.056044773779062605 0.01457171335699013
      vertex 0.01995713424682346 0.056053284368662214 0.014355188100356372
    endloop
  endfacet
  facet normal 0.0 0.0 0.0
    outer loop
      vertex 0.01952373886108127 0.05620562811866221 0.01287083902837685
      vertex 0.019424533843991426 0.05623997183814464 0.012672625629920276
      vertex 0.021737791061398653 0.05538698645606455 1.478379090258386e-10
    endloop
  endfacet
  facet normal 0.0 0.0 0.0
    outer loop
      vertex 0.021737791061398653 0.05538698645606455 1.478379090258386e-10
      vertex 0.019424533843991426 0.05623997183814464 0.012672625629920276
      vertex 0.01894995498656955 0.05640167685523448 1.478379090258386e-10
    endloop
  endfacet
  facet normal 0.0 0.0 0.0
    outer loop
      vertex 0.02251147651672092 0.05507706900611338 0.01699999990941933
      vertex 0.019995237350461152 0.0560396468259376 0.014786921529788288
      vertex 0.019980949401852754 0.056044773779062605 0.01457171335699013
    endloop
  endfacet
  facet normal 0.0 0.0 0.0
    outer loop
      vertex 0.02251147651672092 0.05507706900611338 0.01699999990941933
      vertex 0.019999999999997287 0.056037934026865334 0.01500000002862862
      vertex 0.019995237350461152 0.0560396468259376 0.014786921529788288
    endloop
  endfacet
  facet normal 0.0 0.0 0.0
    outer loop
      vertex 0.019424533843991426 0.05623997183814464 0.012672625629920276
      vertex 0.019317131042477755 0.05627693625464854 0.012479779629725726
      vertex 0.01894995498656955 0.05640167685523448 1.478379090258386e-10
    endloop
  endfacet
  facet normal 0.0 0.0 0.0
    outer loop
      vertex 0.019317131042477755 0.05627693625464854 0.012479779629725726
      vertex 0.019202156066891816 0.056316258154062604 0.012292821674365314
      vertex 0.01894995498656955 0.05640167685523448 1.478379090258386e-10
    endloop
  endfacet
  facet normal 0.0 0.0 0.0
    outer loop
      vertex 0.019202156066891816 0.056316258154062604 0.012292821674365314
      vertex 0.019080236434933808 0.05635768195167003 0.01211227276803902
      vertex 0.01894995498656955 0.05640167685523448 1.478379090258386e-10
    endloop
  endfacet
  facet normal 0.0 0.0 0.0
    outer loop
      vertex 0.019080236434933808 0.05635768195167003 0.01211227276803902
      vertex 0.018951997756955295 0.05640094824805674 0.011938653378505023
      vertex 0.01894995498656955 0.05640167685523448 1.478379090258386e-10
    endloop
  endfacet
  facet normal 0.0 0.0 0.0
    outer loop
      vertex 0.018951997756955295 0.05640094824805674 0.011938653378505023
      vertex 0.018818067550656466 0.05644579382911143 0.011772484450358662
      vertex 0.01894995498656955 0.05640167685523448 1.478379090258386e-10
    endloop
  endfacet
  facet normal 0.0 0.0 0.0
    outer loop
      vertex 0.018818067550656466 0.05644579382911143 0.011772484450358662
      vertex 0.018679069519040255 0.05649195929542002 0.011614286570567402
      vertex 0.01894995498656955 0.05640167685523448 1.478379090258386e-10
    endloop
  endfacet
  facet normal 0.0 0.0 0.0
    outer loop
      vertex 0.018679069519040255 0.05649195929542002 0.011614286570567402
      vertex 0.018535535812375215 0.056539223394541115 0.011464482336062702
      vertex 0.01894995498656955 0.05640167685523448 1.478379090258386e-10
    endloop
  endfacet
  facet normal 0.0 0.0 0.0
    outer loop
      vertex 0.02251147651672092 0.05507706900611338 0.01699999990941933
      vertex 0.019999999999997287 0.056037934026865334 0.01699999990941933
      vertex 0.019999999999997287 0.056037934026865334 0.01500000002862862
    endloop
  endfacet
  facet normal 0.0 0.0 0.0
    outer loop
      vertex 0.018535535812375215 0.056539223394541115 0.011464482336062702
      vertex 0.018385204315182833 0.056588268957285255 0.011320633320826801
      vertex 0.01894995498656955 0.05640167685523448 1.478379090258386e-10
    endloop
  endfacet
  facet normal 0.0 0.0 0.0
    outer loop
      vertex 0.018385204315182833 0.056588268957285255 0.011320633320826801
      vertex 0.018227233886716036 0.05663932105079112 0.01118186345579079
      vertex 0.01894995498656955 0.05640167685523448 1.478379090258386e-10
    endloop
  endfacet
  facet normal 0.0 0.0 0.0
    outer loop
      vertex 0.018227233886716036 0.05663932105079112 0.01118186345579079
      vertex 0.01806210327148166 0.05669216986670909 0.011048676400203022
      vertex 0.01894995498656955 0.05640167685523448 1.478379090258386e-10
    endloop
  endfacet
  facet normal 0.0 0.0 0.0
    outer loop
      vertex 0.01806210327148166 0.05669216986670909 0.011048676400203022
      vertex 0.01789029502868381 0.05674660559668956 0.010921576409358294
      vertex 0.01894995498656955 0.05640167685523448 1.478379090258386e-10
    endloop
  endfacet
  facet normal 0.0 0.0 0.0
    outer loop
      vertex 0.01789029502868381 0.05674660559668956 0.010921576409358294
      vertex 0.017712285995480685 0.056802418432382915 0.010801067023295672
      vertex 0.01894995498656955 0.05640167685523448 1.478379090258386e-10
    endloop
  endfacet
  facet normal 0.0 0.0 0.0
    outer loop
      vertex 0.017712285995480685 0.056802418432382915 0.010801067023295672
      vertex 0.017528556823727753 0.056859398565439555 0.010687652258891376
      vertex 0.01894995498656955 0.05640167685523448 1.478379090258386e-10
    endloop
  endfacet
  facet normal 0.0 0.0 0.0
    outer loop
      vertex 0.01894995498656955 0.05640167685523448 1.478379090258386e-10
      vertex 0.017339586257931857 0.05691733618750987 0.010581836133021626
      vertex 0.016115007400509983 0.05727614279761729 1.478379090258386e-10
    endloop
  endfacet
  facet normal 0.0 0.0 0.0
    outer loop
      vertex 0.017528556823727753 0.056859398565439555 0.010687652258891376
      vertex 0.017339586257931857 0.05691733618750987 0.010581836133021626
      vertex 0.01894995498656955 0.05640167685523448 1.478379090258386e-10
    endloop
  endfacet
  facet normal 0.0 0.0 0.0
    outer loop
      vertex 0.017339586257931857 0.05691733618750987 0.010581836133021626
      vertex 0.017145856857297092 0.056976029119638776 0.010484122424144062
      vertex 0.016115007400509983 0.05727614279761729 1.478379090258386e-10
    endloop
  endfacet
  facet normal 0.0 0.0 0.0
    outer loop
      vertex 0.017145856857297092 0.056976029119638776 0.010484122424144062
      vertex 0.016947843551633028 0.05703525610938487 0.010395015149134906
      vertex 0.016115007400509983 0.05727614279761729 1.478379090258386e-10
    endloop
  endfacet
  facet normal 0.0 0.0 0.0
    outer loop
      vertex 0.016947843551633028 0.05703525610938487 0.010395015149134906
      vertex 0.016746053695675996 0.05709480353370128 0.010314951567668231
      vertex 0.016115007400509983 0.05727614279761729 1.478379090258386e-10
    endloop
  endfacet
  facet normal 0.0 0.0 0.0
    outer loop
      vertex 0.016746053695675996 0.05709480353370128 0.010314951567668231
      vertex 0.016541137695309786 0.05715444251075206 0.010244017033595355
      vertex 0.016115007400509983 0.05727614279761729 1.478379090258386e-10
    endloop
  endfacet
  facet normal 0.0 0.0 0.0
    outer loop
      vertex 0.016541137695309786 0.05715444251075206 0.010244017033595355
      vertex 0.01633379745483127 0.0572139746762794 0.010182182936686785
      vertex 0.016115007400509983 0.05727614279761729 1.478379090258386e-10
    endloop
  endfacet
  facet normal 0.0 0.0 0.0
    outer loop
      vertex 0.01633379745483127 0.0572139746762794 0.010182182936686785
      vertex 0.016124740600583228 0.057273201666025494 0.010129419713038715
      vertex 0.016115007400509983 0.05727614279761729 1.478379090258386e-10
    endloop
  endfacet
  facet normal 0.0 0.0 0.0
    outer loop
      vertex 0.016124740600583228 0.057273201666025494 0.010129419713038715
      vertex 0.015914673805234102 0.057331917486337994 0.01008569851400307
      vertex 0.016115007400509983 0.05727614279761729 1.478379090258386e-10
    endloop
  endfacet
  facet normal 0.0 0.0 0.0
    outer loop
      vertex 0.015914673805234102 0.057331917486337994 0.01008569851400307
      vertex 0.015704300880429418 0.057389927587656354 0.010050989775676044
      vertex 0.016115007400509983 0.05727614279761729 1.478379090258386e-10
    endloop
  endfacet
  facet normal 0.0 0.0 0.0
    outer loop
      vertex 0.015704300880429418 0.057389927587656354 0.010050989775676044
      vertex 0.015494327545163304 0.05744703360572276 0.010025264410990985
      vertex 0.016115007400509983 0.05727614279761729 1.478379090258386e-10
    endloop
  endfacet
  facet normal 0.0 0.0 0.0
    outer loop
      vertex 0.015494327545163304 0.05744703360572276 0.010025264410990985
      vertex 0.015285460472104221 0.05750302954688487 0.010008493571299824
      vertex 0.016115007400509983 0.05727614279761729 1.478379090258386e-10
    endloop
  endfacet
  facet normal 0.0 0.0 0.0
    outer loop
      vertex 0.015285460472104221 0.05750302954688487 0.010008493571299824
      vertex 0.015142181396481663 0.05754096289649424 0.010002121834773333
      vertex 0.016115007400509983 0.05727614279761729 1.478379090258386e-10
    endloop
  endfacet
  facet normal 0.0 0.0 0.0
    outer loop
      vertex 0.015142181396481663 0.05754096289649424 0.010002121834773333
      vertex 0.014999999999997288 0.05757820578589854 0.00999999990941933
      vertex 0.016115007400509983 0.05727614279761729 1.478379090258386e-10
    endloop
  endfacet
  facet normal 0.0 0.0 0.0
    outer loop
      vertex 0.016115007400509983 0.05727614279761729 1.478379090258386e-10
      vertex 0.014999999999997288 0.05757820578589854 0.00999999990941933
      vertex 0.013239995956418185 0.05800820990577159 1.478379090258386e-10
    endloop
  endfacet
  facet normal 0.0 0.0 0.0
    outer loop
      vertex 0.014999999999997288 0.05757820578589854 0.00999999990941933
      vertex 0.01231688308715549 0.058211205206064556 0.00999999990941933
      vertex 0.013239995956418185 0.05800820990577159 1.478379090258386e-10
    endloop
  endfacet
  facet normal 0.0 0.0 0.0
    outer loop
      vertex 0.013239995956418185 0.05800820990577159 1.478379090258386e-10
      vertex 0.01231688308715549 0.058211205206064556 0.00999999990941933
      vertex 0.010332066535946996 0.05859606238379893 1.478379090258386e-10
    endloop
  endfacet
  facet normal 0.0 0.0 0.0
    outer loop
      vertex 0.01231688308715549 0.058211205206064556 0.00999999990941933
      vertex 0.009607326507565649 0.05871924277320323 0.00999999990941933
      vertex 0.010332066535946996 0.05859606238379893 1.478379090258386e-10
    endloop
  endfacet
  facet normal 0.0 0.0 0.0
    outer loop
      vertex 0.010332066535946996 0.05859606238379893 1.478379090258386e-10
      vertex 0.009607326507565649 0.05871924277320323 0.00999999990941933
      vertex 0.007398450374600561 0.059038231573252054 1.478379090258386e-10
    endloop
  endfacet
  facet normal 0.0 0.0 0.0
    outer loop
      vertex 0.009607326507565649 0.05871924277320323 0.00999999990941933
      vertex 0.006877145290372045 0.05910122748389659 0.00999999990941933
      vertex 0.007398450374600561 0.059038231573252054 1.478379090258386e-10
    endloop
  endfacet
  facet normal 0.0 0.0 0.0
    outer loop
      vertex 0.007398450374600561 0.059038231573252054 1.478379090258386e-10
      vertex 0.006877145290372045 0.05910122748389659 0.00999999990941933
      vertex 0.0044464406967135986 0.05933362647071299 1.478379090258386e-10
    endloop
  endfacet
  facet normal 0.0 0.0 0.0
    outer loop
      vertex 0.006877145290372045 0.05910122748389659 0.00999999990941933
      vertex 0.004132201194760474 0.05935633917823253 0.00999999990941933
      vertex 0.0044464406967135986 0.05933362647071299 1.478379090258386e-10
    endloop
  endfacet
  facet normal 0.0 0.0 0.0
    outer loop
      vertex 0.0044464406967135986 0.05933362647071299 1.478379090258386e-10
      vertex 0.004132201194760474 0.05935633917823253 0.00999999990941933
      vertex 0.0014833761453601452 0.059481507024912214 1.478379090258386e-10
    endloop
  endfacet
  facet normal 0.0 0.0 0.0
    outer loop
      vertex 0.004132201194760474 0.05935633917823253 0.00999999990941933
      vertex 0.0013783867359134288 0.05948403235450205 0.00999999990941933
      vertex 0.0014833761453601452 0.059481507024912214 1.478379090258386e-10
    endloop
  endfacet
  facet normal 0.0 0.0 0.0
    outer loop
      vertex 0.0013783867359134288 0.05948403235450205 0.00999999990941933
      vertex -0.0013783867359188462 0.05948403235450205 0.00999999990941933
      vertex 0.0014833761453601452 0.059481507024912214 1.478379090258386e-10
    endloop
  endfacet
  facet normal 0.0 0.0 0.0
    outer loop
      vertex 0.0014833761453601452 0.059481507024912214 1.478379090258386e-10
      vertex -0.0013783867359188462 0.05948403235450205 0.00999999990941933
      vertex -0.0014833761453655625 0.059481507024912214 1.478379090258386e-10
    endloop
  endfacet
  facet normal 0.0 0.0 0.0
    outer loop
      vertex -0.0013783867359188462 0.05948403235450205 0.00999999990941933
      vertex -0.004132201194765892 0.05935633917823253 0.00999999990941933
      vertex -0.0014833761453655625 0.059481507024912214 1.478379090258386e-10
    endloop
  endfacet
  facet normal 0.0 0.0 0.0
    outer loop
      vertex -0.0014833761453655625 0.059481507024912214 1.478379090258386e-10
      vertex -0.004132201194765892 0.05935633917823253 0.00999999990941933
      vertex -0.004446440696719017 0.05933362647071299 1.478379090258386e-10
    endloop
  endfacet
  facet normal 0.0 0.0 0.0
    outer loop
      vertex -0.004132201194765892 0.05935633917823253 0.00999999990941933
      vertex -0.006877145290377463 0.05910122748389659 0.00999999990941933
      vertex -0.004446440696719017 0.05933362647071299 1.478379090258386e-10
    endloop
  endfacet
  facet normal 0.0 0.0 0.0
    outer loop
      vertex -0.004446440696719017 0.05933362647071299 1.478379090258386e-10
      vertex -0.006877145290377463 0.05910122748389659 0.00999999990941933
      vertex -0.007398450374605979 0.059038231573252054 1.478379090258386e-10
    endloop
  endfacet
  facet normal 0.0 0.0 0.0
    outer loop
      vertex -0.006877145290377463 0.05910122748389659 0.00999999990941933
      vertex -0.009607326507571066 0.05871924277320323 0.00999999990941933
      vertex -0.007398450374605979 0.059038231573252054 1.478379090258386e-10
    endloop
  endfacet
  facet normal 0.0 0.0 0.0
    outer loop
      vertex -0.007398450374605979 0.059038231573252054 1.478379090258386e-10
      vertex -0.009607326507571066 0.05871924277320323 0.00999999990941933
      vertex -0.010332066535952414 0.05859606238379893 1.478379090258386e-10
    endloop
  endfacet
  facet normal 0.0 0.0 0.0
    outer loop
      vertex -0.009607326507571066 0.05871924277320323 0.00999999990941933
      vertex -0.012316883087160908 0.058211205206064556 0.00999999990941933
      vertex -0.010332066535952414 0.05859606238379893 1.478379090258386e-10
    endloop
  endfacet
  facet normal 0.0 0.0 0.0
    outer loop
      vertex -0.010332066535952414 0.05859606238379893 1.478379090258386e-10
      vertex -0.012316883087160908 0.058211205206064556 0.00999999990941933
      vertex -0.013239995956423604 0.05800820990577159 1.478379090258386e-10
    endloop
  endfacet
  facet normal 0.0 0.0 0.0
    outer loop
      vertex -0.012316883087160908 0.058211205206064556 0.00999999990941933
      vertex -0.015000000000002706 0.05757820578589854 0.00999999990941933
      vertex -0.013239995956423604 0.05800820990577159 1.478379090258386e-10
    endloop
  endfacet
  facet normal 0.0 0.0 0.0
    outer loop
      vertex -0.013239995956423604 0.05800820990577159 1.478379090258386e-10
      vertex -0.015000000000002706 0.05757820578589854 0.00999999990941933
      vertex -0.0161150074005154 0.05727614279761729 1.478379090258386e-10
    endloop
  endfacet
  facet normal 0.0 0.0 0.0
    outer loop
      vertex -0.015000000000002706 0.05757820578589854 0.00999999990941933
      vertex -0.015244272232058369 0.05751397391333995 0.010006230978984149
      vertex -0.0161150074005154 0.05727614279761729 1.478379090258386e-10
    endloop
  endfacet
  facet normal 0.0 0.0 0.0
    outer loop
      vertex -0.015244272232058369 0.05751397391333995 0.010006230978984149
      vertex -0.01549127864837917 0.057447857580332135 0.010024956374186786
      vertex -0.0161150074005154 0.05727614279761729 1.478379090258386e-10
    endloop
  endfacet
  facet normal 0.0 0.0 0.0
    outer loop
      vertex -0.01549127864837917 0.057447857580332135 0.010024956374186786
      vertex -0.015739847183230245 0.05738018103614268 0.01005622425558022
      vertex -0.0161150074005154 0.05727614279761729 1.478379090258386e-10
    endloop
  endfacet
  facet normal 0.0 0.0 0.0
    outer loop
      vertex -0.015739847183230245 0.05738018103614268 0.01005622425558022
      vertex -0.01598880863189968 0.057311287603525496 0.010100083260554584
      vertex -0.0161150074005154 0.05727614279761729 1.478379090258386e-10
    endloop
  endfacet
  facet normal 0.0 0.0 0.0
    outer loop
      vertex -0.01598880863189968 0.057311287603525496 0.010100083260554584
      vertex -0.01623699378967556 0.057241497717050886 0.01015658178808144
      vertex -0.0161150074005154 0.05727614279761729 1.478379090258386e-10
    endloop
  endfacet
  facet normal 0.0 0.0 0.0
    outer loop
      vertex -0.01623699378967556 0.057241497717050886 0.01015658178808144
      vertex -0.016483234405520287 0.05717115088477549 0.010225768237132343
      vertex -0.0161150074005154 0.05727614279761729 1.478379090258386e-10
    endloop
  endfacet
  facet normal 0.0 0.0 0.0
    outer loop
      vertex -0.016483234405520287 0.05717115088477549 0.010225768237132343
      vertex -0.016726356506350362 0.0571005713559669 0.010307691006678851
      vertex -0.0161150074005154 0.05727614279761729 1.478379090258386e-10
    endloop
  endfacet
  facet normal 0.0 0.0 0.0
    outer loop
      vertex -0.016726356506350362 0.0571005713559669 0.010307691006678851
      vertex -0.01694153594970974 0.05703713294043956 0.010392351059932026
      vertex -0.0161150074005154 0.05727614279761729 1.478379090258386e-10
    endloop
  endfacet
  facet normal 0.0 0.0 0.0
    outer loop
      vertex -0.01694153594970974 0.05703713294043956 0.010392351059932026
      vertex -0.017131570816042746 0.05698032446875987 0.010477334885615619
      vertex -0.0161150074005154 0.05727614279761729 1.478379090258386e-10
    endloop
  endfacet
  facet normal 0.0 0.0 0.0
    outer loop
      vertex -0.017131570816042746 0.05698032446875987 0.010477334885615619
      vertex -0.01731770324707302 0.05692400427833018 0.010570262103099139
      vertex -0.0161150074005154 0.05727614279761729 1.478379090258386e-10
    endloop
  endfacet
  facet normal 0.0 0.0 0.0
    outer loop
      vertex -0.0161150074005154 0.05727614279761729 1.478379090258386e-10
      vertex -0.01731770324707302 0.05692400427833018 0.010570262103099139
      vertex -0.018949954986574973 0.05640167685523448 1.478379090258386e-10
    endloop
  endfacet
  facet normal 0.0 0.0 0.0
    outer loop
      vertex -0.01731770324707302 0.05692400427833018 0.010570262103099139
      vertex -0.017499509811404076 0.05686834784522471 0.010670689253825458
      vertex -0.018949954986574973 0.05640167685523448 1.478379090258386e-10
    endloop
  endfacet
  facet normal 0.0 0.0 0.0
    outer loop
      vertex -0.017499509811404076 0.05686834784522471 0.010670689253825458
      vertex -0.017676567077639427 0.05681354590430674 0.010778172163981707
      vertex -0.018949954986574973 0.05640167685523448 1.478379090258386e-10
    endloop
  endfacet
  facet normal 0.0 0.0 0.0
    outer loop
      vertex -0.017676567077639427 0.05681354590430674 0.010778172163981707
      vertex -0.017848455429079854 0.05675977774634776 0.010892266659755023
      vertex -0.018949954986574973 0.05640167685523448 1.478379090258386e-10
    endloop
  endfacet
  facet normal 0.0 0.0 0.0
    outer loop
      vertex -0.017848455429079854 0.05675977774634776 0.010892266659755023
      vertex -0.018014749526980248 0.056707230291513776 0.011012528805751117
      vertex -0.018949954986574973 0.05640167685523448 1.478379090258386e-10
    endloop
  endfacet
  facet normal 0.0 0.0 0.0
    outer loop
      vertex -0.018014749526980248 0.056707230291513776 0.011012528805751117
      vertex -0.018175027847292746 0.05665608664527354 0.011138514666575701
      vertex -0.018949954986574973 0.05640167685523448 1.478379090258386e-10
    endloop
  endfacet
  facet normal 0.0 0.0 0.0
    outer loop
      vertex -0.018175027847292746 0.05665608664527354 0.011138514666575701
      vertex -0.018328868865969503 0.05660653372779307 0.011269780306834492
      vertex -0.018949954986574973 0.05640167685523448 1.478379090258386e-10
    endloop
  endfacet
  facet normal 0.0 0.0 0.0
    outer loop
      vertex -0.018328868865969503 0.05660653372779307 0.011269780306834492
      vertex -0.018475849151614036 0.05655875082984385 0.011405881791133197
      vertex -0.018949954986574973 0.05640167685523448 1.478379090258386e-10
    endloop
  endfacet
  facet normal 0.0 0.0 0.0
    outer loop
      vertex -0.018475849151614036 0.05655875082984385 0.011405881791133197
      vertex -0.01861579895019802 0.05651284857764659 0.011546638040560992
      vertex -0.018949954986574973 0.05640167685523448 1.478379090258386e-10
    endloop
  endfacet
  facet normal 0.0 0.0 0.0
    outer loop
      vertex -0.01861579895019802 0.05651284857764659 0.011546638040560992
      vertex -0.018751110076907003 0.05646807929053721 0.011694575696009906
      vertex -0.018949954986574973 0.05640167685523448 1.478379090258386e-10
    endloop
  endfacet
  facet normal 0.0 0.0 0.0
    outer loop
      vertex -0.018751110076907003 0.05646807929053721 0.011694575696009906
      vertex -0.01888204765320095 0.0564244124509376 0.011850072054881367
      vertex -0.018949954986574973 0.05640167685523448 1.478379090258386e-10
    endloop
  endfacet
  facet normal 0.0 0.0 0.0
    outer loop
      vertex -0.01888204765320095 0.0564244124509376 0.011850072054881367
      vertex -0.019008054733279073 0.05638207312598643 0.01201266828061989
      vertex -0.018949954986574973 0.05640167685523448 1.478379090258386e-10
    endloop
  endfacet
  facet normal 0.0 0.0 0.0
    outer loop
      vertex -0.019008054733279073 0.05638207312598643 0.01201266828061989
      vertex -0.01912858200073513 0.056341290197519635 0.012181905536670002
      vertex -0.018949954986574973 0.05640167685523448 1.478379090258386e-10
    endloop
  endfacet
  facet normal 0.0 0.0 0.0
    outer loop
      vertex -0.01912858200073513 0.056341290197519635 0.012181905536670002
      vertex -0.019243076324465598 0.05630229254737315 0.012357325105685504
      vertex -0.018949954986574973 0.05640167685523448 1.478379090258386e-10
    endloop
  endfacet
  facet normal 0.0 0.0 0.0
    outer loop
      vertex -0.019243076324465598 0.05630229254737315 0.012357325105685504
      vertex -0.019350986480715596 0.05626530905738292 0.01253846791269234
      vertex -0.018949954986574973 0.05640167685523448 1.478379090258386e-10
    endloop
  endfacet
  facet normal 0.0 0.0 0.0
    outer loop
      vertex -0.019350986480715596 0.05626530905738292 0.01253846791269234
      vertex -0.019451761245730247 0.056230564794687604 0.012724875240344317
      vertex -0.018949954986574973 0.05640167685523448 1.478379090258386e-10
    endloop
  endfacet
  facet normal 0.0 0.0 0.0
    outer loop
      vertex -0.018949954986574973 0.05640167685523448 1.478379090258386e-10
      vertex -0.019451761245730247 0.056230564794687604 0.012724875240344317
      vertex -0.021737791061404076 0.05538698645606455 1.478379090258386e-10
    endloop
  endfacet
  facet normal 0.0 0.0 0.0
    outer loop
      vertex -0.019451761245730247 0.056230564794687604 0.012724875240344317
      vertex -0.01954484939575466 0.05619829245582041 0.012916088311690601
      vertex -0.021737791061404076 0.05538698645606455 1.478379090258386e-10
    endloop
  endfacet
  facet normal 0.0 0.0 0.0
    outer loop
      vertex -0.01954484939575466 0.05619829245582041 0.012916088311690601
      vertex -0.019629699707033956 0.05616871710792003 0.013111648170966418
      vertex -0.021737791061404076 0.05538698645606455 1.478379090258386e-10
    endloop
  endfacet
  facet normal 0.0 0.0 0.0
    outer loop
      vertex -0.019629699707033956 0.05616871710792003 0.013111648170966418
      vertex -0.019705863952639426 0.05614205618873057 0.013311050495821746
      vertex -0.021737791061404076 0.05538698645606455 1.478379090258386e-10
    endloop
  endfacet
  facet normal 0.0 0.0 0.0
    outer loop
      vertex -0.019705863952639426 0.05614205618873057 0.013311050495821746
      vertex -0.019773265838625754 0.0561183821775001 0.013513618572372706
      vertex -0.021737791061404076 0.05538698645606455 1.478379090258386e-10
    endloop
  endfacet
  facet normal 0.0 0.0 0.0
    outer loop
      vertex -0.019773265838625754 0.0561183821775001 0.013513618572372706
      vertex -0.019831907272341576 0.05609771033301768 0.013718636213559421
      vertex -0.021737791061404076 0.05538698645606455 1.478379090258386e-10
    endloop
  endfacet
  facet normal 0.0 0.0 0.0
    outer loop
      vertex -0.019831907272341576 0.05609771033301768 0.013718636213559421
      vertex -0.01988178825378689 0.05608006735816416 0.013925387202519688
      vertex -0.021737791061404076 0.05538698645606455 1.478379090258386e-10
    endloop
  endfacet
  facet normal 0.0 0.0 0.0
    outer loop
      vertex -0.020000000000002707 0.056037934026865334 0.01699999990941933
      vertex -0.02251147651672634 0.05507706900611338 0.01699999990941933
      vertex -0.020000000000002707 0.056037934026865334 0.01500000002862862
    endloop
  endfacet
  facet normal 0.0 0.0 0.0
    outer loop
      vertex -0.01988178825378689 0.05608006735816416 0.013925387202519688
      vertex -0.02251147651672634 0.05507706900611338 0.01699999990941933
      vertex -0.021737791061404076 0.05538698645606455 1.478379090258386e-10
    endloop
  endfacet
  facet normal 0.0 0.0 0.0
    outer loop
      vertex -0.019922910690310325 0.056065472326425884 0.014133155374545368
      vertex -0.02251147651672634 0.05507706900611338 0.01699999990941933
      vertex -0.01988178825378689 0.05608006735816416 0.013925387202519688
    endloop
  endfacet
  facet normal 0.0 0.0 0.0
    outer loop
      vertex -0.019955274581911885 0.05605394812598643 0.014341224460620196
      vertex -0.02251147651672634 0.05507706900611338 0.01699999990941933
      vertex -0.019922910690310325 0.056065472326425884 0.014133155374545368
    endloop
  endfacet
  facet normal 0.0 0.0 0.0
    outer loop
      vertex -0.01997888374328884 0.056045513830332135 0.014548878340739521
      vertex -0.02251147651672634 0.05507706900611338 0.01699999990941933
      vertex -0.019955274581911885 0.05605394812598643 0.014341224460620196
    endloop
  endfacet
  facet normal 0.0 0.0 0.0
    outer loop
      vertex -0.019993734359743918 0.05604018851294932 0.014755400686282429
      vertex -0.02251147651672634 0.05507706900611338 0.01699999990941933
      vertex -0.01997888374328884 0.056045513830332135 0.014548878340739521
    endloop
  endfacet
  facet normal 0.0 0.0 0.0
    outer loop
      vertex -0.019998434066775168 0.05603849860206065 0.01487810757638863
      vertex -0.02251147651672634 0.05507706900611338 0.01699999990941933
      vertex -0.019993734359743918 0.05604018851294932 0.014755400686282429
    endloop
  endfacet
  facet normal 0.0 0.0 0.0
    outer loop
      vertex -0.020000000000002707 0.056037934026865334 0.01500000002862862
      vertex -0.02251147651672634 0.05507706900611338 0.01699999990941933
      vertex -0.019998434066775168 0.05603849860206065 0.01487810757638863
    endloop
  endfacet
  facet normal 0.0 0.0 0.0
    outer loop
      vertex -0.021737791061404076 0.05538698645606455 1.478379090258386e-10
      vertex -0.02251147651672634 0.05507706900611338 0.01699999990941933
      vertex -0.02447158241272243 0.05423459692969737 1.478379090258386e-10
    endloop
  endfacet
  facet normal 0.0 0.0 0.0
    outer loop
      vertex -0.02251147651672634 0.05507706900611338 0.01699999990941933
      vertex -0.024976976394656025 0.054003708562998146 0.01699999990941933
      vertex -0.02447158241272243 0.05423459692969737 1.478379090258386e-10
    endloop
  endfacet
  facet normal 0.0 0.0 0.0
    outer loop
      vertex -0.02447158241272243 0.05423459692969737 1.478379090258386e-10
      vertex -0.024976976394656025 0.054003708562998146 0.01699999990941933
      vertex -0.02714453506469997 0.0529473731137794 1.478379090258386e-10
    endloop
  endfacet
  facet normal 0.0 0.0 0.0
    outer loop
      vertex -0.024976976394656025 0.054003708562998146 0.01699999990941933
      vertex -0.027391460418703877 0.052820049963144634 0.01699999990941933
      vertex -0.02714453506469997 0.0529473731137794 1.478379090258386e-10
    endloop
  endfacet
  facet normal 0.0 0.0 0.0
    outer loop
      vertex -0.02714453506469997 0.0529473731137794 1.478379090258386e-10
      vertex -0.027391460418703877 0.052820049963144634 0.01699999990941933
      vertex -0.029750000000002705 0.051528511724619246 1.478379090258386e-10
    endloop
  endfacet
  facet normal 0.0 0.0 0.0
    outer loop
      vertex -0.027391460418703877 0.052820049963144634 0.01699999990941933
      vertex -0.029750000000002705 0.051528511724619246 0.01699999990941933
      vertex -0.029750000000002705 0.051528511724619246 1.478379090258386e-10
    endloop
  endfacet
  facet normal 0.0 0.0 0.0
    outer loop
      vertex -0.029750000000002705 0.051528511724619246 0.01699999990941933
      vertex -0.032047775268557385 0.05013172598853526 0.01699999990941933
      vertex -0.029750000000002705 0.051528511724619246 1.478379090258386e-10
    endloop
  endfacet
  facet normal 0.0 0.0 0.0
    outer loop
      vertex -0.029750000000002705 0.051528511724619246 1.478379090258386e-10
      vertex -0.032047775268557385 0.05013172598853526 0.01699999990941933
      vertex -0.03228150177002223 0.04998154135718761 1.478379090258386e-10
    endloop
  endfacet
  facet normal 0.0 0.0 0.0
    outer loop
      vertex -0.032047775268557385 0.05013172598853526 0.01699999990941933
      vertex -0.03428009796142848 0.04863254996314464 0.01699999990941933
      vertex -0.03228150177002223 0.04998154135718761 1.478379090258386e-10
    endloop
  endfacet
  facet normal 0.0 0.0 0.0
    outer loop
      vertex -0.03228150177002223 0.04998154135718761 1.478379090258386e-10
      vertex -0.03428009796142848 0.04863254996314464 0.01699999990941933
      vertex -0.03473274993896754 0.0483103110410255 1.478379090258386e-10
    endloop
  endfacet
  facet normal 0.0 0.0 0.0
    outer loop
      vertex -0.03428009796142848 0.04863254996314464 0.01699999990941933
      vertex -0.03644240188598903 0.04703404685035168 0.01699999990941933
      vertex -0.03473274993896754 0.0483103110410255 1.478379090258386e-10
    endloop
  endfacet
  facet normal 0.0 0.0 0.0
    outer loop
      vertex -0.03473274993896754 0.0483103110410255 1.478379090258386e-10
      vertex -0.03644240188598903 0.04703404685035168 0.01699999990941933
      vertex -0.037097644805910907 0.04651897498145519 1.478379090258386e-10
    endloop
  endfacet
  facet normal 0.0 0.0 0.0
    outer loop
      vertex -0.03866608810425075 0.045223789892343866 0.013718636213559421
      vertex -0.038713310241701916 0.04518334265723645 0.013513618572372706
      vertex -0.037097644805910907 0.04651897498145519 1.478379090258386e-10
    endloop
  endfacet
  facet normal 0.0 0.0 0.0
    outer loop
      vertex -0.037097644805910907 0.04651897498145519 1.478379090258386e-10
      vertex -0.038625869750979265 0.04525816794410168 0.013925387202519688
      vertex -0.03866608810425075 0.045223789892343866 0.013718636213559421
    endloop
  endfacet
  facet normal 0.0 0.0 0.0
    outer loop
      vertex -0.03644240188598903 0.04703404685035168 0.01699999990941933
      vertex -0.038625869750979265 0.04525816794410168 0.013925387202519688
      vertex -0.037097644805910907 0.04651897498145519 1.478379090258386e-10
    endloop
  endfacet
  facet normal 0.0 0.0 0.0
    outer loop
      vertex -0.038713310241701916 0.04518334265723645 0.013513618572372706
      vertex -0.03876751708984645 0.045136807165293086 0.013311050495821746
      vertex -0.037097644805910907 0.04651897498145519 1.478379090258386e-10
    endloop
  endfacet
  facet normal 0.0 0.0 0.0
    outer loop
      vertex -0.03644240188598903 0.04703404685035168 0.01699999990941933
      vertex -0.038592670440676526 0.04528648444190441 0.014133155374545368
      vertex -0.038625869750979265 0.04525816794410168 0.013925387202519688
    endloop
  endfacet
  facet normal 0.0 0.0 0.0
    outer loop
      vertex -0.03876751708984645 0.045136807165293086 0.013311050495821746
      vertex -0.038828689575198014 0.045084175787119256 0.013111648170966418
      vertex -0.037097644805910907 0.04651897498145519 1.478379090258386e-10
    endloop
  endfacet
  facet normal 0.0 0.0 0.0
    outer loop
      vertex -0.03644240188598903 0.04703404685035168 0.01699999990941933
      vertex -0.03856650543213161 0.04530875082984387 0.014341224460620196
      vertex -0.038592670440676526 0.04528648444190441 0.014133155374545368
    endloop
  endfacet
  facet normal 0.0 0.0 0.0
    outer loop
      vertex -0.038828689575198014 0.045084175787119256 0.013111648170966418
      vertex -0.03889672470093043 0.04502548285499035 0.012916088311690601
      vertex -0.037097644805910907 0.04651897498145519 1.478379090258386e-10
    endloop
  endfacet
  facet normal 0.0 0.0 0.0
    outer loop
      vertex -0.03644240188598903 0.04703404685035168 0.01699999990941933
      vertex -0.038547397613528094 0.04532497473731457 0.014548878340739521
      vertex -0.03856650543213161 0.04530875082984387 0.014341224460620196
    endloop
  endfacet
  facet normal 0.0 0.0 0.0
    outer loop
      vertex -0.03889672470093043 0.04502548285499035 0.012916088311690601
      vertex -0.03897121810913356 0.044961003027109495 0.012724875240344317
      vertex -0.037097644805910907 0.04651897498145519 1.478379090258386e-10
    endloop
  endfacet
  facet normal 0.0 0.0 0.0
    outer loop
      vertex -0.037097644805910907 0.04651897498145519 1.478379090258386e-10
      vertex -0.03897121810913356 0.044961003027109495 0.012724875240344317
      vertex -0.03937030792236598 0.0446119811154884 1.478379090258386e-10
    endloop
  endfacet
  facet normal 0.0 0.0 0.0
    outer loop
      vertex -0.03644240188598903 0.04703404685035168 0.01699999990941933
      vertex -0.03853535842895778 0.04533517523780285 0.014755400686282429
      vertex -0.038547397613528094 0.04532497473731457 0.014548878340739521
    endloop
  endfacet
  facet normal 0.0 0.0 0.0
    outer loop
      vertex -0.03644240188598903 0.04703404685035168 0.01699999990941933
      vertex -0.03853154754638942 0.0453383986569923 0.01487810757638863
      vertex -0.03853535842895778 0.04533517523780285 0.014755400686282429
    endloop
  endfacet
  facet normal 0.0 0.0 0.0
    outer loop
      vertex -0.03897121810913356 0.044961003027109495 0.012724875240344317
      vertex -0.03905169296264918 0.04489110251441418 0.01253846791269234
      vertex -0.03937030792236598 0.0446119811154884 1.478379090258386e-10
    endloop
  endfacet
  facet normal 0.0 0.0 0.0
    outer loop
      vertex -0.03644240188598903 0.04703404685035168 0.01699999990941933
      vertex -0.0385302734375027 0.04533947440162121 0.01500000002862862
      vertex -0.03853154754638942 0.0453383986569923 0.01487810757638863
    endloop
  endfacet
  facet normal 0.0 0.0 0.0
    outer loop
      vertex -0.03905169296264918 0.04489110251441418 0.01253846791269234
      vertex -0.03913768005371364 0.044816139898447384 0.012357325105685504
      vertex -0.03937030792236598 0.0446119811154884 1.478379090258386e-10
    endloop
  endfacet
  facet normal 0.0 0.0 0.0
    outer loop
      vertex -0.03913768005371364 0.044816139898447384 0.012357325105685504
      vertex -0.039228698730471454 0.044736481390146604 0.012181905536670002
      vertex -0.03937030792236598 0.0446119811154884 1.478379090258386e-10
    endloop
  endfacet
  facet normal 0.0 0.0 0.0
    outer loop
      vertex -0.039228698730471454 0.044736481390146604 0.012181905536670002
      vertex -0.03932427978515895 0.04465249320044933 0.01201266828061989
      vertex -0.03937030792236598 0.0446119811154884 1.478379090258386e-10
    endloop
  endfacet
  facet normal 0.0 0.0 0.0
    outer loop
      vertex -0.03932427978515895 0.04465249320044933 0.01201266828061989
      vertex -0.0394239501953152 0.04456453772559582 0.011850072054881367
      vertex -0.03937030792236598 0.0446119811154884 1.478379090258386e-10
    endloop
  endfacet
  facet normal 0.0 0.0 0.0
    outer loop
      vertex -0.0394239501953152 0.04456453772559582 0.011850072054881367
      vertex -0.03952723693847926 0.04447297736182629 0.011694575696009906
      vertex -0.03937030792236598 0.0446119811154884 1.478379090258386e-10
    endloop
  endfacet
  facet normal 0.0 0.0 0.0
    outer loop
      vertex -0.03952723693847926 0.04447297736182629 0.011694575696009906
      vertex -0.03963366317749294 0.04437817832007824 0.011546638040560992
      vertex -0.03937030792236598 0.0446119811154884 1.478379090258386e-10
    endloop
  endfacet
  facet normal 0.0 0.0 0.0
    outer loop
      vertex -0.03644240188598903 0.04703404685035168 0.01699999990941933
      vertex -0.0385302734375027 0.04533947440162121 0.01699999990941933
      vertex -0.0385302734375027 0.04533947440162121 0.01500000002862862
    endloop
  endfacet
  facet normal 0.0 0.0 0.0
    outer loop
      vertex -0.03963366317749294 0.04437817832007824 0.011546638040560992
      vertex -0.03974339294433864 0.04427993079200207 0.011405881791133197
      vertex -0.03937030792236598 0.0446119811154884 1.478379090258386e-10
    endloop
  endfacet
  facet normal 0.0 0.0 0.0
    outer loop
      vertex -0.03974339294433864 0.04427993079200207 0.011405881791133197
      vertex -0.039858261108401134 0.044176533422617306 0.011269780306834492
      vertex -0.03937030792236598 0.0446119811154884 1.478379090258386e-10
    endloop
  endfacet
  facet normal 0.0 0.0 0.0
    outer loop
      vertex -0.039858261108401134 0.044176533422617306 0.011269780306834492
      vertex -0.03997809600830348 0.04406807776465832 0.011138514666575701
      vertex -0.03937030792236598 0.0446119811154884 1.478379090258386e-10
    endloop
  endfacet
  facet normal 0.0 0.0 0.0
    outer loop
      vertex -0.03997809600830348 0.04406807776465832 0.011138514666575701
      vertex -0.04010252380371364 0.04395484610572277 0.011012528805751117
      vertex -0.03937030792236598 0.0446119811154884 1.478379090258386e-10
    endloop
  endfacet
  facet normal 0.0 0.0 0.0
    outer loop
      vertex -0.04010252380371364 0.04395484610572277 0.011012528805751117
      vertex -0.04023118209839137 0.043837105474619255 0.010892266659755023
      vertex -0.03937030792236598 0.0446119811154884 1.478379090258386e-10
    endloop
  endfacet
  facet normal 0.0 0.0 0.0
    outer loop
      vertex -0.04023118209839137 0.043837105474619255 0.010892266659755023
      vertex -0.04036368942261012 0.043715126714853635 0.010778172163981707
      vertex -0.03937030792236598 0.0446119811154884 1.478379090258386e-10
    endloop
  endfacet
  facet normal 0.0 0.0 0.0
    outer loop
      vertex -0.04036368942261012 0.043715126714853635 0.010778172163981707
      vertex -0.040499679565432385 0.04358919211402355 0.010670689253825458
      vertex -0.03937030792236598 0.0446119811154884 1.478379090258386e-10
    endloop
  endfacet
  facet normal 0.0 0.0 0.0
    outer loop
      vertex -0.040499679565432385 0.04358919211402355 0.010670689253825458
      vertex -0.0406387825012234 0.043459572515634884 0.010570262103099139
      vertex -0.03937030792236598 0.0446119811154884 1.478379090258386e-10
    endloop
  endfacet
  facet normal 0.0 0.0 0.0
    outer loop
      vertex -0.03937030792236598 0.0446119811154884 1.478379090258386e-10
      vertex -0.0406387825012234 0.043459572515634884 0.010570262103099139
      vertex -0.04154508972168239 0.04259407874122082 1.478379090258386e-10
    endloop
  endfacet
  facet normal 0.0 0.0 0.0
    outer loop
      vertex -0.0406387825012234 0.043459572515634884 0.010570262103099139
      vertex -0.04078062438965114 0.04332653876319348 0.010477334885615619
      vertex -0.04154508972168239 0.04259407874122082 1.478379090258386e-10
    endloop
  endfacet
  facet normal 0.0 0.0 0.0
    outer loop
      vertex -0.04078062438965114 0.04332653876319348 0.010477334885615619
      vertex -0.04092483520508083 0.04319036551490246 0.010392351059932026
      vertex -0.04154508972168239 0.04259407874122082 1.478379090258386e-10
    endloop
  endfacet
  facet normal 0.0 0.0 0.0
    outer loop
      vertex -0.04092483520508083 0.04319036551490246 0.010392351059932026
      vertex -0.04108736801147731 0.043035736761240354 0.010307691006678851
      vertex -0.04154508972168239 0.04259407874122082 1.478379090258386e-10
    endloop
  endfacet
  facet normal 0.0 0.0 0.0
    outer loop
      vertex -0.04108736801147731 0.043035736761240354 0.010307691006678851
      vertex -0.041270050048830824 0.04286047431006847 0.010225768237132343
      vertex -0.04154508972168239 0.04259407874122082 1.478379090258386e-10
    endloop
  endfacet
  facet normal 0.0 0.0 0.0
    outer loop
      vertex -0.041270050048830824 0.04286047431006847 0.010225768237132343
      vertex -0.04145409393310817 0.04268239661231457 0.01015658178808144
      vertex -0.04154508972168239 0.04259407874122082 1.478379090258386e-10
    endloop
  endfacet
  facet normal 0.0 0.0 0.0
    outer loop
      vertex -0.04145409393310817 0.04268239661231457 0.01015658178808144
      vertex -0.041638626098635514 0.042502358160166134 0.010100083260554584
      vertex -0.04154508972168239 0.04259407874122082 1.478379090258386e-10
    endloop
  endfacet
  facet normal 0.0 0.0 0.0
    outer loop
      vertex -0.041638626098635514 0.042502358160166134 0.010100083260554584
      vertex -0.04182277297973903 0.042321198187021604 0.01005622425558022
      vertex -0.04154508972168239 0.04259407874122082 1.478379090258386e-10
    endloop
  endfacet
  facet normal 0.0 0.0 0.0
    outer loop
      vertex -0.04182277297973903 0.042321198187021604 0.01005622425558022
      vertex -0.04200566482544215 0.04213976737037121 0.010024956374186786
      vertex -0.04154508972168239 0.04259407874122082 1.478379090258386e-10
    endloop
  endfacet
  facet normal 0.0 0.0 0.0
    outer loop
      vertex -0.04200566482544215 0.04213976737037121 0.010024956374186786
      vertex -0.04218642807007106 0.04195891638770519 0.010006230978984149
      vertex -0.04154508972168239 0.04259407874122082 1.478379090258386e-10
    endloop
  endfacet
  facet normal 0.0 0.0 0.0
    outer loop
      vertex -0.04218642807007106 0.04195891638770519 0.010006230978984149
      vertex -0.04236418914795192 0.04177948447242199 0.00999999990941933
      vertex -0.04154508972168239 0.04259407874122082 1.478379090258386e-10
    endloop
  endfacet
  facet normal 0.0 0.0 0.0
    outer loop
      vertex -0.04154508972168239 0.04259407874122082 1.478379090258386e-10
      vertex -0.04236418914795192 0.04177948447242199 0.00999999990941933
      vertex -0.043616584777834734 0.04047027655616223 1.478379090258386e-10
    endloop
  endfacet
  facet normal 0.0 0.0 0.0
    outer loop
      vertex -0.04236418914795192 0.04177948447242199 0.00999999990941933
      vertex -0.04425394058227809 0.03977233572974621 0.00999999990941933
      vertex -0.043616584777834734 0.04047027655616223 1.478379090258386e-10
    endloop
  endfacet
  facet normal 0.0 0.0 0.0
    outer loop
      vertex -0.043616584777834734 0.04047027655616223 1.478379090258386e-10
      vertex -0.04425394058227809 0.03977233572974621 0.00999999990941933
      vertex -0.04557964324951442 0.03824586173072277 1.478379090258386e-10
    endloop
  endfacet
  facet normal 0.0 0.0 0.0
    outer loop
      vertex -0.04425394058227809 0.03977233572974621 0.00999999990941933
      vertex -0.04604869079590115 0.037679810247568474 0.00999999990941933
      vertex -0.04557964324951442 0.03824586173072277 1.478379090258386e-10
    endloop
  endfacet
  facet normal 0.0 0.0 0.0
    outer loop
      vertex -0.04557964324951442 0.03824586173072277 1.478379090258386e-10
      vertex -0.04604869079590115 0.037679810247568474 0.00999999990941933
      vertex -0.047429382324221454 0.03592636176124035 1.478379090258386e-10
    endloop
  endfacet
  facet normal 0.0 0.0 0.0
    outer loop
      vertex -0.047429382324221454 0.03592636176124035 1.478379090258386e-10
      vertex -0.04774459075928005 0.03550639410987316 0.00999999990941933
      vertex -0.04916120529175075 0.033517544469980586 1.478379090258386e-10
    endloop
  endfacet
  facet normal 0.0 0.0 0.0
    outer loop
      vertex -0.04604869079590115 0.037679810247568474 0.00999999990941933
      vertex -0.04774459075928005 0.03550639410987316 0.00999999990941933
      vertex -0.047429382324221454 0.03592636176124035 1.478379090258386e-10
    endloop
  endfacet
  facet normal 0.0 0.0 0.0
    outer loop
      vertex -0.04916120529175075 0.033517544469980586 1.478379090258386e-10
      vertex -0.049337997436526136 0.033256760320810666 0.00999999990941933
      vertex -0.05077080917358669 0.03102539511695324 1.478379090258386e-10
    endloop
  endfacet
  facet normal 0.0 0.0 0.0
    outer loop
      vertex -0.04774459075928005 0.03550639410987316 0.00999999990941933
      vertex -0.049337997436526136 0.033256760320810666 0.00999999990941933
      vertex -0.04916120529175075 0.033517544469980586 1.478379090258386e-10
    endloop
  endfacet
  facet normal 0.0 0.0 0.0
    outer loop
      vertex -0.049337997436526136 0.033256760320810666 0.00999999990941933
      vertex -0.05082548904419215 0.030935734472421986 0.00999999990941933
      vertex -0.05077080917358669 0.03102539511695324 1.478379090258386e-10
    endloop
  endfacet
  facet normal 0.0 0.0 0.0
    outer loop
      vertex -0.05077080917358669 0.03102539511695324 1.478379090258386e-10
      vertex -0.05220387649536403 0.02854829855933605 0.00999999990941933
      vertex -0.052254184722903094 0.028456112585214955 1.478379090258386e-10
    endloop
  endfacet
  facet normal 0.0 0.0 0.0
    outer loop
      vertex -0.05082548904419215 0.030935734472421986 0.00999999990941933
      vertex -0.05220387649536403 0.02854829855933605 0.00999999990941933
      vertex -0.05077080917358669 0.03102539511695324 1.478379090258386e-10
    endloop
  endfacet
  facet normal 0.0 0.0 0.0
    outer loop
      vertex -0.052254184722903094 0.028456112585214955 1.478379090258386e-10
      vertex -0.05347019577026637 0.026099577627329215 0.00999999990941933
      vertex -0.053607646942141374 0.025816082677988395 1.478379090258386e-10
    endloop
  endfacet
  facet normal 0.0 0.0 0.0
    outer loop
      vertex -0.05220387649536403 0.02854829855933605 0.00999999990941933
      vertex -0.05347019577026637 0.026099577627329215 0.00999999990941933
      vertex -0.052254184722903094 0.028456112585214955 1.478379090258386e-10
    endloop
  endfacet
  facet normal 0.0 0.0 0.0
    outer loop
      vertex -0.053607646942141374 0.025816082677988395 1.478379090258386e-10
      vertex -0.054621734619143325 0.023594830236582147 0.00999999990941933
      vertex -0.054827835083010514 0.023111870489267695 1.478379090258386e-10
    endloop
  endfacet
  facet normal 0.0 0.0 0.0
    outer loop
      vertex -0.05347019577026637 0.026099577627329215 0.00999999990941933
      vertex -0.054621734619143325 0.023594830236582147 0.00999999990941933
      vertex -0.053607646942141374 0.025816082677988395 1.478379090258386e-10
    endloop
  endfacet
  facet normal 0.0 0.0 0.0
    outer loop
      vertex -0.054827835083010514 0.023111870489267695 1.478379090258386e-10
      vertex -0.055656017303469495 0.02103943129554211 0.00999999990941933
      vertex -0.055911712646487075 0.020350199422983516 1.478379090258386e-10
    endloop
  endfacet
  facet normal 0.0 0.0 0.0
    outer loop
      vertex -0.054621734619143325 0.023594830236582147 0.00999999990941933
      vertex -0.055656017303469495 0.02103943129554211 0.00999999990941933
      vertex -0.054827835083010514 0.023111870489267695 1.478379090258386e-10
    endloop
  endfacet
  facet normal 0.0 0.0 0.0
    outer loop
      vertex -0.055911712646487075 0.020350199422983516 1.478379090258386e-10
      vertex -0.05657082366943629 0.018438868246225704 0.00999999990941933
      vertex -0.056856582641604266 0.01753793211951672 1.478379090258386e-10
    endloop
  endfacet
  facet normal 0.0 0.0 0.0
    outer loop
      vertex -0.055656017303469495 0.02103943129554211 0.00999999990941933
      vertex -0.05657082366943629 0.018438868246225704 0.00999999990941933
      vertex -0.055911712646487075 0.020350199422983516 1.478379090258386e-10
    endloop
  endfacet
  facet normal 0.0 0.0 0.0
    outer loop
      vertex -0.056856582641604266 0.01753793211951672 1.478379090258386e-10
      vertex -0.05736418914795192 0.015798722944406856 0.00999999990941933
      vertex -0.057660099029543714 0.014682064733652462 1.478379090258386e-10
    endloop
  endfacet
  facet normal 0.0 0.0 0.0
    outer loop
      vertex -0.05657082366943629 0.018438868246225704 0.00999999990941933
      vertex -0.05736418914795192 0.015798722944406856 0.00999999990941933
      vertex -0.056856582641604266 0.01753793211951672 1.478379090258386e-10
    endloop
  endfacet
  facet normal 0.0 0.0 0.0
    outer loop
      vertex -0.05736418914795192 0.015798722944406856 0.00999999990941933
      vertex -0.05740302658081325 0.015656967840341915 0.010002121834773333
      vertex -0.057660099029543714 0.014682064733652462 1.478379090258386e-10
    endloop
  endfacet
  facet normal 0.0 0.0 0.0
    outer loop
      vertex -0.05740302658081325 0.015656967840341915 0.010002121834773333
      vertex -0.05744181442261012 0.015513917646555294 0.010008493571299824
      vertex -0.057660099029543714 0.014682064733652462 1.478379090258386e-10
    endloop
  endfacet
  facet normal 0.0 0.0 0.0
    outer loop
      vertex -0.05744181442261012 0.015513917646555294 0.010008493571299824
      vertex -0.05749775314331325 0.015305035314707149 0.010025264410990985
      vertex -0.057660099029543714 0.014682064733652462 1.478379090258386e-10
    endloop
  endfacet
  facet normal 0.0 0.0 0.0
    outer loop
      vertex -0.05749775314331325 0.015305035314707149 0.010025264410990985
      vertex -0.057553287506106214 0.015094641409067501 0.010050989775676044
      vertex -0.057660099029543714 0.014682064733652462 1.478379090258386e-10
    endloop
  endfacet
  facet normal 0.0 0.0 0.0
    outer loop
      vertex -0.057553287506106214 0.015094641409067501 0.010050989775676044
      vertex -0.05760823440552028 0.014883447370676388 0.01008569851400307
      vertex -0.057660099029543714 0.014682064733652462 1.478379090258386e-10
    endloop
  endfacet
  facet normal 0.0 0.0 0.0
    outer loop
      vertex -0.05760823440552028 0.014883447370676388 0.01008569851400307
      vertex -0.057662418365481215 0.014672164640573849 0.010129419713038715
      vertex -0.057660099029543714 0.014682064733652462 1.478379090258386e-10
    endloop
  endfacet
  facet normal 0.0 0.0 0.0
    outer loop
      vertex -0.057662418365481215 0.014672164640573849 0.010129419713038715
      vertex -0.05771565628052028 0.014461503706125606 0.010182182936686785
      vertex -0.057660099029543714 0.014682064733652462 1.478379090258386e-10
    endloop
  endfacet
  facet normal 0.0 0.0 0.0
    outer loop
      vertex -0.05771565628052028 0.014461503706125606 0.010182182936686785
      vertex -0.05776776885986598 0.014252176008371701 0.010244017033595355
      vertex -0.057660099029543714 0.014682064733652462 1.478379090258386e-10
    endloop
  endfacet
  facet normal 0.0 0.0 0.0
    outer loop
      vertex -0.05776776885986598 0.014252176008371701 0.010244017033595355
      vertex -0.05781857681274684 0.014044892988352169 0.010314951567668231
      vertex -0.057660099029543714 0.014682064733652462 1.478379090258386e-10
    endloop
  endfacet
  facet normal 0.0 0.0 0.0
    outer loop
      vertex -0.05781857681274684 0.014044892988352169 0.010314951567668231
      vertex -0.05786790466308864 0.013840365133432736 0.010395015149134906
      vertex -0.057660099029543714 0.014682064733652462 1.478379090258386e-10
    endloop
  endfacet
  facet normal 0.0 0.0 0.0
    outer loop
      vertex -0.05786790466308864 0.013840365133432736 0.010395015149134906
      vertex -0.05791561508178981 0.013639266691355099 0.010484122424144062
      vertex -0.057660099029543714 0.014682064733652462 1.478379090258386e-10
    endloop
  endfacet
  facet normal 0.0 0.0 0.0
    outer loop
      vertex -0.05791561508178981 0.013639266691355099 0.010484122424144062
      vertex -0.05796165466308864 0.013442146024851193 0.010581836133021626
      vertex -0.057660099029543714 0.014682064733652462 1.478379090258386e-10
    endloop
  endfacet
  facet normal 0.0 0.0 0.0
    outer loop
      vertex -0.057660099029543714 0.014682064733652462 1.478379090258386e-10
      vertex -0.05796165466308864 0.013442146024851193 0.010581836133021626
      vertex -0.05832026290893825 0.011789695463327757 1.478379090258386e-10
    endloop
  endfacet
  facet normal 0.0 0.0 0.0
    outer loop
      vertex -0.05796165466308864 0.013442146024851193 0.010581836133021626
      vertex -0.058005962371828874 0.013249523840097775 0.010687652258891376
      vertex -0.05832026290893825 0.011789695463327757 1.478379090258386e-10
    endloop
  endfacet
  facet normal 0.0 0.0 0.0
    outer loop
      vertex -0.058005962371828874 0.013249523840097775 0.010687652258891376
      vertex -0.05804847717285426 0.01306191893592297 0.010801067023295672
      vertex -0.05832026290893825 0.011789695463327757 1.478379090258386e-10
    endloop
  endfacet
  facet normal 0.0 0.0 0.0
    outer loop
      vertex -0.05804847717285426 0.01306191893592297 0.010801067023295672
      vertex -0.058089149475100355 0.012879852972177853 0.010921576409358294
      vertex -0.05832026290893825 0.011789695463327757 1.478379090258386e-10
    endloop
  endfacet
  facet normal 0.0 0.0 0.0
    outer loop
      vertex -0.058089149475100355 0.012879852972177853 0.010921576409358294
      vertex -0.05812791061401637 0.012703844747690547 0.011048676400203022
      vertex -0.05832026290893825 0.011789695463327757 1.478379090258386e-10
    endloop
  endfacet
  facet normal 0.0 0.0 0.0
    outer loop
      vertex -0.05812791061401637 0.012703844747690547 0.011048676400203022
      vertex -0.05816470718384059 0.012534414014963496 0.01118186345579079
      vertex -0.05832026290893825 0.011789695463327757 1.478379090258386e-10
    endloop
  endfacet
  facet normal 0.0 0.0 0.0
    outer loop
      vertex -0.05816470718384059 0.012534414014963496 0.01118186345579079
      vertex -0.05819948196411403 0.012372081480173458 0.011320633320826801
      vertex -0.05832026290893825 0.011789695463327757 1.478379090258386e-10
    endloop
  endfacet
  facet normal 0.0 0.0 0.0
    outer loop
      vertex -0.05819948196411403 0.012372081480173458 0.011320633320826801
      vertex -0.058232173919680434 0.012217366895822873 0.011464482336062702
      vertex -0.05832026290893825 0.011789695463327757 1.478379090258386e-10
    endloop
  endfacet
  facet normal 0.0 0.0 0.0
    outer loop
      vertex -0.058232173919680434 0.012217366895822873 0.011464482336062702
      vertex -0.05826300811767848 0.012069431982187618 0.011614286570567402
      vertex -0.05832026290893825 0.011789695463327757 1.478379090258386e-10
    endloop
  endfacet
  facet normal 0.0 0.0 0.0
    outer loop
      vertex -0.05826300811767848 0.012069431982187618 0.011614286570567402
      vertex -0.05829252243042262 0.011925971708444944 0.011772484450358662
      vertex -0.05832026290893825 0.011789695463327757 1.478379090258386e-10
    endloop
  endfacet
  facet normal 0.0 0.0 0.0
    outer loop
      vertex -0.05829252243042262 0.011925971708444944 0.011772484450358662
      vertex -0.05832065200805934 0.011787561140207639 0.011938653378505023
      vertex -0.05832026290893825 0.011789695463327757 1.478379090258386e-10
    endloop
  endfacet
  facet normal 0.0 0.0 0.0
    outer loop
      vertex -0.05832065200805934 0.011787561140207639 0.011938653378505023
      vertex -0.058347301483157 0.011654871664194455 0.01211227276803902
      vertex -0.05832026290893825 0.011789695463327757 1.478379090258386e-10
    endloop
  endfacet
  facet normal 0.0 0.0 0.0
    outer loop
      vertex -0.058347301483157 0.011654871664194455 0.01211227276803902
      vertex -0.05837239074707301 0.011528574667124144 0.012292821674365314
      vertex -0.05832026290893825 0.011789695463327757 1.478379090258386e-10
    endloop
  endfacet
  facet normal 0.0 0.0 0.0
    outer loop
      vertex -0.05837239074707301 0.011528574667124144 0.012292821674365314
      vertex -0.05839582061767848 0.011409343443064084 0.012479779629725726
      vertex -0.05832026290893825 0.011789695463327757 1.478379090258386e-10
    endloop
  endfacet
  facet normal 0.0 0.0 0.0
    outer loop
      vertex -0.05832026290893825 0.011789695463327757 1.478379090258386e-10
      vertex -0.05841751098633083 0.011297847471384397 0.012672625629920276
      vertex -0.058835433959963636 0.008868015012888303 1.478379090258386e-10
    endloop
  endfacet
  facet normal 0.0 0.0 0.0
    outer loop
      vertex -0.05839582061767848 0.011409343443064084 0.012479779629725726
      vertex -0.05841751098633083 0.011297847471384397 0.012672625629920276
      vertex -0.05832026290893825 0.011789695463327757 1.478379090258386e-10
    endloop
  endfacet
  facet normal 0.0 0.0 0.0
    outer loop
      vertex -0.05841751098633083 0.011297847471384397 0.012672625629920276
      vertex -0.058437370300295666 0.011194760046152464 0.01287083902837685
      vertex -0.058835433959963636 0.008868015012888303 1.478379090258386e-10
    endloop
  endfacet
  facet normal 0.0 0.0 0.0
    outer loop
      vertex -0.058437370300295666 0.011194760046152464 0.01287083902837685
      vertex -0.058455310821535905 0.01110075350776135 0.013073899089116367
      vertex -0.058835433959963636 0.008868015012888303 1.478379090258386e-10
    endloop
  endfacet
  facet normal 0.0 0.0 0.0
    outer loop
      vertex -0.058455310821535905 0.01110075350776135 0.013073899089116367
      vertex -0.05847127151489528 0.011016438207773557 0.01328125665964535
      vertex -0.058835433959963636 0.008868015012888303 1.478379090258386e-10
    endloop
  endfacet
  facet normal 0.0 0.0 0.0
    outer loop
      vertex -0.05847127151489528 0.011016438207773557 0.01328125665964535
      vertex -0.05848527145386012 0.0109420010663551 0.013492174169737609
      vertex -0.058835433959963636 0.008868015012888303 1.478379090258386e-10
    endloop
  endfacet
  facet normal 0.0 0.0 0.0
    outer loop
      vertex -0.05848527145386012 0.0109420010663551 0.013492174169737609
      vertex -0.058497337341311295 0.010877453527597777 0.01370583891751221
      vertex -0.058835433959963636 0.008868015012888303 1.478379090258386e-10
    endloop
  endfacet
  facet normal 0.0 0.0 0.0
    outer loop
      vertex -0.058497337341311295 0.010877453527597777 0.01370583891751221
      vertex -0.05850749206543239 0.010822806081919066 0.013921438037175448
      vertex -0.058835433959963636 0.008868015012888303 1.478379090258386e-10
    endloop
  endfacet
  facet normal 0.0 0.0 0.0
    outer loop
      vertex -0.058835433959963636 0.008868015012888303 1.478379090258386e-10
      vertex -0.058953880310061296 0.00804302235618054 0.01699999990941933
      vertex -0.059204330444338635 0.0059242870427650115 1.478379090258386e-10
    endloop
  endfacet
  facet normal 0.0 0.0 0.0
    outer loop
      vertex -0.0585302734375027 0.010698458395151487 0.01699999990941933
      vertex -0.058953880310061296 0.00804302235618054 0.01699999990941933
      vertex -0.0585302734375027 0.010698458395151487 0.01500000002862862
    endloop
  endfacet
  facet normal 0.0 0.0 0.0
    outer loop
      vertex -0.0585302734375027 0.010698458395151487 0.01500000002862862
      vertex -0.058953880310061296 0.00804302235618054 0.01699999990941933
      vertex -0.05852937698364528 0.010703439436106077 0.014786921529788288
    endloop
  endfacet
  facet normal 0.0 0.0 0.0
    outer loop
      vertex -0.05852937698364528 0.010703439436106077 0.014786921529788288
      vertex -0.058953880310061296 0.00804302235618054 0.01699999990941933
      vertex -0.05852667236328395 0.010718375883249632 0.01457171335699013
    endloop
  endfacet
  facet normal 0.0 0.0 0.0
    outer loop
      vertex -0.05852667236328395 0.010718375883249632 0.01457171335699013
      vertex -0.058953880310061296 0.00804302235618054 0.01699999990941933
      vertex -0.058522136688235124 0.010743256292490354 0.014355188100356372
    endloop
  endfacet
  facet normal 0.0 0.0 0.0
    outer loop
      vertex -0.058522136688235124 0.010743256292490354 0.014355188100356372
      vertex -0.058953880310061296 0.00804302235618054 0.01699999990941933
      vertex -0.058515750885012464 0.010778070173410764 0.014138158707637103
    endloop
  endfacet
  facet normal 0.0 0.0 0.0
    outer loop
      vertex -0.058515750885012464 0.010778070173410764 0.014138158707637103
      vertex -0.058953880310061296 0.00804302235618054 0.01699999990941933
      vertex -0.05850749206543239 0.010822806081919066 0.013921438037175448
    endloop
  endfacet
  facet normal 0.0 0.0 0.0
    outer loop
      vertex -0.05850749206543239 0.010822806081919066 0.013921438037175448
      vertex -0.058953880310061296 0.00804302235618054 0.01699999990941933
      vertex -0.058835433959963636 0.008868015012888303 1.478379090258386e-10
    endloop
  endfacet
  facet normal 0.0 0.0 0.0
    outer loop
      vertex -0.059204330444338635 0.0059242870427650115 1.478379090258386e-10
      vertex -0.05925707244873317 0.005371158800272336 0.01699999990941933
      vertex -0.059426036834719496 0.002965830288080564 1.478379090258386e-10
    endloop
  endfacet
  facet normal 0.0 0.0 0.0
    outer loop
      vertex -0.058953880310061296 0.00804302235618054 0.01699999990941933
      vertex -0.05925707244873317 0.005371158800272336 0.01699999990941933
      vertex -0.059204330444338635 0.0059242870427650115 1.478379090258386e-10
    endloop
  endfacet
  facet normal 0.0 0.0 0.0
    outer loop
      vertex -0.059426036834719496 0.002965830288080564 1.478379090258386e-10
      vertex -0.05943923568725856 0.0026883248902839336 0.01699999990941933
      vertex -0.059500000000002704 -7.468545450057743e-13 1.478379090258386e-10
    endloop
  endfacet
  facet normal 0.0 0.0 0.0
    outer loop
      vertex -0.05925707244873317 0.005371158800272336 0.01699999990941933
      vertex -0.05943923568725856 0.0026883248902839336 0.01699999990941933
      vertex -0.059426036834719496 0.002965830288080564 1.478379090258386e-10
    endloop
  endfacet
  facet normal 0.0 0.0 0.0
    outer loop
      vertex -0.05943923568725856 0.0026883248902839336 0.01699999990941933
      vertex -0.059500000000002704 -7.468545450057743e-13 0.01699999990941933
      vertex -0.059500000000002704 -7.468545450057743e-13 1.478379090258386e-10
    endloop
  endfacet
  facet normal 0.0 0.0 0.0
    outer loop
      vertex 0.02277274894714084 0.05712838049903331 0.01699999990941933
      vertex 0.01999999999999729 0.05815711661353526 0.01699999990941933
      vertex 0.019999999999997287 0.056037934026865334 0.01699999990941933
    endloop
  endfacet
  facet normal 0.0 0.0 0.0
    outer loop
      vertex 0.02277274894714084 0.05712838049903331 0.01699999990941933
      vertex 0.019999999999997287 0.056037934026865334 0.01699999990941933
      vertex 0.02251147651672092 0.05507706900611338 0.01699999990941933
    endloop
  endfacet
  facet normal 0.0 0.0 0.0
    outer loop
      vertex 0.02549283599853244 0.05596753760352549 0.01699999990941933
      vertex 0.02251147651672092 0.05507706900611338 0.01699999990941933
      vertex 0.024976976394650602 0.054003708562998146 0.01699999990941933
    endloop
  endfacet
  facet normal 0.0 0.0 0.0
    outer loop
      vertex 0.02549283599853244 0.05596753760352549 0.01699999990941933
      vertex 0.02277274894714084 0.05712838049903331 0.01699999990941933
      vertex 0.02251147651672092 0.05507706900611338 0.01699999990941933
    endloop
  endfacet
  facet normal 0.0 0.0 0.0
    outer loop
      vertex 0.02815397071838107 0.05467726965918956 0.01699999990941933
      vertex 0.024976976394650602 0.054003708562998146 0.01699999990941933
      vertex 0.027391460418698454 0.052820049963144634 0.01699999990941933
    endloop
  endfacet
  facet normal 0.0 0.0 0.0
    outer loop
      vertex 0.02815397071838107 0.05467726965918956 0.01699999990941933
      vertex 0.02549283599853244 0.05596753760352549 0.01699999990941933
      vertex 0.024976976394650602 0.054003708562998146 0.01699999990941933
    endloop
  endfacet
  facet normal 0.0 0.0 0.0
    outer loop
      vertex 0.030749999999997283 0.053260563573984475 0.01699999990941933
      vertex 0.029749999999997282 0.051528511724619246 0.01699999990941933
      vertex 0.03204777526855197 0.05013172598853525 0.01699999990941933
    endloop
  endfacet
  facet normal 0.0 0.0 0.0
    outer loop
      vertex 0.030749999999997283 0.053260563573984475 0.01699999990941933
      vertex 0.027391460418698454 0.052820049963144634 0.01699999990941933
      vertex 0.029749999999997282 0.051528511724619246 0.01699999990941933
    endloop
  endfacet
  facet normal 0.0 0.0 0.0
    outer loop
      vertex 0.030749999999997283 0.053260563573984475 0.01699999990941933
      vertex 0.02815397071838107 0.05467726965918956 0.01699999990941933
      vertex 0.027391460418698454 0.052820049963144634 0.01699999990941933
    endloop
  endfacet
  facet normal 0.0 0.0 0.0
    outer loop
      vertex 0.033274921417233615 0.05172068854346689 0.01699999990941933
      vertex 0.03204777526855197 0.05013172598853525 0.01699999990941933
      vertex 0.03428009796142307 0.048632549963144624 0.01699999990941933
    endloop
  endfacet
  facet normal 0.0 0.0 0.0
    outer loop
      vertex 0.033274921417233615 0.05172068854346689 0.01699999990941933
      vertex 0.030749999999997283 0.053260563573984475 0.01699999990941933
      vertex 0.03204777526855197 0.05013172598853525 0.01699999990941933
    endloop
  endfacet
  facet normal 0.0 0.0 0.0
    outer loop
      vertex 0.035722892761227754 0.050061211309580175 0.01699999990941933
      vertex 0.03428009796142307 0.048632549963144624 0.01699999990941933
      vertex 0.03644240188598361 0.04703404685035167 0.01699999990941933
    endloop
  endfacet
  facet normal 0.0 0.0 0.0
    outer loop
      vertex 0.035722892761227754 0.050061211309580175 0.01699999990941933
      vertex 0.033274921417233615 0.05172068854346689 0.01699999990941933
      vertex 0.03428009796142307 0.048632549963144624 0.01699999990941933
    endloop
  endfacet
  facet normal 0.0 0.0 0.0
    outer loop
      vertex 0.03808825302123752 0.04828596945777353 0.01699999990941933
      vertex 0.03644240188598361 0.04703404685035167 0.01699999990941933
      vertex 0.038530273437497285 0.0453394744016212 0.01699999990941933
    endloop
  endfacet
  facet normal 0.0 0.0 0.0
    outer loop
      vertex 0.03808825302123752 0.04828596945777353 0.01699999990941933
      vertex 0.035722892761227754 0.050061211309580175 0.01699999990941933
      vertex 0.03644240188598361 0.04703404685035167 0.01699999990941933
    endloop
  endfacet
  facet normal 0.0 0.0 0.0
    outer loop
      vertex 0.04036553955077853 0.046399063787607525 0.01699999990941933
      vertex 0.03808825302123752 0.04828596945777353 0.01699999990941933
      vertex 0.038530273437497285 0.0453394744016212 0.01699999990941933
    endloop
  endfacet
  facet normal 0.0 0.0 0.0
    outer loop
      vertex 0.060861003875729694 -0.008842411317678113 0.01699999990941933
      vertex 0.05895388031005586 -0.008043022432180066 0.01699999990941933
      vertex 0.05853027343749727 -0.010698458947988172 0.01699999990941933
    endloop
  endfacet
  facet normal 0.0 0.0 0.0
    outer loop
      vertex 0.060861003875729694 -0.008842411317678113 0.01699999990941933
      vertex 0.05853027343749727 -0.010698458947988172 0.01699999990941933
      vertex 0.06036553955077852 -0.011758049287648816 0.01699999990941933
    endloop
  endfacet
  facet normal 0.0 0.0 0.0
    outer loop
      vertex 0.061215728759762895 -0.005906325616689346 0.01699999990941933
      vertex 0.05925707244872774 -0.005371158876271864 0.01699999990941933
      vertex 0.05895388031005586 -0.008043022432180066 0.01699999990941933
    endloop
  endfacet
  facet normal 0.0 0.0 0.0
    outer loop
      vertex 0.061215728759762895 -0.005906325616689346 0.01699999990941933
      vertex 0.05895388031005586 -0.008043022432180066 0.01699999990941933
      vertex 0.060861003875729694 -0.008842411317678113 0.01699999990941933
    endloop
  endfacet
  facet normal 0.0 0.0 0.0
    outer loop
      vertex 0.06142889022826876 -0.0029565813921410057 0.01699999990941933
      vertex 0.05943923568725313 -0.0026883247278648827 0.01699999990941933
      vertex 0.05925707244872774 -0.005371158876271864 0.01699999990941933
    endloop
  endfacet
  facet normal 0.0 0.0 0.0
    outer loop
      vertex 0.06142889022826876 -0.0029565813921410057 0.01699999990941933
      vertex 0.05925707244872774 -0.005371158876271864 0.01699999990941933
      vertex 0.061215728759762895 -0.005906325616689346 0.01699999990941933
    endloop
  endfacet
  facet normal 0.0 0.0 0.0
    outer loop
      vertex 0.06149999999999727 -7.468680602828359e-13 0.01699999990941933
      vertex 0.05949999999999727 -7.468678368898267e-13 0.01699999990941933
      vertex 0.05943923568725313 -0.0026883247278648827 0.01699999990941933
    endloop
  endfacet
  facet normal 0.0 0.0 0.0
    outer loop
      vertex 0.06149999999999727 -7.468680602828359e-13 0.01699999990941933
      vertex 0.05943923568725313 -0.0026883247278648827 0.01699999990941933
      vertex 0.06142889022826876 -0.0029565813921410057 0.01699999990941933
    endloop
  endfacet
  facet normal 0.0 0.0 0.0
    outer loop
      vertex 0.05943923568725313 0.00268832489028392 0.01699999990941933
      vertex 0.05949999999999727 -7.468678368898267e-13 0.01699999990941933
      vertex 0.06149999999999727 -7.468680602828359e-13 0.01699999990941933
    endloop
  endfacet
  facet normal 0.0 0.0 0.0
    outer loop
      vertex 0.06142889022826876 0.002956581316141464 0.01699999990941933
      vertex 0.05943923568725313 0.00268832489028392 0.01699999990941933
      vertex 0.06149999999999727 -7.468680602828359e-13 0.01699999990941933
    endloop
  endfacet
  facet normal 0.0 0.0 0.0
    outer loop
      vertex 0.05925707244872774 0.005371158800272323 0.01699999990941933
      vertex 0.05943923568725313 0.00268832489028392 0.01699999990941933
      vertex 0.06142889022826876 0.002956581316141464 0.01699999990941933
    endloop
  endfacet
  facet normal 0.0 0.0 0.0
    outer loop
      vertex 0.061215728759762895 0.005906325540689803 0.01699999990941933
      vertex 0.05895388031005586 0.008043022356180526 0.01699999990941933
      vertex 0.05925707244872774 0.005371158800272323 0.01699999990941933
    endloop
  endfacet
  facet normal 0.0 0.0 0.0
    outer loop
      vertex 0.061215728759762895 0.005906325540689803 0.01699999990941933
      vertex 0.05925707244872774 0.005371158800272323 0.01699999990941933
      vertex 0.06142889022826876 0.002956581316141464 0.01699999990941933
    endloop
  endfacet
  facet normal 0.0 0.0 0.0
    outer loop
      vertex 0.060861003875729694 0.008842411718515731 0.01699999990941933
      vertex 0.05853027343749727 0.010698458395151473 0.01699999990941933
      vertex 0.05895388031005586 0.008043022356180526 0.01699999990941933
    endloop
  endfacet
  facet normal 0.0 0.0 0.0
    outer loop
      vertex 0.060861003875729694 0.008842411718515731 0.01699999990941933
      vertex 0.05895388031005586 0.008043022356180526 0.01699999990941933
      vertex 0.061215728759762895 0.005906325540689803 0.01699999990941933
    endloop
  endfacet
  facet normal 0.0 0.0 0.0
    outer loop
      vertex 0.06036553955077852 0.011758049688486434 0.01699999990941933
      vertex 0.05853027343749727 0.010698458395151473 0.01699999990941933
      vertex 0.060861003875729694 0.008842411718515731 0.01699999990941933
    endloop
  endfacet
  facet normal 0.0 0.0 0.0
    outer loop
      vertex 0.04415208053588594 -0.0428117249391991 0.00999999990941933
      vertex 0.04425394058227266 -0.039772338189931526 0.00999999990941933
      vertex 0.04236418914794649 -0.04177948311791004 0.00999999990941933
    endloop
  endfacet
  facet normal 0.0 0.0 0.0
    outer loop
      vertex 0.04415208053588594 -0.0428117249391991 0.00999999990941933
      vertex 0.046207290649411335 -0.0405849297426659 0.00999999990941933
      vertex 0.04425394058227266 -0.039772338189931526 0.00999999990941933
    endloop
  endfacet
  facet normal 0.0 0.0 0.0
    outer loop
      vertex 0.046207290649411335 -0.0405849297426659 0.00999999990941933
      vertex 0.046048690795895714 -0.03767980889305653 0.00999999990941933
      vertex 0.04425394058227266 -0.039772338189931526 0.00999999990941933
    endloop
  endfacet
  facet normal 0.0 0.0 0.0
    outer loop
      vertex 0.046207290649411335 -0.0405849297426659 0.00999999990941933
      vertex 0.04815031433105195 -0.0382596009157616 0.00999999990941933
      vertex 0.046048690795895714 -0.03767980889305653 0.00999999990941933
    endloop
  endfacet
  facet normal 0.0 0.0 0.0
    outer loop
      vertex 0.04815031433105195 -0.0382596009157616 0.00999999990941933
      vertex 0.047744590759274626 -0.035506396570058475 0.00999999990941933
      vertex 0.046048690795895714 -0.03767980889305653 0.00999999990941933
    endloop
  endfacet
  facet normal 0.0 0.0 0.0
    outer loop
      vertex 0.04815031433105195 -0.0382596009157616 0.00999999990941933
      vertex 0.04997644424438204 -0.0358413880251366 0.00999999990941933
      vertex 0.047744590759274626 -0.035506396570058475 0.00999999990941933
    endloop
  endfacet
  facet normal 0.0 0.0 0.0
    outer loop
      vertex 0.04997644424438204 -0.0358413880251366 0.00999999990941933
      vertex 0.04933799743652071 -0.03325675896629871 0.00999999990941933
      vertex 0.047744590759274626 -0.035506396570058475 0.00999999990941933
    endloop
  endfacet
  facet normal 0.0 0.0 0.0
    outer loop
      vertex 0.04933799743652071 -0.03325675896629871 0.00999999990941933
      vertex 0.051681236267087115 -0.0333361618898827 0.00999999990941933
      vertex 0.050825489044186725 -0.030935733117910043 0.00999999990941933
    endloop
  endfacet
  facet normal 0.0 0.0 0.0
    outer loop
      vertex 0.04997644424438204 -0.0358413880251366 0.00999999990941933
      vertex 0.051681236267087115 -0.0333361618898827 0.00999999990941933
      vertex 0.04933799743652071 -0.03325675896629871 0.00999999990941933
    endloop
  endfacet
  facet normal 0.0 0.0 0.0
    outer loop
      vertex 0.050825489044186725 -0.030935733117910043 0.00999999990941933
      vertex 0.05326056289672579 -0.03074999932274403 0.00999999990941933
      vertex 0.0522038764953586 -0.028548297204824106 0.00999999990941933
    endloop
  endfacet
  facet normal 0.0 0.0 0.0
    outer loop
      vertex 0.051681236267087115 -0.0333361618898827 0.00999999990941933
      vertex 0.05326056289672579 -0.03074999932274403 0.00999999990941933
      vertex 0.050825489044186725 -0.030935733117910043 0.00999999990941933
    endloop
  endfacet
  facet normal 0.0 0.0 0.0
    outer loop
      vertex 0.0522038764953586 -0.028548297204824106 0.00999999990941933
      vertex 0.05471058273315157 -0.028089185037465707 0.00999999990941933
      vertex 0.05347019577026094 -0.0260995781801659 0.00999999990941933
    endloop
  endfacet
  facet normal 0.0 0.0 0.0
    outer loop
      vertex 0.05326056289672579 -0.03074999932274403 0.00999999990941933
      vertex 0.05471058273315157 -0.028089185037465707 0.00999999990941933
      vertex 0.0522038764953586 -0.028548297204824106 0.00999999990941933
    endloop
  endfacet
  facet normal 0.0 0.0 0.0
    outer loop
      vertex 0.05347019577026094 -0.0260995781801659 0.00999999990941933
      vertex 0.056027774810788286 -0.025360173501821175 0.00999999990941933
      vertex 0.0546217346191379 -0.023594830789418837 0.00999999990941933
    endloop
  endfacet
  facet normal 0.0 0.0 0.0
    outer loop
      vertex 0.05471058273315157 -0.028089185037465707 0.00999999990941933
      vertex 0.056027774810788286 -0.025360173501821175 0.00999999990941933
      vertex 0.05347019577026094 -0.0260995781801659 0.00999999990941933
    endloop
  endfacet
  facet normal 0.0 0.0 0.0
    outer loop
      vertex 0.0546217346191379 -0.023594830789418837 0.00999999990941933
      vertex 0.05720894622802462 -0.022569594659658094 0.00999999990941933
      vertex 0.05565601730346407 -0.0210394318483788 0.00999999990941933
    endloop
  endfacet
  facet normal 0.0 0.0 0.0
    outer loop
      vertex 0.056027774810788286 -0.025360173501821175 0.00999999990941933
      vertex 0.05720894622802462 -0.022569594659658094 0.00999999990941933
      vertex 0.0546217346191379 -0.023594830789418837 0.00999999990941933
    endloop
  endfacet
  facet normal 0.0 0.0 0.0
    outer loop
      vertex 0.05565601730346407 -0.0210394318483788 0.00999999990941933
      vertex 0.058251224517819535 -0.01972422150597157 0.00999999990941933
      vertex 0.056570823669430864 -0.01843886879906239 0.00999999990941933
    endloop
  endfacet
  facet normal 0.0 0.0 0.0
    outer loop
      vertex 0.05720894622802462 -0.022569594659658094 0.00999999990941933
      vertex 0.058251224517819535 -0.01972422150597157 0.00999999990941933
      vertex 0.05565601730346407 -0.0210394318483788 0.00999999990941933
    endloop
  endfacet
  facet normal 0.0 0.0 0.0
    outer loop
      vertex 0.056570823669430864 -0.01843886879906239 0.00999999990941933
      vertex 0.05915208053588594 -0.016830962457509657 0.00999999990941933
      vertex 0.05736418914794649 -0.015798722543569226 0.00999999990941933
    endloop
  endfacet
  facet normal 0.0 0.0 0.0
    outer loop
      vertex 0.058251224517819535 -0.01972422150597157 0.00999999990941933
      vertex 0.05915208053588594 -0.016830962457509657 0.00999999990941933
      vertex 0.056570823669430864 -0.01843886879906239 0.00999999990941933
    endloop
  endfacet
  facet normal 0.0 0.0 0.0
    outer loop
      vertex 0.05736418914794649 -0.015798722543569226 0.00999999990941933
      vertex 0.05915208053588594 -0.016830962457509657 0.00999999990941933
      vertex 0.05740302658080782 -0.015656967439504284 0.010002121834773333
    endloop
  endfacet
  facet normal 0.0 0.0 0.0
    outer loop
      vertex 0.05740302658080782 -0.015656967439504284 0.010002121834773333
      vertex 0.05922052383422579 -0.01658838967308583 0.010006233124751362
      vertex 0.057441814422604695 -0.015513918199391978 0.010008493571299824
    endloop
  endfacet
  facet normal 0.0 0.0 0.0
    outer loop
      vertex 0.05915208053588594 -0.016830962457509657 0.00999999990941933
      vertex 0.05922052383422579 -0.01658838967308583 0.010006233124751362
      vertex 0.05740302658080782 -0.015656967439504284 0.010002121834773333
    endloop
  endfacet
  facet normal 0.0 0.0 0.0
    outer loop
      vertex 0.057497753143307816 -0.015305034913869519 0.010025264410990985
      vertex 0.05928876495361055 -0.0163425267122704 0.010024964718837055
      vertex 0.05755328750610079 -0.015094641008229869 0.010050989775676044
    endloop
  endfacet
  facet normal 0.0 0.0 0.0
    outer loop
      vertex 0.057441814422604695 -0.015513918199391978 0.010008493571299824
      vertex 0.05928876495361055 -0.0163425267122704 0.010024964718837055
      vertex 0.057497753143307816 -0.015305034913869519 0.010025264410990985
    endloop
  endfacet
  facet normal 0.0 0.0 0.0
    outer loop
      vertex 0.05922052383422579 -0.01658838967308583 0.010006233124751362
      vertex 0.05928876495361055 -0.0163425267122704 0.010024964718837055
      vertex 0.057441814422604695 -0.015513918199391978 0.010008493571299824
    endloop
  endfacet
  facet normal 0.0 0.0 0.0
    outer loop
      vertex 0.05755328750610079 -0.015094641008229869 0.010050989775676044
      vertex 0.05935649490356172 -0.016094550409169812 0.010056244044322284
      vertex 0.05760823440551485 -0.014883446969838756 0.01008569851400307
    endloop
  endfacet
  facet normal 0.0 0.0 0.0
    outer loop
      vertex 0.05928876495361055 -0.0163425267122704 0.010024964718837055
      vertex 0.05935649490356172 -0.016094550409169812 0.010056244044322284
      vertex 0.05755328750610079 -0.015094641008229869 0.010050989775676044
    endloop
  endfacet
  facet normal 0.0 0.0 0.0
    outer loop
      vertex 0.05760823440551485 -0.014883446969838756 0.01008569851400307
      vertex 0.05942340850829805 -0.015845639505239147 0.010100119977015766
      vertex 0.05766241836547579 -0.014672164239736217 0.010129419713038715
    endloop
  endfacet
  facet normal 0.0 0.0 0.0
    outer loop
      vertex 0.05935649490356172 -0.016094550409169812 0.010056244044322284
      vertex 0.05942340850829805 -0.015845639505239147 0.010100119977015766
      vertex 0.05760823440551485 -0.014883446969838756 0.01008569851400307
    endloop
  endfacet
  facet normal 0.0 0.0 0.0
    outer loop
      vertex 0.05942340850829805 -0.015845639505239147 0.010100119977015766
      vertex 0.05948918914794649 -0.015596968927236218 0.010156641154307635
      vertex 0.05766241836547579 -0.014672164239736217 0.010129419713038715
    endloop
  endfacet
  facet normal 0.0 0.0 0.0
    outer loop
      vertex 0.05766241836547579 -0.014672164239736217 0.010129419713038715
      vertex 0.05948918914794649 -0.015596968927236218 0.010156641154307635
      vertex 0.05771565628051485 -0.014461504258962291 0.010182182936686785
    endloop
  endfacet
  facet normal 0.0 0.0 0.0
    outer loop
      vertex 0.05948918914794649 -0.015596968927236218 0.010156641154307635
      vertex 0.05955353546142305 -0.0153497174166161 0.010225856928843768
      vertex 0.05771565628051485 -0.014461504258962291 0.010182182936686785
    endloop
  endfacet
  facet normal 0.0 0.0 0.0
    outer loop
      vertex 0.05771565628051485 -0.014461504258962291 0.010182182936686785
      vertex 0.05955353546142305 -0.0153497174166161 0.010225856928843768
      vertex 0.057767768859860555 -0.014252176561208385 0.010244017033595355
    endloop
  endfacet
  facet normal 0.0 0.0 0.0
    outer loop
      vertex 0.05955353546142305 -0.0153497174166161 0.010225856928843768
      vertex 0.05960996246337618 -0.015129375734182018 0.010299045233744891
      vertex 0.057767768859860555 -0.014252176561208385 0.010244017033595355
    endloop
  endfacet
  facet normal 0.0 0.0 0.0
    outer loop
      vertex 0.057767768859860555 -0.014252176561208385 0.010244017033595355
      vertex 0.05960996246337618 -0.015129375734182018 0.010299045233744891
      vertex 0.05781857681274141 -0.014044892587514537 0.010314951567668231
    endloop
  endfacet
  facet normal 0.0 0.0 0.0
    outer loop
      vertex 0.05960996246337618 -0.015129375734182018 0.010299045233744891
      vertex 0.05965935134887423 -0.014933573999257701 0.010373769431132586
      vertex 0.05781857681274141 -0.014044892587514537 0.010314951567668231
    endloop
  endfacet
  facet normal 0.0 0.0 0.0
    outer loop
      vertex 0.05781857681274141 -0.014044892587514537 0.010314951567668231
      vertex 0.05965935134887423 -0.014933573999257701 0.010373769431132586
      vertex 0.05786790466308321 -0.013840364732595103 0.010395015149134906
    endloop
  endfacet
  facet normal 0.0 0.0 0.0
    outer loop
      vertex 0.05965935134887423 -0.014933573999257701 0.010373769431132586
      vertex 0.05970727157592501 -0.01474078301415028 0.0104568637895768
      vertex 0.05786790466308321 -0.013840364732595103 0.010395015149134906
    endloop
  endfacet
  facet normal 0.0 0.0 0.0
    outer loop
      vertex 0.05786790466308321 -0.013840364732595103 0.010395015149134906
      vertex 0.05970727157592501 -0.01474078301415028 0.0104568637895768
      vertex 0.05791561508178438 -0.013639266290517467 0.010484122424144062
    endloop
  endfacet
  facet normal 0.0 0.0 0.0
    outer loop
      vertex 0.05970727157592501 -0.01474078301415028 0.0104568637895768
      vertex 0.05975365829467501 -0.014551506318898814 0.01054800525190285
      vertex 0.05791561508178438 -0.013639266290517467 0.010484122424144062
    endloop
  endfacet
  facet normal 0.0 0.0 0.0
    outer loop
      vertex 0.05791561508178438 -0.013639266290517467 0.010484122424144062
      vertex 0.05975365829467501 -0.014551506318898814 0.01054800525190285
      vertex 0.05796165466308321 -0.013442146577687877 0.010581836133021626
    endloop
  endfacet
  facet normal 0.0 0.0 0.0
    outer loop
      vertex 0.05975365829467501 -0.014551506318898814 0.01054800525190285
      vertex 0.05979845046996798 -0.0143662026308495 0.010646747736949238
      vertex 0.05796165466308321 -0.013442146577687877 0.010581836133021626
    endloop
  endfacet
  facet normal 0.0 0.0 0.0
    outer loop
      vertex 0.05796165466308321 -0.013442146577687877 0.010581836133021626
      vertex 0.05979845046996798 -0.0143662026308495 0.010646747736949238
      vertex 0.05800596237182344 -0.013249523439260143 0.010687652258891376
    endloop
  endfacet
  facet normal 0.0 0.0 0.0
    outer loop
      vertex 0.05979845046996798 -0.0143662026308495 0.010646747736949238
      vertex 0.05984159851073946 -0.01418532589897694 0.010752644925135883
      vertex 0.05800596237182344 -0.013249523439260143 0.010687652258891376
    endloop
  endfacet
  facet normal 0.0 0.0 0.0
    outer loop
      vertex 0.05800596237182344 -0.013249523439260143 0.010687652258891376
      vertex 0.05984159851073946 -0.01418532589897694 0.010752644925135883
      vertex 0.058048477172848834 -0.013061919488759654 0.010801067023295672
    endloop
  endfacet
  facet normal 0.0 0.0 0.0
    outer loop
      vertex 0.05984159851073946 -0.01418532589897694 0.010752644925135883
      vertex 0.05988303756713594 -0.014009333886953013 0.010865249781626972
      vertex 0.058048477172848834 -0.013061919488759654 0.010801067023295672
    endloop
  endfacet
  facet normal 0.0 0.0 0.0
    outer loop
      vertex 0.058048477172848834 -0.013061919488759654 0.010801067023295672
      vertex 0.05988303756713594 -0.014009333886953013 0.010865249781626972
      vertex 0.05808914947509493 -0.01287985257134022 0.010921576409358294
    endloop
  endfacet
  facet normal 0.0 0.0 0.0
    outer loop
      vertex 0.05988303756713594 -0.014009333886953013 0.010865249781626972
      vertex 0.05992271423339571 -0.013838682451100964 0.010984116225261005
      vertex 0.05808914947509493 -0.01287985257134022 0.010921576409358294
    endloop
  endfacet
  facet normal 0.0 0.0 0.0
    outer loop
      vertex 0.05808914947509493 -0.01287985257134022 0.010921576409358294
      vertex 0.05992271423339571 -0.013838682451100964 0.010984116225261005
      vertex 0.058127910614010944 -0.012703844346852917 0.011048676400203022
    endloop
  endfacet
  facet normal 0.0 0.0 0.0
    outer loop
      vertex 0.05992271423339571 -0.013838682451100964 0.010984116225261005
      vertex 0.05996056747436251 -0.013673827447744029 0.011108797698039324
      vertex 0.058127910614010944 -0.012703844346852917 0.011048676400203022
    endloop
  endfacet
  facet normal 0.0 0.0 0.0
    outer loop
      vertex 0.058127910614010944 -0.012703844346852917 0.011048676400203022
      vertex 0.05996056747436251 -0.013673827447744029 0.011108797698039324
      vertex 0.058164707183835165 -0.012534413614125866 0.01118186345579079
    endloop
  endfacet
  facet normal 0.0 0.0 0.0
    outer loop
      vertex 0.05996056747436251 -0.013673827447744029 0.011108797698039324
      vertex 0.05999654006957735 -0.013515225686879772 0.011238847403544696
      vertex 0.058164707183835165 -0.012534413614125866 0.01118186345579079
    endloop
  endfacet
  facet normal 0.0 0.0 0.0
    outer loop
      vertex 0.058164707183835165 -0.012534413614125866 0.01118186345579079
      vertex 0.05999654006957735 -0.013515225686879772 0.011238847403544696
      vertex 0.0581994819641086 -0.012372081079335826 0.011320633320826801
    endloop
  endfacet
  facet normal 0.0 0.0 0.0
    outer loop
      vertex 0.05999654006957735 -0.013515225686879772 0.011238847403544696
      vertex 0.06003057861327852 -0.013363332071157115 0.01137381926061562
      vertex 0.0581994819641086 -0.012372081079335826 0.011320633320826801
    endloop
  endfacet
  facet normal 0.0 0.0 0.0
    outer loop
      vertex 0.0581994819641086 -0.012372081079335826 0.011320633320826801
      vertex 0.06003057861327852 -0.013363332071157115 0.01137381926061562
      vertex 0.05823217391967501 -0.012217367448659557 0.011464482336062702
    endloop
  endfacet
  facet normal 0.0 0.0 0.0
    outer loop
      vertex 0.06003057861327852 -0.013363332071157115 0.01137381926061562
      vertex 0.0600626296997043 -0.013218564309926647 0.011513307003993304
      vertex 0.05823217391967501 -0.012217367448659557 0.011464482336062702
    endloop
  endfacet
  facet normal 0.0 0.0 0.0
    outer loop
      vertex 0.05823217391967501 -0.012217367448659557 0.011464482336062702
      vertex 0.0600626296997043 -0.013218564309926647 0.011513307003993304
      vertex 0.05826300811767305 -0.012069431581349986 0.011614286570567402
    endloop
  endfacet
  facet normal 0.0 0.0 0.0
    outer loop
      vertex 0.05826300811767305 -0.012069431581349986 0.011614286570567402
      vertex 0.06009318542480196 -0.013078913011403697 0.011659384875315936
      vertex 0.058292522430417194 -0.011925972261281628 0.011772484450358662
    endloop
  endfacet
  facet normal 0.0 0.0 0.0
    outer loop
      vertex 0.0600626296997043 -0.013218564309926647 0.011513307003993304
      vertex 0.06009318542480196 -0.013078913011403697 0.011659384875315936
      vertex 0.05826300811767305 -0.012069431581349986 0.011614286570567402
    endloop
  endfacet
  facet normal 0.0 0.0 0.0
    outer loop
      vertex 0.058292522430417194 -0.011925972261281628 0.011772484450358662
      vertex 0.060122486114499225 -0.012943466462941783 0.011813093571681293
      vertex 0.05832065200805391 -0.011787561693044324 0.011938653378505023
    endloop
  endfacet
  facet normal 0.0 0.0 0.0
    outer loop
      vertex 0.06009318542480196 -0.013078913011403697 0.011659384875315936
      vertex 0.060122486114499225 -0.012943466462941783 0.011813093571681293
      vertex 0.058292522430417194 -0.011925972261281628 0.011772484450358662
    endloop
  endfacet
  facet normal 0.0 0.0 0.0
    outer loop
      vertex 0.05832065200805391 -0.011787561693044324 0.011938653378505023
      vertex 0.06015045166015352 -0.012812808313222545 0.01197397521020821
      vertex 0.05834730148315157 -0.011654872217031141 0.01211227276803902
    endloop
  endfacet
  facet normal 0.0 0.0 0.0
    outer loop
      vertex 0.060122486114499225 -0.012943466462941783 0.011813093571681293
      vertex 0.06015045166015352 -0.012812808313222545 0.01197397521020821
      vertex 0.05832065200805391 -0.011787561693044324 0.011938653378505023
    endloop
  endfacet
  facet normal 0.0 0.0 0.0
    outer loop
      vertex 0.05834730148315157 -0.011654872217031141 0.01211227276803902
      vertex 0.060176994323727744 -0.01268752030357899 0.01214157190801552
      vertex 0.058372390747067585 -0.011528575219960828 0.012292821674365314
    endloop
  endfacet
  facet normal 0.0 0.0 0.0
    outer loop
      vertex 0.06015045166015352 -0.012812808313222545 0.01197397521020821
      vertex 0.060176994323727744 -0.01268752030357899 0.01214157190801552
      vertex 0.05834730148315157 -0.011654872217031141 0.01211227276803902
    endloop
  endfacet
  facet normal 0.0 0.0 0.0
    outer loop
      vertex 0.058372390747067585 -0.011528575219960828 0.012292821674365314
      vertex 0.0602020339965793 -0.012568187036367076 0.012315425901431355
      vertex 0.05839582061767305 -0.011409343042226454 0.012479779629725726
    endloop
  endfacet
  facet normal 0.0 0.0 0.0
    outer loop
      vertex 0.060176994323727744 -0.01268752030357899 0.01214157190801552
      vertex 0.0602020339965793 -0.012568187036367076 0.012315425901431355
      vertex 0.058372390747067585 -0.011528575219960828 0.012292821674365314
    endloop
  endfacet
  facet normal 0.0 0.0 0.0
    outer loop
      vertex 0.05839582061767305 -0.011409343042226454 0.012479779629725726
      vertex 0.0602254829406711 -0.012455389299245494 0.012495079545993121
      vertex 0.058417510986325395 -0.011297848024221083 0.012672625629920276
    endloop
  endfacet
  facet normal 0.0 0.0 0.0
    outer loop
      vertex 0.0602020339965793 -0.012568187036367076 0.012315425901431355
      vertex 0.0602254829406711 -0.012455389299245494 0.012495079545993121
      vertex 0.05839582061767305 -0.011409343042226454 0.012479779629725726
    endloop
  endfacet
  facet normal 0.0 0.0 0.0
    outer loop
      vertex 0.0602254829406711 -0.012455389299245494 0.012495079545993121
      vertex 0.06024725723266329 -0.012349711694570201 0.012680074899215014
      vertex 0.058417510986325395 -0.011297848024221083 0.012672625629920276
    endloop
  endfacet
  facet normal 0.0 0.0 0.0
    outer loop
      vertex 0.058417510986325395 -0.011297848024221083 0.012672625629920276
      vertex 0.06026727294921602 -0.012251735963674206 0.012869954137820515
      vertex 0.05843737030029024 -0.011194760598989148 0.01287083902837685
    endloop
  endfacet
  facet normal 0.0 0.0 0.0
    outer loop
      vertex 0.06024725723266329 -0.012349711694570201 0.012680074899215014
      vertex 0.06026727294921602 -0.012251735963674206 0.012869954137820515
      vertex 0.058417510986325395 -0.011297848024221083 0.012672625629920276
    endloop
  endfacet
  facet normal 0.0 0.0 0.0
    outer loop
      vertex 0.05843737030029024 -0.011194760598989148 0.01287083902837685
      vertex 0.06028544235229219 -0.01216204480156483 0.01306425958754471
      vertex 0.05845531082153047 -0.01110075310692372 0.013073899089116367
    endloop
  endfacet
  facet normal 0.0 0.0 0.0
    outer loop
      vertex 0.06026727294921602 -0.012251735963674206 0.012869954137820515
      vertex 0.06028544235229219 -0.01216204480156483 0.01306425958754471
      vertex 0.05843737030029024 -0.011194760598989148 0.01287083902837685
    endloop
  endfacet
  facet normal 0.0 0.0 0.0
    outer loop
      vertex 0.05845531082153047 -0.01110075310692372 0.013073899089116367
      vertex 0.06030170822143282 -0.012081177987905162 0.013262512757200511
      vertex 0.05847127151488985 -0.011016437806935927 0.01328125665964535
    endloop
  endfacet
  facet normal 0.0 0.0 0.0
    outer loop
      vertex 0.06028544235229219 -0.01216204480156483 0.01306425958754471
      vertex 0.06030170822143282 -0.012081177987905162 0.013262512757200511
      vertex 0.05845531082153047 -0.01110075310692372 0.013073899089116367
    endloop
  endfacet
  facet normal 0.0 0.0 0.0
    outer loop
      vertex 0.05847127151488985 -0.011016437806935927 0.01328125665964535
      vertex 0.06031608581542696 -0.012009315767141003 0.013464075415152819
      vertex 0.058485271453854695 -0.01094200066551747 0.013492174169737609
    endloop
  endfacet
  facet normal 0.0 0.0 0.0
    outer loop
      vertex 0.06030170822143282 -0.012081177987905162 0.013262512757200511
      vertex 0.06031608581542696 -0.012009315767141003 0.013464075415152819
      vertex 0.05847127151488985 -0.011016437806935927 0.01328125665964535
    endloop
  endfacet
  facet normal 0.0 0.0 0.0
    outer loop
      vertex 0.06031608581542696 -0.012009315767141003 0.013464075415152819
      vertex 0.06032859420776095 -0.01194646386131825 0.013668235941547664
      vertex 0.058485271453854695 -0.01094200066551747 0.013492174169737609
    endloop
  endfacet
  facet normal 0.0 0.0 0.0
    outer loop
      vertex 0.058485271453854695 -0.01094200066551747 0.013492174169737609
      vertex 0.06032859420776095 -0.01194646386131825 0.013668235941547664
      vertex 0.05849733734130586 -0.010877453126760145 0.01370583891751221
    endloop
  endfacet
  facet normal 0.0 0.0 0.0
    outer loop
      vertex 0.06032859420776095 -0.01194646386131825 0.013668235941547664
      vertex 0.06033924484252657 -0.011892629899831433 0.013874282388705524
      vertex 0.05849733734130586 -0.010877453126760145 0.01370583891751221
    endloop
  endfacet
  facet normal 0.0 0.0 0.0
    outer loop
      vertex 0.05849733734130586 -0.010877453126760145 0.01370583891751221
      vertex 0.06033924484252657 -0.011892629899831433 0.013874282388705524
      vertex 0.05850749206542696 -0.010822805681081434 0.013921438037175448
    endloop
  endfacet
  facet normal 0.0 0.0 0.0
    outer loop
      vertex 0.06033924484252657 -0.011892629899831433 0.013874282388705524
      vertex 0.060348064422604694 -0.011847821512075087 0.014081502823848041
      vertex 0.05850749206542696 -0.010822805681081434 0.013921438037175448
    endloop
  endfacet
  facet normal 0.0 0.0 0.0
    outer loop
      vertex 0.05850749206542696 -0.010822805681081434 0.013921438037175448
      vertex 0.060348064422604694 -0.011847821512075087 0.014081502823848041
      vertex 0.05851575088500704 -0.010778069772573133 0.014138158707637103
    endloop
  endfacet
  facet normal 0.0 0.0 0.0
    outer loop
      vertex 0.060348064422604694 -0.011847821512075087 0.014081502823848041
      vertex 0.06035506820678438 -0.011812046327443738 0.014289185254592211
      vertex 0.05851575088500704 -0.010778069772573133 0.014138158707637103
    endloop
  endfacet
  facet normal 0.0 0.0 0.0
    outer loop
      vertex 0.05851575088500704 -0.010778069772573133 0.014138158707637103
      vertex 0.06035506820678438 -0.011812046327443738 0.014289185254592211
      vertex 0.05852213668822969 -0.010743256845327039 0.014355188100356372
    endloop
  endfacet
  facet normal 0.0 0.0 0.0
    outer loop
      vertex 0.06035506820678438 -0.011812046327443738 0.014289185254592211
      vertex 0.06036027145385469 -0.011785309114308973 0.014496617822665484
      vertex 0.05852213668822969 -0.010743256845327039 0.014355188100356372
    endloop
  endfacet
  facet normal 0.0 0.0 0.0
    outer loop
      vertex 0.05852213668822969 -0.010743256845327039 0.014355188100356372
      vertex 0.06036027145385469 -0.011785309114308973 0.014496617822665484
      vertex 0.05852667236327852 -0.010718376436086316 0.01457171335699013
    endloop
  endfacet
  facet normal 0.0 0.0 0.0
    outer loop
      vertex 0.06036027145385469 -0.011785309114308973 0.014496617822665484
      vertex 0.060363697051999225 -0.011767618455739638 0.014703088550586017
      vertex 0.05852667236327852 -0.010718376436086316 0.01457171335699013
    endloop
  endfacet
  facet normal 0.0 0.0 0.0
    outer loop
      vertex 0.05852667236327852 -0.010718376436086316 0.01457171335699013
      vertex 0.060363697051999225 -0.011767618455739638 0.014703088550586017
      vertex 0.05852937698363985 -0.010703439988942761 0.014786921529788288
    endloop
  endfacet
  facet normal 0.0 0.0 0.0
    outer loop
      vertex 0.05852937698363985 -0.010703439988942761 0.014786921529788288
      vertex 0.06036507797240938 -0.011760442056508679 0.014852122812289509
      vertex 0.05853027343749727 -0.010698458947988172 0.01500000002862862
    endloop
  endfacet
  facet normal 0.0 0.0 0.0
    outer loop
      vertex 0.060363697051999225 -0.011767618455739638 0.014703088550586017
      vertex 0.06036507797240938 -0.011760442056508679 0.014852122812289509
      vertex 0.05852937698363985 -0.010703439988942761 0.014786921529788288
    endloop
  endfacet
  facet normal 0.0 0.0 0.0
    outer loop
      vertex 0.06036507797240938 -0.011760442056508679 0.014852122812289509
      vertex 0.06036553955077852 -0.011758049287648816 0.01500000002862862
      vertex 0.05853027343749727 -0.010698458947988172 0.01500000002862862
    endloop
  endfacet
  facet normal 0.0 0.0 0.0
    outer loop
      vertex 0.06036553955077852 -0.011758049287648816 0.01500000002862862
      vertex 0.06036553955077852 -0.011758049287648816 0.01699999990941933
      vertex 0.05853027343749727 -0.010698458947988172 0.01500000002862862
    endloop
  endfacet
  facet normal 0.0 0.0 0.0
    outer loop
      vertex 0.05853027343749727 -0.010698458947988172 0.01500000002862862
      vertex 0.06036553955077852 -0.011758049287648816 0.01699999990941933
      vertex 0.05853027343749727 -0.010698458947988172 0.01699999990941933
    endloop
  endfacet
  facet normal 0.0 0.0 0.0
    outer loop
      vertex 0.03853027343749727 -0.04533947304710926 0.01500000002862862
      vertex 0.04036553955077852 -0.04639906624779285 0.01500000002862862
      vertex 0.03853154754638399 -0.045338401117177615 0.01487810757638863
    endloop
  endfacet
  facet normal 0.0 0.0 0.0
    outer loop
      vertex 0.03853154754638399 -0.045338401117177615 0.01487810757638863
      vertex 0.04036936569213594 -0.04639575127586902 0.014786463527697833
      vertex 0.03853535842895235 -0.0453351738832909 0.014755400686282429
    endloop
  endfacet
  facet normal 0.0 0.0 0.0
    outer loop
      vertex 0.04036553955077852 -0.04639906624779285 0.01500000002862862
      vertex 0.04036936569213594 -0.04639575127586902 0.014786463527697833
      vertex 0.03853154754638399 -0.045338401117177615 0.01487810757638863
    endloop
  endfacet
  facet normal 0.0 0.0 0.0
    outer loop
      vertex 0.03853535842895235 -0.0453351738832909 0.014755400686282429
      vertex 0.040380836486813676 -0.04638580636009754 0.014570773510951313
      vertex 0.03854739761352266 -0.04532497719749989 0.014548878340739521
    endloop
  endfacet
  facet normal 0.0 0.0 0.0
    outer loop
      vertex 0.04036936569213594 -0.04639575127586902 0.014786463527697833
      vertex 0.040380836486813676 -0.04638580636009754 0.014570773510951313
      vertex 0.03853535842895235 -0.0453351738832909 0.014755400686282429
    endloop
  endfacet
  facet normal 0.0 0.0 0.0
    outer loop
      vertex 0.03854739761352266 -0.04532497719749989 0.014548878340739521
      vertex 0.0403999328613254 -0.04636920861229481 0.014353747992533954
      vertex 0.038566505432126176 -0.045308749475331915 0.014341224460620196
    endloop
  endfacet
  facet normal 0.0 0.0 0.0
    outer loop
      vertex 0.040380836486813676 -0.04638580636009754 0.014570773510951313
      vertex 0.0403999328613254 -0.04636920861229481 0.014353747992533954
      vertex 0.03854739761352266 -0.04532497719749989 0.014548878340739521
    endloop
  endfacet
  facet normal 0.0 0.0 0.0
    outer loop
      vertex 0.0385926704406711 -0.045286483087392464 0.014133155374545368
      vertex 0.040426635742184774 -0.046345946588369026 0.014136205463427814
      vertex 0.03862586975097383 -0.04525816658958973 0.013925387202519688
    endloop
  endfacet
  facet normal 0.0 0.0 0.0
    outer loop
      vertex 0.038566505432126176 -0.045308749475331915 0.014341224460620196
      vertex 0.040426635742184774 -0.046345946588369026 0.014136205463427814
      vertex 0.0385926704406711 -0.045286483087392464 0.014133155374545368
    endloop
  endfacet
  facet normal 0.0 0.0 0.0
    outer loop
      vertex 0.0403999328613254 -0.04636920861229481 0.014353747992533954
      vertex 0.040426635742184774 -0.046345946588369026 0.014136205463427814
      vertex 0.038566505432126176 -0.045308749475331915 0.014341224460620196
    endloop
  endfacet
  facet normal 0.0 0.0 0.0
    outer loop
      vertex 0.040426635742184774 -0.046345946588369026 0.014136205463427814
      vertex 0.04046092987060274 -0.0463160088442284 0.013918964056987079
      vertex 0.03862586975097383 -0.04525816658958973 0.013925387202519688
    endloop
  endfacet
  facet normal 0.0 0.0 0.0
    outer loop
      vertex 0.03862586975097383 -0.04525816658958973 0.013925387202519688
      vertex 0.04046092987060274 -0.0463160088442284 0.013918964056987079
      vertex 0.038666088104245315 -0.04522379235252918 0.013718636213559421
    endloop
  endfacet
  facet normal 0.0 0.0 0.0
    outer loop
      vertex 0.04046092987060274 -0.0463160088442284 0.013918964056987079
      vertex 0.04050279617309298 -0.04627938012108387 0.013702842055577548
      vertex 0.038666088104245315 -0.04522379235252918 0.013718636213559421
    endloop
  endfacet
  facet normal 0.0 0.0 0.0
    outer loop
      vertex 0.038666088104245315 -0.04522379235252918 0.013718636213559421
      vertex 0.04050279617309298 -0.04627938012108387 0.013702842055577548
      vertex 0.03871331024169649 -0.04518334130272449 0.013513618572372706
    endloop
  endfacet
  facet normal 0.0 0.0 0.0
    outer loop
      vertex 0.04050279617309298 -0.04627938012108387 0.013702842055577548
      vertex 0.04055221939086641 -0.046236045160146365 0.013488657719213279
      vertex 0.03871331024169649 -0.04518334130272449 0.013513618572372706
    endloop
  endfacet
  facet normal 0.0 0.0 0.0
    outer loop
      vertex 0.03871331024169649 -0.04518334130272449 0.013513618572372706
      vertex 0.04055221939086641 -0.046236045160146365 0.013488657719213279
      vertex 0.038767517089841025 -0.04513680581078113 0.013311050495821746
    endloop
  endfacet
  facet normal 0.0 0.0 0.0
    outer loop
      vertex 0.04055221939086641 -0.046236045160146365 0.013488657719213279
      vertex 0.040609180450436724 -0.046185988702626836 0.013277229293007167
      vertex 0.038767517089841025 -0.04513680581078113 0.013311050495821746
    endloop
  endfacet
  facet normal 0.0 0.0 0.0
    outer loop
      vertex 0.038767517089841025 -0.04513680581078113 0.013311050495821746
      vertex 0.040609180450436724 -0.046185988702626836 0.013277229293007167
      vertex 0.03882868957519258 -0.04508417824730457 0.013111648170966418
    endloop
  endfacet
  facet normal 0.0 0.0 0.0
    outer loop
      vertex 0.040609180450436724 -0.046185988702626836 0.013277229293007167
      vertex 0.04067366409301485 -0.046129199304433474 0.013069374828357013
      vertex 0.03882868957519258 -0.04508417824730457 0.013111648170966418
    endloop
  endfacet
  facet normal 0.0 0.0 0.0
    outer loop
      vertex 0.03882868957519258 -0.04508417824730457 0.013111648170966418
      vertex 0.04067366409301485 -0.046129199304433474 0.013069374828357013
      vertex 0.038896724700925006 -0.0450254815004784 0.012916088311690601
    endloop
  endfacet
  facet normal 0.0 0.0 0.0
    outer loop
      vertex 0.04067366409301485 -0.046129199304433474 0.013069374828357013
      vertex 0.0407454910278293 -0.04606575707420887 0.012865834503192218
      vertex 0.038896724700925006 -0.0450254815004784 0.012916088311690601
    endloop
  endfacet
  facet normal 0.0 0.0 0.0
    outer loop
      vertex 0.038896724700925006 -0.0450254815004784 0.012916088311690601
      vertex 0.0407454910278293 -0.04606575707420887 0.012865834503192218
      vertex 0.03897121810912813 -0.04496100167259754 0.012724875240344317
    endloop
  endfacet
  facet normal 0.0 0.0 0.0
    outer loop
      vertex 0.0407454910278293 -0.04606575707420887 0.012865834503192218
      vertex 0.04082416915893282 -0.04599602440819324 0.012667161433715136
      vertex 0.03897121810912813 -0.04496100167259754 0.012724875240344317
    endloop
  endfacet
  facet normal 0.0 0.0 0.0
    outer loop
      vertex 0.03897121810912813 -0.04496100167259754 0.012724875240344317
      vertex 0.04082416915893282 -0.04599602440819324 0.012667161433715136
      vertex 0.039051692962643755 -0.044891101159902226 0.01253846791269234
    endloop
  endfacet
  facet normal 0.0 0.0 0.0
    outer loop
      vertex 0.04082416915893282 -0.04599602440819324 0.012667161433715136
      vertex 0.04090916824340547 -0.045920424737783086 0.0124738817501252
      vertex 0.039051692962643755 -0.044891101159902226 0.01253846791269234
    endloop
  endfacet
  facet normal 0.0 0.0 0.0
    outer loop
      vertex 0.039051692962643755 -0.044891101159902226 0.01253846791269234
      vertex 0.04090916824340547 -0.045920424737783086 0.0124738817501252
      vertex 0.039137680053708206 -0.04481613854393543 0.012357325105685504
    endloop
  endfacet
  facet normal 0.0 0.0 0.0
    outer loop
      vertex 0.04090916824340547 -0.045920424737783086 0.0124738817501252
      vertex 0.04099995040893282 -0.045839373864980354 0.012286521701831135
      vertex 0.039137680053708206 -0.04481613854393543 0.012357325105685504
    endloop
  endfacet
  facet normal 0.0 0.0 0.0
    outer loop
      vertex 0.039137680053708206 -0.04481613854393543 0.012357325105685504
      vertex 0.04099995040893282 -0.045839373864980354 0.012286521701831135
      vertex 0.03922869873046602 -0.044736483850331916 0.012181905536670002
    endloop
  endfacet
  facet normal 0.0 0.0 0.0
    outer loop
      vertex 0.04099995040893282 -0.045839373864980354 0.012286521701831135
      vertex 0.04109599304198946 -0.04575328759178699 0.012105607299823077
      vertex 0.03922869873046602 -0.044736483850331916 0.012181905536670002
    endloop
  endfacet
  facet normal 0.0 0.0 0.0
    outer loop
      vertex 0.03922869873046602 -0.044736483850331916 0.012181905536670002
      vertex 0.04109599304198946 -0.04575328759178699 0.012105607299823077
      vertex 0.03932427978515352 -0.04465249566063465 0.01201266828061989
    endloop
  endfacet
  facet normal 0.0 0.0 0.0
    outer loop
      vertex 0.04109599304198946 -0.04575328759178699 0.012105607299823077
      vertex 0.04119675445556368 -0.04566259316429676 0.011931664853114398
      vertex 0.03932427978515352 -0.04465249566063465 0.01201266828061989
    endloop
  endfacet
  facet normal 0.0 0.0 0.0
    outer loop
      vertex 0.03932427978515352 -0.04465249566063465 0.01201266828061989
      vertex 0.04119675445556368 -0.04566259316429676 0.011931664853114398
      vertex 0.039423950195309775 -0.04456454018578113 0.011850072054881367
    endloop
  endfacet
  facet normal 0.0 0.0 0.0
    outer loop
      vertex 0.04119675445556368 -0.04566259316429676 0.011931664853114398
      vertex 0.04130171203613008 -0.0455677063845116 0.011765220432299885
      vertex 0.039423950195309775 -0.04456454018578113 0.011850072054881367
    endloop
  endfacet
  facet normal 0.0 0.0 0.0
    outer loop
      vertex 0.039423950195309775 -0.04456454018578113 0.011850072054881367
      vertex 0.04130171203613008 -0.0455677063845116 0.011765220432299885
      vertex 0.039527236938473834 -0.0444729798220116 0.011694575696009906
    endloop
  endfacet
  facet normal 0.0 0.0 0.0
    outer loop
      vertex 0.04130171203613008 -0.0455677063845116 0.011765220432299885
      vertex 0.04141033172607149 -0.04546904305443348 0.011606800227183613
      vertex 0.039527236938473834 -0.0444729798220116 0.011694575696009906
    endloop
  endfacet
  facet normal 0.0 0.0 0.0
    outer loop
      vertex 0.039527236938473834 -0.0444729798220116 0.011694575696009906
      vertex 0.04141033172607149 -0.04546904305443348 0.011606800227183613
      vertex 0.0396336631774875 -0.04437817696556629 0.011546638040560992
    endloop
  endfacet
  facet normal 0.0 0.0 0.0
    outer loop
      vertex 0.0396336631774875 -0.04437817696556629 0.011546638040560992
      vertex 0.04152218246459688 -0.04536693123802723 0.011456793098468096
      vertex 0.03974339294433321 -0.044279929437490116 0.011405881791133197
    endloop
  endfacet
  facet normal 0.0 0.0 0.0
    outer loop
      vertex 0.04141033172607149 -0.04546904305443348 0.011606800227183613
      vertex 0.04152218246459688 -0.04536693123802723 0.011456793098468096
      vertex 0.0396336631774875 -0.04437817696556629 0.011546638040560992
    endloop
  endfacet
  facet normal 0.0 0.0 0.0
    outer loop
      vertex 0.03974339294433321 -0.044279929437490116 0.011405881791133197
      vertex 0.041639053344723835 -0.04525966576561512 0.01131266155721596
      vertex 0.03985826110839571 -0.04417653206810535 0.011269780306834492
    endloop
  endfacet
  facet normal 0.0 0.0 0.0
    outer loop
      vertex 0.04152218246459688 -0.04536693123802723 0.011456793098468096
      vertex 0.041639053344723835 -0.04525966576561512 0.01131266155721596
      vertex 0.03974339294433321 -0.044279929437490116 0.011405881791133197
    endloop
  endfacet
  facet normal 0.0 0.0 0.0
    outer loop
      vertex 0.041639053344723835 -0.04525966576561512 0.01131266155721596
      vertex 0.04176145935058321 -0.0451467087648827 0.0111736606645768
      vertex 0.03985826110839571 -0.04417653206810535 0.011269780306834492
    endloop
  endfacet
  facet normal 0.0 0.0 0.0
    outer loop
      vertex 0.03985826110839571 -0.04417653206810535 0.011269780306834492
      vertex 0.04176145935058321 -0.0451467087648827 0.0111736606645768
      vertex 0.039978096008298054 -0.04406808022484363 0.011138514666575701
    endloop
  endfacet
  facet normal 0.0 0.0 0.0
    outer loop
      vertex 0.039978096008298054 -0.04406808022484363 0.011138514666575701
      vertex 0.04188897705077852 -0.04502838067040028 0.011040303139704975
      vertex 0.04010252380370821 -0.04395484475121082 0.011012528805751117
    endloop
  endfacet
  facet normal 0.0 0.0 0.0
    outer loop
      vertex 0.04176145935058321 -0.0451467087648827 0.0111736606645768
      vertex 0.04188897705077852 -0.04502838067040028 0.011040303139704975
      vertex 0.039978096008298054 -0.04406808022484363 0.011138514666575701
    endloop
  endfacet
  facet normal 0.0 0.0 0.0
    outer loop
      vertex 0.04010252380370821 -0.04395484475121082 0.011012528805751117
      vertex 0.04202118682861055 -0.04490500573143543 0.010913102536219866
      vertex 0.04023118209838594 -0.04383710412010731 0.010892266659755023
    endloop
  endfacet
  facet normal 0.0 0.0 0.0
    outer loop
      vertex 0.04188897705077852 -0.04502838067040028 0.011040303139704975
      vertex 0.04202118682861055 -0.04490500573143543 0.010913102536219866
      vertex 0.04010252380370821 -0.04395484475121082 0.011012528805751117
    endloop
  endfacet
  facet normal 0.0 0.0 0.0
    outer loop
      vertex 0.04023118209838594 -0.04383710412010731 0.010892266659755023
      vertex 0.04215766906738008 -0.04477690056786121 0.010792571930903706
      vertex 0.040363689422604696 -0.04371512917503895 0.010778172163981707
    endloop
  endfacet
  facet normal 0.0 0.0 0.0
    outer loop
      vertex 0.04202118682861055 -0.04490500573143543 0.010913102536219866
      vertex 0.04215766906738008 -0.04477690056786121 0.010792571930903706
      vertex 0.04023118209838594 -0.04383710412010731 0.010892266659755023
    endloop
  endfacet
  facet normal 0.0 0.0 0.0
    outer loop
      vertex 0.040363689422604696 -0.04371512917503895 0.010778172163981707
      vertex 0.04229800033569063 -0.044644381799550666 0.010679224400538714
      vertex 0.04049967956542696 -0.043589194574208866 0.010670689253825458
    endloop
  endfacet
  facet normal 0.0 0.0 0.0
    outer loop
      vertex 0.04215766906738008 -0.04477690056786121 0.010792571930903706
      vertex 0.04229800033569063 -0.044644381799550666 0.010679224400538714
      vertex 0.040363689422604696 -0.04371512917503895 0.010778172163981707
    endloop
  endfacet
  facet normal 0.0 0.0 0.0
    outer loop
      vertex 0.040638782501217975 -0.04345957116112293 0.010570262103099139
      vertex 0.04244176101684297 -0.044507769861074103 0.010573573498744281
      vertex 0.040780624389645706 -0.043326537408681524 0.010477334885615619
    endloop
  endfacet
  facet normal 0.0 0.0 0.0
    outer loop
      vertex 0.04049967956542696 -0.043589194574208866 0.010670689253825458
      vertex 0.04244176101684297 -0.044507769861074103 0.010573573498744281
      vertex 0.040638782501217975 -0.04345957116112293 0.010570262103099139
    endloop
  endfacet
  facet normal 0.0 0.0 0.0
    outer loop
      vertex 0.04229800033569063 -0.044644381799550666 0.010679224400538714
      vertex 0.04244176101684297 -0.044507769861074103 0.010573573498744281
      vertex 0.04049967956542696 -0.043589194574208866 0.010670689253825458
    endloop
  endfacet
  facet normal 0.0 0.0 0.0
    outer loop
      vertex 0.040780624389645706 -0.043326537408681524 0.010477334885615619
      vertex 0.042588531494137896 -0.0443673890016991 0.010476132063884052
      vertex 0.040924835205075394 -0.043190367975087775 0.010392351059932026
    endloop
  endfacet
  facet normal 0.0 0.0 0.0
    outer loop
      vertex 0.04244176101684297 -0.044507769861074103 0.010573573498744281
      vertex 0.042588531494137896 -0.0443673890016991 0.010476132063884052
      vertex 0.040780624389645706 -0.043326537408681524 0.010477334885615619
    endloop
  endfacet
  facet normal 0.0 0.0 0.0
    outer loop
      vertex 0.040924835205075394 -0.043190367975087775 0.010392351059932026
      vertex 0.04273788833617891 -0.04422355584129871 0.010387413172740253
      vertex 0.04108736801147188 -0.0430357354067284 0.010307691006678851
    endloop
  endfacet
  facet normal 0.0 0.0 0.0
    outer loop
      vertex 0.042588531494137896 -0.0443673890016991 0.010476132063884052
      vertex 0.04273788833617891 -0.04422355584129871 0.010387413172740253
      vertex 0.040924835205075394 -0.043190367975087775 0.010392351059932026
    endloop
  endfacet
  facet normal 0.0 0.0 0.0
    outer loop
      vertex 0.04273788833617891 -0.04422355584129871 0.010387413172740253
      vertex 0.04288938140868868 -0.044076606073232306 0.010307841448802264
      vertex 0.04108736801147188 -0.0430357354067284 0.010307691006678851
    endloop
  endfacet
  facet normal 0.0 0.0 0.0
    outer loop
      vertex 0.04108736801147188 -0.0430357354067284 0.010307691006678851
      vertex 0.043042488098141804 -0.043927020349355354 0.010237478642482074
      vertex 0.0412700500488254 -0.042860472955556526 0.010225768237132343
    endloop
  endfacet
  facet normal 0.0 0.0 0.0
    outer loop
      vertex 0.04288938140868868 -0.044076606073232306 0.010307841448802264
      vertex 0.043042488098141804 -0.043927020349355354 0.010237478642482074
      vertex 0.04108736801147188 -0.0430357354067284 0.010307691006678851
    endloop
  endfacet
  facet normal 0.0 0.0 0.0
    outer loop
      vertex 0.043042488098141804 -0.043927020349355354 0.010237478642482074
      vertex 0.0431966743469211 -0.04377531746849598 0.010176294951457294
      vertex 0.0412700500488254 -0.042860472955556526 0.010225768237132343
    endloop
  endfacet
  facet normal 0.0 0.0 0.0
    outer loop
      vertex 0.0412700500488254 -0.042860472955556526 0.010225768237132343
      vertex 0.0431966743469211 -0.04377531746849598 0.010176294951457294
      vertex 0.04145409393310274 -0.042682399072499884 0.01015658178808144
    endloop
  endfacet
  facet normal 0.0 0.0 0.0
    outer loop
      vertex 0.0431966743469211 -0.04377531746849598 0.010176294951457294
      vertex 0.04335141754150118 -0.043622023858876834 0.010124260573405536
      vertex 0.04145409393310274 -0.042682399072499884 0.01015658178808144
    endloop
  endfacet
  facet normal 0.0 0.0 0.0
    outer loop
      vertex 0.04145409393310274 -0.042682399072499884 0.01015658178808144
      vertex 0.04335141754150118 -0.043622023858876834 0.010124260573405536
      vertex 0.04163862609863008 -0.04250235680565418 0.010100083260554584
    endloop
  endfacet
  facet normal 0.0 0.0 0.0
    outer loop
      vertex 0.04335141754150118 -0.043622023858876834 0.010124260573405536
      vertex 0.04350619125365938 -0.04346765831932606 0.010081345467585833
      vertex 0.04163862609863008 -0.04250235680565418 0.010100083260554584
    endloop
  endfacet
  facet normal 0.0 0.0 0.0
    outer loop
      vertex 0.04163862609863008 -0.04250235680565418 0.010100083260554584
      vertex 0.04350619125365938 -0.04346765831932606 0.010081345467585833
      vertex 0.0418227729797336 -0.04232119683250965 0.01005622425558022
    endloop
  endfacet
  facet normal 0.0 0.0 0.0
    outer loop
      vertex 0.04350619125365938 -0.04346765831932606 0.010081345467585833
      vertex 0.04366046142577852 -0.043312743463369024 0.010047520070094379
      vertex 0.0418227729797336 -0.04232119683250965 0.01005622425558022
    endloop
  endfacet
  facet normal 0.0 0.0 0.0
    outer loop
      vertex 0.0418227729797336 -0.04232119683250965 0.01005622425558022
      vertex 0.04366046142577852 -0.043312743463369024 0.010047520070094379
      vertex 0.042005664825436724 -0.04213976983055653 0.010024956374186786
    endloop
  endfacet
  facet normal 0.0 0.0 0.0
    outer loop
      vertex 0.04366046142577852 -0.043312743463369024 0.010047520070094379
      vertex 0.04381370544433321 -0.0431578057192284 0.010022754101771624
      vertex 0.042005664825436724 -0.04213976983055653 0.010024956374186786
    endloop
  endfacet
  facet normal 0.0 0.0 0.0
    outer loop
      vertex 0.042005664825436724 -0.04213976983055653 0.010024956374186786
      vertex 0.04381370544433321 -0.0431578057192284 0.010022754101771624
      vertex 0.04218642807006563 -0.041958915033193246 0.010006230978984149
    endloop
  endfacet
  facet normal 0.0 0.0 0.0
    outer loop
      vertex 0.04381370544433321 -0.0431578057192284 0.010022754101771624
      vertex 0.043965389251706254 -0.0430033638857323 0.010007017760295184
      vertex 0.04218642807006563 -0.041958915033193246 0.010006230978984149
    endloop
  endfacet
  facet normal 0.0 0.0 0.0
    outer loop
      vertex 0.043965389251706254 -0.0430033638857323 0.010007017760295184
      vertex 0.04405920791625704 -0.04290727929100574 0.010001753239650043
      vertex 0.04218642807006563 -0.041958915033193246 0.010006230978984149
    endloop
  endfacet
  facet normal 0.0 0.0 0.0
    outer loop
      vertex 0.04218642807006563 -0.041958915033193246 0.010006230978984149
      vertex 0.04405920791625704 -0.04290727929100574 0.010001753239650043
      vertex 0.04236418914794649 -0.04177948311791004 0.00999999990941933
    endloop
  endfacet
  facet normal 0.0 0.0 0.0
    outer loop
      vertex 0.04405920791625704 -0.04290727929100574 0.010001753239650043
      vertex 0.04415208053588594 -0.0428117249391991 0.00999999990941933
      vertex 0.04236418914794649 -0.04177948311791004 0.00999999990941933
    endloop
  endfacet
  facet normal 0.0 0.0 0.0
    outer loop
      vertex 0.04036553955077852 -0.04639906624779285 0.01699999990941933
      vertex 0.04036553955077852 -0.04639906624779285 0.01500000002862862
      vertex 0.03853027343749727 -0.04533947304710926 0.01699999990941933
    endloop
  endfacet
  facet normal 0.0 0.0 0.0
    outer loop
      vertex 0.03853027343749727 -0.04533947304710926 0.01699999990941933
      vertex 0.04036553955077852 -0.04639906624779285 0.01500000002862862
      vertex 0.03853027343749727 -0.04533947304710926 0.01500000002862862
    endloop
  endfacet
  facet normal 0.0 0.0 0.0
    outer loop
      vertex 0.022772748947140833 -0.05712837914452135 0.01699999990941933
      vertex 0.019999999999997277 -0.05603793267235339 0.01699999990941933
      vertex 0.019999999999997273 -0.058157115259023305 0.01699999990941933
    endloop
  endfacet
  facet normal 0.0 0.0 0.0
    outer loop
      vertex 0.02251147651672091 -0.05507706765160143 0.01699999990941933
      vertex 0.019999999999997277 -0.05603793267235339 0.01699999990941933
      vertex 0.022772748947140833 -0.05712837914452135 0.01699999990941933
    endloop
  endfacet
  facet normal 0.0 0.0 0.0
    outer loop
      vertex 0.025492835998532432 -0.055967536249013544 0.01699999990941933
      vertex 0.02251147651672091 -0.05507706765160143 0.01699999990941933
      vertex 0.022772748947140833 -0.05712837914452135 0.01699999990941933
    endloop
  endfacet
  facet normal 0.0 0.0 0.0
    outer loop
      vertex 0.024976976394650595 -0.054003711023183465 0.01699999990941933
      vertex 0.02251147651672091 -0.05507706765160143 0.01699999990941933
      vertex 0.025492835998532432 -0.055967536249013544 0.01699999990941933
    endloop
  endfacet
  facet normal 0.0 0.0 0.0
    outer loop
      vertex 0.028153970718381063 -0.05467727211937487 0.01699999990941933
      vertex 0.024976976394650595 -0.054003711023183465 0.01699999990941933
      vertex 0.025492835998532432 -0.055967536249013544 0.01699999990941933
    endloop
  endfacet
  facet normal 0.0 0.0 0.0
    outer loop
      vertex 0.027391460418698447 -0.05282005242332995 0.01699999990941933
      vertex 0.024976976394650595 -0.054003711023183465 0.01699999990941933
      vertex 0.028153970718381063 -0.05467727211937487 0.01699999990941933
    endloop
  endfacet
  facet normal 0.0 0.0 0.0
    outer loop
      vertex 0.030749999999997276 -0.05326056221947253 0.01699999990941933
      vertex 0.027391460418698447 -0.05282005242332995 0.01699999990941933
      vertex 0.028153970718381063 -0.05467727211937487 0.01699999990941933
    endloop
  endfacet
  facet normal 0.0 0.0 0.0
    outer loop
      vertex 0.029749999999997275 -0.05152851037010729 0.01699999990941933
      vertex 0.027391460418698447 -0.05282005242332995 0.01699999990941933
      vertex 0.030749999999997276 -0.05326056221947253 0.01699999990941933
    endloop
  endfacet
  facet normal 0.0 0.0 0.0
    outer loop
      vertex 0.03204777526855196 -0.05013172844872058 0.01699999990941933
      vertex 0.030749999999997276 -0.05326056221947253 0.01699999990941933
      vertex 0.0332749214172336 -0.051720691003652224 0.01699999990941933
    endloop
  endfacet
  facet normal 0.0 0.0 0.0
    outer loop
      vertex 0.03204777526855196 -0.05013172844872058 0.01699999990941933
      vertex 0.029749999999997275 -0.05152851037010729 0.01699999990941933
      vertex 0.030749999999997276 -0.05326056221947253 0.01699999990941933
    endloop
  endfacet
  facet normal 0.0 0.0 0.0
    outer loop
      vertex 0.034280097961423055 -0.04863255242332996 0.01699999990941933
      vertex 0.03204777526855196 -0.05013172844872058 0.01699999990941933
      vertex 0.0332749214172336 -0.051720691003652224 0.01699999990941933
    endloop
  endfacet
  facet normal 0.0 0.0 0.0
    outer loop
      vertex 0.03572289276122774 -0.0500612137697655 0.01699999990941933
      vertex 0.034280097961423055 -0.04863255242332996 0.01699999990941933
      vertex 0.0332749214172336 -0.051720691003652224 0.01699999990941933
    endloop
  endfacet
  facet normal 0.0 0.0 0.0
    outer loop
      vertex 0.0364424018859836 -0.04703404549583973 0.01699999990941933
      vertex 0.034280097961423055 -0.04863255242332996 0.01699999990941933
      vertex 0.03572289276122774 -0.0500612137697655 0.01699999990941933
    endloop
  endfacet
  facet normal 0.0 0.0 0.0
    outer loop
      vertex 0.03808825302123751 -0.04828596810326159 0.01699999990941933
      vertex 0.0364424018859836 -0.04703404549583973 0.01699999990941933
      vertex 0.03572289276122774 -0.0500612137697655 0.01699999990941933
    endloop
  endfacet
  facet normal 0.0 0.0 0.0
    outer loop
      vertex 0.03853027343749727 -0.04533947304710926 0.01699999990941933
      vertex 0.0364424018859836 -0.04703404549583973 0.01699999990941933
      vertex 0.03808825302123751 -0.04828596810326159 0.01699999990941933
    endloop
  endfacet
  facet normal 0.0 0.0 0.0
    outer loop
      vertex 0.04036553955077852 -0.04639906624779285 0.01699999990941933
      vertex 0.03853027343749727 -0.04533947304710926 0.01699999990941933
      vertex 0.03808825302123751 -0.04828596810326159 0.01699999990941933
    endloop
  endfacet
  facet normal 0.0 0.0 0.0
    outer loop
      vertex -0.015000000000002716 -0.05964268425926745 0.00999999990941933
      vertex -0.01231688308716092 -0.0582112038515526 0.00999999990941933
      vertex -0.015000000000002716 -0.05757820824608385 0.00999999990941933
    endloop
  endfacet
  facet normal 0.0 0.0 0.0
    outer loop
      vertex -0.015000000000002716 -0.05964268425926745 0.00999999990941933
      vertex -0.012043934822085236 -0.06030915001854479 0.00999999990941933
      vertex -0.01231688308716092 -0.0582112038515526 0.00999999990941933
    endloop
  endfacet
  facet normal 0.0 0.0 0.0
    outer loop
      vertex -0.012043934822085236 -0.06030915001854479 0.00999999990941933
      vertex -0.009607326507571077 -0.058719241418691275 0.00999999990941933
      vertex -0.01231688308716092 -0.0582112038515526 0.00999999990941933
    endloop
  endfacet
  facet normal 0.0 0.0 0.0
    outer loop
      vertex -0.012043934822085236 -0.06030915001854479 0.00999999990941933
      vertex -0.009058629989626742 -0.06082919625267565 0.00999999990941933
      vertex -0.009607326507571077 -0.058719241418691275 0.00999999990941933
    endloop
  endfacet
  facet normal 0.0 0.0 0.0
    outer loop
      vertex -0.009058629989626742 -0.06082919625267565 0.00999999990941933
      vertex -0.006877145290377474 -0.059101226129384635 0.00999999990941933
      vertex -0.009607326507571077 -0.058719241418691275 0.00999999990941933
    endloop
  endfacet
  facet normal 0.0 0.0 0.0
    outer loop
      vertex -0.009058629989626742 -0.06082919625267565 0.00999999990941933
      vertex -0.0060513324737576 -0.06120156411156237 0.00999999990941933
      vertex -0.006877145290377474 -0.059101226129384635 0.00999999990941933
    endloop
  endfacet
  facet normal 0.0 0.0 0.0
    outer loop
      vertex -0.0060513324737576 -0.06120156411156237 0.00999999990941933
      vertex -0.0041322011947659025 -0.05935633782372057 0.00999999990941933
      vertex -0.006877145290377474 -0.059101226129384635 0.00999999990941933
    endloop
  endfacet
  facet normal 0.0 0.0 0.0
    outer loop
      vertex -0.0041322011947659025 -0.05935633782372057 0.00999999990941933
      vertex -0.003029343366625644 -0.06142534569725573 0.00999999990941933
      vertex -0.0013783867359188572 -0.059484030999990105 0.00999999990941933
    endloop
  endfacet
  facet normal 0.0 0.0 0.0
    outer loop
      vertex -0.0060513324737576 -0.06120156411156237 0.00999999990941933
      vertex -0.003029343366625644 -0.06142534569725573 0.00999999990941933
      vertex -0.0041322011947659025 -0.05935633782372057 0.00999999990941933
    endloop
  endfacet
  facet normal 0.0 0.0 0.0
    outer loop
      vertex -0.0013783867359188572 -0.059484030999990105 0.00999999990941933
      vertex 5.1257548845880346e-17 -0.06149999932274401 0.00999999990941933
      vertex 0.0013783867359134176 -0.059484030999990105 0.00999999990941933
    endloop
  endfacet
  facet normal 0.0 0.0 0.0
    outer loop
      vertex -0.003029343366625644 -0.06142534569725573 0.00999999990941933
      vertex 5.1257548845880346e-17 -0.06149999932274401 0.00999999990941933
      vertex -0.0013783867359188572 -0.059484030999990105 0.00999999990941933
    endloop
  endfacet
  facet normal 0.0 0.0 0.0
    outer loop
      vertex 0.0013783867359134176 -0.059484030999990105 0.00999999990941933
      vertex 0.0030293433666202037 -0.06142534569725573 0.00999999990941933
      vertex 0.004132201194760463 -0.05935633782372057 0.00999999990941933
    endloop
  endfacet
  facet normal 0.0 0.0 0.0
    outer loop
      vertex 5.1257548845880346e-17 -0.06149999932274401 0.00999999990941933
      vertex 0.0030293433666202037 -0.06142534569725573 0.00999999990941933
      vertex 0.0013783867359134176 -0.059484030999990105 0.00999999990941933
    endloop
  endfacet
  facet normal 0.0 0.0 0.0
    outer loop
      vertex 0.004132201194760463 -0.05935633782372057 0.00999999990941933
      vertex 0.006051332473752161 -0.06120156411156237 0.00999999990941933
      vertex 0.006877145290372035 -0.059101226129384635 0.00999999990941933
    endloop
  endfacet
  facet normal 0.0 0.0 0.0
    outer loop
      vertex 0.0030293433666202037 -0.06142534569725573 0.00999999990941933
      vertex 0.006051332473752161 -0.06120156411156237 0.00999999990941933
      vertex 0.004132201194760463 -0.05935633782372057 0.00999999990941933
    endloop
  endfacet
  facet normal 0.0 0.0 0.0
    outer loop
      vertex 0.006877145290372035 -0.059101226129384635 0.00999999990941933
      vertex 0.009058629989621302 -0.06082919625267565 0.00999999990941933
      vertex 0.009607326507565638 -0.058719241418691275 0.00999999990941933
    endloop
  endfacet
  facet normal 0.0 0.0 0.0
    outer loop
      vertex 0.006051332473752161 -0.06120156411156237 0.00999999990941933
      vertex 0.009058629989621302 -0.06082919625267565 0.00999999990941933
      vertex 0.006877145290372035 -0.059101226129384635 0.00999999990941933
    endloop
  endfacet
  facet normal 0.0 0.0 0.0
    outer loop
      vertex 0.009607326507565638 -0.058719241418691275 0.00999999990941933
      vertex 0.012043934822079796 -0.06030915001854479 0.00999999990941933
      vertex 0.01231688308715548 -0.0582112038515526 0.00999999990941933
    endloop
  endfacet
  facet normal 0.0 0.0 0.0
    outer loop
      vertex 0.009058629989621302 -0.06082919625267565 0.00999999990941933
      vertex 0.012043934822079796 -0.06030915001854479 0.00999999990941933
      vertex 0.009607326507565638 -0.058719241418691275 0.00999999990941933
    endloop
  endfacet
  facet normal 0.0 0.0 0.0
    outer loop
      vertex 0.01231688308715548 -0.0582112038515526 0.00999999990941933
      vertex 0.014999999999997278 -0.05964268425926745 0.00999999990941933
      vertex 0.014999999999997278 -0.05757820824608385 0.00999999990941933
    endloop
  endfacet
  facet normal 0.0 0.0 0.0
    outer loop
      vertex 0.012043934822079796 -0.06030915001854479 0.00999999990941933
      vertex 0.014999999999997278 -0.05964268425926745 0.00999999990941933
      vertex 0.01231688308715548 -0.0582112038515526 0.00999999990941933
    endloop
  endfacet
  facet normal 0.0 0.0 0.0
    outer loop
      vertex 0.014999999999997278 -0.05757820824608385 0.00999999990941933
      vertex 0.014999999999997278 -0.05964268425926745 0.00999999990941933
      vertex 0.015142181396481652 -0.05754096535667956 0.010002121834773333
    endloop
  endfacet
  facet normal 0.0 0.0 0.0
    outer loop
      vertex 0.015142181396481652 -0.05754096535667956 0.010002121834773333
      vertex 0.01524429607391085 -0.059580672540517444 0.010006233124751362
      vertex 0.01528546047210421 -0.057503028192372914 0.010008493571299824
    endloop
  endfacet
  facet normal 0.0 0.0 0.0
    outer loop
      vertex 0.014999999999997278 -0.05964268425926745 0.00999999990941933
      vertex 0.01524429607391085 -0.059580672540517444 0.010006233124751362
      vertex 0.015142181396481652 -0.05754096535667956 0.010002121834773333
    endloop
  endfacet
  facet normal 0.0 0.0 0.0
    outer loop
      vertex 0.015494327545163292 -0.057447032251210804 0.010025264410990985
      vertex 0.015491340637204308 -0.05951684121117175 0.010024964718837055
      vertex 0.015704300880429407 -0.05738993004784167 0.010050989775676044
    endloop
  endfacet
  facet normal 0.0 0.0 0.0
    outer loop
      vertex 0.01528546047210421 -0.057503028192372914 0.010008493571299824
      vertex 0.015491340637204308 -0.05951684121117175 0.010024964718837055
      vertex 0.015494327545163292 -0.057447032251210804 0.010025264410990985
    endloop
  endfacet
  facet normal 0.0 0.0 0.0
    outer loop
      vertex 0.01524429607391085 -0.059580672540517444 0.010006233124751362
      vertex 0.015491340637204308 -0.05951684121117175 0.010024964718837055
      vertex 0.01528546047210421 -0.057503028192372914 0.010008493571299824
    endloop
  endfacet
  facet normal 0.0 0.0 0.0
    outer loop
      vertex 0.015704300880429407 -0.05738993004784167 0.010050989775676044
      vertex 0.015739958763119836 -0.05945151070580065 0.010056244044322284
      vertex 0.015914673805234092 -0.05733191613182604 0.01008569851400307
    endloop
  endfacet
  facet normal 0.0 0.0 0.0
    outer loop
      vertex 0.015491340637204308 -0.05951684121117175 0.010024964718837055
      vertex 0.015739958763119836 -0.05945151070580065 0.010056244044322284
      vertex 0.015704300880429407 -0.05738993004784167 0.010050989775676044
    endloop
  endfacet
  facet normal 0.0 0.0 0.0
    outer loop
      vertex 0.015914673805234092 -0.05733191613182604 0.01008569851400307
      vertex 0.015988977432248253 -0.059385001458974476 0.010100119977015766
      vertex 0.016124740600583214 -0.05727320031151354 0.010129419713038715
    endloop
  endfacet
  facet normal 0.0 0.0 0.0
    outer loop
      vertex 0.015739958763119836 -0.05945151070580065 0.010056244044322284
      vertex 0.015988977432248253 -0.059385001458974476 0.010100119977015766
      vertex 0.015914673805234092 -0.05733191613182604 0.01008569851400307
    endloop
  endfacet
  facet normal 0.0 0.0 0.0
    outer loop
      vertex 0.015988977432248253 -0.059385001458974476 0.010100119977015766
      vertex 0.016237222671506065 -0.05931763390526354 0.010156641154307635
      vertex 0.016124740600583214 -0.05727320031151354 0.010129419713038715
    endloop
  endfacet
  facet normal 0.0 0.0 0.0
    outer loop
      vertex 0.016124740600583214 -0.05727320031151354 0.010129419713038715
      vertex 0.016237222671506065 -0.05931763390526354 0.010156641154307635
      vertex 0.016333797454831264 -0.05721397332176745 0.010182182936686785
    endloop
  endfacet
  facet normal 0.0 0.0 0.0
    outer loop
      vertex 0.016237222671506065 -0.05931763390526354 0.010156641154307635
      vertex 0.016483522415158408 -0.05924973229393542 0.010225856928843768
      vertex 0.016333797454831264 -0.05721397332176745 0.010182182936686785
    endloop
  endfacet
  facet normal 0.0 0.0 0.0
    outer loop
      vertex 0.016333797454831264 -0.05721397332176745 0.010182182936686785
      vertex 0.016483522415158408 -0.05924973229393542 0.010225856928843768
      vertex 0.01654113769530978 -0.057154441156240104 0.010244017033595355
    endloop
  endfacet
  facet normal 0.0 0.0 0.0
    outer loop
      vertex 0.016483522415158408 -0.05924973229393542 0.010225856928843768
      vertex 0.01670255851745333 -0.059188430108876824 0.010299045233744891
      vertex 0.01654113769530978 -0.057154441156240104 0.010244017033595355
    endloop
  endfacet
  facet normal 0.0 0.0 0.0
    outer loop
      vertex 0.01654113769530978 -0.057154441156240104 0.010244017033595355
      vertex 0.01670255851745333 -0.059188430108876824 0.010299045233744891
      vertex 0.01674605369567599 -0.05709480217918932 0.010314951567668231
    endloop
  endfacet
  facet normal 0.0 0.0 0.0
    outer loop
      vertex 0.01670255851745333 -0.059188430108876824 0.010299045233744891
      vertex 0.016896821975705283 -0.05913330010399401 0.010373769431132586
      vertex 0.01674605369567599 -0.05709480217918932 0.010314951567668231
    endloop
  endfacet
  facet normal 0.0 0.0 0.0
    outer loop
      vertex 0.01674605369567599 -0.05709480217918932 0.010314951567668231
      vertex 0.016896821975705283 -0.05913330010399401 0.010373769431132586
      vertex 0.01694784355163302 -0.05703525856957018 0.010395015149134906
    endloop
  endfacet
  facet normal 0.0 0.0 0.0
    outer loop
      vertex 0.016896821975705283 -0.05913330010399401 0.010373769431132586
      vertex 0.01708774375915255 -0.059078406610341666 0.0104568637895768
      vertex 0.01694784355163302 -0.05703525856957018 0.010395015149134906
    endloop
  endfacet
  facet normal 0.0 0.0 0.0
    outer loop
      vertex 0.01694784355163302 -0.05703525856957018 0.010395015149134906
      vertex 0.01708774375915255 -0.059078406610341666 0.0104568637895768
      vertex 0.017145856857297085 -0.05697602776512682 0.010484122424144062
    endloop
  endfacet
  facet normal 0.0 0.0 0.0
    outer loop
      vertex 0.01708774375915255 -0.059078406610341666 0.0104568637895768
      vertex 0.017274854660031456 -0.059023936548085805 0.01054800525190285
      vertex 0.017145856857297085 -0.05697602776512682 0.010484122424144062
    endloop
  endfacet
  facet normal 0.0 0.0 0.0
    outer loop
      vertex 0.017145856857297085 -0.05697602776512682 0.010484122424144062
      vertex 0.017274854660031456 -0.059023936548085805 0.01054800525190285
      vertex 0.01733958625793185 -0.05691733864769518 0.010581836133021626
    endloop
  endfacet
  facet normal 0.0 0.0 0.0
    outer loop
      vertex 0.017274854660031456 -0.059023936548085805 0.01054800525190285
      vertex 0.017457729339596884 -0.05897008065208971 0.010646747736949238
      vertex 0.01733958625793185 -0.05691733864769518 0.010581836133021626
    endloop
  endfacet
  facet normal 0.0 0.0 0.0
    outer loop
      vertex 0.01733958625793185 -0.05691733864769518 0.010581836133021626
      vertex 0.017457729339596884 -0.05897008065208971 0.010646747736949238
      vertex 0.017528556823727746 -0.0568593972109276 0.010687652258891376
    endloop
  endfacet
  facet normal 0.0 0.0 0.0
    outer loop
      vertex 0.017457729339596884 -0.05897008065208971 0.010646747736949238
      vertex 0.017635946273800985 -0.058917006769033074 0.010752644925135883
      vertex 0.017528556823727746 -0.0568593972109276 0.010687652258891376
    endloop
  endfacet
  facet normal 0.0 0.0 0.0
    outer loop
      vertex 0.017528556823727746 -0.0568593972109276 0.010687652258891376
      vertex 0.017635946273800985 -0.058917006769033074 0.010752644925135883
      vertex 0.01771228599548068 -0.05680241707787096 0.010801067023295672
    endloop
  endfacet
  facet normal 0.0 0.0 0.0
    outer loop
      vertex 0.017635946273800985 -0.058917006769033074 0.010752644925135883
      vertex 0.017809080123898643 -0.05886489800438464 0.010865249781626972
      vertex 0.01771228599548068 -0.05680241707787096 0.010801067023295672
    endloop
  endfacet
  facet normal 0.0 0.0 0.0
    outer loop
      vertex 0.01771228599548068 -0.05680241707787096 0.010801067023295672
      vertex 0.017809080123898643 -0.05886489800438464 0.010865249781626972
      vertex 0.017890295028683802 -0.0567466042421776 0.010921576409358294
    endloop
  endfacet
  facet normal 0.0 0.0 0.0
    outer loop
      vertex 0.017809080123898643 -0.05886489800438464 0.010865249781626972
      vertex 0.017976705551144737 -0.058813933648915885 0.010984116225261005
      vertex 0.017890295028683802 -0.0567466042421776 0.010921576409358294
    endloop
  endfacet
  facet normal 0.0 0.0 0.0
    outer loop
      vertex 0.017890295028683802 -0.0567466042421776 0.010921576409358294
      vertex 0.017976705551144737 -0.058813933648915885 0.010984116225261005
      vertex 0.018062103271481653 -0.05669216851219713 0.011048676400203022
    endloop
  endfacet
  facet normal 0.0 0.0 0.0
    outer loop
      vertex 0.017976705551144737 -0.058813933648915885 0.010984116225261005
      vertex 0.018138401031491416 -0.058764289178701044 0.011108797698039324
      vertex 0.018062103271481653 -0.05669216851219713 0.011048676400203022
    endloop
  endfacet
  facet normal 0.0 0.0 0.0
    outer loop
      vertex 0.018062103271481653 -0.05669216851219713 0.011048676400203022
      vertex 0.018138401031491416 -0.058764289178701044 0.011108797698039324
      vertex 0.01822723388671603 -0.05663932351097643 0.01118186345579079
    endloop
  endfacet
  facet normal 0.0 0.0 0.0
    outer loop
      vertex 0.018138401031491416 -0.058764289178701044 0.011108797698039324
      vertex 0.018293741226193563 -0.05871614006981432 0.011238847403544696
      vertex 0.01822723388671603 -0.05663932351097643 0.01118186345579079
    endloop
  endfacet
  facet normal 0.0 0.0 0.0
    outer loop
      vertex 0.01822723388671603 -0.05663932351097643 0.01118186345579079
      vertex 0.018293741226193563 -0.05871614006981432 0.011238847403544696
      vertex 0.018385204315182826 -0.056588271417470574 0.011320633320826801
    endloop
  endfacet
  facet normal 0.0 0.0 0.0
    outer loop
      vertex 0.018293741226193563 -0.05871614006981432 0.011238847403544696
      vertex 0.01844230461120333 -0.05866967324242174 0.01137381926061562
      vertex 0.018385204315182826 -0.056588271417470574 0.011320633320826801
    endloop
  endfacet
  facet normal 0.0 0.0 0.0
    outer loop
      vertex 0.018385204315182826 -0.056588271417470574 0.011320633320826801
      vertex 0.01844230461120333 -0.05866967324242174 0.01137381926061562
      vertex 0.018535535812375208 -0.05653922204002917 0.011464482336062702
    endloop
  endfacet
  facet normal 0.0 0.0 0.0
    outer loop
      vertex 0.01844230461120333 -0.05866967324242174 0.01137381926061562
      vertex 0.01858370208739962 -0.0586250450991112 0.011513307003993304
      vertex 0.018535535812375208 -0.05653922204002917 0.011464482336062702
    endloop
  endfacet
  facet normal 0.0 0.0 0.0
    outer loop
      vertex 0.018535535812375208 -0.05653922204002917 0.011464482336062702
      vertex 0.01858370208739962 -0.0586250450991112 0.011513307003993304
      vertex 0.018679069519040248 -0.056491961755605336 0.011614286570567402
    endloop
  endfacet
  facet normal 0.0 0.0 0.0
    outer loop
      vertex 0.018679069519040248 -0.056491961755605336 0.011614286570567402
      vertex 0.018719921112057822 -0.05858167962059557 0.011659384875315936
      vertex 0.01881806755065646 -0.05644579247459948 0.011772484450358662
    endloop
  endfacet
  facet normal 0.0 0.0 0.0
    outer loop
      vertex 0.01858370208739962 -0.0586250450991112 0.011513307003993304
      vertex 0.018719921112057822 -0.05858167962059557 0.011659384875315936
      vertex 0.018679069519040248 -0.056491961755605336 0.011614286570567402
    endloop
  endfacet
  facet normal 0.0 0.0 0.0
    outer loop
      vertex 0.01881806755065646 -0.05644579247459948 0.011772484450358662
      vertex 0.01885187149047579 -0.05853933266624987 0.011813093571681293
      vertex 0.018951997756955285 -0.056400946893544794 0.011938653378505023
    endloop
  endfacet
  facet normal 0.0 0.0 0.0
    outer loop
      vertex 0.018719921112057822 -0.05858167962059557 0.011659384875315936
      vertex 0.01885187149047579 -0.05853933266624987 0.011813093571681293
      vertex 0.01881806755065646 -0.05644579247459948 0.011772484450358662
    endloop
  endfacet
  facet normal 0.0 0.0 0.0
    outer loop
      vertex 0.018951997756955285 -0.056400946893544794 0.011938653378505023
      vertex 0.01897900772094454 -0.058498221673818226 0.01197397521020821
      vertex 0.0190802364349338 -0.05635768441185534 0.01211227276803902
    endloop
  endfacet
  facet normal 0.0 0.0 0.0
    outer loop
      vertex 0.01885187149047579 -0.05853933266624987 0.011813093571681293
      vertex 0.01897900772094454 -0.058498221673818226 0.01197397521020821
      vertex 0.018951997756955285 -0.056400946893544794 0.011938653378505023
    endloop
  endfacet
  facet normal 0.0 0.0 0.0
    outer loop
      vertex 0.0190802364349338 -0.05635768441185534 0.01211227276803902
      vertex 0.019100782394406456 -0.05845856789574206 0.01214157190801552
      vertex 0.01920215606689181 -0.056316260614247916 0.012292821674365314
    endloop
  endfacet
  facet normal 0.0 0.0 0.0
    outer loop
      vertex 0.01897900772094454 -0.058498221673818226 0.01197397521020821
      vertex 0.019100782394406456 -0.05845856789574206 0.01214157190801552
      vertex 0.0190802364349338 -0.05635768441185534 0.01211227276803902
    endloop
  endfacet
  facet normal 0.0 0.0 0.0
    outer loop
      vertex 0.01920215606689181 -0.056316260614247916 0.012292821674365314
      vertex 0.019216648101803915 -0.05842058495506823 0.012315425901431355
      vertex 0.01931713104247775 -0.05627693871483385 0.012479779629725726
    endloop
  endfacet
  facet normal 0.0 0.0 0.0
    outer loop
      vertex 0.019100782394406456 -0.05845856789574206 0.01214157190801552
      vertex 0.019216648101803915 -0.05842058495506823 0.012315425901431355
      vertex 0.01920215606689181 -0.056316260614247916 0.012292821674365314
    endloop
  endfacet
  facet normal 0.0 0.0 0.0
    outer loop
      vertex 0.01931713104247775 -0.05627693871483385 0.012479779629725726
      vertex 0.019326057434079308 -0.05838449410423815 0.012495079545993121
      vertex 0.01942453384399142 -0.05623997429832995 0.012672625629920276
    endloop
  endfacet
  facet normal 0.0 0.0 0.0
    outer loop
      vertex 0.019216648101803915 -0.05842058495506823 0.012315425901431355
      vertex 0.019326057434079308 -0.05838449410423815 0.012495079545993121
      vertex 0.01931713104247775 -0.05627693871483385 0.012479779629725726
    endloop
  endfacet
  facet normal 0.0 0.0 0.0
    outer loop
      vertex 0.019326057434079308 -0.05838449410423815 0.012495079545993121
      vertex 0.01942846488952364 -0.058350508966298696 0.012680074899215014
      vertex 0.01942453384399142 -0.05623997429832995 0.012672625629920276
    endloop
  endfacet
  facet normal 0.0 0.0 0.0
    outer loop
      vertex 0.01942453384399142 -0.05623997429832995 0.012672625629920276
      vertex 0.019523321151730673 -0.058318854608388544 0.012869954137820515
      vertex 0.019523738861081264 -0.05620562676415026 0.01287083902837685
    endloop
  endfacet
  facet normal 0.0 0.0 0.0
    outer loop
      vertex 0.01942846488952364 -0.058350508966298696 0.012680074899215014
      vertex 0.019523321151730673 -0.058318854608388544 0.012869954137820515
      vertex 0.01942453384399142 -0.05623997429832995 0.012672625629920276
    endloop
  endfacet
  facet normal 0.0 0.0 0.0
    outer loop
      vertex 0.019523738861081264 -0.05620562676415026 0.01287083902837685
      vertex 0.019610080718991417 -0.05828974846825182 0.01306425958754471
      vertex 0.019614120483395715 -0.05617415932640612 0.013073899089116367
    endloop
  endfacet
  facet normal 0.0 0.0 0.0
    outer loop
      vertex 0.019523321151730673 -0.058318854608388544 0.012869954137820515
      vertex 0.019610080718991417 -0.05828974846825182 0.01306425958754471
      vertex 0.019523738861081264 -0.05620562676415026 0.01287083902837685
    endloop
  endfacet
  facet normal 0.0 0.0 0.0
    outer loop
      vertex 0.019614120483395715 -0.05617415932640612 0.013073899089116367
      vertex 0.01968824768066134 -0.05826340035423815 0.013262512757200511
      vertex 0.019695119857785364 -0.05614582375511706 0.01328125665964535
    endloop
  endfacet
  facet normal 0.0 0.0 0.0
    outer loop
      vertex 0.019610080718991417 -0.05828974846825182 0.01306425958754471
      vertex 0.01968824768066134 -0.05826340035423815 0.013262512757200511
      vertex 0.019614120483395715 -0.05617415932640612 0.013073899089116367
    endloop
  endfacet
  facet normal 0.0 0.0 0.0
    outer loop
      vertex 0.019695119857785364 -0.05614582375511706 0.01328125665964535
      vertex 0.019757671356198447 -0.05823992089256823 0.013464075415152819
      vertex 0.019766584396359584 -0.05612073067650378 0.013492174169737609
    endloop
  endfacet
  facet normal 0.0 0.0 0.0
    outer loop
      vertex 0.01968824768066134 -0.05826340035423815 0.013262512757200511
      vertex 0.019757671356198447 -0.05823992089256823 0.013464075415152819
      vertex 0.019695119857785364 -0.05614582375511706 0.01328125665964535
    endloop
  endfacet
  facet normal 0.0 0.0 0.0
    outer loop
      vertex 0.019757671356198447 -0.05823992089256823 0.013464075415152819
      vertex 0.01981835556030001 -0.05821932534203112 0.013668235941547664
      vertex 0.019766584396359584 -0.05612073067650378 0.013492174169737609
    endloop
  endfacet
  facet normal 0.0 0.0 0.0
    outer loop
      vertex 0.019766584396359584 -0.05612073067650378 0.013492174169737609
      vertex 0.01981835556030001 -0.05821932534203112 0.013668235941547664
      vertex 0.019828517913815638 -0.05609890679344714 0.01370583891751221
    endloop
  endfacet
  facet normal 0.0 0.0 0.0
    outer loop
      vertex 0.01981835556030001 -0.05821932534203112 0.013668235941547664
      vertex 0.01987030410766329 -0.058201636590810416 0.013874282388705524
      vertex 0.019828517913815638 -0.05609890679344714 0.01370583891751221
    endloop
  endfacet
  facet normal 0.0 0.0 0.0
    outer loop
      vertex 0.019828517913815638 -0.05609890679344714 0.01370583891751221
      vertex 0.01987030410766329 -0.058201636590810416 0.013874282388705524
      vertex 0.01988092041015353 -0.05608037499413073 0.013921438037175448
    endloop
  endfacet
  facet normal 0.0 0.0 0.0
    outer loop
      vertex 0.01987030410766329 -0.058201636590810416 0.013874282388705524
      vertex 0.01991351699828829 -0.058186869897695184 0.014081502823848041
      vertex 0.01988092041015353 -0.05608037499413073 0.013921438037175448
    endloop
  endfacet
  facet normal 0.0 0.0 0.0
    outer loop
      vertex 0.01988092041015353 -0.05608037499413073 0.013921438037175448
      vertex 0.01991351699828829 -0.058186869897695184 0.014081502823848041
      vertex 0.019923791885373254 -0.056065161981435414 0.014138158707637103
    endloop
  endfacet
  facet normal 0.0 0.0 0.0
    outer loop
      vertex 0.01991351699828829 -0.058186869897695184 0.014081502823848041
      vertex 0.01994800186156954 -0.058175044336171745 0.014289185254592211
      vertex 0.019923791885373254 -0.056065161981435414 0.014138158707637103
    endloop
  endfacet
  facet normal 0.0 0.0 0.0
    outer loop
      vertex 0.019923791885373254 -0.056065161981435414 0.014138158707637103
      vertex 0.01994800186156954 -0.058175044336171745 0.014289185254592211
      vertex 0.019957134246823452 -0.05605328301415026 0.014355188100356372
    endloop
  endfacet
  facet normal 0.0 0.0 0.0
    outer loop
      vertex 0.01994800186156954 -0.058175044336171745 0.014289185254592211
      vertex 0.01997375869750704 -0.0581661827944237 0.014496617822665484
      vertex 0.019957134246823452 -0.05605328301415026 0.014355188100356372
    endloop
  endfacet
  facet normal 0.0 0.0 0.0
    outer loop
      vertex 0.019957134246823452 -0.05605328301415026 0.014355188100356372
      vertex 0.01997375869750704 -0.0581661827944237 0.014496617822665484
      vertex 0.019980949401852747 -0.05604477242455065 0.01457171335699013
    endloop
  endfacet
  facet normal 0.0 0.0 0.0
    outer loop
      vertex 0.01997375869750704 -0.0581661827944237 0.014496617822665484
      vertex 0.019990791320798056 -0.05816030434593737 0.014703088550586017
      vertex 0.019980949401852747 -0.05604477242455065 0.01457171335699013
    endloop
  endfacet
  facet normal 0.0 0.0 0.0
    outer loop
      vertex 0.019980949401852747 -0.05604477242455065 0.01457171335699013
      vertex 0.019990791320798056 -0.05816030434593737 0.014703088550586017
      vertex 0.019995237350461145 -0.05603964547142565 0.014786921529788288
    endloop
  endfacet
  facet normal 0.0 0.0 0.0
    outer loop
      vertex 0.019995237350461145 -0.05603964547142565 0.014786921529788288
      vertex 0.01999769783019747 -0.058157912530751824 0.014852122812289509
      vertex 0.019999999999997277 -0.05603793267235339 0.01500000002862862
    endloop
  endfacet
  facet normal 0.0 0.0 0.0
    outer loop
      vertex 0.019990791320798056 -0.05816030434593737 0.014703088550586017
      vertex 0.01999769783019747 -0.058157912530751824 0.014852122812289509
      vertex 0.019995237350461145 -0.05603964547142565 0.014786921529788288
    endloop
  endfacet
  facet normal 0.0 0.0 0.0
    outer loop
      vertex 0.01999769783019747 -0.058157912530751824 0.014852122812289509
      vertex 0.019999999999997273 -0.058157115259023305 0.01500000002862862
      vertex 0.019999999999997277 -0.05603793267235339 0.01500000002862862
    endloop
  endfacet
  facet normal 0.0 0.0 0.0
    outer loop
      vertex 0.019999999999997273 -0.058157115259023305 0.01500000002862862
      vertex 0.019999999999997273 -0.058157115259023305 0.01699999990941933
      vertex 0.019999999999997277 -0.05603793267235339 0.01500000002862862
    endloop
  endfacet
  facet normal 0.0 0.0 0.0
    outer loop
      vertex 0.019999999999997277 -0.05603793267235339 0.01500000002862862
      vertex 0.019999999999997273 -0.058157115259023305 0.01699999990941933
      vertex 0.019999999999997277 -0.05603793267235339 0.01699999990941933
    endloop
  endfacet
  facet normal 0.0 0.0 0.0
    outer loop
      vertex -0.020000000000002714 -0.05603793267235339 0.01500000002862862
      vertex -0.020000000000002717 -0.058157115259023305 0.01500000002862862
      vertex -0.019998434066775175 -0.056038497247548696 0.01487810757638863
    endloop
  endfacet
  facet normal 0.0 0.0 0.0
    outer loop
      vertex -0.019998434066775175 -0.056038497247548696 0.01487810757638863
      vertex -0.019995218276980257 -0.05815877465233386 0.014786463527697833
      vertex -0.019993734359743925 -0.05604018715843737 0.014755400686282429
    endloop
  endfacet
  facet normal 0.0 0.0 0.0
    outer loop
      vertex -0.020000000000002717 -0.058157115259023305 0.01500000002862862
      vertex -0.019995218276980257 -0.05815877465233386 0.014786463527697833
      vertex -0.019998434066775175 -0.056038497247548696 0.01487810757638863
    endloop
  endfacet
  facet normal 0.0 0.0 0.0
    outer loop
      vertex -0.019993734359743925 -0.05604018715843737 0.014755400686282429
      vertex -0.019980867385866977 -0.05816373375877917 0.014570773510951313
      vertex -0.019978883743288847 -0.05604551247582018 0.014548878340739521
    endloop
  endfacet
  facet normal 0.0 0.0 0.0
    outer loop
      vertex -0.019995218276980257 -0.05815877465233386 0.014786463527697833
      vertex -0.019980867385866977 -0.05816373375877917 0.014570773510951313
      vertex -0.019993734359743925 -0.05604018715843737 0.014755400686282429
    endloop
  endfacet
  facet normal 0.0 0.0 0.0
    outer loop
      vertex -0.019978883743288847 -0.05604551247582018 0.014548878340739521
      vertex -0.01995694541931424 -0.05817196969017565 0.014353747992533954
      vertex -0.019955274581911896 -0.05605394677147448 0.014341224460620196
    endloop
  endfacet
  facet normal 0.0 0.0 0.0
    outer loop
      vertex -0.019980867385866977 -0.05816373375877917 0.014570773510951313
      vertex -0.01995694541931424 -0.05817196969017565 0.014353747992533954
      vertex -0.019978883743288847 -0.05604551247582018 0.014548878340739521
    endloop
  endfacet
  facet normal 0.0 0.0 0.0
    outer loop
      vertex -0.019922910690310332 -0.0560654747866112 0.014133155374545368
      vertex -0.01992345046997342 -0.05818346718773425 0.014136205463427814
      vertex -0.019881788253786895 -0.05608006981834948 0.013925387202519688
    endloop
  endfacet
  facet normal 0.0 0.0 0.0
    outer loop
      vertex -0.019955274581911896 -0.05605394677147448 0.014341224460620196
      vertex -0.01992345046997342 -0.05818346718773425 0.014136205463427814
      vertex -0.019922910690310332 -0.0560654747866112 0.014133155374545368
    endloop
  endfacet
  facet normal 0.0 0.0 0.0
    outer loop
      vertex -0.01995694541931424 -0.05817196969017565 0.014353747992533954
      vertex -0.01992345046997342 -0.05818346718773425 0.014136205463427814
      vertex -0.019955274581911896 -0.05605394677147448 0.014341224460620196
    endloop
  endfacet
  facet normal 0.0 0.0 0.0
    outer loop
      vertex -0.01992345046997342 -0.05818346718773425 0.014136205463427814
      vertex -0.019880376815798618 -0.05819819573387682 0.013918964056987079
      vertex -0.019881788253786895 -0.05608006981834948 0.013925387202519688
    endloop
  endfacet
  facet normal 0.0 0.0 0.0
    outer loop
      vertex -0.019881788253786895 -0.05608006981834948 0.013925387202519688
      vertex -0.019880376815798618 -0.05819819573387682 0.013918964056987079
      vertex -0.019831907272341583 -0.056097712793203 0.013718636213559421
    endloop
  endfacet
  facet normal 0.0 0.0 0.0
    outer loop
      vertex -0.019880376815798618 -0.05819819573387682 0.013918964056987079
      vertex -0.019827720642092563 -0.05821614006981432 0.013702842055577548
      vertex -0.019831907272341583 -0.056097712793203 0.013718636213559421
    endloop
  endfacet
  facet normal 0.0 0.0 0.0
    outer loop
      vertex -0.019831907272341583 -0.056097712793203 0.013718636213559421
      vertex -0.019827720642092563 -0.05821614006981432 0.013702842055577548
      vertex -0.01977326583862576 -0.05611838082298815 0.013513618572372706
    endloop
  endfacet
  facet normal 0.0 0.0 0.0
    outer loop
      vertex -0.019827720642092563 -0.05821614006981432 0.013702842055577548
      vertex -0.019765480041506623 -0.058237273492665886 0.013488657719213279
      vertex -0.01977326583862576 -0.05611838082298815 0.013513618572372706
    endloop
  endfacet
  facet normal 0.0 0.0 0.0
    outer loop
      vertex -0.01977326583862576 -0.05611838082298815 0.013513618572372706
      vertex -0.019765480041506623 -0.058237273492665886 0.013488657719213279
      vertex -0.019705863952639433 -0.05614205864891589 0.013311050495821746
    endloop
  endfacet
  facet normal 0.0 0.0 0.0
    outer loop
      vertex -0.019765480041506623 -0.058237273492665886 0.013488657719213279
      vertex -0.019693649291994905 -0.05826157692894518 0.013277229293007167
      vertex -0.019705863952639433 -0.05614205864891589 0.013311050495821746
    endloop
  endfacet
  facet normal 0.0 0.0 0.0
    outer loop
      vertex -0.019705863952639433 -0.05614205864891589 0.013311050495821746
      vertex -0.019693649291994905 -0.05826157692894518 0.013277229293007167
      vertex -0.019629699707033963 -0.05616871956810534 0.013111648170966418
    endloop
  endfacet
  facet normal 0.0 0.0 0.0
    outer loop
      vertex -0.019693649291994905 -0.05826157692894518 0.013277229293007167
      vertex -0.019612228393557404 -0.05828902367577135 0.013069374828357013
      vertex -0.019629699707033963 -0.05616871956810534 0.013111648170966418
    endloop
  endfacet
  facet normal 0.0 0.0 0.0
    outer loop
      vertex -0.019629699707033963 -0.05616871956810534 0.013111648170966418
      vertex -0.019612228393557404 -0.05828902367577135 0.013069374828357013
      vertex -0.019544849395754668 -0.056198294916005725 0.012916088311690601
    endloop
  endfacet
  facet normal 0.0 0.0 0.0
    outer loop
      vertex -0.019612228393557404 -0.05828902367577135 0.013069374828357013
      vertex -0.01952136993408475 -0.05831951073631823 0.012865834503192218
      vertex -0.019544849395754668 -0.056198294916005725 0.012916088311690601
    endloop
  endfacet
  facet normal 0.0 0.0 0.0
    outer loop
      vertex -0.019544849395754668 -0.056198294916005725 0.012916088311690601
      vertex -0.01952136993408475 -0.05831951073631823 0.012865834503192218
      vertex -0.019451761245730254 -0.05623056725487292 0.012724875240344317
    endloop
  endfacet
  facet normal 0.0 0.0 0.0
    outer loop
      vertex -0.01952136993408475 -0.05831951073631823 0.012865834503192218
      vertex -0.019421642303469516 -0.05835277871117175 0.012667161433715136
      vertex -0.019451761245730254 -0.05623056725487292 0.012724875240344317
    endloop
  endfacet
  facet normal 0.0 0.0 0.0
    outer loop
      vertex -0.019451761245730254 -0.05623056725487292 0.012724875240344317
      vertex -0.019421642303469516 -0.05835277871117175 0.012667161433715136
      vertex -0.019350986480715603 -0.05626530770287096 0.01253846791269234
    endloop
  endfacet
  facet normal 0.0 0.0 0.0
    outer loop
      vertex -0.019421642303469516 -0.05835277871117175 0.012667161433715136
      vertex -0.019313669204714633 -0.05838859108910143 0.0124738817501252
      vertex -0.019350986480715603 -0.05626530770287096 0.01253846791269234
    endloop
  endfacet
  facet normal 0.0 0.0 0.0
    outer loop
      vertex -0.019350986480715603 -0.05626530770287096 0.01253846791269234
      vertex -0.019313669204714633 -0.05838859108910143 0.0124738817501252
      vertex -0.019243076324465605 -0.05630229500755846 0.012357325105685504
    endloop
  endfacet
  facet normal 0.0 0.0 0.0
    outer loop
      vertex -0.019313669204714633 -0.05838859108910143 0.0124738817501252
      vertex -0.019198085784914828 -0.058426684655995965 0.012286521701831135
      vertex -0.019243076324465605 -0.05630229500755846 0.012357325105685504
    endloop
  endfacet
  facet normal 0.0 0.0 0.0
    outer loop
      vertex -0.019243076324465605 -0.05630229500755846 0.012357325105685504
      vertex -0.019198085784914828 -0.058426684655995965 0.012286521701831135
      vertex -0.019128582000735136 -0.05634129265770495 0.012181905536670002
    endloop
  endfacet
  facet normal 0.0 0.0 0.0
    outer loop
      vertex -0.019198085784914828 -0.058426684655995965 0.012286521701831135
      vertex -0.01907551574707303 -0.058466815271230335 0.012105607299823077
      vertex -0.019128582000735136 -0.05634129265770495 0.012181905536670002
    endloop
  endfacet
  facet normal 0.0 0.0 0.0
    outer loop
      vertex -0.019128582000735136 -0.05634129265770495 0.012181905536670002
      vertex -0.01907551574707303 -0.058466815271230335 0.012105607299823077
      vertex -0.01900805473327908 -0.05638207558617175 0.01201266828061989
    endloop
  endfacet
  facet normal 0.0 0.0 0.0
    outer loop
      vertex -0.01907551574707303 -0.058466815271230335 0.012105607299823077
      vertex -0.01894658851623807 -0.058508734979482294 0.011931664853114398
      vertex -0.01900805473327908 -0.05638207558617175 0.01201266828061989
    endloop
  endfacet
  facet normal 0.0 0.0 0.0
    outer loop
      vertex -0.01900805473327908 -0.05638207558617175 0.01201266828061989
      vertex -0.01894658851623807 -0.058508734979482294 0.011931664853114398
      vertex -0.018882047653200958 -0.05642441109642565 0.011850072054881367
    endloop
  endfacet
  facet normal 0.0 0.0 0.0
    outer loop
      vertex -0.01894658851623807 -0.058508734979482294 0.011931664853114398
      vertex -0.018811933517458773 -0.05855218438133776 0.011765220432299885
      vertex -0.018882047653200958 -0.05642441109642565 0.011850072054881367
    endloop
  endfacet
  facet normal 0.0 0.0 0.0
    outer loop
      vertex -0.018882047653200958 -0.05642441109642565 0.011850072054881367
      vertex -0.018811933517458773 -0.05855218438133776 0.011765220432299885
      vertex -0.01875111007690701 -0.05646808175072253 0.011694575696009906
    endloop
  endfacet
  facet normal 0.0 0.0 0.0
    outer loop
      vertex -0.018811933517458773 -0.05855218438133776 0.011765220432299885
      vertex -0.018672180175783967 -0.05859691933617175 0.011606800227183613
      vertex -0.01875111007690701 -0.05646808175072253 0.011694575696009906
    endloop
  endfacet
  facet normal 0.0 0.0 0.0
    outer loop
      vertex -0.01875111007690701 -0.05646808175072253 0.011694575696009906
      vertex -0.018672180175783967 -0.05859691933617175 0.011606800227183613
      vertex -0.018615798950198027 -0.056512847223134634 0.011546638040560992
    endloop
  endfacet
  facet normal 0.0 0.0 0.0
    outer loop
      vertex -0.018615798950198027 -0.056512847223134634 0.011546638040560992
      vertex -0.018527824401858187 -0.05864273003563464 0.011456793098468096
      vertex -0.018475849151614043 -0.056558753290029164 0.011405881791133197
    endloop
  endfacet
  facet normal 0.0 0.0 0.0
    outer loop
      vertex -0.018672180175783967 -0.05859691933617175 0.011606800227183613
      vertex -0.018527824401858187 -0.05864273003563464 0.011456793098468096
      vertex -0.018615798950198027 -0.056512847223134634 0.011546638040560992
    endloop
  endfacet
  facet normal 0.0 0.0 0.0
    outer loop
      vertex -0.018475849151614043 -0.056558753290029164 0.011405881791133197
      vertex -0.01837649345398221 -0.05869031075462878 0.01131266155721596
      vertex -0.01832886886596951 -0.05660653237328112 0.011269780306834492
    endloop
  endfacet
  facet normal 0.0 0.0 0.0
    outer loop
      vertex -0.018527824401858187 -0.05864273003563464 0.011456793098468096
      vertex -0.01837649345398221 -0.05869031075462878 0.01131266155721596
      vertex -0.018475849151614043 -0.056558753290029164 0.011405881791133197
    endloop
  endfacet
  facet normal 0.0 0.0 0.0
    outer loop
      vertex -0.01837649345398221 -0.05869031075462878 0.01131266155721596
      vertex -0.018217466354372835 -0.05873983696922838 0.0111736606645768
      vertex -0.01832886886596951 -0.05660653237328112 0.011269780306834492
    endloop
  endfacet
  facet normal 0.0 0.0 0.0
    outer loop
      vertex -0.01832886886596951 -0.05660653237328112 0.011269780306834492
      vertex -0.018217466354372835 -0.05873983696922838 0.0111736606645768
      vertex -0.018175027847292753 -0.05665608529076159 0.011138514666575701
    endloop
  endfacet
  facet normal 0.0 0.0 0.0
    outer loop
      vertex -0.018175027847292753 -0.05665608529076159 0.011138514666575701
      vertex -0.018051235198977326 -0.05879111031517565 0.011040303139704975
      vertex -0.018014749526980255 -0.05670722893700182 0.011012528805751117
    endloop
  endfacet
  facet normal 0.0 0.0 0.0
    outer loop
      vertex -0.018217466354372835 -0.05873983696922838 0.0111736606645768
      vertex -0.018051235198977326 -0.05879111031517565 0.011040303139704975
      vertex -0.018175027847292753 -0.05665608529076159 0.011138514666575701
    endloop
  endfacet
  facet normal 0.0 0.0 0.0
    outer loop
      vertex -0.018014749526980255 -0.05670722893700182 0.011012528805751117
      vertex -0.017878282546999788 -0.058843920984120966 0.010913102536219866
      vertex -0.01784845542907986 -0.056759776391835805 0.010892266659755023
    endloop
  endfacet
  facet normal 0.0 0.0 0.0
    outer loop
      vertex -0.018051235198977326 -0.05879111031517565 0.011040303139704975
      vertex -0.017878282546999788 -0.058843920984120966 0.010913102536219866
      vertex -0.018014749526980255 -0.05670722893700182 0.011012528805751117
    endloop
  endfacet
  facet normal 0.0 0.0 0.0
    outer loop
      vertex -0.01784845542907986 -0.056759776391835805 0.010892266659755023
      vertex -0.01769909858703885 -0.05889806298241198 0.010792571930903706
      vertex -0.017676567077639434 -0.056813544549794794 0.010778172163981707
    endloop
  endfacet
  facet normal 0.0 0.0 0.0
    outer loop
      vertex -0.017878282546999788 -0.058843920984120966 0.010913102536219866
      vertex -0.01769909858703885 -0.05889806298241198 0.010792571930903706
      vertex -0.01784845542907986 -0.056759776391835805 0.010892266659755023
    endloop
  endfacet
  facet normal 0.0 0.0 0.0
    outer loop
      vertex -0.017676567077639434 -0.056813544549794794 0.010778172163981707
      vertex -0.01751416778564725 -0.05895333413109362 0.010679224400538714
      vertex -0.017499509811404083 -0.05686834649071276 0.010670689253825458
    endloop
  endfacet
  facet normal 0.0 0.0 0.0
    outer loop
      vertex -0.01769909858703885 -0.05889806298241198 0.010792571930903706
      vertex -0.01751416778564725 -0.05895333413109362 0.010679224400538714
      vertex -0.017676567077639434 -0.056813544549794794 0.010778172163981707
    endloop
  endfacet
  facet normal 0.0 0.0 0.0
    outer loop
      vertex -0.017317703247073025 -0.05692400292381823 0.010570262103099139
      vertex -0.017323980331423617 -0.05900952843651354 0.010573573498744281
      vertex -0.017131570816042753 -0.05698032692894518 0.010477334885615619
    endloop
  endfacet
  facet normal 0.0 0.0 0.0
    outer loop
      vertex -0.017499509811404083 -0.05686834649071276 0.010670689253825458
      vertex -0.017323980331423617 -0.05900952843651354 0.010573573498744281
      vertex -0.017317703247073025 -0.05692400292381823 0.010570262103099139
    endloop
  endfacet
  facet normal 0.0 0.0 0.0
    outer loop
      vertex -0.01751416778564725 -0.05895333413109362 0.010679224400538714
      vertex -0.017323980331423617 -0.05900952843651354 0.010573573498744281
      vertex -0.017499509811404083 -0.05686834649071276 0.010670689253825458
    endloop
  endfacet
  facet normal 0.0 0.0 0.0
    outer loop
      vertex -0.017131570816042753 -0.05698032692894518 0.010477334885615619
      vertex -0.017129020690920687 -0.059066443719716664 0.010476132063884052
      vertex -0.016941535949709745 -0.0570371315859276 0.010392351059932026
    endloop
  endfacet
  facet normal 0.0 0.0 0.0
    outer loop
      vertex -0.017323980331423617 -0.05900952843651354 0.010573573498744281
      vertex -0.017129020690920687 -0.059066443719716664 0.010476132063884052
      vertex -0.017131570816042753 -0.05698032692894518 0.010477334885615619
    endloop
  endfacet
  facet normal 0.0 0.0 0.0
    outer loop
      vertex -0.016941535949709745 -0.0570371315859276 0.010392351059932026
      vertex -0.01692977714538846 -0.05912387398705065 0.010387413172740253
      vertex -0.01672635650635037 -0.05710057381615221 0.010307691006678851
    endloop
  endfacet
  facet normal 0.0 0.0 0.0
    outer loop
      vertex -0.017129020690920687 -0.059066443719716664 0.010476132063884052
      vertex -0.01692977714538846 -0.05912387398705065 0.010387413172740253
      vertex -0.016941535949709745 -0.0570371315859276 0.010392351059932026
    endloop
  endfacet
  facet normal 0.0 0.0 0.0
    outer loop
      vertex -0.01692977714538846 -0.05912387398705065 0.010387413172740253
      vertex -0.016726772308352327 -0.059181597986074086 0.010307841448802264
      vertex -0.01672635650635037 -0.05710057381615221 0.010307691006678851
    endloop
  endfacet
  facet normal 0.0 0.0 0.0
    outer loop
      vertex -0.01672635650635037 -0.05710057381615221 0.010307691006678851
      vertex -0.016520673751833772 -0.059239398279042836 0.010237478642482074
      vertex -0.016483234405520294 -0.05717114953026354 0.010225768237132343
    endloop
  endfacet
  facet normal 0.0 0.0 0.0
    outer loop
      vertex -0.016726772308352327 -0.059181597986074086 0.010307841448802264
      vertex -0.016520673751833772 -0.059239398279042836 0.010237478642482074
      vertex -0.01672635650635037 -0.05710057381615221 0.010307691006678851
    endloop
  endfacet
  facet normal 0.0 0.0 0.0
    outer loop
      vertex -0.016520673751833772 -0.059239398279042836 0.010237478642482074
      vertex -0.016312200546267367 -0.05929707650169909 0.010176294951457294
      vertex -0.016483234405520294 -0.05717114953026354 0.010225768237132343
    endloop
  endfacet
  facet normal 0.0 0.0 0.0
    outer loop
      vertex -0.016483234405520294 -0.05717114953026354 0.010225768237132343
      vertex -0.016312200546267367 -0.05929707650169909 0.010176294951457294
      vertex -0.016236993789675566 -0.05724149636253893 0.01015658178808144
    endloop
  endfacet
  facet normal 0.0 0.0 0.0
    outer loop
      vertex -0.016312200546267367 -0.05929707650169909 0.010176294951457294
      vertex -0.016102069854739047 -0.05935444191917956 0.010124260573405536
      vertex -0.016236993789675566 -0.05724149636253893 0.01015658178808144
    endloop
  endfacet
  facet normal 0.0 0.0 0.0
    outer loop
      vertex -0.016236993789675566 -0.05724149636253893 0.01015658178808144
      vertex -0.016102069854739047 -0.05935444191917956 0.010124260573405536
      vertex -0.01598880863189969 -0.05731128624901354 0.010100083260554584
    endloop
  endfacet
  facet normal 0.0 0.0 0.0
    outer loop
      vertex -0.016102069854739047 -0.05935444191917956 0.010124260573405536
      vertex -0.015890999794009063 -0.05941129616722643 0.010081345467585833
      vertex -0.01598880863189969 -0.05731128624901354 0.010100083260554584
    endloop
  endfacet
  facet normal 0.0 0.0 0.0
    outer loop
      vertex -0.01598880863189969 -0.05731128624901354 0.010100083260554584
      vertex -0.015890999794009063 -0.05941129616722643 0.010081345467585833
      vertex -0.015739847183230255 -0.057380183496327994 0.01005622425558022
    endloop
  endfacet
  facet normal 0.0 0.0 0.0
    outer loop
      vertex -0.015890999794009063 -0.05941129616722643 0.010081345467585833
      vertex -0.015679704666140413 -0.0594674408815819 0.010047520070094379
      vertex -0.015739847183230255 -0.057380183496327994 0.01005622425558022
    endloop
  endfacet
  facet normal 0.0 0.0 0.0
    outer loop
      vertex -0.015739847183230255 -0.057380183496327994 0.01005622425558022
      vertex -0.015679704666140413 -0.0594674408815819 0.010047520070094379
      vertex -0.015491278648379181 -0.05744785622582018 0.010024956374186786
    endloop
  endfacet
  facet normal 0.0 0.0 0.0
    outer loop
      vertex -0.015679704666140413 -0.0594674408815819 0.010047520070094379
      vertex -0.015468902587893341 -0.059522681512685416 0.010022754101771624
      vertex -0.015491278648379181 -0.05744785622582018 0.010024956374186786
    endloop
  endfacet
  facet normal 0.0 0.0 0.0
    outer loop
      vertex -0.015491278648379181 -0.05744785622582018 0.010024956374186786
      vertex -0.015468902587893341 -0.059522681512685416 0.010022754101771624
      vertex -0.015244272232058381 -0.05751397637352526 0.010006230978984149
    endloop
  endfacet
  facet normal 0.0 0.0 0.0
    outer loop
      vertex -0.015468902587893341 -0.059522681512685416 0.010022754101771624
      vertex -0.015259309768679475 -0.05957682351097643 0.010007017760295184
      vertex -0.015244272232058381 -0.05751397637352526 0.010006230978984149
    endloop
  endfacet
  facet normal 0.0 0.0 0.0
    outer loop
      vertex -0.015259309768679475 -0.05957682351097643 0.010007017760295184
      vertex -0.015129190444949005 -0.05961003426537096 0.010001753239650043
      vertex -0.015244272232058381 -0.05751397637352526 0.010006230978984149
    endloop
  endfacet
  facet normal 0.0 0.0 0.0
    outer loop
      vertex -0.015244272232058381 -0.05751397637352526 0.010006230978984149
      vertex -0.015129190444949005 -0.05961003426537096 0.010001753239650043
      vertex -0.015000000000002716 -0.05757820824608385 0.00999999990941933
    endloop
  endfacet
  facet normal 0.0 0.0 0.0
    outer loop
      vertex -0.015129190444949005 -0.05961003426537096 0.010001753239650043
      vertex -0.015000000000002716 -0.05964268425926745 0.00999999990941933
      vertex -0.015000000000002716 -0.05757820824608385 0.00999999990941933
    endloop
  endfacet
  facet normal 0.0 0.0 0.0
    outer loop
      vertex -0.020000000000002717 -0.058157115259023305 0.01699999990941933
      vertex -0.020000000000002717 -0.058157115259023305 0.01500000002862862
      vertex -0.020000000000002714 -0.05603793267235339 0.01699999990941933
    endloop
  endfacet
  facet normal 0.0 0.0 0.0
    outer loop
      vertex -0.020000000000002714 -0.05603793267235339 0.01699999990941933
      vertex -0.020000000000002717 -0.058157115259023305 0.01500000002862862
      vertex -0.020000000000002714 -0.05603793267235339 0.01500000002862862
    endloop
  endfacet
  facet normal 0.0 0.0 0.0
    outer loop
      vertex -0.03853027343750271 -0.045339473047109245 0.01699999990941933
      vertex -0.040365539550783966 -0.04639906624779284 0.01699999990941933
      vertex -0.03808825302124295 -0.04828596810326158 0.01699999990941933
    endloop
  endfacet
  facet normal 0.0 0.0 0.0
    outer loop
      vertex -0.036442401885989045 -0.04703404549583971 0.01699999990941933
      vertex -0.03808825302124295 -0.04828596810326158 0.01699999990941933
      vertex -0.03572289276123318 -0.05006121376976549 0.01699999990941933
    endloop
  endfacet
  facet normal 0.0 0.0 0.0
    outer loop
      vertex -0.036442401885989045 -0.04703404549583971 0.01699999990941933
      vertex -0.03853027343750271 -0.045339473047109245 0.01699999990941933
      vertex -0.03808825302124295 -0.04828596810326158 0.01699999990941933
    endloop
  endfacet
  facet normal 0.0 0.0 0.0
    outer loop
      vertex -0.034280097961428495 -0.04863255242332994 0.01699999990941933
      vertex -0.03572289276123318 -0.05006121376976549 0.01699999990941933
      vertex -0.03327492141723904 -0.0517206910036522 0.01699999990941933
    endloop
  endfacet
  facet normal 0.0 0.0 0.0
    outer loop
      vertex -0.034280097961428495 -0.04863255242332994 0.01699999990941933
      vertex -0.036442401885989045 -0.04703404549583971 0.01699999990941933
      vertex -0.03572289276123318 -0.05006121376976549 0.01699999990941933
    endloop
  endfacet
  facet normal 0.0 0.0 0.0
    outer loop
      vertex -0.0320477752685574 -0.05013172844872057 0.01699999990941933
      vertex -0.03327492141723904 -0.0517206910036522 0.01699999990941933
      vertex -0.03075000000000271 -0.05326056221947253 0.01699999990941933
    endloop
  endfacet
  facet normal 0.0 0.0 0.0
    outer loop
      vertex -0.0320477752685574 -0.05013172844872057 0.01699999990941933
      vertex -0.034280097961428495 -0.04863255242332994 0.01699999990941933
      vertex -0.03327492141723904 -0.0517206910036522 0.01699999990941933
    endloop
  endfacet
  facet normal 0.0 0.0 0.0
    outer loop
      vertex -0.029750000000002712 -0.05152851037010729 0.01699999990941933
      vertex -0.0320477752685574 -0.05013172844872057 0.01699999990941933
      vertex -0.03075000000000271 -0.05326056221947253 0.01699999990941933
    endloop
  endfacet
  facet normal 0.0 0.0 0.0
    outer loop
      vertex -0.027391460418703883 -0.05282005242332995 0.01699999990941933
      vertex -0.03075000000000271 -0.05326056221947253 0.01699999990941933
      vertex -0.0281539707183865 -0.05467727211937487 0.01699999990941933
    endloop
  endfacet
  facet normal 0.0 0.0 0.0
    outer loop
      vertex -0.027391460418703883 -0.05282005242332995 0.01699999990941933
      vertex -0.029750000000002712 -0.05152851037010729 0.01699999990941933
      vertex -0.03075000000000271 -0.05326056221947253 0.01699999990941933
    endloop
  endfacet
  facet normal 0.0 0.0 0.0
    outer loop
      vertex -0.02497697639465603 -0.054003711023183465 0.01699999990941933
      vertex -0.0281539707183865 -0.05467727211937487 0.01699999990941933
      vertex -0.025492835998537865 -0.055967536249013544 0.01699999990941933
    endloop
  endfacet
  facet normal 0.0 0.0 0.0
    outer loop
      vertex -0.02497697639465603 -0.054003711023183465 0.01699999990941933
      vertex -0.027391460418703883 -0.05282005242332995 0.01699999990941933
      vertex -0.0281539707183865 -0.05467727211937487 0.01699999990941933
    endloop
  endfacet
  facet normal 0.0 0.0 0.0
    outer loop
      vertex -0.022511476516726348 -0.05507706765160143 0.01699999990941933
      vertex -0.025492835998537865 -0.055967536249013544 0.01699999990941933
      vertex -0.02277274894714627 -0.05712837914452135 0.01699999990941933
    endloop
  endfacet
  facet normal 0.0 0.0 0.0
    outer loop
      vertex -0.022511476516726348 -0.05507706765160143 0.01699999990941933
      vertex -0.02497697639465603 -0.054003711023183465 0.01699999990941933
      vertex -0.025492835998537865 -0.055967536249013544 0.01699999990941933
    endloop
  endfacet
  facet normal 0.0 0.0 0.0
    outer loop
      vertex -0.020000000000002714 -0.05603793267235339 0.01699999990941933
      vertex -0.02277274894714627 -0.05712837914452135 0.01699999990941933
      vertex -0.020000000000002717 -0.058157115259023305 0.01699999990941933
    endloop
  endfacet
  facet normal 0.0 0.0 0.0
    outer loop
      vertex -0.020000000000002714 -0.05603793267235339 0.01699999990941933
      vertex -0.022511476516726348 -0.05507706765160143 0.01699999990941933
      vertex -0.02277274894714627 -0.05712837914452135 0.01699999990941933
    endloop
  endfacet
  facet normal 0.0 0.0 0.0
    outer loop
      vertex -0.05915208053589137 -0.016830962457509643 0.00999999990941933
      vertex -0.05657082366943629 -0.018438868799062376 0.00999999990941933
      vertex -0.05736418914795192 -0.01579872254356921 0.00999999990941933
    endloop
  endfacet
  facet normal 0.0 0.0 0.0
    outer loop
      vertex -0.05915208053589137 -0.016830962457509643 0.00999999990941933
      vertex -0.05825122451782497 -0.019724221505971556 0.00999999990941933
      vertex -0.05657082366943629 -0.018438868799062376 0.00999999990941933
    endloop
  endfacet
  facet normal 0.0 0.0 0.0
    outer loop
      vertex -0.05825122451782497 -0.019724221505971556 0.00999999990941933
      vertex -0.055656017303469495 -0.02103943184837878 0.00999999990941933
      vertex -0.05657082366943629 -0.018438868799062376 0.00999999990941933
    endloop
  endfacet
  facet normal 0.0 0.0 0.0
    outer loop
      vertex -0.05825122451782497 -0.019724221505971556 0.00999999990941933
      vertex -0.05720894622803004 -0.02256959465965808 0.00999999990941933
      vertex -0.055656017303469495 -0.02103943184837878 0.00999999990941933
    endloop
  endfacet
  facet normal 0.0 0.0 0.0
    outer loop
      vertex -0.05720894622803004 -0.02256959465965808 0.00999999990941933
      vertex -0.054621734619143325 -0.023594830789418823 0.00999999990941933
      vertex -0.055656017303469495 -0.02103943184837878 0.00999999990941933
    endloop
  endfacet
  facet normal 0.0 0.0 0.0
    outer loop
      vertex -0.05720894622803004 -0.02256959465965808 0.00999999990941933
      vertex -0.05602777481079371 -0.02536017350182116 0.00999999990941933
      vertex -0.054621734619143325 -0.023594830789418823 0.00999999990941933
    endloop
  endfacet
  facet normal 0.0 0.0 0.0
    outer loop
      vertex -0.05602777481079371 -0.02536017350182116 0.00999999990941933
      vertex -0.05347019577026637 -0.026099578180165887 0.00999999990941933
      vertex -0.054621734619143325 -0.023594830789418823 0.00999999990941933
    endloop
  endfacet
  facet normal 0.0 0.0 0.0
    outer loop
      vertex -0.05347019577026637 -0.026099578180165887 0.00999999990941933
      vertex -0.054710582733156994 -0.028089185037465693 0.00999999990941933
      vertex -0.05220387649536403 -0.028548297204824092 0.00999999990941933
    endloop
  endfacet
  facet normal 0.0 0.0 0.0
    outer loop
      vertex -0.05602777481079371 -0.02536017350182116 0.00999999990941933
      vertex -0.054710582733156994 -0.028089185037465693 0.00999999990941933
      vertex -0.05347019577026637 -0.026099578180165887 0.00999999990941933
    endloop
  endfacet
  facet normal 0.0 0.0 0.0
    outer loop
      vertex -0.05220387649536403 -0.028548297204824092 0.00999999990941933
      vertex -0.053260562896731214 -0.030749999322744012 0.00999999990941933
      vertex -0.05082548904419215 -0.03093573311791003 0.00999999990941933
    endloop
  endfacet
  facet normal 0.0 0.0 0.0
    outer loop
      vertex -0.054710582733156994 -0.028089185037465693 0.00999999990941933
      vertex -0.053260562896731214 -0.030749999322744012 0.00999999990941933
      vertex -0.05220387649536403 -0.028548297204824092 0.00999999990941933
    endloop
  endfacet
  facet normal 0.0 0.0 0.0
    outer loop
      vertex -0.05082548904419215 -0.03093573311791003 0.00999999990941933
      vertex -0.05168123626709254 -0.033336161889882684 0.00999999990941933
      vertex -0.049337997436526136 -0.0332567589662987 0.00999999990941933
    endloop
  endfacet
  facet normal 0.0 0.0 0.0
    outer loop
      vertex -0.053260562896731214 -0.030749999322744012 0.00999999990941933
      vertex -0.05168123626709254 -0.033336161889882684 0.00999999990941933
      vertex -0.05082548904419215 -0.03093573311791003 0.00999999990941933
    endloop
  endfacet
  facet normal 0.0 0.0 0.0
    outer loop
      vertex -0.049337997436526136 -0.0332567589662987 0.00999999990941933
      vertex -0.04997644424438746 -0.03584138802513659 0.00999999990941933
      vertex -0.04774459075928005 -0.03550639657005846 0.00999999990941933
    endloop
  endfacet
  facet normal 0.0 0.0 0.0
    outer loop
      vertex -0.05168123626709254 -0.033336161889882684 0.00999999990941933
      vertex -0.04997644424438746 -0.03584138802513659 0.00999999990941933
      vertex -0.049337997436526136 -0.0332567589662987 0.00999999990941933
    endloop
  endfacet
  facet normal 0.0 0.0 0.0
    outer loop
      vertex -0.04774459075928005 -0.03550639657005846 0.00999999990941933
      vertex -0.048150314331057396 -0.03825960091576159 0.00999999990941933
      vertex -0.04604869079590115 -0.03767980889305651 0.00999999990941933
    endloop
  endfacet
  facet normal 0.0 0.0 0.0
    outer loop
      vertex -0.04997644424438746 -0.03584138802513659 0.00999999990941933
      vertex -0.048150314331057396 -0.03825960091576159 0.00999999990941933
      vertex -0.04774459075928005 -0.03550639657005846 0.00999999990941933
    endloop
  endfacet
  facet normal 0.0 0.0 0.0
    outer loop
      vertex -0.04604869079590115 -0.03767980889305651 0.00999999990941933
      vertex -0.046207290649416775 -0.040584929742665886 0.00999999990941933
      vertex -0.044253940582278106 -0.03977233818993151 0.00999999990941933
    endloop
  endfacet
  facet normal 0.0 0.0 0.0
    outer loop
      vertex -0.048150314331057396 -0.03825960091576159 0.00999999990941933
      vertex -0.046207290649416775 -0.040584929742665886 0.00999999990941933
      vertex -0.04604869079590115 -0.03767980889305651 0.00999999990941933
    endloop
  endfacet
  facet normal 0.0 0.0 0.0
    outer loop
      vertex -0.044253940582278106 -0.03977233818993151 0.00999999990941933
      vertex -0.04415208053589138 -0.04281172493919909 0.00999999990941933
      vertex -0.04236418914795193 -0.04177948311791003 0.00999999990941933
    endloop
  endfacet
  facet normal 0.0 0.0 0.0
    outer loop
      vertex -0.046207290649416775 -0.040584929742665886 0.00999999990941933
      vertex -0.04415208053589138 -0.04281172493919909 0.00999999990941933
      vertex -0.044253940582278106 -0.03977233818993151 0.00999999990941933
    endloop
  endfacet
  facet normal 0.0 0.0 0.0
    outer loop
      vertex -0.04236418914795193 -0.04177948311791003 0.00999999990941933
      vertex -0.04415208053589138 -0.04281172493919909 0.00999999990941933
      vertex -0.042260845184328884 -0.04188399437889635 0.010002121834773333
    endloop
  endfacet
  facet normal 0.0 0.0 0.0
    outer loop
      vertex -0.042260845184328884 -0.04188399437889635 0.010002121834773333
      vertex -0.04397622680664334 -0.04299228600487292 0.010006233124751362
      vertex -0.042156352996828884 -0.04198911217674792 0.010008493571299824
    endloop
  endfacet
  facet normal 0.0 0.0 0.0
    outer loop
      vertex -0.04415208053589138 -0.04281172493919909 0.00999999990941933
      vertex -0.04397622680664334 -0.04299228600487292 0.010006233124751362
      vertex -0.042260845184328884 -0.04188399437889635 0.010002121834773333
    endloop
  endfacet
  facet normal 0.0 0.0 0.0
    outer loop
      vertex -0.042003425598147244 -0.042141997613759634 0.010025264410990985
      vertex -0.04379742431640896 -0.04317431572899401 0.010024964718837055
      vertex -0.04184898757934842 -0.04229528740868151 0.010050989775676044
    endloop
  endfacet
  facet normal 0.0 0.0 0.0
    outer loop
      vertex -0.042156352996828884 -0.04198911217674792 0.010008493571299824
      vertex -0.04379742431640896 -0.04317431572899401 0.010024964718837055
      vertex -0.042003425598147244 -0.042141997613759634 0.010025264410990985
    endloop
  endfacet
  facet normal 0.0 0.0 0.0
    outer loop
      vertex -0.04397622680664334 -0.04299228600487292 0.010006233124751362
      vertex -0.04379742431640896 -0.04317431572899401 0.010024964718837055
      vertex -0.042156352996828884 -0.04198911217674792 0.010008493571299824
    endloop
  endfacet
  facet normal 0.0 0.0 0.0
    outer loop
      vertex -0.04184898757934842 -0.04229528740868151 0.010050989775676044
      vertex -0.04361653900146756 -0.04335695961937487 0.010056244044322284
      vertex -0.04169356155395779 -0.04244847039207995 0.01008569851400307
    endloop
  endfacet
  facet normal 0.0 0.0 0.0
    outer loop
      vertex -0.04379742431640896 -0.04317431572899401 0.010024964718837055
      vertex -0.04361653900146756 -0.04335695961937487 0.010056244044322284
      vertex -0.04184898757934842 -0.04229528740868151 0.010050989775676044
    endloop
  endfacet
  facet normal 0.0 0.0 0.0
    outer loop
      vertex -0.04169356155395779 -0.04244847039207995 0.01008569851400307
      vertex -0.04343442916870389 -0.043539359369130726 0.010100119977015766
      vertex -0.04153767395019803 -0.042601035394521355 0.010129419713038715
    endloop
  endfacet
  facet normal 0.0 0.0 0.0
    outer loop
      vertex -0.04361653900146756 -0.04335695961937487 0.010056244044322284
      vertex -0.04343442916870389 -0.043539359369130726 0.010100119977015766
      vertex -0.04169356155395779 -0.04244847039207995 0.01008569851400307
    endloop
  endfacet
  facet normal 0.0 0.0 0.0
    outer loop
      vertex -0.04343442916870389 -0.043539359369130726 0.010100119977015766
      vertex -0.04325196456909451 -0.04372066430077135 0.010156641154307635
      vertex -0.04153767395019803 -0.042601035394521355 0.010129419713038715
    endloop
  endfacet
  facet normal 0.0 0.0 0.0
    outer loop
      vertex -0.04153767395019803 -0.042601035394521355 0.010129419713038715
      vertex -0.04325196456909451 -0.04372066430077135 0.010156641154307635
      vertex -0.041381858825686305 -0.04275247124657214 0.010182182936686785
    endloop
  endfacet
  facet normal 0.0 0.0 0.0
    outer loop
      vertex -0.04325196456909451 -0.04372066430077135 0.010156641154307635
      vertex -0.04307001113891873 -0.04390001610741198 0.010225856928843768
      vertex -0.041381858825686305 -0.04275247124657214 0.010182182936686785
    endloop
  endfacet
  facet normal 0.0 0.0 0.0
    outer loop
      vertex -0.041381858825686305 -0.04275247124657214 0.010182182936686785
      vertex -0.04307001113891873 -0.04390001610741198 0.010225856928843768
      vertex -0.041226631164553496 -0.0429022667787987 0.010244017033595355
    endloop
  endfacet
  facet normal 0.0 0.0 0.0
    outer loop
      vertex -0.04307001113891873 -0.04390001610741198 0.010225856928843768
      vertex -0.0429074058532742 -0.04405905465111315 0.010299045233744891
      vertex -0.041226631164553496 -0.0429022667787987 0.010244017033595355
    endloop
  endfacet
  facet normal 0.0 0.0 0.0
    outer loop
      vertex -0.041226631164553496 -0.0429022667787987 0.010244017033595355
      vertex -0.0429074058532742 -0.04405905465111315 0.010299045233744891
      vertex -0.04107252120971951 -0.04304991082176745 0.010314951567668231
    endloop
  endfacet
  facet normal 0.0 0.0 0.0
    outer loop
      vertex -0.0429074058532742 -0.04405905465111315 0.010299045233744891
      vertex -0.042762531280520294 -0.04419972542748034 0.010373769431132586
      vertex -0.04107252120971951 -0.04304991082176745 0.010314951567668231
    endloop
  endfacet
  facet normal 0.0 0.0 0.0
    outer loop
      vertex -0.04107252120971951 -0.04304991082176745 0.010314951567668231
      vertex -0.042762531280520294 -0.04419972542748034 0.010373769431132586
      vertex -0.04092005920410428 -0.04319489220604479 0.010395015149134906
    endloop
  endfacet
  facet normal 0.0 0.0 0.0
    outer loop
      vertex -0.042762531280520294 -0.04419972542748034 0.010373769431132586
      vertex -0.04261952590942654 -0.044337622918935414 0.0104568637895768
      vertex -0.04092005920410428 -0.04319489220604479 0.010395015149134906
    endloop
  endfacet
  facet normal 0.0 0.0 0.0
    outer loop
      vertex -0.04092005920410428 -0.04319489220604479 0.010395015149134906
      vertex -0.04261952590942654 -0.044337622918935414 0.0104568637895768
      vertex -0.04076976013183865 -0.04333676079735339 0.010484122424144062
    endloop
  endfacet
  facet normal 0.0 0.0 0.0
    outer loop
      vertex -0.04261952590942654 -0.044337622918935414 0.0104568637895768
      vertex -0.042478801727297635 -0.044472430505605336 0.01054800525190285
      vertex -0.04076976013183865 -0.04333676079735339 0.010484122424144062
    endloop
  endfacet
  facet normal 0.0 0.0 0.0
    outer loop
      vertex -0.04076976013183865 -0.04333676079735339 0.010484122424144062
      vertex -0.042478801727297635 -0.044472430505605336 0.01054800525190285
      vertex -0.04062206649780545 -0.04347519234642565 0.010581836133021626
    endloop
  endfacet
  facet normal 0.0 0.0 0.0
    outer loop
      vertex -0.042478801727297635 -0.044472430505605336 0.01054800525190285
      vertex -0.04234072113037381 -0.044603877343984244 0.010646747736949238
      vertex -0.04062206649780545 -0.04347519234642565 0.010581836133021626
    endloop
  endfacet
  facet normal 0.0 0.0 0.0
    outer loop
      vertex -0.04062206649780545 -0.04347519234642565 0.010581836133021626
      vertex -0.04234072113037381 -0.044603877343984244 0.010646747736949238
      vertex -0.040477405548098415 -0.043609874048085806 0.010687652258891376
    endloop
  endfacet
  facet normal 0.0 0.0 0.0
    outer loop
      vertex -0.04234072113037381 -0.044603877343984244 0.010646747736949238
      vertex -0.04220565032959256 -0.04473168114647448 0.010752644925135883
      vertex -0.040477405548098415 -0.043609874048085806 0.010687652258891376
    endloop
  endfacet
  facet normal 0.0 0.0 0.0
    outer loop
      vertex -0.040477405548098415 -0.043609874048085806 0.010687652258891376
      vertex -0.04220565032959256 -0.04473168114647448 0.010752644925135883
      vertex -0.04033619308471951 -0.04374049691185534 0.010801067023295672
    endloop
  endfacet
  facet normal 0.0 0.0 0.0
    outer loop
      vertex -0.04220565032959256 -0.04473168114647448 0.010752644925135883
      vertex -0.04207395935058865 -0.044855563440175654 0.010865249781626972
      vertex -0.04033619308471951 -0.04374049691185534 0.010801067023295672
    endloop
  endfacet
  facet normal 0.0 0.0 0.0
    outer loop
      vertex -0.04033619308471951 -0.04374049691185534 0.010801067023295672
      vertex -0.04207395935058865 -0.044855563440175654 0.010865249781626972
      vertex -0.040198852539065216 -0.04386675194725573 0.010921576409358294
    endloop
  endfacet
  facet normal 0.0 0.0 0.0
    outer loop
      vertex -0.04207395935058865 -0.044855563440175654 0.010865249781626972
      vertex -0.04194600677490506 -0.04497524956688464 0.010984116225261005
      vertex -0.040198852539065216 -0.04386675194725573 0.010921576409358294
    endloop
  endfacet
  facet normal 0.0 0.0 0.0
    outer loop
      vertex -0.040198852539065216 -0.04386675194725573 0.010921576409358294
      vertex -0.04194600677490506 -0.04497524956688464 0.010984116225261005
      vertex -0.04006580734253201 -0.0439883263491112 0.011048676400203022
    endloop
  endfacet
  facet normal 0.0 0.0 0.0
    outer loop
      vertex -0.04194600677490506 -0.04497524956688464 0.010984116225261005
      vertex -0.04182216644287381 -0.04509046105370104 0.011108797698039324
      vertex -0.04006580734253201 -0.0439883263491112 0.011048676400203022
    endloop
  endfacet
  facet normal 0.0 0.0 0.0
    outer loop
      vertex -0.04006580734253201 -0.0439883263491112 0.011048676400203022
      vertex -0.04182216644287381 -0.04509046105370104 0.011108797698039324
      vertex -0.039937473297121856 -0.044104907312245964 0.01118186345579079
    endloop
  endfacet
  facet normal 0.0 0.0 0.0
    outer loop
      vertex -0.04182216644287381 -0.04509046105370104 0.011108797698039324
      vertex -0.04170280075073514 -0.045200915613027214 0.011238847403544696
      vertex -0.039937473297121856 -0.044104907312245964 0.01118186345579079
    endloop
  endfacet
  facet normal 0.0 0.0 0.0
    outer loop
      vertex -0.039937473297121856 -0.044104907312245964 0.01118186345579079
      vertex -0.04170280075073514 -0.045200915613027214 0.011238847403544696
      vertex -0.039814277648928496 -0.04421618966087878 0.011320633320826801
    endloop
  endfacet
  facet normal 0.0 0.0 0.0
    outer loop
      vertex -0.04170280075073514 -0.045200915613027214 0.011238847403544696
      vertex -0.04158827590942654 -0.04530633858666003 0.01137381926061562
      vertex -0.039814277648928496 -0.04421618966087878 0.011320633320826801
    endloop
  endfacet
  facet normal 0.0 0.0 0.0
    outer loop
      vertex -0.039814277648928496 -0.04421618966087878 0.011320633320826801
      vertex -0.04158827590942654 -0.04530633858666003 0.01137381926061562
      vertex -0.03969663619995389 -0.04432185677513659 0.011464482336062702
    endloop
  endfacet
  facet normal 0.0 0.0 0.0
    outer loop
      vertex -0.04158827590942654 -0.04530633858666003 0.01137381926061562
      vertex -0.041478927612307405 -0.04540648201927721 0.011513307003993304
      vertex -0.03969663619995389 -0.04432185677513659 0.011464482336062702
    endloop
  endfacet
  facet normal 0.0 0.0 0.0
    outer loop
      vertex -0.03969663619995389 -0.04432185677513659 0.011464482336062702
      vertex -0.041478927612307405 -0.04540648201927721 0.011513307003993304
      vertex -0.03958393859863553 -0.044422530450673695 0.011614286570567402
    endloop
  endfacet
  facet normal 0.0 0.0 0.0
    outer loop
      vertex -0.03958393859863553 -0.044422530450673695 0.011614286570567402
      vertex -0.041373264312746856 -0.04550276879295885 0.011659384875315936
      vertex -0.03947445678711209 -0.0445198204897362 0.011772484450358662
    endloop
  endfacet
  facet normal 0.0 0.0 0.0
    outer loop
      vertex -0.041478927612307405 -0.04540648201927721 0.011513307003993304
      vertex -0.041373264312746856 -0.04550276879295885 0.011659384875315936
      vertex -0.03958393859863553 -0.044422530450673695 0.011614286570567402
    endloop
  endfacet
  facet normal 0.0 0.0 0.0
    outer loop
      vertex -0.03947445678711209 -0.0445198204897362 0.011772484450358662
      vertex -0.041270614624026154 -0.04559586647972643 0.011813093571681293
      vertex -0.03936865234375271 -0.04461338356957018 0.011938653378505023
    endloop
  endfacet
  facet normal 0.0 0.0 0.0
    outer loop
      vertex -0.041373264312746856 -0.04550276879295885 0.011659384875315936
      vertex -0.041270614624026154 -0.04559586647972643 0.011813093571681293
      vertex -0.03947445678711209 -0.0445198204897362 0.011772484450358662
    endloop
  endfacet
  facet normal 0.0 0.0 0.0
    outer loop
      vertex -0.03936865234375271 -0.04461338356957018 0.011938653378505023
      vertex -0.0411714439392117 -0.04568541268333971 0.01197397521020821
      vertex -0.03926706695556912 -0.044702811517568226 0.01211227276803902
    endloop
  endfacet
  facet normal 0.0 0.0 0.0
    outer loop
      vertex -0.041270614624026154 -0.04559586647972643 0.011813093571681293
      vertex -0.0411714439392117 -0.04568541268333971 0.01197397521020821
      vertex -0.03936865234375271 -0.04461338356957018 0.011938653378505023
    endloop
  endfacet
  facet normal 0.0 0.0 0.0
    outer loop
      vertex -0.03926706695556912 -0.044702811517568226 0.01211227276803902
      vertex -0.041076213836672634 -0.045771045007558464 0.01214157190801552
      vertex -0.039170234680178495 -0.044787684717031116 0.012292821674365314
    endloop
  endfacet
  facet normal 0.0 0.0 0.0
    outer loop
      vertex -0.0411714439392117 -0.04568541268333971 0.01197397521020821
      vertex -0.041076213836672634 -0.045771045007558464 0.01214157190801552
      vertex -0.03926706695556912 -0.044702811517568226 0.01211227276803902
    endloop
  endfacet
  facet normal 0.0 0.0 0.0
    outer loop
      vertex -0.039170234680178495 -0.044787684717031116 0.012292821674365314
      vertex -0.040985385894778105 -0.04585239724144518 0.012315425901431355
      vertex -0.039078693389895294 -0.04486759499535143 0.012479779629725726
    endloop
  endfacet
  facet normal 0.0 0.0 0.0
    outer loop
      vertex -0.041076213836672634 -0.045771045007558464 0.01214157190801552
      vertex -0.040985385894778105 -0.04585239724144518 0.012315425901431355
      vertex -0.039170234680178495 -0.044787684717031116 0.012292821674365314
    endloop
  endfacet
  facet normal 0.0 0.0 0.0
    outer loop
      vertex -0.039078693389895294 -0.04486759499535143 0.012479779629725726
      vertex -0.04089942550659451 -0.04592910317406237 0.012495079545993121
      vertex -0.03899298095703396 -0.04494212655052721 0.012672625629920276
    endloop
  endfacet
  facet normal 0.0 0.0 0.0
    outer loop
      vertex -0.040985385894778105 -0.04585239724144518 0.012315425901431355
      vertex -0.04089942550659451 -0.04592910317406237 0.012495079545993121
      vertex -0.039078693389895294 -0.04486759499535143 0.012479779629725726
    endloop
  endfacet
  facet normal 0.0 0.0 0.0
    outer loop
      vertex -0.04089942550659451 -0.04592910317406237 0.012495079545993121
      vertex -0.04081879043579373 -0.04600080040916979 0.012680074899215014
      vertex -0.03899298095703396 -0.04494212655052721 0.012672625629920276
    endloop
  endfacet
  facet normal 0.0 0.0 0.0
    outer loop
      vertex -0.03899298095703396 -0.04494212655052721 0.012672625629920276
      vertex -0.040743949890139436 -0.04606711892113268 0.012869954137820515
      vertex -0.0389136314392117 -0.04501086739525378 0.01287083902837685
    endloop
  endfacet
  facet normal 0.0 0.0 0.0
    outer loop
      vertex -0.04081879043579373 -0.04600080040916979 0.012680074899215014
      vertex -0.040743949890139436 -0.04606711892113268 0.012869954137820515
      vertex -0.03899298095703396 -0.04494212655052721 0.012672625629920276
    endloop
  endfacet
  facet normal 0.0 0.0 0.0
    outer loop
      vertex -0.0389136314392117 -0.04501086739525378 0.01287083902837685
      vertex -0.04067536163330349 -0.046127703943105336 0.01306425958754471
      vertex -0.03884119033813748 -0.045073405542226434 0.013073899089116367
    endloop
  endfacet
  facet normal 0.0 0.0 0.0
    outer loop
      vertex -0.040743949890139436 -0.04606711892113268 0.012869954137820515
      vertex -0.04067536163330349 -0.046127703943105336 0.01306425958754471
      vertex -0.0389136314392117 -0.04501086739525378 0.01287083902837685
    endloop
  endfacet
  facet normal 0.0 0.0 0.0
    outer loop
      vertex -0.03884119033813748 -0.045073405542226434 0.013073899089116367
      vertex -0.0406134605407742 -0.04618222359642565 0.013262512757200511
      vertex -0.03877614974975857 -0.04512938622459948 0.01328125665964535
    endloop
  endfacet
  facet normal 0.0 0.0 0.0
    outer loop
      vertex -0.04067536163330349 -0.046127703943105336 0.01306425958754471
      vertex -0.0406134605407742 -0.04618222359642565 0.013262512757200511
      vertex -0.03884119033813748 -0.045073405542226434 0.013073899089116367
    endloop
  endfacet
  facet normal 0.0 0.0 0.0
    outer loop
      vertex -0.03877614974975857 -0.04512938622459948 0.01328125665964535
      vertex -0.04055841445923123 -0.04623060540184557 0.013464075415152819
      vertex -0.0387186851501492 -0.045178729333730336 0.013492174169737609
    endloop
  endfacet
  facet normal 0.0 0.0 0.0
    outer loop
      vertex -0.0406134605407742 -0.04618222359642565 0.013262512757200511
      vertex -0.04055841445923123 -0.04623060540184557 0.013464075415152819
      vertex -0.03877614974975857 -0.04512938622459948 0.01328125665964535
    endloop
  endfacet
  facet normal 0.0 0.0 0.0
    outer loop
      vertex -0.04055841445923123 -0.04623060540184557 0.013464075415152819
      vertex -0.04051023864746365 -0.0462728608034569 0.013668235941547664
      vertex -0.0387186851501492 -0.045178729333730336 0.013492174169737609
    endloop
  endfacet
  facet normal 0.0 0.0 0.0
    outer loop
      vertex -0.0387186851501492 -0.045178729333730336 0.013492174169737609
      vertex -0.04051023864746365 -0.0462728608034569 0.013668235941547664
      vertex -0.03866881942749295 -0.04522145394310534 0.01370583891751221
    endloop
  endfacet
  facet normal 0.0 0.0 0.0
    outer loop
      vertex -0.04051023864746365 -0.0462728608034569 0.013668235941547664
      vertex -0.04046894454956326 -0.046309005060048695 0.013874282388705524
      vertex -0.03866881942749295 -0.04522145394310534 0.01370583891751221
    endloop
  endfacet
  facet normal 0.0 0.0 0.0
    outer loop
      vertex -0.03866881942749295 -0.04522145394310534 0.01370583891751221
      vertex -0.04046894454956326 -0.046309005060048695 0.013874282388705524
      vertex -0.03862657165527615 -0.04525757149681628 0.013921438037175448
    endloop
  endfacet
  facet normal 0.0 0.0 0.0
    outer loop
      vertex -0.04046894454956326 -0.046309005060048695 0.013874282388705524
      vertex -0.04043454742431912 -0.04633904580101549 0.014081502823848041
      vertex -0.03862657165527615 -0.04525757149681628 0.013921438037175448
    endloop
  endfacet
  facet normal 0.0 0.0 0.0
    outer loop
      vertex -0.03862657165527615 -0.04525757149681628 0.013921438037175448
      vertex -0.04043454742431912 -0.04633904580101549 0.014081502823848041
      vertex -0.03859195709228787 -0.04528708962425768 0.014138158707637103
    endloop
  endfacet
  facet normal 0.0 0.0 0.0
    outer loop
      vertex -0.04043454742431912 -0.04633904580101549 0.014081502823848041
      vertex -0.04040706634521756 -0.04636299828514635 0.014289185254592211
      vertex -0.03859195709228787 -0.04528708962425768 0.014138158707637103
    endloop
  endfacet
  facet normal 0.0 0.0 0.0
    outer loop
      vertex -0.03859195709228787 -0.04528708962425768 0.014138158707637103
      vertex -0.04040706634521756 -0.04636299828514635 0.014289185254592211
      vertex -0.038565002441408966 -0.04531002739891588 0.014355188100356372
    endloop
  endfacet
  facet normal 0.0 0.0 0.0
    outer loop
      vertex -0.04040706634521756 -0.04636299828514635 0.014289185254592211
      vertex -0.04038651275635037 -0.04638087395653307 0.014496617822665484
      vertex -0.038565002441408966 -0.04531002739891588 0.014355188100356372
    endloop
  endfacet
  facet normal 0.0 0.0 0.0
    outer loop
      vertex -0.038565002441408966 -0.04531002739891588 0.014355188100356372
      vertex -0.04038651275635037 -0.04638087395653307 0.014496617822665484
      vertex -0.0385457229614285 -0.04532639626488268 0.01457171335699013
    endloop
  endfacet
  facet normal 0.0 0.0 0.0
    outer loop
      vertex -0.04038651275635037 -0.04638087395653307 0.014496617822665484
      vertex -0.04037290573120388 -0.046392684259267444 0.014703088550586017
      vertex -0.0385457229614285 -0.04532639626488268 0.01457171335699013
    endloop
  endfacet
  facet normal 0.0 0.0 0.0
    outer loop
      vertex -0.0385457229614285 -0.04532639626488268 0.01457171335699013
      vertex -0.04037290573120388 -0.046392684259267444 0.014703088550586017
      vertex -0.03853413772583279 -0.04533620766624987 0.014786921529788288
    endloop
  endfacet
  facet normal 0.0 0.0 0.0
    outer loop
      vertex -0.03853413772583279 -0.04533620766624987 0.014786921529788288
      vertex -0.040367382049563263 -0.04639747170433581 0.014852122812289509
      vertex -0.03853027343750271 -0.045339473047109245 0.01500000002862862
    endloop
  endfacet
  facet normal 0.0 0.0 0.0
    outer loop
      vertex -0.04037290573120388 -0.046392684259267444 0.014703088550586017
      vertex -0.040367382049563263 -0.04639747170433581 0.014852122812289509
      vertex -0.03853413772583279 -0.04533620766624987 0.014786921529788288
    endloop
  endfacet
  facet normal 0.0 0.0 0.0
    outer loop
      vertex -0.040367382049563263 -0.04639747170433581 0.014852122812289509
      vertex -0.040365539550783966 -0.04639906624779284 0.01500000002862862
      vertex -0.03853027343750271 -0.045339473047109245 0.01500000002862862
    endloop
  endfacet
  facet normal 0.0 0.0 0.0
    outer loop
      vertex -0.040365539550783966 -0.04639906624779284 0.01500000002862862
      vertex -0.040365539550783966 -0.04639906624779284 0.01699999990941933
      vertex -0.03853027343750271 -0.045339473047109245 0.01500000002862862
    endloop
  endfacet
  facet normal 0.0 0.0 0.0
    outer loop
      vertex -0.03853027343750271 -0.045339473047109245 0.01500000002862862
      vertex -0.040365539550783966 -0.04639906624779284 0.01699999990941933
      vertex -0.03853027343750271 -0.045339473047109245 0.01699999990941933
    endloop
  endfacet
  facet normal 0.0 0.0 0.0
    outer loop
      vertex -0.0585302734375027 -0.010698458947988158 0.01500000002862862
      vertex -0.06036553955078395 -0.011758049287648802 0.01500000002862862
      vertex -0.058529979705813244 -0.010700097360463744 0.01487810757638863
    endloop
  endfacet
  facet normal 0.0 0.0 0.0
    outer loop
      vertex -0.058529979705813244 -0.010700097360463744 0.01487810757638863
      vertex -0.060364582061770276 -0.01176301983818591 0.014786463527697833
      vertex -0.05852909469604762 -0.010705011644216184 0.014755400686282429
    endloop
  endfacet
  facet normal 0.0 0.0 0.0
    outer loop
      vertex -0.06036553955078395 -0.011758049287648802 0.01500000002862862
      vertex -0.060364582061770276 -0.01176301983818591 0.014786463527697833
      vertex -0.058529979705813244 -0.010700097360463744 0.01487810757638863
    endloop
  endfacet
  facet normal 0.0 0.0 0.0
    outer loop
      vertex -0.05852909469604762 -0.010705011644216184 0.014755400686282429
      vertex -0.06036170196533473 -0.011777927675099975 0.014570773510951313
      vertex -0.05852627944946559 -0.010720535554738645 0.014548878340739521
    endloop
  endfacet
  facet normal 0.0 0.0 0.0
    outer loop
      vertex -0.060364582061770276 -0.01176301983818591 0.014786463527697833
      vertex -0.06036170196533473 -0.011777927675099975 0.014570773510951313
      vertex -0.05852909469604762 -0.010705011644216184 0.014755400686282429
    endloop
  endfacet
  facet normal 0.0 0.0 0.0
    outer loop
      vertex -0.05852627944946559 -0.010720535554738645 0.014548878340739521
      vertex -0.06035687637329372 -0.011802763261647826 0.014353747992533954
      vertex -0.05852178192138942 -0.010745198526235228 0.014341224460620196
    endloop
  endfacet
  facet normal 0.0 0.0 0.0
    outer loop
      vertex -0.06036170196533473 -0.011777927675099975 0.014570773510951313
      vertex -0.06035687637329372 -0.011802763261647826 0.014353747992533954
      vertex -0.05852627944946559 -0.010720535554738645 0.014548878340739521
    endloop
  endfacet
  facet normal 0.0 0.0 0.0
    outer loop
      vertex -0.05851557922363551 -0.01077899006828845 0.014133155374545368
      vertex -0.060350086212160904 -0.011837518968434935 0.014136205463427814
      vertex -0.05850765991211208 -0.01082190064415515 0.013925387202519688
    endloop
  endfacet
  facet normal 0.0 0.0 0.0
    outer loop
      vertex -0.05852178192138942 -0.010745198526235228 0.014341224460620196
      vertex -0.060350086212160904 -0.011837518968434935 0.014136205463427814
      vertex -0.05851557922363551 -0.01077899006828845 0.014133155374545368
    endloop
  endfacet
  facet normal 0.0 0.0 0.0
    outer loop
      vertex -0.06035687637329372 -0.011802763261647826 0.014353747992533954
      vertex -0.060350086212160904 -0.011837518968434935 0.014136205463427814
      vertex -0.05852178192138942 -0.010745198526235228 0.014341224460620196
    endloop
  endfacet
  facet normal 0.0 0.0 0.0
    outer loop
      vertex -0.060350086212160904 -0.011837518968434935 0.014136205463427814
      vertex -0.06034130477905544 -0.011882188119741087 0.013918964056987079
      vertex -0.05850765991211208 -0.01082190064415515 0.013925387202519688
    endloop
  endfacet
  facet normal 0.0 0.0 0.0
    outer loop
      vertex -0.05850765991211208 -0.01082190064415515 0.013925387202519688
      vertex -0.06034130477905544 -0.011882188119741087 0.013918964056987079
      vertex -0.058497997283938244 -0.010873920717092162 0.013718636213559421
    endloop
  endfacet
  facet normal 0.0 0.0 0.0
    outer loop
      vertex -0.06034130477905544 -0.011882188119741087 0.013918964056987079
      vertex -0.060330516815188244 -0.011936761178823118 0.013702842055577548
      vertex -0.058497997283938244 -0.010873920717092162 0.013718636213559421
    endloop
  endfacet
  facet normal 0.0 0.0 0.0
    outer loop
      vertex -0.058497997283938244 -0.010873920717092162 0.013718636213559421
      vertex -0.060330516815188244 -0.011936761178823118 0.013702842055577548
      vertex -0.05848657608032497 -0.010935040750356322 0.013513618572372706
    endloop
  endfacet
  facet normal 0.0 0.0 0.0
    outer loop
      vertex -0.060330516815188244 -0.011936761178823118 0.013702842055577548
      vertex -0.06031769943237575 -0.01200122956261218 0.013488657719213279
      vertex -0.05848657608032497 -0.010935040750356322 0.013513618572372706
    endloop
  endfacet
  facet normal 0.0 0.0 0.0
    outer loop
      vertex -0.05848657608032497 -0.010935040750356322 0.013513618572372706
      vertex -0.06031769943237575 -0.01200122956261218 0.013488657719213279
      vertex -0.05847338104248317 -0.01100525025353015 0.013311050495821746
    endloop
  endfacet
  facet normal 0.0 0.0 0.0
    outer loop
      vertex -0.06031769943237575 -0.01200122956261218 0.013488657719213279
      vertex -0.06030282974243434 -0.012075587549062374 0.013277229293007167
      vertex -0.05847338104248317 -0.01100525025353015 0.013311050495821746
    endloop
  endfacet
  facet normal 0.0 0.0 0.0
    outer loop
      vertex -0.05847338104248317 -0.01100525025353015 0.013311050495821746
      vertex -0.06030282974243434 -0.012075587549062374 0.013277229293007167
      vertex -0.058458385467531994 -0.011084541597219114 0.013111648170966418
    endloop
  endfacet
  facet normal 0.0 0.0 0.0
    outer loop
      vertex -0.06030282974243434 -0.012075587549062374 0.013277229293007167
      vertex -0.06028589248657497 -0.012159824647756222 0.013069374828357013
      vertex -0.058458385467531994 -0.011084541597219114 0.013111648170966418
    endloop
  endfacet
  facet normal 0.0 0.0 0.0
    outer loop
      vertex -0.058458385467531994 -0.011084541597219114 0.013111648170966418
      vertex -0.06028589248657497 -0.012159824647756222 0.013069374828357013
      vertex -0.05844157409668239 -0.011172809877248412 0.012916088311690601
    endloop
  endfacet
  facet normal 0.0 0.0 0.0
    outer loop
      vertex -0.06028589248657497 -0.012159824647756222 0.013069374828357013
      vertex -0.06026686096191676 -0.012253752031179075 0.012865834503192218
      vertex -0.05844157409668239 -0.011172809877248412 0.012916088311690601
    endloop
  endfacet
  facet normal 0.0 0.0 0.0
    outer loop
      vertex -0.05844157409668239 -0.011172809877248412 0.012916088311690601
      vertex -0.06026686096191676 -0.012253752031179075 0.012865834503192218
      vertex -0.05842298126220973 -0.011269562997670774 0.012724875240344317
    endloop
  endfacet
  facet normal 0.0 0.0 0.0
    outer loop
      vertex -0.06026686096191676 -0.012253752031179075 0.012865834503192218
      vertex -0.06024581146240504 -0.012356755533071164 0.012667161433715136
      vertex -0.05842298126220973 -0.011269562997670774 0.012724875240344317
    endloop
  endfacet
  facet normal 0.0 0.0 0.0
    outer loop
      vertex -0.05842298126220973 -0.011269562997670774 0.012724875240344317
      vertex -0.06024581146240504 -0.012356755533071164 0.012667161433715136
      vertex -0.058402679443362075 -0.011374208726735717 0.01253846791269234
    endloop
  endfacet
  facet normal 0.0 0.0 0.0
    outer loop
      vertex -0.06024581146240504 -0.012356755533071164 0.012667161433715136
      vertex -0.060222835540774185 -0.012468165674062375 0.0124738817501252
      vertex -0.058402679443362075 -0.011374208726735717 0.01253846791269234
    endloop
  endfacet
  facet normal 0.0 0.0 0.0
    outer loop
      vertex -0.058402679443362075 -0.011374208726735717 0.01253846791269234
      vertex -0.060222835540774185 -0.012468165674062375 0.0124738817501252
      vertex -0.05838075637817653 -0.011486154832692748 0.012357325105685504
    endloop
  endfacet
  facet normal 0.0 0.0 0.0
    outer loop
      vertex -0.060222835540774185 -0.012468165674062375 0.0124738817501252
      vertex -0.060198036193850356 -0.01258731297478259 0.012286521701831135
      vertex -0.05838075637817653 -0.011486154832692748 0.012357325105685504
    endloop
  endfacet
  facet normal 0.0 0.0 0.0
    outer loop
      vertex -0.05838075637817653 -0.011486154832692748 0.012357325105685504
      vertex -0.060198036193850356 -0.01258731297478259 0.012286521701831135
      vertex -0.05835728073120387 -0.011604808130117064 0.012181905536670002
    endloop
  endfacet
  facet normal 0.0 0.0 0.0
    outer loop
      vertex -0.060198036193850356 -0.01258731297478259 0.012286521701831135
      vertex -0.060171504974367934 -0.01271352795586169 0.012105607299823077
      vertex -0.05835728073120387 -0.011604808130117064 0.012181905536670002
    endloop
  endfacet
  facet normal 0.0 0.0 0.0
    outer loop
      vertex -0.05835728073120387 -0.011604808130117064 0.012181905536670002
      vertex -0.060171504974367934 -0.01271352795586169 0.012105607299823077
      vertex -0.05833233642578395 -0.011729579248281127 0.01201266828061989
    endloop
  endfacet
  facet normal 0.0 0.0 0.0
    outer loop
      vertex -0.060171504974367934 -0.01271352795586169 0.012105607299823077
      vertex -0.06014334487915309 -0.012846140184255245 0.011931664853114398
      vertex -0.05833233642578395 -0.011729579248281127 0.01201266828061989
    endloop
  endfacet
  facet normal 0.0 0.0 0.0
    outer loop
      vertex -0.05833233642578395 -0.011729579248281127 0.01201266828061989
      vertex -0.06014334487915309 -0.012846140184255245 0.011931664853114398
      vertex -0.05830599975586208 -0.011859874048085814 0.011850072054881367
    endloop
  endfacet
  facet normal 0.0 0.0 0.0
    outer loop
      vertex -0.06014334487915309 -0.012846140184255245 0.011931664853114398
      vertex -0.0601136474609402 -0.012984480180593137 0.011765220432299885
      vertex -0.05830599975586208 -0.011859874048085814 0.011850072054881367
    endloop
  endfacet
  facet normal 0.0 0.0 0.0
    outer loop
      vertex -0.05830599975586208 -0.011859874048085814 0.011850072054881367
      vertex -0.0601136474609402 -0.012984480180593137 0.011765220432299885
      vertex -0.05827834701538356 -0.011995101251454955 0.011694575696009906
    endloop
  endfacet
  facet normal 0.0 0.0 0.0
    outer loop
      vertex -0.0601136474609402 -0.012984480180593137 0.011765220432299885
      vertex -0.06008251190185817 -0.013127876558156613 0.011606800227183613
      vertex -0.05827834701538356 -0.011995101251454955 0.011694575696009906
    endloop
  endfacet
  facet normal 0.0 0.0 0.0
    outer loop
      vertex -0.05827834701538356 -0.011995101251454955 0.011694575696009906
      vertex -0.06008251190185817 -0.013127876558156613 0.011606800227183613
      vertex -0.058249462127688244 -0.012134669580312375 0.011546638040560992
    endloop
  endfacet
  facet normal 0.0 0.0 0.0
    outer loop
      vertex -0.058249462127688244 -0.012134669580312375 0.011546638040560992
      vertex -0.06005000305176051 -0.013275798120351437 0.011456793098468096
      vertex -0.05821924209594997 -0.012278821267934444 0.011405881791133197
    endloop
  endfacet
  facet normal 0.0 0.0 0.0
    outer loop
      vertex -0.06008251190185817 -0.013127876558156613 0.011606800227183613
      vertex -0.06005000305176051 -0.013275798120351437 0.011456793098468096
      vertex -0.058249462127688244 -0.012134669580312375 0.011546638040560992
    endloop
  endfacet
  facet normal 0.0 0.0 0.0
    outer loop
      vertex -0.05821924209594997 -0.012278821267934444 0.011405881791133197
      vertex -0.06001554489136012 -0.013430645265432004 0.01131266155721596
      vertex -0.05818712997436794 -0.012429999627919797 0.011269780306834492
    endloop
  endfacet
  facet normal 0.0 0.0 0.0
    outer loop
      vertex -0.06005000305176051 -0.013275798120351437 0.011456793098468096
      vertex -0.06001554489136012 -0.013430645265432004 0.01131266155721596
      vertex -0.05821924209594997 -0.012278821267934444 0.011405881791133197
    endloop
  endfacet
  facet normal 0.0 0.0 0.0
    outer loop
      vertex -0.06001554489136012 -0.013430645265432004 0.01131266155721596
      vertex -0.05997892379761012 -0.01359312943443835 0.0111736606645768
      vertex -0.05818712997436794 -0.012429999627919797 0.011269780306834492
    endloop
  endfacet
  facet normal 0.0 0.0 0.0
    outer loop
      vertex -0.05818712997436794 -0.012429999627919797 0.011269780306834492
      vertex -0.05997892379761012 -0.01359312943443835 0.0111736606645768
      vertex -0.05815312194824489 -0.012588006296010618 0.011138514666575701
    endloop
  endfacet
  facet normal 0.0 0.0 0.0
    outer loop
      vertex -0.05815312194824489 -0.012588006296010618 0.011138514666575701
      vertex -0.05994021224975856 -0.013762727060170774 0.011040303139704975
      vertex -0.058117275238039806 -0.012752383508535031 0.011012528805751117
    endloop
  endfacet
  facet normal 0.0 0.0 0.0
    outer loop
      vertex -0.05997892379761012 -0.01359312943443835 0.0111736606645768
      vertex -0.05994021224975856 -0.013762727060170774 0.011040303139704975
      vertex -0.05815312194824489 -0.012588006296010618 0.011138514666575701
    endloop
  endfacet
  facet normal 0.0 0.0 0.0
    outer loop
      vertex -0.058117275238039806 -0.012752383508535031 0.011012528805751117
      vertex -0.059899471282961685 -0.013938912668080929 0.010913102536219866
      vertex -0.05807963562011989 -0.012922672548146847 0.010892266659755023
    endloop
  endfacet
  facet normal 0.0 0.0 0.0
    outer loop
      vertex -0.05994021224975856 -0.013762727060170774 0.011040303139704975
      vertex -0.059899471282961685 -0.013938912668080929 0.010913102536219866
      vertex -0.058117275238039806 -0.012752383508535031 0.011012528805751117
    endloop
  endfacet
  facet normal 0.0 0.0 0.0
    outer loop
      vertex -0.05807963562011989 -0.012922672548146847 0.010892266659755023
      vertex -0.059856765747073014 -0.014121162690969113 0.010792571930903706
      vertex -0.05804025650024684 -0.013098415651174191 0.010778172163981707
    endloop
  endfacet
  facet normal 0.0 0.0 0.0
    outer loop
      vertex -0.059899471282961685 -0.013938912668080929 0.010913102536219866
      vertex -0.059856765747073014 -0.014121162690969113 0.010792571930903706
      vertex -0.05807963562011989 -0.012922672548146847 0.010892266659755023
    endloop
  endfacet
  facet normal 0.0 0.0 0.0
    outer loop
      vertex -0.05804025650024684 -0.013098415651174191 0.010778172163981707
      vertex -0.05981216812134059 -0.014308952607961301 0.010679224400538714
      vertex -0.057999187469485125 -0.013279155053945188 0.010670689253825458
    endloop
  endfacet
  facet normal 0.0 0.0 0.0
    outer loop
      vertex -0.059856765747073014 -0.014121162690969113 0.010792571930903706
      vertex -0.05981216812134059 -0.014308952607961301 0.010679224400538714
      vertex -0.05804025650024684 -0.013098415651174191 0.010778172163981707
    endloop
  endfacet
  facet normal 0.0 0.0 0.0
    outer loop
      vertex -0.057956485748293714 -0.013464431085439328 0.010570262103099139
      vertex -0.05976574325561793 -0.014501758851857786 0.010573573498744281
      vertex -0.05791219711303981 -0.013653786935659055 0.010477334885615619
    endloop
  endfacet
  facet normal 0.0 0.0 0.0
    outer loop
      vertex -0.057999187469485125 -0.013279155053945188 0.010670689253825458
      vertex -0.05976574325561793 -0.014501758851857786 0.010573573498744281
      vertex -0.057956485748293714 -0.013464431085439328 0.010570262103099139
    endloop
  endfacet
  facet normal 0.0 0.0 0.0
    outer loop
      vertex -0.05981216812134059 -0.014308952607961301 0.010679224400538714
      vertex -0.05976574325561793 -0.014501758851857786 0.010573573498744281
      vertex -0.057999187469485125 -0.013279155053945188 0.010670689253825458
    endloop
  endfacet
  facet normal 0.0 0.0 0.0
    outer loop
      vertex -0.05791219711303981 -0.013653786935659055 0.010477334885615619
      vertex -0.05971755218506129 -0.014699055948110227 0.010476132063884052
      vertex -0.057866371154787856 -0.013846763887258175 0.010392351059932026
    endloop
  endfacet
  facet normal 0.0 0.0 0.0
    outer loop
      vertex -0.05976574325561793 -0.014501758851857786 0.010573573498744281
      vertex -0.05971755218506129 -0.014699055948110227 0.010476132063884052
      vertex -0.05791219711303981 -0.013653786935659055 0.010477334885615619
    endloop
  endfacet
  facet normal 0.0 0.0 0.0
    outer loop
      vertex -0.057866371154787856 -0.013846763887258175 0.010392351059932026
      vertex -0.05966766738891872 -0.0149003193758446 0.010387413172740253
      vertex -0.05781372451782497 -0.01406483582481921 0.010307691006678851
    endloop
  endfacet
  facet normal 0.0 0.0 0.0
    outer loop
      vertex -0.05971755218506129 -0.014699055948110227 0.010476132063884052
      vertex -0.05966766738891872 -0.0149003193758446 0.010387413172740253
      vertex -0.057866371154787856 -0.013846763887258175 0.010392351059932026
    endloop
  endfacet
  facet normal 0.0 0.0 0.0
    outer loop
      vertex -0.05966766738891872 -0.0149003193758446 0.010387413172740253
      vertex -0.059616153717043714 -0.015104990281911496 0.010307841448802264
      vertex -0.05781372451782497 -0.01406483582481921 0.010307691006678851
    endloop
  endfacet
  facet normal 0.0 0.0 0.0
    outer loop
      vertex -0.05781372451782497 -0.01406483582481921 0.010307691006678851
      vertex -0.05956315994262965 -0.015312375345082882 0.010237478642482074
      vertex -0.0577532844543484 -0.014310675897451046 0.010225768237132343
    endloop
  endfacet
  facet normal 0.0 0.0 0.0
    outer loop
      vertex -0.059616153717043714 -0.015104990281911496 0.010307841448802264
      vertex -0.05956315994262965 -0.015312375345082882 0.010237478642482074
      vertex -0.05781372451782497 -0.01406483582481921 0.010307691006678851
    endloop
  endfacet
  facet normal 0.0 0.0 0.0
    outer loop
      vertex -0.05956315994262965 -0.015312375345082882 0.010237478642482074
      vertex -0.05950887680053981 -0.01552175835594714 0.010176294951457294
      vertex -0.0577532844543484 -0.014310675897451046 0.010225768237132343
    endloop
  endfacet
  facet normal 0.0 0.0 0.0
    outer loop
      vertex -0.0577532844543484 -0.014310675897451046 0.010225768237132343
      vertex -0.05950887680053981 -0.01552175835594714 0.010176294951457294
      vertex -0.05769108963012965 -0.014559099473806026 0.01015658178808144
    endloop
  endfacet
  facet normal 0.0 0.0 0.0
    outer loop
      vertex -0.05950887680053981 -0.01552175835594714 0.010176294951457294
      vertex -0.0594534912109402 -0.015732419290395382 0.010124260573405536
      vertex -0.05769108963012965 -0.014559099473806026 0.01015658178808144
    endloop
  endfacet
  facet normal 0.0 0.0 0.0
    outer loop
      vertex -0.05769108963012965 -0.014559099473806026 0.01015658178808144
      vertex -0.0594534912109402 -0.015732419290395382 0.010124260573405536
      vertex -0.05762743377685817 -0.01480892876610339 0.010100083260554584
    endloop
  endfacet
  facet normal 0.0 0.0 0.0
    outer loop
      vertex -0.0594534912109402 -0.015732419290395382 0.010124260573405536
      vertex -0.05939719009399684 -0.01594363812431872 0.010081345467585833
      vertex -0.05762743377685817 -0.01480892876610339 0.010100083260554584
    endloop
  endfacet
  facet normal 0.0 0.0 0.0
    outer loop
      vertex -0.05762743377685817 -0.01480892876610339 0.010100083260554584
      vertex -0.05939719009399684 -0.01594363812431872 0.010081345467585833
      vertex -0.05756261825561793 -0.015058984079213742 0.01005622425558022
    endloop
  endfacet
  facet normal 0.0 0.0 0.0
    outer loop
      vertex -0.05939719009399684 -0.01594363812431872 0.010081345467585833
      vertex -0.05934016799927028 -0.01615469864830554 0.010047520070094379
      vertex -0.05756261825561793 -0.015058984079213742 0.01005622425558022
    endloop
  endfacet
  facet normal 0.0 0.0 0.0
    outer loop
      vertex -0.05756261825561793 -0.015058984079213742 0.01005622425558022
      vertex -0.05934016799927028 -0.01615469864830554 0.010047520070094379
      vertex -0.05749694061279567 -0.01530808762535632 0.010024956374186786
    endloop
  endfacet
  facet normal 0.0 0.0 0.0
    outer loop
      vertex -0.05934016799927028 -0.01615469864830554 0.010047520070094379
      vertex -0.05928260803222926 -0.016364878930898313 0.010022754101771624
      vertex -0.05749694061279567 -0.01530808762535632 0.010024956374186786
    endloop
  endfacet
  facet normal 0.0 0.0 0.0
    outer loop
      vertex -0.05749694061279567 -0.01530808762535632 0.010024956374186786
      vertex -0.05928260803222926 -0.016364878930898313 0.010022754101771624
      vertex -0.05743069839477809 -0.01555505970940173 0.010006230978984149
    endloop
  endfacet
  facet normal 0.0 0.0 0.0
    outer loop
      vertex -0.05928260803222926 -0.016364878930898313 0.010022754101771624
      vertex -0.05922470092773707 -0.016573462762685422 0.010007017760295184
      vertex -0.05743069839477809 -0.01555505970940173 0.010006230978984149
    endloop
  endfacet
  facet normal 0.0 0.0 0.0
    outer loop
      vertex -0.05922470092773707 -0.016573462762685422 0.010007017760295184
      vertex -0.05918839645386012 -0.016702752389760617 0.010001753239650043
      vertex -0.05743069839477809 -0.01555505970940173 0.010006230978984149
    endloop
  endfacet
  facet normal 0.0 0.0 0.0
    outer loop
      vertex -0.05743069839477809 -0.01555505970940173 0.010006230978984149
      vertex -0.05918839645386012 -0.016702752389760617 0.010001753239650043
      vertex -0.05736418914795192 -0.01579872254356921 0.00999999990941933
    endloop
  endfacet
  facet normal 0.0 0.0 0.0
    outer loop
      vertex -0.05918839645386012 -0.016702752389760617 0.010001753239650043
      vertex -0.05915208053589137 -0.016830962457509643 0.00999999990941933
      vertex -0.05736418914795192 -0.01579872254356921 0.00999999990941933
    endloop
  endfacet
  facet normal 0.0 0.0 0.0
    outer loop
      vertex -0.0585302734375027 -0.010698458947988158 0.01699999990941933
      vertex -0.06036553955078395 -0.011758049287648802 0.01699999990941933
      vertex -0.0585302734375027 -0.010698458947988158 0.01500000002862862
    endloop
  endfacet
  facet normal 0.0 0.0 0.0
    outer loop
      vertex -0.06036553955078395 -0.011758049287648802 0.01699999990941933
      vertex -0.06036553955078395 -0.011758049287648802 0.01500000002862862
      vertex -0.0585302734375027 -0.010698458947988158 0.01500000002862862
    endloop
  endfacet
  facet normal 0.0 0.0 0.0
    outer loop
      vertex -0.0585302734375027 -0.010698458947988158 0.01699999990941933
      vertex -0.06086100387573512 -0.008842411317678099 0.01699999990941933
      vertex -0.06036553955078395 -0.011758049287648802 0.01699999990941933
    endloop
  endfacet
  facet normal 0.0 0.0 0.0
    outer loop
      vertex -0.058953880310061296 -0.008043022432180053 0.01699999990941933
      vertex -0.06121572875976832 -0.005906325616689331 0.01699999990941933
      vertex -0.06086100387573512 -0.008842411317678099 0.01699999990941933
    endloop
  endfacet
  facet normal 0.0 0.0 0.0
    outer loop
      vertex -0.058953880310061296 -0.008043022432180053 0.01699999990941933
      vertex -0.06086100387573512 -0.008842411317678099 0.01699999990941933
      vertex -0.0585302734375027 -0.010698458947988158 0.01699999990941933
    endloop
  endfacet
  facet normal 0.0 0.0 0.0
    outer loop
      vertex -0.05925707244873317 -0.005371158876271852 0.01699999990941933
      vertex -0.06121572875976832 -0.005906325616689331 0.01699999990941933
      vertex -0.058953880310061296 -0.008043022432180053 0.01699999990941933
    endloop
  endfacet
  facet normal 0.0 0.0 0.0
    outer loop
      vertex -0.061428890228274184 -0.0029565813921409926 0.01699999990941933
      vertex -0.06121572875976832 -0.005906325616689331 0.01699999990941933
      vertex -0.05925707244873317 -0.005371158876271852 0.01699999990941933
    endloop
  endfacet
  facet normal 0.0 0.0 0.0
    outer loop
      vertex -0.05943923568725856 -0.0026883247278648693 0.01699999990941933
      vertex -0.061428890228274184 -0.0029565813921409926 0.01699999990941933
      vertex -0.05925707244873317 -0.005371158876271852 0.01699999990941933
    endloop
  endfacet
  facet normal 0.0 0.0 0.0
    outer loop
      vertex -0.0615000000000027 -7.46854321612765e-13 0.01699999990941933
      vertex -0.061428890228274184 -0.0029565813921409926 0.01699999990941933
      vertex -0.05943923568725856 -0.0026883247278648693 0.01699999990941933
    endloop
  endfacet
  facet normal 0.0 0.0 0.0
    outer loop
      vertex -0.059500000000002704 -7.468545450057743e-13 0.01699999990941933
      vertex -0.0615000000000027 -7.46854321612765e-13 0.01699999990941933
      vertex -0.05943923568725856 -0.0026883247278648693 0.01699999990941933
    endloop
  endfacet
  facet normal 0.0 0.0 0.0
    outer loop
      vertex -0.05943923568725856 0.0026883248902839336 0.01699999990941933
      vertex -0.061428890228274184 0.0029565813161414774 0.01699999990941933
      vertex -0.0615000000000027 -7.46854321612765e-13 0.01699999990941933
    endloop
  endfacet
  facet normal 0.0 0.0 0.0
    outer loop
      vertex -0.05943923568725856 0.0026883248902839336 0.01699999990941933
      vertex -0.0615000000000027 -7.46854321612765e-13 0.01699999990941933
      vertex -0.059500000000002704 -7.468545450057743e-13 0.01699999990941933
    endloop
  endfacet
  facet normal 0.0 0.0 0.0
    outer loop
      vertex -0.05925707244873317 0.005371158800272336 0.01699999990941933
      vertex -0.06121572875976832 0.005906325540689817 0.01699999990941933
      vertex -0.061428890228274184 0.0029565813161414774 0.01699999990941933
    endloop
  endfacet
  facet normal 0.0 0.0 0.0
    outer loop
      vertex -0.05925707244873317 0.005371158800272336 0.01699999990941933
      vertex -0.061428890228274184 0.0029565813161414774 0.01699999990941933
      vertex -0.05943923568725856 0.0026883248902839336 0.01699999990941933
    endloop
  endfacet
  facet normal 0.0 0.0 0.0
    outer loop
      vertex -0.058953880310061296 0.00804302235618054 0.01699999990941933
      vertex -0.06086100387573512 0.008842411718515745 0.01699999990941933
      vertex -0.06121572875976832 0.005906325540689817 0.01699999990941933
    endloop
  endfacet
  facet normal 0.0 0.0 0.0
    outer loop
      vertex -0.058953880310061296 0.00804302235618054 0.01699999990941933
      vertex -0.06121572875976832 0.005906325540689817 0.01699999990941933
      vertex -0.05925707244873317 0.005371158800272336 0.01699999990941933
    endloop
  endfacet
  facet normal 0.0 0.0 0.0
    outer loop
      vertex -0.0585302734375027 0.010698458395151487 0.01699999990941933
      vertex -0.06036553955078395 0.011758049688486448 0.01699999990941933
      vertex -0.06086100387573512 0.008842411718515745 0.01699999990941933
    endloop
  endfacet
  facet normal 0.0 0.0 0.0
    outer loop
      vertex -0.0585302734375027 0.010698458395151487 0.01699999990941933
      vertex -0.06086100387573512 0.008842411718515745 0.01699999990941933
      vertex -0.058953880310061296 0.00804302235618054 0.01699999990941933
    endloop
  endfacet
  facet normal 0.0 0.0 0.0
    outer loop
      vertex -0.04415208053589137 0.04281172247901379 0.00999999990941933
      vertex -0.04425394058227809 0.03977233572974621 0.00999999990941933
      vertex -0.04236418914795192 0.04177948447242199 0.00999999990941933
    endloop
  endfacet
  facet normal 0.0 0.0 0.0
    outer loop
      vertex -0.04415208053589137 0.04281172247901379 0.00999999990941933
      vertex -0.04620729064941676 0.04058492728248059 0.00999999990941933
      vertex -0.04425394058227809 0.03977233572974621 0.00999999990941933
    endloop
  endfacet
  facet normal 0.0 0.0 0.0
    outer loop
      vertex -0.04620729064941676 0.04058492728248059 0.00999999990941933
      vertex -0.04604869079590115 0.037679810247568474 0.00999999990941933
      vertex -0.04425394058227809 0.03977233572974621 0.00999999990941933
    endloop
  endfacet
  facet normal 0.0 0.0 0.0
    outer loop
      vertex -0.04620729064941676 0.04058492728248059 0.00999999990941933
      vertex -0.04815031433105738 0.03825960227027356 0.00999999990941933
      vertex -0.04604869079590115 0.037679810247568474 0.00999999990941933
    endloop
  endfacet
  facet normal 0.0 0.0 0.0
    outer loop
      vertex -0.04815031433105738 0.03825960227027356 0.00999999990941933
      vertex -0.04774459075928005 0.03550639410987316 0.00999999990941933
      vertex -0.04604869079590115 0.037679810247568474 0.00999999990941933
    endloop
  endfacet
  facet normal 0.0 0.0 0.0
    outer loop
      vertex -0.04815031433105738 0.03825960227027356 0.00999999990941933
      vertex -0.04997644424438746 0.03584138937964856 0.00999999990941933
      vertex -0.04774459075928005 0.03550639410987316 0.00999999990941933
    endloop
  endfacet
  facet normal 0.0 0.0 0.0
    outer loop
      vertex -0.04997644424438746 0.03584138937964856 0.00999999990941933
      vertex -0.049337997436526136 0.033256760320810666 0.00999999990941933
      vertex -0.04774459075928005 0.03550639410987316 0.00999999990941933
    endloop
  endfacet
  facet normal 0.0 0.0 0.0
    outer loop
      vertex -0.049337997436526136 0.033256760320810666 0.00999999990941933
      vertex -0.05168123626709254 0.03333615942969738 0.00999999990941933
      vertex -0.05082548904419215 0.030935734472421986 0.00999999990941933
    endloop
  endfacet
  facet normal 0.0 0.0 0.0
    outer loop
      vertex -0.04997644424438746 0.03584138937964856 0.00999999990941933
      vertex -0.05168123626709254 0.03333615942969738 0.00999999990941933
      vertex -0.049337997436526136 0.033256760320810666 0.00999999990941933
    endloop
  endfacet
  facet normal 0.0 0.0 0.0
    outer loop
      vertex -0.05082548904419215 0.030935734472421986 0.00999999990941933
      vertex -0.053260562896731214 0.030750000677255973 0.00999999990941933
      vertex -0.05220387649536403 0.02854829855933605 0.00999999990941933
    endloop
  endfacet
  facet normal 0.0 0.0 0.0
    outer loop
      vertex -0.05168123626709254 0.03333615942969738 0.00999999990941933
      vertex -0.053260562896731214 0.030750000677255973 0.00999999990941933
      vertex -0.05082548904419215 0.030935734472421986 0.00999999990941933
    endloop
  endfacet
  facet normal 0.0 0.0 0.0
    outer loop
      vertex -0.05220387649536403 0.02854829855933605 0.00999999990941933
      vertex -0.054710582733156994 0.02808918448462902 0.00999999990941933
      vertex -0.05347019577026637 0.026099577627329215 0.00999999990941933
    endloop
  endfacet
  facet normal 0.0 0.0 0.0
    outer loop
      vertex -0.053260562896731214 0.030750000677255973 0.00999999990941933
      vertex -0.054710582733156994 0.02808918448462902 0.00999999990941933
      vertex -0.05220387649536403 0.02854829855933605 0.00999999990941933
    endloop
  endfacet
  facet normal 0.0 0.0 0.0
    outer loop
      vertex -0.05347019577026637 0.026099577627329215 0.00999999990941933
      vertex -0.05602777481079371 0.02536017485633312 0.00999999990941933
      vertex -0.054621734619143325 0.023594830236582147 0.00999999990941933
    endloop
  endfacet
  facet normal 0.0 0.0 0.0
    outer loop
      vertex -0.054710582733156994 0.02808918448462902 0.00999999990941933
      vertex -0.05602777481079371 0.02536017485633312 0.00999999990941933
      vertex -0.05347019577026637 0.026099577627329215 0.00999999990941933
    endloop
  endfacet
  facet normal 0.0 0.0 0.0
    outer loop
      vertex -0.054621734619143325 0.023594830236582147 0.00999999990941933
      vertex -0.05720894622803004 0.022569594106821404 0.00999999990941933
      vertex -0.055656017303469495 0.02103943129554211 0.00999999990941933
    endloop
  endfacet
  facet normal 0.0 0.0 0.0
    outer loop
      vertex -0.05602777481079371 0.02536017485633312 0.00999999990941933
      vertex -0.05720894622803004 0.022569594106821404 0.00999999990941933
      vertex -0.054621734619143325 0.023594830236582147 0.00999999990941933
    endloop
  endfacet
  facet normal 0.0 0.0 0.0
    outer loop
      vertex -0.055656017303469495 0.02103943129554211 0.00999999990941933
      vertex -0.05825122451782497 0.01972422095313488 0.00999999990941933
      vertex -0.05657082366943629 0.018438868246225704 0.00999999990941933
    endloop
  endfacet
  facet normal 0.0 0.0 0.0
    outer loop
      vertex -0.05720894622803004 0.022569594106821404 0.00999999990941933
      vertex -0.05825122451782497 0.01972422095313488 0.00999999990941933
      vertex -0.055656017303469495 0.02103943129554211 0.00999999990941933
    endloop
  endfacet
  facet normal 0.0 0.0 0.0
    outer loop
      vertex -0.05657082366943629 0.018438868246225704 0.00999999990941933
      vertex -0.05915208053589137 0.016830961904672967 0.00999999990941933
      vertex -0.05736418914795192 0.015798722944406856 0.00999999990941933
    endloop
  endfacet
  facet normal 0.0 0.0 0.0
    outer loop
      vertex -0.05825122451782497 0.01972422095313488 0.00999999990941933
      vertex -0.05915208053589137 0.016830961904672967 0.00999999990941933
      vertex -0.05657082366943629 0.018438868246225704 0.00999999990941933
    endloop
  endfacet
  facet normal 0.0 0.0 0.0
    outer loop
      vertex -0.05736418914795192 0.015798722944406856 0.00999999990941933
      vertex -0.05915208053589137 0.016830961904672967 0.00999999990941933
      vertex -0.05740302658081325 0.015656967840341915 0.010002121834773333
    endloop
  endfacet
  facet normal 0.0 0.0 0.0
    outer loop
      vertex -0.05740302658081325 0.015656967840341915 0.010002121834773333
      vertex -0.059220523834231216 0.01658838912024914 0.010006233124751362
      vertex -0.05744181442261012 0.015513917646555294 0.010008493571299824
    endloop
  endfacet
  facet normal 0.0 0.0 0.0
    outer loop
      vertex -0.05915208053589137 0.016830961904672967 0.00999999990941933
      vertex -0.059220523834231216 0.01658838912024914 0.010006233124751362
      vertex -0.05740302658081325 0.015656967840341915 0.010002121834773333
    endloop
  endfacet
  facet normal 0.0 0.0 0.0
    outer loop
      vertex -0.05749775314331325 0.015305035314707149 0.010025264410990985
      vertex -0.05928876495361598 0.01634252615943371 0.010024964718837055
      vertex -0.057553287506106214 0.015094641409067501 0.010050989775676044
    endloop
  endfacet
  facet normal 0.0 0.0 0.0
    outer loop
      vertex -0.05744181442261012 0.015513917646555294 0.010008493571299824
      vertex -0.05928876495361598 0.01634252615943371 0.010024964718837055
      vertex -0.05749775314331325 0.015305035314707149 0.010025264410990985
    endloop
  endfacet
  facet normal 0.0 0.0 0.0
    outer loop
      vertex -0.059220523834231216 0.01658838912024914 0.010006233124751362
      vertex -0.05928876495361598 0.01634252615943371 0.010024964718837055
      vertex -0.05744181442261012 0.015513917646555294 0.010008493571299824
    endloop
  endfacet
  facet normal 0.0 0.0 0.0
    outer loop
      vertex -0.057553287506106214 0.015094641409067501 0.010050989775676044
      vertex -0.059356494903567154 0.016094549856333126 0.010056244044322284
      vertex -0.05760823440552028 0.014883447370676388 0.01008569851400307
    endloop
  endfacet
  facet normal 0.0 0.0 0.0
    outer loop
      vertex -0.05928876495361598 0.01634252615943371 0.010024964718837055
      vertex -0.059356494903567154 0.016094549856333126 0.010056244044322284
      vertex -0.057553287506106214 0.015094641409067501 0.010050989775676044
    endloop
  endfacet
  facet normal 0.0 0.0 0.0
    outer loop
      vertex -0.05760823440552028 0.014883447370676388 0.01008569851400307
      vertex -0.05942340850830348 0.01584563895240246 0.010100119977015766
      vertex -0.057662418365481215 0.014672164640573849 0.010129419713038715
    endloop
  endfacet
  facet normal 0.0 0.0 0.0
    outer loop
      vertex -0.059356494903567154 0.016094549856333126 0.010056244044322284
      vertex -0.05942340850830348 0.01584563895240246 0.010100119977015766
      vertex -0.05760823440552028 0.014883447370676388 0.01008569851400307
    endloop
  endfacet
  facet normal 0.0 0.0 0.0
    outer loop
      vertex -0.05942340850830348 0.01584563895240246 0.010100119977015766
      vertex -0.05948918914795192 0.015596969328073848 0.010156641154307635
      vertex -0.057662418365481215 0.014672164640573849 0.010129419713038715
    endloop
  endfacet
  facet normal 0.0 0.0 0.0
    outer loop
      vertex -0.057662418365481215 0.014672164640573849 0.010129419713038715
      vertex -0.05948918914795192 0.015596969328073848 0.010156641154307635
      vertex -0.05771565628052028 0.014461503706125606 0.010182182936686785
    endloop
  endfacet
  facet normal 0.0 0.0 0.0
    outer loop
      vertex -0.05948918914795192 0.015596969328073848 0.010156641154307635
      vertex -0.05955353546142848 0.015349716863779415 0.010225856928843768
      vertex -0.05771565628052028 0.014461503706125606 0.010182182936686785
    endloop
  endfacet
  facet normal 0.0 0.0 0.0
    outer loop
      vertex -0.05771565628052028 0.014461503706125606 0.010182182936686785
      vertex -0.05955353546142848 0.015349716863779415 0.010225856928843768
      vertex -0.05776776885986598 0.014252176008371701 0.010244017033595355
    endloop
  endfacet
  facet normal 0.0 0.0 0.0
    outer loop
      vertex -0.05955353546142848 0.015349716863779415 0.010225856928843768
      vertex -0.059609962463381606 0.015129375181345333 0.010299045233744891
      vertex -0.05776776885986598 0.014252176008371701 0.010244017033595355
    endloop
  endfacet
  facet normal 0.0 0.0 0.0
    outer loop
      vertex -0.05776776885986598 0.014252176008371701 0.010244017033595355
      vertex -0.059609962463381606 0.015129375181345333 0.010299045233744891
      vertex -0.05781857681274684 0.014044892988352169 0.010314951567668231
    endloop
  endfacet
  facet normal 0.0 0.0 0.0
    outer loop
      vertex -0.059609962463381606 0.015129375181345333 0.010299045233744891
      vertex -0.059659351348879654 0.014933574400095333 0.010373769431132586
      vertex -0.05781857681274684 0.014044892988352169 0.010314951567668231
    endloop
  endfacet
  facet normal 0.0 0.0 0.0
    outer loop
      vertex -0.05781857681274684 0.014044892988352169 0.010314951567668231
      vertex -0.059659351348879654 0.014933574400095333 0.010373769431132586
      vertex -0.05786790466308864 0.013840365133432736 0.010395015149134906
    endloop
  endfacet
  facet normal 0.0 0.0 0.0
    outer loop
      vertex -0.059659351348879654 0.014933574400095333 0.010373769431132586
      vertex -0.059707271575930435 0.014740782461313594 0.0104568637895768
      vertex -0.05786790466308864 0.013840365133432736 0.010395015149134906
    endloop
  endfacet
  facet normal 0.0 0.0 0.0
    outer loop
      vertex -0.05786790466308864 0.013840365133432736 0.010395015149134906
      vertex -0.059707271575930435 0.014740782461313594 0.0104568637895768
      vertex -0.05791561508178981 0.013639266691355099 0.010484122424144062
    endloop
  endfacet
  facet normal 0.0 0.0 0.0
    outer loop
      vertex -0.059707271575930435 0.014740782461313594 0.0104568637895768
      vertex -0.059753658294680434 0.014551506719736446 0.01054800525190285
      vertex -0.05791561508178981 0.013639266691355099 0.010484122424144062
    endloop
  endfacet
  facet normal 0.0 0.0 0.0
    outer loop
      vertex -0.05791561508178981 0.013639266691355099 0.010484122424144062
      vertex -0.059753658294680434 0.014551506719736446 0.01054800525190285
      vertex -0.05796165466308864 0.013442146024851193 0.010581836133021626
    endloop
  endfacet
  facet normal 0.0 0.0 0.0
    outer loop
      vertex -0.059753658294680434 0.014551506719736446 0.01054800525190285
      vertex -0.0597984504699734 0.014366202078012813 0.010646747736949238
      vertex -0.05796165466308864 0.013442146024851193 0.010581836133021626
    endloop
  endfacet
  facet normal 0.0 0.0 0.0
    outer loop
      vertex -0.05796165466308864 0.013442146024851193 0.010581836133021626
      vertex -0.0597984504699734 0.014366202078012813 0.010646747736949238
      vertex -0.058005962371828874 0.013249523840097775 0.010687652258891376
    endloop
  endfacet
  facet normal 0.0 0.0 0.0
    outer loop
      vertex -0.0597984504699734 0.014366202078012813 0.010646747736949238
      vertex -0.05984159851074489 0.01418532629981457 0.010752644925135883
      vertex -0.058005962371828874 0.013249523840097775 0.010687652258891376
    endloop
  endfacet
  facet normal 0.0 0.0 0.0
    outer loop
      vertex -0.058005962371828874 0.013249523840097775 0.010687652258891376
      vertex -0.05984159851074489 0.01418532629981457 0.010752644925135883
      vertex -0.05804847717285426 0.01306191893592297 0.010801067023295672
    endloop
  endfacet
  facet normal 0.0 0.0 0.0
    outer loop
      vertex -0.05984159851074489 0.01418532629981457 0.010752644925135883
      vertex -0.05988303756714137 0.014009334287790646 0.010865249781626972
      vertex -0.05804847717285426 0.01306191893592297 0.010801067023295672
    endloop
  endfacet
  facet normal 0.0 0.0 0.0
    outer loop
      vertex -0.05804847717285426 0.01306191893592297 0.010801067023295672
      vertex -0.05988303756714137 0.014009334287790646 0.010865249781626972
      vertex -0.058089149475100355 0.012879852972177853 0.010921576409358294
    endloop
  endfacet
  facet normal 0.0 0.0 0.0
    outer loop
      vertex -0.05988303756714137 0.014009334287790646 0.010865249781626972
      vertex -0.05992271423340114 0.013838682851938594 0.010984116225261005
      vertex -0.058089149475100355 0.012879852972177853 0.010921576409358294
    endloop
  endfacet
  facet normal 0.0 0.0 0.0
    outer loop
      vertex -0.058089149475100355 0.012879852972177853 0.010921576409358294
      vertex -0.05992271423340114 0.013838682851938594 0.010984116225261005
      vertex -0.05812791061401637 0.012703844747690547 0.011048676400203022
    endloop
  endfacet
  facet normal 0.0 0.0 0.0
    outer loop
      vertex -0.05992271423340114 0.013838682851938594 0.010984116225261005
      vertex -0.05996056747436793 0.013673827848581661 0.011108797698039324
      vertex -0.05812791061401637 0.012703844747690547 0.011048676400203022
    endloop
  endfacet
  facet normal 0.0 0.0 0.0
    outer loop
      vertex -0.05812791061401637 0.012703844747690547 0.011048676400203022
      vertex -0.05996056747436793 0.013673827848581661 0.011108797698039324
      vertex -0.05816470718384059 0.012534414014963496 0.01118186345579079
    endloop
  endfacet
  facet normal 0.0 0.0 0.0
    outer loop
      vertex -0.05996056747436793 0.013673827848581661 0.011108797698039324
      vertex -0.05999654006958278 0.013515225134043086 0.011238847403544696
      vertex -0.05816470718384059 0.012534414014963496 0.01118186345579079
    endloop
  endfacet
  facet normal 0.0 0.0 0.0
    outer loop
      vertex -0.05816470718384059 0.012534414014963496 0.01118186345579079
      vertex -0.05999654006958278 0.013515225134043086 0.011238847403544696
      vertex -0.05819948196411403 0.012372081480173458 0.011320633320826801
    endloop
  endfacet
  facet normal 0.0 0.0 0.0
    outer loop
      vertex -0.05999654006958278 0.013515225134043086 0.011238847403544696
      vertex -0.06003057861328395 0.013363332471994747 0.01137381926061562
      vertex -0.05819948196411403 0.012372081480173458 0.011320633320826801
    endloop
  endfacet
  facet normal 0.0 0.0 0.0
    outer loop
      vertex -0.05819948196411403 0.012372081480173458 0.011320633320826801
      vertex -0.06003057861328395 0.013363332471994747 0.01137381926061562
      vertex -0.058232173919680434 0.012217366895822873 0.011464482336062702
    endloop
  endfacet
  facet normal 0.0 0.0 0.0
    outer loop
      vertex -0.06003057861328395 0.013363332471994747 0.01137381926061562
      vertex -0.060062629699709734 0.013218564710764278 0.011513307003993304
      vertex -0.058232173919680434 0.012217366895822873 0.011464482336062702
    endloop
  endfacet
  facet normal 0.0 0.0 0.0
    outer loop
      vertex -0.058232173919680434 0.012217366895822873 0.011464482336062702
      vertex -0.060062629699709734 0.013218564710764278 0.011513307003993304
      vertex -0.05826300811767848 0.012069431982187618 0.011614286570567402
    endloop
  endfacet
  facet normal 0.0 0.0 0.0
    outer loop
      vertex -0.05826300811767848 0.012069431982187618 0.011614286570567402
      vertex -0.06009318542480739 0.013078912458567012 0.011659384875315936
      vertex -0.05829252243042262 0.011925971708444944 0.011772484450358662
    endloop
  endfacet
  facet normal 0.0 0.0 0.0
    outer loop
      vertex -0.060062629699709734 0.013218564710764278 0.011513307003993304
      vertex -0.06009318542480739 0.013078912458567012 0.011659384875315936
      vertex -0.05826300811767848 0.012069431982187618 0.011614286570567402
    endloop
  endfacet
  facet normal 0.0 0.0 0.0
    outer loop
      vertex -0.05829252243042262 0.011925971708444944 0.011772484450358662
      vertex -0.06012248611450465 0.012943466863779415 0.011813093571681293
      vertex -0.05832065200805934 0.011787561140207639 0.011938653378505023
    endloop
  endfacet
  facet normal 0.0 0.0 0.0
    outer loop
      vertex -0.06009318542480739 0.013078912458567012 0.011659384875315936
      vertex -0.06012248611450465 0.012943466863779415 0.011813093571681293
      vertex -0.05829252243042262 0.011925971708444944 0.011772484450358662
    endloop
  endfacet
  facet normal 0.0 0.0 0.0
    outer loop
      vertex -0.05832065200805934 0.011787561140207639 0.011938653378505023
      vertex -0.06015045166015895 0.012812808714060177 0.01197397521020821
      vertex -0.058347301483157 0.011654871664194455 0.01211227276803902
    endloop
  endfacet
  facet normal 0.0 0.0 0.0
    outer loop
      vertex -0.06012248611450465 0.012943466863779415 0.011813093571681293
      vertex -0.06015045166015895 0.012812808714060177 0.01197397521020821
      vertex -0.05832065200805934 0.011787561140207639 0.011938653378505023
    endloop
  endfacet
  facet normal 0.0 0.0 0.0
    outer loop
      vertex -0.058347301483157 0.011654871664194455 0.01211227276803902
      vertex -0.06017699432373317 0.012687520704416621 0.01214157190801552
      vertex -0.05837239074707301 0.011528574667124144 0.012292821674365314
    endloop
  endfacet
  facet normal 0.0 0.0 0.0
    outer loop
      vertex -0.06015045166015895 0.012812808714060177 0.01197397521020821
      vertex -0.06017699432373317 0.012687520704416621 0.01214157190801552
      vertex -0.058347301483157 0.011654871664194455 0.01211227276803902
    endloop
  endfacet
  facet normal 0.0 0.0 0.0
    outer loop
      vertex -0.05837239074707301 0.011528574667124144 0.012292821674365314
      vertex -0.06020203399658473 0.012568186483530391 0.012315425901431355
      vertex -0.05839582061767848 0.011409343443064084 0.012479779629725726
    endloop
  endfacet
  facet normal 0.0 0.0 0.0
    outer loop
      vertex -0.06017699432373317 0.012687520704416621 0.01214157190801552
      vertex -0.06020203399658473 0.012568186483530391 0.012315425901431355
      vertex -0.05837239074707301 0.011528574667124144 0.012292821674365314
    endloop
  endfacet
  facet normal 0.0 0.0 0.0
    outer loop
      vertex -0.05839582061767848 0.011409343443064084 0.012479779629725726
      vertex -0.06022548294067653 0.012455389700083126 0.012495079545993121
      vertex -0.05841751098633083 0.011297847471384397 0.012672625629920276
    endloop
  endfacet
  facet normal 0.0 0.0 0.0
    outer loop
      vertex -0.06020203399658473 0.012568186483530391 0.012315425901431355
      vertex -0.06022548294067653 0.012455389700083126 0.012495079545993121
      vertex -0.05839582061767848 0.011409343443064084 0.012479779629725726
    endloop
  endfacet
  facet normal 0.0 0.0 0.0
    outer loop
      vertex -0.06022548294067653 0.012455389700083126 0.012495079545993121
      vertex -0.060247257232668716 0.012349711141733517 0.012680074899215014
      vertex -0.05841751098633083 0.011297847471384397 0.012672625629920276
    endloop
  endfacet
  facet normal 0.0 0.0 0.0
    outer loop
      vertex -0.05841751098633083 0.011297847471384397 0.012672625629920276
      vertex -0.06026727294922145 0.01225173541083752 0.012869954137820515
      vertex -0.058437370300295666 0.011194760046152464 0.01287083902837685
    endloop
  endfacet
  facet normal 0.0 0.0 0.0
    outer loop
      vertex -0.060247257232668716 0.012349711141733517 0.012680074899215014
      vertex -0.06026727294922145 0.01225173541083752 0.012869954137820515
      vertex -0.05841751098633083 0.011297847471384397 0.012672625629920276
    endloop
  endfacet
  facet normal 0.0 0.0 0.0
    outer loop
      vertex -0.058437370300295666 0.011194760046152464 0.01287083902837685
      vertex -0.06028544235229762 0.012162045202402463 0.01306425958754471
      vertex -0.058455310821535905 0.01110075350776135 0.013073899089116367
    endloop
  endfacet
  facet normal 0.0 0.0 0.0
    outer loop
      vertex -0.06026727294922145 0.01225173541083752 0.012869954137820515
      vertex -0.06028544235229762 0.012162045202402463 0.01306425958754471
      vertex -0.058437370300295666 0.011194760046152464 0.01287083902837685
    endloop
  endfacet
  facet normal 0.0 0.0 0.0
    outer loop
      vertex -0.058455310821535905 0.01110075350776135 0.013073899089116367
      vertex -0.060301708221438245 0.012081178388742795 0.013262512757200511
      vertex -0.05847127151489528 0.011016438207773557 0.01328125665964535
    endloop
  endfacet
  facet normal 0.0 0.0 0.0
    outer loop
      vertex -0.06028544235229762 0.012162045202402463 0.01306425958754471
      vertex -0.060301708221438245 0.012081178388742795 0.013262512757200511
      vertex -0.058455310821535905 0.01110075350776135 0.013073899089116367
    endloop
  endfacet
  facet normal 0.0 0.0 0.0
    outer loop
      vertex -0.05847127151489528 0.011016438207773557 0.01328125665964535
      vertex -0.06031608581543239 0.012009315214304317 0.013464075415152819
      vertex -0.05848527145386012 0.0109420010663551 0.013492174169737609
    endloop
  endfacet
  facet normal 0.0 0.0 0.0
    outer loop
      vertex -0.060301708221438245 0.012081178388742795 0.013262512757200511
      vertex -0.06031608581543239 0.012009315214304317 0.013464075415152819
      vertex -0.05847127151489528 0.011016438207773557 0.01328125665964535
    endloop
  endfacet
  facet normal 0.0 0.0 0.0
    outer loop
      vertex -0.06031608581543239 0.012009315214304317 0.013464075415152819
      vertex -0.06032859420776637 0.011946463308481566 0.013668235941547664
      vertex -0.05848527145386012 0.0109420010663551 0.013492174169737609
    endloop
  endfacet
  facet normal 0.0 0.0 0.0
    outer loop
      vertex -0.05848527145386012 0.0109420010663551 0.013492174169737609
      vertex -0.06032859420776637 0.011946463308481566 0.013668235941547664
      vertex -0.058497337341311295 0.010877453527597777 0.01370583891751221
    endloop
  endfacet
  facet normal 0.0 0.0 0.0
    outer loop
      vertex -0.06032859420776637 0.011946463308481566 0.013668235941547664
      vertex -0.060339244842531996 0.011892630300669066 0.013874282388705524
      vertex -0.058497337341311295 0.010877453527597777 0.01370583891751221
    endloop
  endfacet
  facet normal 0.0 0.0 0.0
    outer loop
      vertex -0.058497337341311295 0.010877453527597777 0.01370583891751221
      vertex -0.060339244842531996 0.011892630300669066 0.013874282388705524
      vertex -0.05850749206543239 0.010822806081919066 0.013921438037175448
    endloop
  endfacet
  facet normal 0.0 0.0 0.0
    outer loop
      vertex -0.060339244842531996 0.011892630300669066 0.013874282388705524
      vertex -0.06034806442261012 0.011847821912912717 0.014081502823848041
      vertex -0.05850749206543239 0.010822806081919066 0.013921438037175448
    endloop
  endfacet
  facet normal 0.0 0.0 0.0
    outer loop
      vertex -0.05850749206543239 0.010822806081919066 0.013921438037175448
      vertex -0.06034806442261012 0.011847821912912717 0.014081502823848041
      vertex -0.058515750885012464 0.010778070173410764 0.014138158707637103
    endloop
  endfacet
  facet normal 0.0 0.0 0.0
    outer loop
      vertex -0.06034806442261012 0.011847821912912717 0.014081502823848041
      vertex -0.06035506820678981 0.011812045774607054 0.014289185254592211
      vertex -0.058515750885012464 0.010778070173410764 0.014138158707637103
    endloop
  endfacet
  facet normal 0.0 0.0 0.0
    outer loop
      vertex -0.058515750885012464 0.010778070173410764 0.014138158707637103
      vertex -0.06035506820678981 0.011812045774607054 0.014289185254592211
      vertex -0.058522136688235124 0.010743256292490354 0.014355188100356372
    endloop
  endfacet
  facet normal 0.0 0.0 0.0
    outer loop
      vertex -0.06035506820678981 0.011812045774607054 0.014289185254592211
      vertex -0.06036027145386012 0.011785309515146605 0.014496617822665484
      vertex -0.058522136688235124 0.010743256292490354 0.014355188100356372
    endloop
  endfacet
  facet normal 0.0 0.0 0.0
    outer loop
      vertex -0.058522136688235124 0.010743256292490354 0.014355188100356372
      vertex -0.06036027145386012 0.011785309515146605 0.014496617822665484
      vertex -0.05852667236328395 0.010718375883249632 0.01457171335699013
    endloop
  endfacet
  facet normal 0.0 0.0 0.0
    outer loop
      vertex -0.06036027145386012 0.011785309515146605 0.014496617822665484
      vertex -0.06036369705200465 0.011767618856577268 0.014703088550586017
      vertex -0.05852667236328395 0.010718375883249632 0.01457171335699013
    endloop
  endfacet
  facet normal 0.0 0.0 0.0
    outer loop
      vertex -0.05852667236328395 0.010718375883249632 0.01457171335699013
      vertex -0.06036369705200465 0.011767618856577268 0.014703088550586017
      vertex -0.05852937698364528 0.010703439436106077 0.014786921529788288
    endloop
  endfacet
  facet normal 0.0 0.0 0.0
    outer loop
      vertex -0.05852937698364528 0.010703439436106077 0.014786921529788288
      vertex -0.06036507797241481 0.011760442457346311 0.014852122812289509
      vertex -0.0585302734375027 0.010698458395151487 0.01500000002862862
    endloop
  endfacet
  facet normal 0.0 0.0 0.0
    outer loop
      vertex -0.06036369705200465 0.011767618856577268 0.014703088550586017
      vertex -0.06036507797241481 0.011760442457346311 0.014852122812289509
      vertex -0.05852937698364528 0.010703439436106077 0.014786921529788288
    endloop
  endfacet
  facet normal 0.0 0.0 0.0
    outer loop
      vertex -0.06036507797241481 0.011760442457346311 0.014852122812289509
      vertex -0.06036553955078395 0.011758049688486448 0.01500000002862862
      vertex -0.0585302734375027 0.010698458395151487 0.01500000002862862
    endloop
  endfacet
  facet normal 0.0 0.0 0.0
    outer loop
      vertex -0.06036553955078395 0.011758049688486448 0.01500000002862862
      vertex -0.06036553955078395 0.011758049688486448 0.01699999990941933
      vertex -0.0585302734375027 0.010698458395151487 0.01500000002862862
    endloop
  endfacet
  facet normal 0.0 0.0 0.0
    outer loop
      vertex -0.0585302734375027 0.010698458395151487 0.01500000002862862
      vertex -0.06036553955078395 0.011758049688486448 0.01699999990941933
      vertex -0.0585302734375027 0.010698458395151487 0.01699999990941933
    endloop
  endfacet
  facet normal 0.0 0.0 0.0
    outer loop
      vertex -0.0385302734375027 0.04533947440162121 0.01500000002862862
      vertex -0.04036553955078395 0.04639906378760754 0.01500000002862862
      vertex -0.03853154754638942 0.0453383986569923 0.01487810757638863
    endloop
  endfacet
  facet normal 0.0 0.0 0.0
    outer loop
      vertex -0.03853154754638942 0.0453383986569923 0.01487810757638863
      vertex -0.04036936569214137 0.046395752630380975 0.014786463527697833
      vertex -0.03853535842895778 0.04533517523780285 0.014755400686282429
    endloop
  endfacet
  facet normal 0.0 0.0 0.0
    outer loop
      vertex -0.04036553955078395 0.04639906378760754 0.01500000002862862
      vertex -0.04036936569214137 0.046395752630380975 0.014786463527697833
      vertex -0.03853154754638942 0.0453383986569923 0.01487810757638863
    endloop
  endfacet
  facet normal 0.0 0.0 0.0
    outer loop
      vertex -0.03853535842895778 0.04533517523780285 0.014755400686282429
      vertex -0.04038083648681911 0.046385803899912224 0.014570773510951313
      vertex -0.038547397613528094 0.04532497473731457 0.014548878340739521
    endloop
  endfacet
  facet normal 0.0 0.0 0.0
    outer loop
      vertex -0.04036936569214137 0.046395752630380975 0.014786463527697833
      vertex -0.04038083648681911 0.046385803899912224 0.014570773510951313
      vertex -0.03853535842895778 0.04533517523780285 0.014755400686282429
    endloop
  endfacet
  facet normal 0.0 0.0 0.0
    outer loop
      vertex -0.038547397613528094 0.04532497473731457 0.014548878340739521
      vertex -0.040399932861330826 0.046369206152109495 0.014353747992533954
      vertex -0.03856650543213161 0.04530875082984387 0.014341224460620196
    endloop
  endfacet
  facet normal 0.0 0.0 0.0
    outer loop
      vertex -0.04038083648681911 0.046385803899912224 0.014570773510951313
      vertex -0.040399932861330826 0.046369206152109495 0.014353747992533954
      vertex -0.038547397613528094 0.04532497473731457 0.014548878340739521
    endloop
  endfacet
  facet normal 0.0 0.0 0.0
    outer loop
      vertex -0.038592670440676526 0.04528648444190441 0.014133155374545368
      vertex -0.0404266357421902 0.04634594794288097 0.014136205463427814
      vertex -0.038625869750979265 0.04525816794410168 0.013925387202519688
    endloop
  endfacet
  facet normal 0.0 0.0 0.0
    outer loop
      vertex -0.03856650543213161 0.04530875082984387 0.014341224460620196
      vertex -0.0404266357421902 0.04634594794288097 0.014136205463427814
      vertex -0.038592670440676526 0.04528648444190441 0.014133155374545368
    endloop
  endfacet
  facet normal 0.0 0.0 0.0
    outer loop
      vertex -0.040399932861330826 0.046369206152109495 0.014353747992533954
      vertex -0.0404266357421902 0.04634594794288097 0.014136205463427814
      vertex -0.03856650543213161 0.04530875082984387 0.014341224460620196
    endloop
  endfacet
  facet normal 0.0 0.0 0.0
    outer loop
      vertex -0.0404266357421902 0.04634594794288097 0.014136205463427814
      vertex -0.04046092987060817 0.04631601019874035 0.013918964056987079
      vertex -0.038625869750979265 0.04525816794410168 0.013925387202519688
    endloop
  endfacet
  facet normal 0.0 0.0 0.0
    outer loop
      vertex -0.038625869750979265 0.04525816794410168 0.013925387202519688
      vertex -0.04046092987060817 0.04631601019874035 0.013918964056987079
      vertex -0.03866608810425075 0.045223789892343866 0.013718636213559421
    endloop
  endfacet
  facet normal 0.0 0.0 0.0
    outer loop
      vertex -0.04046092987060817 0.04631601019874035 0.013918964056987079
      vertex -0.040502796173098404 0.04627938147559582 0.013702842055577548
      vertex -0.03866608810425075 0.045223789892343866 0.013718636213559421
    endloop
  endfacet
  facet normal 0.0 0.0 0.0
    outer loop
      vertex -0.03866608810425075 0.045223789892343866 0.013718636213559421
      vertex -0.040502796173098404 0.04627938147559582 0.013702842055577548
      vertex -0.038713310241701916 0.04518334265723645 0.013513618572372706
    endloop
  endfacet
  facet normal 0.0 0.0 0.0
    outer loop
      vertex -0.040502796173098404 0.04627938147559582 0.013702842055577548
      vertex -0.04055221939087184 0.04623604651465832 0.013488657719213279
      vertex -0.038713310241701916 0.04518334265723645 0.013513618572372706
    endloop
  endfacet
  facet normal 0.0 0.0 0.0
    outer loop
      vertex -0.038713310241701916 0.04518334265723645 0.013513618572372706
      vertex -0.04055221939087184 0.04623604651465832 0.013488657719213279
      vertex -0.03876751708984645 0.045136807165293086 0.013311050495821746
    endloop
  endfacet
  facet normal 0.0 0.0 0.0
    outer loop
      vertex -0.04055221939087184 0.04623604651465832 0.013488657719213279
      vertex -0.04060918045044215 0.04618599005713879 0.013277229293007167
      vertex -0.03876751708984645 0.045136807165293086 0.013311050495821746
    endloop
  endfacet
  facet normal 0.0 0.0 0.0
    outer loop
      vertex -0.03876751708984645 0.045136807165293086 0.013311050495821746
      vertex -0.04060918045044215 0.04618599005713879 0.013277229293007167
      vertex -0.038828689575198014 0.045084175787119256 0.013111648170966418
    endloop
  endfacet
  facet normal 0.0 0.0 0.0
    outer loop
      vertex -0.04060918045044215 0.04618599005713879 0.013277229293007167
      vertex -0.04067366409302028 0.04612920065894543 0.013069374828357013
      vertex -0.038828689575198014 0.045084175787119256 0.013111648170966418
    endloop
  endfacet
  facet normal 0.0 0.0 0.0
    outer loop
      vertex -0.038828689575198014 0.045084175787119256 0.013111648170966418
      vertex -0.04067366409302028 0.04612920065894543 0.013069374828357013
      vertex -0.03889672470093043 0.04502548285499035 0.012916088311690601
    endloop
  endfacet
  facet normal 0.0 0.0 0.0
    outer loop
      vertex -0.04067366409302028 0.04612920065894543 0.013069374828357013
      vertex -0.04074549102783473 0.04606575842872082 0.012865834503192218
      vertex -0.03889672470093043 0.04502548285499035 0.012916088311690601
    endloop
  endfacet
  facet normal 0.0 0.0 0.0
    outer loop
      vertex -0.03889672470093043 0.04502548285499035 0.012916088311690601
      vertex -0.04074549102783473 0.04606575842872082 0.012865834503192218
      vertex -0.03897121810913356 0.044961003027109495 0.012724875240344317
    endloop
  endfacet
  facet normal 0.0 0.0 0.0
    outer loop
      vertex -0.04074549102783473 0.04606575842872082 0.012865834503192218
      vertex -0.040824169158938245 0.045996025762705194 0.012667161433715136
      vertex -0.03897121810913356 0.044961003027109495 0.012724875240344317
    endloop
  endfacet
  facet normal 0.0 0.0 0.0
    outer loop
      vertex -0.03897121810913356 0.044961003027109495 0.012724875240344317
      vertex -0.040824169158938245 0.045996025762705194 0.012667161433715136
      vertex -0.03905169296264918 0.04489110251441418 0.01253846791269234
    endloop
  endfacet
  facet normal 0.0 0.0 0.0
    outer loop
      vertex -0.040824169158938245 0.045996025762705194 0.012667161433715136
      vertex -0.040909168243410905 0.045920422277597774 0.0124738817501252
      vertex -0.03905169296264918 0.04489110251441418 0.01253846791269234
    endloop
  endfacet
  facet normal 0.0 0.0 0.0
    outer loop
      vertex -0.03905169296264918 0.04489110251441418 0.01253846791269234
      vertex -0.040909168243410905 0.045920422277597774 0.0124738817501252
      vertex -0.03913768005371364 0.044816139898447384 0.012357325105685504
    endloop
  endfacet
  facet normal 0.0 0.0 0.0
    outer loop
      vertex -0.040909168243410905 0.045920422277597774 0.0124738817501252
      vertex -0.040999950408938245 0.04583937140479504 0.012286521701831135
      vertex -0.03913768005371364 0.044816139898447384 0.012357325105685504
    endloop
  endfacet
  facet normal 0.0 0.0 0.0
    outer loop
      vertex -0.03913768005371364 0.044816139898447384 0.012357325105685504
      vertex -0.040999950408938245 0.04583937140479504 0.012286521701831135
      vertex -0.039228698730471454 0.044736481390146604 0.012181905536670002
    endloop
  endfacet
  facet normal 0.0 0.0 0.0
    outer loop
      vertex -0.040999950408938245 0.04583937140479504 0.012286521701831135
      vertex -0.04109599304199489 0.045753288946298945 0.012105607299823077
      vertex -0.039228698730471454 0.044736481390146604 0.012181905536670002
    endloop
  endfacet
  facet normal 0.0 0.0 0.0
    outer loop
      vertex -0.039228698730471454 0.044736481390146604 0.012181905536670002
      vertex -0.04109599304199489 0.045753288946298945 0.012105607299823077
      vertex -0.03932427978515895 0.04465249320044933 0.01201266828061989
    endloop
  endfacet
  facet normal 0.0 0.0 0.0
    outer loop
      vertex -0.04109599304199489 0.045753288946298945 0.012105607299823077
      vertex -0.041196754455569105 0.04566259451880871 0.011931664853114398
      vertex -0.03932427978515895 0.04465249320044933 0.01201266828061989
    endloop
  endfacet
  facet normal 0.0 0.0 0.0
    outer loop
      vertex -0.03932427978515895 0.04465249320044933 0.01201266828061989
      vertex -0.041196754455569105 0.04566259451880871 0.011931664853114398
      vertex -0.0394239501953152 0.04456453772559582 0.011850072054881367
    endloop
  endfacet
  facet normal 0.0 0.0 0.0
    outer loop
      vertex -0.041196754455569105 0.04566259451880871 0.011931664853114398
      vertex -0.041301712036135516 0.04556770392432629 0.011765220432299885
      vertex -0.0394239501953152 0.04456453772559582 0.011850072054881367
    endloop
  endfacet
  facet normal 0.0 0.0 0.0
    outer loop
      vertex -0.0394239501953152 0.04456453772559582 0.011850072054881367
      vertex -0.041301712036135516 0.04556770392432629 0.011765220432299885
      vertex -0.03952723693847926 0.04447297736182629 0.011694575696009906
    endloop
  endfacet
  facet normal 0.0 0.0 0.0
    outer loop
      vertex -0.041301712036135516 0.04556770392432629 0.011765220432299885
      vertex -0.041410331726076915 0.045469044408945426 0.011606800227183613
      vertex -0.03952723693847926 0.04447297736182629 0.011694575696009906
    endloop
  endfacet
  facet normal 0.0 0.0 0.0
    outer loop
      vertex -0.03952723693847926 0.04447297736182629 0.011694575696009906
      vertex -0.041410331726076915 0.045469044408945426 0.011606800227183613
      vertex -0.03963366317749294 0.04437817832007824 0.011546638040560992
    endloop
  endfacet
  facet normal 0.0 0.0 0.0
    outer loop
      vertex -0.03963366317749294 0.04437817832007824 0.011546638040560992
      vertex -0.04152218246460231 0.045366932592539176 0.011456793098468096
      vertex -0.03974339294433864 0.04427993079200207 0.011405881791133197
    endloop
  endfacet
  facet normal 0.0 0.0 0.0
    outer loop
      vertex -0.041410331726076915 0.045469044408945426 0.011606800227183613
      vertex -0.04152218246460231 0.045366932592539176 0.011456793098468096
      vertex -0.03963366317749294 0.04437817832007824 0.011546638040560992
    endloop
  endfacet
  facet normal 0.0 0.0 0.0
    outer loop
      vertex -0.03974339294433864 0.04427993079200207 0.011405881791133197
      vertex -0.04163905334472926 0.045259663305429805 0.01131266155721596
      vertex -0.039858261108401134 0.044176533422617306 0.011269780306834492
    endloop
  endfacet
  facet normal 0.0 0.0 0.0
    outer loop
      vertex -0.04152218246460231 0.045366932592539176 0.011456793098468096
      vertex -0.04163905334472926 0.045259663305429805 0.01131266155721596
      vertex -0.03974339294433864 0.04427993079200207 0.011405881791133197
    endloop
  endfacet
  facet normal 0.0 0.0 0.0
    outer loop
      vertex -0.04163905334472926 0.045259663305429805 0.01131266155721596
      vertex -0.041761459350588635 0.04514671011939465 0.0111736606645768
      vertex -0.039858261108401134 0.044176533422617306 0.011269780306834492
    endloop
  endfacet
  facet normal 0.0 0.0 0.0
    outer loop
      vertex -0.039858261108401134 0.044176533422617306 0.011269780306834492
      vertex -0.041761459350588635 0.04514671011939465 0.0111736606645768
      vertex -0.03997809600830348 0.04406807776465832 0.011138514666575701
    endloop
  endfacet
  facet normal 0.0 0.0 0.0
    outer loop
      vertex -0.03997809600830348 0.04406807776465832 0.011138514666575701
      vertex -0.04188897705078395 0.045028382024912224 0.011040303139704975
      vertex -0.04010252380371364 0.04395484610572277 0.011012528805751117
    endloop
  endfacet
  facet normal 0.0 0.0 0.0
    outer loop
      vertex -0.041761459350588635 0.04514671011939465 0.0111736606645768
      vertex -0.04188897705078395 0.045028382024912224 0.011040303139704975
      vertex -0.03997809600830348 0.04406807776465832 0.011138514666575701
    endloop
  endfacet
  facet normal 0.0 0.0 0.0
    outer loop
      vertex -0.04010252380371364 0.04395484610572277 0.011012528805751117
      vertex -0.04202118682861598 0.044905007085947385 0.010913102536219866
      vertex -0.04023118209839137 0.043837105474619255 0.010892266659755023
    endloop
  endfacet
  facet normal 0.0 0.0 0.0
    outer loop
      vertex -0.04188897705078395 0.045028382024912224 0.011040303139704975
      vertex -0.04202118682861598 0.044905007085947385 0.010913102536219866
      vertex -0.04010252380371364 0.04395484610572277 0.011012528805751117
    endloop
  endfacet
  facet normal 0.0 0.0 0.0
    outer loop
      vertex -0.04023118209839137 0.043837105474619255 0.010892266659755023
      vertex -0.042157669067385516 0.0447768981076759 0.010792571930903706
      vertex -0.04036368942261012 0.043715126714853635 0.010778172163981707
    endloop
  endfacet
  facet normal 0.0 0.0 0.0
    outer loop
      vertex -0.04202118682861598 0.044905007085947385 0.010913102536219866
      vertex -0.042157669067385516 0.0447768981076759 0.010792571930903706
      vertex -0.04023118209839137 0.043837105474619255 0.010892266659755023
    endloop
  endfacet
  facet normal 0.0 0.0 0.0
    outer loop
      vertex -0.04036368942261012 0.043715126714853635 0.010778172163981707
      vertex -0.04229800033569606 0.04464438315406262 0.010679224400538714
      vertex -0.040499679565432385 0.04358919211402355 0.010670689253825458
    endloop
  endfacet
  facet normal 0.0 0.0 0.0
    outer loop
      vertex -0.042157669067385516 0.0447768981076759 0.010792571930903706
      vertex -0.04229800033569606 0.04464438315406262 0.010679224400538714
      vertex -0.04036368942261012 0.043715126714853635 0.010778172163981707
    endloop
  endfacet
  facet normal 0.0 0.0 0.0
    outer loop
      vertex -0.0406387825012234 0.043459572515634884 0.010570262103099139
      vertex -0.042441761016848406 0.04450777121558605 0.010573573498744281
      vertex -0.04078062438965114 0.04332653876319348 0.010477334885615619
    endloop
  endfacet
  facet normal 0.0 0.0 0.0
    outer loop
      vertex -0.040499679565432385 0.04358919211402355 0.010670689253825458
      vertex -0.042441761016848406 0.04450777121558605 0.010573573498744281
      vertex -0.0406387825012234 0.043459572515634884 0.010570262103099139
    endloop
  endfacet
  facet normal 0.0 0.0 0.0
    outer loop
      vertex -0.04229800033569606 0.04464438315406262 0.010679224400538714
      vertex -0.042441761016848406 0.04450777121558605 0.010573573498744281
      vertex -0.040499679565432385 0.04358919211402355 0.010670689253825458
    endloop
  endfacet
  facet normal 0.0 0.0 0.0
    outer loop
      vertex -0.04078062438965114 0.04332653876319348 0.010477334885615619
      vertex -0.04258853149414332 0.04436739035621105 0.010476132063884052
      vertex -0.04092483520508083 0.04319036551490246 0.010392351059932026
    endloop
  endfacet
  facet normal 0.0 0.0 0.0
    outer loop
      vertex -0.042441761016848406 0.04450777121558605 0.010573573498744281
      vertex -0.04258853149414332 0.04436739035621105 0.010476132063884052
      vertex -0.04078062438965114 0.04332653876319348 0.010477334885615619
    endloop
  endfacet
  facet normal 0.0 0.0 0.0
    outer loop
      vertex -0.04092483520508083 0.04319036551490246 0.010392351059932026
      vertex -0.04273788833618434 0.04422355719581066 0.010387413172740253
      vertex -0.04108736801147731 0.043035736761240354 0.010307691006678851
    endloop
  endfacet
  facet normal 0.0 0.0 0.0
    outer loop
      vertex -0.04258853149414332 0.04436739035621105 0.010476132063884052
      vertex -0.04273788833618434 0.04422355719581066 0.010387413172740253
      vertex -0.04092483520508083 0.04319036551490246 0.010392351059932026
    endloop
  endfacet
  facet normal 0.0 0.0 0.0
    outer loop
      vertex -0.04273788833618434 0.04422355719581066 0.010387413172740253
      vertex -0.042889381408694104 0.04407660742774426 0.010307841448802264
      vertex -0.04108736801147731 0.043035736761240354 0.010307691006678851
    endloop
  endfacet
  facet normal 0.0 0.0 0.0
    outer loop
      vertex -0.04108736801147731 0.043035736761240354 0.010307691006678851
      vertex -0.04304248809814723 0.0439270217038673 0.010237478642482074
      vertex -0.041270050048830824 0.04286047431006847 0.010225768237132343
    endloop
  endfacet
  facet normal 0.0 0.0 0.0
    outer loop
      vertex -0.042889381408694104 0.04407660742774426 0.010307841448802264
      vertex -0.04304248809814723 0.0439270217038673 0.010237478642482074
      vertex -0.04108736801147731 0.043035736761240354 0.010307691006678851
    endloop
  endfacet
  facet normal 0.0 0.0 0.0
    outer loop
      vertex -0.04304248809814723 0.0439270217038673 0.010237478642482074
      vertex -0.04319667434692653 0.043775318823007926 0.010176294951457294
      vertex -0.041270050048830824 0.04286047431006847 0.010225768237132343
    endloop
  endfacet
  facet normal 0.0 0.0 0.0
    outer loop
      vertex -0.041270050048830824 0.04286047431006847 0.010225768237132343
      vertex -0.04319667434692653 0.043775318823007926 0.010176294951457294
      vertex -0.04145409393310817 0.04268239661231457 0.01015658178808144
    endloop
  endfacet
  facet normal 0.0 0.0 0.0
    outer loop
      vertex -0.04319667434692653 0.043775318823007926 0.010176294951457294
      vertex -0.04335141754150661 0.04362202521338879 0.010124260573405536
      vertex -0.04145409393310817 0.04268239661231457 0.01015658178808144
    endloop
  endfacet
  facet normal 0.0 0.0 0.0
    outer loop
      vertex -0.04145409393310817 0.04268239661231457 0.01015658178808144
      vertex -0.04335141754150661 0.04362202521338879 0.010124260573405536
      vertex -0.041638626098635514 0.042502358160166134 0.010100083260554584
    endloop
  endfacet
  facet normal 0.0 0.0 0.0
    outer loop
      vertex -0.04335141754150661 0.04362202521338879 0.010124260573405536
      vertex -0.04350619125366481 0.04346765585914074 0.010081345467585833
      vertex -0.041638626098635514 0.042502358160166134 0.010100083260554584
    endloop
  endfacet
  facet normal 0.0 0.0 0.0
    outer loop
      vertex -0.041638626098635514 0.042502358160166134 0.010100083260554584
      vertex -0.04350619125366481 0.04346765585914074 0.010081345467585833
      vertex -0.04182277297973903 0.042321198187021604 0.01005622425558022
    endloop
  endfacet
  facet normal 0.0 0.0 0.0
    outer loop
      vertex -0.04350619125366481 0.04346765585914074 0.010081345467585833
      vertex -0.04366046142578395 0.04331274481788098 0.010047520070094379
      vertex -0.04182277297973903 0.042321198187021604 0.01005622425558022
    endloop
  endfacet
  facet normal 0.0 0.0 0.0
    outer loop
      vertex -0.04182277297973903 0.042321198187021604 0.01005622425558022
      vertex -0.04366046142578395 0.04331274481788098 0.010047520070094379
      vertex -0.04200566482544215 0.04213976737037121 0.010024956374186786
    endloop
  endfacet
  facet normal 0.0 0.0 0.0
    outer loop
      vertex -0.04366046142578395 0.04331274481788098 0.010047520070094379
      vertex -0.04381370544433864 0.04315780325904309 0.010022754101771624
      vertex -0.04200566482544215 0.04213976737037121 0.010024956374186786
    endloop
  endfacet
  facet normal 0.0 0.0 0.0
    outer loop
      vertex -0.04200566482544215 0.04213976737037121 0.010024956374186786
      vertex -0.04381370544433864 0.04315780325904309 0.010022754101771624
      vertex -0.04218642807007106 0.04195891638770519 0.010006230978984149
    endloop
  endfacet
  facet normal 0.0 0.0 0.0
    outer loop
      vertex -0.04381370544433864 0.04315780325904309 0.010022754101771624
      vertex -0.04396538925171169 0.04300336142554699 0.010007017760295184
      vertex -0.04218642807007106 0.04195891638770519 0.010006230978984149
    endloop
  endfacet
  facet normal 0.0 0.0 0.0
    outer loop
      vertex -0.04396538925171169 0.04300336142554699 0.010007017760295184
      vertex -0.044059207916262465 0.042907280645517694 0.010001753239650043
      vertex -0.04218642807007106 0.04195891638770519 0.010006230978984149
    endloop
  endfacet
  facet normal 0.0 0.0 0.0
    outer loop
      vertex -0.04218642807007106 0.04195891638770519 0.010006230978984149
      vertex -0.044059207916262465 0.042907280645517694 0.010001753239650043
      vertex -0.04236418914795192 0.04177948447242199 0.00999999990941933
    endloop
  endfacet
  facet normal 0.0 0.0 0.0
    outer loop
      vertex -0.044059207916262465 0.042907280645517694 0.010001753239650043
      vertex -0.04415208053589137 0.04281172247901379 0.00999999990941933
      vertex -0.04236418914795192 0.04177948447242199 0.00999999990941933
    endloop
  endfacet
  facet normal 0.0 0.0 0.0
    outer loop
      vertex -0.04036553955078395 0.04639906378760754 0.01699999990941933
      vertex -0.04036553955078395 0.04639906378760754 0.01500000002862862
      vertex -0.0385302734375027 0.04533947440162121 0.01699999990941933
    endloop
  endfacet
  facet normal 0.0 0.0 0.0
    outer loop
      vertex -0.0385302734375027 0.04533947440162121 0.01699999990941933
      vertex -0.04036553955078395 0.04639906378760754 0.01500000002862862
      vertex -0.0385302734375027 0.04533947440162121 0.01500000002862862
    endloop
  endfacet
  facet normal 0.0 0.0 0.0
    outer loop
      vertex -0.038088253021242933 0.048285969457773546 0.01699999990941933
      vertex -0.04036553955078395 0.04639906378760754 0.01699999990941933
      vertex -0.0385302734375027 0.04533947440162121 0.01699999990941933
    endloop
  endfacet
  facet normal 0.0 0.0 0.0
    outer loop
      vertex -0.03644240188598903 0.04703404685035168 0.01699999990941933
      vertex -0.038088253021242933 0.048285969457773546 0.01699999990941933
      vertex -0.0385302734375027 0.04533947440162121 0.01699999990941933
    endloop
  endfacet
  facet normal 0.0 0.0 0.0
    outer loop
      vertex -0.035722892761233166 0.05006121130958019 0.01699999990941933
      vertex -0.038088253021242933 0.048285969457773546 0.01699999990941933
      vertex -0.03644240188598903 0.04703404685035168 0.01699999990941933
    endloop
  endfacet
  facet normal 0.0 0.0 0.0
    outer loop
      vertex -0.03428009796142848 0.04863254996314464 0.01699999990941933
      vertex -0.035722892761233166 0.05006121130958019 0.01699999990941933
      vertex -0.03644240188598903 0.04703404685035168 0.01699999990941933
    endloop
  endfacet
  facet normal 0.0 0.0 0.0
    outer loop
      vertex -0.03327492141723903 0.051720688543466904 0.01699999990941933
      vertex -0.03428009796142848 0.04863254996314464 0.01699999990941933
      vertex -0.032047775268557385 0.05013172598853526 0.01699999990941933
    endloop
  endfacet
  facet normal 0.0 0.0 0.0
    outer loop
      vertex -0.03327492141723903 0.051720688543466904 0.01699999990941933
      vertex -0.035722892761233166 0.05006121130958019 0.01699999990941933
      vertex -0.03428009796142848 0.04863254996314464 0.01699999990941933
    endloop
  endfacet
  facet normal 0.0 0.0 0.0
    outer loop
      vertex -0.030750000000002702 0.053260563573984475 0.01699999990941933
      vertex -0.032047775268557385 0.05013172598853526 0.01699999990941933
      vertex -0.029750000000002705 0.051528511724619246 0.01699999990941933
    endloop
  endfacet
  facet normal 0.0 0.0 0.0
    outer loop
      vertex -0.030750000000002702 0.053260563573984475 0.01699999990941933
      vertex -0.03327492141723903 0.051720688543466904 0.01699999990941933
      vertex -0.032047775268557385 0.05013172598853526 0.01699999990941933
    endloop
  endfacet
  facet normal 0.0 0.0 0.0
    outer loop
      vertex -0.027391460418703877 0.052820049963144634 0.01699999990941933
      vertex -0.030750000000002702 0.053260563573984475 0.01699999990941933
      vertex -0.029750000000002705 0.051528511724619246 0.01699999990941933
    endloop
  endfacet
  facet normal 0.0 0.0 0.0
    outer loop
      vertex -0.028153970718386493 0.05467726965918956 0.01699999990941933
      vertex -0.030750000000002702 0.053260563573984475 0.01699999990941933
      vertex -0.027391460418703877 0.052820049963144634 0.01699999990941933
    endloop
  endfacet
  facet normal 0.0 0.0 0.0
    outer loop
      vertex -0.024976976394656025 0.054003708562998146 0.01699999990941933
      vertex -0.028153970718386493 0.05467726965918956 0.01699999990941933
      vertex -0.027391460418703877 0.052820049963144634 0.01699999990941933
    endloop
  endfacet
  facet normal 0.0 0.0 0.0
    outer loop
      vertex -0.02549283599853786 0.05596753760352549 0.01699999990941933
      vertex -0.028153970718386493 0.05467726965918956 0.01699999990941933
      vertex -0.024976976394656025 0.054003708562998146 0.01699999990941933
    endloop
  endfacet
  facet normal 0.0 0.0 0.0
    outer loop
      vertex -0.02251147651672634 0.05507706900611338 0.01699999990941933
      vertex -0.02549283599853786 0.05596753760352549 0.01699999990941933
      vertex -0.024976976394656025 0.054003708562998146 0.01699999990941933
    endloop
  endfacet
  facet normal 0.0 0.0 0.0
    outer loop
      vertex -0.022772748947146263 0.05712838049903331 0.01699999990941933
      vertex -0.02549283599853786 0.05596753760352549 0.01699999990941933
      vertex -0.02251147651672634 0.05507706900611338 0.01699999990941933
    endloop
  endfacet
  facet normal 0.0 0.0 0.0
    outer loop
      vertex -0.020000000000002707 0.056037934026865334 0.01699999990941933
      vertex -0.022772748947146263 0.05712838049903331 0.01699999990941933
      vertex -0.02251147651672634 0.05507706900611338 0.01699999990941933
    endloop
  endfacet
  facet normal 0.0 0.0 0.0
    outer loop
      vertex -0.020000000000002703 0.05815711661353526 0.01699999990941933
      vertex -0.022772748947146263 0.05712838049903331 0.01699999990941933
      vertex -0.020000000000002707 0.056037934026865334 0.01699999990941933
    endloop
  endfacet
  facet normal 0.0 0.0 0.0
    outer loop
      vertex 0.014999999999997288 0.059642685613779396 0.00999999990941933
      vertex 0.01231688308715549 0.058211205206064556 0.00999999990941933
      vertex 0.014999999999997288 0.05757820578589854 0.00999999990941933
    endloop
  endfacet
  facet normal 0.0 0.0 0.0
    outer loop
      vertex 0.014999999999997288 0.059642685613779396 0.00999999990941933
      vertex 0.012043934822079806 0.060309151373056744 0.00999999990941933
      vertex 0.01231688308715549 0.058211205206064556 0.00999999990941933
    endloop
  endfacet
  facet normal 0.0 0.0 0.0
    outer loop
      vertex 0.012043934822079806 0.060309151373056744 0.00999999990941933
      vertex 0.009607326507565649 0.05871924277320323 0.00999999990941933
      vertex 0.01231688308715549 0.058211205206064556 0.00999999990941933
    endloop
  endfacet
  facet normal 0.0 0.0 0.0
    outer loop
      vertex 0.012043934822079806 0.060309151373056744 0.00999999990941933
      vertex 0.009058629989621312 0.0608291976071876 0.00999999990941933
      vertex 0.009607326507565649 0.05871924277320323 0.00999999990941933
    endloop
  endfacet
  facet normal 0.0 0.0 0.0
    outer loop
      vertex 0.009058629989621312 0.0608291976071876 0.00999999990941933
      vertex 0.006877145290372045 0.05910122748389659 0.00999999990941933
      vertex 0.009607326507565649 0.05871924277320323 0.00999999990941933
    endloop
  endfacet
  facet normal 0.0 0.0 0.0
    outer loop
      vertex 0.009058629989621312 0.0608291976071876 0.00999999990941933
      vertex 0.0060513324737521725 0.06120156165137706 0.00999999990941933
      vertex 0.006877145290372045 0.05910122748389659 0.00999999990941933
    endloop
  endfacet
  facet normal 0.0 0.0 0.0
    outer loop
      vertex 0.0060513324737521725 0.06120156165137706 0.00999999990941933
      vertex 0.004132201194760474 0.05935633917823253 0.00999999990941933
      vertex 0.006877145290372045 0.05910122748389659 0.00999999990941933
    endloop
  endfacet
  facet normal 0.0 0.0 0.0
    outer loop
      vertex 0.004132201194760474 0.05935633917823253 0.00999999990941933
      vertex 0.0030293433666202154 0.06142534705176768 0.00999999990941933
      vertex 0.0013783867359134288 0.05948403235450205 0.00999999990941933
    endloop
  endfacet
  facet normal 0.0 0.0 0.0
    outer loop
      vertex 0.0060513324737521725 0.06120156165137706 0.00999999990941933
      vertex 0.0030293433666202154 0.06142534705176768 0.00999999990941933
      vertex 0.004132201194760474 0.05935633917823253 0.00999999990941933
    endloop
  endfacet
  facet normal 0.0 0.0 0.0
    outer loop
      vertex 0.0013783867359134288 0.05948403235450205 0.00999999990941933
      vertex -1.9225879735866513e-17 0.06150000067725596 0.00999999990941933
      vertex -0.0013783867359188462 0.05948403235450205 0.00999999990941933
    endloop
  endfacet
  facet normal 0.0 0.0 0.0
    outer loop
      vertex 0.0030293433666202154 0.06142534705176768 0.00999999990941933
      vertex -1.9225879735866513e-17 0.06150000067725596 0.00999999990941933
      vertex 0.0013783867359134288 0.05948403235450205 0.00999999990941933
    endloop
  endfacet
  facet normal 0.0 0.0 0.0
    outer loop
      vertex -0.0013783867359188462 0.05948403235450205 0.00999999990941933
      vertex -0.0030293433666256325 0.06142534705176768 0.00999999990941933
      vertex -0.004132201194765892 0.05935633917823253 0.00999999990941933
    endloop
  endfacet
  facet normal 0.0 0.0 0.0
    outer loop
      vertex -1.9225879735866513e-17 0.06150000067725596 0.00999999990941933
      vertex -0.0030293433666256325 0.06142534705176768 0.00999999990941933
      vertex -0.0013783867359188462 0.05948403235450205 0.00999999990941933
    endloop
  endfacet
  facet normal 0.0 0.0 0.0
    outer loop
      vertex -0.004132201194765892 0.05935633917823253 0.00999999990941933
      vertex -0.00605133247375759 0.06120156165137706 0.00999999990941933
      vertex -0.006877145290377463 0.05910122748389659 0.00999999990941933
    endloop
  endfacet
  facet normal 0.0 0.0 0.0
    outer loop
      vertex -0.0030293433666256325 0.06142534705176768 0.00999999990941933
      vertex -0.00605133247375759 0.06120156165137706 0.00999999990941933
      vertex -0.004132201194765892 0.05935633917823253 0.00999999990941933
    endloop
  endfacet
  facet normal 0.0 0.0 0.0
    outer loop
      vertex -0.006877145290377463 0.05910122748389659 0.00999999990941933
      vertex -0.00905862998962673 0.0608291976071876 0.00999999990941933
      vertex -0.009607326507571066 0.05871924277320323 0.00999999990941933
    endloop
  endfacet
  facet normal 0.0 0.0 0.0
    outer loop
      vertex -0.00605133247375759 0.06120156165137706 0.00999999990941933
      vertex -0.00905862998962673 0.0608291976071876 0.00999999990941933
      vertex -0.006877145290377463 0.05910122748389659 0.00999999990941933
    endloop
  endfacet
  facet normal 0.0 0.0 0.0
    outer loop
      vertex -0.009607326507571066 0.05871924277320323 0.00999999990941933
      vertex -0.012043934822085225 0.060309151373056744 0.00999999990941933
      vertex -0.012316883087160908 0.058211205206064556 0.00999999990941933
    endloop
  endfacet
  facet normal 0.0 0.0 0.0
    outer loop
      vertex -0.00905862998962673 0.0608291976071876 0.00999999990941933
      vertex -0.012043934822085225 0.060309151373056744 0.00999999990941933
      vertex -0.009607326507571066 0.05871924277320323 0.00999999990941933
    endloop
  endfacet
  facet normal 0.0 0.0 0.0
    outer loop
      vertex -0.012316883087160908 0.058211205206064556 0.00999999990941933
      vertex -0.015000000000002706 0.059642685613779396 0.00999999990941933
      vertex -0.015000000000002706 0.05757820578589854 0.00999999990941933
    endloop
  endfacet
  facet normal 0.0 0.0 0.0
    outer loop
      vertex -0.012043934822085225 0.060309151373056744 0.00999999990941933
      vertex -0.015000000000002706 0.059642685613779396 0.00999999990941933
      vertex -0.012316883087160908 0.058211205206064556 0.00999999990941933
    endloop
  endfacet
  facet normal 0.0 0.0 0.0
    outer loop
      vertex -0.015000000000002706 0.059642685613779396 0.00999999990941933
      vertex -0.015129190444948995 0.05961003180518565 0.010001753239650043
      vertex -0.015000000000002706 0.05757820578589854 0.00999999990941933
    endloop
  endfacet
  facet normal 0.0 0.0 0.0
    outer loop
      vertex -0.015000000000002706 0.05757820578589854 0.00999999990941933
      vertex -0.015129190444948995 0.05961003180518565 0.010001753239650043
      vertex -0.015244272232058369 0.05751397391333995 0.010006230978984149
    endloop
  endfacet
  facet normal 0.0 0.0 0.0
    outer loop
      vertex -0.015129190444948995 0.05961003180518565 0.010001753239650043
      vertex -0.015259309768679463 0.05957682486548838 0.010007017760295184
      vertex -0.015244272232058369 0.05751397391333995 0.010006230978984149
    endloop
  endfacet
  facet normal 0.0 0.0 0.0
    outer loop
      vertex -0.015244272232058369 0.05751397391333995 0.010006230978984149
      vertex -0.015468902587893331 0.05952268286719737 0.010022754101771624
      vertex -0.01549127864837917 0.057447857580332135 0.010024956374186786
    endloop
  endfacet
  facet normal 0.0 0.0 0.0
    outer loop
      vertex -0.015259309768679463 0.05957682486548838 0.010007017760295184
      vertex -0.015468902587893331 0.05952268286719737 0.010022754101771624
      vertex -0.015244272232058369 0.05751397391333995 0.010006230978984149
    endloop
  endfacet
  facet normal 0.0 0.0 0.0
    outer loop
      vertex -0.01549127864837917 0.057447857580332135 0.010024956374186786
      vertex -0.015679704666140402 0.059467442236093855 0.010047520070094379
      vertex -0.015739847183230245 0.05738018103614268 0.01005622425558022
    endloop
  endfacet
  facet normal 0.0 0.0 0.0
    outer loop
      vertex -0.015468902587893331 0.05952268286719737 0.010022754101771624
      vertex -0.015679704666140402 0.059467442236093855 0.010047520070094379
      vertex -0.01549127864837917 0.057447857580332135 0.010024956374186786
    endloop
  endfacet
  facet normal 0.0 0.0 0.0
    outer loop
      vertex -0.015739847183230245 0.05738018103614268 0.01005622425558022
      vertex -0.015890999794009052 0.05941129370704112 0.010081345467585833
      vertex -0.01598880863189968 0.057311287603525496 0.010100083260554584
    endloop
  endfacet
  facet normal 0.0 0.0 0.0
    outer loop
      vertex -0.015679704666140402 0.059467442236093855 0.010047520070094379
      vertex -0.015890999794009052 0.05941129370704112 0.010081345467585833
      vertex -0.015739847183230245 0.05738018103614268 0.01005622425558022
    endloop
  endfacet
  facet normal 0.0 0.0 0.0
    outer loop
      vertex -0.015890999794009052 0.05941129370704112 0.010081345467585833
      vertex -0.016102069854739033 0.05935444327369151 0.010124260573405536
      vertex -0.01598880863189968 0.057311287603525496 0.010100083260554584
    endloop
  endfacet
  facet normal 0.0 0.0 0.0
    outer loop
      vertex -0.01598880863189968 0.057311287603525496 0.010100083260554584
      vertex -0.016102069854739033 0.05935444327369151 0.010124260573405536
      vertex -0.01623699378967556 0.057241497717050886 0.01015658178808144
    endloop
  endfacet
  facet normal 0.0 0.0 0.0
    outer loop
      vertex -0.016102069854739033 0.05935444327369151 0.010124260573405536
      vertex -0.016312200546267353 0.059297077856211036 0.010176294951457294
      vertex -0.01623699378967556 0.057241497717050886 0.01015658178808144
    endloop
  endfacet
  facet normal 0.0 0.0 0.0
    outer loop
      vertex -0.01623699378967556 0.057241497717050886 0.01015658178808144
      vertex -0.016312200546267353 0.059297077856211036 0.010176294951457294
      vertex -0.016483234405520287 0.05717115088477549 0.010225768237132343
    endloop
  endfacet
  facet normal 0.0 0.0 0.0
    outer loop
      vertex -0.016312200546267353 0.059297077856211036 0.010176294951457294
      vertex -0.016520673751833758 0.059239395818857524 0.010237478642482074
      vertex -0.016483234405520287 0.05717115088477549 0.010225768237132343
    endloop
  endfacet
  facet normal 0.0 0.0 0.0
    outer loop
      vertex -0.016483234405520287 0.05717115088477549 0.010225768237132343
      vertex -0.016520673751833758 0.059239395818857524 0.010237478642482074
      vertex -0.016726356506350362 0.0571005713559669 0.010307691006678851
    endloop
  endfacet
  facet normal 0.0 0.0 0.0
    outer loop
      vertex -0.016520673751833758 0.059239395818857524 0.010237478642482074
      vertex -0.016726772308352313 0.05918159934058604 0.010307841448802264
      vertex -0.016726356506350362 0.0571005713559669 0.010307691006678851
    endloop
  endfacet
  facet normal 0.0 0.0 0.0
    outer loop
      vertex -0.016726772308352313 0.05918159934058604 0.010307841448802264
      vertex -0.016929777145388444 0.059123875341562604 0.010387413172740253
      vertex -0.016726356506350362 0.0571005713559669 0.010307691006678851
    endloop
  endfacet
  facet normal 0.0 0.0 0.0
    outer loop
      vertex -0.016726356506350362 0.0571005713559669 0.010307691006678851
      vertex -0.016929777145388444 0.059123875341562604 0.010387413172740253
      vertex -0.01694153594970974 0.05703713294043956 0.010392351059932026
    endloop
  endfacet
  facet normal 0.0 0.0 0.0
    outer loop
      vertex -0.016929777145388444 0.059123875341562604 0.010387413172740253
      vertex -0.017129020690920673 0.05906644507422862 0.010476132063884052
      vertex -0.01694153594970974 0.05703713294043956 0.010392351059932026
    endloop
  endfacet
  facet normal 0.0 0.0 0.0
    outer loop
      vertex -0.01694153594970974 0.05703713294043956 0.010392351059932026
      vertex -0.017129020690920673 0.05906644507422862 0.010476132063884052
      vertex -0.017131570816042746 0.05698032446875987 0.010477334885615619
    endloop
  endfacet
  facet normal 0.0 0.0 0.0
    outer loop
      vertex -0.017129020690920673 0.05906644507422862 0.010476132063884052
      vertex -0.017323980331423603 0.05900952979102549 0.010573573498744281
      vertex -0.017131570816042746 0.05698032446875987 0.010477334885615619
    endloop
  endfacet
  facet normal 0.0 0.0 0.0
    outer loop
      vertex -0.017131570816042746 0.05698032446875987 0.010477334885615619
      vertex -0.017323980331423603 0.05900952979102549 0.010573573498744281
      vertex -0.01731770324707302 0.05692400427833018 0.010570262103099139
    endloop
  endfacet
  facet normal 0.0 0.0 0.0
    outer loop
      vertex -0.01731770324707302 0.05692400427833018 0.010570262103099139
      vertex -0.017323980331423603 0.05900952979102549 0.010573573498744281
      vertex -0.017499509811404076 0.05686834784522471 0.010670689253825458
    endloop
  endfacet
  facet normal 0.0 0.0 0.0
    outer loop
      vertex -0.017323980331423603 0.05900952979102549 0.010573573498744281
      vertex -0.017514167785647235 0.05895333548560557 0.010679224400538714
      vertex -0.017499509811404076 0.05686834784522471 0.010670689253825458
    endloop
  endfacet
  facet normal 0.0 0.0 0.0
    outer loop
      vertex -0.017499509811404076 0.05686834784522471 0.010670689253825458
      vertex -0.017514167785647235 0.05895333548560557 0.010679224400538714
      vertex -0.017676567077639427 0.05681354590430674 0.010778172163981707
    endloop
  endfacet
  facet normal 0.0 0.0 0.0
    outer loop
      vertex -0.017514167785647235 0.05895333548560557 0.010679224400538714
      vertex -0.017699098587038838 0.05889806052222667 0.010792571930903706
      vertex -0.017676567077639427 0.05681354590430674 0.010778172163981707
    endloop
  endfacet
  facet normal 0.0 0.0 0.0
    outer loop
      vertex -0.017676567077639427 0.05681354590430674 0.010778172163981707
      vertex -0.017699098587038838 0.05889806052222667 0.010792571930903706
      vertex -0.017848455429079854 0.05675977774634776 0.010892266659755023
    endloop
  endfacet
  facet normal 0.0 0.0 0.0
    outer loop
      vertex -0.017699098587038838 0.05889806052222667 0.010792571930903706
      vertex -0.017878282546999774 0.05884391852393565 0.010913102536219866
      vertex -0.017848455429079854 0.05675977774634776 0.010892266659755023
    endloop
  endfacet
  facet normal 0.0 0.0 0.0
    outer loop
      vertex -0.017848455429079854 0.05675977774634776 0.010892266659755023
      vertex -0.017878282546999774 0.05884391852393565 0.010913102536219866
      vertex -0.018014749526980248 0.056707230291513776 0.011012528805751117
    endloop
  endfacet
  facet normal 0.0 0.0 0.0
    outer loop
      vertex -0.017878282546999774 0.05884391852393565 0.010913102536219866
      vertex -0.018051235198977313 0.05879110785499034 0.011040303139704975
      vertex -0.018014749526980248 0.056707230291513776 0.011012528805751117
    endloop
  endfacet
  facet normal 0.0 0.0 0.0
    outer loop
      vertex -0.018014749526980248 0.056707230291513776 0.011012528805751117
      vertex -0.018051235198977313 0.05879110785499034 0.011040303139704975
      vertex -0.018175027847292746 0.05665608664527354 0.011138514666575701
    endloop
  endfacet
  facet normal 0.0 0.0 0.0
    outer loop
      vertex -0.018051235198977313 0.05879110785499034 0.011040303139704975
      vertex -0.01821746635437282 0.058739838323740336 0.0111736606645768
      vertex -0.018175027847292746 0.05665608664527354 0.011138514666575701
    endloop
  endfacet
  facet normal 0.0 0.0 0.0
    outer loop
      vertex -0.018175027847292746 0.05665608664527354 0.011138514666575701
      vertex -0.01821746635437282 0.058739838323740336 0.0111736606645768
      vertex -0.018328868865969503 0.05660653372779307 0.011269780306834492
    endloop
  endfacet
  facet normal 0.0 0.0 0.0
    outer loop
      vertex -0.01821746635437282 0.058739838323740336 0.0111736606645768
      vertex -0.018376493453982196 0.05869030829444346 0.01131266155721596
      vertex -0.018328868865969503 0.05660653372779307 0.011269780306834492
    endloop
  endfacet
  facet normal 0.0 0.0 0.0
    outer loop
      vertex -0.018328868865969503 0.05660653372779307 0.011269780306834492
      vertex -0.018376493453982196 0.05869030829444346 0.01131266155721596
      vertex -0.018475849151614036 0.05655875082984385 0.011405881791133197
    endloop
  endfacet
  facet normal 0.0 0.0 0.0
    outer loop
      vertex -0.018376493453982196 0.05869030829444346 0.01131266155721596
      vertex -0.018527824401858174 0.05864272757544932 0.011456793098468096
      vertex -0.018475849151614036 0.05655875082984385 0.011405881791133197
    endloop
  endfacet
  facet normal 0.0 0.0 0.0
    outer loop
      vertex -0.018475849151614036 0.05655875082984385 0.011405881791133197
      vertex -0.018527824401858174 0.05864272757544932 0.011456793098468096
      vertex -0.01861579895019802 0.05651284857764659 0.011546638040560992
    endloop
  endfacet
  facet normal 0.0 0.0 0.0
    outer loop
      vertex -0.018527824401858174 0.05864272757544932 0.011456793098468096
      vertex -0.018672180175783953 0.058596920690683695 0.011606800227183613
      vertex -0.01861579895019802 0.05651284857764659 0.011546638040560992
    endloop
  endfacet
  facet normal 0.0 0.0 0.0
    outer loop
      vertex -0.01861579895019802 0.05651284857764659 0.011546638040560992
      vertex -0.018672180175783953 0.058596920690683695 0.011606800227183613
      vertex -0.018751110076907003 0.05646807929053721 0.011694575696009906
    endloop
  endfacet
  facet normal 0.0 0.0 0.0
    outer loop
      vertex -0.018751110076907003 0.05646807929053721 0.011694575696009906
      vertex -0.01881193351745876 0.058552185735849714 0.011765220432299885
      vertex -0.01888204765320095 0.0564244124509376 0.011850072054881367
    endloop
  endfacet
  facet normal 0.0 0.0 0.0
    outer loop
      vertex -0.018672180175783953 0.058596920690683695 0.011606800227183613
      vertex -0.01881193351745876 0.058552185735849714 0.011765220432299885
      vertex -0.018751110076907003 0.05646807929053721 0.011694575696009906
    endloop
  endfacet
  facet normal 0.0 0.0 0.0
    outer loop
      vertex -0.01888204765320095 0.0564244124509376 0.011850072054881367
      vertex -0.018946588516238056 0.058508732519296974 0.011931664853114398
      vertex -0.019008054733279073 0.05638207312598643 0.01201266828061989
    endloop
  endfacet
  facet normal 0.0 0.0 0.0
    outer loop
      vertex -0.01881193351745876 0.058552185735849714 0.011765220432299885
      vertex -0.018946588516238056 0.058508732519296974 0.011931664853114398
      vertex -0.01888204765320095 0.0564244124509376 0.011850072054881367
    endloop
  endfacet
  facet normal 0.0 0.0 0.0
    outer loop
      vertex -0.019008054733279073 0.05638207312598643 0.01201266828061989
      vertex -0.019075515747073016 0.05846681662574229 0.012105607299823077
      vertex -0.01912858200073513 0.056341290197519635 0.012181905536670002
    endloop
  endfacet
  facet normal 0.0 0.0 0.0
    outer loop
      vertex -0.018946588516238056 0.058508732519296974 0.011931664853114398
      vertex -0.019075515747073016 0.05846681662574229 0.012105607299823077
      vertex -0.019008054733279073 0.05638207312598643 0.01201266828061989
    endloop
  endfacet
  facet normal 0.0 0.0 0.0
    outer loop
      vertex -0.01912858200073513 0.056341290197519635 0.012181905536670002
      vertex -0.019198085784914814 0.05842668601050791 0.012286521701831135
      vertex -0.019243076324465598 0.05630229254737315 0.012357325105685504
    endloop
  endfacet
  facet normal 0.0 0.0 0.0
    outer loop
      vertex -0.019075515747073016 0.05846681662574229 0.012105607299823077
      vertex -0.019198085784914814 0.05842668601050791 0.012286521701831135
      vertex -0.01912858200073513 0.056341290197519635 0.012181905536670002
    endloop
  endfacet
  facet normal 0.0 0.0 0.0
    outer loop
      vertex -0.019243076324465598 0.05630229254737315 0.012357325105685504
      vertex -0.01931366920471462 0.05838858862891612 0.0124738817501252
      vertex -0.019350986480715596 0.05626530905738292 0.01253846791269234
    endloop
  endfacet
  facet normal 0.0 0.0 0.0
    outer loop
      vertex -0.019198085784914814 0.05842668601050791 0.012286521701831135
      vertex -0.01931366920471462 0.05838858862891612 0.0124738817501252
      vertex -0.019243076324465598 0.05630229254737315 0.012357325105685504
    endloop
  endfacet
  facet normal 0.0 0.0 0.0
    outer loop
      vertex -0.019350986480715596 0.05626530905738292 0.01253846791269234
      vertex -0.0194216423034695 0.058352780065683695 0.012667161433715136
      vertex -0.019451761245730247 0.056230564794687604 0.012724875240344317
    endloop
  endfacet
  facet normal 0.0 0.0 0.0
    outer loop
      vertex -0.01931366920471462 0.05838858862891612 0.0124738817501252
      vertex -0.0194216423034695 0.058352780065683695 0.012667161433715136
      vertex -0.019350986480715596 0.05626530905738292 0.01253846791269234
    endloop
  endfacet
  facet normal 0.0 0.0 0.0
    outer loop
      vertex -0.019451761245730247 0.056230564794687604 0.012724875240344317
      vertex -0.019521369934084733 0.058319508276132914 0.012865834503192218
      vertex -0.01954484939575466 0.05619829245582041 0.012916088311690601
    endloop
  endfacet
  facet normal 0.0 0.0 0.0
    outer loop
      vertex -0.0194216423034695 0.058352780065683695 0.012667161433715136
      vertex -0.019521369934084733 0.058319508276132914 0.012865834503192218
      vertex -0.019451761245730247 0.056230564794687604 0.012724875240344317
    endloop
  endfacet
  facet normal 0.0 0.0 0.0
    outer loop
      vertex -0.01954484939575466 0.05619829245582041 0.012916088311690601
      vertex -0.01961222839355739 0.058289025030283305 0.013069374828357013
      vertex -0.019629699707033956 0.05616871710792003 0.013111648170966418
    endloop
  endfacet
  facet normal 0.0 0.0 0.0
    outer loop
      vertex -0.019521369934084733 0.058319508276132914 0.012865834503192218
      vertex -0.01961222839355739 0.058289025030283305 0.013069374828357013
      vertex -0.01954484939575466 0.05619829245582041 0.012916088311690601
    endloop
  endfacet
  facet normal 0.0 0.0 0.0
    outer loop
      vertex -0.019629699707033956 0.05616871710792003 0.013111648170966418
      vertex -0.01969364929199489 0.058261578283457134 0.013277229293007167
      vertex -0.019705863952639426 0.05614205618873057 0.013311050495821746
    endloop
  endfacet
  facet normal 0.0 0.0 0.0
    outer loop
      vertex -0.01961222839355739 0.058289025030283305 0.013069374828357013
      vertex -0.01969364929199489 0.058261578283457134 0.013277229293007167
      vertex -0.019629699707033956 0.05616871710792003 0.013111648170966418
    endloop
  endfacet
  facet normal 0.0 0.0 0.0
    outer loop
      vertex -0.019705863952639426 0.05614205618873057 0.013311050495821746
      vertex -0.01976548004150661 0.05823727484717783 0.013488657719213279
      vertex -0.019773265838625754 0.0561183821775001 0.013513618572372706
    endloop
  endfacet
  facet normal 0.0 0.0 0.0
    outer loop
      vertex -0.01969364929199489 0.058261578283457134 0.013277229293007167
      vertex -0.01976548004150661 0.05823727484717783 0.013488657719213279
      vertex -0.019705863952639426 0.05614205618873057 0.013311050495821746
    endloop
  endfacet
  facet normal 0.0 0.0 0.0
    outer loop
      vertex -0.019773265838625754 0.0561183821775001 0.013513618572372706
      vertex -0.019827720642092546 0.058216141424326275 0.013702842055577548
      vertex -0.019831907272341576 0.05609771033301768 0.013718636213559421
    endloop
  endfacet
  facet normal 0.0 0.0 0.0
    outer loop
      vertex -0.01976548004150661 0.05823727484717783 0.013488657719213279
      vertex -0.019827720642092546 0.058216141424326275 0.013702842055577548
      vertex -0.019773265838625754 0.0561183821775001 0.013513618572372706
    endloop
  endfacet
  facet normal 0.0 0.0 0.0
    outer loop
      vertex -0.019827720642092546 0.058216141424326275 0.013702842055577548
      vertex -0.0198803768157986 0.058198197088388776 0.013918964056987079
      vertex -0.019831907272341576 0.05609771033301768 0.013718636213559421
    endloop
  endfacet
  facet normal 0.0 0.0 0.0
    outer loop
      vertex -0.019831907272341576 0.05609771033301768 0.013718636213559421
      vertex -0.0198803768157986 0.058198197088388776 0.013918964056987079
      vertex -0.01988178825378689 0.05608006735816416 0.013925387202519688
    endloop
  endfacet
  facet normal 0.0 0.0 0.0
    outer loop
      vertex -0.0198803768157986 0.058198197088388776 0.013918964056987079
      vertex -0.019923450469973406 0.058183468542246194 0.014136205463427814
      vertex -0.01988178825378689 0.05608006735816416 0.013925387202519688
    endloop
  endfacet
  facet normal 0.0 0.0 0.0
    outer loop
      vertex -0.01988178825378689 0.05608006735816416 0.013925387202519688
      vertex -0.019923450469973406 0.058183468542246194 0.014136205463427814
      vertex -0.019922910690310325 0.056065472326425884 0.014133155374545368
    endloop
  endfacet
  facet normal 0.0 0.0 0.0
    outer loop
      vertex -0.019922910690310325 0.056065472326425884 0.014133155374545368
      vertex -0.019923450469973406 0.058183468542246194 0.014136205463427814
      vertex -0.019955274581911885 0.05605394812598643 0.014341224460620196
    endloop
  endfacet
  facet normal 0.0 0.0 0.0
    outer loop
      vertex -0.019923450469973406 0.058183468542246194 0.014136205463427814
      vertex -0.019956945419314226 0.058171971044687604 0.014353747992533954
      vertex -0.019955274581911885 0.05605394812598643 0.014341224460620196
    endloop
  endfacet
  facet normal 0.0 0.0 0.0
    outer loop
      vertex -0.019955274581911885 0.05605394812598643 0.014341224460620196
      vertex -0.019956945419314226 0.058171971044687604 0.014353747992533954
      vertex -0.01997888374328884 0.056045513830332135 0.014548878340739521
    endloop
  endfacet
  facet normal 0.0 0.0 0.0
    outer loop
      vertex -0.019956945419314226 0.058171971044687604 0.014353747992533954
      vertex -0.019980867385866963 0.058163731298593854 0.014570773510951313
      vertex -0.01997888374328884 0.056045513830332135 0.014548878340739521
    endloop
  endfacet
  facet normal 0.0 0.0 0.0
    outer loop
      vertex -0.01997888374328884 0.056045513830332135 0.014548878340739521
      vertex -0.019980867385866963 0.058163731298593854 0.014570773510951313
      vertex -0.019993734359743918 0.05604018851294932 0.014755400686282429
    endloop
  endfacet
  facet normal 0.0 0.0 0.0
    outer loop
      vertex -0.019980867385866963 0.058163731298593854 0.014570773510951313
      vertex -0.019995218276980243 0.05815877219214854 0.014786463527697833
      vertex -0.019993734359743918 0.05604018851294932 0.014755400686282429
    endloop
  endfacet
  facet normal 0.0 0.0 0.0
    outer loop
      vertex -0.019993734359743918 0.05604018851294932 0.014755400686282429
      vertex -0.019995218276980243 0.05815877219214854 0.014786463527697833
      vertex -0.019998434066775168 0.05603849860206065 0.01487810757638863
    endloop
  endfacet
  facet normal 0.0 0.0 0.0
    outer loop
      vertex -0.019995218276980243 0.05815877219214854 0.014786463527697833
      vertex -0.020000000000002703 0.05815711661353526 0.01500000002862862
      vertex -0.019998434066775168 0.05603849860206065 0.01487810757638863
    endloop
  endfacet
  facet normal 0.0 0.0 0.0
    outer loop
      vertex -0.019998434066775168 0.05603849860206065 0.01487810757638863
      vertex -0.020000000000002703 0.05815711661353526 0.01500000002862862
      vertex -0.020000000000002707 0.056037934026865334 0.01500000002862862
    endloop
  endfacet
  facet normal 0.0 0.0 0.0
    outer loop
      vertex -0.020000000000002703 0.05815711661353526 0.01500000002862862
      vertex -0.020000000000002703 0.05815711661353526 0.01699999990941933
      vertex -0.020000000000002707 0.056037934026865334 0.01500000002862862
    endloop
  endfacet
  facet normal 0.0 0.0 0.0
    outer loop
      vertex -0.020000000000002707 0.056037934026865334 0.01500000002862862
      vertex -0.020000000000002703 0.05815711661353526 0.01699999990941933
      vertex -0.020000000000002707 0.056037934026865334 0.01699999990941933
    endloop
  endfacet
  facet normal 0.0 0.0 0.0
    outer loop
      vertex 0.01999999999999729 0.05815711661353526 0.01500000002862862
      vertex 0.019997697830197485 0.05815791388526377 0.014852122812289509
      vertex 0.019999999999997287 0.056037934026865334 0.01500000002862862
    endloop
  endfacet
  facet normal 0.0 0.0 0.0
    outer loop
      vertex 0.019999999999997287 0.056037934026865334 0.01500000002862862
      vertex 0.019997697830197485 0.05815791388526377 0.014852122812289509
      vertex 0.019995237350461152 0.0560396468259376 0.014786921529788288
    endloop
  endfacet
  facet normal 0.0 0.0 0.0
    outer loop
      vertex 0.019995237350461152 0.0560396468259376 0.014786921529788288
      vertex 0.01999079132079807 0.05816030570044932 0.014703088550586017
      vertex 0.019980949401852754 0.056044773779062605 0.01457171335699013
    endloop
  endfacet
  facet normal 0.0 0.0 0.0
    outer loop
      vertex 0.019997697830197485 0.05815791388526377 0.014852122812289509
      vertex 0.01999079132079807 0.05816030570044932 0.014703088550586017
      vertex 0.019995237350461152 0.0560396468259376 0.014786921529788288
    endloop
  endfacet
  facet normal 0.0 0.0 0.0
    outer loop
      vertex 0.019980949401852754 0.056044773779062605 0.01457171335699013
      vertex 0.019973758697507053 0.05816618414893565 0.014496617822665484
      vertex 0.01995713424682346 0.056053284368662214 0.014355188100356372
    endloop
  endfacet
  facet normal 0.0 0.0 0.0
    outer loop
      vertex 0.01999079132079807 0.05816030570044932 0.014703088550586017
      vertex 0.019973758697507053 0.05816618414893565 0.014496617822665484
      vertex 0.019980949401852754 0.056044773779062605 0.01457171335699013
    endloop
  endfacet
  facet normal 0.0 0.0 0.0
    outer loop
      vertex 0.01995713424682346 0.056053284368662214 0.014355188100356372
      vertex 0.019948001861569555 0.0581750456906837 0.014289185254592211
      vertex 0.019923791885373264 0.0560651595212501 0.014138158707637103
    endloop
  endfacet
  facet normal 0.0 0.0 0.0
    outer loop
      vertex 0.019973758697507053 0.05816618414893565 0.014496617822665484
      vertex 0.019948001861569555 0.0581750456906837 0.014289185254592211
      vertex 0.01995713424682346 0.056053284368662214 0.014355188100356372
    endloop
  endfacet
  facet normal 0.0 0.0 0.0
    outer loop
      vertex 0.019923791885373264 0.0560651595212501 0.014138158707637103
      vertex 0.019913516998288305 0.058186867437509865 0.014081502823848041
      vertex 0.019880920410153536 0.05608037634864268 0.013921438037175448
    endloop
  endfacet
  facet normal 0.0 0.0 0.0
    outer loop
      vertex 0.019948001861569555 0.0581750456906837 0.014289185254592211
      vertex 0.019913516998288305 0.058186867437509865 0.014081502823848041
      vertex 0.019923791885373264 0.0560651595212501 0.014138158707637103
    endloop
  endfacet
  facet normal 0.0 0.0 0.0
    outer loop
      vertex 0.019913516998288305 0.058186867437509865 0.014081502823848041
      vertex 0.019870304107663304 0.0582016341306251 0.013874282388705524
      vertex 0.019880920410153536 0.05608037634864268 0.013921438037175448
    endloop
  endfacet
  facet normal 0.0 0.0 0.0
    outer loop
      vertex 0.019880920410153536 0.05608037634864268 0.013921438037175448
      vertex 0.019870304107663304 0.0582016341306251 0.013874282388705524
      vertex 0.019828517913815645 0.056098908147959085 0.01370583891751221
    endloop
  endfacet
  facet normal 0.0 0.0 0.0
    outer loop
      vertex 0.019870304107663304 0.0582016341306251 0.013874282388705524
      vertex 0.019818355560300024 0.05821932669654307 0.013668235941547664
      vertex 0.019828517913815645 0.056098908147959085 0.01370583891751221
    endloop
  endfacet
  facet normal 0.0 0.0 0.0
    outer loop
      vertex 0.019828517913815645 0.056098908147959085 0.01370583891751221
      vertex 0.019818355560300024 0.05821932669654307 0.013668235941547664
      vertex 0.01976658439635959 0.056120732031015724 0.013492174169737609
    endloop
  endfacet
  facet normal 0.0 0.0 0.0
    outer loop
      vertex 0.019818355560300024 0.05821932669654307 0.013668235941547664
      vertex 0.01975767135619846 0.05823992224708018 0.013464075415152819
      vertex 0.01976658439635959 0.056120732031015724 0.013492174169737609
    endloop
  endfacet
  facet normal 0.0 0.0 0.0
    outer loop
      vertex 0.01976658439635959 0.056120732031015724 0.013492174169737609
      vertex 0.01975767135619846 0.05823992224708018 0.013464075415152819
      vertex 0.01969511985778537 0.05614582510962901 0.01328125665964535
    endloop
  endfacet
  facet normal 0.0 0.0 0.0
    outer loop
      vertex 0.01975767135619846 0.05823992224708018 0.013464075415152819
      vertex 0.019688247680661353 0.0582634017087501 0.013262512757200511
      vertex 0.01969511985778537 0.05614582510962901 0.01328125665964535
    endloop
  endfacet
  facet normal 0.0 0.0 0.0
    outer loop
      vertex 0.01969511985778537 0.05614582510962901 0.01328125665964535
      vertex 0.019688247680661353 0.0582634017087501 0.013262512757200511
      vertex 0.01961412048339572 0.05617416068091807 0.013073899089116367
    endloop
  endfacet
  facet normal 0.0 0.0 0.0
    outer loop
      vertex 0.019688247680661353 0.0582634017087501 0.013262512757200511
      vertex 0.01961008071899143 0.05828974600806651 0.01306425958754471
      vertex 0.01961412048339572 0.05617416068091807 0.013073899089116367
    endloop
  endfacet
  facet normal 0.0 0.0 0.0
    outer loop
      vertex 0.01961412048339572 0.05617416068091807 0.013073899089116367
      vertex 0.01961008071899143 0.05828974600806651 0.01306425958754471
      vertex 0.01952373886108127 0.05620562811866221 0.01287083902837685
    endloop
  endfacet
  facet normal 0.0 0.0 0.0
    outer loop
      vertex 0.01961008071899143 0.05828974600806651 0.01306425958754471
      vertex 0.019523321151730687 0.05831885596290049 0.012869954137820515
      vertex 0.01952373886108127 0.05620562811866221 0.01287083902837685
    endloop
  endfacet
  facet normal 0.0 0.0 0.0
    outer loop
      vertex 0.01952373886108127 0.05620562811866221 0.01287083902837685
      vertex 0.019523321151730687 0.05831885596290049 0.012869954137820515
      vertex 0.019424533843991426 0.05623997183814464 0.012672625629920276
    endloop
  endfacet
  facet normal 0.0 0.0 0.0
    outer loop
      vertex 0.019523321151730687 0.05831885596290049 0.012869954137820515
      vertex 0.019428464889523656 0.05835051032081065 0.012680074899215014
      vertex 0.019424533843991426 0.05623997183814464 0.012672625629920276
    endloop
  endfacet
  facet normal 0.0 0.0 0.0
    outer loop
      vertex 0.019428464889523656 0.05835051032081065 0.012680074899215014
      vertex 0.019326057434079322 0.058384491644052836 0.012495079545993121
      vertex 0.019424533843991426 0.05623997183814464 0.012672625629920276
    endloop
  endfacet
  facet normal 0.0 0.0 0.0
    outer loop
      vertex 0.019424533843991426 0.05623997183814464 0.012672625629920276
      vertex 0.019326057434079322 0.058384491644052836 0.012495079545993121
      vertex 0.019317131042477755 0.05627693625464854 0.012479779629725726
    endloop
  endfacet
  facet normal 0.0 0.0 0.0
    outer loop
      vertex 0.019326057434079322 0.058384491644052836 0.012495079545993121
      vertex 0.01921664810180393 0.05842058249488292 0.012315425901431355
      vertex 0.019317131042477755 0.05627693625464854 0.012479779629725726
    endloop
  endfacet
  facet normal 0.0 0.0 0.0
    outer loop
      vertex 0.019317131042477755 0.05627693625464854 0.012479779629725726
      vertex 0.01921664810180393 0.05842058249488292 0.012315425901431355
      vertex 0.019202156066891816 0.056316258154062604 0.012292821674365314
    endloop
  endfacet
  facet normal 0.0 0.0 0.0
    outer loop
      vertex 0.01921664810180393 0.05842058249488292 0.012315425901431355
      vertex 0.01910078239440647 0.05845856543555674 0.01214157190801552
      vertex 0.019202156066891816 0.056316258154062604 0.012292821674365314
    endloop
  endfacet
  facet normal 0.0 0.0 0.0
    outer loop
      vertex 0.019202156066891816 0.056316258154062604 0.012292821674365314
      vertex 0.01910078239440647 0.05845856543555674 0.01214157190801552
      vertex 0.019080236434933808 0.05635768195167003 0.01211227276803902
    endloop
  endfacet
  facet normal 0.0 0.0 0.0
    outer loop
      vertex 0.01910078239440647 0.05845856543555674 0.01214157190801552
      vertex 0.018979007720944553 0.05849822302833018 0.01197397521020821
      vertex 0.019080236434933808 0.05635768195167003 0.01211227276803902
    endloop
  endfacet
  facet normal 0.0 0.0 0.0
    outer loop
      vertex 0.019080236434933808 0.05635768195167003 0.01211227276803902
      vertex 0.018979007720944553 0.05849822302833018 0.01197397521020821
      vertex 0.018951997756955295 0.05640094824805674 0.011938653378505023
    endloop
  endfacet
  facet normal 0.0 0.0 0.0
    outer loop
      vertex 0.018979007720944553 0.05849822302833018 0.01197397521020821
      vertex 0.018851871490475805 0.05853933402076182 0.011813093571681293
      vertex 0.018951997756955295 0.05640094824805674 0.011938653378505023
    endloop
  endfacet
  facet normal 0.0 0.0 0.0
    outer loop
      vertex 0.018951997756955295 0.05640094824805674 0.011938653378505023
      vertex 0.018851871490475805 0.05853933402076182 0.011813093571681293
      vertex 0.018818067550656466 0.05644579382911143 0.011772484450358662
    endloop
  endfacet
  facet normal 0.0 0.0 0.0
    outer loop
      vertex 0.018851871490475805 0.05853933402076182 0.011813093571681293
      vertex 0.018719921112057836 0.05858168097510753 0.011659384875315936
      vertex 0.018818067550656466 0.05644579382911143 0.011772484450358662
    endloop
  endfacet
  facet normal 0.0 0.0 0.0
    outer loop
      vertex 0.018818067550656466 0.05644579382911143 0.011772484450358662
      vertex 0.018719921112057836 0.05858168097510753 0.011659384875315936
      vertex 0.018679069519040255 0.05649195929542002 0.011614286570567402
    endloop
  endfacet
  facet normal 0.0 0.0 0.0
    outer loop
      vertex 0.018719921112057836 0.05858168097510753 0.011659384875315936
      vertex 0.018583702087399633 0.058625046453623146 0.011513307003993304
      vertex 0.018679069519040255 0.05649195929542002 0.011614286570567402
    endloop
  endfacet
  facet normal 0.0 0.0 0.0
    outer loop
      vertex 0.018679069519040255 0.05649195929542002 0.011614286570567402
      vertex 0.018583702087399633 0.058625046453623146 0.011513307003993304
      vertex 0.018535535812375215 0.056539223394541115 0.011464482336062702
    endloop
  endfacet
  facet normal 0.0 0.0 0.0
    outer loop
      vertex 0.018535535812375215 0.056539223394541115 0.011464482336062702
      vertex 0.018442304611203345 0.05866967078223643 0.01137381926061562
      vertex 0.018385204315182833 0.056588268957285255 0.011320633320826801
    endloop
  endfacet
  facet normal 0.0 0.0 0.0
    outer loop
      vertex 0.018583702087399633 0.058625046453623146 0.011513307003993304
      vertex 0.018442304611203345 0.05866967078223643 0.01137381926061562
      vertex 0.018535535812375215 0.056539223394541115 0.011464482336062702
    endloop
  endfacet
  facet normal 0.0 0.0 0.0
    outer loop
      vertex 0.018442304611203345 0.05866967078223643 0.01137381926061562
      vertex 0.01829374122619358 0.058716141424326275 0.011238847403544696
      vertex 0.018385204315182833 0.056588268957285255 0.011320633320826801
    endloop
  endfacet
  facet normal 0.0 0.0 0.0
    outer loop
      vertex 0.018385204315182833 0.056588268957285255 0.011320633320826801
      vertex 0.01829374122619358 0.058716141424326275 0.011238847403544696
      vertex 0.018227233886716036 0.05663932105079112 0.01118186345579079
    endloop
  endfacet
  facet normal 0.0 0.0 0.0
    outer loop
      vertex 0.018227233886716036 0.05663932105079112 0.01118186345579079
      vertex 0.01813840103149143 0.058764286718515725 0.011108797698039324
      vertex 0.01806210327148166 0.05669216986670909 0.011048676400203022
    endloop
  endfacet
  facet normal 0.0 0.0 0.0
    outer loop
      vertex 0.01829374122619358 0.058716141424326275 0.011238847403544696
      vertex 0.01813840103149143 0.058764286718515725 0.011108797698039324
      vertex 0.018227233886716036 0.05663932105079112 0.01118186345579079
    endloop
  endfacet
  facet normal 0.0 0.0 0.0
    outer loop
      vertex 0.01806210327148166 0.05669216986670909 0.011048676400203022
      vertex 0.01797670555114475 0.05881393118873057 0.010984116225261005
      vertex 0.01789029502868381 0.05674660559668956 0.010921576409358294
    endloop
  endfacet
  facet normal 0.0 0.0 0.0
    outer loop
      vertex 0.01813840103149143 0.058764286718515725 0.011108797698039324
      vertex 0.01797670555114475 0.05881393118873057 0.010984116225261005
      vertex 0.01806210327148166 0.05669216986670909 0.011048676400203022
    endloop
  endfacet
  facet normal 0.0 0.0 0.0
    outer loop
      vertex 0.01789029502868381 0.05674660559668956 0.010921576409358294
      vertex 0.017809080123898657 0.058864899358896584 0.010865249781626972
      vertex 0.017712285995480685 0.056802418432382915 0.010801067023295672
    endloop
  endfacet
  facet normal 0.0 0.0 0.0
    outer loop
      vertex 0.01797670555114475 0.05881393118873057 0.010984116225261005
      vertex 0.017809080123898657 0.058864899358896584 0.010865249781626972
      vertex 0.01789029502868381 0.05674660559668956 0.010921576409358294
    endloop
  endfacet
  facet normal 0.0 0.0 0.0
    outer loop
      vertex 0.017712285995480685 0.056802418432382915 0.010801067023295672
      vertex 0.017635946273801 0.05891700812354502 0.010752644925135883
      vertex 0.017528556823727753 0.056859398565439555 0.010687652258891376
    endloop
  endfacet
  facet normal 0.0 0.0 0.0
    outer loop
      vertex 0.017809080123898657 0.058864899358896584 0.010865249781626972
      vertex 0.017635946273801 0.05891700812354502 0.010752644925135883
      vertex 0.017712285995480685 0.056802418432382915 0.010801067023295672
    endloop
  endfacet
  facet normal 0.0 0.0 0.0
    outer loop
      vertex 0.017528556823727753 0.056859398565439555 0.010687652258891376
      vertex 0.017457729339596897 0.0589700781919044 0.010646747736949238
      vertex 0.017339586257931857 0.05691733618750987 0.010581836133021626
    endloop
  endfacet
  facet normal 0.0 0.0 0.0
    outer loop
      vertex 0.017635946273801 0.05891700812354502 0.010752644925135883
      vertex 0.017457729339596897 0.0589700781919044 0.010646747736949238
      vertex 0.017528556823727753 0.056859398565439555 0.010687652258891376
    endloop
  endfacet
  facet normal 0.0 0.0 0.0
    outer loop
      vertex 0.017339586257931857 0.05691733618750987 0.010581836133021626
      vertex 0.01727485466003147 0.05902393790259776 0.01054800525190285
      vertex 0.017145856857297092 0.056976029119638776 0.010484122424144062
    endloop
  endfacet
  facet normal 0.0 0.0 0.0
    outer loop
      vertex 0.017457729339596897 0.0589700781919044 0.010646747736949238
      vertex 0.01727485466003147 0.05902393790259776 0.01054800525190285
      vertex 0.017339586257931857 0.05691733618750987 0.010581836133021626
    endloop
  endfacet
  facet normal 0.0 0.0 0.0
    outer loop
      vertex 0.017145856857297092 0.056976029119638776 0.010484122424144062
      vertex 0.017087743759152563 0.059078404150156354 0.0104568637895768
      vertex 0.016947843551633028 0.05703525610938487 0.010395015149134906
    endloop
  endfacet
  facet normal 0.0 0.0 0.0
    outer loop
      vertex 0.01727485466003147 0.05902393790259776 0.01054800525190285
      vertex 0.017087743759152563 0.059078404150156354 0.0104568637895768
      vertex 0.017145856857297092 0.056976029119638776 0.010484122424144062
    endloop
  endfacet
  facet normal 0.0 0.0 0.0
    outer loop
      vertex 0.016947843551633028 0.05703525610938487 0.010395015149134906
      vertex 0.016896821975705297 0.05913330145850596 0.010373769431132586
      vertex 0.016746053695675996 0.05709480353370128 0.010314951567668231
    endloop
  endfacet
  facet normal 0.0 0.0 0.0
    outer loop
      vertex 0.017087743759152563 0.059078404150156354 0.0104568637895768
      vertex 0.016896821975705297 0.05913330145850596 0.010373769431132586
      vertex 0.016947843551633028 0.05703525610938487 0.010395015149134906
    endloop
  endfacet
  facet normal 0.0 0.0 0.0
    outer loop
      vertex 0.016746053695675996 0.05709480353370128 0.010314951567668231
      vertex 0.016702558517453343 0.059188427648691505 0.010299045233744891
      vertex 0.016541137695309786 0.05715444251075206 0.010244017033595355
    endloop
  endfacet
  facet normal 0.0 0.0 0.0
    outer loop
      vertex 0.016896821975705297 0.05913330145850596 0.010373769431132586
      vertex 0.016702558517453343 0.059188427648691505 0.010299045233744891
      vertex 0.016746053695675996 0.05709480353370128 0.010314951567668231
    endloop
  endfacet
  facet normal 0.0 0.0 0.0
    outer loop
      vertex 0.016541137695309786 0.05715444251075206 0.010244017033595355
      vertex 0.016483522415158422 0.05924973364844737 0.010225856928843768
      vertex 0.01633379745483127 0.0572139746762794 0.010182182936686785
    endloop
  endfacet
  facet normal 0.0 0.0 0.0
    outer loop
      vertex 0.016702558517453343 0.059188427648691505 0.010299045233744891
      vertex 0.016483522415158422 0.05924973364844737 0.010225856928843768
      vertex 0.016541137695309786 0.05715444251075206 0.010244017033595355
    endloop
  endfacet
  facet normal 0.0 0.0 0.0
    outer loop
      vertex 0.01633379745483127 0.0572139746762794 0.010182182936686785
      vertex 0.01623722267150608 0.05931763525977549 0.010156641154307635
      vertex 0.016124740600583228 0.057273201666025494 0.010129419713038715
    endloop
  endfacet
  facet normal 0.0 0.0 0.0
    outer loop
      vertex 0.016483522415158422 0.05924973364844737 0.010225856928843768
      vertex 0.01623722267150608 0.05931763525977549 0.010156641154307635
      vertex 0.01633379745483127 0.0572139746762794 0.010182182936686785
    endloop
  endfacet
  facet normal 0.0 0.0 0.0
    outer loop
      vertex 0.01623722267150608 0.05931763525977549 0.010156641154307635
      vertex 0.015988977432248263 0.059384998998789164 0.010100119977015766
      vertex 0.016124740600583228 0.057273201666025494 0.010129419713038715
    endloop
  endfacet
  facet normal 0.0 0.0 0.0
    outer loop
      vertex 0.016124740600583228 0.057273201666025494 0.010129419713038715
      vertex 0.015988977432248263 0.059384998998789164 0.010100119977015766
      vertex 0.015914673805234102 0.057331917486337994 0.01008569851400307
    endloop
  endfacet
  facet normal 0.0 0.0 0.0
    outer loop
      vertex 0.015988977432248263 0.059384998998789164 0.010100119977015766
      vertex 0.015739958763119847 0.059451508245615334 0.010056244044322284
      vertex 0.015914673805234102 0.057331917486337994 0.01008569851400307
    endloop
  endfacet
  facet normal 0.0 0.0 0.0
    outer loop
      vertex 0.015914673805234102 0.057331917486337994 0.01008569851400307
      vertex 0.015739958763119847 0.059451508245615334 0.010056244044322284
      vertex 0.015704300880429418 0.057389927587656354 0.010050989775676044
    endloop
  endfacet
  facet normal 0.0 0.0 0.0
    outer loop
      vertex 0.015739958763119847 0.059451508245615334 0.010056244044322284
      vertex 0.015491340637204318 0.05951683875098643 0.010024964718837055
      vertex 0.015704300880429418 0.057389927587656354 0.010050989775676044
    endloop
  endfacet
  facet normal 0.0 0.0 0.0
    outer loop
      vertex 0.015704300880429418 0.057389927587656354 0.010050989775676044
      vertex 0.015491340637204318 0.05951683875098643 0.010024964718837055
      vertex 0.015494327545163304 0.05744703360572276 0.010025264410990985
    endloop
  endfacet
  facet normal 0.0 0.0 0.0
    outer loop
      vertex 0.015494327545163304 0.05744703360572276 0.010025264410990985
      vertex 0.015491340637204318 0.05951683875098643 0.010024964718837055
      vertex 0.015285460472104221 0.05750302954688487 0.010008493571299824
    endloop
  endfacet
  facet normal 0.0 0.0 0.0
    outer loop
      vertex 0.015491340637204318 0.05951683875098643 0.010024964718837055
      vertex 0.015244296073910861 0.0595806738950294 0.010006233124751362
      vertex 0.015285460472104221 0.05750302954688487 0.010008493571299824
    endloop
  endfacet
  facet normal 0.0 0.0 0.0
    outer loop
      vertex 0.015285460472104221 0.05750302954688487 0.010008493571299824
      vertex 0.015244296073910861 0.0595806738950294 0.010006233124751362
      vertex 0.015142181396481663 0.05754096289649424 0.010002121834773333
    endloop
  endfacet
  facet normal 0.0 0.0 0.0
    outer loop
      vertex 0.015244296073910861 0.0595806738950294 0.010006233124751362
      vertex 0.014999999999997288 0.059642685613779396 0.00999999990941933
      vertex 0.015142181396481663 0.05754096289649424 0.010002121834773333
    endloop
  endfacet
  facet normal 0.0 0.0 0.0
    outer loop
      vertex 0.015142181396481663 0.05754096289649424 0.010002121834773333
      vertex 0.014999999999997288 0.059642685613779396 0.00999999990941933
      vertex 0.014999999999997288 0.05757820578589854 0.00999999990941933
    endloop
  endfacet
  facet normal 0.0 0.0 0.0
    outer loop
      vertex 0.01999999999999729 0.05815711661353526 0.01699999990941933
      vertex 0.01999999999999729 0.05815711661353526 0.01500000002862862
      vertex 0.019999999999997287 0.056037934026865334 0.01699999990941933
    endloop
  endfacet
  facet normal 0.0 0.0 0.0
    outer loop
      vertex 0.019999999999997287 0.056037934026865334 0.01699999990941933
      vertex 0.01999999999999729 0.05815711661353526 0.01500000002862862
      vertex 0.019999999999997287 0.056037934026865334 0.01500000002862862
    endloop
  endfacet
  facet normal 0.0 0.0 0.0
    outer loop
      vertex 0.0436165847778293 -0.04047027901634754 1.478379090258386e-10
      vertex 0.04508269119262422 -0.04183062294945301 1.478379090258386e-10
      vertex 0.04294156265258516 -0.04402580956444324 1.478379090258386e-10
    endloop
  endfacet
  facet normal 0.0 0.0 0.0
    outer loop
      vertex 0.0436165847778293 -0.04047027901634754 1.478379090258386e-10
      vertex 0.04294156265258516 -0.04402580956444324 1.478379090258386e-10
      vertex 0.04154508972167696 -0.04259407738670887 1.478379090258386e-10
    endloop
  endfacet
  facet normal 0.0 0.0 0.0
    outer loop
      vertex 0.039370307922360556 -0.044611979760976445 1.478379090258386e-10
      vertex 0.04069367980956758 -0.046111544885488166 1.478379090258386e-10
      vertex 0.0383446235656711 -0.04808263710960925 1.478379090258386e-10
    endloop
  endfacet
  facet normal 0.0 0.0 0.0
    outer loop
      vertex 0.039370307922360556 -0.044611979760976445 1.478379090258386e-10
      vertex 0.04294156265258516 -0.04402580956444324 1.478379090258386e-10
      vertex 0.04069367980956758 -0.046111544885488166 1.478379090258386e-10
    endloop
  endfacet
  facet normal 0.0 0.0 0.0
    outer loop
      vertex 0.039370307922360556 -0.044611979760976445 1.478379090258386e-10
      vertex 0.04154508972167696 -0.04259407738670887 1.478379090258386e-10
      vertex 0.04294156265258516 -0.04402580956444324 1.478379090258386e-10
    endloop
  endfacet
  facet normal 0.0 0.0 0.0
    outer loop
      vertex 0.04557964324950899 -0.038245864190908085 1.478379090258386e-10
      vertex 0.047111732482907426 -0.03953143624291004 1.478379090258386e-10
      vertex 0.04508269119262422 -0.04183062294945301 1.478379090258386e-10
    endloop
  endfacet
  facet normal 0.0 0.0 0.0
    outer loop
      vertex 0.04557964324950899 -0.038245864190908085 1.478379090258386e-10
      vertex 0.04508269119262422 -0.04183062294945301 1.478379090258386e-10
      vertex 0.0436165847778293 -0.04047027901634754 1.478379090258386e-10
    endloop
  endfacet
  facet normal 0.0 0.0 0.0
    outer loop
      vertex 0.03709764480590547 -0.046518973626943246 1.478379090258386e-10
      vertex 0.039370307922360556 -0.044611979760976445 1.478379090258386e-10
      vertex 0.0383446235656711 -0.04808263710960925 1.478379090258386e-10
    endloop
  endfacet
  facet normal 0.0 0.0 0.0
    outer loop
      vertex 0.04742938232421603 -0.035926364221425665 1.478379090258386e-10
      vertex 0.04902364730834688 -0.03713397149071278 1.478379090258386e-10
      vertex 0.047111732482907426 -0.03953143624291004 1.478379090258386e-10
    endloop
  endfacet
  facet normal 0.0 0.0 0.0
    outer loop
      vertex 0.04742938232421603 -0.035926364221425665 1.478379090258386e-10
      vertex 0.05081368637084688 -0.03464418343529285 1.478379090258386e-10
      vertex 0.04902364730834688 -0.03713397149071278 1.478379090258386e-10
    endloop
  endfacet
  facet normal 0.0 0.0 0.0
    outer loop
      vertex 0.04742938232421603 -0.035926364221425665 1.478379090258386e-10
      vertex 0.047111732482907426 -0.03953143624291004 1.478379090258386e-10
      vertex 0.04557964324950899 -0.038245864190908085 1.478379090258386e-10
    endloop
  endfacet
  facet normal 0.0 0.0 0.0
    outer loop
      vertex 0.03473274993896212 -0.04831030968651355 1.478379090258386e-10
      vertex 0.03590023422240938 -0.04993418816551745 1.478379090258386e-10
      vertex 0.0333665962219211 -0.05166159371361316 1.478379090258386e-10
    endloop
  endfacet
  facet normal 0.0 0.0 0.0
    outer loop
      vertex 0.03473274993896212 -0.04831030968651355 1.478379090258386e-10
      vertex 0.0383446235656711 -0.04808263710960925 1.478379090258386e-10
      vertex 0.03590023422240938 -0.04993418816551745 1.478379090258386e-10
    endloop
  endfacet
  facet normal 0.0 0.0 0.0
    outer loop
      vertex 0.03473274993896212 -0.04831030968651355 1.478379090258386e-10
      vertex 0.03709764480590547 -0.046518973626943246 1.478379090258386e-10
      vertex 0.0383446235656711 -0.04808263710960925 1.478379090258386e-10
    endloop
  endfacet
  facet normal 0.0 0.0 0.0
    outer loop
      vertex 0.04916120529174532 -0.03351754311546863 1.478379090258386e-10
      vertex 0.05081368637084688 -0.03464418343529285 1.478379090258386e-10
      vertex 0.04742938232421603 -0.035926364221425665 1.478379090258386e-10
    endloop
  endfacet
  facet normal 0.0 0.0 0.0
    outer loop
      vertex 0.032281501770016804 -0.04998154381737292 1.478379090258386e-10
      vertex 0.03473274993896212 -0.04831030968651355 1.478379090258386e-10
      vertex 0.0333665962219211 -0.05166159371361316 1.478379090258386e-10
    endloop
  endfacet
  facet normal 0.0 0.0 0.0
    outer loop
      vertex 0.050770809173581254 -0.031025393762441292 1.478379090258386e-10
      vertex 0.05247739028930391 -0.03206826333031238 1.478379090258386e-10
      vertex 0.05081368637084688 -0.03464418343529285 1.478379090258386e-10
    endloop
  endfacet
  facet normal 0.0 0.0 0.0
    outer loop
      vertex 0.050770809173581254 -0.031025393762441292 1.478379090258386e-10
      vertex 0.05081368637084688 -0.03464418343529285 1.478379090258386e-10
      vertex 0.04916120529174532 -0.03351754311546863 1.478379090258386e-10
    endloop
  endfacet
  facet normal 0.0 0.0 0.0
    outer loop
      vertex 0.029749999999997275 -0.05152851037010729 1.478379090258386e-10
      vertex 0.030749999999997276 -0.05326056221947253 1.478379090258386e-10
      vertex 0.02805695533752169 -0.05472711495384753 1.478379090258386e-10
    endloop
  endfacet
  facet normal 0.0 0.0 0.0
    outer loop
      vertex 0.029749999999997275 -0.05152851037010729 1.478379090258386e-10
      vertex 0.0333665962219211 -0.05166159371361316 1.478379090258386e-10
      vertex 0.030749999999997276 -0.05326056221947253 1.478379090258386e-10
    endloop
  endfacet
  facet normal 0.0 0.0 0.0
    outer loop
      vertex 0.029749999999997275 -0.05152851037010729 1.478379090258386e-10
      vertex 0.032281501770016804 -0.04998154381737292 1.478379090258386e-10
      vertex 0.0333665962219211 -0.05166159371361316 1.478379090258386e-10
    endloop
  endfacet
  facet normal 0.0 0.0 0.0
    outer loop
      vertex 0.05225418472289766 -0.02845611123070301 1.478379090258386e-10
      vertex 0.05247739028930391 -0.03206826333031238 1.478379090258386e-10
      vertex 0.050770809173581254 -0.031025393762441292 1.478379090258386e-10
    endloop
  endfacet
  facet normal 0.0 0.0 0.0
    outer loop
      vertex 0.05225418472289766 -0.02845611123070301 1.478379090258386e-10
      vertex 0.054010627746579304 -0.029412619867177622 1.478379090258386e-10
      vertex 0.05247739028930391 -0.03206826333031238 1.478379090258386e-10
    endloop
  endfacet
  facet normal 0.0 0.0 0.0
    outer loop
      vertex 0.027144535064694542 -0.05294737175926745 1.478379090258386e-10
      vertex 0.029749999999997275 -0.05152851037010729 1.478379090258386e-10
      vertex 0.02805695533752169 -0.05472711495384753 1.478379090258386e-10
    endloop
  endfacet
  facet normal 0.0 0.0 0.0
    outer loop
      vertex 0.05360764694213594 -0.02581608323082508 1.478379090258386e-10
      vertex 0.054010627746579304 -0.029412619867177622 1.478379090258386e-10
      vertex 0.05225418472289766 -0.02845611123070301 1.478379090258386e-10
    endloop
  endfacet
  facet normal 0.0 0.0 0.0
    outer loop
      vertex 0.05360764694213594 -0.02581608323082508 1.478379090258386e-10
      vertex 0.055409584045407426 -0.026683850564809458 1.478379090258386e-10
      vertex 0.054010627746579304 -0.029412619867177622 1.478379090258386e-10
    endloop
  endfacet
  facet normal 0.0 0.0 0.0
    outer loop
      vertex 0.05360764694213594 -0.02581608323082508 1.478379090258386e-10
      vertex 0.05667078781127657 -0.02388873986229481 1.478379090258386e-10
      vertex 0.055409584045407426 -0.026683850564809458 1.478379090258386e-10
    endloop
  endfacet
  facet normal 0.0 0.0 0.0
    outer loop
      vertex 0.024471582412717 -0.05423459938988268 1.478379090258386e-10
      vertex 0.027144535064694542 -0.05294737175926745 1.478379090258386e-10
      vertex 0.02805695533752169 -0.05472711495384753 1.478379090258386e-10
    endloop
  endfacet
  facet normal 0.0 0.0 0.0
    outer loop
      vertex 0.024471582412717 -0.05423459938988268 1.478379090258386e-10
      vertex 0.02805695533752169 -0.05472711495384753 1.478379090258386e-10
      vertex 0.025294157028195517 -0.05605760888084948 1.478379090258386e-10
    endloop
  endfacet
  facet normal 0.0 0.0 0.0
    outer loop
      vertex 0.05482783508300509 -0.02311187104210438 1.478379090258386e-10
      vertex 0.05667078781127657 -0.02388873986229481 1.478379090258386e-10
      vertex 0.05360764694213594 -0.02581608323082508 1.478379090258386e-10
    endloop
  endfacet
  facet normal 0.0 0.0 0.0
    outer loop
      vertex 0.021737791061398646 -0.05538698891624987 1.478379090258386e-10
      vertex 0.024471582412717 -0.05423459938988268 1.478379090258386e-10
      vertex 0.025294157028195517 -0.05605760888084948 1.478379090258386e-10
    endloop
  endfacet
  facet normal 0.0 0.0 0.0
    outer loop
      vertex 0.021737791061398646 -0.05538698891624987 1.478379090258386e-10
      vertex 0.022468473434445517 -0.057248736657949086 1.478379090258386e-10
      vertex 0.019586929321286337 -0.0582975304506737 1.478379090258386e-10
    endloop
  endfacet
  facet normal 0.0 0.0 0.0
    outer loop
      vertex 0.021737791061398646 -0.05538698891624987 1.478379090258386e-10
      vertex 0.025294157028195517 -0.05605760888084948 1.478379090258386e-10
      vertex 0.022468473434445517 -0.057248736657949086 1.478379090258386e-10
    endloop
  endfacet
  facet normal 0.0 0.0 0.0
    outer loop
      vertex 0.05591171264648165 -0.020350198068471572 1.478379090258386e-10
      vertex 0.05667078781127657 -0.02388873986229481 1.478379090258386e-10
      vertex 0.05482783508300509 -0.02311187104210438 1.478379090258386e-10
    endloop
  endfacet
  facet normal 0.0 0.0 0.0
    outer loop
      vertex 0.05591171264648165 -0.020350198068471572 1.478379090258386e-10
      vertex 0.05779109573363985 -0.02103423813805165 1.478379090258386e-10
      vertex 0.05667078781127657 -0.02388873986229481 1.478379090258386e-10
    endloop
  endfacet
  facet normal 0.0 0.0 0.0
    outer loop
      vertex 0.05591171264648165 -0.020350198068471572 1.478379090258386e-10
      vertex 0.05876772689819063 -0.018127442636342663 1.478379090258386e-10
      vertex 0.05779109573363985 -0.02103423813805165 1.478379090258386e-10
    endloop
  endfacet
  facet normal 0.0 0.0 0.0
    outer loop
      vertex 0.018949954986569543 -0.056401675500722524 1.478379090258386e-10
      vertex 0.021737791061398646 -0.05538698891624987 1.478379090258386e-10
      vertex 0.019586929321286337 -0.0582975304506737 1.478379090258386e-10
    endloop
  endfacet
  facet normal 0.0 0.0 0.0
    outer loop
      vertex 0.05685658264159883 -0.017537932672353405 1.478379090258386e-10
      vertex 0.05876772689819063 -0.018127442636342663 1.478379090258386e-10
      vertex 0.05591171264648165 -0.020350198068471572 1.478379090258386e-10
    endloop
  endfacet
  facet normal 0.0 0.0 0.0
    outer loop
      vertex 0.01611500740050997 -0.05727614144310534 1.478379090258386e-10
      vertex 0.018949954986569543 -0.056401675500722524 1.478379090258386e-10
      vertex 0.019586929321286337 -0.0582975304506737 1.478379090258386e-10
    endloop
  endfacet
  facet normal 0.0 0.0 0.0
    outer loop
      vertex 0.01611500740050997 -0.05727614144310534 1.478379090258386e-10
      vertex 0.016656688690182823 -0.059201392450185415 1.478379090258386e-10
      vertex 0.013685037612912315 -0.05995806817040026 1.478379090258386e-10
    endloop
  endfacet
  facet normal 0.0 0.0 0.0
    outer loop
      vertex 0.01611500740050997 -0.05727614144310534 1.478379090258386e-10
      vertex 0.019586929321286337 -0.0582975304506737 1.478379090258386e-10
      vertex 0.016656688690182823 -0.059201392450185415 1.478379090258386e-10
    endloop
  endfacet
  facet normal 0.0 0.0 0.0
    outer loop
      vertex 0.05766009902953829 -0.014682065286489146 1.478379090258386e-10
      vertex 0.05876772689819063 -0.018127442636342663 1.478379090258386e-10
      vertex 0.05685658264159883 -0.017537932672353405 1.478379090258386e-10
    endloop
  endfacet
  facet normal 0.0 0.0 0.0
    outer loop
      vertex 0.05766009902953829 -0.014682065286489146 1.478379090258386e-10
      vertex 0.059598251342770706 -0.015175580301137585 1.478379090258386e-10
      vertex 0.05876772689819063 -0.018127442636342663 1.478379090258386e-10
    endloop
  endfacet
  facet normal 0.0 0.0 0.0
    outer loop
      vertex 0.013239995956418175 -0.0580082123659569 1.478379090258386e-10
      vertex 0.01611500740050997 -0.05727614144310534 1.478379090258386e-10
      vertex 0.013685037612912315 -0.05995806817040026 1.478379090258386e-10
    endloop
  endfacet
  facet normal 0.0 0.0 0.0
    outer loop
      vertex 0.058320262908932816 -0.011789695062490125 1.478379090258386e-10
      vertex 0.059598251342770706 -0.015175580301137585 1.478379090258386e-10
      vertex 0.05766009902953829 -0.014682065286489146 1.478379090258386e-10
    endloop
  endfacet
  facet normal 0.0 0.0 0.0
    outer loop
      vertex 0.058320262908932816 -0.011789695062490125 1.478379090258386e-10
      vertex 0.060280609130856644 -0.012185987748952526 1.478379090258386e-10
      vertex 0.059598251342770706 -0.015175580301137585 1.478379090258386e-10
    endloop
  endfacet
  facet normal 0.0 0.0 0.0
    outer loop
      vertex 0.06081309509277071 -0.009166099824758191 1.478379090258386e-10
      vertex 0.060280609130856644 -0.012185987748952526 1.478379090258386e-10
      vertex 0.058320262908932816 -0.011789695062490125 1.478379090258386e-10
    endloop
  endfacet
  facet normal 0.0 0.0 0.0
    outer loop
      vertex 0.010332066535946986 -0.05859606102928698 1.478379090258386e-10
      vertex 0.013685037612912315 -0.05995806817040026 1.478379090258386e-10
      vertex 0.0106793632507297 -0.06056567696556628 1.478379090258386e-10
    endloop
  endfacet
  facet normal 0.0 0.0 0.0
    outer loop
      vertex 0.010332066535946986 -0.05859606102928698 1.478379090258386e-10
      vertex 0.013239995956418175 -0.0580082123659569 1.478379090258386e-10
      vertex 0.013685037612912315 -0.05995806817040026 1.478379090258386e-10
    endloop
  endfacet
  facet normal 0.0 0.0 0.0
    outer loop
      vertex 0.007647137641904017 -0.06102271203026354 1.478379090258386e-10
      vertex 0.010332066535946986 -0.05859606102928698 1.478379090258386e-10
      vertex 0.0106793632507297 -0.06056567696556628 1.478379090258386e-10
    endloop
  endfacet
  facet normal 0.0 0.0 0.0
    outer loop
      vertex 0.05883543395995821 -0.008868014612050673 1.478379090258386e-10
      vertex 0.06081309509277071 -0.009166099824758191 1.478379090258386e-10
      vertex 0.058320262908932816 -0.011789695062490125 1.478379090258386e-10
    endloop
  endfacet
  facet normal 0.0 0.0 0.0
    outer loop
      vertex 0.00739845037460055 -0.05903823403343737 1.478379090258386e-10
      vertex 0.010332066535946986 -0.05859606102928698 1.478379090258386e-10
      vertex 0.007647137641904017 -0.06102271203026354 1.478379090258386e-10
    endloop
  endfacet
  facet normal 0.0 0.0 0.0
    outer loop
      vertex 0.05920433044433321 -0.005924286641927382 1.478379090258386e-10
      vertex 0.06081309509277071 -0.009166099824758191 1.478379090258386e-10
      vertex 0.05883543395995821 -0.008868014612050673 1.478379090258386e-10
    endloop
  endfacet
  facet normal 0.0 0.0 0.0
    outer loop
      vertex 0.05920433044433321 -0.005924286641927382 1.478379090258386e-10
      vertex 0.06119439315795626 -0.006123422422261855 1.478379090258386e-10
      vertex 0.06081309509277071 -0.009166099824758191 1.478379090258386e-10
    endloop
  endfacet
  facet normal 0.0 0.0 0.0
    outer loop
      vertex 0.004446440696713588 -0.05933362511620104 1.478379090258386e-10
      vertex 0.007647137641904017 -0.06102271203026354 1.478379090258386e-10
      vertex 0.004595900535580776 -0.06132803277000964 1.478379090258386e-10
    endloop
  endfacet
  facet normal 0.0 0.0 0.0
    outer loop
      vertex 0.004446440696713588 -0.05933362511620104 1.478379090258386e-10
      vertex 0.00739845037460055 -0.05903823403343737 1.478379090258386e-10
      vertex 0.007647137641904017 -0.06102271203026354 1.478379090258386e-10
    endloop
  endfacet
  facet normal 0.0 0.0 0.0
    outer loop
      vertex 0.05942603683471407 -0.0029658301256615138 1.478379090258386e-10
      vertex 0.061423549652096884 -0.0030655219934898822 1.478379090258386e-10
      vertex 0.06119439315795626 -0.006123422422261855 1.478379090258386e-10
    endloop
  endfacet
  facet normal 0.0 0.0 0.0
    outer loop
      vertex 0.05942603683471407 -0.0029658301256615138 1.478379090258386e-10
      vertex 0.06119439315795626 -0.006123422422261855 1.478379090258386e-10
      vertex 0.05920433044433321 -0.005924286641927382 1.478379090258386e-10
    endloop
  endfacet
  facet normal 0.0 0.0 0.0
    outer loop
      vertex 0.0014833761453601339 -0.05948150567040026 1.478379090258386e-10
      vertex 0.004595900535580776 -0.06132803277000964 1.478379090258386e-10
      vertex 0.0015332375764819596 -0.06148088387474596 1.478379090258386e-10
    endloop
  endfacet
  facet normal 0.0 0.0 0.0
    outer loop
      vertex 0.0014833761453601339 -0.05948150567040026 1.478379090258386e-10
      vertex 0.004446440696713588 -0.05933362511620104 1.478379090258386e-10
      vertex 0.004595900535580776 -0.06132803277000964 1.478379090258386e-10
    endloop
  endfacet
  facet normal 0.0 0.0 0.0
    outer loop
      vertex 0.05949999999999727 -7.468678368898267e-13 1.478379090258386e-10
      vertex 0.06149999999999727 -7.468680602828359e-13 1.478379090258386e-10
      vertex 0.061423549652096884 -0.0030655219934898822 1.478379090258386e-10
    endloop
  endfacet
  facet normal 0.0 0.0 0.0
    outer loop
      vertex 0.05949999999999727 -7.468678368898267e-13 1.478379090258386e-10
      vertex 0.061423549652096884 -0.0030655219934898822 1.478379090258386e-10
      vertex 0.05942603683471407 -0.0029658301256615138 1.478379090258386e-10
    endloop
  endfacet
  facet normal 0.0 0.0 0.0
    outer loop
      vertex -0.0014833761453655735 -0.05948150567040026 1.478379090258386e-10
      vertex 0.0015332375764819596 -0.06148088387474596 1.478379090258386e-10
      vertex -0.0015332375764873997 -0.06148088387474596 1.478379090258386e-10
    endloop
  endfacet
  facet normal 0.0 0.0 0.0
    outer loop
      vertex -0.0014833761453655735 -0.05948150567040026 1.478379090258386e-10
      vertex 0.0014833761453601339 -0.05948150567040026 1.478379090258386e-10
      vertex 0.0015332375764819596 -0.06148088387474596 1.478379090258386e-10
    endloop
  endfacet
  facet normal 0.0 0.0 0.0
    outer loop
      vertex -0.004595900535586215 -0.06132803277000964 1.478379090258386e-10
      vertex -0.0014833761453655735 -0.05948150567040026 1.478379090258386e-10
      vertex -0.0015332375764873997 -0.06148088387474596 1.478379090258386e-10
    endloop
  endfacet
  facet normal 0.0 0.0 0.0
    outer loop
      vertex 0.05942603683471407 0.0029658302880805508 1.478379090258386e-10
      vertex 0.061423549652096884 0.0030655219174903405 1.478379090258386e-10
      vertex 0.06149999999999727 -7.468680602828359e-13 1.478379090258386e-10
    endloop
  endfacet
  facet normal 0.0 0.0 0.0
    outer loop
      vertex 0.05942603683471407 0.0029658302880805508 1.478379090258386e-10
      vertex 0.06149999999999727 -7.468680602828359e-13 1.478379090258386e-10
      vertex 0.05949999999999727 -7.468678368898267e-13 1.478379090258386e-10
    endloop
  endfacet
  facet normal 0.0 0.0 0.0
    outer loop
      vertex 0.06119439315795626 0.006123422346262312 1.478379090258386e-10
      vertex 0.061423549652096884 0.0030655219174903405 1.478379090258386e-10
      vertex 0.05942603683471407 0.0029658302880805508 1.478379090258386e-10
    endloop
  endfacet
  facet normal 0.0 0.0 0.0
    outer loop
      vertex -0.004446440696719027 -0.05933362511620104 1.478379090258386e-10
      vertex -0.0014833761453655735 -0.05948150567040026 1.478379090258386e-10
      vertex -0.004595900535586215 -0.06132803277000964 1.478379090258386e-10
    endloop
  endfacet
  facet normal 0.0 0.0 0.0
    outer loop
      vertex 0.05920433044433321 0.005924287042764999 1.478379090258386e-10
      vertex 0.06119439315795626 0.006123422346262312 1.478379090258386e-10
      vertex 0.05942603683471407 0.0029658302880805508 1.478379090258386e-10
    endloop
  endfacet
  facet normal 0.0 0.0 0.0
    outer loop
      vertex 0.06081309509277071 0.009166099271921493 1.478379090258386e-10
      vertex 0.06119439315795626 0.006123422346262312 1.478379090258386e-10
      vertex 0.05920433044433321 0.005924287042764999 1.478379090258386e-10
    endloop
  endfacet
  facet normal 0.0 0.0 0.0
    outer loop
      vertex -0.0073984503746059894 -0.05903823403343737 1.478379090258386e-10
      vertex -0.004595900535586215 -0.06132803277000964 1.478379090258386e-10
      vertex -0.007647137641909456 -0.06102271203026354 1.478379090258386e-10
    endloop
  endfacet
  facet normal 0.0 0.0 0.0
    outer loop
      vertex -0.0073984503746059894 -0.05903823403343737 1.478379090258386e-10
      vertex -0.004446440696719027 -0.05933362511620104 1.478379090258386e-10
      vertex -0.004595900535586215 -0.06132803277000964 1.478379090258386e-10
    endloop
  endfacet
  facet normal 0.0 0.0 0.0
    outer loop
      vertex 0.05883543395995821 0.00886801501288829 1.478379090258386e-10
      vertex 0.06081309509277071 0.009166099271921493 1.478379090258386e-10
      vertex 0.05920433044433321 0.005924287042764999 1.478379090258386e-10
    endloop
  endfacet
  facet normal 0.0 0.0 0.0
    outer loop
      vertex -0.010332066535952426 -0.05859606102928698 1.478379090258386e-10
      vertex -0.007647137641909456 -0.06102271203026354 1.478379090258386e-10
      vertex -0.01067936325073514 -0.06056567696556628 1.478379090258386e-10
    endloop
  endfacet
  facet normal 0.0 0.0 0.0
    outer loop
      vertex -0.010332066535952426 -0.05859606102928698 1.478379090258386e-10
      vertex -0.0073984503746059894 -0.05903823403343737 1.478379090258386e-10
      vertex -0.007647137641909456 -0.06102271203026354 1.478379090258386e-10
    endloop
  endfacet
  facet normal 0.0 0.0 0.0
    outer loop
      vertex 0.058320262908932816 0.011789695463327742 1.478379090258386e-10
      vertex 0.06081309509277071 0.009166099271921493 1.478379090258386e-10
      vertex 0.05883543395995821 0.00886801501288829 1.478379090258386e-10
    endloop
  endfacet
  facet normal 0.0 0.0 0.0
    outer loop
      vertex 0.058320262908932816 0.011789695463327742 1.478379090258386e-10
      vertex 0.060280609130856644 0.012185988149790144 1.478379090258386e-10
      vertex 0.06081309509277071 0.009166099271921493 1.478379090258386e-10
    endloop
  endfacet
  facet normal 0.0 0.0 0.0
    outer loop
      vertex -0.013239995956423615 -0.0580082123659569 1.478379090258386e-10
      vertex -0.01067936325073514 -0.06056567696556628 1.478379090258386e-10
      vertex -0.013685037612917755 -0.05995806817040026 1.478379090258386e-10
    endloop
  endfacet
  facet normal 0.0 0.0 0.0
    outer loop
      vertex -0.013239995956423615 -0.0580082123659569 1.478379090258386e-10
      vertex -0.010332066535952426 -0.05859606102928698 1.478379090258386e-10
      vertex -0.01067936325073514 -0.06056567696556628 1.478379090258386e-10
    endloop
  endfacet
  facet normal 0.0 0.0 0.0
    outer loop
      vertex 0.05766009902953829 0.014682064733652448 1.478379090258386e-10
      vertex 0.060280609130856644 0.012185988149790144 1.478379090258386e-10
      vertex 0.058320262908932816 0.011789695463327742 1.478379090258386e-10
    endloop
  endfacet
  facet normal 0.0 0.0 0.0
    outer loop
      vertex 0.05766009902953829 0.014682064733652448 1.478379090258386e-10
      vertex 0.059598251342770706 0.015175579748300885 1.478379090258386e-10
      vertex 0.060280609130856644 0.012185988149790144 1.478379090258386e-10
    endloop
  endfacet
  facet normal 0.0 0.0 0.0
    outer loop
      vertex -0.016656688690188264 -0.059201392450185415 1.478379090258386e-10
      vertex -0.013239995956423615 -0.0580082123659569 1.478379090258386e-10
      vertex -0.013685037612917755 -0.05995806817040026 1.478379090258386e-10
    endloop
  endfacet
  facet normal 0.0 0.0 0.0
    outer loop
      vertex -0.016115007400515413 -0.05727614144310534 1.478379090258386e-10
      vertex -0.013239995956423615 -0.0580082123659569 1.478379090258386e-10
      vertex -0.016656688690188264 -0.059201392450185415 1.478379090258386e-10
    endloop
  endfacet
  facet normal 0.0 0.0 0.0
    outer loop
      vertex 0.05685658264159883 0.017537932119516705 1.478379090258386e-10
      vertex 0.059598251342770706 0.015175579748300885 1.478379090258386e-10
      vertex 0.05766009902953829 0.014682064733652448 1.478379090258386e-10
    endloop
  endfacet
  facet normal 0.0 0.0 0.0
    outer loop
      vertex 0.05685658264159883 0.017537932119516705 1.478379090258386e-10
      vertex 0.05876772689819063 0.018127443990854593 1.478379090258386e-10
      vertex 0.059598251342770706 0.015175579748300885 1.478379090258386e-10
    endloop
  endfacet
  facet normal 0.0 0.0 0.0
    outer loop
      vertex -0.01894995498657498 -0.056401675500722524 1.478379090258386e-10
      vertex -0.016115007400515413 -0.05727614144310534 1.478379090258386e-10
      vertex -0.016656688690188264 -0.059201392450185415 1.478379090258386e-10
    endloop
  endfacet
  facet normal 0.0 0.0 0.0
    outer loop
      vertex -0.01894995498657498 -0.056401675500722524 1.478379090258386e-10
      vertex -0.016656688690188264 -0.059201392450185415 1.478379090258386e-10
      vertex -0.01958692932129178 -0.0582975304506737 1.478379090258386e-10
    endloop
  endfacet
  facet normal 0.0 0.0 0.0
    outer loop
      vertex 0.05591171264648165 0.020350199422983502 1.478379090258386e-10
      vertex 0.05876772689819063 0.018127443990854593 1.478379090258386e-10
      vertex 0.05685658264159883 0.017537932119516705 1.478379090258386e-10
    endloop
  endfacet
  facet normal 0.0 0.0 0.0
    outer loop
      vertex 0.05591171264648165 0.020350199422983502 1.478379090258386e-10
      vertex 0.05779109573363985 0.02103423949256358 1.478379090258386e-10
      vertex 0.05876772689819063 0.018127443990854593 1.478379090258386e-10
    endloop
  endfacet
  facet normal 0.0 0.0 0.0
    outer loop
      vertex -0.02246847343445096 -0.057248736657949086 1.478379090258386e-10
      vertex -0.01894995498657498 -0.056401675500722524 1.478379090258386e-10
      vertex -0.01958692932129178 -0.0582975304506737 1.478379090258386e-10
    endloop
  endfacet
  facet normal 0.0 0.0 0.0
    outer loop
      vertex -0.021737791061404083 -0.05538698891624987 1.478379090258386e-10
      vertex -0.01894995498657498 -0.056401675500722524 1.478379090258386e-10
      vertex -0.02246847343445096 -0.057248736657949086 1.478379090258386e-10
    endloop
  endfacet
  facet normal 0.0 0.0 0.0
    outer loop
      vertex 0.05482783508300509 0.02311187048926768 1.478379090258386e-10
      vertex 0.05779109573363985 0.02103423949256358 1.478379090258386e-10
      vertex 0.05591171264648165 0.020350199422983502 1.478379090258386e-10
    endloop
  endfacet
  facet normal 0.0 0.0 0.0
    outer loop
      vertex 0.05482783508300509 0.02311187048926768 1.478379090258386e-10
      vertex 0.05667078781127657 0.02388873930945811 1.478379090258386e-10
      vertex 0.05779109573363985 0.02103423949256358 1.478379090258386e-10
    endloop
  endfacet
  facet normal 0.0 0.0 0.0
    outer loop
      vertex -0.024471582412722438 -0.05423459938988268 1.478379090258386e-10
      vertex -0.02246847343445096 -0.057248736657949086 1.478379090258386e-10
      vertex -0.025294157028200953 -0.05605760888084948 1.478379090258386e-10
    endloop
  endfacet
  facet normal 0.0 0.0 0.0
    outer loop
      vertex -0.024471582412722438 -0.05423459938988268 1.478379090258386e-10
      vertex -0.021737791061404083 -0.05538698891624987 1.478379090258386e-10
      vertex -0.02246847343445096 -0.057248736657949086 1.478379090258386e-10
    endloop
  endfacet
  facet normal 0.0 0.0 0.0
    outer loop
      vertex 0.05360764694213594 0.02581608267798838 1.478379090258386e-10
      vertex 0.05667078781127657 0.02388873930945811 1.478379090258386e-10
      vertex 0.05482783508300509 0.02311187048926768 1.478379090258386e-10
    endloop
  endfacet
  facet normal 0.0 0.0 0.0
    outer loop
      vertex 0.05360764694213594 0.02581608267798838 1.478379090258386e-10
      vertex 0.055409584045407426 0.026683850011972755 1.478379090258386e-10
      vertex 0.05667078781127657 0.02388873930945811 1.478379090258386e-10
    endloop
  endfacet
  facet normal 0.0 0.0 0.0
    outer loop
      vertex -0.028056955337527126 -0.05472711495384753 1.478379090258386e-10
      vertex -0.024471582412722438 -0.05423459938988268 1.478379090258386e-10
      vertex -0.025294157028200953 -0.05605760888084948 1.478379090258386e-10
    endloop
  endfacet
  facet normal 0.0 0.0 0.0
    outer loop
      vertex -0.027144535064699975 -0.05294737175926745 1.478379090258386e-10
      vertex -0.024471582412722438 -0.05423459938988268 1.478379090258386e-10
      vertex -0.028056955337527126 -0.05472711495384753 1.478379090258386e-10
    endloop
  endfacet
  facet normal 0.0 0.0 0.0
    outer loop
      vertex 0.05225418472289766 0.02845611258521494 1.478379090258386e-10
      vertex 0.055409584045407426 0.026683850011972755 1.478379090258386e-10
      vertex 0.05360764694213594 0.02581608267798838 1.478379090258386e-10
    endloop
  endfacet
  facet normal 0.0 0.0 0.0
    outer loop
      vertex 0.05225418472289766 0.02845611258521494 1.478379090258386e-10
      vertex 0.054010627746579304 0.02941261931434092 1.478379090258386e-10
      vertex 0.055409584045407426 0.026683850011972755 1.478379090258386e-10
    endloop
  endfacet
  facet normal 0.0 0.0 0.0
    outer loop
      vertex -0.029750000000002712 -0.05152851037010729 1.478379090258386e-10
      vertex -0.028056955337527126 -0.05472711495384753 1.478379090258386e-10
      vertex -0.03075000000000271 -0.05326056221947253 1.478379090258386e-10
    endloop
  endfacet
  facet normal 0.0 0.0 0.0
    outer loop
      vertex -0.029750000000002712 -0.05152851037010729 1.478379090258386e-10
      vertex -0.027144535064699975 -0.05294737175926745 1.478379090258386e-10
      vertex -0.028056955337527126 -0.05472711495384753 1.478379090258386e-10
    endloop
  endfacet
  facet normal 0.0 0.0 0.0
    outer loop
      vertex 0.05247739028930391 0.03206826468482432 1.478379090258386e-10
      vertex 0.054010627746579304 0.02941261931434092 1.478379090258386e-10
      vertex 0.05225418472289766 0.02845611258521494 1.478379090258386e-10
    endloop
  endfacet
  facet normal 0.0 0.0 0.0
    outer loop
      vertex 0.050770809173581254 0.031025395116953222 1.478379090258386e-10
      vertex 0.05247739028930391 0.03206826468482432 1.478379090258386e-10
      vertex 0.05225418472289766 0.02845611258521494 1.478379090258386e-10
    endloop
  endfacet
  facet normal 0.0 0.0 0.0
    outer loop
      vertex -0.032281501770022245 -0.04998154381737291 1.478379090258386e-10
      vertex -0.03075000000000271 -0.05326056221947253 1.478379090258386e-10
      vertex -0.033366596221926545 -0.051661593713613146 1.478379090258386e-10
    endloop
  endfacet
  facet normal 0.0 0.0 0.0
    outer loop
      vertex -0.032281501770022245 -0.04998154381737291 1.478379090258386e-10
      vertex -0.029750000000002712 -0.05152851037010729 1.478379090258386e-10
      vertex -0.03075000000000271 -0.05326056221947253 1.478379090258386e-10
    endloop
  endfacet
  facet normal 0.0 0.0 0.0
    outer loop
      vertex 0.05081368637084688 0.03464418478980479 1.478379090258386e-10
      vertex 0.05247739028930391 0.03206826468482432 1.478379090258386e-10
      vertex 0.050770809173581254 0.031025395116953222 1.478379090258386e-10
    endloop
  endfacet
  facet normal 0.0 0.0 0.0
    outer loop
      vertex 0.04916120529174532 0.03351754446998057 1.478379090258386e-10
      vertex 0.05081368637084688 0.03464418478980479 1.478379090258386e-10
      vertex 0.050770809173581254 0.031025395116953222 1.478379090258386e-10
    endloop
  endfacet
  facet normal 0.0 0.0 0.0
    outer loop
      vertex -0.03473274993896756 -0.048310309686513536 1.478379090258386e-10
      vertex -0.033366596221926545 -0.051661593713613146 1.478379090258386e-10
      vertex -0.035900234222414826 -0.04993418816551744 1.478379090258386e-10
    endloop
  endfacet
  facet normal 0.0 0.0 0.0
    outer loop
      vertex -0.03473274993896756 -0.048310309686513536 1.478379090258386e-10
      vertex -0.032281501770022245 -0.04998154381737291 1.478379090258386e-10
      vertex -0.033366596221926545 -0.051661593713613146 1.478379090258386e-10
    endloop
  endfacet
  facet normal 0.0 0.0 0.0
    outer loop
      vertex 0.04742938232421603 0.03592636176124034 1.478379090258386e-10
      vertex 0.05081368637084688 0.03464418478980479 1.478379090258386e-10
      vertex 0.04916120529174532 0.03351754446998057 1.478379090258386e-10
    endloop
  endfacet
  facet normal 0.0 0.0 0.0
    outer loop
      vertex 0.04742938232421603 0.03592636176124034 1.478379090258386e-10
      vertex 0.04902364730834688 0.03713397284522471 1.478379090258386e-10
      vertex 0.05081368637084688 0.03464418478980479 1.478379090258386e-10
    endloop
  endfacet
  facet normal 0.0 0.0 0.0
    outer loop
      vertex -0.03834462356567654 -0.048082637109609236 1.478379090258386e-10
      vertex -0.03473274993896756 -0.048310309686513536 1.478379090258386e-10
      vertex -0.035900234222414826 -0.04993418816551744 1.478379090258386e-10
    endloop
  endfacet
  facet normal 0.0 0.0 0.0
    outer loop
      vertex -0.03709764480591092 -0.04651897362694323 1.478379090258386e-10
      vertex -0.03473274993896756 -0.048310309686513536 1.478379090258386e-10
      vertex -0.03834462356567654 -0.048082637109609236 1.478379090258386e-10
    endloop
  endfacet
  facet normal 0.0 0.0 0.0
    outer loop
      vertex 0.04711173248290744 0.039531437597421976 1.478379090258386e-10
      vertex 0.04902364730834688 0.03713397284522471 1.478379090258386e-10
      vertex 0.04742938232421603 0.03592636176124034 1.478379090258386e-10
    endloop
  endfacet
  facet normal 0.0 0.0 0.0
    outer loop
      vertex 0.04557964324950901 0.03824586173072276 1.478379090258386e-10
      vertex 0.04711173248290744 0.039531437597421976 1.478379090258386e-10
      vertex 0.04742938232421603 0.03592636176124034 1.478379090258386e-10
    endloop
  endfacet
  facet normal 0.0 0.0 0.0
    outer loop
      vertex -0.039370307922365996 -0.04461197976097643 1.478379090258386e-10
      vertex -0.03834462356567654 -0.048082637109609236 1.478379090258386e-10
      vertex -0.04069367980957303 -0.04611154488548815 1.478379090258386e-10
    endloop
  endfacet
  facet normal 0.0 0.0 0.0
    outer loop
      vertex -0.039370307922365996 -0.04461197976097643 1.478379090258386e-10
      vertex -0.03709764480591092 -0.04651897362694323 1.478379090258386e-10
      vertex -0.03834462356567654 -0.048082637109609236 1.478379090258386e-10
    endloop
  endfacet
  facet normal 0.0 0.0 0.0
    outer loop
      vertex 0.043616584777829315 0.04047027655616221 1.478379090258386e-10
      vertex 0.04508269119262424 0.04183062430396495 1.478379090258386e-10
      vertex 0.04711173248290744 0.039531437597421976 1.478379090258386e-10
    endloop
  endfacet
  facet normal 0.0 0.0 0.0
    outer loop
      vertex 0.043616584777829315 0.04047027655616221 1.478379090258386e-10
      vertex 0.04711173248290744 0.039531437597421976 1.478379090258386e-10
      vertex 0.04557964324950901 0.03824586173072276 1.478379090258386e-10
    endloop
  endfacet
  facet normal 0.0 0.0 0.0
    outer loop
      vertex -0.0415450897216824 -0.04259407738670885 1.478379090258386e-10
      vertex -0.04069367980957303 -0.04611154488548815 1.478379090258386e-10
      vertex -0.0429415626525906 -0.04402580956444323 1.478379090258386e-10
    endloop
  endfacet
  facet normal 0.0 0.0 0.0
    outer loop
      vertex -0.0415450897216824 -0.04259407738670885 1.478379090258386e-10
      vertex -0.039370307922365996 -0.04461197976097643 1.478379090258386e-10
      vertex -0.04069367980957303 -0.04611154488548815 1.478379090258386e-10
    endloop
  endfacet
  facet normal 0.0 0.0 0.0
    outer loop
      vertex 0.041545089721676975 0.04259407874122081 1.478379090258386e-10
      vertex 0.04508269119262424 0.04183062430396495 1.478379090258386e-10
      vertex 0.043616584777829315 0.04047027655616221 1.478379090258386e-10
    endloop
  endfacet
  facet normal 0.0 0.0 0.0
    outer loop
      vertex 0.042941562652585176 0.04402581091895518 1.478379090258386e-10
      vertex 0.04508269119262424 0.04183062430396495 1.478379090258386e-10
      vertex 0.041545089721676975 0.04259407874122081 1.478379090258386e-10
    endloop
  endfacet
  facet normal 0.0 0.0 0.0
    outer loop
      vertex -0.04508269119262967 -0.04183062294945299 1.478379090258386e-10
      vertex -0.04361658477783475 -0.040470279016347525 1.478379090258386e-10
      vertex -0.0415450897216824 -0.04259407738670885 1.478379090258386e-10
    endloop
  endfacet
  facet normal 0.0 0.0 0.0
    outer loop
      vertex -0.04508269119262967 -0.04183062294945299 1.478379090258386e-10
      vertex -0.0415450897216824 -0.04259407738670885 1.478379090258386e-10
      vertex -0.0429415626525906 -0.04402580956444323 1.478379090258386e-10
    endloop
  endfacet
  facet normal 0.0 0.0 0.0
    outer loop
      vertex 0.0406936798095676 0.04611154242530284 1.478379090258386e-10
      vertex 0.041545089721676975 0.04259407874122081 1.478379090258386e-10
      vertex 0.03937030792236057 0.044611981115488385 1.478379090258386e-10
    endloop
  endfacet
  facet normal 0.0 0.0 0.0
    outer loop
      vertex 0.0406936798095676 0.04611154242530284 1.478379090258386e-10
      vertex 0.042941562652585176 0.04402581091895518 1.478379090258386e-10
      vertex 0.041545089721676975 0.04259407874122081 1.478379090258386e-10
    endloop
  endfacet
  facet normal 0.0 0.0 0.0
    outer loop
      vertex -0.04557964324951443 -0.03824586419090807 1.478379090258386e-10
      vertex -0.04361658477783475 -0.040470279016347525 1.478379090258386e-10
      vertex -0.04508269119262967 -0.04183062294945299 1.478379090258386e-10
    endloop
  endfacet
  facet normal 0.0 0.0 0.0
    outer loop
      vertex -0.04711173248291287 -0.03953143624291003 1.478379090258386e-10
      vertex -0.04557964324951443 -0.03824586419090807 1.478379090258386e-10
      vertex -0.04508269119262967 -0.04183062294945299 1.478379090258386e-10
    endloop
  endfacet
  facet normal 0.0 0.0 0.0
    outer loop
      vertex 0.038344623565671115 0.04808263464942392 1.478379090258386e-10
      vertex 0.03937030792236057 0.044611981115488385 1.478379090258386e-10
      vertex 0.03709764480590549 0.04651897498145518 1.478379090258386e-10
    endloop
  endfacet
  facet normal 0.0 0.0 0.0
    outer loop
      vertex 0.038344623565671115 0.04808263464942392 1.478379090258386e-10
      vertex 0.0406936798095676 0.04611154242530284 1.478379090258386e-10
      vertex 0.03937030792236057 0.044611981115488385 1.478379090258386e-10
    endloop
  endfacet
  facet normal 0.0 0.0 0.0
    outer loop
      vertex -0.04902364730835231 -0.03713397149071276 1.478379090258386e-10
      vertex -0.04557964324951443 -0.03824586419090807 1.478379090258386e-10
      vertex -0.04711173248291287 -0.03953143624291003 1.478379090258386e-10
    endloop
  endfacet
  facet normal 0.0 0.0 0.0
    outer loop
      vertex -0.04902364730835231 -0.03713397149071276 1.478379090258386e-10
      vertex -0.047429382324221454 -0.03592636422142565 1.478379090258386e-10
      vertex -0.04557964324951443 -0.03824586419090807 1.478379090258386e-10
    endloop
  endfacet
  facet normal 0.0 0.0 0.0
    outer loop
      vertex 0.03590023422240939 0.049934185705332125 1.478379090258386e-10
      vertex 0.03709764480590549 0.04651897498145518 1.478379090258386e-10
      vertex 0.03473274993896213 0.04831031104102548 1.478379090258386e-10
    endloop
  endfacet
  facet normal 0.0 0.0 0.0
    outer loop
      vertex 0.03590023422240939 0.049934185705332125 1.478379090258386e-10
      vertex 0.038344623565671115 0.04808263464942392 1.478379090258386e-10
      vertex 0.03709764480590549 0.04651897498145518 1.478379090258386e-10
    endloop
  endfacet
  facet normal 0.0 0.0 0.0
    outer loop
      vertex -0.05081368637085231 -0.03464418343529284 1.478379090258386e-10
      vertex -0.047429382324221454 -0.03592636422142565 1.478379090258386e-10
      vertex -0.04902364730835231 -0.03713397149071276 1.478379090258386e-10
    endloop
  endfacet
  facet normal 0.0 0.0 0.0
    outer loop
      vertex -0.05081368637085231 -0.03464418343529284 1.478379090258386e-10
      vertex -0.04916120529175075 -0.03351754311546862 1.478379090258386e-10
      vertex -0.047429382324221454 -0.03592636422142565 1.478379090258386e-10
    endloop
  endfacet
  facet normal 0.0 0.0 0.0
    outer loop
      vertex 0.03336659622192111 0.051661595068125093 1.478379090258386e-10
      vertex 0.03473274993896213 0.04831031104102548 1.478379090258386e-10
      vertex 0.03228150177001682 0.049981541357187596 1.478379090258386e-10
    endloop
  endfacet
  facet normal 0.0 0.0 0.0
    outer loop
      vertex 0.03336659622192111 0.051661595068125093 1.478379090258386e-10
      vertex 0.03590023422240939 0.049934185705332125 1.478379090258386e-10
      vertex 0.03473274993896213 0.04831031104102548 1.478379090258386e-10
    endloop
  endfacet
  facet normal 0.0 0.0 0.0
    outer loop
      vertex -0.05077080917358669 -0.03102539376244128 1.478379090258386e-10
      vertex -0.04916120529175075 -0.03351754311546862 1.478379090258386e-10
      vertex -0.05081368637085231 -0.03464418343529284 1.478379090258386e-10
    endloop
  endfacet
  facet normal 0.0 0.0 0.0
    outer loop
      vertex -0.05247739028930934 -0.03206826333031237 1.478379090258386e-10
      vertex -0.05077080917358669 -0.03102539376244128 1.478379090258386e-10
      vertex -0.05081368637085231 -0.03464418343529284 1.478379090258386e-10
    endloop
  endfacet
  facet normal 0.0 0.0 0.0
    outer loop
      vertex 0.030749999999997283 0.053260563573984475 1.478379090258386e-10
      vertex 0.03228150177001682 0.049981541357187596 1.478379090258386e-10
      vertex 0.029749999999997282 0.051528511724619246 1.478379090258386e-10
    endloop
  endfacet
  facet normal 0.0 0.0 0.0
    outer loop
      vertex 0.030749999999997283 0.053260563573984475 1.478379090258386e-10
      vertex 0.03336659622192111 0.051661595068125093 1.478379090258386e-10
      vertex 0.03228150177001682 0.049981541357187596 1.478379090258386e-10
    endloop
  endfacet
  facet normal 0.0 0.0 0.0
    outer loop
      vertex -0.05401062774658473 -0.02941261986717761 1.478379090258386e-10
      vertex -0.052254184722903094 -0.028456111230702998 1.478379090258386e-10
      vertex -0.05077080917358669 -0.03102539376244128 1.478379090258386e-10
    endloop
  endfacet
  facet normal 0.0 0.0 0.0
    outer loop
      vertex -0.05401062774658473 -0.02941261986717761 1.478379090258386e-10
      vertex -0.05077080917358669 -0.03102539376244128 1.478379090258386e-10
      vertex -0.05247739028930934 -0.03206826333031237 1.478379090258386e-10
    endloop
  endfacet
  facet normal 0.0 0.0 0.0
    outer loop
      vertex 0.02714453506469455 0.0529473731137794 1.478379090258386e-10
      vertex 0.030749999999997283 0.053260563573984475 1.478379090258386e-10
      vertex 0.029749999999997282 0.051528511724619246 1.478379090258386e-10
    endloop
  endfacet
  facet normal 0.0 0.0 0.0
    outer loop
      vertex 0.028056955337521696 0.054727116308359476 1.478379090258386e-10
      vertex 0.030749999999997283 0.053260563573984475 1.478379090258386e-10
      vertex 0.02714453506469455 0.0529473731137794 1.478379090258386e-10
    endloop
  endfacet
  facet normal 0.0 0.0 0.0
    outer loop
      vertex -0.053607646942141374 -0.025816083230825067 1.478379090258386e-10
      vertex -0.052254184722903094 -0.028456111230702998 1.478379090258386e-10
      vertex -0.05401062774658473 -0.02941261986717761 1.478379090258386e-10
    endloop
  endfacet
  facet normal 0.0 0.0 0.0
    outer loop
      vertex -0.05540958404541286 -0.026683850564809444 1.478379090258386e-10
      vertex -0.053607646942141374 -0.025816083230825067 1.478379090258386e-10
      vertex -0.05401062774658473 -0.02941261986717761 1.478379090258386e-10
    endloop
  endfacet
  facet normal 0.0 0.0 0.0
    outer loop
      vertex 0.025294157028195523 0.05605761023536143 1.478379090258386e-10
      vertex 0.02714453506469455 0.0529473731137794 1.478379090258386e-10
      vertex 0.02447158241271701 0.05423459692969737 1.478379090258386e-10
    endloop
  endfacet
  facet normal 0.0 0.0 0.0
    outer loop
      vertex 0.025294157028195523 0.05605761023536143 1.478379090258386e-10
      vertex 0.028056955337521696 0.054727116308359476 1.478379090258386e-10
      vertex 0.02714453506469455 0.0529473731137794 1.478379090258386e-10
    endloop
  endfacet
  facet normal 0.0 0.0 0.0
    outer loop
      vertex -0.054827835083010514 -0.023111871042104368 1.478379090258386e-10
      vertex -0.053607646942141374 -0.025816083230825067 1.478379090258386e-10
      vertex -0.05540958404541286 -0.026683850564809444 1.478379090258386e-10
    endloop
  endfacet
  facet normal 0.0 0.0 0.0
    outer loop
      vertex -0.056670787811282 -0.023888739862294797 1.478379090258386e-10
      vertex -0.054827835083010514 -0.023111871042104368 1.478379090258386e-10
      vertex -0.05540958404541286 -0.026683850564809444 1.478379090258386e-10
    endloop
  endfacet
  facet normal 0.0 0.0 0.0
    outer loop
      vertex 0.021737791061398653 0.05538698645606455 1.478379090258386e-10
      vertex 0.025294157028195523 0.05605761023536143 1.478379090258386e-10
      vertex 0.02447158241271701 0.05423459692969737 1.478379090258386e-10
    endloop
  endfacet
  facet normal 0.0 0.0 0.0
    outer loop
      vertex 0.02246847343444553 0.05724873419776377 1.478379090258386e-10
      vertex 0.025294157028195523 0.05605761023536143 1.478379090258386e-10
      vertex 0.021737791061398653 0.05538698645606455 1.478379090258386e-10
    endloop
  endfacet
  facet normal 0.0 0.0 0.0
    outer loop
      vertex -0.055911712646487075 -0.020350198068471555 1.478379090258386e-10
      vertex -0.054827835083010514 -0.023111871042104368 1.478379090258386e-10
      vertex -0.056670787811282 -0.023888739862294797 1.478379090258386e-10
    endloop
  endfacet
  facet normal 0.0 0.0 0.0
    outer loop
      vertex -0.05779109573364528 -0.021034238138051633 1.478379090258386e-10
      vertex -0.055911712646487075 -0.020350198068471555 1.478379090258386e-10
      vertex -0.056670787811282 -0.023888739862294797 1.478379090258386e-10
    endloop
  endfacet
  facet normal 0.0 0.0 0.0
    outer loop
      vertex 0.01958692932128635 0.05829753180518565 1.478379090258386e-10
      vertex 0.021737791061398653 0.05538698645606455 1.478379090258386e-10
      vertex 0.01894995498656955 0.05640167685523448 1.478379090258386e-10
    endloop
  endfacet
  facet normal 0.0 0.0 0.0
    outer loop
      vertex 0.01958692932128635 0.05829753180518565 1.478379090258386e-10
      vertex 0.02246847343444553 0.05724873419776377 1.478379090258386e-10
      vertex 0.021737791061398653 0.05538698645606455 1.478379090258386e-10
    endloop
  endfacet
  facet normal 0.0 0.0 0.0
    outer loop
      vertex -0.056856582641604266 -0.01753793267235339 1.478379090258386e-10
      vertex -0.055911712646487075 -0.020350198068471555 1.478379090258386e-10
      vertex -0.05779109573364528 -0.021034238138051633 1.478379090258386e-10
    endloop
  endfacet
  facet normal 0.0 0.0 0.0
    outer loop
      vertex -0.05876772689819606 -0.01812744263634265 1.478379090258386e-10
      vertex -0.056856582641604266 -0.01753793267235339 1.478379090258386e-10
      vertex -0.05779109573364528 -0.021034238138051633 1.478379090258386e-10
    endloop
  endfacet
  facet normal 0.0 0.0 0.0
    outer loop
      vertex 0.016656688690182837 0.0592013899900001 1.478379090258386e-10
      vertex 0.01894995498656955 0.05640167685523448 1.478379090258386e-10
      vertex 0.016115007400509983 0.05727614279761729 1.478379090258386e-10
    endloop
  endfacet
  facet normal 0.0 0.0 0.0
    outer loop
      vertex 0.016656688690182837 0.0592013899900001 1.478379090258386e-10
      vertex 0.01958692932128635 0.05829753180518565 1.478379090258386e-10
      vertex 0.01894995498656955 0.05640167685523448 1.478379090258386e-10
    endloop
  endfacet
  facet normal 0.0 0.0 0.0
    outer loop
      vertex -0.05959825134277614 -0.01517558030113757 1.478379090258386e-10
      vertex -0.057660099029543714 -0.014682065286489132 1.478379090258386e-10
      vertex -0.056856582641604266 -0.01753793267235339 1.478379090258386e-10
    endloop
  endfacet
  facet normal 0.0 0.0 0.0
    outer loop
      vertex -0.05959825134277614 -0.01517558030113757 1.478379090258386e-10
      vertex -0.056856582641604266 -0.01753793267235339 1.478379090258386e-10
      vertex -0.05876772689819606 -0.01812744263634265 1.478379090258386e-10
    endloop
  endfacet
  facet normal 0.0 0.0 0.0
    outer loop
      vertex 0.013685037612912327 0.05995806571021495 1.478379090258386e-10
      vertex 0.016115007400509983 0.05727614279761729 1.478379090258386e-10
      vertex 0.013239995956418185 0.05800820990577159 1.478379090258386e-10
    endloop
  endfacet
  facet normal 0.0 0.0 0.0
    outer loop
      vertex 0.013685037612912327 0.05995806571021495 1.478379090258386e-10
      vertex 0.016656688690182837 0.0592013899900001 1.478379090258386e-10
      vertex 0.016115007400509983 0.05727614279761729 1.478379090258386e-10
    endloop
  endfacet
  facet normal 0.0 0.0 0.0
    outer loop
      vertex -0.06028060913086208 -0.012185987748952512 1.478379090258386e-10
      vertex -0.05832026290893825 -0.011789695062490111 1.478379090258386e-10
      vertex -0.057660099029543714 -0.014682065286489132 1.478379090258386e-10
    endloop
  endfacet
  facet normal 0.0 0.0 0.0
    outer loop
      vertex -0.06028060913086208 -0.012185987748952512 1.478379090258386e-10
      vertex -0.057660099029543714 -0.014682065286489132 1.478379090258386e-10
      vertex -0.05959825134277614 -0.01517558030113757 1.478379090258386e-10
    endloop
  endfacet
  facet normal 0.0 0.0 0.0
    outer loop
      vertex 0.01067936325072971 0.060565678320078226 1.478379090258386e-10
      vertex 0.013239995956418185 0.05800820990577159 1.478379090258386e-10
      vertex 0.010332066535946996 0.05859606238379893 1.478379090258386e-10
    endloop
  endfacet
  facet normal 0.0 0.0 0.0
    outer loop
      vertex 0.01067936325072971 0.060565678320078226 1.478379090258386e-10
      vertex 0.013685037612912327 0.05995806571021495 1.478379090258386e-10
      vertex 0.013239995956418185 0.05800820990577159 1.478379090258386e-10
    endloop
  endfacet
  facet normal 0.0 0.0 0.0
    outer loop
      vertex -0.06081309509277614 -0.009166099824758177 1.478379090258386e-10
      vertex -0.058835433959963636 -0.008868014612050657 1.478379090258386e-10
      vertex -0.05832026290893825 -0.011789695062490111 1.478379090258386e-10
    endloop
  endfacet
  facet normal 0.0 0.0 0.0
    outer loop
      vertex -0.06081309509277614 -0.009166099824758177 1.478379090258386e-10
      vertex -0.05832026290893825 -0.011789695062490111 1.478379090258386e-10
      vertex -0.06028060913086208 -0.012185987748952512 1.478379090258386e-10
    endloop
  endfacet
  facet normal 0.0 0.0 0.0
    outer loop
      vertex 0.007647137641904027 0.06102270957007823 1.478379090258386e-10
      vertex 0.01067936325072971 0.060565678320078226 1.478379090258386e-10
      vertex 0.010332066535946996 0.05859606238379893 1.478379090258386e-10
    endloop
  endfacet
  facet normal 0.0 0.0 0.0
    outer loop
      vertex 0.007647137641904027 0.06102270957007823 1.478379090258386e-10
      vertex 0.010332066535946996 0.05859606238379893 1.478379090258386e-10
      vertex 0.007398450374600561 0.059038231573252054 1.478379090258386e-10
    endloop
  endfacet
  facet normal 0.0 0.0 0.0
    outer loop
      vertex -0.061194393157961685 -0.00612342242226184 1.478379090258386e-10
      vertex -0.058835433959963636 -0.008868014612050657 1.478379090258386e-10
      vertex -0.06081309509277614 -0.009166099824758177 1.478379090258386e-10
    endloop
  endfacet
  facet normal 0.0 0.0 0.0
    outer loop
      vertex -0.061194393157961685 -0.00612342242226184 1.478379090258386e-10
      vertex -0.059204330444338635 -0.00592428664192737 1.478379090258386e-10
      vertex -0.058835433959963636 -0.008868014612050657 1.478379090258386e-10
    endloop
  endfacet
  facet normal 0.0 0.0 0.0
    outer loop
      vertex 0.004595900535580786 0.061328034124521584 1.478379090258386e-10
      vertex 0.007647137641904027 0.06102270957007823 1.478379090258386e-10
      vertex 0.007398450374600561 0.059038231573252054 1.478379090258386e-10
    endloop
  endfacet
  facet normal 0.0 0.0 0.0
    outer loop
      vertex 0.004595900535580786 0.061328034124521584 1.478379090258386e-10
      vertex 0.007398450374600561 0.059038231573252054 1.478379090258386e-10
      vertex 0.0044464406967135986 0.05933362647071299 1.478379090258386e-10
    endloop
  endfacet
  facet normal 0.0 0.0 0.0
    outer loop
      vertex -0.06142354965210231 -0.003065521993489869 1.478379090258386e-10
      vertex -0.059426036834719496 -0.0029658301256615003 1.478379090258386e-10
      vertex -0.059204330444338635 -0.00592428664192737 1.478379090258386e-10
    endloop
  endfacet
  facet normal 0.0 0.0 0.0
    outer loop
      vertex -0.06142354965210231 -0.003065521993489869 1.478379090258386e-10
      vertex -0.059204330444338635 -0.00592428664192737 1.478379090258386e-10
      vertex -0.061194393157961685 -0.00612342242226184 1.478379090258386e-10
    endloop
  endfacet
  facet normal 0.0 0.0 0.0
    outer loop
      vertex 0.0015332375764819713 0.06148088522925792 1.478379090258386e-10
      vertex 0.0044464406967135986 0.05933362647071299 1.478379090258386e-10
      vertex 0.0014833761453601452 0.059481507024912214 1.478379090258386e-10
    endloop
  endfacet
  facet normal 0.0 0.0 0.0
    outer loop
      vertex 0.0015332375764819713 0.06148088522925792 1.478379090258386e-10
      vertex 0.004595900535580786 0.061328034124521584 1.478379090258386e-10
      vertex 0.0044464406967135986 0.05933362647071299 1.478379090258386e-10
    endloop
  endfacet
  facet normal 0.0 0.0 0.0
    outer loop
      vertex -0.0615000000000027 -7.46854321612765e-13 1.478379090258386e-10
      vertex -0.059426036834719496 -0.0029658301256615003 1.478379090258386e-10
      vertex -0.06142354965210231 -0.003065521993489869 1.478379090258386e-10
    endloop
  endfacet
  facet normal 0.0 0.0 0.0
    outer loop
      vertex -0.0615000000000027 -7.46854321612765e-13 1.478379090258386e-10
      vertex -0.059500000000002704 -7.468545450057743e-13 1.478379090258386e-10
      vertex -0.059426036834719496 -0.0029658301256615003 1.478379090258386e-10
    endloop
  endfacet
  facet normal 0.0 0.0 0.0
    outer loop
      vertex -0.059426036834719496 0.002965830288080564 1.478379090258386e-10
      vertex -0.059500000000002704 -7.468545450057743e-13 1.478379090258386e-10
      vertex -0.0615000000000027 -7.46854321612765e-13 1.478379090258386e-10
    endloop
  endfacet
  facet normal 0.0 0.0 0.0
    outer loop
      vertex -0.0015332375764873882 0.06148088522925792 1.478379090258386e-10
      vertex 0.0014833761453601452 0.059481507024912214 1.478379090258386e-10
      vertex -0.0014833761453655625 0.059481507024912214 1.478379090258386e-10
    endloop
  endfacet
  facet normal 0.0 0.0 0.0
    outer loop
      vertex -0.0015332375764873882 0.06148088522925792 1.478379090258386e-10
      vertex 0.0015332375764819713 0.06148088522925792 1.478379090258386e-10
      vertex 0.0014833761453601452 0.059481507024912214 1.478379090258386e-10
    endloop
  endfacet
  facet normal 0.0 0.0 0.0
    outer loop
      vertex -0.06142354965210231 0.003065521917490354 1.478379090258386e-10
      vertex -0.059426036834719496 0.002965830288080564 1.478379090258386e-10
      vertex -0.0615000000000027 -7.46854321612765e-13 1.478379090258386e-10
    endloop
  endfacet
  facet normal 0.0 0.0 0.0
    outer loop
      vertex -0.059204330444338635 0.0059242870427650115 1.478379090258386e-10
      vertex -0.059426036834719496 0.002965830288080564 1.478379090258386e-10
      vertex -0.06142354965210231 0.003065521917490354 1.478379090258386e-10
    endloop
  endfacet
  facet normal 0.0 0.0 0.0
    outer loop
      vertex -0.004595900535586204 0.061328034124521584 1.478379090258386e-10
      vertex -0.0015332375764873882 0.06148088522925792 1.478379090258386e-10
      vertex -0.0014833761453655625 0.059481507024912214 1.478379090258386e-10
    endloop
  endfacet
  facet normal 0.0 0.0 0.0
    outer loop
      vertex -0.004595900535586204 0.061328034124521584 1.478379090258386e-10
      vertex -0.0014833761453655625 0.059481507024912214 1.478379090258386e-10
      vertex -0.004446440696719017 0.05933362647071299 1.478379090258386e-10
    endloop
  endfacet
  facet normal 0.0 0.0 0.0
    outer loop
      vertex -0.061194393157961685 0.006123422346262326 1.478379090258386e-10
      vertex -0.059204330444338635 0.0059242870427650115 1.478379090258386e-10
      vertex -0.06142354965210231 0.003065521917490354 1.478379090258386e-10
    endloop
  endfacet
  facet normal 0.0 0.0 0.0
    outer loop
      vertex -0.007647137641909446 0.06102270957007823 1.478379090258386e-10
      vertex -0.004446440696719017 0.05933362647071299 1.478379090258386e-10
      vertex -0.007398450374605979 0.059038231573252054 1.478379090258386e-10
    endloop
  endfacet
  facet normal 0.0 0.0 0.0
    outer loop
      vertex -0.007647137641909446 0.06102270957007823 1.478379090258386e-10
      vertex -0.004595900535586204 0.061328034124521584 1.478379090258386e-10
      vertex -0.004446440696719017 0.05933362647071299 1.478379090258386e-10
    endloop
  endfacet
  facet normal 0.0 0.0 0.0
    outer loop
      vertex -0.010332066535952414 0.05859606238379893 1.478379090258386e-10
      vertex -0.007647137641909446 0.06102270957007823 1.478379090258386e-10
      vertex -0.007398450374605979 0.059038231573252054 1.478379090258386e-10
    endloop
  endfacet
  facet normal 0.0 0.0 0.0
    outer loop
      vertex -0.06081309509277614 0.009166099271921507 1.478379090258386e-10
      vertex -0.059204330444338635 0.0059242870427650115 1.478379090258386e-10
      vertex -0.061194393157961685 0.006123422346262326 1.478379090258386e-10
    endloop
  endfacet
  facet normal 0.0 0.0 0.0
    outer loop
      vertex -0.06081309509277614 0.009166099271921507 1.478379090258386e-10
      vertex -0.058835433959963636 0.008868015012888303 1.478379090258386e-10
      vertex -0.059204330444338635 0.0059242870427650115 1.478379090258386e-10
    endloop
  endfacet
  facet normal 0.0 0.0 0.0
    outer loop
      vertex -0.05832026290893825 0.011789695463327757 1.478379090258386e-10
      vertex -0.058835433959963636 0.008868015012888303 1.478379090258386e-10
      vertex -0.06081309509277614 0.009166099271921507 1.478379090258386e-10
    endloop
  endfacet
  facet normal 0.0 0.0 0.0
    outer loop
      vertex -0.01067936325073513 0.060565678320078226 1.478379090258386e-10
      vertex -0.007647137641909446 0.06102270957007823 1.478379090258386e-10
      vertex -0.010332066535952414 0.05859606238379893 1.478379090258386e-10
    endloop
  endfacet
  facet normal 0.0 0.0 0.0
    outer loop
      vertex -0.013239995956423604 0.05800820990577159 1.478379090258386e-10
      vertex -0.01067936325073513 0.060565678320078226 1.478379090258386e-10
      vertex -0.010332066535952414 0.05859606238379893 1.478379090258386e-10
    endloop
  endfacet
  facet normal 0.0 0.0 0.0
    outer loop
      vertex -0.06028060913086208 0.012185988149790158 1.478379090258386e-10
      vertex -0.05832026290893825 0.011789695463327757 1.478379090258386e-10
      vertex -0.06081309509277614 0.009166099271921507 1.478379090258386e-10
    endloop
  endfacet
  facet normal 0.0 0.0 0.0
    outer loop
      vertex -0.013685037612917745 0.05995806571021495 1.478379090258386e-10
      vertex -0.01067936325073513 0.060565678320078226 1.478379090258386e-10
      vertex -0.013239995956423604 0.05800820990577159 1.478379090258386e-10
    endloop
  endfacet
  facet normal 0.0 0.0 0.0
    outer loop
      vertex -0.05959825134277614 0.0151755797483009 1.478379090258386e-10
      vertex -0.057660099029543714 0.014682064733652462 1.478379090258386e-10
      vertex -0.05832026290893825 0.011789695463327757 1.478379090258386e-10
    endloop
  endfacet
  facet normal 0.0 0.0 0.0
    outer loop
      vertex -0.05959825134277614 0.0151755797483009 1.478379090258386e-10
      vertex -0.05832026290893825 0.011789695463327757 1.478379090258386e-10
      vertex -0.06028060913086208 0.012185988149790158 1.478379090258386e-10
    endloop
  endfacet
  facet normal 0.0 0.0 0.0
    outer loop
      vertex -0.01665668869018825 0.0592013899900001 1.478379090258386e-10
      vertex -0.013239995956423604 0.05800820990577159 1.478379090258386e-10
      vertex -0.0161150074005154 0.05727614279761729 1.478379090258386e-10
    endloop
  endfacet
  facet normal 0.0 0.0 0.0
    outer loop
      vertex -0.01665668869018825 0.0592013899900001 1.478379090258386e-10
      vertex -0.013685037612917745 0.05995806571021495 1.478379090258386e-10
      vertex -0.013239995956423604 0.05800820990577159 1.478379090258386e-10
    endloop
  endfacet
  facet normal 0.0 0.0 0.0
    outer loop
      vertex -0.05876772689819606 0.01812744399085461 1.478379090258386e-10
      vertex -0.056856582641604266 0.01753793211951672 1.478379090258386e-10
      vertex -0.057660099029543714 0.014682064733652462 1.478379090258386e-10
    endloop
  endfacet
  facet normal 0.0 0.0 0.0
    outer loop
      vertex -0.05876772689819606 0.01812744399085461 1.478379090258386e-10
      vertex -0.057660099029543714 0.014682064733652462 1.478379090258386e-10
      vertex -0.05959825134277614 0.0151755797483009 1.478379090258386e-10
    endloop
  endfacet
  facet normal 0.0 0.0 0.0
    outer loop
      vertex -0.019586929321291767 0.05829753180518565 1.478379090258386e-10
      vertex -0.0161150074005154 0.05727614279761729 1.478379090258386e-10
      vertex -0.018949954986574973 0.05640167685523448 1.478379090258386e-10
    endloop
  endfacet
  facet normal 0.0 0.0 0.0
    outer loop
      vertex -0.019586929321291767 0.05829753180518565 1.478379090258386e-10
      vertex -0.018949954986574973 0.05640167685523448 1.478379090258386e-10
      vertex -0.021737791061404076 0.05538698645606455 1.478379090258386e-10
    endloop
  endfacet
  facet normal 0.0 0.0 0.0
    outer loop
      vertex -0.019586929321291767 0.05829753180518565 1.478379090258386e-10
      vertex -0.01665668869018825 0.0592013899900001 1.478379090258386e-10
      vertex -0.0161150074005154 0.05727614279761729 1.478379090258386e-10
    endloop
  endfacet
  facet normal 0.0 0.0 0.0
    outer loop
      vertex -0.05779109573364528 0.021034239492563594 1.478379090258386e-10
      vertex -0.055911712646487075 0.020350199422983516 1.478379090258386e-10
      vertex -0.056856582641604266 0.01753793211951672 1.478379090258386e-10
    endloop
  endfacet
  facet normal 0.0 0.0 0.0
    outer loop
      vertex -0.05779109573364528 0.021034239492563594 1.478379090258386e-10
      vertex -0.056856582641604266 0.01753793211951672 1.478379090258386e-10
      vertex -0.05876772689819606 0.01812744399085461 1.478379090258386e-10
    endloop
  endfacet
  facet normal 0.0 0.0 0.0
    outer loop
      vertex -0.022468473434450947 0.05724873419776377 1.478379090258386e-10
      vertex -0.019586929321291767 0.05829753180518565 1.478379090258386e-10
      vertex -0.021737791061404076 0.05538698645606455 1.478379090258386e-10
    endloop
  endfacet
  facet normal 0.0 0.0 0.0
    outer loop
      vertex -0.056670787811282 0.023888739309458125 1.478379090258386e-10
      vertex -0.053607646942141374 0.025816082677988395 1.478379090258386e-10
      vertex -0.054827835083010514 0.023111870489267695 1.478379090258386e-10
    endloop
  endfacet
  facet normal 0.0 0.0 0.0
    outer loop
      vertex -0.056670787811282 0.023888739309458125 1.478379090258386e-10
      vertex -0.054827835083010514 0.023111870489267695 1.478379090258386e-10
      vertex -0.055911712646487075 0.020350199422983516 1.478379090258386e-10
    endloop
  endfacet
  facet normal 0.0 0.0 0.0
    outer loop
      vertex -0.056670787811282 0.023888739309458125 1.478379090258386e-10
      vertex -0.055911712646487075 0.020350199422983516 1.478379090258386e-10
      vertex -0.05779109573364528 0.021034239492563594 1.478379090258386e-10
    endloop
  endfacet
  facet normal 0.0 0.0 0.0
    outer loop
      vertex -0.025294157028200946 0.05605761023536143 1.478379090258386e-10
      vertex -0.021737791061404076 0.05538698645606455 1.478379090258386e-10
      vertex -0.02447158241272243 0.05423459692969737 1.478379090258386e-10
    endloop
  endfacet
  facet normal 0.0 0.0 0.0
    outer loop
      vertex -0.025294157028200946 0.05605761023536143 1.478379090258386e-10
      vertex -0.022468473434450947 0.05724873419776377 1.478379090258386e-10
      vertex -0.021737791061404076 0.05538698645606455 1.478379090258386e-10
    endloop
  endfacet
  facet normal 0.0 0.0 0.0
    outer loop
      vertex -0.05540958404541286 0.02668385001197277 1.478379090258386e-10
      vertex -0.053607646942141374 0.025816082677988395 1.478379090258386e-10
      vertex -0.056670787811282 0.023888739309458125 1.478379090258386e-10
    endloop
  endfacet
  facet normal 0.0 0.0 0.0
    outer loop
      vertex -0.02805695533752712 0.054727116308359476 1.478379090258386e-10
      vertex -0.02447158241272243 0.05423459692969737 1.478379090258386e-10
      vertex -0.02714453506469997 0.0529473731137794 1.478379090258386e-10
    endloop
  endfacet
  facet normal 0.0 0.0 0.0
    outer loop
      vertex -0.02805695533752712 0.054727116308359476 1.478379090258386e-10
      vertex -0.025294157028200946 0.05605761023536143 1.478379090258386e-10
      vertex -0.02447158241272243 0.05423459692969737 1.478379090258386e-10
    endloop
  endfacet
  facet normal 0.0 0.0 0.0
    outer loop
      vertex -0.05401062774658473 0.029412619314340933 1.478379090258386e-10
      vertex -0.053607646942141374 0.025816082677988395 1.478379090258386e-10
      vertex -0.05540958404541286 0.02668385001197277 1.478379090258386e-10
    endloop
  endfacet
  facet normal 0.0 0.0 0.0
    outer loop
      vertex -0.05401062774658473 0.029412619314340933 1.478379090258386e-10
      vertex -0.05077080917358669 0.03102539511695324 1.478379090258386e-10
      vertex -0.052254184722903094 0.028456112585214955 1.478379090258386e-10
    endloop
  endfacet
  facet normal 0.0 0.0 0.0
    outer loop
      vertex -0.05401062774658473 0.029412619314340933 1.478379090258386e-10
      vertex -0.052254184722903094 0.028456112585214955 1.478379090258386e-10
      vertex -0.053607646942141374 0.025816082677988395 1.478379090258386e-10
    endloop
  endfacet
  facet normal 0.0 0.0 0.0
    outer loop
      vertex -0.030750000000002702 0.053260563573984475 1.478379090258386e-10
      vertex -0.02714453506469997 0.0529473731137794 1.478379090258386e-10
      vertex -0.029750000000002705 0.051528511724619246 1.478379090258386e-10
    endloop
  endfacet
  facet normal 0.0 0.0 0.0
    outer loop
      vertex -0.030750000000002702 0.053260563573984475 1.478379090258386e-10
      vertex -0.02805695533752712 0.054727116308359476 1.478379090258386e-10
      vertex -0.02714453506469997 0.0529473731137794 1.478379090258386e-10
    endloop
  endfacet
  facet normal 0.0 0.0 0.0
    outer loop
      vertex -0.05247739028930934 0.032068264684824335 1.478379090258386e-10
      vertex -0.05077080917358669 0.03102539511695324 1.478379090258386e-10
      vertex -0.05401062774658473 0.029412619314340933 1.478379090258386e-10
    endloop
  endfacet
  facet normal 0.0 0.0 0.0
    outer loop
      vertex -0.03336659622192653 0.05166159506812511 1.478379090258386e-10
      vertex -0.030750000000002702 0.053260563573984475 1.478379090258386e-10
      vertex -0.029750000000002705 0.051528511724619246 1.478379090258386e-10
    endloop
  endfacet
  facet normal 0.0 0.0 0.0
    outer loop
      vertex -0.03336659622192653 0.05166159506812511 1.478379090258386e-10
      vertex -0.029750000000002705 0.051528511724619246 1.478379090258386e-10
      vertex -0.03228150177002223 0.04998154135718761 1.478379090258386e-10
    endloop
  endfacet
  facet normal 0.0 0.0 0.0
    outer loop
      vertex -0.03336659622192653 0.05166159506812511 1.478379090258386e-10
      vertex -0.03228150177002223 0.04998154135718761 1.478379090258386e-10
      vertex -0.03473274993896754 0.0483103110410255 1.478379090258386e-10
    endloop
  endfacet
  facet normal 0.0 0.0 0.0
    outer loop
      vertex -0.05081368637085231 0.034644184789804806 1.478379090258386e-10
      vertex -0.05077080917358669 0.03102539511695324 1.478379090258386e-10
      vertex -0.05247739028930934 0.032068264684824335 1.478379090258386e-10
    endloop
  endfacet
  facet normal 0.0 0.0 0.0
    outer loop
      vertex -0.05081368637085231 0.034644184789804806 1.478379090258386e-10
      vertex -0.047429382324221454 0.03592636176124035 1.478379090258386e-10
      vertex -0.04916120529175075 0.033517544469980586 1.478379090258386e-10
    endloop
  endfacet
  facet normal 0.0 0.0 0.0
    outer loop
      vertex -0.05081368637085231 0.034644184789804806 1.478379090258386e-10
      vertex -0.04916120529175075 0.033517544469980586 1.478379090258386e-10
      vertex -0.05077080917358669 0.03102539511695324 1.478379090258386e-10
    endloop
  endfacet
  facet normal 0.0 0.0 0.0
    outer loop
      vertex -0.03590023422241481 0.04993418570533214 1.478379090258386e-10
      vertex -0.03336659622192653 0.05166159506812511 1.478379090258386e-10
      vertex -0.03473274993896754 0.0483103110410255 1.478379090258386e-10
    endloop
  endfacet
  facet normal 0.0 0.0 0.0
    outer loop
      vertex -0.04902364730835231 0.037133972845224725 1.478379090258386e-10
      vertex -0.04557964324951442 0.03824586173072277 1.478379090258386e-10
      vertex -0.047429382324221454 0.03592636176124035 1.478379090258386e-10
    endloop
  endfacet
  facet normal 0.0 0.0 0.0
    outer loop
      vertex -0.04902364730835231 0.037133972845224725 1.478379090258386e-10
      vertex -0.047429382324221454 0.03592636176124035 1.478379090258386e-10
      vertex -0.05081368637085231 0.034644184789804806 1.478379090258386e-10
    endloop
  endfacet
  facet normal 0.0 0.0 0.0
    outer loop
      vertex -0.03834462356567653 0.04808263464942394 1.478379090258386e-10
      vertex -0.03473274993896754 0.0483103110410255 1.478379090258386e-10
      vertex -0.037097644805910907 0.04651897498145519 1.478379090258386e-10
    endloop
  endfacet
  facet normal 0.0 0.0 0.0
    outer loop
      vertex -0.03834462356567653 0.04808263464942394 1.478379090258386e-10
      vertex -0.03590023422241481 0.04993418570533214 1.478379090258386e-10
      vertex -0.03473274993896754 0.0483103110410255 1.478379090258386e-10
    endloop
  endfacet
  facet normal 0.0 0.0 0.0
    outer loop
      vertex -0.04711173248291286 0.03953143759742199 1.478379090258386e-10
      vertex -0.04557964324951442 0.03824586173072277 1.478379090258386e-10
      vertex -0.04902364730835231 0.037133972845224725 1.478379090258386e-10
    endloop
  endfacet
  facet normal 0.0 0.0 0.0
    outer loop
      vertex -0.04069367980957301 0.046111542425302854 1.478379090258386e-10
      vertex -0.037097644805910907 0.04651897498145519 1.478379090258386e-10
      vertex -0.03937030792236598 0.0446119811154884 1.478379090258386e-10
    endloop
  endfacet
  facet normal 0.0 0.0 0.0
    outer loop
      vertex -0.04069367980957301 0.046111542425302854 1.478379090258386e-10
      vertex -0.03834462356567653 0.04808263464942394 1.478379090258386e-10
      vertex -0.037097644805910907 0.04651897498145519 1.478379090258386e-10
    endloop
  endfacet
  facet normal 0.0 0.0 0.0
    outer loop
      vertex -0.045082691192629656 0.04183062430396496 1.478379090258386e-10
      vertex -0.043616584777834734 0.04047027655616223 1.478379090258386e-10
      vertex -0.04557964324951442 0.03824586173072277 1.478379090258386e-10
    endloop
  endfacet
  facet normal 0.0 0.0 0.0
    outer loop
      vertex -0.045082691192629656 0.04183062430396496 1.478379090258386e-10
      vertex -0.04557964324951442 0.03824586173072277 1.478379090258386e-10
      vertex -0.04711173248291286 0.03953143759742199 1.478379090258386e-10
    endloop
  endfacet
  facet normal 0.0 0.0 0.0
    outer loop
      vertex -0.04294156265259059 0.044025810918955195 1.478379090258386e-10
      vertex -0.043616584777834734 0.04047027655616223 1.478379090258386e-10
      vertex -0.045082691192629656 0.04183062430396496 1.478379090258386e-10
    endloop
  endfacet
  facet normal 0.0 0.0 0.0
    outer loop
      vertex -0.04294156265259059 0.044025810918955195 1.478379090258386e-10
      vertex -0.03937030792236598 0.0446119811154884 1.478379090258386e-10
      vertex -0.04154508972168239 0.04259407874122082 1.478379090258386e-10
    endloop
  endfacet
  facet normal 0.0 0.0 0.0
    outer loop
      vertex -0.04294156265259059 0.044025810918955195 1.478379090258386e-10
      vertex -0.04069367980957301 0.046111542425302854 1.478379090258386e-10
      vertex -0.03937030792236598 0.0446119811154884 1.478379090258386e-10
    endloop
  endfacet
  facet normal 0.0 0.0 0.0
    outer loop
      vertex -0.04294156265259059 0.044025810918955195 1.478379090258386e-10
      vertex -0.04154508972168239 0.04259407874122082 1.478379090258386e-10
      vertex -0.043616584777834734 0.04047027655616223 1.478379090258386e-10
    endloop
  endfacet
  facet normal 0.0 0.0 0.0
    outer loop
      vertex -0.061428890228274184 -0.0029565813921409926 0.01699999990941933
      vertex -0.0615000000000027 -7.46854321612765e-13 0.01699999990941933
      vertex -0.0615000000000027 -7.46854321612765e-13 1.478379090258386e-10
    endloop
  endfacet
  facet normal 0.0 0.0 0.0
    outer loop
      vertex -0.061428890228274184 -0.0029565813921409926 0.01699999990941933
      vertex -0.0615000000000027 -7.46854321612765e-13 1.478379090258386e-10
      vertex -0.06142354965210231 -0.003065521993489869 1.478379090258386e-10
    endloop
  endfacet
  facet normal 0.0 0.0 0.0
    outer loop
      vertex -0.06121572875976832 -0.005906325616689331 0.01699999990941933
      vertex -0.06142354965210231 -0.003065521993489869 1.478379090258386e-10
      vertex -0.061194393157961685 -0.00612342242226184 1.478379090258386e-10
    endloop
  endfacet
  facet normal 0.0 0.0 0.0
    outer loop
      vertex -0.06121572875976832 -0.005906325616689331 0.01699999990941933
      vertex -0.061428890228274184 -0.0029565813921409926 0.01699999990941933
      vertex -0.06142354965210231 -0.003065521993489869 1.478379090258386e-10
    endloop
  endfacet
  facet normal 0.0 0.0 0.0
    outer loop
      vertex -0.06086100387573512 -0.008842411317678099 0.01699999990941933
      vertex -0.06121572875976832 -0.005906325616689331 0.01699999990941933
      vertex -0.061194393157961685 -0.00612342242226184 1.478379090258386e-10
    endloop
  endfacet
  facet normal 0.0 0.0 0.0
    outer loop
      vertex -0.06086100387573512 -0.008842411317678099 0.01699999990941933
      vertex -0.061194393157961685 -0.00612342242226184 1.478379090258386e-10
      vertex -0.06081309509277614 -0.009166099824758177 1.478379090258386e-10
    endloop
  endfacet
  facet normal 0.0 0.0 0.0
    outer loop
      vertex -0.06031769943237575 -0.01200122956261218 0.013488657719213279
      vertex -0.060330516815188244 -0.011936761178823118 0.013702842055577548
      vertex -0.06081309509277614 -0.009166099824758177 1.478379090258386e-10
    endloop
  endfacet
  facet normal 0.0 0.0 0.0
    outer loop
      vertex -0.06034130477905544 -0.011882188119741087 0.013918964056987079
      vertex -0.06086100387573512 -0.008842411317678099 0.01699999990941933
      vertex -0.06081309509277614 -0.009166099824758177 1.478379090258386e-10
    endloop
  endfacet
  facet normal 0.0 0.0 0.0
    outer loop
      vertex -0.06034130477905544 -0.011882188119741087 0.013918964056987079
      vertex -0.06081309509277614 -0.009166099824758177 1.478379090258386e-10
      vertex -0.060330516815188244 -0.011936761178823118 0.013702842055577548
    endloop
  endfacet
  facet normal 0.0 0.0 0.0
    outer loop
      vertex -0.06030282974243434 -0.012075587549062374 0.013277229293007167
      vertex -0.06031769943237575 -0.01200122956261218 0.013488657719213279
      vertex -0.06081309509277614 -0.009166099824758177 1.478379090258386e-10
    endloop
  endfacet
  facet normal 0.0 0.0 0.0
    outer loop
      vertex -0.06030282974243434 -0.012075587549062374 0.013277229293007167
      vertex -0.06081309509277614 -0.009166099824758177 1.478379090258386e-10
      vertex -0.06028060913086208 -0.012185987748952512 1.478379090258386e-10
    endloop
  endfacet
  facet normal 0.0 0.0 0.0
    outer loop
      vertex -0.060350086212160904 -0.011837518968434935 0.014136205463427814
      vertex -0.06086100387573512 -0.008842411317678099 0.01699999990941933
      vertex -0.06034130477905544 -0.011882188119741087 0.013918964056987079
    endloop
  endfacet
  facet normal 0.0 0.0 0.0
    outer loop
      vertex -0.06028589248657497 -0.012159824647756222 0.013069374828357013
      vertex -0.06030282974243434 -0.012075587549062374 0.013277229293007167
      vertex -0.06028060913086208 -0.012185987748952512 1.478379090258386e-10
    endloop
  endfacet
  facet normal 0.0 0.0 0.0
    outer loop
      vertex -0.06035687637329372 -0.011802763261647826 0.014353747992533954
      vertex -0.06086100387573512 -0.008842411317678099 0.01699999990941933
      vertex -0.060350086212160904 -0.011837518968434935 0.014136205463427814
    endloop
  endfacet
  facet normal 0.0 0.0 0.0
    outer loop
      vertex -0.06026686096191676 -0.012253752031179075 0.012865834503192218
      vertex -0.06028589248657497 -0.012159824647756222 0.013069374828357013
      vertex -0.06028060913086208 -0.012185987748952512 1.478379090258386e-10
    endloop
  endfacet
  facet normal 0.0 0.0 0.0
    outer loop
      vertex -0.06036170196533473 -0.011777927675099975 0.014570773510951313
      vertex -0.06086100387573512 -0.008842411317678099 0.01699999990941933
      vertex -0.06035687637329372 -0.011802763261647826 0.014353747992533954
    endloop
  endfacet
  facet normal 0.0 0.0 0.0
    outer loop
      vertex -0.06024581146240504 -0.012356755533071164 0.012667161433715136
      vertex -0.06026686096191676 -0.012253752031179075 0.012865834503192218
      vertex -0.06028060913086208 -0.012185987748952512 1.478379090258386e-10
    endloop
  endfacet
  facet normal 0.0 0.0 0.0
    outer loop
      vertex -0.060364582061770276 -0.01176301983818591 0.014786463527697833
      vertex -0.06086100387573512 -0.008842411317678099 0.01699999990941933
      vertex -0.06036170196533473 -0.011777927675099975 0.014570773510951313
    endloop
  endfacet
  facet normal 0.0 0.0 0.0
    outer loop
      vertex -0.060222835540774185 -0.012468165674062375 0.0124738817501252
      vertex -0.06024581146240504 -0.012356755533071164 0.012667161433715136
      vertex -0.06028060913086208 -0.012185987748952512 1.478379090258386e-10
    endloop
  endfacet
  facet normal 0.0 0.0 0.0
    outer loop
      vertex -0.06036553955078395 -0.011758049287648802 0.01500000002862862
      vertex -0.06086100387573512 -0.008842411317678099 0.01699999990941933
      vertex -0.060364582061770276 -0.01176301983818591 0.014786463527697833
    endloop
  endfacet
  facet normal 0.0 0.0 0.0
    outer loop
      vertex -0.060198036193850356 -0.01258731297478259 0.012286521701831135
      vertex -0.060222835540774185 -0.012468165674062375 0.0124738817501252
      vertex -0.06028060913086208 -0.012185987748952512 1.478379090258386e-10
    endloop
  endfacet
  facet normal 0.0 0.0 0.0
    outer loop
      vertex -0.060171504974367934 -0.01271352795586169 0.012105607299823077
      vertex -0.060198036193850356 -0.01258731297478259 0.012286521701831135
      vertex -0.06028060913086208 -0.012185987748952512 1.478379090258386e-10
    endloop
  endfacet
  facet normal 0.0 0.0 0.0
    outer loop
      vertex -0.06014334487915309 -0.012846140184255245 0.011931664853114398
      vertex -0.060171504974367934 -0.01271352795586169 0.012105607299823077
      vertex -0.06028060913086208 -0.012185987748952512 1.478379090258386e-10
    endloop
  endfacet
  facet normal 0.0 0.0 0.0
    outer loop
      vertex -0.0601136474609402 -0.012984480180593137 0.011765220432299885
      vertex -0.06014334487915309 -0.012846140184255245 0.011931664853114398
      vertex -0.06028060913086208 -0.012185987748952512 1.478379090258386e-10
    endloop
  endfacet
  facet normal 0.0 0.0 0.0
    outer loop
      vertex -0.06008251190185817 -0.013127876558156613 0.011606800227183613
      vertex -0.0601136474609402 -0.012984480180593137 0.011765220432299885
      vertex -0.06028060913086208 -0.012185987748952512 1.478379090258386e-10
    endloop
  endfacet
  facet normal 0.0 0.0 0.0
    outer loop
      vertex -0.06005000305176051 -0.013275798120351437 0.011456793098468096
      vertex -0.06008251190185817 -0.013127876558156613 0.011606800227183613
      vertex -0.06028060913086208 -0.012185987748952512 1.478379090258386e-10
    endloop
  endfacet
  facet normal 0.0 0.0 0.0
    outer loop
      vertex -0.06036553955078395 -0.011758049287648802 0.01699999990941933
      vertex -0.06086100387573512 -0.008842411317678099 0.01699999990941933
      vertex -0.06036553955078395 -0.011758049287648802 0.01500000002862862
    endloop
  endfacet
  facet normal 0.0 0.0 0.0
    outer loop
      vertex -0.06001554489136012 -0.013430645265432004 0.01131266155721596
      vertex -0.06005000305176051 -0.013275798120351437 0.011456793098468096
      vertex -0.06028060913086208 -0.012185987748952512 1.478379090258386e-10
    endloop
  endfacet
  facet normal 0.0 0.0 0.0
    outer loop
      vertex -0.05997892379761012 -0.01359312943443835 0.0111736606645768
      vertex -0.06001554489136012 -0.013430645265432004 0.01131266155721596
      vertex -0.06028060913086208 -0.012185987748952512 1.478379090258386e-10
    endloop
  endfacet
  facet normal 0.0 0.0 0.0
    outer loop
      vertex -0.05994021224975856 -0.013762727060170774 0.011040303139704975
      vertex -0.05997892379761012 -0.01359312943443835 0.0111736606645768
      vertex -0.06028060913086208 -0.012185987748952512 1.478379090258386e-10
    endloop
  endfacet
  facet normal 0.0 0.0 0.0
    outer loop
      vertex -0.059899471282961685 -0.013938912668080929 0.010913102536219866
      vertex -0.05994021224975856 -0.013762727060170774 0.011040303139704975
      vertex -0.06028060913086208 -0.012185987748952512 1.478379090258386e-10
    endloop
  endfacet
  facet normal 0.0 0.0 0.0
    outer loop
      vertex -0.059856765747073014 -0.014121162690969113 0.010792571930903706
      vertex -0.059899471282961685 -0.013938912668080929 0.010913102536219866
      vertex -0.06028060913086208 -0.012185987748952512 1.478379090258386e-10
    endloop
  endfacet
  facet normal 0.0 0.0 0.0
    outer loop
      vertex -0.059856765747073014 -0.014121162690969113 0.010792571930903706
      vertex -0.06028060913086208 -0.012185987748952512 1.478379090258386e-10
      vertex -0.05959825134277614 -0.01517558030113757 1.478379090258386e-10
    endloop
  endfacet
  facet normal 0.0 0.0 0.0
    outer loop
      vertex -0.05981216812134059 -0.014308952607961301 0.010679224400538714
      vertex -0.059856765747073014 -0.014121162690969113 0.010792571930903706
      vertex -0.05959825134277614 -0.01517558030113757 1.478379090258386e-10
    endloop
  endfacet
  facet normal 0.0 0.0 0.0
    outer loop
      vertex -0.05976574325561793 -0.014501758851857786 0.010573573498744281
      vertex -0.05981216812134059 -0.014308952607961301 0.010679224400538714
      vertex -0.05959825134277614 -0.01517558030113757 1.478379090258386e-10
    endloop
  endfacet
  facet normal 0.0 0.0 0.0
    outer loop
      vertex -0.05971755218506129 -0.014699055948110227 0.010476132063884052
      vertex -0.05976574325561793 -0.014501758851857786 0.010573573498744281
      vertex -0.05959825134277614 -0.01517558030113757 1.478379090258386e-10
    endloop
  endfacet
  facet normal 0.0 0.0 0.0
    outer loop
      vertex -0.05966766738891872 -0.0149003193758446 0.010387413172740253
      vertex -0.05971755218506129 -0.014699055948110227 0.010476132063884052
      vertex -0.05959825134277614 -0.01517558030113757 1.478379090258386e-10
    endloop
  endfacet
  facet normal 0.0 0.0 0.0
    outer loop
      vertex -0.059616153717043714 -0.015104990281911496 0.010307841448802264
      vertex -0.05966766738891872 -0.0149003193758446 0.010387413172740253
      vertex -0.05959825134277614 -0.01517558030113757 1.478379090258386e-10
    endloop
  endfacet
  facet normal 0.0 0.0 0.0
    outer loop
      vertex -0.05956315994262965 -0.015312375345082882 0.010237478642482074
      vertex -0.059616153717043714 -0.015104990281911496 0.010307841448802264
      vertex -0.05959825134277614 -0.01517558030113757 1.478379090258386e-10
    endloop
  endfacet
  facet normal 0.0 0.0 0.0
    outer loop
      vertex -0.05950887680053981 -0.01552175835594714 0.010176294951457294
      vertex -0.05956315994262965 -0.015312375345082882 0.010237478642482074
      vertex -0.05959825134277614 -0.01517558030113757 1.478379090258386e-10
    endloop
  endfacet
  facet normal 0.0 0.0 0.0
    outer loop
      vertex -0.0594534912109402 -0.015732419290395382 0.010124260573405536
      vertex -0.05950887680053981 -0.01552175835594714 0.010176294951457294
      vertex -0.05959825134277614 -0.01517558030113757 1.478379090258386e-10
    endloop
  endfacet
  facet normal 0.0 0.0 0.0
    outer loop
      vertex -0.05939719009399684 -0.01594363812431872 0.010081345467585833
      vertex -0.0594534912109402 -0.015732419290395382 0.010124260573405536
      vertex -0.05959825134277614 -0.01517558030113757 1.478379090258386e-10
    endloop
  endfacet
  facet normal 0.0 0.0 0.0
    outer loop
      vertex -0.05934016799927028 -0.01615469864830554 0.010047520070094379
      vertex -0.05939719009399684 -0.01594363812431872 0.010081345467585833
      vertex -0.05959825134277614 -0.01517558030113757 1.478379090258386e-10
    endloop
  endfacet
  facet normal 0.0 0.0 0.0
    outer loop
      vertex -0.05928260803222926 -0.016364878930898313 0.010022754101771624
      vertex -0.05934016799927028 -0.01615469864830554 0.010047520070094379
      vertex -0.05959825134277614 -0.01517558030113757 1.478379090258386e-10
    endloop
  endfacet
  facet normal 0.0 0.0 0.0
    outer loop
      vertex -0.05922470092773707 -0.016573462762685422 0.010007017760295184
      vertex -0.05928260803222926 -0.016364878930898313 0.010022754101771624
      vertex -0.05959825134277614 -0.01517558030113757 1.478379090258386e-10
    endloop
  endfacet
  facet normal 0.0 0.0 0.0
    outer loop
      vertex -0.05918839645386012 -0.016702752389760617 0.010001753239650043
      vertex -0.05922470092773707 -0.016573462762685422 0.010007017760295184
      vertex -0.05959825134277614 -0.01517558030113757 1.478379090258386e-10
    endloop
  endfacet
  facet normal 0.0 0.0 0.0
    outer loop
      vertex -0.05918839645386012 -0.016702752389760617 0.010001753239650043
      vertex -0.05959825134277614 -0.01517558030113757 1.478379090258386e-10
      vertex -0.05876772689819606 -0.01812744263634265 1.478379090258386e-10
    endloop
  endfacet
  facet normal 0.0 0.0 0.0
    outer loop
      vertex -0.05915208053589137 -0.016830962457509643 0.00999999990941933
      vertex -0.05918839645386012 -0.016702752389760617 0.010001753239650043
      vertex -0.05876772689819606 -0.01812744263634265 1.478379090258386e-10
    endloop
  endfacet
  facet normal 0.0 0.0 0.0
    outer loop
      vertex -0.05825122451782497 -0.019724221505971556 0.00999999990941933
      vertex -0.05915208053589137 -0.016830962457509643 0.00999999990941933
      vertex -0.05876772689819606 -0.01812744263634265 1.478379090258386e-10
    endloop
  endfacet
  facet normal 0.0 0.0 0.0
    outer loop
      vertex -0.05825122451782497 -0.019724221505971556 0.00999999990941933
      vertex -0.05876772689819606 -0.01812744263634265 1.478379090258386e-10
      vertex -0.05779109573364528 -0.021034238138051633 1.478379090258386e-10
    endloop
  endfacet
  facet normal 0.0 0.0 0.0
    outer loop
      vertex -0.05720894622803004 -0.02256959465965808 0.00999999990941933
      vertex -0.05825122451782497 -0.019724221505971556 0.00999999990941933
      vertex -0.05779109573364528 -0.021034238138051633 1.478379090258386e-10
    endloop
  endfacet
  facet normal 0.0 0.0 0.0
    outer loop
      vertex -0.05720894622803004 -0.02256959465965808 0.00999999990941933
      vertex -0.05779109573364528 -0.021034238138051633 1.478379090258386e-10
      vertex -0.056670787811282 -0.023888739862294797 1.478379090258386e-10
    endloop
  endfacet
  facet normal 0.0 0.0 0.0
    outer loop
      vertex -0.05602777481079371 -0.02536017350182116 0.00999999990941933
      vertex -0.056670787811282 -0.023888739862294797 1.478379090258386e-10
      vertex -0.05540958404541286 -0.026683850564809444 1.478379090258386e-10
    endloop
  endfacet
  facet normal 0.0 0.0 0.0
    outer loop
      vertex -0.05602777481079371 -0.02536017350182116 0.00999999990941933
      vertex -0.05720894622803004 -0.02256959465965808 0.00999999990941933
      vertex -0.056670787811282 -0.023888739862294797 1.478379090258386e-10
    endloop
  endfacet
  facet normal 0.0 0.0 0.0
    outer loop
      vertex -0.054710582733156994 -0.028089185037465693 0.00999999990941933
      vertex -0.05602777481079371 -0.02536017350182116 0.00999999990941933
      vertex -0.05540958404541286 -0.026683850564809444 1.478379090258386e-10
    endloop
  endfacet
  facet normal 0.0 0.0 0.0
    outer loop
      vertex -0.054710582733156994 -0.028089185037465693 0.00999999990941933
      vertex -0.05540958404541286 -0.026683850564809444 1.478379090258386e-10
      vertex -0.05401062774658473 -0.02941261986717761 1.478379090258386e-10
    endloop
  endfacet
  facet normal 0.0 0.0 0.0
    outer loop
      vertex -0.053260562896731214 -0.030749999322744012 0.00999999990941933
      vertex -0.05401062774658473 -0.02941261986717761 1.478379090258386e-10
      vertex -0.05247739028930934 -0.03206826333031237 1.478379090258386e-10
    endloop
  endfacet
  facet normal 0.0 0.0 0.0
    outer loop
      vertex -0.053260562896731214 -0.030749999322744012 0.00999999990941933
      vertex -0.054710582733156994 -0.028089185037465693 0.00999999990941933
      vertex -0.05401062774658473 -0.02941261986717761 1.478379090258386e-10
    endloop
  endfacet
  facet normal 0.0 0.0 0.0
    outer loop
      vertex -0.05168123626709254 -0.033336161889882684 0.00999999990941933
      vertex -0.053260562896731214 -0.030749999322744012 0.00999999990941933
      vertex -0.05247739028930934 -0.03206826333031237 1.478379090258386e-10
    endloop
  endfacet
  facet normal 0.0 0.0 0.0
    outer loop
      vertex -0.05168123626709254 -0.033336161889882684 0.00999999990941933
      vertex -0.05247739028930934 -0.03206826333031237 1.478379090258386e-10
      vertex -0.05081368637085231 -0.03464418343529284 1.478379090258386e-10
    endloop
  endfacet
  facet normal 0.0 0.0 0.0
    outer loop
      vertex -0.04997644424438746 -0.03584138802513659 0.00999999990941933
      vertex -0.05168123626709254 -0.033336161889882684 0.00999999990941933
      vertex -0.05081368637085231 -0.03464418343529284 1.478379090258386e-10
    endloop
  endfacet
  facet normal 0.0 0.0 0.0
    outer loop
      vertex -0.04997644424438746 -0.03584138802513659 0.00999999990941933
      vertex -0.05081368637085231 -0.03464418343529284 1.478379090258386e-10
      vertex -0.04902364730835231 -0.03713397149071276 1.478379090258386e-10
    endloop
  endfacet
  facet normal 0.0 0.0 0.0
    outer loop
      vertex -0.048150314331057396 -0.03825960091576159 0.00999999990941933
      vertex -0.04997644424438746 -0.03584138802513659 0.00999999990941933
      vertex -0.04902364730835231 -0.03713397149071276 1.478379090258386e-10
    endloop
  endfacet
  facet normal 0.0 0.0 0.0
    outer loop
      vertex -0.048150314331057396 -0.03825960091576159 0.00999999990941933
      vertex -0.04902364730835231 -0.03713397149071276 1.478379090258386e-10
      vertex -0.04711173248291287 -0.03953143624291003 1.478379090258386e-10
    endloop
  endfacet
  facet normal 0.0 0.0 0.0
    outer loop
      vertex -0.046207290649416775 -0.040584929742665886 0.00999999990941933
      vertex -0.04711173248291287 -0.03953143624291003 1.478379090258386e-10
      vertex -0.04508269119262967 -0.04183062294945299 1.478379090258386e-10
    endloop
  endfacet
  facet normal 0.0 0.0 0.0
    outer loop
      vertex -0.046207290649416775 -0.040584929742665886 0.00999999990941933
      vertex -0.048150314331057396 -0.03825960091576159 0.00999999990941933
      vertex -0.04711173248291287 -0.03953143624291003 1.478379090258386e-10
    endloop
  endfacet
  facet normal 0.0 0.0 0.0
    outer loop
      vertex -0.04415208053589138 -0.04281172493919909 0.00999999990941933
      vertex -0.046207290649416775 -0.040584929742665886 0.00999999990941933
      vertex -0.04508269119262967 -0.04183062294945299 1.478379090258386e-10
    endloop
  endfacet
  facet normal 0.0 0.0 0.0
    outer loop
      vertex -0.04397622680664334 -0.04299228600487292 0.010006233124751362
      vertex -0.04508269119262967 -0.04183062294945299 1.478379090258386e-10
      vertex -0.0429415626525906 -0.04402580956444323 1.478379090258386e-10
    endloop
  endfacet
  facet normal 0.0 0.0 0.0
    outer loop
      vertex -0.04397622680664334 -0.04299228600487292 0.010006233124751362
      vertex -0.04415208053589138 -0.04281172493919909 0.00999999990941933
      vertex -0.04508269119262967 -0.04183062294945299 1.478379090258386e-10
    endloop
  endfacet
  facet normal 0.0 0.0 0.0
    outer loop
      vertex -0.04379742431640896 -0.04317431572899401 0.010024964718837055
      vertex -0.04397622680664334 -0.04299228600487292 0.010006233124751362
      vertex -0.0429415626525906 -0.04402580956444323 1.478379090258386e-10
    endloop
  endfacet
  facet normal 0.0 0.0 0.0
    outer loop
      vertex -0.04361653900146756 -0.04335695961937487 0.010056244044322284
      vertex -0.04379742431640896 -0.04317431572899401 0.010024964718837055
      vertex -0.0429415626525906 -0.04402580956444323 1.478379090258386e-10
    endloop
  endfacet
  facet normal 0.0 0.0 0.0
    outer loop
      vertex -0.04343442916870389 -0.043539359369130726 0.010100119977015766
      vertex -0.04361653900146756 -0.04335695961937487 0.010056244044322284
      vertex -0.0429415626525906 -0.04402580956444323 1.478379090258386e-10
    endloop
  endfacet
  facet normal 0.0 0.0 0.0
    outer loop
      vertex -0.04325196456909451 -0.04372066430077135 0.010156641154307635
      vertex -0.04343442916870389 -0.043539359369130726 0.010100119977015766
      vertex -0.0429415626525906 -0.04402580956444323 1.478379090258386e-10
    endloop
  endfacet
  facet normal 0.0 0.0 0.0
    outer loop
      vertex -0.04307001113891873 -0.04390001610741198 0.010225856928843768
      vertex -0.04325196456909451 -0.04372066430077135 0.010156641154307635
      vertex -0.0429415626525906 -0.04402580956444323 1.478379090258386e-10
    endloop
  endfacet
  facet normal 0.0 0.0 0.0
    outer loop
      vertex -0.0429074058532742 -0.04405905465111315 0.010299045233744891
      vertex -0.04307001113891873 -0.04390001610741198 0.010225856928843768
      vertex -0.0429415626525906 -0.04402580956444323 1.478379090258386e-10
    endloop
  endfacet
  facet normal 0.0 0.0 0.0
    outer loop
      vertex -0.042762531280520294 -0.04419972542748034 0.010373769431132586
      vertex -0.0429074058532742 -0.04405905465111315 0.010299045233744891
      vertex -0.0429415626525906 -0.04402580956444323 1.478379090258386e-10
    endloop
  endfacet
  facet normal 0.0 0.0 0.0
    outer loop
      vertex -0.04261952590942654 -0.044337622918935414 0.0104568637895768
      vertex -0.042762531280520294 -0.04419972542748034 0.010373769431132586
      vertex -0.0429415626525906 -0.04402580956444323 1.478379090258386e-10
    endloop
  endfacet
  facet normal 0.0 0.0 0.0
    outer loop
      vertex -0.042478801727297635 -0.044472430505605336 0.01054800525190285
      vertex -0.04261952590942654 -0.044337622918935414 0.0104568637895768
      vertex -0.0429415626525906 -0.04402580956444323 1.478379090258386e-10
    endloop
  endfacet
  facet normal 0.0 0.0 0.0
    outer loop
      vertex -0.04234072113037381 -0.044603877343984244 0.010646747736949238
      vertex -0.042478801727297635 -0.044472430505605336 0.01054800525190285
      vertex -0.0429415626525906 -0.04402580956444323 1.478379090258386e-10
    endloop
  endfacet
  facet normal 0.0 0.0 0.0
    outer loop
      vertex -0.04220565032959256 -0.04473168114647448 0.010752644925135883
      vertex -0.04234072113037381 -0.044603877343984244 0.010646747736949238
      vertex -0.0429415626525906 -0.04402580956444323 1.478379090258386e-10
    endloop
  endfacet
  facet normal 0.0 0.0 0.0
    outer loop
      vertex -0.04207395935058865 -0.044855563440175654 0.010865249781626972
      vertex -0.0429415626525906 -0.04402580956444323 1.478379090258386e-10
      vertex -0.04069367980957303 -0.04611154488548815 1.478379090258386e-10
    endloop
  endfacet
  facet normal 0.0 0.0 0.0
    outer loop
      vertex -0.04207395935058865 -0.044855563440175654 0.010865249781626972
      vertex -0.04220565032959256 -0.04473168114647448 0.010752644925135883
      vertex -0.0429415626525906 -0.04402580956444323 1.478379090258386e-10
    endloop
  endfacet
  facet normal 0.0 0.0 0.0
    outer loop
      vertex -0.04194600677490506 -0.04497524956688464 0.010984116225261005
      vertex -0.04207395935058865 -0.044855563440175654 0.010865249781626972
      vertex -0.04069367980957303 -0.04611154488548815 1.478379090258386e-10
    endloop
  endfacet
  facet normal 0.0 0.0 0.0
    outer loop
      vertex -0.04182216644287381 -0.04509046105370104 0.011108797698039324
      vertex -0.04194600677490506 -0.04497524956688464 0.010984116225261005
      vertex -0.04069367980957303 -0.04611154488548815 1.478379090258386e-10
    endloop
  endfacet
  facet normal 0.0 0.0 0.0
    outer loop
      vertex -0.04170280075073514 -0.045200915613027214 0.011238847403544696
      vertex -0.04182216644287381 -0.04509046105370104 0.011108797698039324
      vertex -0.04069367980957303 -0.04611154488548815 1.478379090258386e-10
    endloop
  endfacet
  facet normal 0.0 0.0 0.0
    outer loop
      vertex -0.04158827590942654 -0.04530633858666003 0.01137381926061562
      vertex -0.04170280075073514 -0.045200915613027214 0.011238847403544696
      vertex -0.04069367980957303 -0.04611154488548815 1.478379090258386e-10
    endloop
  endfacet
  facet normal 0.0 0.0 0.0
    outer loop
      vertex -0.041478927612307405 -0.04540648201927721 0.011513307003993304
      vertex -0.04158827590942654 -0.04530633858666003 0.01137381926061562
      vertex -0.04069367980957303 -0.04611154488548815 1.478379090258386e-10
    endloop
  endfacet
  facet normal 0.0 0.0 0.0
    outer loop
      vertex -0.041373264312746856 -0.04550276879295885 0.011659384875315936
      vertex -0.041478927612307405 -0.04540648201927721 0.011513307003993304
      vertex -0.04069367980957303 -0.04611154488548815 1.478379090258386e-10
    endloop
  endfacet
  facet normal 0.0 0.0 0.0
    outer loop
      vertex -0.041270614624026154 -0.04559586647972643 0.011813093571681293
      vertex -0.041373264312746856 -0.04550276879295885 0.011659384875315936
      vertex -0.04069367980957303 -0.04611154488548815 1.478379090258386e-10
    endloop
  endfacet
  facet normal 0.0 0.0 0.0
    outer loop
      vertex -0.0411714439392117 -0.04568541268333971 0.01197397521020821
      vertex -0.041270614624026154 -0.04559586647972643 0.011813093571681293
      vertex -0.04069367980957303 -0.04611154488548815 1.478379090258386e-10
    endloop
  endfacet
  facet normal 0.0 0.0 0.0
    outer loop
      vertex -0.041076213836672634 -0.045771045007558464 0.01214157190801552
      vertex -0.0411714439392117 -0.04568541268333971 0.01197397521020821
      vertex -0.04069367980957303 -0.04611154488548815 1.478379090258386e-10
    endloop
  endfacet
  facet normal 0.0 0.0 0.0
    outer loop
      vertex -0.040985385894778105 -0.04585239724144518 0.012315425901431355
      vertex -0.041076213836672634 -0.045771045007558464 0.01214157190801552
      vertex -0.04069367980957303 -0.04611154488548815 1.478379090258386e-10
    endloop
  endfacet
  facet normal 0.0 0.0 0.0
    outer loop
      vertex -0.04089942550659451 -0.04592910317406237 0.012495079545993121
      vertex -0.040985385894778105 -0.04585239724144518 0.012315425901431355
      vertex -0.04069367980957303 -0.04611154488548815 1.478379090258386e-10
    endloop
  endfacet
  facet normal 0.0 0.0 0.0
    outer loop
      vertex -0.04081879043579373 -0.04600080040916979 0.012680074899215014
      vertex -0.04089942550659451 -0.04592910317406237 0.012495079545993121
      vertex -0.04069367980957303 -0.04611154488548815 1.478379090258386e-10
    endloop
  endfacet
  facet normal 0.0 0.0 0.0
    outer loop
      vertex -0.040743949890139436 -0.04606711892113268 0.012869954137820515
      vertex -0.04081879043579373 -0.04600080040916979 0.012680074899215014
      vertex -0.04069367980957303 -0.04611154488548815 1.478379090258386e-10
    endloop
  endfacet
  facet normal 0.0 0.0 0.0
    outer loop
      vertex -0.04067536163330349 -0.046127703943105336 0.01306425958754471
      vertex -0.040743949890139436 -0.04606711892113268 0.012869954137820515
      vertex -0.04069367980957303 -0.04611154488548815 1.478379090258386e-10
    endloop
  endfacet
  facet normal 0.0 0.0 0.0
    outer loop
      vertex -0.0406134605407742 -0.04618222359642565 0.013262512757200511
      vertex -0.04069367980957303 -0.04611154488548815 1.478379090258386e-10
      vertex -0.03834462356567654 -0.048082637109609236 1.478379090258386e-10
    endloop
  endfacet
  facet normal 0.0 0.0 0.0
    outer loop
      vertex -0.0406134605407742 -0.04618222359642565 0.013262512757200511
      vertex -0.04067536163330349 -0.046127703943105336 0.01306425958754471
      vertex -0.04069367980957303 -0.04611154488548815 1.478379090258386e-10
    endloop
  endfacet
  facet normal 0.0 0.0 0.0
    outer loop
      vertex -0.04055841445923123 -0.04623060540184557 0.013464075415152819
      vertex -0.0406134605407742 -0.04618222359642565 0.013262512757200511
      vertex -0.03834462356567654 -0.048082637109609236 1.478379090258386e-10
    endloop
  endfacet
  facet normal 0.0 0.0 0.0
    outer loop
      vertex -0.04051023864746365 -0.0462728608034569 0.013668235941547664
      vertex -0.04055841445923123 -0.04623060540184557 0.013464075415152819
      vertex -0.03834462356567654 -0.048082637109609236 1.478379090258386e-10
    endloop
  endfacet
  facet normal 0.0 0.0 0.0
    outer loop
      vertex -0.04046894454956326 -0.046309005060048695 0.013874282388705524
      vertex -0.04051023864746365 -0.0462728608034569 0.013668235941547664
      vertex -0.03834462356567654 -0.048082637109609236 1.478379090258386e-10
    endloop
  endfacet
  facet normal 0.0 0.0 0.0
    outer loop
      vertex -0.04043454742431912 -0.04633904580101549 0.014081502823848041
      vertex -0.04046894454956326 -0.046309005060048695 0.013874282388705524
      vertex -0.03834462356567654 -0.048082637109609236 1.478379090258386e-10
    endloop
  endfacet
  facet normal 0.0 0.0 0.0
    outer loop
      vertex -0.03808825302124295 -0.04828596810326158 0.01699999990941933
      vertex -0.03834462356567654 -0.048082637109609236 1.478379090258386e-10
      vertex -0.035900234222414826 -0.04993418816551744 1.478379090258386e-10
    endloop
  endfacet
  facet normal 0.0 0.0 0.0
    outer loop
      vertex -0.03808825302124295 -0.04828596810326158 0.01699999990941933
      vertex -0.04040706634521756 -0.04636299828514635 0.014289185254592211
      vertex -0.04043454742431912 -0.04633904580101549 0.014081502823848041
    endloop
  endfacet
  facet normal 0.0 0.0 0.0
    outer loop
      vertex -0.03808825302124295 -0.04828596810326158 0.01699999990941933
      vertex -0.04038651275635037 -0.04638087395653307 0.014496617822665484
      vertex -0.04040706634521756 -0.04636299828514635 0.014289185254592211
    endloop
  endfacet
  facet normal 0.0 0.0 0.0
    outer loop
      vertex -0.03808825302124295 -0.04828596810326158 0.01699999990941933
      vertex -0.04037290573120388 -0.046392684259267444 0.014703088550586017
      vertex -0.04038651275635037 -0.04638087395653307 0.014496617822665484
    endloop
  endfacet
  facet normal 0.0 0.0 0.0
    outer loop
      vertex -0.03808825302124295 -0.04828596810326158 0.01699999990941933
      vertex -0.040367382049563263 -0.04639747170433581 0.014852122812289509
      vertex -0.04037290573120388 -0.046392684259267444 0.014703088550586017
    endloop
  endfacet
  facet normal 0.0 0.0 0.0
    outer loop
      vertex -0.03808825302124295 -0.04828596810326158 0.01699999990941933
      vertex -0.040365539550783966 -0.04639906624779284 0.01500000002862862
      vertex -0.040367382049563263 -0.04639747170433581 0.014852122812289509
    endloop
  endfacet
  facet normal 0.0 0.0 0.0
    outer loop
      vertex -0.03808825302124295 -0.04828596810326158 0.01699999990941933
      vertex -0.04043454742431912 -0.04633904580101549 0.014081502823848041
      vertex -0.03834462356567654 -0.048082637109609236 1.478379090258386e-10
    endloop
  endfacet
  facet normal 0.0 0.0 0.0
    outer loop
      vertex -0.03808825302124295 -0.04828596810326158 0.01699999990941933
      vertex -0.040365539550783966 -0.04639906624779284 0.01699999990941933
      vertex -0.040365539550783966 -0.04639906624779284 0.01500000002862862
    endloop
  endfacet
  facet normal 0.0 0.0 0.0
    outer loop
      vertex -0.03572289276123318 -0.05006121376976549 0.01699999990941933
      vertex -0.035900234222414826 -0.04993418816551744 1.478379090258386e-10
      vertex -0.033366596221926545 -0.051661593713613146 1.478379090258386e-10
    endloop
  endfacet
  facet normal 0.0 0.0 0.0
    outer loop
      vertex -0.03572289276123318 -0.05006121376976549 0.01699999990941933
      vertex -0.03808825302124295 -0.04828596810326158 0.01699999990941933
      vertex -0.035900234222414826 -0.04993418816551744 1.478379090258386e-10
    endloop
  endfacet
  facet normal 0.0 0.0 0.0
    outer loop
      vertex -0.03327492141723904 -0.0517206910036522 0.01699999990941933
      vertex -0.033366596221926545 -0.051661593713613146 1.478379090258386e-10
      vertex -0.03075000000000271 -0.05326056221947253 1.478379090258386e-10
    endloop
  endfacet
  facet normal 0.0 0.0 0.0
    outer loop
      vertex -0.03327492141723904 -0.0517206910036522 0.01699999990941933
      vertex -0.03572289276123318 -0.05006121376976549 0.01699999990941933
      vertex -0.033366596221926545 -0.051661593713613146 1.478379090258386e-10
    endloop
  endfacet
  facet normal 0.0 0.0 0.0
    outer loop
      vertex -0.03075000000000271 -0.05326056221947253 0.01699999990941933
      vertex -0.03327492141723904 -0.0517206910036522 0.01699999990941933
      vertex -0.03075000000000271 -0.05326056221947253 1.478379090258386e-10
    endloop
  endfacet
  facet normal 0.0 0.0 0.0
    outer loop
      vertex -0.0281539707183865 -0.05467727211937487 0.01699999990941933
      vertex -0.03075000000000271 -0.05326056221947253 1.478379090258386e-10
      vertex -0.028056955337527126 -0.05472711495384753 1.478379090258386e-10
    endloop
  endfacet
  facet normal 0.0 0.0 0.0
    outer loop
      vertex -0.0281539707183865 -0.05467727211937487 0.01699999990941933
      vertex -0.03075000000000271 -0.05326056221947253 0.01699999990941933
      vertex -0.03075000000000271 -0.05326056221947253 1.478379090258386e-10
    endloop
  endfacet
  facet normal 0.0 0.0 0.0
    outer loop
      vertex -0.025492835998537865 -0.055967536249013544 0.01699999990941933
      vertex -0.028056955337527126 -0.05472711495384753 1.478379090258386e-10
      vertex -0.025294157028200953 -0.05605760888084948 1.478379090258386e-10
    endloop
  endfacet
  facet normal 0.0 0.0 0.0
    outer loop
      vertex -0.025492835998537865 -0.055967536249013544 0.01699999990941933
      vertex -0.0281539707183865 -0.05467727211937487 0.01699999990941933
      vertex -0.028056955337527126 -0.05472711495384753 1.478379090258386e-10
    endloop
  endfacet
  facet normal 0.0 0.0 0.0
    outer loop
      vertex -0.02277274894714627 -0.05712837914452135 0.01699999990941933
      vertex -0.025294157028200953 -0.05605760888084948 1.478379090258386e-10
      vertex -0.02246847343445096 -0.057248736657949086 1.478379090258386e-10
    endloop
  endfacet
  facet normal 0.0 0.0 0.0
    outer loop
      vertex -0.02277274894714627 -0.05712837914452135 0.01699999990941933
      vertex -0.025492835998537865 -0.055967536249013544 0.01699999990941933
      vertex -0.025294157028200953 -0.05605760888084948 1.478379090258386e-10
    endloop
  endfacet
  facet normal 0.0 0.0 0.0
    outer loop
      vertex -0.019765480041506623 -0.058237273492665886 0.013488657719213279
      vertex -0.019827720642092563 -0.05821614006981432 0.013702842055577548
      vertex -0.02246847343445096 -0.057248736657949086 1.478379090258386e-10
    endloop
  endfacet
  facet normal 0.0 0.0 0.0
    outer loop
      vertex -0.019880376815798618 -0.05819819573387682 0.013918964056987079
      vertex -0.02277274894714627 -0.05712837914452135 0.01699999990941933
      vertex -0.02246847343445096 -0.057248736657949086 1.478379090258386e-10
    endloop
  endfacet
  facet normal 0.0 0.0 0.0
    outer loop
      vertex -0.019880376815798618 -0.05819819573387682 0.013918964056987079
      vertex -0.02246847343445096 -0.057248736657949086 1.478379090258386e-10
      vertex -0.019827720642092563 -0.05821614006981432 0.013702842055577548
    endloop
  endfacet
  facet normal 0.0 0.0 0.0
    outer loop
      vertex -0.019693649291994905 -0.05826157692894518 0.013277229293007167
      vertex -0.02246847343445096 -0.057248736657949086 1.478379090258386e-10
      vertex -0.01958692932129178 -0.0582975304506737 1.478379090258386e-10
    endloop
  endfacet
  facet normal 0.0 0.0 0.0
    outer loop
      vertex -0.019693649291994905 -0.05826157692894518 0.013277229293007167
      vertex -0.019765480041506623 -0.058237273492665886 0.013488657719213279
      vertex -0.02246847343445096 -0.057248736657949086 1.478379090258386e-10
    endloop
  endfacet
  facet normal 0.0 0.0 0.0
    outer loop
      vertex -0.01992345046997342 -0.05818346718773425 0.014136205463427814
      vertex -0.02277274894714627 -0.05712837914452135 0.01699999990941933
      vertex -0.019880376815798618 -0.05819819573387682 0.013918964056987079
    endloop
  endfacet
  facet normal 0.0 0.0 0.0
    outer loop
      vertex -0.019612228393557404 -0.05828902367577135 0.013069374828357013
      vertex -0.019693649291994905 -0.05826157692894518 0.013277229293007167
      vertex -0.01958692932129178 -0.0582975304506737 1.478379090258386e-10
    endloop
  endfacet
  facet normal 0.0 0.0 0.0
    outer loop
      vertex -0.01995694541931424 -0.05817196969017565 0.014353747992533954
      vertex -0.02277274894714627 -0.05712837914452135 0.01699999990941933
      vertex -0.01992345046997342 -0.05818346718773425 0.014136205463427814
    endloop
  endfacet
  facet normal 0.0 0.0 0.0
    outer loop
      vertex -0.01952136993408475 -0.05831951073631823 0.012865834503192218
      vertex -0.019612228393557404 -0.05828902367577135 0.013069374828357013
      vertex -0.01958692932129178 -0.0582975304506737 1.478379090258386e-10
    endloop
  endfacet
  facet normal 0.0 0.0 0.0
    outer loop
      vertex -0.019980867385866977 -0.05816373375877917 0.014570773510951313
      vertex -0.02277274894714627 -0.05712837914452135 0.01699999990941933
      vertex -0.01995694541931424 -0.05817196969017565 0.014353747992533954
    endloop
  endfacet
  facet normal 0.0 0.0 0.0
    outer loop
      vertex -0.019421642303469516 -0.05835277871117175 0.012667161433715136
      vertex -0.01952136993408475 -0.05831951073631823 0.012865834503192218
      vertex -0.01958692932129178 -0.0582975304506737 1.478379090258386e-10
    endloop
  endfacet
  facet normal 0.0 0.0 0.0
    outer loop
      vertex -0.019995218276980257 -0.05815877465233386 0.014786463527697833
      vertex -0.02277274894714627 -0.05712837914452135 0.01699999990941933
      vertex -0.019980867385866977 -0.05816373375877917 0.014570773510951313
    endloop
  endfacet
  facet normal 0.0 0.0 0.0
    outer loop
      vertex -0.019313669204714633 -0.05838859108910143 0.0124738817501252
      vertex -0.019421642303469516 -0.05835277871117175 0.012667161433715136
      vertex -0.01958692932129178 -0.0582975304506737 1.478379090258386e-10
    endloop
  endfacet
  facet normal 0.0 0.0 0.0
    outer loop
      vertex -0.020000000000002717 -0.058157115259023305 0.01500000002862862
      vertex -0.02277274894714627 -0.05712837914452135 0.01699999990941933
      vertex -0.019995218276980257 -0.05815877465233386 0.014786463527697833
    endloop
  endfacet
  facet normal 0.0 0.0 0.0
    outer loop
      vertex -0.019198085784914828 -0.058426684655995965 0.012286521701831135
      vertex -0.019313669204714633 -0.05838859108910143 0.0124738817501252
      vertex -0.01958692932129178 -0.0582975304506737 1.478379090258386e-10
    endloop
  endfacet
  facet normal 0.0 0.0 0.0
    outer loop
      vertex -0.01907551574707303 -0.058466815271230335 0.012105607299823077
      vertex -0.019198085784914828 -0.058426684655995965 0.012286521701831135
      vertex -0.01958692932129178 -0.0582975304506737 1.478379090258386e-10
    endloop
  endfacet
  facet normal 0.0 0.0 0.0
    outer loop
      vertex -0.01894658851623807 -0.058508734979482294 0.011931664853114398
      vertex -0.01907551574707303 -0.058466815271230335 0.012105607299823077
      vertex -0.01958692932129178 -0.0582975304506737 1.478379090258386e-10
    endloop
  endfacet
  facet normal 0.0 0.0 0.0
    outer loop
      vertex -0.018811933517458773 -0.05855218438133776 0.011765220432299885
      vertex -0.01894658851623807 -0.058508734979482294 0.011931664853114398
      vertex -0.01958692932129178 -0.0582975304506737 1.478379090258386e-10
    endloop
  endfacet
  facet normal 0.0 0.0 0.0
    outer loop
      vertex -0.018672180175783967 -0.05859691933617175 0.011606800227183613
      vertex -0.018811933517458773 -0.05855218438133776 0.011765220432299885
      vertex -0.01958692932129178 -0.0582975304506737 1.478379090258386e-10
    endloop
  endfacet
  facet normal 0.0 0.0 0.0
    outer loop
      vertex -0.018527824401858187 -0.05864273003563464 0.011456793098468096
      vertex -0.018672180175783967 -0.05859691933617175 0.011606800227183613
      vertex -0.01958692932129178 -0.0582975304506737 1.478379090258386e-10
    endloop
  endfacet
  facet normal 0.0 0.0 0.0
    outer loop
      vertex -0.020000000000002717 -0.058157115259023305 0.01699999990941933
      vertex -0.02277274894714627 -0.05712837914452135 0.01699999990941933
      vertex -0.020000000000002717 -0.058157115259023305 0.01500000002862862
    endloop
  endfacet
  facet normal 0.0 0.0 0.0
    outer loop
      vertex -0.01837649345398221 -0.05869031075462878 0.01131266155721596
      vertex -0.018527824401858187 -0.05864273003563464 0.011456793098468096
      vertex -0.01958692932129178 -0.0582975304506737 1.478379090258386e-10
    endloop
  endfacet
  facet normal 0.0 0.0 0.0
    outer loop
      vertex -0.018217466354372835 -0.05873983696922838 0.0111736606645768
      vertex -0.01837649345398221 -0.05869031075462878 0.01131266155721596
      vertex -0.01958692932129178 -0.0582975304506737 1.478379090258386e-10
    endloop
  endfacet
  facet normal 0.0 0.0 0.0
    outer loop
      vertex -0.018051235198977326 -0.05879111031517565 0.011040303139704975
      vertex -0.018217466354372835 -0.05873983696922838 0.0111736606645768
      vertex -0.01958692932129178 -0.0582975304506737 1.478379090258386e-10
    endloop
  endfacet
  facet normal 0.0 0.0 0.0
    outer loop
      vertex -0.017878282546999788 -0.058843920984120966 0.010913102536219866
      vertex -0.018051235198977326 -0.05879111031517565 0.011040303139704975
      vertex -0.01958692932129178 -0.0582975304506737 1.478379090258386e-10
    endloop
  endfacet
  facet normal 0.0 0.0 0.0
    outer loop
      vertex -0.01769909858703885 -0.05889806298241198 0.010792571930903706
      vertex -0.01958692932129178 -0.0582975304506737 1.478379090258386e-10
      vertex -0.016656688690188264 -0.059201392450185415 1.478379090258386e-10
    endloop
  endfacet
  facet normal 0.0 0.0 0.0
    outer loop
      vertex -0.01769909858703885 -0.05889806298241198 0.010792571930903706
      vertex -0.017878282546999788 -0.058843920984120966 0.010913102536219866
      vertex -0.01958692932129178 -0.0582975304506737 1.478379090258386e-10
    endloop
  endfacet
  facet normal 0.0 0.0 0.0
    outer loop
      vertex -0.01751416778564725 -0.05895333413109362 0.010679224400538714
      vertex -0.01769909858703885 -0.05889806298241198 0.010792571930903706
      vertex -0.016656688690188264 -0.059201392450185415 1.478379090258386e-10
    endloop
  endfacet
  facet normal 0.0 0.0 0.0
    outer loop
      vertex -0.017323980331423617 -0.05900952843651354 0.010573573498744281
      vertex -0.01751416778564725 -0.05895333413109362 0.010679224400538714
      vertex -0.016656688690188264 -0.059201392450185415 1.478379090258386e-10
    endloop
  endfacet
  facet normal 0.0 0.0 0.0
    outer loop
      vertex -0.017129020690920687 -0.059066443719716664 0.010476132063884052
      vertex -0.017323980331423617 -0.05900952843651354 0.010573573498744281
      vertex -0.016656688690188264 -0.059201392450185415 1.478379090258386e-10
    endloop
  endfacet
  facet normal 0.0 0.0 0.0
    outer loop
      vertex -0.01692977714538846 -0.05912387398705065 0.010387413172740253
      vertex -0.017129020690920687 -0.059066443719716664 0.010476132063884052
      vertex -0.016656688690188264 -0.059201392450185415 1.478379090258386e-10
    endloop
  endfacet
  facet normal 0.0 0.0 0.0
    outer loop
      vertex -0.016726772308352327 -0.059181597986074086 0.010307841448802264
      vertex -0.01692977714538846 -0.05912387398705065 0.010387413172740253
      vertex -0.016656688690188264 -0.059201392450185415 1.478379090258386e-10
    endloop
  endfacet
  facet normal 0.0 0.0 0.0
    outer loop
      vertex -0.016520673751833772 -0.059239398279042836 0.010237478642482074
      vertex -0.016726772308352327 -0.059181597986074086 0.010307841448802264
      vertex -0.016656688690188264 -0.059201392450185415 1.478379090258386e-10
    endloop
  endfacet
  facet normal 0.0 0.0 0.0
    outer loop
      vertex -0.016312200546267367 -0.05929707650169909 0.010176294951457294
      vertex -0.016520673751833772 -0.059239398279042836 0.010237478642482074
      vertex -0.016656688690188264 -0.059201392450185415 1.478379090258386e-10
    endloop
  endfacet
  facet normal 0.0 0.0 0.0
    outer loop
      vertex -0.016102069854739047 -0.05935444191917956 0.010124260573405536
      vertex -0.016312200546267367 -0.05929707650169909 0.010176294951457294
      vertex -0.016656688690188264 -0.059201392450185415 1.478379090258386e-10
    endloop
  endfacet
  facet normal 0.0 0.0 0.0
    outer loop
      vertex -0.015890999794009063 -0.05941129616722643 0.010081345467585833
      vertex -0.016102069854739047 -0.05935444191917956 0.010124260573405536
      vertex -0.016656688690188264 -0.059201392450185415 1.478379090258386e-10
    endloop
  endfacet
  facet normal 0.0 0.0 0.0
    outer loop
      vertex -0.015679704666140413 -0.0594674408815819 0.010047520070094379
      vertex -0.015890999794009063 -0.05941129616722643 0.010081345467585833
      vertex -0.016656688690188264 -0.059201392450185415 1.478379090258386e-10
    endloop
  endfacet
  facet normal 0.0 0.0 0.0
    outer loop
      vertex -0.015468902587893341 -0.059522681512685416 0.010022754101771624
      vertex -0.015679704666140413 -0.0594674408815819 0.010047520070094379
      vertex -0.016656688690188264 -0.059201392450185415 1.478379090258386e-10
    endloop
  endfacet
  facet normal 0.0 0.0 0.0
    outer loop
      vertex -0.015259309768679475 -0.05957682351097643 0.010007017760295184
      vertex -0.015468902587893341 -0.059522681512685416 0.010022754101771624
      vertex -0.016656688690188264 -0.059201392450185415 1.478379090258386e-10
    endloop
  endfacet
  facet normal 0.0 0.0 0.0
    outer loop
      vertex -0.015129190444949005 -0.05961003426537096 0.010001753239650043
      vertex -0.015259309768679475 -0.05957682351097643 0.010007017760295184
      vertex -0.016656688690188264 -0.059201392450185415 1.478379090258386e-10
    endloop
  endfacet
  facet normal 0.0 0.0 0.0
    outer loop
      vertex -0.015129190444949005 -0.05961003426537096 0.010001753239650043
      vertex -0.016656688690188264 -0.059201392450185415 1.478379090258386e-10
      vertex -0.013685037612917755 -0.05995806817040026 1.478379090258386e-10
    endloop
  endfacet
  facet normal 0.0 0.0 0.0
    outer loop
      vertex -0.015000000000002716 -0.05964268425926745 0.00999999990941933
      vertex -0.015129190444949005 -0.05961003426537096 0.010001753239650043
      vertex -0.013685037612917755 -0.05995806817040026 1.478379090258386e-10
    endloop
  endfacet
  facet normal 0.0 0.0 0.0
    outer loop
      vertex -0.012043934822085236 -0.06030915001854479 0.00999999990941933
      vertex -0.013685037612917755 -0.05995806817040026 1.478379090258386e-10
      vertex -0.01067936325073514 -0.06056567696556628 1.478379090258386e-10
    endloop
  endfacet
  facet normal 0.0 0.0 0.0
    outer loop
      vertex -0.012043934822085236 -0.06030915001854479 0.00999999990941933
      vertex -0.015000000000002716 -0.05964268425926745 0.00999999990941933
      vertex -0.013685037612917755 -0.05995806817040026 1.478379090258386e-10
    endloop
  endfacet
  facet normal 0.0 0.0 0.0
    outer loop
      vertex -0.009058629989626742 -0.06082919625267565 0.00999999990941933
      vertex -0.01067936325073514 -0.06056567696556628 1.478379090258386e-10
      vertex -0.007647137641909456 -0.06102271203026354 1.478379090258386e-10
    endloop
  endfacet
  facet normal 0.0 0.0 0.0
    outer loop
      vertex -0.009058629989626742 -0.06082919625267565 0.00999999990941933
      vertex -0.012043934822085236 -0.06030915001854479 0.00999999990941933
      vertex -0.01067936325073514 -0.06056567696556628 1.478379090258386e-10
    endloop
  endfacet
  facet normal 0.0 0.0 0.0
    outer loop
      vertex -0.0060513324737576 -0.06120156411156237 0.00999999990941933
      vertex -0.007647137641909456 -0.06102271203026354 1.478379090258386e-10
      vertex -0.004595900535586215 -0.06132803277000964 1.478379090258386e-10
    endloop
  endfacet
  facet normal 0.0 0.0 0.0
    outer loop
      vertex -0.0060513324737576 -0.06120156411156237 0.00999999990941933
      vertex -0.009058629989626742 -0.06082919625267565 0.00999999990941933
      vertex -0.007647137641909456 -0.06102271203026354 1.478379090258386e-10
    endloop
  endfacet
  facet normal 0.0 0.0 0.0
    outer loop
      vertex -0.003029343366625644 -0.06142534569725573 0.00999999990941933
      vertex -0.004595900535586215 -0.06132803277000964 1.478379090258386e-10
      vertex -0.0015332375764873997 -0.06148088387474596 1.478379090258386e-10
    endloop
  endfacet
  facet normal 0.0 0.0 0.0
    outer loop
      vertex -0.003029343366625644 -0.06142534569725573 0.00999999990941933
      vertex -0.0060513324737576 -0.06120156411156237 0.00999999990941933
      vertex -0.004595900535586215 -0.06132803277000964 1.478379090258386e-10
    endloop
  endfacet
  facet normal 0.0 0.0 0.0
    outer loop
      vertex 5.1257548845880346e-17 -0.06149999932274401 0.00999999990941933
      vertex -0.0015332375764873997 -0.06148088387474596 1.478379090258386e-10
      vertex 0.0015332375764819596 -0.06148088387474596 1.478379090258386e-10
    endloop
  endfacet
  facet normal 0.0 0.0 0.0
    outer loop
      vertex 5.1257548845880346e-17 -0.06149999932274401 0.00999999990941933
      vertex -0.003029343366625644 -0.06142534569725573 0.00999999990941933
      vertex -0.0015332375764873997 -0.06148088387474596 1.478379090258386e-10
    endloop
  endfacet
  facet normal 0.0 0.0 0.0
    outer loop
      vertex 0.0030293433666202037 -0.06142534569725573 0.00999999990941933
      vertex 0.0015332375764819596 -0.06148088387474596 1.478379090258386e-10
      vertex 0.004595900535580776 -0.06132803277000964 1.478379090258386e-10
    endloop
  endfacet
  facet normal 0.0 0.0 0.0
    outer loop
      vertex 0.0030293433666202037 -0.06142534569725573 0.00999999990941933
      vertex 5.1257548845880346e-17 -0.06149999932274401 0.00999999990941933
      vertex 0.0015332375764819596 -0.06148088387474596 1.478379090258386e-10
    endloop
  endfacet
  facet normal 0.0 0.0 0.0
    outer loop
      vertex 0.006051332473752161 -0.06120156411156237 0.00999999990941933
      vertex 0.004595900535580776 -0.06132803277000964 1.478379090258386e-10
      vertex 0.007647137641904017 -0.06102271203026354 1.478379090258386e-10
    endloop
  endfacet
  facet normal 0.0 0.0 0.0
    outer loop
      vertex 0.006051332473752161 -0.06120156411156237 0.00999999990941933
      vertex 0.0030293433666202037 -0.06142534569725573 0.00999999990941933
      vertex 0.004595900535580776 -0.06132803277000964 1.478379090258386e-10
    endloop
  endfacet
  facet normal 0.0 0.0 0.0
    outer loop
      vertex 0.009058629989621302 -0.06082919625267565 0.00999999990941933
      vertex 0.007647137641904017 -0.06102271203026354 1.478379090258386e-10
      vertex 0.0106793632507297 -0.06056567696556628 1.478379090258386e-10
    endloop
  endfacet
  facet normal 0.0 0.0 0.0
    outer loop
      vertex 0.009058629989621302 -0.06082919625267565 0.00999999990941933
      vertex 0.006051332473752161 -0.06120156411156237 0.00999999990941933
      vertex 0.007647137641904017 -0.06102271203026354 1.478379090258386e-10
    endloop
  endfacet
  facet normal 0.0 0.0 0.0
    outer loop
      vertex 0.012043934822079796 -0.06030915001854479 0.00999999990941933
      vertex 0.0106793632507297 -0.06056567696556628 1.478379090258386e-10
      vertex 0.013685037612912315 -0.05995806817040026 1.478379090258386e-10
    endloop
  endfacet
  facet normal 0.0 0.0 0.0
    outer loop
      vertex 0.012043934822079796 -0.06030915001854479 0.00999999990941933
      vertex 0.009058629989621302 -0.06082919625267565 0.00999999990941933
      vertex 0.0106793632507297 -0.06056567696556628 1.478379090258386e-10
    endloop
  endfacet
  facet normal 0.0 0.0 0.0
    outer loop
      vertex 0.014999999999997278 -0.05964268425926745 0.00999999990941933
      vertex 0.012043934822079796 -0.06030915001854479 0.00999999990941933
      vertex 0.013685037612912315 -0.05995806817040026 1.478379090258386e-10
    endloop
  endfacet
  facet normal 0.0 0.0 0.0
    outer loop
      vertex 0.01524429607391085 -0.059580672540517444 0.010006233124751362
      vertex 0.013685037612912315 -0.05995806817040026 1.478379090258386e-10
      vertex 0.016656688690182823 -0.059201392450185415 1.478379090258386e-10
    endloop
  endfacet
  facet normal 0.0 0.0 0.0
    outer loop
      vertex 0.01524429607391085 -0.059580672540517444 0.010006233124751362
      vertex 0.014999999999997278 -0.05964268425926745 0.00999999990941933
      vertex 0.013685037612912315 -0.05995806817040026 1.478379090258386e-10
    endloop
  endfacet
  facet normal 0.0 0.0 0.0
    outer loop
      vertex 0.015491340637204308 -0.05951684121117175 0.010024964718837055
      vertex 0.01524429607391085 -0.059580672540517444 0.010006233124751362
      vertex 0.016656688690182823 -0.059201392450185415 1.478379090258386e-10
    endloop
  endfacet
  facet normal 0.0 0.0 0.0
    outer loop
      vertex 0.015739958763119836 -0.05945151070580065 0.010056244044322284
      vertex 0.015491340637204308 -0.05951684121117175 0.010024964718837055
      vertex 0.016656688690182823 -0.059201392450185415 1.478379090258386e-10
    endloop
  endfacet
  facet normal 0.0 0.0 0.0
    outer loop
      vertex 0.015988977432248253 -0.059385001458974476 0.010100119977015766
      vertex 0.015739958763119836 -0.05945151070580065 0.010056244044322284
      vertex 0.016656688690182823 -0.059201392450185415 1.478379090258386e-10
    endloop
  endfacet
  facet normal 0.0 0.0 0.0
    outer loop
      vertex 0.016237222671506065 -0.05931763390526354 0.010156641154307635
      vertex 0.015988977432248253 -0.059385001458974476 0.010100119977015766
      vertex 0.016656688690182823 -0.059201392450185415 1.478379090258386e-10
    endloop
  endfacet
  facet normal 0.0 0.0 0.0
    outer loop
      vertex 0.016483522415158408 -0.05924973229393542 0.010225856928843768
      vertex 0.016237222671506065 -0.05931763390526354 0.010156641154307635
      vertex 0.016656688690182823 -0.059201392450185415 1.478379090258386e-10
    endloop
  endfacet
  facet normal 0.0 0.0 0.0
    outer loop
      vertex 0.01670255851745333 -0.059188430108876824 0.010299045233744891
      vertex 0.016483522415158408 -0.05924973229393542 0.010225856928843768
      vertex 0.016656688690182823 -0.059201392450185415 1.478379090258386e-10
    endloop
  endfacet
  facet normal 0.0 0.0 0.0
    outer loop
      vertex 0.016896821975705283 -0.05913330010399401 0.010373769431132586
      vertex 0.01670255851745333 -0.059188430108876824 0.010299045233744891
      vertex 0.016656688690182823 -0.059201392450185415 1.478379090258386e-10
    endloop
  endfacet
  facet normal 0.0 0.0 0.0
    outer loop
      vertex 0.01708774375915255 -0.059078406610341666 0.0104568637895768
      vertex 0.016896821975705283 -0.05913330010399401 0.010373769431132586
      vertex 0.016656688690182823 -0.059201392450185415 1.478379090258386e-10
    endloop
  endfacet
  facet normal 0.0 0.0 0.0
    outer loop
      vertex 0.017274854660031456 -0.059023936548085805 0.01054800525190285
      vertex 0.01708774375915255 -0.059078406610341666 0.0104568637895768
      vertex 0.016656688690182823 -0.059201392450185415 1.478379090258386e-10
    endloop
  endfacet
  facet normal 0.0 0.0 0.0
    outer loop
      vertex 0.017457729339596884 -0.05897008065208971 0.010646747736949238
      vertex 0.017274854660031456 -0.059023936548085805 0.01054800525190285
      vertex 0.016656688690182823 -0.059201392450185415 1.478379090258386e-10
    endloop
  endfacet
  facet normal 0.0 0.0 0.0
    outer loop
      vertex 0.017635946273800985 -0.058917006769033074 0.010752644925135883
      vertex 0.017457729339596884 -0.05897008065208971 0.010646747736949238
      vertex 0.016656688690182823 -0.059201392450185415 1.478379090258386e-10
    endloop
  endfacet
  facet normal 0.0 0.0 0.0
    outer loop
      vertex 0.017809080123898643 -0.05886489800438464 0.010865249781626972
      vertex 0.016656688690182823 -0.059201392450185415 1.478379090258386e-10
      vertex 0.019586929321286337 -0.0582975304506737 1.478379090258386e-10
    endloop
  endfacet
  facet normal 0.0 0.0 0.0
    outer loop
      vertex 0.017809080123898643 -0.05886489800438464 0.010865249781626972
      vertex 0.017635946273800985 -0.058917006769033074 0.010752644925135883
      vertex 0.016656688690182823 -0.059201392450185415 1.478379090258386e-10
    endloop
  endfacet
  facet normal 0.0 0.0 0.0
    outer loop
      vertex 0.017976705551144737 -0.058813933648915885 0.010984116225261005
      vertex 0.017809080123898643 -0.05886489800438464 0.010865249781626972
      vertex 0.019586929321286337 -0.0582975304506737 1.478379090258386e-10
    endloop
  endfacet
  facet normal 0.0 0.0 0.0
    outer loop
      vertex 0.018138401031491416 -0.058764289178701044 0.011108797698039324
      vertex 0.017976705551144737 -0.058813933648915885 0.010984116225261005
      vertex 0.019586929321286337 -0.0582975304506737 1.478379090258386e-10
    endloop
  endfacet
  facet normal 0.0 0.0 0.0
    outer loop
      vertex 0.018293741226193563 -0.05871614006981432 0.011238847403544696
      vertex 0.018138401031491416 -0.058764289178701044 0.011108797698039324
      vertex 0.019586929321286337 -0.0582975304506737 1.478379090258386e-10
    endloop
  endfacet
  facet normal 0.0 0.0 0.0
    outer loop
      vertex 0.01844230461120333 -0.05866967324242174 0.01137381926061562
      vertex 0.018293741226193563 -0.05871614006981432 0.011238847403544696
      vertex 0.019586929321286337 -0.0582975304506737 1.478379090258386e-10
    endloop
  endfacet
  facet normal 0.0 0.0 0.0
    outer loop
      vertex 0.01858370208739962 -0.0586250450991112 0.011513307003993304
      vertex 0.01844230461120333 -0.05866967324242174 0.01137381926061562
      vertex 0.019586929321286337 -0.0582975304506737 1.478379090258386e-10
    endloop
  endfacet
  facet normal 0.0 0.0 0.0
    outer loop
      vertex 0.018719921112057822 -0.05858167962059557 0.011659384875315936
      vertex 0.01858370208739962 -0.0586250450991112 0.011513307003993304
      vertex 0.019586929321286337 -0.0582975304506737 1.478379090258386e-10
    endloop
  endfacet
  facet normal 0.0 0.0 0.0
    outer loop
      vertex 0.01885187149047579 -0.05853933266624987 0.011813093571681293
      vertex 0.018719921112057822 -0.05858167962059557 0.011659384875315936
      vertex 0.019586929321286337 -0.0582975304506737 1.478379090258386e-10
    endloop
  endfacet
  facet normal 0.0 0.0 0.0
    outer loop
      vertex 0.01897900772094454 -0.058498221673818226 0.01197397521020821
      vertex 0.01885187149047579 -0.05853933266624987 0.011813093571681293
      vertex 0.019586929321286337 -0.0582975304506737 1.478379090258386e-10
    endloop
  endfacet
  facet normal 0.0 0.0 0.0
    outer loop
      vertex 0.019100782394406456 -0.05845856789574206 0.01214157190801552
      vertex 0.01897900772094454 -0.058498221673818226 0.01197397521020821
      vertex 0.019586929321286337 -0.0582975304506737 1.478379090258386e-10
    endloop
  endfacet
  facet normal 0.0 0.0 0.0
    outer loop
      vertex 0.019216648101803915 -0.05842058495506823 0.012315425901431355
      vertex 0.019100782394406456 -0.05845856789574206 0.01214157190801552
      vertex 0.019586929321286337 -0.0582975304506737 1.478379090258386e-10
    endloop
  endfacet
  facet normal 0.0 0.0 0.0
    outer loop
      vertex 0.019326057434079308 -0.05838449410423815 0.012495079545993121
      vertex 0.019216648101803915 -0.05842058495506823 0.012315425901431355
      vertex 0.019586929321286337 -0.0582975304506737 1.478379090258386e-10
    endloop
  endfacet
  facet normal 0.0 0.0 0.0
    outer loop
      vertex 0.01942846488952364 -0.058350508966298696 0.012680074899215014
      vertex 0.019326057434079308 -0.05838449410423815 0.012495079545993121
      vertex 0.019586929321286337 -0.0582975304506737 1.478379090258386e-10
    endloop
  endfacet
  facet normal 0.0 0.0 0.0
    outer loop
      vertex 0.019523321151730673 -0.058318854608388544 0.012869954137820515
      vertex 0.01942846488952364 -0.058350508966298696 0.012680074899215014
      vertex 0.019586929321286337 -0.0582975304506737 1.478379090258386e-10
    endloop
  endfacet
  facet normal 0.0 0.0 0.0
    outer loop
      vertex 0.019610080718991417 -0.05828974846825182 0.01306425958754471
      vertex 0.019523321151730673 -0.058318854608388544 0.012869954137820515
      vertex 0.019586929321286337 -0.0582975304506737 1.478379090258386e-10
    endloop
  endfacet
  facet normal 0.0 0.0 0.0
    outer loop
      vertex 0.01968824768066134 -0.05826340035423815 0.013262512757200511
      vertex 0.019586929321286337 -0.0582975304506737 1.478379090258386e-10
      vertex 0.022468473434445517 -0.057248736657949086 1.478379090258386e-10
    endloop
  endfacet
  facet normal 0.0 0.0 0.0
    outer loop
      vertex 0.01968824768066134 -0.05826340035423815 0.013262512757200511
      vertex 0.019610080718991417 -0.05828974846825182 0.01306425958754471
      vertex 0.019586929321286337 -0.0582975304506737 1.478379090258386e-10
    endloop
  endfacet
  facet normal 0.0 0.0 0.0
    outer loop
      vertex 0.019757671356198447 -0.05823992089256823 0.013464075415152819
      vertex 0.01968824768066134 -0.05826340035423815 0.013262512757200511
      vertex 0.022468473434445517 -0.057248736657949086 1.478379090258386e-10
    endloop
  endfacet
  facet normal 0.0 0.0 0.0
    outer loop
      vertex 0.01981835556030001 -0.05821932534203112 0.013668235941547664
      vertex 0.019757671356198447 -0.05823992089256823 0.013464075415152819
      vertex 0.022468473434445517 -0.057248736657949086 1.478379090258386e-10
    endloop
  endfacet
  facet normal 0.0 0.0 0.0
    outer loop
      vertex 0.01987030410766329 -0.058201636590810416 0.013874282388705524
      vertex 0.01981835556030001 -0.05821932534203112 0.013668235941547664
      vertex 0.022468473434445517 -0.057248736657949086 1.478379090258386e-10
    endloop
  endfacet
  facet normal 0.0 0.0 0.0
    outer loop
      vertex 0.01991351699828829 -0.058186869897695184 0.014081502823848041
      vertex 0.01987030410766329 -0.058201636590810416 0.013874282388705524
      vertex 0.022468473434445517 -0.057248736657949086 1.478379090258386e-10
    endloop
  endfacet
  facet normal 0.0 0.0 0.0
    outer loop
      vertex 0.022772748947140833 -0.05712837914452135 0.01699999990941933
      vertex 0.019999999999997273 -0.058157115259023305 0.01699999990941933
      vertex 0.019999999999997273 -0.058157115259023305 0.01500000002862862
    endloop
  endfacet
  facet normal 0.0 0.0 0.0
    outer loop
      vertex 0.022772748947140833 -0.05712837914452135 0.01699999990941933
      vertex 0.022468473434445517 -0.057248736657949086 1.478379090258386e-10
      vertex 0.025294157028195517 -0.05605760888084948 1.478379090258386e-10
    endloop
  endfacet
  facet normal 0.0 0.0 0.0
    outer loop
      vertex 0.022772748947140833 -0.05712837914452135 0.01699999990941933
      vertex 0.01994800186156954 -0.058175044336171745 0.014289185254592211
      vertex 0.01991351699828829 -0.058186869897695184 0.014081502823848041
    endloop
  endfacet
  facet normal 0.0 0.0 0.0
    outer loop
      vertex 0.022772748947140833 -0.05712837914452135 0.01699999990941933
      vertex 0.01997375869750704 -0.0581661827944237 0.014496617822665484
      vertex 0.01994800186156954 -0.058175044336171745 0.014289185254592211
    endloop
  endfacet
  facet normal 0.0 0.0 0.0
    outer loop
      vertex 0.022772748947140833 -0.05712837914452135 0.01699999990941933
      vertex 0.019990791320798056 -0.05816030434593737 0.014703088550586017
      vertex 0.01997375869750704 -0.0581661827944237 0.014496617822665484
    endloop
  endfacet
  facet normal 0.0 0.0 0.0
    outer loop
      vertex 0.022772748947140833 -0.05712837914452135 0.01699999990941933
      vertex 0.01999769783019747 -0.058157912530751824 0.014852122812289509
      vertex 0.019990791320798056 -0.05816030434593737 0.014703088550586017
    endloop
  endfacet
  facet normal 0.0 0.0 0.0
    outer loop
      vertex 0.022772748947140833 -0.05712837914452135 0.01699999990941933
      vertex 0.019999999999997273 -0.058157115259023305 0.01500000002862862
      vertex 0.01999769783019747 -0.058157912530751824 0.014852122812289509
    endloop
  endfacet
  facet normal 0.0 0.0 0.0
    outer loop
      vertex 0.022772748947140833 -0.05712837914452135 0.01699999990941933
      vertex 0.01991351699828829 -0.058186869897695184 0.014081502823848041
      vertex 0.022468473434445517 -0.057248736657949086 1.478379090258386e-10
    endloop
  endfacet
  facet normal 0.0 0.0 0.0
    outer loop
      vertex 0.025492835998532432 -0.055967536249013544 0.01699999990941933
      vertex 0.025294157028195517 -0.05605760888084948 1.478379090258386e-10
      vertex 0.02805695533752169 -0.05472711495384753 1.478379090258386e-10
    endloop
  endfacet
  facet normal 0.0 0.0 0.0
    outer loop
      vertex 0.025492835998532432 -0.055967536249013544 0.01699999990941933
      vertex 0.022772748947140833 -0.05712837914452135 0.01699999990941933
      vertex 0.025294157028195517 -0.05605760888084948 1.478379090258386e-10
    endloop
  endfacet
  facet normal 0.0 0.0 0.0
    outer loop
      vertex 0.028153970718381063 -0.05467727211937487 0.01699999990941933
      vertex 0.02805695533752169 -0.05472711495384753 1.478379090258386e-10
      vertex 0.030749999999997276 -0.05326056221947253 1.478379090258386e-10
    endloop
  endfacet
  facet normal 0.0 0.0 0.0
    outer loop
      vertex 0.028153970718381063 -0.05467727211937487 0.01699999990941933
      vertex 0.025492835998532432 -0.055967536249013544 0.01699999990941933
      vertex 0.02805695533752169 -0.05472711495384753 1.478379090258386e-10
    endloop
  endfacet
  facet normal 0.0 0.0 0.0
    outer loop
      vertex 0.030749999999997276 -0.05326056221947253 0.01699999990941933
      vertex 0.028153970718381063 -0.05467727211937487 0.01699999990941933
      vertex 0.030749999999997276 -0.05326056221947253 1.478379090258386e-10
    endloop
  endfacet
  facet normal 0.0 0.0 0.0
    outer loop
      vertex 0.0332749214172336 -0.051720691003652224 0.01699999990941933
      vertex 0.030749999999997276 -0.05326056221947253 1.478379090258386e-10
      vertex 0.0333665962219211 -0.05166159371361316 1.478379090258386e-10
    endloop
  endfacet
  facet normal 0.0 0.0 0.0
    outer loop
      vertex 0.0332749214172336 -0.051720691003652224 0.01699999990941933
      vertex 0.030749999999997276 -0.05326056221947253 0.01699999990941933
      vertex 0.030749999999997276 -0.05326056221947253 1.478379090258386e-10
    endloop
  endfacet
  facet normal 0.0 0.0 0.0
    outer loop
      vertex 0.03572289276122774 -0.0500612137697655 0.01699999990941933
      vertex 0.0333665962219211 -0.05166159371361316 1.478379090258386e-10
      vertex 0.03590023422240938 -0.04993418816551745 1.478379090258386e-10
    endloop
  endfacet
  facet normal 0.0 0.0 0.0
    outer loop
      vertex 0.03572289276122774 -0.0500612137697655 0.01699999990941933
      vertex 0.0332749214172336 -0.051720691003652224 0.01699999990941933
      vertex 0.0333665962219211 -0.05166159371361316 1.478379090258386e-10
    endloop
  endfacet
  facet normal 0.0 0.0 0.0
    outer loop
      vertex 0.03808825302123751 -0.04828596810326159 0.01699999990941933
      vertex 0.03590023422240938 -0.04993418816551745 1.478379090258386e-10
      vertex 0.0383446235656711 -0.04808263710960925 1.478379090258386e-10
    endloop
  endfacet
  facet normal 0.0 0.0 0.0
    outer loop
      vertex 0.03808825302123751 -0.04828596810326159 0.01699999990941933
      vertex 0.03572289276122774 -0.0500612137697655 0.01699999990941933
      vertex 0.03590023422240938 -0.04993418816551745 1.478379090258386e-10
    endloop
  endfacet
  facet normal 0.0 0.0 0.0
    outer loop
      vertex 0.04055221939086641 -0.046236045160146365 0.013488657719213279
      vertex 0.04050279617309298 -0.04627938012108387 0.013702842055577548
      vertex 0.0383446235656711 -0.04808263710960925 1.478379090258386e-10
    endloop
  endfacet
  facet normal 0.0 0.0 0.0
    outer loop
      vertex 0.04046092987060274 -0.0463160088442284 0.013918964056987079
      vertex 0.03808825302123751 -0.04828596810326159 0.01699999990941933
      vertex 0.0383446235656711 -0.04808263710960925 1.478379090258386e-10
    endloop
  endfacet
  facet normal 0.0 0.0 0.0
    outer loop
      vertex 0.04046092987060274 -0.0463160088442284 0.013918964056987079
      vertex 0.0383446235656711 -0.04808263710960925 1.478379090258386e-10
      vertex 0.04050279617309298 -0.04627938012108387 0.013702842055577548
    endloop
  endfacet
  facet normal 0.0 0.0 0.0
    outer loop
      vertex 0.040609180450436724 -0.046185988702626836 0.013277229293007167
      vertex 0.0383446235656711 -0.04808263710960925 1.478379090258386e-10
      vertex 0.04069367980956758 -0.046111544885488166 1.478379090258386e-10
    endloop
  endfacet
  facet normal 0.0 0.0 0.0
    outer loop
      vertex 0.040609180450436724 -0.046185988702626836 0.013277229293007167
      vertex 0.04055221939086641 -0.046236045160146365 0.013488657719213279
      vertex 0.0383446235656711 -0.04808263710960925 1.478379090258386e-10
    endloop
  endfacet
  facet normal 0.0 0.0 0.0
    outer loop
      vertex 0.040426635742184774 -0.046345946588369026 0.014136205463427814
      vertex 0.03808825302123751 -0.04828596810326159 0.01699999990941933
      vertex 0.04046092987060274 -0.0463160088442284 0.013918964056987079
    endloop
  endfacet
  facet normal 0.0 0.0 0.0
    outer loop
      vertex 0.04067366409301485 -0.046129199304433474 0.013069374828357013
      vertex 0.040609180450436724 -0.046185988702626836 0.013277229293007167
      vertex 0.04069367980956758 -0.046111544885488166 1.478379090258386e-10
    endloop
  endfacet
  facet normal 0.0 0.0 0.0
    outer loop
      vertex 0.0403999328613254 -0.04636920861229481 0.014353747992533954
      vertex 0.03808825302123751 -0.04828596810326159 0.01699999990941933
      vertex 0.040426635742184774 -0.046345946588369026 0.014136205463427814
    endloop
  endfacet
  facet normal 0.0 0.0 0.0
    outer loop
      vertex 0.0407454910278293 -0.04606575707420887 0.012865834503192218
      vertex 0.04067366409301485 -0.046129199304433474 0.013069374828357013
      vertex 0.04069367980956758 -0.046111544885488166 1.478379090258386e-10
    endloop
  endfacet
  facet normal 0.0 0.0 0.0
    outer loop
      vertex 0.040380836486813676 -0.04638580636009754 0.014570773510951313
      vertex 0.03808825302123751 -0.04828596810326159 0.01699999990941933
      vertex 0.0403999328613254 -0.04636920861229481 0.014353747992533954
    endloop
  endfacet
  facet normal 0.0 0.0 0.0
    outer loop
      vertex 0.04082416915893282 -0.04599602440819324 0.012667161433715136
      vertex 0.0407454910278293 -0.04606575707420887 0.012865834503192218
      vertex 0.04069367980956758 -0.046111544885488166 1.478379090258386e-10
    endloop
  endfacet
  facet normal 0.0 0.0 0.0
    outer loop
      vertex 0.04036936569213594 -0.04639575127586902 0.014786463527697833
      vertex 0.03808825302123751 -0.04828596810326159 0.01699999990941933
      vertex 0.040380836486813676 -0.04638580636009754 0.014570773510951313
    endloop
  endfacet
  facet normal 0.0 0.0 0.0
    outer loop
      vertex 0.04090916824340547 -0.045920424737783086 0.0124738817501252
      vertex 0.04082416915893282 -0.04599602440819324 0.012667161433715136
      vertex 0.04069367980956758 -0.046111544885488166 1.478379090258386e-10
    endloop
  endfacet
  facet normal 0.0 0.0 0.0
    outer loop
      vertex 0.04036553955077852 -0.04639906624779285 0.01500000002862862
      vertex 0.03808825302123751 -0.04828596810326159 0.01699999990941933
      vertex 0.04036936569213594 -0.04639575127586902 0.014786463527697833
    endloop
  endfacet
  facet normal 0.0 0.0 0.0
    outer loop
      vertex 0.04099995040893282 -0.045839373864980354 0.012286521701831135
      vertex 0.04090916824340547 -0.045920424737783086 0.0124738817501252
      vertex 0.04069367980956758 -0.046111544885488166 1.478379090258386e-10
    endloop
  endfacet
  facet normal 0.0 0.0 0.0
    outer loop
      vertex 0.04109599304198946 -0.04575328759178699 0.012105607299823077
      vertex 0.04099995040893282 -0.045839373864980354 0.012286521701831135
      vertex 0.04069367980956758 -0.046111544885488166 1.478379090258386e-10
    endloop
  endfacet
  facet normal 0.0 0.0 0.0
    outer loop
      vertex 0.04119675445556368 -0.04566259316429676 0.011931664853114398
      vertex 0.04109599304198946 -0.04575328759178699 0.012105607299823077
      vertex 0.04069367980956758 -0.046111544885488166 1.478379090258386e-10
    endloop
  endfacet
  facet normal 0.0 0.0 0.0
    outer loop
      vertex 0.04130171203613008 -0.0455677063845116 0.011765220432299885
      vertex 0.04119675445556368 -0.04566259316429676 0.011931664853114398
      vertex 0.04069367980956758 -0.046111544885488166 1.478379090258386e-10
    endloop
  endfacet
  facet normal 0.0 0.0 0.0
    outer loop
      vertex 0.04141033172607149 -0.04546904305443348 0.011606800227183613
      vertex 0.04130171203613008 -0.0455677063845116 0.011765220432299885
      vertex 0.04069367980956758 -0.046111544885488166 1.478379090258386e-10
    endloop
  endfacet
  facet normal 0.0 0.0 0.0
    outer loop
      vertex 0.04152218246459688 -0.04536693123802723 0.011456793098468096
      vertex 0.04141033172607149 -0.04546904305443348 0.011606800227183613
      vertex 0.04069367980956758 -0.046111544885488166 1.478379090258386e-10
    endloop
  endfacet
  facet normal 0.0 0.0 0.0
    outer loop
      vertex 0.04036553955077852 -0.04639906624779285 0.01699999990941933
      vertex 0.03808825302123751 -0.04828596810326159 0.01699999990941933
      vertex 0.04036553955077852 -0.04639906624779285 0.01500000002862862
    endloop
  endfacet
  facet normal 0.0 0.0 0.0
    outer loop
      vertex 0.041639053344723835 -0.04525966576561512 0.01131266155721596
      vertex 0.04152218246459688 -0.04536693123802723 0.011456793098468096
      vertex 0.04069367980956758 -0.046111544885488166 1.478379090258386e-10
    endloop
  endfacet
  facet normal 0.0 0.0 0.0
    outer loop
      vertex 0.04176145935058321 -0.0451467087648827 0.0111736606645768
      vertex 0.041639053344723835 -0.04525966576561512 0.01131266155721596
      vertex 0.04069367980956758 -0.046111544885488166 1.478379090258386e-10
    endloop
  endfacet
  facet normal 0.0 0.0 0.0
    outer loop
      vertex 0.04188897705077852 -0.04502838067040028 0.011040303139704975
      vertex 0.04176145935058321 -0.0451467087648827 0.0111736606645768
      vertex 0.04069367980956758 -0.046111544885488166 1.478379090258386e-10
    endloop
  endfacet
  facet normal 0.0 0.0 0.0
    outer loop
      vertex 0.04202118682861055 -0.04490500573143543 0.010913102536219866
      vertex 0.04188897705077852 -0.04502838067040028 0.011040303139704975
      vertex 0.04069367980956758 -0.046111544885488166 1.478379090258386e-10
    endloop
  endfacet
  facet normal 0.0 0.0 0.0
    outer loop
      vertex 0.04215766906738008 -0.04477690056786121 0.010792571930903706
      vertex 0.04202118682861055 -0.04490500573143543 0.010913102536219866
      vertex 0.04069367980956758 -0.046111544885488166 1.478379090258386e-10
    endloop
  endfacet
  facet normal 0.0 0.0 0.0
    outer loop
      vertex 0.04215766906738008 -0.04477690056786121 0.010792571930903706
      vertex 0.04069367980956758 -0.046111544885488166 1.478379090258386e-10
      vertex 0.04294156265258516 -0.04402580956444324 1.478379090258386e-10
    endloop
  endfacet
  facet normal 0.0 0.0 0.0
    outer loop
      vertex 0.04229800033569063 -0.044644381799550666 0.010679224400538714
      vertex 0.04215766906738008 -0.04477690056786121 0.010792571930903706
      vertex 0.04294156265258516 -0.04402580956444324 1.478379090258386e-10
    endloop
  endfacet
  facet normal 0.0 0.0 0.0
    outer loop
      vertex 0.04244176101684297 -0.044507769861074103 0.010573573498744281
      vertex 0.04229800033569063 -0.044644381799550666 0.010679224400538714
      vertex 0.04294156265258516 -0.04402580956444324 1.478379090258386e-10
    endloop
  endfacet
  facet normal 0.0 0.0 0.0
    outer loop
      vertex 0.042588531494137896 -0.0443673890016991 0.010476132063884052
      vertex 0.04244176101684297 -0.044507769861074103 0.010573573498744281
      vertex 0.04294156265258516 -0.04402580956444324 1.478379090258386e-10
    endloop
  endfacet
  facet normal 0.0 0.0 0.0
    outer loop
      vertex 0.04273788833617891 -0.04422355584129871 0.010387413172740253
      vertex 0.042588531494137896 -0.0443673890016991 0.010476132063884052
      vertex 0.04294156265258516 -0.04402580956444324 1.478379090258386e-10
    endloop
  endfacet
  facet normal 0.0 0.0 0.0
    outer loop
      vertex 0.04288938140868868 -0.044076606073232306 0.010307841448802264
      vertex 0.04273788833617891 -0.04422355584129871 0.010387413172740253
      vertex 0.04294156265258516 -0.04402580956444324 1.478379090258386e-10
    endloop
  endfacet
  facet normal 0.0 0.0 0.0
    outer loop
      vertex 0.043042488098141804 -0.043927020349355354 0.010237478642482074
      vertex 0.04288938140868868 -0.044076606073232306 0.010307841448802264
      vertex 0.04294156265258516 -0.04402580956444324 1.478379090258386e-10
    endloop
  endfacet
  facet normal 0.0 0.0 0.0
    outer loop
      vertex 0.0431966743469211 -0.04377531746849598 0.010176294951457294
      vertex 0.043042488098141804 -0.043927020349355354 0.010237478642482074
      vertex 0.04294156265258516 -0.04402580956444324 1.478379090258386e-10
    endloop
  endfacet
  facet normal 0.0 0.0 0.0
    outer loop
      vertex 0.04335141754150118 -0.043622023858876834 0.010124260573405536
      vertex 0.0431966743469211 -0.04377531746849598 0.010176294951457294
      vertex 0.04294156265258516 -0.04402580956444324 1.478379090258386e-10
    endloop
  endfacet
  facet normal 0.0 0.0 0.0
    outer loop
      vertex 0.04350619125365938 -0.04346765831932606 0.010081345467585833
      vertex 0.04335141754150118 -0.043622023858876834 0.010124260573405536
      vertex 0.04294156265258516 -0.04402580956444324 1.478379090258386e-10
    endloop
  endfacet
  facet normal 0.0 0.0 0.0
    outer loop
      vertex 0.04366046142577852 -0.043312743463369024 0.010047520070094379
      vertex 0.04350619125365938 -0.04346765831932606 0.010081345467585833
      vertex 0.04294156265258516 -0.04402580956444324 1.478379090258386e-10
    endloop
  endfacet
  facet normal 0.0 0.0 0.0
    outer loop
      vertex 0.04381370544433321 -0.0431578057192284 0.010022754101771624
      vertex 0.04366046142577852 -0.043312743463369024 0.010047520070094379
      vertex 0.04294156265258516 -0.04402580956444324 1.478379090258386e-10
    endloop
  endfacet
  facet normal 0.0 0.0 0.0
    outer loop
      vertex 0.043965389251706254 -0.0430033638857323 0.010007017760295184
      vertex 0.04381370544433321 -0.0431578057192284 0.010022754101771624
      vertex 0.04294156265258516 -0.04402580956444324 1.478379090258386e-10
    endloop
  endfacet
  facet normal 0.0 0.0 0.0
    outer loop
      vertex 0.04405920791625704 -0.04290727929100574 0.010001753239650043
      vertex 0.04294156265258516 -0.04402580956444324 1.478379090258386e-10
      vertex 0.04508269119262422 -0.04183062294945301 1.478379090258386e-10
    endloop
  endfacet
  facet normal 0.0 0.0 0.0
    outer loop
      vertex 0.04405920791625704 -0.04290727929100574 0.010001753239650043
      vertex 0.043965389251706254 -0.0430033638857323 0.010007017760295184
      vertex 0.04294156265258516 -0.04402580956444324 1.478379090258386e-10
    endloop
  endfacet
  facet normal 0.0 0.0 0.0
    outer loop
      vertex 0.04415208053588594 -0.0428117249391991 0.00999999990941933
      vertex 0.04405920791625704 -0.04290727929100574 0.010001753239650043
      vertex 0.04508269119262422 -0.04183062294945301 1.478379090258386e-10
    endloop
  endfacet
  facet normal 0.0 0.0 0.0
    outer loop
      vertex 0.046207290649411335 -0.0405849297426659 0.00999999990941933
      vertex 0.04508269119262422 -0.04183062294945301 1.478379090258386e-10
      vertex 0.047111732482907426 -0.03953143624291004 1.478379090258386e-10
    endloop
  endfacet
  facet normal 0.0 0.0 0.0
    outer loop
      vertex 0.046207290649411335 -0.0405849297426659 0.00999999990941933
      vertex 0.04415208053588594 -0.0428117249391991 0.00999999990941933
      vertex 0.04508269119262422 -0.04183062294945301 1.478379090258386e-10
    endloop
  endfacet
  facet normal 0.0 0.0 0.0
    outer loop
      vertex 0.04815031433105195 -0.0382596009157616 0.00999999990941933
      vertex 0.047111732482907426 -0.03953143624291004 1.478379090258386e-10
      vertex 0.04902364730834688 -0.03713397149071278 1.478379090258386e-10
    endloop
  endfacet
  facet normal 0.0 0.0 0.0
    outer loop
      vertex 0.04815031433105195 -0.0382596009157616 0.00999999990941933
      vertex 0.046207290649411335 -0.0405849297426659 0.00999999990941933
      vertex 0.047111732482907426 -0.03953143624291004 1.478379090258386e-10
    endloop
  endfacet
  facet normal 0.0 0.0 0.0
    outer loop
      vertex 0.04997644424438204 -0.0358413880251366 0.00999999990941933
      vertex 0.04902364730834688 -0.03713397149071278 1.478379090258386e-10
      vertex 0.05081368637084688 -0.03464418343529285 1.478379090258386e-10
    endloop
  endfacet
  facet normal 0.0 0.0 0.0
    outer loop
      vertex 0.04997644424438204 -0.0358413880251366 0.00999999990941933
      vertex 0.04815031433105195 -0.0382596009157616 0.00999999990941933
      vertex 0.04902364730834688 -0.03713397149071278 1.478379090258386e-10
    endloop
  endfacet
  facet normal 0.0 0.0 0.0
    outer loop
      vertex 0.051681236267087115 -0.0333361618898827 0.00999999990941933
      vertex 0.05081368637084688 -0.03464418343529285 1.478379090258386e-10
      vertex 0.05247739028930391 -0.03206826333031238 1.478379090258386e-10
    endloop
  endfacet
  facet normal 0.0 0.0 0.0
    outer loop
      vertex 0.051681236267087115 -0.0333361618898827 0.00999999990941933
      vertex 0.04997644424438204 -0.0358413880251366 0.00999999990941933
      vertex 0.05081368637084688 -0.03464418343529285 1.478379090258386e-10
    endloop
  endfacet
  facet normal 0.0 0.0 0.0
    outer loop
      vertex 0.05326056289672579 -0.03074999932274403 0.00999999990941933
      vertex 0.05247739028930391 -0.03206826333031238 1.478379090258386e-10
      vertex 0.054010627746579304 -0.029412619867177622 1.478379090258386e-10
    endloop
  endfacet
  facet normal 0.0 0.0 0.0
    outer loop
      vertex 0.05326056289672579 -0.03074999932274403 0.00999999990941933
      vertex 0.051681236267087115 -0.0333361618898827 0.00999999990941933
      vertex 0.05247739028930391 -0.03206826333031238 1.478379090258386e-10
    endloop
  endfacet
  facet normal 0.0 0.0 0.0
    outer loop
      vertex 0.05471058273315157 -0.028089185037465707 0.00999999990941933
      vertex 0.054010627746579304 -0.029412619867177622 1.478379090258386e-10
      vertex 0.055409584045407426 -0.026683850564809458 1.478379090258386e-10
    endloop
  endfacet
  facet normal 0.0 0.0 0.0
    outer loop
      vertex 0.05471058273315157 -0.028089185037465707 0.00999999990941933
      vertex 0.05326056289672579 -0.03074999932274403 0.00999999990941933
      vertex 0.054010627746579304 -0.029412619867177622 1.478379090258386e-10
    endloop
  endfacet
  facet normal 0.0 0.0 0.0
    outer loop
      vertex 0.056027774810788286 -0.025360173501821175 0.00999999990941933
      vertex 0.055409584045407426 -0.026683850564809458 1.478379090258386e-10
      vertex 0.05667078781127657 -0.02388873986229481 1.478379090258386e-10
    endloop
  endfacet
  facet normal 0.0 0.0 0.0
    outer loop
      vertex 0.056027774810788286 -0.025360173501821175 0.00999999990941933
      vertex 0.05471058273315157 -0.028089185037465707 0.00999999990941933
      vertex 0.055409584045407426 -0.026683850564809458 1.478379090258386e-10
    endloop
  endfacet
  facet normal 0.0 0.0 0.0
    outer loop
      vertex 0.05720894622802462 -0.022569594659658094 0.00999999990941933
      vertex 0.05667078781127657 -0.02388873986229481 1.478379090258386e-10
      vertex 0.05779109573363985 -0.02103423813805165 1.478379090258386e-10
    endloop
  endfacet
  facet normal 0.0 0.0 0.0
    outer loop
      vertex 0.05720894622802462 -0.022569594659658094 0.00999999990941933
      vertex 0.056027774810788286 -0.025360173501821175 0.00999999990941933
      vertex 0.05667078781127657 -0.02388873986229481 1.478379090258386e-10
    endloop
  endfacet
  facet normal 0.0 0.0 0.0
    outer loop
      vertex 0.058251224517819535 -0.01972422150597157 0.00999999990941933
      vertex 0.05779109573363985 -0.02103423813805165 1.478379090258386e-10
      vertex 0.05876772689819063 -0.018127442636342663 1.478379090258386e-10
    endloop
  endfacet
  facet normal 0.0 0.0 0.0
    outer loop
      vertex 0.058251224517819535 -0.01972422150597157 0.00999999990941933
      vertex 0.05720894622802462 -0.022569594659658094 0.00999999990941933
      vertex 0.05779109573363985 -0.02103423813805165 1.478379090258386e-10
    endloop
  endfacet
  facet normal 0.0 0.0 0.0
    outer loop
      vertex 0.05915208053588594 -0.016830962457509657 0.00999999990941933
      vertex 0.058251224517819535 -0.01972422150597157 0.00999999990941933
      vertex 0.05876772689819063 -0.018127442636342663 1.478379090258386e-10
    endloop
  endfacet
  facet normal 0.0 0.0 0.0
    outer loop
      vertex 0.05922052383422579 -0.01658838967308583 0.010006233124751362
      vertex 0.05876772689819063 -0.018127442636342663 1.478379090258386e-10
      vertex 0.059598251342770706 -0.015175580301137585 1.478379090258386e-10
    endloop
  endfacet
  facet normal 0.0 0.0 0.0
    outer loop
      vertex 0.05922052383422579 -0.01658838967308583 0.010006233124751362
      vertex 0.05915208053588594 -0.016830962457509657 0.00999999990941933
      vertex 0.05876772689819063 -0.018127442636342663 1.478379090258386e-10
    endloop
  endfacet
  facet normal 0.0 0.0 0.0
    outer loop
      vertex 0.05928876495361055 -0.0163425267122704 0.010024964718837055
      vertex 0.05922052383422579 -0.01658838967308583 0.010006233124751362
      vertex 0.059598251342770706 -0.015175580301137585 1.478379090258386e-10
    endloop
  endfacet
  facet normal 0.0 0.0 0.0
    outer loop
      vertex 0.05935649490356172 -0.016094550409169812 0.010056244044322284
      vertex 0.05928876495361055 -0.0163425267122704 0.010024964718837055
      vertex 0.059598251342770706 -0.015175580301137585 1.478379090258386e-10
    endloop
  endfacet
  facet normal 0.0 0.0 0.0
    outer loop
      vertex 0.05942340850829805 -0.015845639505239147 0.010100119977015766
      vertex 0.05935649490356172 -0.016094550409169812 0.010056244044322284
      vertex 0.059598251342770706 -0.015175580301137585 1.478379090258386e-10
    endloop
  endfacet
  facet normal 0.0 0.0 0.0
    outer loop
      vertex 0.05948918914794649 -0.015596968927236218 0.010156641154307635
      vertex 0.05942340850829805 -0.015845639505239147 0.010100119977015766
      vertex 0.059598251342770706 -0.015175580301137585 1.478379090258386e-10
    endloop
  endfacet
  facet normal 0.0 0.0 0.0
    outer loop
      vertex 0.05955353546142305 -0.0153497174166161 0.010225856928843768
      vertex 0.05948918914794649 -0.015596968927236218 0.010156641154307635
      vertex 0.059598251342770706 -0.015175580301137585 1.478379090258386e-10
    endloop
  endfacet
  facet normal 0.0 0.0 0.0
    outer loop
      vertex 0.05960996246337618 -0.015129375734182018 0.010299045233744891
      vertex 0.05955353546142305 -0.0153497174166161 0.010225856928843768
      vertex 0.059598251342770706 -0.015175580301137585 1.478379090258386e-10
    endloop
  endfacet
  facet normal 0.0 0.0 0.0
    outer loop
      vertex 0.05965935134887423 -0.014933573999257701 0.010373769431132586
      vertex 0.05960996246337618 -0.015129375734182018 0.010299045233744891
      vertex 0.059598251342770706 -0.015175580301137585 1.478379090258386e-10
    endloop
  endfacet
  facet normal 0.0 0.0 0.0
    outer loop
      vertex 0.05970727157592501 -0.01474078301415028 0.0104568637895768
      vertex 0.05965935134887423 -0.014933573999257701 0.010373769431132586
      vertex 0.059598251342770706 -0.015175580301137585 1.478379090258386e-10
    endloop
  endfacet
  facet normal 0.0 0.0 0.0
    outer loop
      vertex 0.05975365829467501 -0.014551506318898814 0.01054800525190285
      vertex 0.05970727157592501 -0.01474078301415028 0.0104568637895768
      vertex 0.059598251342770706 -0.015175580301137585 1.478379090258386e-10
    endloop
  endfacet
  facet normal 0.0 0.0 0.0
    outer loop
      vertex 0.05979845046996798 -0.0143662026308495 0.010646747736949238
      vertex 0.05975365829467501 -0.014551506318898814 0.01054800525190285
      vertex 0.059598251342770706 -0.015175580301137585 1.478379090258386e-10
    endloop
  endfacet
  facet normal 0.0 0.0 0.0
    outer loop
      vertex 0.05984159851073946 -0.01418532589897694 0.010752644925135883
      vertex 0.05979845046996798 -0.0143662026308495 0.010646747736949238
      vertex 0.059598251342770706 -0.015175580301137585 1.478379090258386e-10
    endloop
  endfacet
  facet normal 0.0 0.0 0.0
    outer loop
      vertex 0.05988303756713594 -0.014009333886953013 0.010865249781626972
      vertex 0.05984159851073946 -0.01418532589897694 0.010752644925135883
      vertex 0.059598251342770706 -0.015175580301137585 1.478379090258386e-10
    endloop
  endfacet
  facet normal 0.0 0.0 0.0
    outer loop
      vertex 0.05988303756713594 -0.014009333886953013 0.010865249781626972
      vertex 0.059598251342770706 -0.015175580301137585 1.478379090258386e-10
      vertex 0.060280609130856644 -0.012185987748952526 1.478379090258386e-10
    endloop
  endfacet
  facet normal 0.0 0.0 0.0
    outer loop
      vertex 0.05992271423339571 -0.013838682451100964 0.010984116225261005
      vertex 0.05988303756713594 -0.014009333886953013 0.010865249781626972
      vertex 0.060280609130856644 -0.012185987748952526 1.478379090258386e-10
    endloop
  endfacet
  facet normal 0.0 0.0 0.0
    outer loop
      vertex 0.05996056747436251 -0.013673827447744029 0.011108797698039324
      vertex 0.05992271423339571 -0.013838682451100964 0.010984116225261005
      vertex 0.060280609130856644 -0.012185987748952526 1.478379090258386e-10
    endloop
  endfacet
  facet normal 0.0 0.0 0.0
    outer loop
      vertex 0.05999654006957735 -0.013515225686879772 0.011238847403544696
      vertex 0.05996056747436251 -0.013673827447744029 0.011108797698039324
      vertex 0.060280609130856644 -0.012185987748952526 1.478379090258386e-10
    endloop
  endfacet
  facet normal 0.0 0.0 0.0
    outer loop
      vertex 0.06003057861327852 -0.013363332071157115 0.01137381926061562
      vertex 0.05999654006957735 -0.013515225686879772 0.011238847403544696
      vertex 0.060280609130856644 -0.012185987748952526 1.478379090258386e-10
    endloop
  endfacet
  facet normal 0.0 0.0 0.0
    outer loop
      vertex 0.0600626296997043 -0.013218564309926647 0.011513307003993304
      vertex 0.06003057861327852 -0.013363332071157115 0.01137381926061562
      vertex 0.060280609130856644 -0.012185987748952526 1.478379090258386e-10
    endloop
  endfacet
  facet normal 0.0 0.0 0.0
    outer loop
      vertex 0.06009318542480196 -0.013078913011403697 0.011659384875315936
      vertex 0.0600626296997043 -0.013218564309926647 0.011513307003993304
      vertex 0.060280609130856644 -0.012185987748952526 1.478379090258386e-10
    endloop
  endfacet
  facet normal 0.0 0.0 0.0
    outer loop
      vertex 0.060122486114499225 -0.012943466462941783 0.011813093571681293
      vertex 0.06009318542480196 -0.013078913011403697 0.011659384875315936
      vertex 0.060280609130856644 -0.012185987748952526 1.478379090258386e-10
    endloop
  endfacet
  facet normal 0.0 0.0 0.0
    outer loop
      vertex 0.06015045166015352 -0.012812808313222545 0.01197397521020821
      vertex 0.060122486114499225 -0.012943466462941783 0.011813093571681293
      vertex 0.060280609130856644 -0.012185987748952526 1.478379090258386e-10
    endloop
  endfacet
  facet normal 0.0 0.0 0.0
    outer loop
      vertex 0.060176994323727744 -0.01268752030357899 0.01214157190801552
      vertex 0.06015045166015352 -0.012812808313222545 0.01197397521020821
      vertex 0.060280609130856644 -0.012185987748952526 1.478379090258386e-10
    endloop
  endfacet
  facet normal 0.0 0.0 0.0
    outer loop
      vertex 0.0602020339965793 -0.012568187036367076 0.012315425901431355
      vertex 0.060176994323727744 -0.01268752030357899 0.01214157190801552
      vertex 0.060280609130856644 -0.012185987748952526 1.478379090258386e-10
    endloop
  endfacet
  facet normal 0.0 0.0 0.0
    outer loop
      vertex 0.0602254829406711 -0.012455389299245494 0.012495079545993121
      vertex 0.0602020339965793 -0.012568187036367076 0.012315425901431355
      vertex 0.060280609130856644 -0.012185987748952526 1.478379090258386e-10
    endloop
  endfacet
  facet normal 0.0 0.0 0.0
    outer loop
      vertex 0.06024725723266329 -0.012349711694570201 0.012680074899215014
      vertex 0.0602254829406711 -0.012455389299245494 0.012495079545993121
      vertex 0.060280609130856644 -0.012185987748952526 1.478379090258386e-10
    endloop
  endfacet
  facet normal 0.0 0.0 0.0
    outer loop
      vertex 0.06026727294921602 -0.012251735963674206 0.012869954137820515
      vertex 0.06024725723266329 -0.012349711694570201 0.012680074899215014
      vertex 0.060280609130856644 -0.012185987748952526 1.478379090258386e-10
    endloop
  endfacet
  facet normal 0.0 0.0 0.0
    outer loop
      vertex 0.06028544235229219 -0.01216204480156483 0.01306425958754471
      vertex 0.06026727294921602 -0.012251735963674206 0.012869954137820515
      vertex 0.060280609130856644 -0.012185987748952526 1.478379090258386e-10
    endloop
  endfacet
  facet normal 0.0 0.0 0.0
    outer loop
      vertex 0.06030170822143282 -0.012081177987905162 0.013262512757200511
      vertex 0.060280609130856644 -0.012185987748952526 1.478379090258386e-10
      vertex 0.06081309509277071 -0.009166099824758191 1.478379090258386e-10
    endloop
  endfacet
  facet normal 0.0 0.0 0.0
    outer loop
      vertex 0.06030170822143282 -0.012081177987905162 0.013262512757200511
      vertex 0.06028544235229219 -0.01216204480156483 0.01306425958754471
      vertex 0.060280609130856644 -0.012185987748952526 1.478379090258386e-10
    endloop
  endfacet
  facet normal 0.0 0.0 0.0
    outer loop
      vertex 0.06031608581542696 -0.012009315767141003 0.013464075415152819
      vertex 0.06030170822143282 -0.012081177987905162 0.013262512757200511
      vertex 0.06081309509277071 -0.009166099824758191 1.478379090258386e-10
    endloop
  endfacet
  facet normal 0.0 0.0 0.0
    outer loop
      vertex 0.06032859420776095 -0.01194646386131825 0.013668235941547664
      vertex 0.06031608581542696 -0.012009315767141003 0.013464075415152819
      vertex 0.06081309509277071 -0.009166099824758191 1.478379090258386e-10
    endloop
  endfacet
  facet normal 0.0 0.0 0.0
    outer loop
      vertex 0.06033924484252657 -0.011892629899831433 0.013874282388705524
      vertex 0.06032859420776095 -0.01194646386131825 0.013668235941547664
      vertex 0.06081309509277071 -0.009166099824758191 1.478379090258386e-10
    endloop
  endfacet
  facet normal 0.0 0.0 0.0
    outer loop
      vertex 0.060348064422604694 -0.011847821512075087 0.014081502823848041
      vertex 0.06033924484252657 -0.011892629899831433 0.013874282388705524
      vertex 0.06081309509277071 -0.009166099824758191 1.478379090258386e-10
    endloop
  endfacet
  facet normal 0.0 0.0 0.0
    outer loop
      vertex 0.060861003875729694 -0.008842411317678113 0.01699999990941933
      vertex 0.06036553955077852 -0.011758049287648816 0.01699999990941933
      vertex 0.06036553955077852 -0.011758049287648816 0.01500000002862862
    endloop
  endfacet
  facet normal 0.0 0.0 0.0
    outer loop
      vertex 0.060861003875729694 -0.008842411317678113 0.01699999990941933
      vertex 0.060348064422604694 -0.011847821512075087 0.014081502823848041
      vertex 0.06081309509277071 -0.009166099824758191 1.478379090258386e-10
    endloop
  endfacet
  facet normal 0.0 0.0 0.0
    outer loop
      vertex 0.060861003875729694 -0.008842411317678113 0.01699999990941933
      vertex 0.06035506820678438 -0.011812046327443738 0.014289185254592211
      vertex 0.060348064422604694 -0.011847821512075087 0.014081502823848041
    endloop
  endfacet
  facet normal 0.0 0.0 0.0
    outer loop
      vertex 0.060861003875729694 -0.008842411317678113 0.01699999990941933
      vertex 0.06036027145385469 -0.011785309114308973 0.014496617822665484
      vertex 0.06035506820678438 -0.011812046327443738 0.014289185254592211
    endloop
  endfacet
  facet normal 0.0 0.0 0.0
    outer loop
      vertex 0.060861003875729694 -0.008842411317678113 0.01699999990941933
      vertex 0.060363697051999225 -0.011767618455739638 0.014703088550586017
      vertex 0.06036027145385469 -0.011785309114308973 0.014496617822665484
    endloop
  endfacet
  facet normal 0.0 0.0 0.0
    outer loop
      vertex 0.060861003875729694 -0.008842411317678113 0.01699999990941933
      vertex 0.06036507797240938 -0.011760442056508679 0.014852122812289509
      vertex 0.060363697051999225 -0.011767618455739638 0.014703088550586017
    endloop
  endfacet
  facet normal 0.0 0.0 0.0
    outer loop
      vertex 0.060861003875729694 -0.008842411317678113 0.01699999990941933
      vertex 0.06081309509277071 -0.009166099824758191 1.478379090258386e-10
      vertex 0.06119439315795626 -0.006123422422261855 1.478379090258386e-10
    endloop
  endfacet
  facet normal 0.0 0.0 0.0
    outer loop
      vertex 0.060861003875729694 -0.008842411317678113 0.01699999990941933
      vertex 0.06036553955077852 -0.011758049287648816 0.01500000002862862
      vertex 0.06036507797240938 -0.011760442056508679 0.014852122812289509
    endloop
  endfacet
  facet normal 0.0 0.0 0.0
    outer loop
      vertex 0.061215728759762895 -0.005906325616689346 0.01699999990941933
      vertex 0.060861003875729694 -0.008842411317678113 0.01699999990941933
      vertex 0.06119439315795626 -0.006123422422261855 1.478379090258386e-10
    endloop
  endfacet
  facet normal 0.0 0.0 0.0
    outer loop
      vertex 0.061215728759762895 -0.005906325616689346 0.01699999990941933
      vertex 0.06119439315795626 -0.006123422422261855 1.478379090258386e-10
      vertex 0.061423549652096884 -0.0030655219934898822 1.478379090258386e-10
    endloop
  endfacet
  facet normal 0.0 0.0 0.0
    outer loop
      vertex 0.06142889022826876 -0.0029565813921410057 0.01699999990941933
      vertex 0.061423549652096884 -0.0030655219934898822 1.478379090258386e-10
      vertex 0.06149999999999727 -7.468680602828359e-13 1.478379090258386e-10
    endloop
  endfacet
  facet normal 0.0 0.0 0.0
    outer loop
      vertex 0.06142889022826876 -0.0029565813921410057 0.01699999990941933
      vertex 0.061215728759762895 -0.005906325616689346 0.01699999990941933
      vertex 0.061423549652096884 -0.0030655219934898822 1.478379090258386e-10
    endloop
  endfacet
  facet normal 0.0 0.0 0.0
    outer loop
      vertex 0.06149999999999727 -7.468680602828359e-13 0.01699999990941933
      vertex 0.06142889022826876 -0.0029565813921410057 0.01699999990941933
      vertex 0.06149999999999727 -7.468680602828359e-13 1.478379090258386e-10
    endloop
  endfacet
  facet normal 0.0 0.0 0.0
    outer loop
      vertex 0.06142889022826876 0.002956581316141464 0.01699999990941933
      vertex 0.06149999999999727 -7.468680602828359e-13 1.478379090258386e-10
      vertex 0.061423549652096884 0.0030655219174903405 1.478379090258386e-10
    endloop
  endfacet
  facet normal 0.0 0.0 0.0
    outer loop
      vertex 0.06142889022826876 0.002956581316141464 0.01699999990941933
      vertex 0.06149999999999727 -7.468680602828359e-13 0.01699999990941933
      vertex 0.06149999999999727 -7.468680602828359e-13 1.478379090258386e-10
    endloop
  endfacet
  facet normal 0.0 0.0 0.0
    outer loop
      vertex 0.061215728759762895 0.005906325540689803 0.01699999990941933
      vertex 0.061423549652096884 0.0030655219174903405 1.478379090258386e-10
      vertex 0.06119439315795626 0.006123422346262312 1.478379090258386e-10
    endloop
  endfacet
  facet normal 0.0 0.0 0.0
    outer loop
      vertex 0.061215728759762895 0.005906325540689803 0.01699999990941933
      vertex 0.06142889022826876 0.002956581316141464 0.01699999990941933
      vertex 0.061423549652096884 0.0030655219174903405 1.478379090258386e-10
    endloop
  endfacet
  facet normal 0.0 0.0 0.0
    outer loop
      vertex 0.060861003875729694 0.008842411718515731 0.01699999990941933
      vertex 0.06119439315795626 0.006123422346262312 1.478379090258386e-10
      vertex 0.06081309509277071 0.009166099271921493 1.478379090258386e-10
    endloop
  endfacet
  facet normal 0.0 0.0 0.0
    outer loop
      vertex 0.060861003875729694 0.008842411718515731 0.01699999990941933
      vertex 0.061215728759762895 0.005906325540689803 0.01699999990941933
      vertex 0.06119439315795626 0.006123422346262312 1.478379090258386e-10
    endloop
  endfacet
  facet normal 0.0 0.0 0.0
    outer loop
      vertex 0.060317699432370316 0.012001229963449812 0.013488657719213279
      vertex 0.06033051681518282 0.011936760625986434 0.013702842055577548
      vertex 0.06081309509277071 0.009166099271921493 1.478379090258386e-10
    endloop
  endfacet
  facet normal 0.0 0.0 0.0
    outer loop
      vertex 0.06034130477905 0.011882187566904403 0.013918964056987079
      vertex 0.060861003875729694 0.008842411718515731 0.01699999990941933
      vertex 0.06081309509277071 0.009166099271921493 1.478379090258386e-10
    endloop
  endfacet
  facet normal 0.0 0.0 0.0
    outer loop
      vertex 0.06034130477905 0.011882187566904403 0.013918964056987079
      vertex 0.06081309509277071 0.009166099271921493 1.478379090258386e-10
      vertex 0.06033051681518282 0.011936760625986434 0.013702842055577548
    endloop
  endfacet
  facet normal 0.0 0.0 0.0
    outer loop
      vertex 0.06030282974242891 0.012075587949900006 0.013277229293007167
      vertex 0.06081309509277071 0.009166099271921493 1.478379090258386e-10
      vertex 0.060280609130856644 0.012185988149790144 1.478379090258386e-10
    endloop
  endfacet
  facet normal 0.0 0.0 0.0
    outer loop
      vertex 0.06030282974242891 0.012075587949900006 0.013277229293007167
      vertex 0.060317699432370316 0.012001229963449812 0.013488657719213279
      vertex 0.06081309509277071 0.009166099271921493 1.478379090258386e-10
    endloop
  endfacet
  facet normal 0.0 0.0 0.0
    outer loop
      vertex 0.06035008621215548 0.011837519369272567 0.014136205463427814
      vertex 0.060861003875729694 0.008842411718515731 0.01699999990941933
      vertex 0.06034130477905 0.011882187566904403 0.013918964056987079
    endloop
  endfacet
  facet normal 0.0 0.0 0.0
    outer loop
      vertex 0.060285892486569535 0.012159825048593854 0.013069374828357013
      vertex 0.06030282974242891 0.012075587949900006 0.013277229293007167
      vertex 0.060280609130856644 0.012185988149790144 1.478379090258386e-10
    endloop
  endfacet
  facet normal 0.0 0.0 0.0
    outer loop
      vertex 0.060356876373288286 0.011802763662485458 0.014353747992533954
      vertex 0.060861003875729694 0.008842411718515731 0.01699999990941933
      vertex 0.06035008621215548 0.011837519369272567 0.014136205463427814
    endloop
  endfacet
  facet normal 0.0 0.0 0.0
    outer loop
      vertex 0.060266860961911334 0.012253751478342388 0.012865834503192218
      vertex 0.060285892486569535 0.012159825048593854 0.013069374828357013
      vertex 0.060280609130856644 0.012185988149790144 1.478379090258386e-10
    endloop
  endfacet
  facet normal 0.0 0.0 0.0
    outer loop
      vertex 0.0603617019653293 0.011777927122263289 0.014570773510951313
      vertex 0.060861003875729694 0.008842411718515731 0.01699999990941933
      vertex 0.060356876373288286 0.011802763662485458 0.014353747992533954
    endloop
  endfacet
  facet normal 0.0 0.0 0.0
    outer loop
      vertex 0.060245811462399615 0.01235675498023448 0.012667161433715136
      vertex 0.060266860961911334 0.012253751478342388 0.012865834503192218
      vertex 0.060280609130856644 0.012185988149790144 1.478379090258386e-10
    endloop
  endfacet
  facet normal 0.0 0.0 0.0
    outer loop
      vertex 0.06036458206176485 0.011763020239023543 0.014786463527697833
      vertex 0.060861003875729694 0.008842411718515731 0.01699999990941933
      vertex 0.0603617019653293 0.011777927122263289 0.014570773510951313
    endloop
  endfacet
  facet normal 0.0 0.0 0.0
    outer loop
      vertex 0.06022283554076876 0.012468166074900006 0.0124738817501252
      vertex 0.060245811462399615 0.01235675498023448 0.012667161433715136
      vertex 0.060280609130856644 0.012185988149790144 1.478379090258386e-10
    endloop
  endfacet
  facet normal 0.0 0.0 0.0
    outer loop
      vertex 0.06036553955077852 0.011758049688486434 0.01500000002862862
      vertex 0.060861003875729694 0.008842411718515731 0.01699999990941933
      vertex 0.06036458206176485 0.011763020239023543 0.014786463527697833
    endloop
  endfacet
  facet normal 0.0 0.0 0.0
    outer loop
      vertex 0.06019803619384493 0.012587313375620222 0.012286521701831135
      vertex 0.06022283554076876 0.012468166074900006 0.0124738817501252
      vertex 0.060280609130856644 0.012185988149790144 1.478379090258386e-10
    endloop
  endfacet
  facet normal 0.0 0.0 0.0
    outer loop
      vertex 0.06017150497436251 0.012713528356699323 0.012105607299823077
      vertex 0.06019803619384493 0.012587313375620222 0.012286521701831135
      vertex 0.060280609130856644 0.012185988149790144 1.478379090258386e-10
    endloop
  endfacet
  facet normal 0.0 0.0 0.0
    outer loop
      vertex 0.06014334487914766 0.012846140585092878 0.011931664853114398
      vertex 0.06017150497436251 0.012713528356699323 0.012105607299823077
      vertex 0.060280609130856644 0.012185988149790144 1.478379090258386e-10
    endloop
  endfacet
  facet normal 0.0 0.0 0.0
    outer loop
      vertex 0.06011364746093477 0.012984479627756451 0.011765220432299885
      vertex 0.06014334487914766 0.012846140585092878 0.011931664853114398
      vertex 0.060280609130856644 0.012185988149790144 1.478379090258386e-10
    endloop
  endfacet
  facet normal 0.0 0.0 0.0
    outer loop
      vertex 0.06008251190185274 0.013127876958994245 0.011606800227183613
      vertex 0.06011364746093477 0.012984479627756451 0.011765220432299885
      vertex 0.060280609130856644 0.012185988149790144 1.478379090258386e-10
    endloop
  endfacet
  facet normal 0.0 0.0 0.0
    outer loop
      vertex 0.060050003051755084 0.013275797567514753 0.011456793098468096
      vertex 0.06008251190185274 0.013127876958994245 0.011606800227183613
      vertex 0.060280609130856644 0.012185988149790144 1.478379090258386e-10
    endloop
  endfacet
  facet normal 0.0 0.0 0.0
    outer loop
      vertex 0.06036553955077852 0.011758049688486434 0.01699999990941933
      vertex 0.060861003875729694 0.008842411718515731 0.01699999990941933
      vertex 0.06036553955077852 0.011758049688486434 0.01500000002862862
    endloop
  endfacet
  facet normal 0.0 0.0 0.0
    outer loop
      vertex 0.060015544891354695 0.013430644712595318 0.01131266155721596
      vertex 0.060050003051755084 0.013275797567514753 0.011456793098468096
      vertex 0.060280609130856644 0.012185988149790144 1.478379090258386e-10
    endloop
  endfacet
  facet normal 0.0 0.0 0.0
    outer loop
      vertex 0.059978923797604694 0.013593129835275983 0.0111736606645768
      vertex 0.060015544891354695 0.013430644712595318 0.01131266155721596
      vertex 0.060280609130856644 0.012185988149790144 1.478379090258386e-10
    endloop
  endfacet
  facet normal 0.0 0.0 0.0
    outer loop
      vertex 0.05994021224975313 0.013762726507334089 0.011040303139704975
      vertex 0.059978923797604694 0.013593129835275983 0.0111736606645768
      vertex 0.060280609130856644 0.012185988149790144 1.478379090258386e-10
    endloop
  endfacet
  facet normal 0.0 0.0 0.0
    outer loop
      vertex 0.05989947128295626 0.01393891306891856 0.010913102536219866
      vertex 0.05994021224975313 0.013762726507334089 0.011040303139704975
      vertex 0.060280609130856644 0.012185988149790144 1.478379090258386e-10
    endloop
  endfacet
  facet normal 0.0 0.0 0.0
    outer loop
      vertex 0.05985676574706758 0.014121163091806745 0.010792571930903706
      vertex 0.05989947128295626 0.01393891306891856 0.010913102536219866
      vertex 0.060280609130856644 0.012185988149790144 1.478379090258386e-10
    endloop
  endfacet
  facet normal 0.0 0.0 0.0
    outer loop
      vertex 0.05985676574706758 0.014121163091806745 0.010792571930903706
      vertex 0.060280609130856644 0.012185988149790144 1.478379090258386e-10
      vertex 0.059598251342770706 0.015175579748300885 1.478379090258386e-10
    endloop
  endfacet
  facet normal 0.0 0.0 0.0
    outer loop
      vertex 0.05981216812133516 0.014308953008798931 0.010679224400538714
      vertex 0.05985676574706758 0.014121163091806745 0.010792571930903706
      vertex 0.059598251342770706 0.015175579748300885 1.478379090258386e-10
    endloop
  endfacet
  facet normal 0.0 0.0 0.0
    outer loop
      vertex 0.059765743255612507 0.0145017582990211 0.010573573498744281
      vertex 0.05981216812133516 0.014308953008798931 0.010679224400538714
      vertex 0.059598251342770706 0.015175579748300885 1.478379090258386e-10
    endloop
  endfacet
  facet normal 0.0 0.0 0.0
    outer loop
      vertex 0.05971755218505587 0.014699055395273542 0.010476132063884052
      vertex 0.059765743255612507 0.0145017582990211 0.010573573498744281
      vertex 0.059598251342770706 0.015175579748300885 1.478379090258386e-10
    endloop
  endfacet
  facet normal 0.0 0.0 0.0
    outer loop
      vertex 0.059667667388913284 0.014900319776682233 0.010387413172740253
      vertex 0.05971755218505587 0.014699055395273542 0.010476132063884052
      vertex 0.059598251342770706 0.015175579748300885 1.478379090258386e-10
    endloop
  endfacet
  facet normal 0.0 0.0 0.0
    outer loop
      vertex 0.05961615371703829 0.01510498972907481 0.010307841448802264
      vertex 0.059667667388913284 0.014900319776682233 0.010387413172740253
      vertex 0.059598251342770706 0.015175579748300885 1.478379090258386e-10
    endloop
  endfacet
  facet normal 0.0 0.0 0.0
    outer loop
      vertex 0.059563159942624226 0.015312375745920514 0.010237478642482074
      vertex 0.05961615371703829 0.01510498972907481 0.010307841448802264
      vertex 0.059598251342770706 0.015175579748300885 1.478379090258386e-10
    endloop
  endfacet
  facet normal 0.0 0.0 0.0
    outer loop
      vertex 0.059508876800534384 0.015521758756784772 0.010176294951457294
      vertex 0.059563159942624226 0.015312375745920514 0.010237478642482074
      vertex 0.059598251342770706 0.015175579748300885 1.478379090258386e-10
    endloop
  endfacet
  facet normal 0.0 0.0 0.0
    outer loop
      vertex 0.059453491210934774 0.015732418737558696 0.010124260573405536
      vertex 0.059508876800534384 0.015521758756784772 0.010176294951457294
      vertex 0.059598251342770706 0.015175579748300885 1.478379090258386e-10
    endloop
  endfacet
  facet normal 0.0 0.0 0.0
    outer loop
      vertex 0.059397190093991414 0.015943638525156355 0.010081345467585833
      vertex 0.059453491210934774 0.015732418737558696 0.010124260573405536
      vertex 0.059598251342770706 0.015175579748300885 1.478379090258386e-10
    endloop
  endfacet
  facet normal 0.0 0.0 0.0
    outer loop
      vertex 0.05934016799926485 0.016154698095468854 0.010047520070094379
      vertex 0.059397190093991414 0.015943638525156355 0.010081345467585833
      vertex 0.059598251342770706 0.015175579748300885 1.478379090258386e-10
    endloop
  endfacet
  facet normal 0.0 0.0 0.0
    outer loop
      vertex 0.059282608032223835 0.016364878378061627 0.010022754101771624
      vertex 0.05934016799926485 0.016154698095468854 0.010047520070094379
      vertex 0.059598251342770706 0.015175579748300885 1.478379090258386e-10
    endloop
  endfacet
  facet normal 0.0 0.0 0.0
    outer loop
      vertex 0.05922470092773165 0.016573462209848736 0.010007017760295184
      vertex 0.059282608032223835 0.016364878378061627 0.010022754101771624
      vertex 0.059598251342770706 0.015175579748300885 1.478379090258386e-10
    endloop
  endfacet
  facet normal 0.0 0.0 0.0
    outer loop
      vertex 0.059188396453854694 0.016702753744272564 0.010001753239650043
      vertex 0.059598251342770706 0.015175579748300885 1.478379090258386e-10
      vertex 0.05876772689819063 0.018127443990854593 1.478379090258386e-10
    endloop
  endfacet
  facet normal 0.0 0.0 0.0
    outer loop
      vertex 0.059188396453854694 0.016702753744272564 0.010001753239650043
      vertex 0.05922470092773165 0.016573462209848736 0.010007017760295184
      vertex 0.059598251342770706 0.015175579748300885 1.478379090258386e-10
    endloop
  endfacet
  facet normal 0.0 0.0 0.0
    outer loop
      vertex 0.05915208053588594 0.016830961904672953 0.00999999990941933
      vertex 0.059188396453854694 0.016702753744272564 0.010001753239650043
      vertex 0.05876772689819063 0.018127443990854593 1.478379090258386e-10
    endloop
  endfacet
  facet normal 0.0 0.0 0.0
    outer loop
      vertex 0.058251224517819535 0.019724220953134867 0.00999999990941933
      vertex 0.05876772689819063 0.018127443990854593 1.478379090258386e-10
      vertex 0.05779109573363985 0.02103423949256358 1.478379090258386e-10
    endloop
  endfacet
  facet normal 0.0 0.0 0.0
    outer loop
      vertex 0.058251224517819535 0.019724220953134867 0.00999999990941933
      vertex 0.05915208053588594 0.016830961904672953 0.00999999990941933
      vertex 0.05876772689819063 0.018127443990854593 1.478379090258386e-10
    endloop
  endfacet
  facet normal 0.0 0.0 0.0
    outer loop
      vertex 0.05720894622802462 0.02256959410682139 0.00999999990941933
      vertex 0.05779109573363985 0.02103423949256358 1.478379090258386e-10
      vertex 0.05667078781127657 0.02388873930945811 1.478379090258386e-10
    endloop
  endfacet
  facet normal 0.0 0.0 0.0
    outer loop
      vertex 0.05720894622802462 0.02256959410682139 0.00999999990941933
      vertex 0.058251224517819535 0.019724220953134867 0.00999999990941933
      vertex 0.05779109573363985 0.02103423949256358 1.478379090258386e-10
    endloop
  endfacet
  facet normal 0.0 0.0 0.0
    outer loop
      vertex 0.056027774810788286 0.025360174856333108 0.00999999990941933
      vertex 0.05667078781127657 0.02388873930945811 1.478379090258386e-10
      vertex 0.055409584045407426 0.026683850011972755 1.478379090258386e-10
    endloop
  endfacet
  facet normal 0.0 0.0 0.0
    outer loop
      vertex 0.056027774810788286 0.025360174856333108 0.00999999990941933
      vertex 0.05720894622802462 0.02256959410682139 0.00999999990941933
      vertex 0.05667078781127657 0.02388873930945811 1.478379090258386e-10
    endloop
  endfacet
  facet normal 0.0 0.0 0.0
    outer loop
      vertex 0.05471058273315157 0.028089184484629003 0.00999999990941933
      vertex 0.055409584045407426 0.026683850011972755 1.478379090258386e-10
      vertex 0.054010627746579304 0.02941261931434092 1.478379090258386e-10
    endloop
  endfacet
  facet normal 0.0 0.0 0.0
    outer loop
      vertex 0.05471058273315157 0.028089184484629003 0.00999999990941933
      vertex 0.056027774810788286 0.025360174856333108 0.00999999990941933
      vertex 0.055409584045407426 0.026683850011972755 1.478379090258386e-10
    endloop
  endfacet
  facet normal 0.0 0.0 0.0
    outer loop
      vertex 0.05326056289672579 0.03075000067725596 0.00999999990941933
      vertex 0.054010627746579304 0.02941261931434092 1.478379090258386e-10
      vertex 0.05247739028930391 0.03206826468482432 1.478379090258386e-10
    endloop
  endfacet
  facet normal 0.0 0.0 0.0
    outer loop
      vertex 0.05326056289672579 0.03075000067725596 0.00999999990941933
      vertex 0.05471058273315157 0.028089184484629003 0.00999999990941933
      vertex 0.054010627746579304 0.02941261931434092 1.478379090258386e-10
    endloop
  endfacet
  facet normal 0.0 0.0 0.0
    outer loop
      vertex 0.051681236267087115 0.033336159429697365 0.00999999990941933
      vertex 0.05247739028930391 0.03206826468482432 1.478379090258386e-10
      vertex 0.05081368637084688 0.03464418478980479 1.478379090258386e-10
    endloop
  endfacet
  facet normal 0.0 0.0 0.0
    outer loop
      vertex 0.051681236267087115 0.033336159429697365 0.00999999990941933
      vertex 0.05326056289672579 0.03075000067725596 0.00999999990941933
      vertex 0.05247739028930391 0.03206826468482432 1.478379090258386e-10
    endloop
  endfacet
  facet normal 0.0 0.0 0.0
    outer loop
      vertex 0.04997644424438204 0.03584138937964854 0.00999999990941933
      vertex 0.05081368637084688 0.03464418478980479 1.478379090258386e-10
      vertex 0.04902364730834688 0.03713397284522471 1.478379090258386e-10
    endloop
  endfacet
  facet normal 0.0 0.0 0.0
    outer loop
      vertex 0.04997644424438204 0.03584138937964854 0.00999999990941933
      vertex 0.051681236267087115 0.033336159429697365 0.00999999990941933
      vertex 0.05081368637084688 0.03464418478980479 1.478379090258386e-10
    endloop
  endfacet
  facet normal 0.0 0.0 0.0
    outer loop
      vertex 0.04815031433105196 0.038259602270273536 0.00999999990941933
      vertex 0.04902364730834688 0.03713397284522471 1.478379090258386e-10
      vertex 0.04711173248290744 0.039531437597421976 1.478379090258386e-10
    endloop
  endfacet
  facet normal 0.0 0.0 0.0
    outer loop
      vertex 0.04815031433105196 0.038259602270273536 0.00999999990941933
      vertex 0.04997644424438204 0.03584138937964854 0.00999999990941933
      vertex 0.04902364730834688 0.03713397284522471 1.478379090258386e-10
    endloop
  endfacet
  facet normal 0.0 0.0 0.0
    outer loop
      vertex 0.04620729064941135 0.04058492728248057 0.00999999990941933
      vertex 0.04815031433105196 0.038259602270273536 0.00999999990941933
      vertex 0.04711173248290744 0.039531437597421976 1.478379090258386e-10
    endloop
  endfacet
  facet normal 0.0 0.0 0.0
    outer loop
      vertex 0.04620729064941135 0.04058492728248057 0.00999999990941933
      vertex 0.04711173248290744 0.039531437597421976 1.478379090258386e-10
      vertex 0.04508269119262424 0.04183062430396495 1.478379090258386e-10
    endloop
  endfacet
  facet normal 0.0 0.0 0.0
    outer loop
      vertex 0.04415208053588596 0.04281172247901378 0.00999999990941933
      vertex 0.04620729064941135 0.04058492728248057 0.00999999990941933
      vertex 0.04508269119262424 0.04183062430396495 1.478379090258386e-10
    endloop
  endfacet
  facet normal 0.0 0.0 0.0
    outer loop
      vertex 0.04397622680663791 0.0429922835446876 0.010006233124751362
      vertex 0.04415208053588596 0.04281172247901378 0.00999999990941933
      vertex 0.04508269119262424 0.04183062430396495 1.478379090258386e-10
    endloop
  endfacet
  facet normal 0.0 0.0 0.0
    outer loop
      vertex 0.04397622680663791 0.0429922835446876 0.010006233124751362
      vertex 0.04508269119262424 0.04183062430396495 1.478379090258386e-10
      vertex 0.042941562652585176 0.04402581091895518 1.478379090258386e-10
    endloop
  endfacet
  facet normal 0.0 0.0 0.0
    outer loop
      vertex 0.04379742431640354 0.043174313268808696 0.010024964718837055
      vertex 0.04397622680663791 0.0429922835446876 0.010006233124751362
      vertex 0.042941562652585176 0.04402581091895518 1.478379090258386e-10
    endloop
  endfacet
  facet normal 0.0 0.0 0.0
    outer loop
      vertex 0.04361653900146213 0.04335695715918955 0.010056244044322284
      vertex 0.04379742431640354 0.043174313268808696 0.010024964718837055
      vertex 0.042941562652585176 0.04402581091895518 1.478379090258386e-10
    endloop
  endfacet
  facet normal 0.0 0.0 0.0
    outer loop
      vertex 0.043434429168698455 0.04353936072364268 0.010100119977015766
      vertex 0.04361653900146213 0.04335695715918955 0.010056244044322284
      vertex 0.042941562652585176 0.04402581091895518 1.478379090258386e-10
    endloop
  endfacet
  facet normal 0.0 0.0 0.0
    outer loop
      vertex 0.043251964569089085 0.043720665655283306 0.010156641154307635
      vertex 0.043434429168698455 0.04353936072364268 0.010100119977015766
      vertex 0.042941562652585176 0.04402581091895518 1.478379090258386e-10
    endloop
  endfacet
  facet normal 0.0 0.0 0.0
    outer loop
      vertex 0.0430700111389133 0.04390001746192393 0.010225856928843768
      vertex 0.043251964569089085 0.043720665655283306 0.010156641154307635
      vertex 0.042941562652585176 0.04402581091895518 1.478379090258386e-10
    endloop
  endfacet
  facet normal 0.0 0.0 0.0
    outer loop
      vertex 0.04290740585326877 0.04405905219092784 0.010299045233744891
      vertex 0.0430700111389133 0.04390001746192393 0.010225856928843768
      vertex 0.042941562652585176 0.04402581091895518 1.478379090258386e-10
    endloop
  endfacet
  facet normal 0.0 0.0 0.0
    outer loop
      vertex 0.04276253128051486 0.04419972678199229 0.010373769431132586
      vertex 0.04290740585326877 0.04405905219092784 0.010299045233744891
      vertex 0.042941562652585176 0.04402581091895518 1.478379090258386e-10
    endloop
  endfacet
  facet normal 0.0 0.0 0.0
    outer loop
      vertex 0.04261952590942111 0.0443376204587501 0.0104568637895768
      vertex 0.04276253128051486 0.04419972678199229 0.010373769431132586
      vertex 0.042941562652585176 0.04402581091895518 1.478379090258386e-10
    endloop
  endfacet
  facet normal 0.0 0.0 0.0
    outer loop
      vertex 0.04247880172729221 0.04447243186011729 0.01054800525190285
      vertex 0.04261952590942111 0.0443376204587501 0.0104568637895768
      vertex 0.042941562652585176 0.04402581091895518 1.478379090258386e-10
    endloop
  endfacet
  facet normal 0.0 0.0 0.0
    outer loop
      vertex 0.04234072113036838 0.0446038786984962 0.010646747736949238
      vertex 0.04247880172729221 0.04447243186011729 0.01054800525190285
      vertex 0.042941562652585176 0.04402581091895518 1.478379090258386e-10
    endloop
  endfacet
  facet normal 0.0 0.0 0.0
    outer loop
      vertex 0.04220565032958713 0.04473167868628916 0.010752644925135883
      vertex 0.04234072113036838 0.0446038786984962 0.010646747736949238
      vertex 0.042941562652585176 0.04402581091895518 1.478379090258386e-10
    endloop
  endfacet
  facet normal 0.0 0.0 0.0
    outer loop
      vertex 0.04207395935058322 0.0448555647946876 0.010865249781626972
      vertex 0.04220565032958713 0.04473167868628916 0.010752644925135883
      vertex 0.042941562652585176 0.04402581091895518 1.478379090258386e-10
    endloop
  endfacet
  facet normal 0.0 0.0 0.0
    outer loop
      vertex 0.04207395935058322 0.0448555647946876 0.010865249781626972
      vertex 0.042941562652585176 0.04402581091895518 1.478379090258386e-10
      vertex 0.0406936798095676 0.04611154242530284 1.478379090258386e-10
    endloop
  endfacet
  facet normal 0.0 0.0 0.0
    outer loop
      vertex 0.04194600677489963 0.044975250921396585 0.010984116225261005
      vertex 0.04207395935058322 0.0448555647946876 0.010865249781626972
      vertex 0.0406936798095676 0.04611154242530284 1.478379090258386e-10
    endloop
  endfacet
  facet normal 0.0 0.0 0.0
    outer loop
      vertex 0.04182216644286838 0.04509045859351573 0.011108797698039324
      vertex 0.04194600677489963 0.044975250921396585 0.010984116225261005
      vertex 0.0406936798095676 0.04611154242530284 1.478379090258386e-10
    endloop
  endfacet
  facet normal 0.0 0.0 0.0
    outer loop
      vertex 0.041702800750729706 0.04520091696753917 0.011238847403544696
      vertex 0.04182216644286838 0.04509045859351573 0.011108797698039324
      vertex 0.0406936798095676 0.04611154242530284 1.478379090258386e-10
    endloop
  endfacet
  facet normal 0.0 0.0 0.0
    outer loop
      vertex 0.041588275909421116 0.045306339941171975 0.01137381926061562
      vertex 0.041702800750729706 0.04520091696753917 0.011238847403544696
      vertex 0.0406936798095676 0.04611154242530284 1.478379090258386e-10
    endloop
  endfacet
  facet normal 0.0 0.0 0.0
    outer loop
      vertex 0.04147892761230197 0.0454064795590919 0.011513307003993304
      vertex 0.041588275909421116 0.045306339941171975 0.01137381926061562
      vertex 0.0406936798095676 0.04611154242530284 1.478379090258386e-10
    endloop
  endfacet
  facet normal 0.0 0.0 0.0
    outer loop
      vertex 0.04137326431274142 0.04550276633277354 0.011659384875315936
      vertex 0.04147892761230197 0.0454064795590919 0.011513307003993304
      vertex 0.0406936798095676 0.04611154242530284 1.478379090258386e-10
    endloop
  endfacet
  facet normal 0.0 0.0 0.0
    outer loop
      vertex 0.04127061462402072 0.045595867834238385 0.011813093571681293
      vertex 0.04137326431274142 0.04550276633277354 0.011659384875315936
      vertex 0.0406936798095676 0.04611154242530284 1.478379090258386e-10
    endloop
  endfacet
  facet normal 0.0 0.0 0.0
    outer loop
      vertex 0.04117144393920627 0.04568541403785167 0.01197397521020821
      vertex 0.04127061462402072 0.045595867834238385 0.011813093571681293
      vertex 0.0406936798095676 0.04611154242530284 1.478379090258386e-10
    endloop
  endfacet
  facet normal 0.0 0.0 0.0
    outer loop
      vertex 0.04107621383666721 0.04577104636207042 0.01214157190801552
      vertex 0.04117144393920627 0.04568541403785167 0.01197397521020821
      vertex 0.0406936798095676 0.04611154242530284 1.478379090258386e-10
    endloop
  endfacet
  facet normal 0.0 0.0 0.0
    outer loop
      vertex 0.04098538589477268 0.04585239859595713 0.012315425901431355
      vertex 0.04107621383666721 0.04577104636207042 0.01214157190801552
      vertex 0.0406936798095676 0.04611154242530284 1.478379090258386e-10
    endloop
  endfacet
  facet normal 0.0 0.0 0.0
    outer loop
      vertex 0.04089942550658908 0.04592910452857432 0.012495079545993121
      vertex 0.04098538589477268 0.04585239859595713 0.012315425901431355
      vertex 0.0406936798095676 0.04611154242530284 1.478379090258386e-10
    endloop
  endfacet
  facet normal 0.0 0.0 0.0
    outer loop
      vertex 0.0408187904357883 0.04600079794898448 0.012680074899215014
      vertex 0.04089942550658908 0.04592910452857432 0.012495079545993121
      vertex 0.0406936798095676 0.04611154242530284 1.478379090258386e-10
    endloop
  endfacet
  facet normal 0.0 0.0 0.0
    outer loop
      vertex 0.040743949890134 0.046067120275644635 0.012869954137820515
      vertex 0.0408187904357883 0.04600079794898448 0.012680074899215014
      vertex 0.0406936798095676 0.04611154242530284 1.478379090258386e-10
    endloop
  endfacet
  facet normal 0.0 0.0 0.0
    outer loop
      vertex 0.04067536163329807 0.046127701482920024 0.01306425958754471
      vertex 0.040743949890134 0.046067120275644635 0.012869954137820515
      vertex 0.0406936798095676 0.04611154242530284 1.478379090258386e-10
    endloop
  endfacet
  facet normal 0.0 0.0 0.0
    outer loop
      vertex 0.04061346054076877 0.0461822249509376 0.013262512757200511
      vertex 0.0406936798095676 0.04611154242530284 1.478379090258386e-10
      vertex 0.038344623565671115 0.04808263464942392 1.478379090258386e-10
    endloop
  endfacet
  facet normal 0.0 0.0 0.0
    outer loop
      vertex 0.04061346054076877 0.0461822249509376 0.013262512757200511
      vertex 0.04067536163329807 0.046127701482920024 0.01306425958754471
      vertex 0.0406936798095676 0.04611154242530284 1.478379090258386e-10
    endloop
  endfacet
  facet normal 0.0 0.0 0.0
    outer loop
      vertex 0.040558414459225804 0.046230606756357526 0.013464075415152819
      vertex 0.04061346054076877 0.0461822249509376 0.013262512757200511
      vertex 0.038344623565671115 0.04808263464942392 1.478379090258386e-10
    endloop
  endfacet
  facet normal 0.0 0.0 0.0
    outer loop
      vertex 0.04051023864745822 0.04627286215796885 0.013668235941547664
      vertex 0.040558414459225804 0.046230606756357526 0.013464075415152819
      vertex 0.038344623565671115 0.04808263464942392 1.478379090258386e-10
    endloop
  endfacet
  facet normal 0.0 0.0 0.0
    outer loop
      vertex 0.04046894454955783 0.04630900641456065 0.013874282388705524
      vertex 0.04051023864745822 0.04627286215796885 0.013668235941547664
      vertex 0.038344623565671115 0.04808263464942392 1.478379090258386e-10
    endloop
  endfacet
  facet normal 0.0 0.0 0.0
    outer loop
      vertex 0.04043454742431369 0.046339047155527446 0.014081502823848041
      vertex 0.04046894454955783 0.04630900641456065 0.013874282388705524
      vertex 0.038344623565671115 0.04808263464942392 1.478379090258386e-10
    endloop
  endfacet
  facet normal 0.0 0.0 0.0
    outer loop
      vertex 0.03808825302123752 0.04828596945777353 0.01699999990941933
      vertex 0.04036553955077853 0.046399063787607525 0.01699999990941933
      vertex 0.04036553955077853 0.046399063787607525 0.01500000002862862
    endloop
  endfacet
  facet normal 0.0 0.0 0.0
    outer loop
      vertex 0.03808825302123752 0.04828596945777353 0.01699999990941933
      vertex 0.04040706634521213 0.04636299963965831 0.014289185254592211
      vertex 0.04043454742431369 0.046339047155527446 0.014081502823848041
    endloop
  endfacet
  facet normal 0.0 0.0 0.0
    outer loop
      vertex 0.03808825302123752 0.04828596945777353 0.01699999990941933
      vertex 0.040386512756344944 0.046380875311045025 0.014496617822665484
      vertex 0.04040706634521213 0.04636299963965831 0.014289185254592211
    endloop
  endfacet
  facet normal 0.0 0.0 0.0
    outer loop
      vertex 0.03808825302123752 0.04828596945777353 0.01699999990941933
      vertex 0.04037290573119846 0.0463926856137794 0.014703088550586017
      vertex 0.040386512756344944 0.046380875311045025 0.014496617822665484
    endloop
  endfacet
  facet normal 0.0 0.0 0.0
    outer loop
      vertex 0.03808825302123752 0.04828596945777353 0.01699999990941933
      vertex 0.04036738204955783 0.04639747305884776 0.014852122812289509
      vertex 0.04037290573119846 0.0463926856137794 0.014703088550586017
    endloop
  endfacet
  facet normal 0.0 0.0 0.0
    outer loop
      vertex 0.03808825302123752 0.04828596945777353 0.01699999990941933
      vertex 0.04036553955077853 0.046399063787607525 0.01500000002862862
      vertex 0.04036738204955783 0.04639747305884776 0.014852122812289509
    endloop
  endfacet
  facet normal 0.0 0.0 0.0
    outer loop
      vertex 0.03808825302123752 0.04828596945777353 0.01699999990941933
      vertex 0.038344623565671115 0.04808263464942392 1.478379090258386e-10
      vertex 0.03590023422240939 0.049934185705332125 1.478379090258386e-10
    endloop
  endfacet
  facet normal 0.0 0.0 0.0
    outer loop
      vertex 0.03808825302123752 0.04828596945777353 0.01699999990941933
      vertex 0.04043454742431369 0.046339047155527446 0.014081502823848041
      vertex 0.038344623565671115 0.04808263464942392 1.478379090258386e-10
    endloop
  endfacet
  facet normal 0.0 0.0 0.0
    outer loop
      vertex 0.035722892761227754 0.050061211309580175 0.01699999990941933
      vertex 0.03808825302123752 0.04828596945777353 0.01699999990941933
      vertex 0.03590023422240939 0.049934185705332125 1.478379090258386e-10
    endloop
  endfacet
  facet normal 0.0 0.0 0.0
    outer loop
      vertex 0.035722892761227754 0.050061211309580175 0.01699999990941933
      vertex 0.03590023422240939 0.049934185705332125 1.478379090258386e-10
      vertex 0.03336659622192111 0.051661595068125093 1.478379090258386e-10
    endloop
  endfacet
  facet normal 0.0 0.0 0.0
    outer loop
      vertex 0.033274921417233615 0.05172068854346689 0.01699999990941933
      vertex 0.03336659622192111 0.051661595068125093 1.478379090258386e-10
      vertex 0.030749999999997283 0.053260563573984475 1.478379090258386e-10
    endloop
  endfacet
  facet normal 0.0 0.0 0.0
    outer loop
      vertex 0.033274921417233615 0.05172068854346689 0.01699999990941933
      vertex 0.035722892761227754 0.050061211309580175 0.01699999990941933
      vertex 0.03336659622192111 0.051661595068125093 1.478379090258386e-10
    endloop
  endfacet
  facet normal 0.0 0.0 0.0
    outer loop
      vertex 0.030749999999997283 0.053260563573984475 0.01699999990941933
      vertex 0.033274921417233615 0.05172068854346689 0.01699999990941933
      vertex 0.030749999999997283 0.053260563573984475 1.478379090258386e-10
    endloop
  endfacet
  facet normal 0.0 0.0 0.0
    outer loop
      vertex 0.02815397071838107 0.05467726965918956 0.01699999990941933
      vertex 0.030749999999997283 0.053260563573984475 0.01699999990941933
      vertex 0.030749999999997283 0.053260563573984475 1.478379090258386e-10
    endloop
  endfacet
  facet normal 0.0 0.0 0.0
    outer loop
      vertex 0.02815397071838107 0.05467726965918956 0.01699999990941933
      vertex 0.030749999999997283 0.053260563573984475 1.478379090258386e-10
      vertex 0.028056955337521696 0.054727116308359476 1.478379090258386e-10
    endloop
  endfacet
  facet normal 0.0 0.0 0.0
    outer loop
      vertex 0.02549283599853244 0.05596753760352549 0.01699999990941933
      vertex 0.02815397071838107 0.05467726965918956 0.01699999990941933
      vertex 0.028056955337521696 0.054727116308359476 1.478379090258386e-10
    endloop
  endfacet
  facet normal 0.0 0.0 0.0
    outer loop
      vertex 0.02549283599853244 0.05596753760352549 0.01699999990941933
      vertex 0.028056955337521696 0.054727116308359476 1.478379090258386e-10
      vertex 0.025294157028195523 0.05605761023536143 1.478379090258386e-10
    endloop
  endfacet
  facet normal 0.0 0.0 0.0
    outer loop
      vertex 0.02277274894714084 0.05712838049903331 0.01699999990941933
      vertex 0.02549283599853244 0.05596753760352549 0.01699999990941933
      vertex 0.025294157028195523 0.05605761023536143 1.478379090258386e-10
    endloop
  endfacet
  facet normal 0.0 0.0 0.0
    outer loop
      vertex 0.02277274894714084 0.05712838049903331 0.01699999990941933
      vertex 0.025294157028195523 0.05605761023536143 1.478379090258386e-10
      vertex 0.02246847343444553 0.05724873419776377 1.478379090258386e-10
    endloop
  endfacet
  facet normal 0.0 0.0 0.0
    outer loop
      vertex 0.01975767135619846 0.05823992224708018 0.013464075415152819
      vertex 0.019818355560300024 0.05821932669654307 0.013668235941547664
      vertex 0.02246847343444553 0.05724873419776377 1.478379090258386e-10
    endloop
  endfacet
  facet normal 0.0 0.0 0.0
    outer loop
      vertex 0.019870304107663304 0.0582016341306251 0.013874282388705524
      vertex 0.02246847343444553 0.05724873419776377 1.478379090258386e-10
      vertex 0.019818355560300024 0.05821932669654307 0.013668235941547664
    endloop
  endfacet
  facet normal 0.0 0.0 0.0
    outer loop
      vertex 0.019688247680661353 0.0582634017087501 0.013262512757200511
      vertex 0.01975767135619846 0.05823992224708018 0.013464075415152819
      vertex 0.02246847343444553 0.05724873419776377 1.478379090258386e-10
    endloop
  endfacet
  facet normal 0.0 0.0 0.0
    outer loop
      vertex 0.019688247680661353 0.0582634017087501 0.013262512757200511
      vertex 0.02246847343444553 0.05724873419776377 1.478379090258386e-10
      vertex 0.01958692932128635 0.05829753180518565 1.478379090258386e-10
    endloop
  endfacet
  facet normal 0.0 0.0 0.0
    outer loop
      vertex 0.019913516998288305 0.058186867437509865 0.014081502823848041
      vertex 0.02277274894714084 0.05712838049903331 0.01699999990941933
      vertex 0.02246847343444553 0.05724873419776377 1.478379090258386e-10
    endloop
  endfacet
  facet normal 0.0 0.0 0.0
    outer loop
      vertex 0.019913516998288305 0.058186867437509865 0.014081502823848041
      vertex 0.02246847343444553 0.05724873419776377 1.478379090258386e-10
      vertex 0.019870304107663304 0.0582016341306251 0.013874282388705524
    endloop
  endfacet
  facet normal 0.0 0.0 0.0
    outer loop
      vertex 0.01961008071899143 0.05828974600806651 0.01306425958754471
      vertex 0.019688247680661353 0.0582634017087501 0.013262512757200511
      vertex 0.01958692932128635 0.05829753180518565 1.478379090258386e-10
    endloop
  endfacet
  facet normal 0.0 0.0 0.0
    outer loop
      vertex 0.019948001861569555 0.0581750456906837 0.014289185254592211
      vertex 0.02277274894714084 0.05712838049903331 0.01699999990941933
      vertex 0.019913516998288305 0.058186867437509865 0.014081502823848041
    endloop
  endfacet
  facet normal 0.0 0.0 0.0
    outer loop
      vertex 0.019973758697507053 0.05816618414893565 0.014496617822665484
      vertex 0.02277274894714084 0.05712838049903331 0.01699999990941933
      vertex 0.019948001861569555 0.0581750456906837 0.014289185254592211
    endloop
  endfacet
  facet normal 0.0 0.0 0.0
    outer loop
      vertex 0.019523321151730687 0.05831885596290049 0.012869954137820515
      vertex 0.01961008071899143 0.05828974600806651 0.01306425958754471
      vertex 0.01958692932128635 0.05829753180518565 1.478379090258386e-10
    endloop
  endfacet
  facet normal 0.0 0.0 0.0
    outer loop
      vertex 0.01999079132079807 0.05816030570044932 0.014703088550586017
      vertex 0.02277274894714084 0.05712838049903331 0.01699999990941933
      vertex 0.019973758697507053 0.05816618414893565 0.014496617822665484
    endloop
  endfacet
  facet normal 0.0 0.0 0.0
    outer loop
      vertex 0.019428464889523656 0.05835051032081065 0.012680074899215014
      vertex 0.019523321151730687 0.05831885596290049 0.012869954137820515
      vertex 0.01958692932128635 0.05829753180518565 1.478379090258386e-10
    endloop
  endfacet
  facet normal 0.0 0.0 0.0
    outer loop
      vertex 0.019997697830197485 0.05815791388526377 0.014852122812289509
      vertex 0.02277274894714084 0.05712838049903331 0.01699999990941933
      vertex 0.01999079132079807 0.05816030570044932 0.014703088550586017
    endloop
  endfacet
  facet normal 0.0 0.0 0.0
    outer loop
      vertex 0.019326057434079322 0.058384491644052836 0.012495079545993121
      vertex 0.019428464889523656 0.05835051032081065 0.012680074899215014
      vertex 0.01958692932128635 0.05829753180518565 1.478379090258386e-10
    endloop
  endfacet
  facet normal 0.0 0.0 0.0
    outer loop
      vertex 0.01999999999999729 0.05815711661353526 0.01500000002862862
      vertex 0.02277274894714084 0.05712838049903331 0.01699999990941933
      vertex 0.019997697830197485 0.05815791388526377 0.014852122812289509
    endloop
  endfacet
  facet normal 0.0 0.0 0.0
    outer loop
      vertex 0.01921664810180393 0.05842058249488292 0.012315425901431355
      vertex 0.019326057434079322 0.058384491644052836 0.012495079545993121
      vertex 0.01958692932128635 0.05829753180518565 1.478379090258386e-10
    endloop
  endfacet
  facet normal 0.0 0.0 0.0
    outer loop
      vertex 0.01910078239440647 0.05845856543555674 0.01214157190801552
      vertex 0.01921664810180393 0.05842058249488292 0.012315425901431355
      vertex 0.01958692932128635 0.05829753180518565 1.478379090258386e-10
    endloop
  endfacet
  facet normal 0.0 0.0 0.0
    outer loop
      vertex 0.018979007720944553 0.05849822302833018 0.01197397521020821
      vertex 0.01910078239440647 0.05845856543555674 0.01214157190801552
      vertex 0.01958692932128635 0.05829753180518565 1.478379090258386e-10
    endloop
  endfacet
  facet normal 0.0 0.0 0.0
    outer loop
      vertex 0.018851871490475805 0.05853933402076182 0.011813093571681293
      vertex 0.018979007720944553 0.05849822302833018 0.01197397521020821
      vertex 0.01958692932128635 0.05829753180518565 1.478379090258386e-10
    endloop
  endfacet
  facet normal 0.0 0.0 0.0
    outer loop
      vertex 0.018719921112057836 0.05858168097510753 0.011659384875315936
      vertex 0.018851871490475805 0.05853933402076182 0.011813093571681293
      vertex 0.01958692932128635 0.05829753180518565 1.478379090258386e-10
    endloop
  endfacet
  facet normal 0.0 0.0 0.0
    outer loop
      vertex 0.018583702087399633 0.058625046453623146 0.011513307003993304
      vertex 0.018719921112057836 0.05858168097510753 0.011659384875315936
      vertex 0.01958692932128635 0.05829753180518565 1.478379090258386e-10
    endloop
  endfacet
  facet normal 0.0 0.0 0.0
    outer loop
      vertex 0.018442304611203345 0.05866967078223643 0.01137381926061562
      vertex 0.018583702087399633 0.058625046453623146 0.011513307003993304
      vertex 0.01958692932128635 0.05829753180518565 1.478379090258386e-10
    endloop
  endfacet
  facet normal 0.0 0.0 0.0
    outer loop
      vertex 0.01999999999999729 0.05815711661353526 0.01699999990941933
      vertex 0.02277274894714084 0.05712838049903331 0.01699999990941933
      vertex 0.01999999999999729 0.05815711661353526 0.01500000002862862
    endloop
  endfacet
  facet normal 0.0 0.0 0.0
    outer loop
      vertex 0.01829374122619358 0.058716141424326275 0.011238847403544696
      vertex 0.018442304611203345 0.05866967078223643 0.01137381926061562
      vertex 0.01958692932128635 0.05829753180518565 1.478379090258386e-10
    endloop
  endfacet
  facet normal 0.0 0.0 0.0
    outer loop
      vertex 0.01813840103149143 0.058764286718515725 0.011108797698039324
      vertex 0.01829374122619358 0.058716141424326275 0.011238847403544696
      vertex 0.01958692932128635 0.05829753180518565 1.478379090258386e-10
    endloop
  endfacet
  facet normal 0.0 0.0 0.0
    outer loop
      vertex 0.01797670555114475 0.05881393118873057 0.010984116225261005
      vertex 0.01813840103149143 0.058764286718515725 0.011108797698039324
      vertex 0.01958692932128635 0.05829753180518565 1.478379090258386e-10
    endloop
  endfacet
  facet normal 0.0 0.0 0.0
    outer loop
      vertex 0.017809080123898657 0.058864899358896584 0.010865249781626972
      vertex 0.01797670555114475 0.05881393118873057 0.010984116225261005
      vertex 0.01958692932128635 0.05829753180518565 1.478379090258386e-10
    endloop
  endfacet
  facet normal 0.0 0.0 0.0
    outer loop
      vertex 0.017809080123898657 0.058864899358896584 0.010865249781626972
      vertex 0.01958692932128635 0.05829753180518565 1.478379090258386e-10
      vertex 0.016656688690182837 0.0592013899900001 1.478379090258386e-10
    endloop
  endfacet
  facet normal 0.0 0.0 0.0
    outer loop
      vertex 0.017635946273801 0.05891700812354502 0.010752644925135883
      vertex 0.017809080123898657 0.058864899358896584 0.010865249781626972
      vertex 0.016656688690182837 0.0592013899900001 1.478379090258386e-10
    endloop
  endfacet
  facet normal 0.0 0.0 0.0
    outer loop
      vertex 0.017457729339596897 0.0589700781919044 0.010646747736949238
      vertex 0.017635946273801 0.05891700812354502 0.010752644925135883
      vertex 0.016656688690182837 0.0592013899900001 1.478379090258386e-10
    endloop
  endfacet
  facet normal 0.0 0.0 0.0
    outer loop
      vertex 0.01727485466003147 0.05902393790259776 0.01054800525190285
      vertex 0.017457729339596897 0.0589700781919044 0.010646747736949238
      vertex 0.016656688690182837 0.0592013899900001 1.478379090258386e-10
    endloop
  endfacet
  facet normal 0.0 0.0 0.0
    outer loop
      vertex 0.017087743759152563 0.059078404150156354 0.0104568637895768
      vertex 0.01727485466003147 0.05902393790259776 0.01054800525190285
      vertex 0.016656688690182837 0.0592013899900001 1.478379090258386e-10
    endloop
  endfacet
  facet normal 0.0 0.0 0.0
    outer loop
      vertex 0.016896821975705297 0.05913330145850596 0.010373769431132586
      vertex 0.017087743759152563 0.059078404150156354 0.0104568637895768
      vertex 0.016656688690182837 0.0592013899900001 1.478379090258386e-10
    endloop
  endfacet
  facet normal 0.0 0.0 0.0
    outer loop
      vertex 0.016702558517453343 0.059188427648691505 0.010299045233744891
      vertex 0.016896821975705297 0.05913330145850596 0.010373769431132586
      vertex 0.016656688690182837 0.0592013899900001 1.478379090258386e-10
    endloop
  endfacet
  facet normal 0.0 0.0 0.0
    outer loop
      vertex 0.016483522415158422 0.05924973364844737 0.010225856928843768
      vertex 0.016702558517453343 0.059188427648691505 0.010299045233744891
      vertex 0.016656688690182837 0.0592013899900001 1.478379090258386e-10
    endloop
  endfacet
  facet normal 0.0 0.0 0.0
    outer loop
      vertex 0.01623722267150608 0.05931763525977549 0.010156641154307635
      vertex 0.016483522415158422 0.05924973364844737 0.010225856928843768
      vertex 0.016656688690182837 0.0592013899900001 1.478379090258386e-10
    endloop
  endfacet
  facet normal 0.0 0.0 0.0
    outer loop
      vertex 0.015988977432248263 0.059384998998789164 0.010100119977015766
      vertex 0.01623722267150608 0.05931763525977549 0.010156641154307635
      vertex 0.016656688690182837 0.0592013899900001 1.478379090258386e-10
    endloop
  endfacet
  facet normal 0.0 0.0 0.0
    outer loop
      vertex 0.015739958763119847 0.059451508245615334 0.010056244044322284
      vertex 0.015988977432248263 0.059384998998789164 0.010100119977015766
      vertex 0.016656688690182837 0.0592013899900001 1.478379090258386e-10
    endloop
  endfacet
  facet normal 0.0 0.0 0.0
    outer loop
      vertex 0.015491340637204318 0.05951683875098643 0.010024964718837055
      vertex 0.015739958763119847 0.059451508245615334 0.010056244044322284
      vertex 0.016656688690182837 0.0592013899900001 1.478379090258386e-10
    endloop
  endfacet
  facet normal 0.0 0.0 0.0
    outer loop
      vertex 0.015244296073910861 0.0595806738950294 0.010006233124751362
      vertex 0.016656688690182837 0.0592013899900001 1.478379090258386e-10
      vertex 0.013685037612912327 0.05995806571021495 1.478379090258386e-10
    endloop
  endfacet
  facet normal 0.0 0.0 0.0
    outer loop
      vertex 0.015244296073910861 0.0595806738950294 0.010006233124751362
      vertex 0.015491340637204318 0.05951683875098643 0.010024964718837055
      vertex 0.016656688690182837 0.0592013899900001 1.478379090258386e-10
    endloop
  endfacet
  facet normal 0.0 0.0 0.0
    outer loop
      vertex 0.014999999999997288 0.059642685613779396 0.00999999990941933
      vertex 0.015244296073910861 0.0595806738950294 0.010006233124751362
      vertex 0.013685037612912327 0.05995806571021495 1.478379090258386e-10
    endloop
  endfacet
  facet normal 0.0 0.0 0.0
    outer loop
      vertex 0.012043934822079806 0.060309151373056744 0.00999999990941933
      vertex 0.013685037612912327 0.05995806571021495 1.478379090258386e-10
      vertex 0.01067936325072971 0.060565678320078226 1.478379090258386e-10
    endloop
  endfacet
  facet normal 0.0 0.0 0.0
    outer loop
      vertex 0.012043934822079806 0.060309151373056744 0.00999999990941933
      vertex 0.014999999999997288 0.059642685613779396 0.00999999990941933
      vertex 0.013685037612912327 0.05995806571021495 1.478379090258386e-10
    endloop
  endfacet
  facet normal 0.0 0.0 0.0
    outer loop
      vertex 0.009058629989621312 0.0608291976071876 0.00999999990941933
      vertex 0.012043934822079806 0.060309151373056744 0.00999999990941933
      vertex 0.01067936325072971 0.060565678320078226 1.478379090258386e-10
    endloop
  endfacet
  facet normal 0.0 0.0 0.0
    outer loop
      vertex 0.009058629989621312 0.0608291976071876 0.00999999990941933
      vertex 0.01067936325072971 0.060565678320078226 1.478379090258386e-10
      vertex 0.007647137641904027 0.06102270957007823 1.478379090258386e-10
    endloop
  endfacet
  facet normal 0.0 0.0 0.0
    outer loop
      vertex 0.0060513324737521725 0.06120156165137706 0.00999999990941933
      vertex 0.009058629989621312 0.0608291976071876 0.00999999990941933
      vertex 0.007647137641904027 0.06102270957007823 1.478379090258386e-10
    endloop
  endfacet
  facet normal 0.0 0.0 0.0
    outer loop
      vertex 0.0060513324737521725 0.06120156165137706 0.00999999990941933
      vertex 0.007647137641904027 0.06102270957007823 1.478379090258386e-10
      vertex 0.004595900535580786 0.061328034124521584 1.478379090258386e-10
    endloop
  endfacet
  facet normal 0.0 0.0 0.0
    outer loop
      vertex 0.0030293433666202154 0.06142534705176768 0.00999999990941933
      vertex 0.0060513324737521725 0.06120156165137706 0.00999999990941933
      vertex 0.004595900535580786 0.061328034124521584 1.478379090258386e-10
    endloop
  endfacet
  facet normal 0.0 0.0 0.0
    outer loop
      vertex 0.0030293433666202154 0.06142534705176768 0.00999999990941933
      vertex 0.004595900535580786 0.061328034124521584 1.478379090258386e-10
      vertex 0.0015332375764819713 0.06148088522925792 1.478379090258386e-10
    endloop
  endfacet
  facet normal 0.0 0.0 0.0
    outer loop
      vertex -1.9225879735866513e-17 0.06150000067725596 0.00999999990941933
      vertex 0.0030293433666202154 0.06142534705176768 0.00999999990941933
      vertex 0.0015332375764819713 0.06148088522925792 1.478379090258386e-10
    endloop
  endfacet
  facet normal 0.0 0.0 0.0
    outer loop
      vertex -1.9225879735866513e-17 0.06150000067725596 0.00999999990941933
      vertex 0.0015332375764819713 0.06148088522925792 1.478379090258386e-10
      vertex -0.0015332375764873882 0.06148088522925792 1.478379090258386e-10
    endloop
  endfacet
  facet normal 0.0 0.0 0.0
    outer loop
      vertex -0.0030293433666256325 0.06142534705176768 0.00999999990941933
      vertex -1.9225879735866513e-17 0.06150000067725596 0.00999999990941933
      vertex -0.0015332375764873882 0.06148088522925792 1.478379090258386e-10
    endloop
  endfacet
  facet normal 0.0 0.0 0.0
    outer loop
      vertex -0.0030293433666256325 0.06142534705176768 0.00999999990941933
      vertex -0.0015332375764873882 0.06148088522925792 1.478379090258386e-10
      vertex -0.004595900535586204 0.061328034124521584 1.478379090258386e-10
    endloop
  endfacet
  facet normal 0.0 0.0 0.0
    outer loop
      vertex -0.00605133247375759 0.06120156165137706 0.00999999990941933
      vertex -0.0030293433666256325 0.06142534705176768 0.00999999990941933
      vertex -0.004595900535586204 0.061328034124521584 1.478379090258386e-10
    endloop
  endfacet
  facet normal 0.0 0.0 0.0
    outer loop
      vertex -0.00605133247375759 0.06120156165137706 0.00999999990941933
      vertex -0.004595900535586204 0.061328034124521584 1.478379090258386e-10
      vertex -0.007647137641909446 0.06102270957007823 1.478379090258386e-10
    endloop
  endfacet
  facet normal 0.0 0.0 0.0
    outer loop
      vertex -0.00905862998962673 0.0608291976071876 0.00999999990941933
      vertex -0.00605133247375759 0.06120156165137706 0.00999999990941933
      vertex -0.007647137641909446 0.06102270957007823 1.478379090258386e-10
    endloop
  endfacet
  facet normal 0.0 0.0 0.0
    outer loop
      vertex -0.00905862998962673 0.0608291976071876 0.00999999990941933
      vertex -0.007647137641909446 0.06102270957007823 1.478379090258386e-10
      vertex -0.01067936325073513 0.060565678320078226 1.478379090258386e-10
    endloop
  endfacet
  facet normal 0.0 0.0 0.0
    outer loop
      vertex -0.012043934822085225 0.060309151373056744 0.00999999990941933
      vertex -0.00905862998962673 0.0608291976071876 0.00999999990941933
      vertex -0.01067936325073513 0.060565678320078226 1.478379090258386e-10
    endloop
  endfacet
  facet normal 0.0 0.0 0.0
    outer loop
      vertex -0.012043934822085225 0.060309151373056744 0.00999999990941933
      vertex -0.01067936325073513 0.060565678320078226 1.478379090258386e-10
      vertex -0.013685037612917745 0.05995806571021495 1.478379090258386e-10
    endloop
  endfacet
  facet normal 0.0 0.0 0.0
    outer loop
      vertex -0.015000000000002706 0.059642685613779396 0.00999999990941933
      vertex -0.012043934822085225 0.060309151373056744 0.00999999990941933
      vertex -0.013685037612917745 0.05995806571021495 1.478379090258386e-10
    endloop
  endfacet
  facet normal 0.0 0.0 0.0
    outer loop
      vertex -0.015129190444948995 0.05961003180518565 0.010001753239650043
      vertex -0.015000000000002706 0.059642685613779396 0.00999999990941933
      vertex -0.013685037612917745 0.05995806571021495 1.478379090258386e-10
    endloop
  endfacet
  facet normal 0.0 0.0 0.0
    outer loop
      vertex -0.015129190444948995 0.05961003180518565 0.010001753239650043
      vertex -0.013685037612917745 0.05995806571021495 1.478379090258386e-10
      vertex -0.01665668869018825 0.0592013899900001 1.478379090258386e-10
    endloop
  endfacet
  facet normal 0.0 0.0 0.0
    outer loop
      vertex -0.015259309768679463 0.05957682486548838 0.010007017760295184
      vertex -0.015129190444948995 0.05961003180518565 0.010001753239650043
      vertex -0.01665668869018825 0.0592013899900001 1.478379090258386e-10
    endloop
  endfacet
  facet normal 0.0 0.0 0.0
    outer loop
      vertex -0.015468902587893331 0.05952268286719737 0.010022754101771624
      vertex -0.015259309768679463 0.05957682486548838 0.010007017760295184
      vertex -0.01665668869018825 0.0592013899900001 1.478379090258386e-10
    endloop
  endfacet
  facet normal 0.0 0.0 0.0
    outer loop
      vertex -0.015679704666140402 0.059467442236093855 0.010047520070094379
      vertex -0.015468902587893331 0.05952268286719737 0.010022754101771624
      vertex -0.01665668869018825 0.0592013899900001 1.478379090258386e-10
    endloop
  endfacet
  facet normal 0.0 0.0 0.0
    outer loop
      vertex -0.015890999794009052 0.05941129370704112 0.010081345467585833
      vertex -0.015679704666140402 0.059467442236093855 0.010047520070094379
      vertex -0.01665668869018825 0.0592013899900001 1.478379090258386e-10
    endloop
  endfacet
  facet normal 0.0 0.0 0.0
    outer loop
      vertex -0.016102069854739033 0.05935444327369151 0.010124260573405536
      vertex -0.015890999794009052 0.05941129370704112 0.010081345467585833
      vertex -0.01665668869018825 0.0592013899900001 1.478379090258386e-10
    endloop
  endfacet
  facet normal 0.0 0.0 0.0
    outer loop
      vertex -0.016312200546267353 0.059297077856211036 0.010176294951457294
      vertex -0.016102069854739033 0.05935444327369151 0.010124260573405536
      vertex -0.01665668869018825 0.0592013899900001 1.478379090258386e-10
    endloop
  endfacet
  facet normal 0.0 0.0 0.0
    outer loop
      vertex -0.016520673751833758 0.059239395818857524 0.010237478642482074
      vertex -0.016312200546267353 0.059297077856211036 0.010176294951457294
      vertex -0.01665668869018825 0.0592013899900001 1.478379090258386e-10
    endloop
  endfacet
  facet normal 0.0 0.0 0.0
    outer loop
      vertex -0.016726772308352313 0.05918159934058604 0.010307841448802264
      vertex -0.016520673751833758 0.059239395818857524 0.010237478642482074
      vertex -0.01665668869018825 0.0592013899900001 1.478379090258386e-10
    endloop
  endfacet
  facet normal 0.0 0.0 0.0
    outer loop
      vertex -0.016929777145388444 0.059123875341562604 0.010387413172740253
      vertex -0.016726772308352313 0.05918159934058604 0.010307841448802264
      vertex -0.01665668869018825 0.0592013899900001 1.478379090258386e-10
    endloop
  endfacet
  facet normal 0.0 0.0 0.0
    outer loop
      vertex -0.017129020690920673 0.05906644507422862 0.010476132063884052
      vertex -0.016929777145388444 0.059123875341562604 0.010387413172740253
      vertex -0.01665668869018825 0.0592013899900001 1.478379090258386e-10
    endloop
  endfacet
  facet normal 0.0 0.0 0.0
    outer loop
      vertex -0.017323980331423603 0.05900952979102549 0.010573573498744281
      vertex -0.017129020690920673 0.05906644507422862 0.010476132063884052
      vertex -0.01665668869018825 0.0592013899900001 1.478379090258386e-10
    endloop
  endfacet
  facet normal 0.0 0.0 0.0
    outer loop
      vertex -0.017514167785647235 0.05895333548560557 0.010679224400538714
      vertex -0.017323980331423603 0.05900952979102549 0.010573573498744281
      vertex -0.01665668869018825 0.0592013899900001 1.478379090258386e-10
    endloop
  endfacet
  facet normal 0.0 0.0 0.0
    outer loop
      vertex -0.017699098587038838 0.05889806052222667 0.010792571930903706
      vertex -0.017514167785647235 0.05895333548560557 0.010679224400538714
      vertex -0.01665668869018825 0.0592013899900001 1.478379090258386e-10
    endloop
  endfacet
  facet normal 0.0 0.0 0.0
    outer loop
      vertex -0.017699098587038838 0.05889806052222667 0.010792571930903706
      vertex -0.01665668869018825 0.0592013899900001 1.478379090258386e-10
      vertex -0.019586929321291767 0.05829753180518565 1.478379090258386e-10
    endloop
  endfacet
  facet normal 0.0 0.0 0.0
    outer loop
      vertex -0.017878282546999774 0.05884391852393565 0.010913102536219866
      vertex -0.017699098587038838 0.05889806052222667 0.010792571930903706
      vertex -0.019586929321291767 0.05829753180518565 1.478379090258386e-10
    endloop
  endfacet
  facet normal 0.0 0.0 0.0
    outer loop
      vertex -0.018051235198977313 0.05879110785499034 0.011040303139704975
      vertex -0.017878282546999774 0.05884391852393565 0.010913102536219866
      vertex -0.019586929321291767 0.05829753180518565 1.478379090258386e-10
    endloop
  endfacet
  facet normal 0.0 0.0 0.0
    outer loop
      vertex -0.01821746635437282 0.058739838323740336 0.0111736606645768
      vertex -0.018051235198977313 0.05879110785499034 0.011040303139704975
      vertex -0.019586929321291767 0.05829753180518565 1.478379090258386e-10
    endloop
  endfacet
  facet normal 0.0 0.0 0.0
    outer loop
      vertex -0.018376493453982196 0.05869030829444346 0.01131266155721596
      vertex -0.01821746635437282 0.058739838323740336 0.0111736606645768
      vertex -0.019586929321291767 0.05829753180518565 1.478379090258386e-10
    endloop
  endfacet
  facet normal 0.0 0.0 0.0
    outer loop
      vertex -0.018527824401858174 0.05864272757544932 0.011456793098468096
      vertex -0.018376493453982196 0.05869030829444346 0.01131266155721596
      vertex -0.019586929321291767 0.05829753180518565 1.478379090258386e-10
    endloop
  endfacet
  facet normal 0.0 0.0 0.0
    outer loop
      vertex -0.018672180175783953 0.058596920690683695 0.011606800227183613
      vertex -0.018527824401858174 0.05864272757544932 0.011456793098468096
      vertex -0.019586929321291767 0.05829753180518565 1.478379090258386e-10
    endloop
  endfacet
  facet normal 0.0 0.0 0.0
    outer loop
      vertex -0.01881193351745876 0.058552185735849714 0.011765220432299885
      vertex -0.018672180175783953 0.058596920690683695 0.011606800227183613
      vertex -0.019586929321291767 0.05829753180518565 1.478379090258386e-10
    endloop
  endfacet
  facet normal 0.0 0.0 0.0
    outer loop
      vertex -0.018946588516238056 0.058508732519296974 0.011931664853114398
      vertex -0.01881193351745876 0.058552185735849714 0.011765220432299885
      vertex -0.019586929321291767 0.05829753180518565 1.478379090258386e-10
    endloop
  endfacet
  facet normal 0.0 0.0 0.0
    outer loop
      vertex -0.019075515747073016 0.05846681662574229 0.012105607299823077
      vertex -0.018946588516238056 0.058508732519296974 0.011931664853114398
      vertex -0.019586929321291767 0.05829753180518565 1.478379090258386e-10
    endloop
  endfacet
  facet normal 0.0 0.0 0.0
    outer loop
      vertex -0.019198085784914814 0.05842668601050791 0.012286521701831135
      vertex -0.019075515747073016 0.05846681662574229 0.012105607299823077
      vertex -0.019586929321291767 0.05829753180518565 1.478379090258386e-10
    endloop
  endfacet
  facet normal 0.0 0.0 0.0
    outer loop
      vertex -0.01931366920471462 0.05838858862891612 0.0124738817501252
      vertex -0.019198085784914814 0.05842668601050791 0.012286521701831135
      vertex -0.019586929321291767 0.05829753180518565 1.478379090258386e-10
    endloop
  endfacet
  facet normal 0.0 0.0 0.0
    outer loop
      vertex -0.0194216423034695 0.058352780065683695 0.012667161433715136
      vertex -0.01931366920471462 0.05838858862891612 0.0124738817501252
      vertex -0.019586929321291767 0.05829753180518565 1.478379090258386e-10
    endloop
  endfacet
  facet normal 0.0 0.0 0.0
    outer loop
      vertex -0.019521369934084733 0.058319508276132914 0.012865834503192218
      vertex -0.0194216423034695 0.058352780065683695 0.012667161433715136
      vertex -0.019586929321291767 0.05829753180518565 1.478379090258386e-10
    endloop
  endfacet
  facet normal 0.0 0.0 0.0
    outer loop
      vertex -0.01961222839355739 0.058289025030283305 0.013069374828357013
      vertex -0.019521369934084733 0.058319508276132914 0.012865834503192218
      vertex -0.019586929321291767 0.05829753180518565 1.478379090258386e-10
    endloop
  endfacet
  facet normal 0.0 0.0 0.0
    outer loop
      vertex -0.01969364929199489 0.058261578283457134 0.013277229293007167
      vertex -0.019586929321291767 0.05829753180518565 1.478379090258386e-10
      vertex -0.022468473434450947 0.05724873419776377 1.478379090258386e-10
    endloop
  endfacet
  facet normal 0.0 0.0 0.0
    outer loop
      vertex -0.01969364929199489 0.058261578283457134 0.013277229293007167
      vertex -0.01961222839355739 0.058289025030283305 0.013069374828357013
      vertex -0.019586929321291767 0.05829753180518565 1.478379090258386e-10
    endloop
  endfacet
  facet normal 0.0 0.0 0.0
    outer loop
      vertex -0.01976548004150661 0.05823727484717783 0.013488657719213279
      vertex -0.01969364929199489 0.058261578283457134 0.013277229293007167
      vertex -0.022468473434450947 0.05724873419776377 1.478379090258386e-10
    endloop
  endfacet
  facet normal 0.0 0.0 0.0
    outer loop
      vertex -0.019827720642092546 0.058216141424326275 0.013702842055577548
      vertex -0.01976548004150661 0.05823727484717783 0.013488657719213279
      vertex -0.022468473434450947 0.05724873419776377 1.478379090258386e-10
    endloop
  endfacet
  facet normal 0.0 0.0 0.0
    outer loop
      vertex -0.0198803768157986 0.058198197088388776 0.013918964056987079
      vertex -0.019827720642092546 0.058216141424326275 0.013702842055577548
      vertex -0.022468473434450947 0.05724873419776377 1.478379090258386e-10
    endloop
  endfacet
  facet normal 0.0 0.0 0.0
    outer loop
      vertex -0.022772748947146263 0.05712838049903331 0.01699999990941933
      vertex -0.0198803768157986 0.058198197088388776 0.013918964056987079
      vertex -0.022468473434450947 0.05724873419776377 1.478379090258386e-10
    endloop
  endfacet
  facet normal 0.0 0.0 0.0
    outer loop
      vertex -0.022772748947146263 0.05712838049903331 0.01699999990941933
      vertex -0.020000000000002703 0.05815711661353526 0.01699999990941933
      vertex -0.020000000000002703 0.05815711661353526 0.01500000002862862
    endloop
  endfacet
  facet normal 0.0 0.0 0.0
    outer loop
      vertex -0.022772748947146263 0.05712838049903331 0.01699999990941933
      vertex -0.020000000000002703 0.05815711661353526 0.01500000002862862
      vertex -0.019995218276980243 0.05815877219214854 0.014786463527697833
    endloop
  endfacet
  facet normal 0.0 0.0 0.0
    outer loop
      vertex -0.022772748947146263 0.05712838049903331 0.01699999990941933
      vertex -0.019995218276980243 0.05815877219214854 0.014786463527697833
      vertex -0.019980867385866963 0.058163731298593854 0.014570773510951313
    endloop
  endfacet
  facet normal 0.0 0.0 0.0
    outer loop
      vertex -0.022772748947146263 0.05712838049903331 0.01699999990941933
      vertex -0.019980867385866963 0.058163731298593854 0.014570773510951313
      vertex -0.019956945419314226 0.058171971044687604 0.014353747992533954
    endloop
  endfacet
  facet normal 0.0 0.0 0.0
    outer loop
      vertex -0.022772748947146263 0.05712838049903331 0.01699999990941933
      vertex -0.019956945419314226 0.058171971044687604 0.014353747992533954
      vertex -0.019923450469973406 0.058183468542246194 0.014136205463427814
    endloop
  endfacet
  facet normal 0.0 0.0 0.0
    outer loop
      vertex -0.022772748947146263 0.05712838049903331 0.01699999990941933
      vertex -0.019923450469973406 0.058183468542246194 0.014136205463427814
      vertex -0.0198803768157986 0.058198197088388776 0.013918964056987079
    endloop
  endfacet
  facet normal 0.0 0.0 0.0
    outer loop
      vertex -0.022772748947146263 0.05712838049903331 0.01699999990941933
      vertex -0.022468473434450947 0.05724873419776377 1.478379090258386e-10
      vertex -0.025294157028200946 0.05605761023536143 1.478379090258386e-10
    endloop
  endfacet
  facet normal 0.0 0.0 0.0
    outer loop
      vertex -0.02549283599853786 0.05596753760352549 0.01699999990941933
      vertex -0.022772748947146263 0.05712838049903331 0.01699999990941933
      vertex -0.025294157028200946 0.05605761023536143 1.478379090258386e-10
    endloop
  endfacet
  facet normal 0.0 0.0 0.0
    outer loop
      vertex -0.02549283599853786 0.05596753760352549 0.01699999990941933
      vertex -0.025294157028200946 0.05605761023536143 1.478379090258386e-10
      vertex -0.02805695533752712 0.054727116308359476 1.478379090258386e-10
    endloop
  endfacet
  facet normal 0.0 0.0 0.0
    outer loop
      vertex -0.028153970718386493 0.05467726965918956 0.01699999990941933
      vertex -0.02549283599853786 0.05596753760352549 0.01699999990941933
      vertex -0.02805695533752712 0.054727116308359476 1.478379090258386e-10
    endloop
  endfacet
  facet normal 0.0 0.0 0.0
    outer loop
      vertex -0.028153970718386493 0.05467726965918956 0.01699999990941933
      vertex -0.02805695533752712 0.054727116308359476 1.478379090258386e-10
      vertex -0.030750000000002702 0.053260563573984475 1.478379090258386e-10
    endloop
  endfacet
  facet normal 0.0 0.0 0.0
    outer loop
      vertex -0.030750000000002702 0.053260563573984475 0.01699999990941933
      vertex -0.028153970718386493 0.05467726965918956 0.01699999990941933
      vertex -0.030750000000002702 0.053260563573984475 1.478379090258386e-10
    endloop
  endfacet
  facet normal 0.0 0.0 0.0
    outer loop
      vertex -0.03327492141723903 0.051720688543466904 0.01699999990941933
      vertex -0.030750000000002702 0.053260563573984475 0.01699999990941933
      vertex -0.030750000000002702 0.053260563573984475 1.478379090258386e-10
    endloop
  endfacet
  facet normal 0.0 0.0 0.0
    outer loop
      vertex -0.03327492141723903 0.051720688543466904 0.01699999990941933
      vertex -0.030750000000002702 0.053260563573984475 1.478379090258386e-10
      vertex -0.03336659622192653 0.05166159506812511 1.478379090258386e-10
    endloop
  endfacet
  facet normal 0.0 0.0 0.0
    outer loop
      vertex -0.035722892761233166 0.05006121130958019 0.01699999990941933
      vertex -0.03327492141723903 0.051720688543466904 0.01699999990941933
      vertex -0.03336659622192653 0.05166159506812511 1.478379090258386e-10
    endloop
  endfacet
  facet normal 0.0 0.0 0.0
    outer loop
      vertex -0.035722892761233166 0.05006121130958019 0.01699999990941933
      vertex -0.03336659622192653 0.05166159506812511 1.478379090258386e-10
      vertex -0.03590023422241481 0.04993418570533214 1.478379090258386e-10
    endloop
  endfacet
  facet normal 0.0 0.0 0.0
    outer loop
      vertex -0.038088253021242933 0.048285969457773546 0.01699999990941933
      vertex -0.035722892761233166 0.05006121130958019 0.01699999990941933
      vertex -0.03590023422241481 0.04993418570533214 1.478379090258386e-10
    endloop
  endfacet
  facet normal 0.0 0.0 0.0
    outer loop
      vertex -0.038088253021242933 0.048285969457773546 0.01699999990941933
      vertex -0.03590023422241481 0.04993418570533214 1.478379090258386e-10
      vertex -0.03834462356567653 0.04808263464942394 1.478379090258386e-10
    endloop
  endfacet
  facet normal 0.0 0.0 0.0
    outer loop
      vertex -0.04055221939087184 0.04623604651465832 0.013488657719213279
      vertex -0.040502796173098404 0.04627938147559582 0.013702842055577548
      vertex -0.03834462356567653 0.04808263464942394 1.478379090258386e-10
    endloop
  endfacet
  facet normal 0.0 0.0 0.0
    outer loop
      vertex -0.04046092987060817 0.04631601019874035 0.013918964056987079
      vertex -0.03834462356567653 0.04808263464942394 1.478379090258386e-10
      vertex -0.040502796173098404 0.04627938147559582 0.013702842055577548
    endloop
  endfacet
  facet normal 0.0 0.0 0.0
    outer loop
      vertex -0.04046092987060817 0.04631601019874035 0.013918964056987079
      vertex -0.038088253021242933 0.048285969457773546 0.01699999990941933
      vertex -0.03834462356567653 0.04808263464942394 1.478379090258386e-10
    endloop
  endfacet
  facet normal 0.0 0.0 0.0
    outer loop
      vertex -0.04060918045044215 0.04618599005713879 0.013277229293007167
      vertex -0.04055221939087184 0.04623604651465832 0.013488657719213279
      vertex -0.03834462356567653 0.04808263464942394 1.478379090258386e-10
    endloop
  endfacet
  facet normal 0.0 0.0 0.0
    outer loop
      vertex -0.04060918045044215 0.04618599005713879 0.013277229293007167
      vertex -0.03834462356567653 0.04808263464942394 1.478379090258386e-10
      vertex -0.04069367980957301 0.046111542425302854 1.478379090258386e-10
    endloop
  endfacet
  facet normal 0.0 0.0 0.0
    outer loop
      vertex -0.0404266357421902 0.04634594794288097 0.014136205463427814
      vertex -0.038088253021242933 0.048285969457773546 0.01699999990941933
      vertex -0.04046092987060817 0.04631601019874035 0.013918964056987079
    endloop
  endfacet
  facet normal 0.0 0.0 0.0
    outer loop
      vertex -0.04067366409302028 0.04612920065894543 0.013069374828357013
      vertex -0.04060918045044215 0.04618599005713879 0.013277229293007167
      vertex -0.04069367980957301 0.046111542425302854 1.478379090258386e-10
    endloop
  endfacet
  facet normal 0.0 0.0 0.0
    outer loop
      vertex -0.040399932861330826 0.046369206152109495 0.014353747992533954
      vertex -0.038088253021242933 0.048285969457773546 0.01699999990941933
      vertex -0.0404266357421902 0.04634594794288097 0.014136205463427814
    endloop
  endfacet
  facet normal 0.0 0.0 0.0
    outer loop
      vertex -0.04074549102783473 0.04606575842872082 0.012865834503192218
      vertex -0.04067366409302028 0.04612920065894543 0.013069374828357013
      vertex -0.04069367980957301 0.046111542425302854 1.478379090258386e-10
    endloop
  endfacet
  facet normal 0.0 0.0 0.0
    outer loop
      vertex -0.04038083648681911 0.046385803899912224 0.014570773510951313
      vertex -0.038088253021242933 0.048285969457773546 0.01699999990941933
      vertex -0.040399932861330826 0.046369206152109495 0.014353747992533954
    endloop
  endfacet
  facet normal 0.0 0.0 0.0
    outer loop
      vertex -0.040824169158938245 0.045996025762705194 0.012667161433715136
      vertex -0.04074549102783473 0.04606575842872082 0.012865834503192218
      vertex -0.04069367980957301 0.046111542425302854 1.478379090258386e-10
    endloop
  endfacet
  facet normal 0.0 0.0 0.0
    outer loop
      vertex -0.04036936569214137 0.046395752630380975 0.014786463527697833
      vertex -0.038088253021242933 0.048285969457773546 0.01699999990941933
      vertex -0.04038083648681911 0.046385803899912224 0.014570773510951313
    endloop
  endfacet
  facet normal 0.0 0.0 0.0
    outer loop
      vertex -0.040909168243410905 0.045920422277597774 0.0124738817501252
      vertex -0.040824169158938245 0.045996025762705194 0.012667161433715136
      vertex -0.04069367980957301 0.046111542425302854 1.478379090258386e-10
    endloop
  endfacet
  facet normal 0.0 0.0 0.0
    outer loop
      vertex -0.04036553955078395 0.04639906378760754 0.01500000002862862
      vertex -0.038088253021242933 0.048285969457773546 0.01699999990941933
      vertex -0.04036936569214137 0.046395752630380975 0.014786463527697833
    endloop
  endfacet
  facet normal 0.0 0.0 0.0
    outer loop
      vertex -0.040999950408938245 0.04583937140479504 0.012286521701831135
      vertex -0.040909168243410905 0.045920422277597774 0.0124738817501252
      vertex -0.04069367980957301 0.046111542425302854 1.478379090258386e-10
    endloop
  endfacet
  facet normal 0.0 0.0 0.0
    outer loop
      vertex -0.04109599304199489 0.045753288946298945 0.012105607299823077
      vertex -0.040999950408938245 0.04583937140479504 0.012286521701831135
      vertex -0.04069367980957301 0.046111542425302854 1.478379090258386e-10
    endloop
  endfacet
  facet normal 0.0 0.0 0.0
    outer loop
      vertex -0.041196754455569105 0.04566259451880871 0.011931664853114398
      vertex -0.04109599304199489 0.045753288946298945 0.012105607299823077
      vertex -0.04069367980957301 0.046111542425302854 1.478379090258386e-10
    endloop
  endfacet
  facet normal 0.0 0.0 0.0
    outer loop
      vertex -0.041301712036135516 0.04556770392432629 0.011765220432299885
      vertex -0.041196754455569105 0.04566259451880871 0.011931664853114398
      vertex -0.04069367980957301 0.046111542425302854 1.478379090258386e-10
    endloop
  endfacet
  facet normal 0.0 0.0 0.0
    outer loop
      vertex -0.041410331726076915 0.045469044408945426 0.011606800227183613
      vertex -0.041301712036135516 0.04556770392432629 0.011765220432299885
      vertex -0.04069367980957301 0.046111542425302854 1.478379090258386e-10
    endloop
  endfacet
  facet normal 0.0 0.0 0.0
    outer loop
      vertex -0.04152218246460231 0.045366932592539176 0.011456793098468096
      vertex -0.041410331726076915 0.045469044408945426 0.011606800227183613
      vertex -0.04069367980957301 0.046111542425302854 1.478379090258386e-10
    endloop
  endfacet
  facet normal 0.0 0.0 0.0
    outer loop
      vertex -0.04036553955078395 0.04639906378760754 0.01699999990941933
      vertex -0.038088253021242933 0.048285969457773546 0.01699999990941933
      vertex -0.04036553955078395 0.04639906378760754 0.01500000002862862
    endloop
  endfacet
  facet normal 0.0 0.0 0.0
    outer loop
      vertex -0.04163905334472926 0.045259663305429805 0.01131266155721596
      vertex -0.04152218246460231 0.045366932592539176 0.011456793098468096
      vertex -0.04069367980957301 0.046111542425302854 1.478379090258386e-10
    endloop
  endfacet
  facet normal 0.0 0.0 0.0
    outer loop
      vertex -0.041761459350588635 0.04514671011939465 0.0111736606645768
      vertex -0.04163905334472926 0.045259663305429805 0.01131266155721596
      vertex -0.04069367980957301 0.046111542425302854 1.478379090258386e-10
    endloop
  endfacet
  facet normal 0.0 0.0 0.0
    outer loop
      vertex -0.04188897705078395 0.045028382024912224 0.011040303139704975
      vertex -0.041761459350588635 0.04514671011939465 0.0111736606645768
      vertex -0.04069367980957301 0.046111542425302854 1.478379090258386e-10
    endloop
  endfacet
  facet normal 0.0 0.0 0.0
    outer loop
      vertex -0.04202118682861598 0.044905007085947385 0.010913102536219866
      vertex -0.04188897705078395 0.045028382024912224 0.011040303139704975
      vertex -0.04069367980957301 0.046111542425302854 1.478379090258386e-10
    endloop
  endfacet
  facet normal 0.0 0.0 0.0
    outer loop
      vertex -0.042157669067385516 0.0447768981076759 0.010792571930903706
      vertex -0.04069367980957301 0.046111542425302854 1.478379090258386e-10
      vertex -0.04294156265259059 0.044025810918955195 1.478379090258386e-10
    endloop
  endfacet
  facet normal 0.0 0.0 0.0
    outer loop
      vertex -0.042157669067385516 0.0447768981076759 0.010792571930903706
      vertex -0.04202118682861598 0.044905007085947385 0.010913102536219866
      vertex -0.04069367980957301 0.046111542425302854 1.478379090258386e-10
    endloop
  endfacet
  facet normal 0.0 0.0 0.0
    outer loop
      vertex -0.04229800033569606 0.04464438315406262 0.010679224400538714
      vertex -0.042157669067385516 0.0447768981076759 0.010792571930903706
      vertex -0.04294156265259059 0.044025810918955195 1.478379090258386e-10
    endloop
  endfacet
  facet normal 0.0 0.0 0.0
    outer loop
      vertex -0.042441761016848406 0.04450777121558605 0.010573573498744281
      vertex -0.04229800033569606 0.04464438315406262 0.010679224400538714
      vertex -0.04294156265259059 0.044025810918955195 1.478379090258386e-10
    endloop
  endfacet
  facet normal 0.0 0.0 0.0
    outer loop
      vertex -0.04258853149414332 0.04436739035621105 0.010476132063884052
      vertex -0.042441761016848406 0.04450777121558605 0.010573573498744281
      vertex -0.04294156265259059 0.044025810918955195 1.478379090258386e-10
    endloop
  endfacet
  facet normal 0.0 0.0 0.0
    outer loop
      vertex -0.04273788833618434 0.04422355719581066 0.010387413172740253
      vertex -0.04258853149414332 0.04436739035621105 0.010476132063884052
      vertex -0.04294156265259059 0.044025810918955195 1.478379090258386e-10
    endloop
  endfacet
  facet normal 0.0 0.0 0.0
    outer loop
      vertex -0.042889381408694104 0.04407660742774426 0.010307841448802264
      vertex -0.04273788833618434 0.04422355719581066 0.010387413172740253
      vertex -0.04294156265259059 0.044025810918955195 1.478379090258386e-10
    endloop
  endfacet
  facet normal 0.0 0.0 0.0
    outer loop
      vertex -0.04304248809814723 0.0439270217038673 0.010237478642482074
      vertex -0.042889381408694104 0.04407660742774426 0.010307841448802264
      vertex -0.04294156265259059 0.044025810918955195 1.478379090258386e-10
    endloop
  endfacet
  facet normal 0.0 0.0 0.0
    outer loop
      vertex -0.04319667434692653 0.043775318823007926 0.010176294951457294
      vertex -0.04304248809814723 0.0439270217038673 0.010237478642482074
      vertex -0.04294156265259059 0.044025810918955195 1.478379090258386e-10
    endloop
  endfacet
  facet normal 0.0 0.0 0.0
    outer loop
      vertex -0.04335141754150661 0.04362202521338879 0.010124260573405536
      vertex -0.04319667434692653 0.043775318823007926 0.010176294951457294
      vertex -0.04294156265259059 0.044025810918955195 1.478379090258386e-10
    endloop
  endfacet
  facet normal 0.0 0.0 0.0
    outer loop
      vertex -0.04350619125366481 0.04346765585914074 0.010081345467585833
      vertex -0.04335141754150661 0.04362202521338879 0.010124260573405536
      vertex -0.04294156265259059 0.044025810918955195 1.478379090258386e-10
    endloop
  endfacet
  facet normal 0.0 0.0 0.0
    outer loop
      vertex -0.04366046142578395 0.04331274481788098 0.010047520070094379
      vertex -0.04350619125366481 0.04346765585914074 0.010081345467585833
      vertex -0.04294156265259059 0.044025810918955195 1.478379090258386e-10
    endloop
  endfacet
  facet normal 0.0 0.0 0.0
    outer loop
      vertex -0.04381370544433864 0.04315780325904309 0.010022754101771624
      vertex -0.04366046142578395 0.04331274481788098 0.010047520070094379
      vertex -0.04294156265259059 0.044025810918955195 1.478379090258386e-10
    endloop
  endfacet
  facet normal 0.0 0.0 0.0
    outer loop
      vertex -0.04396538925171169 0.04300336142554699 0.010007017760295184
      vertex -0.04381370544433864 0.04315780325904309 0.010022754101771624
      vertex -0.04294156265259059 0.044025810918955195 1.478379090258386e-10
    endloop
  endfacet
  facet normal 0.0 0.0 0.0
    outer loop
      vertex -0.044059207916262465 0.042907280645517694 0.010001753239650043
      vertex -0.04396538925171169 0.04300336142554699 0.010007017760295184
      vertex -0.04294156265259059 0.044025810918955195 1.478379090258386e-10
    endloop
  endfacet
  facet normal 0.0 0.0 0.0
    outer loop
      vertex -0.044059207916262465 0.042907280645517694 0.010001753239650043
      vertex -0.04294156265259059 0.044025810918955195 1.478379090258386e-10
      vertex -0.045082691192629656 0.04183062430396496 1.478379090258386e-10
    endloop
  endfacet
  facet normal 0.0 0.0 0.0
    outer loop
      vertex -0.04415208053589137 0.04281172247901379 0.00999999990941933
      vertex -0.044059207916262465 0.042907280645517694 0.010001753239650043
      vertex -0.045082691192629656 0.04183062430396496 1.478379090258386e-10
    endloop
  endfacet
  facet normal 0.0 0.0 0.0
    outer loop
      vertex -0.04620729064941676 0.04058492728248059 0.00999999990941933
      vertex -0.04415208053589137 0.04281172247901379 0.00999999990941933
      vertex -0.045082691192629656 0.04183062430396496 1.478379090258386e-10
    endloop
  endfacet
  facet normal 0.0 0.0 0.0
    outer loop
      vertex -0.04620729064941676 0.04058492728248059 0.00999999990941933
      vertex -0.045082691192629656 0.04183062430396496 1.478379090258386e-10
      vertex -0.04711173248291286 0.03953143759742199 1.478379090258386e-10
    endloop
  endfacet
  facet normal 0.0 0.0 0.0
    outer loop
      vertex -0.04815031433105738 0.03825960227027356 0.00999999990941933
      vertex -0.04620729064941676 0.04058492728248059 0.00999999990941933
      vertex -0.04711173248291286 0.03953143759742199 1.478379090258386e-10
    endloop
  endfacet
  facet normal 0.0 0.0 0.0
    outer loop
      vertex -0.04815031433105738 0.03825960227027356 0.00999999990941933
      vertex -0.04711173248291286 0.03953143759742199 1.478379090258386e-10
      vertex -0.04902364730835231 0.037133972845224725 1.478379090258386e-10
    endloop
  endfacet
  facet normal 0.0 0.0 0.0
    outer loop
      vertex -0.04997644424438746 0.03584138937964856 0.00999999990941933
      vertex -0.04815031433105738 0.03825960227027356 0.00999999990941933
      vertex -0.04902364730835231 0.037133972845224725 1.478379090258386e-10
    endloop
  endfacet
  facet normal 0.0 0.0 0.0
    outer loop
      vertex -0.04997644424438746 0.03584138937964856 0.00999999990941933
      vertex -0.04902364730835231 0.037133972845224725 1.478379090258386e-10
      vertex -0.05081368637085231 0.034644184789804806 1.478379090258386e-10
    endloop
  endfacet
  facet normal 0.0 0.0 0.0
    outer loop
      vertex -0.05168123626709254 0.03333615942969738 0.00999999990941933
      vertex -0.04997644424438746 0.03584138937964856 0.00999999990941933
      vertex -0.05081368637085231 0.034644184789804806 1.478379090258386e-10
    endloop
  endfacet
  facet normal 0.0 0.0 0.0
    outer loop
      vertex -0.05168123626709254 0.03333615942969738 0.00999999990941933
      vertex -0.05081368637085231 0.034644184789804806 1.478379090258386e-10
      vertex -0.05247739028930934 0.032068264684824335 1.478379090258386e-10
    endloop
  endfacet
  facet normal 0.0 0.0 0.0
    outer loop
      vertex -0.053260562896731214 0.030750000677255973 0.00999999990941933
      vertex -0.05247739028930934 0.032068264684824335 1.478379090258386e-10
      vertex -0.05401062774658473 0.029412619314340933 1.478379090258386e-10
    endloop
  endfacet
  facet normal 0.0 0.0 0.0
    outer loop
      vertex -0.053260562896731214 0.030750000677255973 0.00999999990941933
      vertex -0.05168123626709254 0.03333615942969738 0.00999999990941933
      vertex -0.05247739028930934 0.032068264684824335 1.478379090258386e-10
    endloop
  endfacet
  facet normal 0.0 0.0 0.0
    outer loop
      vertex -0.054710582733156994 0.02808918448462902 0.00999999990941933
      vertex -0.05401062774658473 0.029412619314340933 1.478379090258386e-10
      vertex -0.05540958404541286 0.02668385001197277 1.478379090258386e-10
    endloop
  endfacet
  facet normal 0.0 0.0 0.0
    outer loop
      vertex -0.054710582733156994 0.02808918448462902 0.00999999990941933
      vertex -0.053260562896731214 0.030750000677255973 0.00999999990941933
      vertex -0.05401062774658473 0.029412619314340933 1.478379090258386e-10
    endloop
  endfacet
  facet normal 0.0 0.0 0.0
    outer loop
      vertex -0.05602777481079371 0.02536017485633312 0.00999999990941933
      vertex -0.05540958404541286 0.02668385001197277 1.478379090258386e-10
      vertex -0.056670787811282 0.023888739309458125 1.478379090258386e-10
    endloop
  endfacet
  facet normal 0.0 0.0 0.0
    outer loop
      vertex -0.05602777481079371 0.02536017485633312 0.00999999990941933
      vertex -0.054710582733156994 0.02808918448462902 0.00999999990941933
      vertex -0.05540958404541286 0.02668385001197277 1.478379090258386e-10
    endloop
  endfacet
  facet normal 0.0 0.0 0.0
    outer loop
      vertex -0.05720894622803004 0.022569594106821404 0.00999999990941933
      vertex -0.056670787811282 0.023888739309458125 1.478379090258386e-10
      vertex -0.05779109573364528 0.021034239492563594 1.478379090258386e-10
    endloop
  endfacet
  facet normal 0.0 0.0 0.0
    outer loop
      vertex -0.05720894622803004 0.022569594106821404 0.00999999990941933
      vertex -0.05602777481079371 0.02536017485633312 0.00999999990941933
      vertex -0.056670787811282 0.023888739309458125 1.478379090258386e-10
    endloop
  endfacet
  facet normal 0.0 0.0 0.0
    outer loop
      vertex -0.05825122451782497 0.01972422095313488 0.00999999990941933
      vertex -0.05779109573364528 0.021034239492563594 1.478379090258386e-10
      vertex -0.05876772689819606 0.01812744399085461 1.478379090258386e-10
    endloop
  endfacet
  facet normal 0.0 0.0 0.0
    outer loop
      vertex -0.05825122451782497 0.01972422095313488 0.00999999990941933
      vertex -0.05720894622803004 0.022569594106821404 0.00999999990941933
      vertex -0.05779109573364528 0.021034239492563594 1.478379090258386e-10
    endloop
  endfacet
  facet normal 0.0 0.0 0.0
    outer loop
      vertex -0.05915208053589137 0.016830961904672967 0.00999999990941933
      vertex -0.05825122451782497 0.01972422095313488 0.00999999990941933
      vertex -0.05876772689819606 0.01812744399085461 1.478379090258386e-10
    endloop
  endfacet
  facet normal 0.0 0.0 0.0
    outer loop
      vertex -0.059220523834231216 0.01658838912024914 0.010006233124751362
      vertex -0.05876772689819606 0.01812744399085461 1.478379090258386e-10
      vertex -0.05959825134277614 0.0151755797483009 1.478379090258386e-10
    endloop
  endfacet
  facet normal 0.0 0.0 0.0
    outer loop
      vertex -0.059220523834231216 0.01658838912024914 0.010006233124751362
      vertex -0.05915208053589137 0.016830961904672967 0.00999999990941933
      vertex -0.05876772689819606 0.01812744399085461 1.478379090258386e-10
    endloop
  endfacet
  facet normal 0.0 0.0 0.0
    outer loop
      vertex -0.05928876495361598 0.01634252615943371 0.010024964718837055
      vertex -0.059220523834231216 0.01658838912024914 0.010006233124751362
      vertex -0.05959825134277614 0.0151755797483009 1.478379090258386e-10
    endloop
  endfacet
  facet normal 0.0 0.0 0.0
    outer loop
      vertex -0.059356494903567154 0.016094549856333126 0.010056244044322284
      vertex -0.05928876495361598 0.01634252615943371 0.010024964718837055
      vertex -0.05959825134277614 0.0151755797483009 1.478379090258386e-10
    endloop
  endfacet
  facet normal 0.0 0.0 0.0
    outer loop
      vertex -0.05942340850830348 0.01584563895240246 0.010100119977015766
      vertex -0.059356494903567154 0.016094549856333126 0.010056244044322284
      vertex -0.05959825134277614 0.0151755797483009 1.478379090258386e-10
    endloop
  endfacet
  facet normal 0.0 0.0 0.0
    outer loop
      vertex -0.05948918914795192 0.015596969328073848 0.010156641154307635
      vertex -0.05942340850830348 0.01584563895240246 0.010100119977015766
      vertex -0.05959825134277614 0.0151755797483009 1.478379090258386e-10
    endloop
  endfacet
  facet normal 0.0 0.0 0.0
    outer loop
      vertex -0.05955353546142848 0.015349716863779415 0.010225856928843768
      vertex -0.05948918914795192 0.015596969328073848 0.010156641154307635
      vertex -0.05959825134277614 0.0151755797483009 1.478379090258386e-10
    endloop
  endfacet
  facet normal 0.0 0.0 0.0
    outer loop
      vertex -0.059609962463381606 0.015129375181345333 0.010299045233744891
      vertex -0.05955353546142848 0.015349716863779415 0.010225856928843768
      vertex -0.05959825134277614 0.0151755797483009 1.478379090258386e-10
    endloop
  endfacet
  facet normal 0.0 0.0 0.0
    outer loop
      vertex -0.059659351348879654 0.014933574400095333 0.010373769431132586
      vertex -0.059609962463381606 0.015129375181345333 0.010299045233744891
      vertex -0.05959825134277614 0.0151755797483009 1.478379090258386e-10
    endloop
  endfacet
  facet normal 0.0 0.0 0.0
    outer loop
      vertex -0.059707271575930435 0.014740782461313594 0.0104568637895768
      vertex -0.059659351348879654 0.014933574400095333 0.010373769431132586
      vertex -0.05959825134277614 0.0151755797483009 1.478379090258386e-10
    endloop
  endfacet
  facet normal 0.0 0.0 0.0
    outer loop
      vertex -0.059753658294680434 0.014551506719736446 0.01054800525190285
      vertex -0.059707271575930435 0.014740782461313594 0.0104568637895768
      vertex -0.05959825134277614 0.0151755797483009 1.478379090258386e-10
    endloop
  endfacet
  facet normal 0.0 0.0 0.0
    outer loop
      vertex -0.0597984504699734 0.014366202078012813 0.010646747736949238
      vertex -0.059753658294680434 0.014551506719736446 0.01054800525190285
      vertex -0.05959825134277614 0.0151755797483009 1.478379090258386e-10
    endloop
  endfacet
  facet normal 0.0 0.0 0.0
    outer loop
      vertex -0.05984159851074489 0.01418532629981457 0.010752644925135883
      vertex -0.0597984504699734 0.014366202078012813 0.010646747736949238
      vertex -0.05959825134277614 0.0151755797483009 1.478379090258386e-10
    endloop
  endfacet
  facet normal 0.0 0.0 0.0
    outer loop
      vertex -0.05988303756714137 0.014009334287790646 0.010865249781626972
      vertex -0.05959825134277614 0.0151755797483009 1.478379090258386e-10
      vertex -0.06028060913086208 0.012185988149790158 1.478379090258386e-10
    endloop
  endfacet
  facet normal 0.0 0.0 0.0
    outer loop
      vertex -0.05988303756714137 0.014009334287790646 0.010865249781626972
      vertex -0.05984159851074489 0.01418532629981457 0.010752644925135883
      vertex -0.05959825134277614 0.0151755797483009 1.478379090258386e-10
    endloop
  endfacet
  facet normal 0.0 0.0 0.0
    outer loop
      vertex -0.05992271423340114 0.013838682851938594 0.010984116225261005
      vertex -0.05988303756714137 0.014009334287790646 0.010865249781626972
      vertex -0.06028060913086208 0.012185988149790158 1.478379090258386e-10
    endloop
  endfacet
  facet normal 0.0 0.0 0.0
    outer loop
      vertex -0.05996056747436793 0.013673827848581661 0.011108797698039324
      vertex -0.05992271423340114 0.013838682851938594 0.010984116225261005
      vertex -0.06028060913086208 0.012185988149790158 1.478379090258386e-10
    endloop
  endfacet
  facet normal 0.0 0.0 0.0
    outer loop
      vertex -0.05999654006958278 0.013515225134043086 0.011238847403544696
      vertex -0.05996056747436793 0.013673827848581661 0.011108797698039324
      vertex -0.06028060913086208 0.012185988149790158 1.478379090258386e-10
    endloop
  endfacet
  facet normal 0.0 0.0 0.0
    outer loop
      vertex -0.06003057861328395 0.013363332471994747 0.01137381926061562
      vertex -0.05999654006958278 0.013515225134043086 0.011238847403544696
      vertex -0.06028060913086208 0.012185988149790158 1.478379090258386e-10
    endloop
  endfacet
  facet normal 0.0 0.0 0.0
    outer loop
      vertex -0.060062629699709734 0.013218564710764278 0.011513307003993304
      vertex -0.06003057861328395 0.013363332471994747 0.01137381926061562
      vertex -0.06028060913086208 0.012185988149790158 1.478379090258386e-10
    endloop
  endfacet
  facet normal 0.0 0.0 0.0
    outer loop
      vertex -0.06009318542480739 0.013078912458567012 0.011659384875315936
      vertex -0.060062629699709734 0.013218564710764278 0.011513307003993304
      vertex -0.06028060913086208 0.012185988149790158 1.478379090258386e-10
    endloop
  endfacet
  facet normal 0.0 0.0 0.0
    outer loop
      vertex -0.06012248611450465 0.012943466863779415 0.011813093571681293
      vertex -0.06009318542480739 0.013078912458567012 0.011659384875315936
      vertex -0.06028060913086208 0.012185988149790158 1.478379090258386e-10
    endloop
  endfacet
  facet normal 0.0 0.0 0.0
    outer loop
      vertex -0.06015045166015895 0.012812808714060177 0.01197397521020821
      vertex -0.06012248611450465 0.012943466863779415 0.011813093571681293
      vertex -0.06028060913086208 0.012185988149790158 1.478379090258386e-10
    endloop
  endfacet
  facet normal 0.0 0.0 0.0
    outer loop
      vertex -0.06017699432373317 0.012687520704416621 0.01214157190801552
      vertex -0.06015045166015895 0.012812808714060177 0.01197397521020821
      vertex -0.06028060913086208 0.012185988149790158 1.478379090258386e-10
    endloop
  endfacet
  facet normal 0.0 0.0 0.0
    outer loop
      vertex -0.06020203399658473 0.012568186483530391 0.012315425901431355
      vertex -0.06017699432373317 0.012687520704416621 0.01214157190801552
      vertex -0.06028060913086208 0.012185988149790158 1.478379090258386e-10
    endloop
  endfacet
  facet normal 0.0 0.0 0.0
    outer loop
      vertex -0.06022548294067653 0.012455389700083126 0.012495079545993121
      vertex -0.06020203399658473 0.012568186483530391 0.012315425901431355
      vertex -0.06028060913086208 0.012185988149790158 1.478379090258386e-10
    endloop
  endfacet
  facet normal 0.0 0.0 0.0
    outer loop
      vertex -0.060247257232668716 0.012349711141733517 0.012680074899215014
      vertex -0.06022548294067653 0.012455389700083126 0.012495079545993121
      vertex -0.06028060913086208 0.012185988149790158 1.478379090258386e-10
    endloop
  endfacet
  facet normal 0.0 0.0 0.0
    outer loop
      vertex -0.06026727294922145 0.01225173541083752 0.012869954137820515
      vertex -0.060247257232668716 0.012349711141733517 0.012680074899215014
      vertex -0.06028060913086208 0.012185988149790158 1.478379090258386e-10
    endloop
  endfacet
  facet normal 0.0 0.0 0.0
    outer loop
      vertex -0.06028544235229762 0.012162045202402463 0.01306425958754471
      vertex -0.06026727294922145 0.01225173541083752 0.012869954137820515
      vertex -0.06028060913086208 0.012185988149790158 1.478379090258386e-10
    endloop
  endfacet
  facet normal 0.0 0.0 0.0
    outer loop
      vertex -0.060301708221438245 0.012081178388742795 0.013262512757200511
      vertex -0.06028060913086208 0.012185988149790158 1.478379090258386e-10
      vertex -0.06081309509277614 0.009166099271921507 1.478379090258386e-10
    endloop
  endfacet
  facet normal 0.0 0.0 0.0
    outer loop
      vertex -0.060301708221438245 0.012081178388742795 0.013262512757200511
      vertex -0.06028544235229762 0.012162045202402463 0.01306425958754471
      vertex -0.06028060913086208 0.012185988149790158 1.478379090258386e-10
    endloop
  endfacet
  facet normal 0.0 0.0 0.0
    outer loop
      vertex -0.06031608581543239 0.012009315214304317 0.013464075415152819
      vertex -0.060301708221438245 0.012081178388742795 0.013262512757200511
      vertex -0.06081309509277614 0.009166099271921507 1.478379090258386e-10
    endloop
  endfacet
  facet normal 0.0 0.0 0.0
    outer loop
      vertex -0.06032859420776637 0.011946463308481566 0.013668235941547664
      vertex -0.06031608581543239 0.012009315214304317 0.013464075415152819
      vertex -0.06081309509277614 0.009166099271921507 1.478379090258386e-10
    endloop
  endfacet
  facet normal 0.0 0.0 0.0
    outer loop
      vertex -0.060339244842531996 0.011892630300669066 0.013874282388705524
      vertex -0.06032859420776637 0.011946463308481566 0.013668235941547664
      vertex -0.06081309509277614 0.009166099271921507 1.478379090258386e-10
    endloop
  endfacet
  facet normal 0.0 0.0 0.0
    outer loop
      vertex -0.06034806442261012 0.011847821912912717 0.014081502823848041
      vertex -0.060339244842531996 0.011892630300669066 0.013874282388705524
      vertex -0.06081309509277614 0.009166099271921507 1.478379090258386e-10
    endloop
  endfacet
  facet normal 0.0 0.0 0.0
    outer loop
      vertex -0.06086100387573512 0.008842411718515745 0.01699999990941933
      vertex -0.06081309509277614 0.009166099271921507 1.478379090258386e-10
      vertex -0.061194393157961685 0.006123422346262326 1.478379090258386e-10
    endloop
  endfacet
  facet normal 0.0 0.0 0.0
    outer loop
      vertex -0.06086100387573512 0.008842411718515745 0.01699999990941933
      vertex -0.06036553955078395 0.011758049688486448 0.01699999990941933
      vertex -0.06036553955078395 0.011758049688486448 0.01500000002862862
    endloop
  endfacet
  facet normal 0.0 0.0 0.0
    outer loop
      vertex -0.06086100387573512 0.008842411718515745 0.01699999990941933
      vertex -0.06034806442261012 0.011847821912912717 0.014081502823848041
      vertex -0.06081309509277614 0.009166099271921507 1.478379090258386e-10
    endloop
  endfacet
  facet normal 0.0 0.0 0.0
    outer loop
      vertex -0.06086100387573512 0.008842411718515745 0.01699999990941933
      vertex -0.06035506820678981 0.011812045774607054 0.014289185254592211
      vertex -0.06034806442261012 0.011847821912912717 0.014081502823848041
    endloop
  endfacet
  facet normal 0.0 0.0 0.0
    outer loop
      vertex -0.06086100387573512 0.008842411718515745 0.01699999990941933
      vertex -0.06036027145386012 0.011785309515146605 0.014496617822665484
      vertex -0.06035506820678981 0.011812045774607054 0.014289185254592211
    endloop
  endfacet
  facet normal 0.0 0.0 0.0
    outer loop
      vertex -0.06086100387573512 0.008842411718515745 0.01699999990941933
      vertex -0.06036369705200465 0.011767618856577268 0.014703088550586017
      vertex -0.06036027145386012 0.011785309515146605 0.014496617822665484
    endloop
  endfacet
  facet normal 0.0 0.0 0.0
    outer loop
      vertex -0.06086100387573512 0.008842411718515745 0.01699999990941933
      vertex -0.06036507797241481 0.011760442457346311 0.014852122812289509
      vertex -0.06036369705200465 0.011767618856577268 0.014703088550586017
    endloop
  endfacet
  facet normal 0.0 0.0 0.0
    outer loop
      vertex -0.06086100387573512 0.008842411718515745 0.01699999990941933
      vertex -0.06036553955078395 0.011758049688486448 0.01500000002862862
      vertex -0.06036507797241481 0.011760442457346311 0.014852122812289509
    endloop
  endfacet
  facet normal 0.0 0.0 0.0
    outer loop
      vertex -0.06121572875976832 0.005906325540689817 0.01699999990941933
      vertex -0.061194393157961685 0.006123422346262326 1.478379090258386e-10
      vertex -0.06142354965210231 0.003065521917490354 1.478379090258386e-10
    endloop
  endfacet
  facet normal 0.0 0.0 0.0
    outer loop
      vertex -0.06121572875976832 0.005906325540689817 0.01699999990941933
      vertex -0.06086100387573512 0.008842411718515745 0.01699999990941933
      vertex -0.061194393157961685 0.006123422346262326 1.478379090258386e-10
    endloop
  endfacet
  facet normal 0.0 0.0 0.0
    outer loop
      vertex -0.061428890228274184 0.0029565813161414774 0.01699999990941933
      vertex -0.06142354965210231 0.003065521917490354 1.478379090258386e-10
      vertex -0.0615000000000027 -7.46854321612765e-13 1.478379090258386e-10
    endloop
  endfacet
  facet normal 0.0 0.0 0.0
    outer loop
      vertex -0.061428890228274184 0.0029565813161414774 0.01699999990941933
      vertex -0.06121572875976832 0.005906325540689817 0.01699999990941933
      vertex -0.06142354965210231 0.003065521917490354 1.478379090258386e-10
    endloop
  endfacet
  facet normal 0.0 0.0 0.0
    outer loop
      vertex -0.0615000000000027 -7.46854321612765e-13 0.01699999990941933
      vertex -0.061428890228274184 0.0029565813161414774 0.01699999990941933
      vertex -0.0615000000000027 -7.46854321612765e-13 1.478379090258386e-10
    endloop
  endfacet
endsolid mesh
