solid mesh
  facet normal 0.0 0.0 0.0
    outer loop
      vertex -0.0023274567969523486 0.000333344139631511 -0.002386222802931637
      vertex -0.002078299845048052 0.0003333441362698448 -0.00260610505276379
      vertex -0.001985057204281905 6.291524249182207e-10 -0.0022493435972279013
    endloop
  endfacet
  facet normal 0.0 0.0 0.0
    outer loop
      vertex -0.0023274567969523486 0.000333344139631511 -0.002386222802931637
      vertex -0.001985057204281905 6.291524249182207e-10 -0.0022493435972279013
      vertex -0.0020947106771822955 6.306318874417973e-10 -0.0021476006143635214
    endloop
  endfacet
  facet normal 0.0 0.0 0.0
    outer loop
      vertex -0.0023274567969523486 0.000333344139631511 -0.002386222802931637
      vertex -0.0020947106771822955 6.306318874417973e-10 -0.0021476006143635214
      vertex -0.0021991551809664753 6.32041069705296e-10 -0.0020405182474201623
    endloop
  endfacet
  facet normal 0.0 0.0 0.0
    outer loop
      vertex -0.0022861283622794544 0.000666657127355151 -0.002866715394789547
      vertex -0.0019893353782706653 0.0006666571233507717 -0.0030800950162952847
      vertex -0.0018084882147990284 0.00033334413262950234 -0.002800086461836666
    endloop
  endfacet
  facet normal 0.0 0.0 0.0
    outer loop
      vertex -0.0022861283622794544 0.000666657127355151 -0.002866715394789547
      vertex -0.0018084882147990284 0.00033334413262950234 -0.002800086461836666
      vertex -0.002078299845048052 0.0003333441362698448 -0.00260610505276379
    endloop
  endfacet
  facet normal 0.0 0.0 0.0
    outer loop
      vertex -0.0022861283622794544 0.000666657127355151 -0.002866715394789547
      vertex -0.002646743134393258 0.0010000006380799992 -0.0029991247289722863
      vertex -0.002493958786859078 0.001000000636018608 -0.0031273259752338835
    endloop
  endfacet
  facet normal 0.0 0.0 0.0
    outer loop
      vertex -0.0022861283622794544 0.000666657127355151 -0.002866715394789547
      vertex -0.002493958786859078 0.001000000636018608 -0.0031273259752338835
      vertex -0.0023349755562682576 0.0010000006338735804 -0.00324775191479382
    endloop
  endfacet
  facet normal 0.0 0.0 0.0
    outer loop
      vertex -0.0022861283622794544 0.000666657127355151 -0.002866715394789547
      vertex -0.0023349755562682576 0.0010000006338735804 -0.00324775191479382
      vertex -0.0019893353782706653 0.0006666571233507717 -0.0030800950162952847
    endloop
  endfacet
  facet normal 0.0 0.0 0.0
    outer loop
      vertex -0.002553481424637896 0.0003333441426810721 -0.0021426252954548303
      vertex -0.0023274567969523486 0.000333344139631511 -0.002386222802931637
      vertex -0.0021991551809664753 6.32041069705296e-10 -0.0020405182474201623
    endloop
  endfacet
  facet normal 0.0 0.0 0.0
    outer loop
      vertex -0.002553481424637896 0.0003333441426810721 -0.0021426252954548303
      vertex -0.0021991551809664753 6.32041069705296e-10 -0.0020405182474201623
      vertex -0.0022981332235690144 6.333764975838132e-10 -0.0019283628099506795
    endloop
  endfacet
  facet normal 0.0 0.0 0.0
    outer loop
      vertex -0.002553481424637896 0.0003333441426810721 -0.0021426252954548303
      vertex -0.0022981332235690144 6.333764975838132e-10 -0.0019283628099506795
      vertex -0.0023913968496676475 6.34634825623739e-10 -0.001811413251692623
    endloop
  endfacet
  facet normal 0.0 0.0 0.0
    outer loop
      vertex -0.0033333333380900446 0.00033334415320296123 -8.290705217239417e-13
      vertex -0.0029999993734713586 6.428461900420795e-10 -8.290705200327073e-13
      vertex -0.0029962705068942103 6.4279587956663e-10 0.00014953765935245188
    endloop
  endfacet
  facet normal 0.0 0.0 0.0
    outer loop
      vertex -0.0025602010093741813 0.0006666571310529839 -0.002624845229918331
      vertex -0.0029322083748717733 0.0010000006419315429 -0.0027206909292286337
      vertex -0.0027929471291442344 0.0010000006400526073 -0.002863467418486446
    endloop
  endfacet
  facet normal 0.0 0.0 0.0
    outer loop
      vertex -0.0025602010093741813 0.0006666571310529839 -0.002624845229918331
      vertex -0.0027929471291442344 0.0010000006400526073 -0.002863467418486446
      vertex -0.002646743134393258 0.0010000006380799992 -0.0029991247289722863
    endloop
  endfacet
  facet normal 0.0 0.0 0.0
    outer loop
      vertex -0.0025602010093741813 0.0006666571310529839 -0.002624845229918331
      vertex -0.002078299845048052 0.0003333441362698448 -0.00260610505276379
      vertex -0.0023274567969523486 0.000333344139631511 -0.002386222802931637
    endloop
  endfacet
  facet normal 0.0 0.0 0.0
    outer loop
      vertex -0.0025602010093741813 0.0006666571310529839 -0.002624845229918331
      vertex -0.002646743134393258 0.0010000006380799992 -0.0029991247289722863
      vertex -0.0022861283622794544 0.000666657127355151 -0.002866715394789547
    endloop
  endfacet
  facet normal 0.0 0.0 0.0
    outer loop
      vertex -0.0025602010093741813 0.0006666571310529839 -0.002624845229918331
      vertex -0.0022861283622794544 0.000666657127355151 -0.002866715394789547
      vertex -0.002078299845048052 0.0003333441362698448 -0.00260610505276379
    endloop
  endfacet
  facet normal 0.0 0.0 0.0
    outer loop
      vertex -0.002754128778763872 0.0003333441453882389 -0.0018777335517948571
      vertex -0.002553481424637896 0.0003333441426810721 -0.0021426252954548303
      vertex -0.0023913968496676475 6.34634825623739e-10 -0.001811413251692623
    endloop
  endfacet
  facet normal 0.0 0.0 0.0
    outer loop
      vertex -0.002754128778763872 0.0003333441453882389 -0.0018777335517948571
      vertex -0.0023913968496676475 6.34634825623739e-10 -0.001811413251692623
      vertex -0.002478717177426437 6.358129657140478e-10 -0.0016899602048939168
    endloop
  endfacet
  facet normal 0.0 0.0 0.0
    outer loop
      vertex -0.002754128778763872 0.0003333441453882389 -0.0018777335517948571
      vertex -0.002478717177426437 6.358129657140478e-10 -0.0016899602048939168
      vertex -0.002559872954403976 6.369079326807493e-10 -0.0015643056266849936
    endloop
  endfacet
  facet normal 0.0 0.0 0.0
    outer loop
      vertex -0.002808829625707189 0.0006666571344075216 -0.0023568880193775596
      vertex -0.003188529328240914 0.0010000006453898668 -0.002415217601591915
      vertex -0.0030641778267760703 0.001000000643712096 -0.00257115050488171
    endloop
  endfacet
  facet normal 0.0 0.0 0.0
    outer loop
      vertex -0.002808829625707189 0.0006666571344075216 -0.0023568880193775596
      vertex -0.0030641778267760703 0.001000000643712096 -0.00257115050488171
      vertex -0.0029322083748717733 0.0010000006419315429 -0.0027206909292286337
    endloop
  endfacet
  facet normal 0.0 0.0 0.0
    outer loop
      vertex -0.002808829625707189 0.0006666571344075216 -0.0023568880193775596
      vertex -0.0029322083748717733 0.0010000006419315429 -0.0027206909292286337
      vertex -0.0025602010093741813 0.0006666571310529839 -0.002624845229918331
    endloop
  endfacet
  facet normal 0.0 0.0 0.0
    outer loop
      vertex -0.002808829625707189 0.0006666571344075216 -0.0023568880193775596
      vertex -0.0023274567969523486 0.000333344139631511 -0.002386222802931637
      vertex -0.002553481424637896 0.0003333441426810721 -0.0021426252954548303
    endloop
  endfacet
  facet normal 0.0 0.0 0.0
    outer loop
      vertex -0.002808829625707189 0.0006666571344075216 -0.0023568880193775596
      vertex -0.0025602010093741813 0.0006666571310529839 -0.002624845229918331
      vertex -0.0023274567969523486 0.000333344139631511 -0.002386222802931637
    endloop
  endfacet
  facet normal 0.0 0.0 0.0
    outer loop
      vertex -0.0029274056800089898 0.0003333441477261191 -0.0015941799514835777
      vertex -0.002754128778763872 0.0003333441453882389 -0.0018777335517948571
      vertex -0.002559872954403976 6.369079326807493e-10 -0.0015643056266849936
    endloop
  endfacet
  facet normal 0.0 0.0 0.0
    outer loop
      vertex -0.0029274056800089898 0.0003333441477261191 -0.0015941799514835777
      vertex -0.002559872954403976 6.369079326807493e-10 -0.0015643056266849936
      vertex -0.0026346639089938196 6.379170244266961e-10 -0.0014347619646137653
    endloop
  endfacet
  facet normal 0.0 0.0 0.0
    outer loop
      vertex -0.0029274056800089898 0.0003333441477261191 -0.0015941799514835777
      vertex -0.0026346639089938196 6.379170244266961e-10 -0.0014347619646137653
      vertex -0.002702906935727218 6.388377704630685e-10 -0.0013016512029713095
    endloop
  endfacet
  facet normal 0.0 0.0 0.0
    outer loop
      vertex -0.003029542287450353 0.0006666571373854129 -0.002065506898695797
      vertex -0.0034131634987731407 0.0010000006484206677 -0.0020857407682484093
      vertex -0.0033049557961364216 0.0010000006469607116 -0.0022532801263874472
    endloop
  endfacet
  facet normal 0.0 0.0 0.0
    outer loop
      vertex -0.003029542287450353 0.0006666571373854129 -0.002065506898695797
      vertex -0.0033049557961364216 0.0010000006469607116 -0.0022532801263874472
      vertex -0.003188529328240914 0.0010000006453898668 -0.002415217601591915
    endloop
  endfacet
  facet normal 0.0 0.0 0.0
    outer loop
      vertex -0.003029542287450353 0.0006666571373854129 -0.002065506898695797
      vertex -0.002553481424637896 0.0003333441426810721 -0.0021426252954548303
      vertex -0.002754128778763872 0.0003333441453882389 -0.0018777335517948571
    endloop
  endfacet
  facet normal 0.0 0.0 0.0
    outer loop
      vertex -0.003029542287450353 0.0006666571373854129 -0.002065506898695797
      vertex -0.003188529328240914 0.0010000006453898668 -0.002415217601591915
      vertex -0.002808829625707189 0.0006666571344075216 -0.0023568880193775596
    endloop
  endfacet
  facet normal 0.0 0.0 0.0
    outer loop
      vertex -0.003029542287450353 0.0006666571373854129 -0.002065506898695797
      vertex -0.002754128778763872 0.0003333441453882389 -0.0018777335517948571
      vertex -0.0029274056800089898 0.0003333441477261191 -0.0015941799514835777
    endloop
  endfacet
  facet normal 0.0 0.0 0.0
    outer loop
      vertex -0.003029542287450353 0.0006666571373854129 -0.002065506898695797
      vertex -0.002808829625707189 0.0006666571344075216 -0.0023568880193775596
      vertex -0.002553481424637896 0.0003333441426810721 -0.0021426252954548303
    endloop
  endfacet
  facet normal 0.0 0.0 0.0
    outer loop
      vertex -0.0030715878852091852 0.0003333441496714489 -0.0012947826021259725
      vertex -0.0029274056800089898 0.0003333441477261191 -0.0015941799514835777
      vertex -0.002702906935727218 6.388377704630685e-10 -0.0013016512029713095
    endloop
  endfacet
  facet normal 0.0 0.0 0.0
    outer loop
      vertex -0.0030715878852091852 0.0003333441496714489 -0.0012947826021259725
      vertex -0.002702906935727218 6.388377704630685e-10 -0.0013016512029713095
      vertex -0.002764428465878585 6.39667828972339e-10 -0.001165304385954708
    endloop
  endfacet
  facet normal 0.0 0.0 0.0
    outer loop
      vertex -0.0030715878852091852 0.0003333441496714489 -0.0012947826021259725
      vertex -0.002764428465878585 6.39667828972339e-10 -0.001165304385954708
      vertex -0.002819077818905929 6.40405166948083e-10 -0.0010260604255741537
    endloop
  endfacet
  facet normal 0.0 0.0 0.0
    outer loop
      vertex -0.003995026902093453 0.0010000006562712635 0.00019938354856315288
      vertex -0.0039999993599791955 0.0010000006563383528 -8.29070525109824e-13
      vertex -0.0036666673027091427 0.0006666571459816074 -8.290705234188275e-13
    endloop
  endfacet
  facet normal 0.0 0.0 0.0
    outer loop
      vertex -0.0032201455436759395 0.000666657139957063 -0.0017535979383533897
      vertex -0.003603875473870797 0.0010000006509937847 -0.0017355349891727864
      vertex -0.0035128854073424765 0.001000000649766132 -0.0019130159252232016
    endloop
  endfacet
  facet normal 0.0 0.0 0.0
    outer loop
      vertex -0.0032201455436759395 0.000666657139957063 -0.0017535979383533897
      vertex -0.0035128854073424765 0.001000000649766132 -0.0019130159252232016
      vertex -0.0034131634987731407 0.0010000006484206677 -0.0020857407682484093
    endloop
  endfacet
  facet normal 0.0 0.0 0.0
    outer loop
      vertex -0.0032201455436759395 0.000666657139957063 -0.0017535979383533897
      vertex -0.0034131634987731407 0.0010000006484206677 -0.0020857407682484093
      vertex -0.003029542287450353 0.0006666571373854129 -0.002065506898695797
    endloop
  endfacet
  facet normal 0.0 0.0 0.0
    outer loop
      vertex -0.0032201455436759395 0.000666657139957063 -0.0017535979383533897
      vertex -0.003029542287450353 0.0006666571373854129 -0.002065506898695797
      vertex -0.0029274056800089898 0.0003333441477261191 -0.0015941799514835777
    endloop
  endfacet
  facet normal 0.0 0.0 0.0
    outer loop
      vertex -0.0031852429755412164 0.0003333441512049019 -0.0009825172656124533
      vertex -0.002819077818905929 6.40405166948083e-10 -0.0010260604255741537
      vertex -0.002866717665707687 6.410479315236853e-10 -0.0008842655056065022
    endloop
  endfacet
  facet normal 0.0 0.0 0.0
    outer loop
      vertex -0.0031852429755412164 0.0003333441512049019 -0.0009825172656124533
      vertex -0.002866717665707687 6.410479315236853e-10 -0.0008842655056065022
      vertex -0.002907231658017257 6.415945529093747e-10 -0.0007402721875256
    endloop
  endfacet
  facet normal 0.0 0.0 0.0
    outer loop
      vertex -0.0031852429755412164 0.0003333441512049019 -0.0009825172656124533
      vertex -0.0030715878852091852 0.0003333441496714489 -0.0012947826021259725
      vertex -0.002819077818905929 6.40405166948083e-10 -0.0010260604255741537
    endloop
  endfacet
  facet normal 0.0 0.0 0.0
    outer loop
      vertex -0.003378745397191564 0.0006666571420969181 -0.0014242609375065267
      vertex -0.0037587712563415003 0.0010000006530836638 -0.0013680805795734821
      vertex -0.0036859048165221644 0.001000000652100538 -0.0015537391536777914
    endloop
  endfacet
  facet normal 0.0 0.0 0.0
    outer loop
      vertex -0.003378745397191564 0.0006666571420969181 -0.0014242609375065267
      vertex -0.0036859048165221644 0.001000000652100538 -0.0015537391536777914
      vertex -0.003603875473870797 0.0010000006509937847 -0.0017355349891727864
    endloop
  endfacet
  facet normal 0.0 0.0 0.0
    outer loop
      vertex -0.003378745397191564 0.0006666571420969181 -0.0014242609375065267
      vertex -0.003603875473870797 0.0010000006509937847 -0.0017355349891727864
      vertex -0.0032201455436759395 0.000666657139957063 -0.0017535979383533897
    endloop
  endfacet
  facet normal 0.0 0.0 0.0
    outer loop
      vertex -0.003378745397191564 0.0006666571420969181 -0.0014242609375065267
      vertex -0.0029274056800089898 0.0003333441477261191 -0.0015941799514835777
      vertex -0.0030715878852091852 0.0003333441496714489 -0.0012947826021259725
    endloop
  endfacet
  facet normal 0.0 0.0 0.0
    outer loop
      vertex -0.003378745397191564 0.0006666571420969181 -0.0014242609375065267
      vertex -0.0032201455436759395 0.000666657139957063 -0.0017535979383533897
      vertex -0.0029274056800089898 0.0003333441477261191 -0.0015941799514835777
    endloop
  endfacet
  facet normal 0.0 0.0 0.0
    outer loop
      vertex -0.0032672418006144586 0.00033334415231124344 -0.0006604871385639607
      vertex -0.002907231658017257 6.415945529093747e-10 -0.0007402721875256
      vertex -0.002940516799008468 6.420436414551903e-10 -0.0005944384568279681
    endloop
  endfacet
  facet normal 0.0 0.0 0.0
    outer loop
      vertex -0.0032672418006144586 0.00033334415231124344 -0.0006604871385639607
      vertex -0.0031852429755412164 0.0003333441512049019 -0.0009825172656124533
      vertex -0.002907231658017257 6.415945529093747e-10 -0.0007402721875256
    endloop
  endfacet
  facet normal 0.0 0.0 0.0
    outer loop
      vertex -0.0032672418006144586 0.00033334415231124344 -0.0006604871385639607
      vertex -0.002940516799008468 6.420436414551903e-10 -0.0005944384568279681
      vertex -0.0029664929800387414 6.42394116322273e-10 -0.00044712679916080817
    endloop
  endfacet
  facet normal 0.0 0.0 0.0
    outer loop
      vertex -0.003503766378026525 0.0006666571437837216 -0.0010807690256184042
      vertex -0.003876309708489938 0.001000000654669512 -0.0009870295756405293
      vertex -0.003822291687860055 0.0010000006539406918 -0.00117902072601971
    endloop
  endfacet
  facet normal 0.0 0.0 0.0
    outer loop
      vertex -0.003503766378026525 0.0006666571437837216 -0.0010807690256184042
      vertex -0.003822291687860055 0.0010000006539406918 -0.00117902072601971
      vertex -0.0037587712563415003 0.0010000006530836638 -0.0013680805795734821
    endloop
  endfacet
  facet normal 0.0 0.0 0.0
    outer loop
      vertex -0.003503766378026525 0.0006666571437837216 -0.0010807690256184042
      vertex -0.0030715878852091852 0.0003333441496714489 -0.0012947826021259725
      vertex -0.0031852429755412164 0.0003333441512049019 -0.0009825172656124533
    endloop
  endfacet
  facet normal 0.0 0.0 0.0
    outer loop
      vertex -0.003503766378026525 0.0006666571437837216 -0.0010807690256184042
      vertex -0.0037587712563415003 0.0010000006530836638 -0.0013680805795734821
      vertex -0.003378745397191564 0.0006666571420969181 -0.0014242609375065267
    endloop
  endfacet
  facet normal 0.0 0.0 0.0
    outer loop
      vertex -0.003503766378026525 0.0006666571437837216 -0.0010807690256184042
      vertex -0.003378745397191564 0.0006666571420969181 -0.0014242609375065267
      vertex -0.0030715878852091852 0.0003333441496714489 -0.0012947826021259725
    endloop
  endfacet
  facet normal 0.0 0.0 0.0
    outer loop
      vertex -0.003316769922562701 0.0003333441529794849 -0.0003318928115909991
      vertex -0.0029664929800387414 6.42394116322273e-10 -0.00044712679916080817
      vertex -0.002985091536557296 6.426450510773156e-10 -0.00029870354467090944
    endloop
  endfacet
  facet normal 0.0 0.0 0.0
    outer loop
      vertex -0.003316769922562701 0.0003333441529794849 -0.0003318928115909991
      vertex -0.002985091536557296 6.426450510773156e-10 -0.00029870354467090944
      vertex -0.0029962705068942103 6.4279587956663e-10 -0.0001495376535600123
    endloop
  endfacet
  facet normal 0.0 0.0 0.0
    outer loop
      vertex -0.003316769922562701 0.0003333441529794849 -0.0003318928115909991
      vertex -0.0032672418006144586 0.00033334415231124344 -0.0006604871385639607
      vertex -0.0029664929800387414 6.42394116322273e-10 -0.00044712679916080817
    endloop
  endfacet
  facet normal 0.0 0.0 0.0
    outer loop
      vertex -0.003316769922562701 0.0003333441529794849 -0.0003318928115909991
      vertex -0.0033333333380900446 0.00033334415320296123 -8.290705217239417e-13
      vertex -0.0036666673027091427 0.0006666571459816074 -8.290705234188275e-13
    endloop
  endfacet
  facet normal 0.0 0.0 0.0
    outer loop
      vertex -0.003316769922562701 0.0003333441529794849 -0.0003318928115909991
      vertex -0.0029962705068942103 6.4279587956663e-10 -0.0001495376535600123
      vertex -0.0033333333380900446 0.00033334415320296123 -8.290705217239417e-13
    endloop
  endfacet
  facet normal 0.0 0.0 0.0
    outer loop
      vertex -0.0035939648948722287 0.0006666571450006946 -0.0007265358799045978
      vertex -0.003955323532952829 0.0010000006557355791 -0.0005961690776890216
      vertex -0.003920689896478219 0.0010000006552682965 -0.0007925845616405903
    endloop
  endfacet
  facet normal 0.0 0.0 0.0
    outer loop
      vertex -0.0035939648948722287 0.0006666571450006946 -0.0007265358799045978
      vertex -0.003920689896478219 0.0010000006552682965 -0.0007925845616405903
      vertex -0.003876309708489938 0.001000000654669512 -0.0009870295756405293
    endloop
  endfacet
  facet normal 0.0 0.0 0.0
    outer loop
      vertex -0.0035939648948722287 0.0006666571450006946 -0.0007265358799045978
      vertex -0.0031852429755412164 0.0003333441512049019 -0.0009825172656124533
      vertex -0.0032672418006144586 0.00033334415231124344 -0.0006604871385639607
    endloop
  endfacet
  facet normal 0.0 0.0 0.0
    outer loop
      vertex -0.0035939648948722287 0.0006666571450006946 -0.0007265358799045978
      vertex -0.003876309708489938 0.001000000654669512 -0.0009870295756405293
      vertex -0.003503766378026525 0.0006666571437837216 -0.0010807690256184042
    endloop
  endfacet
  facet normal 0.0 0.0 0.0
    outer loop
      vertex -0.0035939648948722287 0.0006666571450006946 -0.0007265358799045978
      vertex -0.003503766378026525 0.0006666571437837216 -0.0010807690256184042
      vertex -0.0031852429755412164 0.0003333441512049019 -0.0009825172656124533
    endloop
  endfacet
  facet normal 0.0 0.0 0.0
    outer loop
      vertex -0.0036484464012198846 0.000666657145735768 -0.00036508210831341127
      vertex -0.003995026902093453 0.0010000006562712635 -0.00019938353532013276
      vertex -0.003980122879876657 0.001000000656070176 -0.000398271375233501
    endloop
  endfacet
  facet normal 0.0 0.0 0.0
    outer loop
      vertex -0.0036484464012198846 0.000666657145735768 -0.00036508210831341127
      vertex -0.003980122879876657 0.001000000656070176 -0.000398271375233501
      vertex -0.003955323532952829 0.0010000006557355791 -0.0005961690776890216
    endloop
  endfacet
  facet normal 0.0 0.0 0.0
    outer loop
      vertex -0.0036484464012198846 0.000666657145735768 -0.00036508210831341127
      vertex -0.0035939648948722287 0.0006666571450006946 -0.0007265358799045978
      vertex -0.0032672418006144586 0.00033334415231124344 -0.0006604871385639607
    endloop
  endfacet
  facet normal 0.0 0.0 0.0
    outer loop
      vertex -0.0036484464012198846 0.000666657145735768 -0.00036508210831341127
      vertex -0.003955323532952829 0.0010000006557355791 -0.0005961690776890216
      vertex -0.0035939648948722287 0.0006666571450006946 -0.0007265358799045978
    endloop
  endfacet
  facet normal 0.0 0.0 0.0
    outer loop
      vertex -0.0036484464012198846 0.000666657145735768 -0.00036508210831341127
      vertex -0.003316769922562701 0.0003333441529794849 -0.0003318928115909991
      vertex -0.0036666673027091427 0.0006666571459816074 -8.290705234188275e-13
    endloop
  endfacet
  facet normal 0.0 0.0 0.0
    outer loop
      vertex -0.0036484464012198846 0.000666657145735768 -0.00036508210831341127
      vertex -0.0036666673027091427 0.0006666571459816074 -8.290705234188275e-13
      vertex -0.003995026902093453 0.0010000006562712635 -0.00019938353532013276
    endloop
  endfacet
  facet normal 0.0 0.0 0.0
    outer loop
      vertex -0.0036484464012198846 0.000666657145735768 -0.00036508210831341127
      vertex -0.0032672418006144586 0.00033334415231124344 -0.0006604871385639607
      vertex -0.003316769922562701 0.0003333441529794849 -0.0003318928115909991
    endloop
  endfacet
  facet normal 0.0 0.0 0.0
    outer loop
      vertex -0.0033333333380900446 0.00033334415320296123 -8.290705217239417e-13
      vertex -0.0029962705068942103 6.4279587956663e-10 -0.0001495376535600123
      vertex -0.0029999993734713586 6.428461900420795e-10 -8.290705200327073e-13
    endloop
  endfacet
  facet normal 0.0 0.0 0.0
    outer loop
      vertex -0.0039999993599791955 0.0010000006563383528 -8.29070525109824e-13
      vertex -0.003995026902093453 0.0010000006562712635 -0.00019938353532013276
      vertex -0.0036666673027091427 0.0006666571459816074 -8.290705234188275e-13
    endloop
  endfacet
  facet normal 0.0 0.0 0.0
    outer loop
      vertex -0.003316769922562701 0.0003333441529794849 0.0003318928248340193
      vertex -0.0029962705068942103 6.4279587956663e-10 0.00014953765935245188
      vertex -0.002985091536557296 6.426450510773156e-10 0.00029870352811160717
    endloop
  endfacet
  facet normal 0.0 0.0 0.0
    outer loop
      vertex -0.003316769922562701 0.0003333441529794849 0.0003318928248340193
      vertex -0.002985091536557296 6.426450510773156e-10 0.00029870352811160717
      vertex -0.0029664929800387414 6.42394116322273e-10 0.0004471268124038283
    endloop
  endfacet
  facet normal 0.0 0.0 0.0
    outer loop
      vertex -0.003316769922562701 0.0003333441529794849 0.0003318928248340193
      vertex -0.0033333333380900446 0.00033334415320296123 -8.290705217239417e-13
      vertex -0.0029962705068942103 6.4279587956663e-10 0.00014953765935245188
    endloop
  endfacet
  facet normal 0.0 0.0 0.0
    outer loop
      vertex -0.0032672418006144586 0.00033334415231124344 0.0006604871518069807
      vertex -0.0029664929800387414 6.42394116322273e-10 0.0004471268124038283
      vertex -0.002940516799008468 6.420436414551903e-10 0.0005944384104663436
    endloop
  endfacet
  facet normal 0.0 0.0 0.0
    outer loop
      vertex -0.0032672418006144586 0.00033334415231124344 0.0006604871518069807
      vertex -0.002940516799008468 6.420436414551903e-10 0.0005944384104663436
      vertex -0.002907231658017257 6.415945529093747e-10 0.0007402722007686202
    endloop
  endfacet
  facet normal 0.0 0.0 0.0
    outer loop
      vertex -0.0032672418006144586 0.00033334415231124344 0.0006604871518069807
      vertex -0.003316769922562701 0.0003333441529794849 0.0003318928248340193
      vertex -0.0029664929800387414 6.42394116322273e-10 0.0004471268124038283
    endloop
  endfacet
  facet normal 0.0 0.0 0.0
    outer loop
      vertex -0.0036484464012198846 0.000666657145735768 0.000365082091754109
      vertex -0.003955323532952829 0.0010000006557355791 0.0005961690909320419
      vertex -0.003980122879876657 0.001000000656070176 0.00039827138847652114
    endloop
  endfacet
  facet normal 0.0 0.0 0.0
    outer loop
      vertex -0.0036484464012198846 0.000666657145735768 0.000365082091754109
      vertex -0.003980122879876657 0.001000000656070176 0.00039827138847652114
      vertex -0.003995026902093453 0.0010000006562712635 0.00019938354856315288
    endloop
  endfacet
  facet normal 0.0 0.0 0.0
    outer loop
      vertex -0.0036484464012198846 0.000666657145735768 0.000365082091754109
      vertex -0.0036666673027091427 0.0006666571459816074 -8.290705234188275e-13
      vertex -0.0033333333380900446 0.00033334415320296123 -8.290705217239417e-13
    endloop
  endfacet
  facet normal 0.0 0.0 0.0
    outer loop
      vertex -0.0036484464012198846 0.000666657145735768 0.000365082091754109
      vertex -0.0033333333380900446 0.00033334415320296123 -8.290705217239417e-13
      vertex -0.003316769922562701 0.0003333441529794849 0.0003318928248340193
    endloop
  endfacet
  facet normal 0.0 0.0 0.0
    outer loop
      vertex -0.0036484464012198846 0.000666657145735768 0.000365082091754109
      vertex -0.003995026902093453 0.0010000006562712635 0.00019938354856315288
      vertex -0.0036666673027091427 0.0006666571459816074 -8.290705234188275e-13
    endloop
  endfacet
  facet normal 0.0 0.0 0.0
    outer loop
      vertex -0.0031852429755412164 0.0003333441512049019 0.0009825172788554732
      vertex -0.002907231658017257 6.415945529093747e-10 0.0007402722007686202
      vertex -0.002866717665707687 6.410479315236853e-10 0.0008842655188495224
    endloop
  endfacet
  facet normal 0.0 0.0 0.0
    outer loop
      vertex -0.0031852429755412164 0.0003333441512049019 0.0009825172788554732
      vertex -0.002866717665707687 6.410479315236853e-10 0.0008842655188495224
      vertex -0.002819077818905929 6.40405166948083e-10 0.0010260603792125289
    endloop
  endfacet
  facet normal 0.0 0.0 0.0
    outer loop
      vertex -0.0031852429755412164 0.0003333441512049019 0.0009825172788554732
      vertex -0.0032672418006144586 0.00033334415231124344 0.0006604871518069807
      vertex -0.002907231658017257 6.415945529093747e-10 0.0007402722007686202
    endloop
  endfacet
  facet normal 0.0 0.0 0.0
    outer loop
      vertex -0.0035939648948722287 0.0006666571450006946 0.0007265358335429732
      vertex -0.003876309708489938 0.001000000654669512 0.0009870295888835495
      vertex -0.003920689896478219 0.0010000006552682965 0.0007925845748836106
    endloop
  endfacet
  facet normal 0.0 0.0 0.0
    outer loop
      vertex -0.0035939648948722287 0.0006666571450006946 0.0007265358335429732
      vertex -0.003920689896478219 0.0010000006552682965 0.0007925845748836106
      vertex -0.003955323532952829 0.0010000006557355791 0.0005961690909320419
    endloop
  endfacet
  facet normal 0.0 0.0 0.0
    outer loop
      vertex -0.0035939648948722287 0.0006666571450006946 0.0007265358335429732
      vertex -0.0036484464012198846 0.000666657145735768 0.000365082091754109
      vertex -0.003316769922562701 0.0003333441529794849 0.0003318928248340193
    endloop
  endfacet
  facet normal 0.0 0.0 0.0
    outer loop
      vertex -0.0035939648948722287 0.0006666571450006946 0.0007265358335429732
      vertex -0.003955323532952829 0.0010000006557355791 0.0005961690909320419
      vertex -0.0036484464012198846 0.000666657145735768 0.000365082091754109
    endloop
  endfacet
  facet normal 0.0 0.0 0.0
    outer loop
      vertex -0.0035939648948722287 0.0006666571450006946 0.0007265358335429732
      vertex -0.003316769922562701 0.0003333441529794849 0.0003318928248340193
      vertex -0.0032672418006144586 0.00033334415231124344 0.0006604871518069807
    endloop
  endfacet
  facet normal 0.0 0.0 0.0
    outer loop
      vertex -0.0030715878852091852 0.0003333441496714489 0.0012947826749736373
      vertex -0.0031852429755412164 0.0003333441512049019 0.0009825172788554732
      vertex -0.002819077818905929 6.40405166948083e-10 0.0010260603792125289
    endloop
  endfacet
  facet normal 0.0 0.0 0.0
    outer loop
      vertex -0.0030715878852091852 0.0003333441496714489 0.0012947826749736373
      vertex -0.002819077818905929 6.40405166948083e-10 0.0010260603792125289
      vertex -0.002764428465878585 6.39667828972339e-10 0.001165304339593083
    endloop
  endfacet
  facet normal 0.0 0.0 0.0
    outer loop
      vertex -0.0030715878852091852 0.0003333441496714489 0.0012947826749736373
      vertex -0.002764428465878585 6.39667828972339e-10 0.001165304339593083
      vertex -0.002702906935727218 6.388377704630685e-10 0.0013016512758189742
    endloop
  endfacet
  facet normal 0.0 0.0 0.0
    outer loop
      vertex -0.003503766378026525 0.0006666571437837216 0.0010807689792567794
      vertex -0.0037587712563415003 0.0010000006530836638 0.0013680805332118577
      vertex -0.003822291687860055 0.0010000006539406918 0.0011790206796580857
    endloop
  endfacet
  facet normal 0.0 0.0 0.0
    outer loop
      vertex -0.003503766378026525 0.0006666571437837216 0.0010807689792567794
      vertex -0.003822291687860055 0.0010000006539406918 0.0011790206796580857
      vertex -0.003876309708489938 0.001000000654669512 0.0009870295888835495
    endloop
  endfacet
  facet normal 0.0 0.0 0.0
    outer loop
      vertex -0.003503766378026525 0.0006666571437837216 0.0010807689792567794
      vertex -0.0032672418006144586 0.00033334415231124344 0.0006604871518069807
      vertex -0.0031852429755412164 0.0003333441512049019 0.0009825172788554732
    endloop
  endfacet
  facet normal 0.0 0.0 0.0
    outer loop
      vertex -0.003503766378026525 0.0006666571437837216 0.0010807689792567794
      vertex -0.0035939648948722287 0.0006666571450006946 0.0007265358335429732
      vertex -0.0032672418006144586 0.00033334415231124344 0.0006604871518069807
    endloop
  endfacet
  facet normal 0.0 0.0 0.0
    outer loop
      vertex -0.003503766378026525 0.0006666571437837216 0.0010807689792567794
      vertex -0.003876309708489938 0.001000000654669512 0.0009870295888835495
      vertex -0.0035939648948722287 0.0006666571450006946 0.0007265358335429732
    endloop
  endfacet
  facet normal 0.0 0.0 0.0
    outer loop
      vertex -0.0029274056800089898 0.0003333441477261191 0.001594179905121953
      vertex -0.0030715878852091852 0.0003333441496714489 0.0012947826749736373
      vertex -0.002702906935727218 6.388377704630685e-10 0.0013016512758189742
    endloop
  endfacet
  facet normal 0.0 0.0 0.0
    outer loop
      vertex -0.0029274056800089898 0.0003333441477261191 0.001594179905121953
      vertex -0.002702906935727218 6.388377704630685e-10 0.0013016512758189742
      vertex -0.0026346639089938196 6.379170244266961e-10 0.0014347619182521409
    endloop
  endfacet
  facet normal 0.0 0.0 0.0
    outer loop
      vertex -0.0029274056800089898 0.0003333441477261191 0.001594179905121953
      vertex -0.0026346639089938196 6.379170244266961e-10 0.0014347619182521409
      vertex -0.002559872954403976 6.369079326807493e-10 0.0015643055803233692
    endloop
  endfacet
  facet normal 0.0 0.0 0.0
    outer loop
      vertex -0.003378745397191564 0.0006666571420969181 0.001424260891144902
      vertex -0.003603875473870797 0.0010000006509937847 0.0017355349428111622
      vertex -0.0036859048165221644 0.001000000652100538 0.0015537392265254565
    endloop
  endfacet
  facet normal 0.0 0.0 0.0
    outer loop
      vertex -0.003378745397191564 0.0006666571420969181 0.001424260891144902
      vertex -0.0036859048165221644 0.001000000652100538 0.0015537392265254565
      vertex -0.0037587712563415003 0.0010000006530836638 0.0013680805332118577
    endloop
  endfacet
  facet normal 0.0 0.0 0.0
    outer loop
      vertex -0.003378745397191564 0.0006666571420969181 0.001424260891144902
      vertex -0.0031852429755412164 0.0003333441512049019 0.0009825172788554732
      vertex -0.0030715878852091852 0.0003333441496714489 0.0012947826749736373
    endloop
  endfacet
  facet normal 0.0 0.0 0.0
    outer loop
      vertex -0.003378745397191564 0.0006666571420969181 0.001424260891144902
      vertex -0.003503766378026525 0.0006666571437837216 0.0010807689792567794
      vertex -0.0031852429755412164 0.0003333441512049019 0.0009825172788554732
    endloop
  endfacet
  facet normal 0.0 0.0 0.0
    outer loop
      vertex -0.003378745397191564 0.0006666571420969181 0.001424260891144902
      vertex -0.0037587712563415003 0.0010000006530836638 0.0013680805332118577
      vertex -0.003503766378026525 0.0006666571437837216 0.0010807689792567794
    endloop
  endfacet
  facet normal 0.0 0.0 0.0
    outer loop
      vertex -0.002754128778763873 0.0003333441453882389 0.0018777335054332323
      vertex -0.0029274056800089898 0.0003333441477261191 0.001594179905121953
      vertex -0.002559872954403976 6.369079326807493e-10 0.0015643055803233692
    endloop
  endfacet
  facet normal 0.0 0.0 0.0
    outer loop
      vertex -0.002754128778763873 0.0003333441453882389 0.0018777335054332323
      vertex -0.002559872954403976 6.369079326807493e-10 0.0015643055803233692
      vertex -0.002478717177426437 6.358129657140478e-10 0.0016899601585322924
    endloop
  endfacet
  facet normal 0.0 0.0 0.0
    outer loop
      vertex -0.002754128778763873 0.0003333441453882389 0.0018777335054332323
      vertex -0.002478717177426437 6.358129657140478e-10 0.0016899601585322924
      vertex -0.0023913968496676475 6.34634825623739e-10 0.0018114132053309985
    endloop
  endfacet
  facet normal 0.0 0.0 0.0
    outer loop
      vertex -0.0032201455436759395 0.000666657139957063 0.001753597891991765
      vertex -0.003603875473870797 0.0010000006509937847 0.0017355349428111622
      vertex -0.003378745397191564 0.0006666571420969181 0.001424260891144902
    endloop
  endfacet
  facet normal 0.0 0.0 0.0
    outer loop
      vertex -0.0032201455436759395 0.000666657139957063 0.001753597891991765
      vertex -0.0034131634987731416 0.0010000006484206677 0.002085740841096074
      vertex -0.0035128854073424773 0.001000000649766132 0.0019130158788615772
    endloop
  endfacet
  facet normal 0.0 0.0 0.0
    outer loop
      vertex -0.0032201455436759395 0.000666657139957063 0.001753597891991765
      vertex -0.0035128854073424773 0.001000000649766132 0.0019130158788615772
      vertex -0.003603875473870797 0.0010000006509937847 0.0017355349428111622
    endloop
  endfacet
  facet normal 0.0 0.0 0.0
    outer loop
      vertex -0.0032201455436759395 0.000666657139957063 0.001753597891991765
      vertex -0.0030715878852091852 0.0003333441496714489 0.0012947826749736373
      vertex -0.0029274056800089898 0.0003333441477261191 0.001594179905121953
    endloop
  endfacet
  facet normal 0.0 0.0 0.0
    outer loop
      vertex -0.0032201455436759395 0.000666657139957063 0.001753597891991765
      vertex -0.003378745397191564 0.0006666571420969181 0.001424260891144902
      vertex -0.0030715878852091852 0.0003333441496714489 0.0012947826749736373
    endloop
  endfacet
  facet normal 0.0 0.0 0.0
    outer loop
      vertex -0.0025534814246378967 0.0003333441426810721 0.002142625368302495
      vertex -0.002754128778763873 0.0003333441453882389 0.0018777335054332323
      vertex -0.0023913968496676475 6.34634825623739e-10 0.0018114132053309985
    endloop
  endfacet
  facet normal 0.0 0.0 0.0
    outer loop
      vertex -0.0025534814246378967 0.0003333441426810721 0.002142625368302495
      vertex -0.0023913968496676475 6.34634825623739e-10 0.0018114132053309985
      vertex -0.0022981332235690152 6.333764975838132e-10 0.0019283628827983447
    endloop
  endfacet
  facet normal 0.0 0.0 0.0
    outer loop
      vertex -0.0025534814246378967 0.0003333441426810721 0.002142625368302495
      vertex -0.0022981332235690152 6.333764975838132e-10 0.0019283628827983447
      vertex -0.002199155180966476 6.32041069705296e-10 0.002040518320267827
    endloop
  endfacet
  facet normal 0.0 0.0 0.0
    outer loop
      vertex -0.003029542287450354 0.0006666571373854129 0.002065506971543462
      vertex -0.0032201455436759395 0.000666657139957063 0.001753597891991765
      vertex -0.0029274056800089898 0.0003333441477261191 0.001594179905121953
    endloop
  endfacet
  facet normal 0.0 0.0 0.0
    outer loop
      vertex -0.003029542287450354 0.0006666571373854129 0.002065506971543462
      vertex -0.0034131634987731416 0.0010000006484206677 0.002085740841096074
      vertex -0.0032201455436759395 0.000666657139957063 0.001753597891991765
    endloop
  endfacet
  facet normal 0.0 0.0 0.0
    outer loop
      vertex -0.003029542287450354 0.0006666571373854129 0.002065506971543462
      vertex -0.0031885293282409148 0.0010000006453898668 0.00241521767443958
      vertex -0.0033049557961364225 0.0010000006469607116 0.002253280199235112
    endloop
  endfacet
  facet normal 0.0 0.0 0.0
    outer loop
      vertex -0.003029542287450354 0.0006666571373854129 0.002065506971543462
      vertex -0.0033049557961364225 0.0010000006469607116 0.002253280199235112
      vertex -0.0034131634987731416 0.0010000006484206677 0.002085740841096074
    endloop
  endfacet
  facet normal 0.0 0.0 0.0
    outer loop
      vertex -0.003029542287450354 0.0006666571373854129 0.002065506971543462
      vertex -0.0029274056800089898 0.0003333441477261191 0.001594179905121953
      vertex -0.002754128778763873 0.0003333441453882389 0.0018777335054332323
    endloop
  endfacet
  facet normal 0.0 0.0 0.0
    outer loop
      vertex -0.0023274567969523495 0.000333344139631511 0.0023862228757793014
      vertex -0.002199155180966476 6.32041069705296e-10 0.002040518320267827
      vertex -0.0020947106771822964 6.306318874417973e-10 0.002147600448792607
    endloop
  endfacet
  facet normal 0.0 0.0 0.0
    outer loop
      vertex -0.0023274567969523495 0.000333344139631511 0.0023862228757793014
      vertex -0.0020947106771822964 6.306318874417973e-10 0.002147600448792607
      vertex -0.0019850572042819053 6.291524249182207e-10 0.002249343670075566
    endloop
  endfacet
  facet normal 0.0 0.0 0.0
    outer loop
      vertex -0.0023274567969523495 0.000333344139631511 0.0023862228757793014
      vertex -0.0025534814246378967 0.0003333441426810721 0.002142625368302495
      vertex -0.002199155180966476 6.32041069705296e-10 0.002040518320267827
    endloop
  endfacet
  facet normal 0.0 0.0 0.0
    outer loop
      vertex -0.0028088296257071897 0.0006666571344075216 0.0023568878538066454
      vertex -0.003029542287450354 0.0006666571373854129 0.002065506971543462
      vertex -0.002754128778763873 0.0003333441453882389 0.0018777335054332323
    endloop
  endfacet
  facet normal 0.0 0.0 0.0
    outer loop
      vertex -0.0028088296257071897 0.0006666571344075216 0.0023568878538066454
      vertex -0.002932208374871774 0.0010000006419315429 0.0027206910020762987
      vertex -0.003064177826776071 0.001000000643712096 0.0025711503393107955
    endloop
  endfacet
  facet normal 0.0 0.0 0.0
    outer loop
      vertex -0.0028088296257071897 0.0006666571344075216 0.0023568878538066454
      vertex -0.003064177826776071 0.001000000643712096 0.0025711503393107955
      vertex -0.0031885293282409148 0.0010000006453898668 0.00241521767443958
    endloop
  endfacet
  facet normal 0.0 0.0 0.0
    outer loop
      vertex -0.0028088296257071897 0.0006666571344075216 0.0023568878538066454
      vertex -0.002754128778763873 0.0003333441453882389 0.0018777335054332323
      vertex -0.0025534814246378967 0.0003333441426810721 0.002142625368302495
    endloop
  endfacet
  facet normal 0.0 0.0 0.0
    outer loop
      vertex -0.0028088296257071897 0.0006666571344075216 0.0023568878538066454
      vertex -0.0025534814246378967 0.0003333441426810721 0.002142625368302495
      vertex -0.0023274567969523495 0.000333344139631511 0.0023862228757793014
    endloop
  endfacet
  facet normal 0.0 0.0 0.0
    outer loop
      vertex -0.0028088296257071897 0.0006666571344075216 0.0023568878538066454
      vertex -0.0031885293282409148 0.0010000006453898668 0.00241521767443958
      vertex -0.003029542287450354 0.0006666571373854129 0.002065506971543462
    endloop
  endfacet
  facet normal 0.0 0.0 0.0
    outer loop
      vertex -0.002078299845048053 0.0003333441362698448 0.0026061048871928757
      vertex -0.0019850572042819053 6.291524249182207e-10 0.002249343670075566
      vertex -0.001870469420468429 6.276063878677961e-10 0.002345494545167119
    endloop
  endfacet
  facet normal 0.0 0.0 0.0
    outer loop
      vertex -0.002078299845048053 0.0003333441362698448 0.0026061048871928757
      vertex -0.001870469420468429 6.276063878677961e-10 0.002345494545167119
      vertex -0.0017512315206881554 6.259976106950462e-10 0.002435813940232427
    endloop
  endfacet
  facet normal 0.0 0.0 0.0
    outer loop
      vertex -0.002078299845048053 0.0003333441362698448 0.0026061048871928757
      vertex -0.0023274567969523495 0.000333344139631511 0.0023862228757793014
      vertex -0.0019850572042819053 6.291524249182207e-10 0.002249343670075566
    endloop
  endfacet
  facet normal 0.0 0.0 0.0
    outer loop
      vertex -0.002560201009374182 0.0006666571310529839 0.002624845064347417
      vertex -0.0026467431343932587 0.0010000006380799992 0.002999124801819951
      vertex -0.0027929471291442353 0.0010000006400526073 0.002863467491334111
    endloop
  endfacet
  facet normal 0.0 0.0 0.0
    outer loop
      vertex -0.002560201009374182 0.0006666571310529839 0.002624845064347417
      vertex -0.0027929471291442353 0.0010000006400526073 0.002863467491334111
      vertex -0.002932208374871774 0.0010000006419315429 0.0027206910020762987
    endloop
  endfacet
  facet normal 0.0 0.0 0.0
    outer loop
      vertex -0.002560201009374182 0.0006666571310529839 0.002624845064347417
      vertex -0.0023274567969523495 0.000333344139631511 0.0023862228757793014
      vertex -0.002078299845048053 0.0003333441362698448 0.0026061048871928757
    endloop
  endfacet
  facet normal 0.0 0.0 0.0
    outer loop
      vertex -0.002560201009374182 0.0006666571310529839 0.002624845064347417
      vertex -0.002932208374871774 0.0010000006419315429 0.0027206910020762987
      vertex -0.0028088296257071897 0.0006666571344075216 0.0023568878538066454
    endloop
  endfacet
  facet normal 0.0 0.0 0.0
    outer loop
      vertex -0.002560201009374182 0.0006666571310529839 0.002624845064347417
      vertex -0.0028088296257071897 0.0006666571344075216 0.0023568878538066454
      vertex -0.0023274567969523495 0.000333344139631511 0.0023862228757793014
    endloop
  endfacet
  facet normal 0.0 0.0 0.0
    outer loop
      vertex -0.0018084882147990293 0.00033334413262950234 0.0028000862962657518
      vertex -0.002078299845048053 0.0003333441362698448 0.0026061048871928757
      vertex -0.0017512315206881554 6.259976106950462e-10 0.002435813940232427
    endloop
  endfacet
  facet normal 0.0 0.0 0.0
    outer loop
      vertex -0.0018084882147990293 0.00033334413262950234 0.0028000862962657518
      vertex -0.0017512315206881554 6.259976106950462e-10 0.002435813940232427
      vertex -0.001627639143979171 6.243300822100449e-10 0.002520077741807134
    endloop
  endfacet
  facet normal 0.0 0.0 0.0
    outer loop
      vertex -0.0018084882147990293 0.00033334413262950234 0.0028000862962657518
      vertex -0.001627639143979171 6.243300822100449e-10 0.002520077741807134
      vertex -0.0014999993734713586 6.226079456284177e-10 0.0025980761415416312
    endloop
  endfacet
  facet normal 0.0 0.0 0.0
    outer loop
      vertex -0.0022861283622794557 0.000666657127355151 0.0028667154676372117
      vertex -0.0023349755562682584 0.0010000006338735804 0.0032477519876414848
      vertex -0.002493958786859079 0.001000000636018608 0.003127326048081548
    endloop
  endfacet
  facet normal 0.0 0.0 0.0
    outer loop
      vertex -0.0022861283622794557 0.000666657127355151 0.0028667154676372117
      vertex -0.002493958786859079 0.001000000636018608 0.003127326048081548
      vertex -0.0026467431343932587 0.0010000006380799992 0.002999124801819951
    endloop
  endfacet
  facet normal 0.0 0.0 0.0
    outer loop
      vertex -0.0022861283622794557 0.000666657127355151 0.0028667154676372117
      vertex -0.0026467431343932587 0.0010000006380799992 0.002999124801819951
      vertex -0.002560201009374182 0.0006666571310529839 0.002624845064347417
    endloop
  endfacet
  facet normal 0.0 0.0 0.0
    outer loop
      vertex -0.0022861283622794557 0.000666657127355151 0.0028667154676372117
      vertex -0.002560201009374182 0.0006666571310529839 0.002624845064347417
      vertex -0.002078299845048053 0.0003333441362698448 0.0026061048871928757
    endloop
  endfacet
  facet normal 0.0 0.0 0.0
    outer loop
      vertex -0.001520701731034381 0.0003333441287466402 0.002966239250367315
      vertex -0.0018084882147990293 0.00033334413262950234 0.0028000862962657518
      vertex -0.0014999993734713586 6.226079456284177e-10 0.0025980761415416312
    endloop
  endfacet
  facet normal 0.0 0.0 0.0
    outer loop
      vertex -0.001520701731034381 0.0003333441287466402 0.002966239250367315
      vertex -0.0014999993734713586 6.226079456284177e-10 0.0025980761415416312
      vertex -0.0013686326437350304 6.208355243055996e-10 0.0026696155435496876
    endloop
  endfacet
  facet normal 0.0 0.0 0.0
    outer loop
      vertex -0.001520701731034381 0.0003333441287466402 0.002966239250367315
      vertex -0.0013686326437350304 6.208355243055996e-10 0.0026696155435496876
      vertex -0.0012338612966891322 6.19017167331284e-10 0.002734517610734136
    endloop
  endfacet
  facet normal 0.0 0.0 0.0
    outer loop
      vertex -0.001989335378270666 0.0006666571233507717 0.0030800950891429497
      vertex -0.001999999359979196 0.0010000006293540268 0.00346410158938709
      vertex -0.0021701844490905242 0.001000000631650192 0.0033601036436015676
    endloop
  endfacet
  facet normal 0.0 0.0 0.0
    outer loop
      vertex -0.001989335378270666 0.0006666571233507717 0.0030800950891429497
      vertex -0.0021701844490905242 0.001000000631650192 0.0033601036436015676
      vertex -0.0023349755562682584 0.0010000006338735804 0.0032477519876414848
    endloop
  endfacet
  facet normal 0.0 0.0 0.0
    outer loop
      vertex -0.001989335378270666 0.0006666571233507717 0.0030800950891429497
      vertex -0.002078299845048053 0.0003333441362698448 0.0026061048871928757
      vertex -0.0018084882147990293 0.00033334413262950234 0.0028000862962657518
    endloop
  endfacet
  facet normal 0.0 0.0 0.0
    outer loop
      vertex -0.001989335378270666 0.0006666571233507717 0.0030800950891429497
      vertex -0.0023349755562682584 0.0010000006338735804 0.0032477519876414848
      vertex -0.0022861283622794557 0.000666657127355151 0.0028667154676372117
    endloop
  endfacet
  facet normal 0.0 0.0 0.0
    outer loop
      vertex -0.001989335378270666 0.0006666571233507717 0.0030800950891429497
      vertex -0.0022861283622794557 0.000666657127355151 0.0028667154676372117
      vertex -0.002078299845048053 0.0003333441362698448 0.0026061048871928757
    endloop
  endfacet
  facet normal 0.0 0.0 0.0
    outer loop
      vertex -0.001217803324051959 0.00033334412465988556 0.003102912462418707
      vertex -0.001520701731034381 0.0003333441287466402 0.002966239250367315
      vertex -0.0012338612966891322 6.19017167331284e-10 0.002734517610734136
    endloop
  endfacet
  facet normal 0.0 0.0 0.0
    outer loop
      vertex -0.001217803324051959 0.00033334412465988556 0.003102912462418707
      vertex -0.0012338612966891322 6.19017167331284e-10 0.002734517610734136
      vertex -0.0010960229330416714 6.17157429669233e-10 0.0027926211721355032
    endloop
  endfacet
  facet normal 0.0 0.0 0.0
    outer loop
      vertex -0.001217803324051959 0.00033334412465988556 0.003102912462418707
      vertex -0.0010960229330416714 6.17157429669233e-10 0.0027926211721355032
      vertex -0.0009554599218722377 6.152609306188549e-10 0.002843781984513433
    endloop
  endfacet
  facet normal 0.0 0.0 0.0
    outer loop
      vertex -0.0016727727256827755 0.0006666571190796568 0.003262863195603521
      vertex -0.0016451485909362274 0.0010000006245663225 0.0036460233098918513
      vertex -0.0018248418129821259 0.0010000006269907727 0.0035594871408397267
    endloop
  endfacet
  facet normal 0.0 0.0 0.0
    outer loop
      vertex -0.0016727727256827755 0.0006666571190796568 0.003262863195603521
      vertex -0.0018248418129821259 0.0010000006269907727 0.0035594871408397267
      vertex -0.001999999359979196 0.0010000006293540268 0.00346410158938709
    endloop
  endfacet
  facet normal 0.0 0.0 0.0
    outer loop
      vertex -0.0016727727256827755 0.0006666571190796568 0.003262863195603521
      vertex -0.001999999359979196 0.0010000006293540268 0.00346410158938709
      vertex -0.001989335378270666 0.0006666571233507717 0.0030800950891429497
    endloop
  endfacet
  facet normal 0.0 0.0 0.0
    outer loop
      vertex -0.0016727727256827755 0.0006666571190796568 0.003262863195603521
      vertex -0.001989335378270666 0.0006666571233507717 0.0030800950891429497
      vertex -0.0018084882147990293 0.00033334413262950234 0.0028000862962657518
    endloop
  endfacet
  facet normal 0.0 0.0 0.0
    outer loop
      vertex -0.0016727727256827755 0.0006666571190796568 0.003262863195603521
      vertex -0.001520701731034381 0.0003333441287466402 0.002966239250367315
      vertex -0.001217803324051959 0.00033334412465988556 0.003102912462418707
    endloop
  endfacet
  facet normal 0.0 0.0 0.0
    outer loop
      vertex -0.0016727727256827755 0.0006666571190796568 0.003262863195603521
      vertex -0.0018084882147990293 0.00033334413262950234 0.0028000862962657518
      vertex -0.001520701731034381 0.0003333441287466402 0.002966239250367315
    endloop
  endfacet
  facet normal 0.0 0.0 0.0
    outer loop
      vertex -0.0009028018363200254 0.00033334412040983413 0.003208747423356207
      vertex -0.0009554599218722377 6.152609306188549e-10 0.002843781984513433
      vertex -0.0008125213079806362 6.133323795494627e-10 0.0028878727323466847
    endloop
  endfacet
  facet normal 0.0 0.0 0.0
    outer loop
      vertex -0.0009028018363200254 0.00033334412040983413 0.003208747423356207
      vertex -0.0008125213079806362 6.133323795494627e-10 0.0028878727323466847
      vertex -0.0006675628118868862 6.113765759002746e-10 0.0029247837430888724
    endloop
  endfacet
  facet normal 0.0 0.0 0.0
    outer loop
      vertex -0.0009028018363200254 0.00033334412040983413 0.003208747423356207
      vertex -0.001217803324051959 0.00033334412465988556 0.003102912462418707
      vertex -0.0009554599218722377 6.152609306188549e-10 0.002843781984513433
    endloop
  endfacet
  facet normal 0.0 0.0 0.0
    outer loop
      vertex -0.0013395837150626585 0.0006666571145842164 0.00341320375270191
      vertex -0.001273946122064157 0.0010000006195579982 0.003791709459489019
      vertex -0.0014613641060729462 0.0010000006220866721 0.003723495042985113
    endloop
  endfacet
  facet normal 0.0 0.0 0.0
    outer loop
      vertex -0.0013395837150626585 0.0006666571145842164 0.00341320375270191
      vertex -0.0014613641060729462 0.0010000006220866721 0.003723495042985113
      vertex -0.0016451485909362274 0.0010000006245663225 0.0036460233098918513
    endloop
  endfacet
  facet normal 0.0 0.0 0.0
    outer loop
      vertex -0.0013395837150626585 0.0006666571145842164 0.00341320375270191
      vertex -0.0016451485909362274 0.0010000006245663225 0.0036460233098918513
      vertex -0.0016727727256827755 0.0006666571190796568 0.003262863195603521
    endloop
  endfacet
  facet normal 0.0 0.0 0.0
    outer loop
      vertex -0.0013395837150626585 0.0006666571145842164 0.00341320375270191
      vertex -0.0016727727256827755 0.0006666571190796568 0.003262863195603521
      vertex -0.001217803324051959 0.00033334412465988556 0.003102912462418707
    endloop
  endfacet
  facet normal 0.0 0.0 0.0
    outer loop
      vertex -0.0005788272269450255 0.0003333441160387159 0.003282692468827398
      vertex -0.0006675628118868862 6.113765759002746e-10 0.0029247837430888724
      vertex -0.0005209449224825893 6.09398383446155e-10 0.002954423225587041
    endloop
  endfacet
  facet normal 0.0 0.0 0.0
    outer loop
      vertex -0.0005788272269450255 0.0003333441160387159 0.003282692468827398
      vertex -0.0005209449224825893 6.09398383446155e-10 0.002954423225587041
      vertex -0.00037303098968229635 6.074027045633562e-10 0.002976717508500249
    endloop
  endfacet
  facet normal 0.0 0.0 0.0
    outer loop
      vertex -0.0005788272269450255 0.0003333441160387159 0.003282692468827398
      vertex -0.0009028018363200254 0.00033334412040983413 0.003208747423356207
      vertex -0.0006675628118868862 6.113765759002746e-10 0.0029247837430888724
    endloop
  endfacet
  facet normal 0.0 0.0 0.0
    outer loop
      vertex -0.00099308141098551 0.0006666571099091509 0.0035296223527843075
      vertex -0.0010833619393248992 0.0010000006169866053 0.003850497043793829
      vertex -0.001273946122064157 0.0010000006195579982 0.003791709459489019
    endloop
  endfacet
  facet normal 0.0 0.0 0.0
    outer loop
      vertex -0.00099308141098551 0.0006666571099091509 0.0035296223527843075
      vertex -0.001217803324051959 0.00033334412465988556 0.003102912462418707
      vertex -0.0009028018363200254 0.00033334412040983413 0.003208747423356207
    endloop
  endfacet
  facet normal 0.0 0.0 0.0
    outer loop
      vertex -0.00099308141098551 0.0006666571099091509 0.0035296223527843075
      vertex -0.0013395837150626585 0.0006666571145842164 0.00341320375270191
      vertex -0.001217803324051959 0.00033334412465988556 0.003102912462418707
    endloop
  endfacet
  facet normal 0.0 0.0 0.0
    outer loop
      vertex -0.00099308141098551 0.0006666571099091509 0.0035296223527843075
      vertex -0.001273946122064157 0.0010000006195579982 0.003791709459489019
      vertex -0.0013395837150626585 0.0006666571145842164 0.00341320375270191
    endloop
  endfacet
  facet normal 0.0 0.0 0.0
    outer loop
      vertex -0.00099308141098551 0.0006666571099091509 0.0035296223527843075
      vertex -0.0008900836266417937 0.001000000614378863 0.0038997116453105525
      vertex -0.0010833619393248992 0.0010000006169866053 0.003850497043793829
    endloop
  endfacet
  facet normal 0.0 0.0 0.0
    outer loop
      vertex -0.00024910005409346293 0.0003333441115899832 0.0033240125543529107
      vertex -0.0005788272269450255 0.0003333441160387159 0.003282692468827398
      vertex -0.00037303098968229635 6.074027045633562e-10 0.002976717508500249
    endloop
  endfacet
  facet normal 0.0 0.0 0.0
    outer loop
      vertex -0.00024910005409346293 0.0003333441115899832 0.0033240125543529107
      vertex -0.00037303098968229635 6.074027045633562e-10 0.002976717508500249
      vertex -0.00022419008544645648 6.053945188309059e-10 0.002991611278718145
    endloop
  endfacet
  facet normal 0.0 0.0 0.0
    outer loop
      vertex -0.00024910005409346293 0.0003333441115899832 0.0033240125543529107
      vertex -0.00022419008544645648 6.053945188309059e-10 0.002991611278718145
      vertex -7.479223540983537e-05 6.033788186949614e-10 0.002999067581360967
    endloop
  endfacet
  facet normal 0.0 0.0 0.0
    outer loop
      vertex -0.0006367095314078733 0.0006666571051009235 0.003610961712067755
      vertex -0.0008900836266417937 0.001000000614378863 0.0038997116453105525
      vertex -0.00099308141098551 0.0006666571099091509 0.0035296223527843075
    endloop
  endfacet
  facet normal 0.0 0.0 0.0
    outer loop
      vertex -0.0006367095314078733 0.0006666571051009235 0.003610961712067755
      vertex -0.0009028018363200254 0.00033334412040983413 0.003208747423356207
      vertex -0.0005788272269450255 0.0003333441160387159 0.003282692468827398
    endloop
  endfacet
  facet normal 0.0 0.0 0.0
    outer loop
      vertex -0.0006367095314078733 0.0006666571051009235 0.003610961712067755
      vertex -0.00099308141098551 0.0006666571099091509 0.0035296223527843075
      vertex -0.0009028018363200254 0.00033334412040983413 0.003208747423356207
    endloop
  endfacet
  facet normal 0.0 0.0 0.0
    outer loop
      vertex -0.0006367095314078733 0.0006666571051009235 0.003610961712067755
      vertex -0.0004973748482604461 0.001000000609080372 0.003968956745331915
      vertex -0.0006945927895446258 0.0010000006117412688 0.003939230955308111
    endloop
  endfacet
  facet normal 0.0 0.0 0.0
    outer loop
      vertex -0.0006367095314078733 0.0006666571051009235 0.003610961712067755
      vertex -0.0006945927895446258 0.0010000006117412688 0.003939230955308111
      vertex -0.0008900836266417937 0.001000000614378863 0.0038997116453105525
    endloop
  endfacet
  facet normal 0.0 0.0 0.0
    outer loop
      vertex 8.310190360917382e-05 0.00033334410710786025 0.0033322973615581113
      vertex -0.00024910005409346293 0.0003333441115899832 0.0033240125543529107
      vertex -7.479223540983537e-05 6.033788186949614e-10 0.002999067581360967
    endloop
  endfacet
  facet normal 0.0 0.0 0.0
    outer loop
      vertex 8.310190360917382e-05 0.00033334410710786025 0.0033322973615581113
      vertex -7.479223540983537e-05 6.033788186949614e-10 0.002999067581360967
      vertex 7.479253479280135e-05 6.013605966016799e-10 0.002999067581360967
    endloop
  endfacet
  facet normal 0.0 0.0 0.0
    outer loop
      vertex 8.310190360917382e-05 0.00033334410710786025 0.0033322973615581113
      vertex 7.479253479280135e-05 6.013605966016799e-10 0.002999067581360967
      vertex 0.00022419038482942243 5.993448964657354e-10 0.002991611278718145
    endloop
  endfacet
  facet normal 0.0 0.0 0.0
    outer loop
      vertex -0.0002740100227408811 0.0006666571002073226 0.0036564138299876765
      vertex -0.0005788272269450255 0.0003333441160387159 0.003282692468827398
      vertex -0.00024910005409346293 0.0003333441115899832 0.0033240125543529107
    endloop
  endfacet
  facet normal 0.0 0.0 0.0
    outer loop
      vertex -0.0002740100227408811 0.0006666571002073226 0.0036564138299876765
      vertex -0.0004973748482604461 0.001000000609080372 0.003968956745331915
      vertex -0.0006367095314078733 0.0006666571051009235 0.003610961712067755
    endloop
  endfacet
  facet normal 0.0 0.0 0.0
    outer loop
      vertex -0.0002740100227408811 0.0006666571002073226 0.0036564138299876765
      vertex -0.0006367095314078733 0.0006666571051009235 0.003610961712067755
      vertex -0.0005788272269450255 0.0003333441160387159 0.003282692468827398
    endloop
  endfacet
  facet normal 0.0 0.0 0.0
    outer loop
      vertex -0.0002740100227408811 0.0006666571002073226 0.0036564138299876765
      vertex -9.972317589716487e-05 0.001000000603715191 0.003998756683533819
      vertex -0.00029891999138788756 0.001000000606402787 0.003988815105622442
    endloop
  endfacet
  facet normal 0.0 0.0 0.0
    outer loop
      vertex -0.0002740100227408811 0.0006666571002073226 0.0036564138299876765
      vertex -0.00029891999138788756 0.001000000606402787 0.003988815105622442
      vertex -0.0004973748482604461 0.001000000609080372 0.003968956745331915
    endloop
  endfacet
  facet normal 0.0 0.0 0.0
    outer loop
      vertex 0.0004144789330281191 0.0003333441026368674 0.0033074639207774713
      vertex 8.310190360917382e-05 0.00033334410710786025 0.0033322973615581113
      vertex 0.00022419038482942243 5.993448964657354e-10 0.002991611278718145
    endloop
  endfacet
  facet normal 0.0 0.0 0.0
    outer loop
      vertex 0.0004144789330281191 0.0003333441026368674 0.0033074639207774713
      vertex 0.00022419038482942243 5.993448964657354e-10 0.002991611278718145
      vertex 0.00037303128906526225 5.973367107332851e-10 0.002976717508500249
    endloop
  endfacet
  facet normal 0.0 0.0 0.0
    outer loop
      vertex 0.0004144789330281191 0.0003333441026368674 0.0033074639207774713
      vertex 0.00037303128906526225 5.973367107332851e-10 0.002976717508500249
      vertex 0.0005209442681912388 5.953410447176156e-10 0.002954423225587041
    endloop
  endfacet
  facet normal 0.0 0.0 0.0
    outer loop
      vertex 9.141222609945094e-05 0.000666657095276986 0.0036655269033366755
      vertex -0.0002740100227408811 0.0006666571002073226 0.0036564138299876765
      vertex -0.00024910005409346293 0.0003333441115899832 0.0033240125543529107
    endloop
  endfacet
  facet normal 0.0 0.0 0.0
    outer loop
      vertex 9.141222609945094e-05 0.000666657095276986 0.0036655269033366755
      vertex -0.00024910005409346293 0.0003333441115899832 0.0033240125543529107
      vertex 8.310190360917382e-05 0.00033334410710786025 0.0033322973615581113
    endloop
  endfacet
  facet normal 0.0 0.0 0.0
    outer loop
      vertex 9.141222609945094e-05 0.000666657095276986 0.0036655269033366755
      vertex -9.972317589716487e-05 0.001000000603715191 0.003998756683533819
      vertex -0.0002740100227408811 0.0006666571002073226 0.0036564138299876765
    endloop
  endfacet
  facet normal 0.0 0.0 0.0
    outer loop
      vertex 9.141222609945094e-05 0.000666657095276986 0.0036655269033366755
      vertex 0.0002989203177551789 0.001000000598336628 0.003988815105622442
      vertex 9.972254859013982e-05 0.001000000601024237 0.003998756683533819
    endloop
  endfacet
  facet normal 0.0 0.0 0.0
    outer loop
      vertex 9.141222609945094e-05 0.000666657095276986 0.0036655269033366755
      vertex 9.972254859013982e-05 0.001000000601024237 0.003998756683533819
      vertex -9.972317589716487e-05 0.001000000603715191 0.003998756683533819
    endloop
  endfacet
  facet normal 0.0 0.0 0.0
    outer loop
      vertex 0.0007417360894001894 0.0003333440982214605 0.0032497597104960995
      vertex 0.0004144789330281191 0.0003333441026368674 0.0033074639207774713
      vertex 0.0005209442681912388 5.953410447176156e-10 0.002954423225587041
    endloop
  endfacet
  facet normal 0.0 0.0 0.0
    outer loop
      vertex 0.0007417360894001894 0.0003333440982214605 0.0032497597104960995
      vertex 0.0005209442681912388 5.953410447176156e-10 0.002954423225587041
      vertex 0.0006675631112698521 5.933628393963667e-10 0.0029247837430888724
    endloop
  endfacet
  facet normal 0.0 0.0 0.0
    outer loop
      vertex 0.0007417360894001894 0.0003333440982214605 0.0032497597104960995
      vertex 0.0006675631112698521 5.933628393963667e-10 0.0029247837430888724
      vertex 0.0008125216073636021 5.914070357471787e-10 0.0028878727323466847
    endloop
  endfacet
  facet normal 0.0 0.0 0.0
    outer loop
      vertex 0.0004559265769905642 0.0006666570903588989 0.003638210333054693
      vertex 9.141222609945094e-05 0.000666657095276986 0.0036655269033366755
      vertex 8.310190360917382e-05 0.00033334410710786025 0.0033322973615581113
    endloop
  endfacet
  facet normal 0.0 0.0 0.0
    outer loop
      vertex 0.0004559265769905642 0.0006666570903588989 0.003638210333054693
      vertex 8.310190360917382e-05 0.00033334410710786025 0.0033322973615581113
      vertex 0.0004144789330281191 0.0003333441026368674 0.0033074639207774713
    endloop
  endfacet
  facet normal 0.0 0.0 0.0
    outer loop
      vertex 0.0004559265769905642 0.0006666570903588989 0.003638210333054693
      vertex 0.0002989203177551789 0.001000000598336628 0.003988815105622442
      vertex 9.141222609945094e-05 0.000666657095276986 0.0036655269033366755
    endloop
  endfacet
  facet normal 0.0 0.0 0.0
    outer loop
      vertex 0.0004559265769905642 0.0006666570903588989 0.003638210333054693
      vertex 0.0004144789330281191 0.0003333441026368674 0.0033074639207774713
      vertex 0.0007417360894001894 0.0003333440982214605 0.0032497597104960995
    endloop
  endfacet
  facet normal 0.0 0.0 0.0
    outer loop
      vertex 0.0004559265769905642 0.0006666570903588989 0.003638210333054693
      vertex 0.0006945931159119172 0.001000000592998146 0.003939230955308111
      vertex 0.0004973751746277375 0.0010000005956590427 0.003968956745331915
    endloop
  endfacet
  facet normal 0.0 0.0 0.0
    outer loop
      vertex 0.0004559265769905642 0.0006666570903588989 0.003638210333054693
      vertex 0.0004973751746277375 0.0010000005956590427 0.003968956745331915
      vertex 0.0002989203177551789 0.001000000598336628 0.003988815105622442
    endloop
  endfacet
  facet normal 0.0 0.0 0.0
    outer loop
      vertex 0.0010616222969807559 0.00033334409390550367 0.003159757888978155
      vertex 0.0008125216073636021 5.914070357471787e-10 0.0028878727323466847
      vertex 0.0009554602212552037 5.894784846777865e-10 0.002843781984513433
    endloop
  endfacet
  facet normal 0.0 0.0 0.0
    outer loop
      vertex 0.0010616222969807559 0.00033334409390550367 0.003159757888978155
      vertex 0.0009554602212552037 5.894784846777865e-10 0.002843781984513433
      vertex 0.0010960232324246373 5.875819856274083e-10 0.0027926211721355032
    endloop
  endfacet
  facet normal 0.0 0.0 0.0
    outer loop
      vertex 0.0010616222969807559 0.00033334409390550367 0.003159757888978155
      vertex 0.0007417360894001894 0.0003333440982214605 0.0032497597104960995
      vertex 0.0008125216073636021 5.914070357471787e-10 0.0028878727323466847
    endloop
  endfacet
  facet normal 0.0 0.0 0.0
    outer loop
      vertex 0.0008159100212044314 0.0006666570855019437 0.003574735677903326
      vertex 0.0006945931159119172 0.001000000592998146 0.003939230955308111
      vertex 0.0004559265769905642 0.0006666570903588989 0.003638210333054693
    endloop
  endfacet
  facet normal 0.0 0.0 0.0
    outer loop
      vertex 0.0008159100212044314 0.0006666570855019437 0.003574735677903326
      vertex 0.0004559265769905642 0.0006666570903588989 0.003638210333054693
      vertex 0.0007417360894001894 0.0003333440982214605 0.0032497597104960995
    endloop
  endfacet
  facet normal 0.0 0.0 0.0
    outer loop
      vertex 0.0008159100212044314 0.0006666570855019437 0.003574735677903326
      vertex 0.0010833622656921907 0.0010000005877528093 0.003850497043793829
      vertex 0.0008900839530090851 0.001000000590360552 0.0038997116453105525
    endloop
  endfacet
  facet normal 0.0 0.0 0.0
    outer loop
      vertex 0.0008159100212044314 0.0006666570855019437 0.003574735677903326
      vertex 0.0008900839530090851 0.001000000590360552 0.0038997116453105525
      vertex 0.0006945931159119172 0.001000000592998146 0.003939230955308111
    endloop
  endfacet
  facet normal 0.0 0.0 0.0
    outer loop
      vertex 0.0013709570519246034 0.00033334408973190876 0.0030383527643138486
      vertex 0.0010616222969807559 0.00033334409390550367 0.003159757888978155
      vertex 0.0010960232324246373 5.875819856274083e-10 0.0027926211721355032
    endloop
  endfacet
  facet normal 0.0 0.0 0.0
    outer loop
      vertex 0.0013709570519246034 0.00033334408973190876 0.0030383527643138486
      vertex 0.0010960232324246373 5.875819856274083e-10 0.0027926211721355032
      vertex 0.0012338615960720983 5.857222479653573e-10 0.002734517610734136
    endloop
  endfacet
  facet normal 0.0 0.0 0.0
    outer loop
      vertex 0.0013709570519246034 0.00033334408973190876 0.0030383527643138486
      vertex 0.0012338615960720983 5.857222479653573e-10 0.002734517610734136
      vertex 0.0013686319894436806 5.83903903858171e-10 0.0026696155435496876
    endloop
  endfacet
  facet normal 0.0 0.0 0.0
    outer loop
      vertex 0.0011677843727058964 0.0006666570807543977 0.0034757335550242977
      vertex 0.0010833622656921907 0.0010000005877528093 0.003850497043793829
      vertex 0.0008159100212044314 0.0006666570855019437 0.003574735677903326
    endloop
  endfacet
  facet normal 0.0 0.0 0.0
    outer loop
      vertex 0.0011677843727058964 0.0006666570807543977 0.0034757335550242977
      vertex 0.0007417360894001894 0.0003333440982214605 0.0032497597104960995
      vertex 0.0010616222969807559 0.00033334409390550367 0.003159757888978155
    endloop
  endfacet
  facet normal 0.0 0.0 0.0
    outer loop
      vertex 0.0011677843727058964 0.0006666570807543977 0.0034757335550242977
      vertex 0.0008159100212044314 0.0006666570855019437 0.003574735677903326
      vertex 0.0007417360894001894 0.0003333440982214605 0.0032497597104960995
    endloop
  endfacet
  facet normal 0.0 0.0 0.0
    outer loop
      vertex 0.0011677843727058964 0.0006666570807543977 0.0034757335550242977
      vertex 0.0014613644324402374 0.0010000005826527425 0.003723495042985113
      vertex 0.0012739464484314484 0.0010000005851814166 0.003791709459489019
    endloop
  endfacet
  facet normal 0.0 0.0 0.0
    outer loop
      vertex 0.0011677843727058964 0.0006666570807543977 0.0034757335550242977
      vertex 0.0012739464484314484 0.0010000005851814166 0.003791709459489019
      vertex 0.0010833622656921907 0.0010000005877528093 0.003850497043793829
    endloop
  endfacet
  facet normal 0.0 0.0 0.0
    outer loop
      vertex 0.001666666661909955 0.0003333440857421465 0.00288675144976917
      vertex 0.0013709570519246034 0.00033334408973190876 0.0030383527643138486
      vertex 0.0013686319894436806 5.83903903858171e-10 0.0026696155435496876
    endloop
  endfacet
  facet normal 0.0 0.0 0.0
    outer loop
      vertex 0.001666666661909955 0.0003333440857421465 0.00288675144976917
      vertex 0.0013686319894436806 5.83903903858171e-10 0.0026696155435496876
      vertex 0.001499999672854325 5.821314696682236e-10 0.0025980761415416312
    endloop
  endfacet
  facet normal 0.0 0.0 0.0
    outer loop
      vertex 0.001666666661909955 0.0003333440857421465 0.00288675144976917
      vertex 0.001499999672854325 5.821314696682236e-10 0.0025980761415416312
      vertex 0.0016276384896878212 5.804093459537256e-10 0.002520077741807134
    endloop
  endfacet
  facet normal 0.0 0.0 0.0
    outer loop
      vertex 0.0015080525077766972 0.0006666570761634444 0.0033421881563121393
      vertex 0.0010616222969807559 0.00033334409390550367 0.003159757888978155
      vertex 0.0013709570519246034 0.00033334408973190876 0.0030383527643138486
    endloop
  endfacet
  facet normal 0.0 0.0 0.0
    outer loop
      vertex 0.0015080525077766972 0.0006666570761634444 0.0033421881563121393
      vertex 0.0011677843727058964 0.0006666570807543977 0.0034757335550242977
      vertex 0.0010616222969807559 0.00033334409390550367 0.003159757888978155
    endloop
  endfacet
  facet normal 0.0 0.0 0.0
    outer loop
      vertex 0.0015080525077766972 0.0006666570761634444 0.0033421881563121393
      vertex 0.0014613644324402374 0.0010000005826527425 0.003723495042985113
      vertex 0.0011677843727058964 0.0006666570807543977 0.0034757335550242977
    endloop
  endfacet
  facet normal 0.0 0.0 0.0
    outer loop
      vertex 0.0015080525077766972 0.0006666570761634444 0.0033421881563121393
      vertex 0.0018248430930237335 0.0010000005777486293 0.0035594871408397275
      vertex 0.0016451479636292023 0.0010000005801731053 0.0036460233098918513
    endloop
  endfacet
  facet normal 0.0 0.0 0.0
    outer loop
      vertex 0.0015080525077766972 0.0006666570761634444 0.0033421881563121393
      vertex 0.0016451479636292023 0.0010000005801731053 0.0036460233098918513
      vertex 0.0014613644324402374 0.0010000005826527425 0.003723495042985113
    endloop
  endfacet
  facet normal 0.0 0.0 0.0
    outer loop
      vertex 0.0019458119026936466 0.0003333440819758735 0.0027064600355083063
      vertex 0.001666666661909955 0.0003333440857421465 0.00288675144976917
      vertex 0.0016276384896878212 5.804093459537256e-10 0.002520077741807134
    endloop
  endfacet
  facet normal 0.0 0.0 0.0
    outer loop
      vertex 0.0019458119026936466 0.0003333440819758735 0.0027064600355083063
      vertex 0.0016276384896878212 5.804093459537256e-10 0.002520077741807134
      vertex 0.0017512308663968055 5.787418174687245e-10 0.002435813940232427
    endloop
  endfacet
  facet normal 0.0 0.0 0.0
    outer loop
      vertex 0.0019458119026936466 0.0003333440819758735 0.0027064600355083063
      vertex 0.0017512308663968055 5.787418174687245e-10 0.002435813940232427
      vertex 0.0018704697198513953 5.771330274288452e-10 0.00234549454516712
    endloop
  endfacet
  facet normal 0.0 0.0 0.0
    outer loop
      vertex 0.0018333336509651736 0.0006666570717746984 0.0031754265195781312
      vertex 0.001666666661909955 0.0003333440857421465 0.00288675144976917
      vertex 0.0019458119026936466 0.0003333440819758735 0.0027064600355083063
    endloop
  endfacet
  facet normal 0.0 0.0 0.0
    outer loop
      vertex 0.0018333336509651736 0.0006666570717746984 0.0031754265195781312
      vertex 0.0018248430930237335 0.0010000005777486293 0.0035594871408397275
      vertex 0.0015080525077766972 0.0006666570761634444 0.0033421881563121393
    endloop
  endfacet
  facet normal 0.0 0.0 0.0
    outer loop
      vertex 0.0018333336509651736 0.0006666570717746984 0.0031754265195781312
      vertex 0.0021701847754578155 0.001000000573089223 0.0033601036436015684
      vertex 0.0019999996863464876 0.001000000575385388 0.003464101589387091
    endloop
  endfacet
  facet normal 0.0 0.0 0.0
    outer loop
      vertex 0.0018333336509651736 0.0006666570717746984 0.0031754265195781312
      vertex 0.0019999996863464876 0.001000000575385388 0.003464101589387091
      vertex 0.0018248430930237335 0.0010000005777486293 0.0035594871408397275
    endloop
  endfacet
  facet normal 0.0 0.0 0.0
    outer loop
      vertex 0.0018333336509651736 0.0006666570717746984 0.0031754265195781312
      vertex 0.0013709570519246034 0.00033334408973190876 0.0030383527643138486
      vertex 0.001666666661909955 0.0003333440857421465 0.00288675144976917
    endloop
  endfacet
  facet normal 0.0 0.0 0.0
    outer loop
      vertex 0.0018333336509651736 0.0006666570717746984 0.0031754265195781312
      vertex 0.0015080525077766972 0.0006666570761634444 0.0033421881563121393
      vertex 0.0013709570519246034 0.00033334408973190876 0.0030383527643138486
    endloop
  endfacet
  facet normal 0.0 0.0 0.0
    outer loop
      vertex 0.002205619489363568 0.0003333440784705071 0.002499270713990362
      vertex 0.0018704697198513953 5.771330274288452e-10 0.00234549454516712
      vertex 0.0019850575036648717 5.755869903784207e-10 0.002249343670075567
    endloop
  endfacet
  facet normal 0.0 0.0 0.0
    outer loop
      vertex 0.002205619489363568 0.0003333440784705071 0.002499270713990362
      vertex 0.0019850575036648717 5.755869903784207e-10 0.002249343670075567
      vertex 0.0020947100228909457 5.741075407219733e-10 0.002147600448792608
    endloop
  endfacet
  facet normal 0.0 0.0 0.0
    outer loop
      vertex 0.002205619489363568 0.0003333440784705071 0.002499270713990362
      vertex 0.0019458119026936466 0.0003333440819758735 0.0027064600355083063
      vertex 0.0018704697198513953 5.771330274288452e-10 0.00234549454516712
    endloop
  endfacet
  facet normal 0.0 0.0 0.0
    outer loop
      vertex 0.002140393892664392 0.0006666570676317915 0.0029771061307841853
      vertex 0.0019458119026936466 0.0003333440819758735 0.0027064600355083063
      vertex 0.002205619489363568 0.0003333440784705071 0.002499270713990362
    endloop
  endfacet
  facet normal 0.0 0.0 0.0
    outer loop
      vertex 0.002140393892664392 0.0006666570676317915 0.0029771061307841853
      vertex 0.0021701847754578155 0.001000000573089223 0.0033601036436015684
      vertex 0.0018333336509651736 0.0006666570717746984 0.0031754265195781312
    endloop
  endfacet
  facet normal 0.0 0.0 0.0
    outer loop
      vertex 0.002140393892664392 0.0006666570676317915 0.0029771061307841853
      vertex 0.00249395911322637 0.0010000005687208068 0.003127326048081549
      vertex 0.0023349749289612335 0.0010000005708658475 0.0032477519876414856
    endloop
  endfacet
  facet normal 0.0 0.0 0.0
    outer loop
      vertex 0.002140393892664392 0.0006666570676317915 0.0029771061307841853
      vertex 0.0023349749289612335 0.0010000005708658475 0.0032477519876414856
      vertex 0.0021701847754578155 0.001000000573089223 0.0033601036436015684
    endloop
  endfacet
  facet normal 0.0 0.0 0.0
    outer loop
      vertex 0.002140393892664392 0.0006666570676317915 0.0029771061307841853
      vertex 0.0018333336509651736 0.0006666570717746984 0.0031754265195781312
      vertex 0.0019458119026936466 0.0003333440819758735 0.0027064600355083063
    endloop
  endfacet
  facet normal 0.0 0.0 0.0
    outer loop
      vertex 0.002443505918196576 0.00033334407526090467 0.0022672424680644588
      vertex 0.0020947100228909457 5.741075407219733e-10 0.002147600448792608
      vertex 0.0021991554803494416 5.726983455913454e-10 0.0020405183202678277
    endloop
  endfacet
  facet normal 0.0 0.0 0.0
    outer loop
      vertex 0.002443505918196576 0.00033334407526090467 0.0022672424680644588
      vertex 0.0021991554803494416 5.726983455913454e-10 0.0020405183202678277
      vertex 0.0022981335229519807 5.713629177128281e-10 0.0019283628827983451
    endloop
  endfacet
  facet normal 0.0 0.0 0.0
    outer loop
      vertex 0.002443505918196576 0.00033334407526090467 0.0022672424680644588
      vertex 0.002205619489363568 0.0003333440784705071 0.002499270713990362
      vertex 0.0020947100228909457 5.741075407219733e-10 0.002147600448792608
    endloop
  endfacet
  facet normal 0.0 0.0 0.0
    outer loop
      vertex 0.002426181475061853 0.0006666570637758988 0.002749197757905157
      vertex 0.00249395911322637 0.0010000005687208068 0.003127326048081549
      vertex 0.002140393892664392 0.0006666570676317915 0.0029771061307841853
    endloop
  endfacet
  facet normal 0.0 0.0 0.0
    outer loop
      vertex 0.002426181475061853 0.0006666570637758988 0.002749197757905157
      vertex 0.002205619489363568 0.0003333440784705071 0.002499270713990362
      vertex 0.002443505918196576 0.00033334407526090467 0.0022672424680644588
    endloop
  endfacet
  facet normal 0.0 0.0 0.0
    outer loop
      vertex 0.002426181475061853 0.0006666570637758988 0.002749197757905157
      vertex 0.002140393892664392 0.0006666570676317915 0.0029771061307841853
      vertex 0.002205619489363568 0.0003333440784705071 0.002499270713990362
    endloop
  endfacet
  facet normal 0.0 0.0 0.0
    outer loop
      vertex 0.002426181475061853 0.0006666570637758988 0.002749197757905157
      vertex 0.0027929474555115266 0.0010000005646868075 0.002863467491334112
      vertex 0.00264674346076055 0.0010000005666594156 0.0029991248018199517
    endloop
  endfacet
  facet normal 0.0 0.0 0.0
    outer loop
      vertex 0.002426181475061853 0.0006666570637758988 0.002749197757905157
      vertex 0.00264674346076055 0.0010000005666594156 0.0029991248018199517
      vertex 0.00249395911322637 0.0010000005687208068 0.003127326048081549
    endloop
  endfacet
  facet normal 0.0 0.0 0.0
    outer loop
      vertex 0.002657107984236615 0.0003333440723789508 0.0020126812822276667
      vertex 0.002443505918196576 0.00033334407526090467 0.0022672424680644588
      vertex 0.0022981335229519807 5.713629177128281e-10 0.0019283628827983451
    endloop
  endfacet
  facet normal 0.0 0.0 0.0
    outer loop
      vertex 0.002657107984236615 0.0003333440723789508 0.0020126812822276667
      vertex 0.0022981335229519807 5.713629177128281e-10 0.0019283628827983451
      vertex 0.0023913971490506143 5.701045896729024e-10 0.001811413205330999
    endloop
  endfacet
  facet normal 0.0 0.0 0.0
    outer loop
      vertex 0.002657107984236615 0.0003333440723789508 0.0020126812822276667
      vertex 0.0023913971490506143 5.701045896729024e-10 0.001811413205330999
      vertex 0.0024787165231350866 5.689264624497228e-10 0.0016899601585322929
    endloop
  endfacet
  facet normal 0.0 0.0 0.0
    outer loop
      vertex 0.002687857309717615 0.0006666570602453258 0.00249396661586109
      vertex 0.002426181475061853 0.0006666570637758988 0.002749197757905157
      vertex 0.002443505918196576 0.00033334407526090467 0.0022672424680644588
    endloop
  endfacet
  facet normal 0.0 0.0 0.0
    outer loop
      vertex 0.002687857309717615 0.0006666570602453258 0.00249396661586109
      vertex 0.0030641781531433624 0.0010000005610273186 0.002571150339310797
      vertex 0.0029322077475647493 0.001000000562807885 0.0027206910020762995
    endloop
  endfacet
  facet normal 0.0 0.0 0.0
    outer loop
      vertex 0.002687857309717615 0.0006666570602453258 0.00249396661586109
      vertex 0.0029322077475647493 0.001000000562807885 0.0027206910020762995
      vertex 0.0027929474555115266 0.0010000005646868075 0.002863467491334112
    endloop
  endfacet
  facet normal 0.0 0.0 0.0
    outer loop
      vertex 0.002687857309717615 0.0006666570602453258 0.00249396661586109
      vertex 0.0027929474555115266 0.0010000005646868075 0.002863467491334112
      vertex 0.002426181475061853 0.0006666570637758988 0.002749197757905157
    endloop
  endfacet
  facet normal 0.0 0.0 0.0
    outer loop
      vertex 0.0028443028084553655 0.0003333440698532877 0.0017381173736507015
      vertex 0.002657107984236615 0.0003333440723789508 0.0020126812822276667
      vertex 0.0024787165231350866 5.689264624497228e-10 0.0016899601585322929
    endloop
  endfacet
  facet normal 0.0 0.0 0.0
    outer loop
      vertex 0.0028443028084553655 0.0003333440698532877 0.0017381173736507015
      vertex 0.0024787165231350866 5.689264624497228e-10 0.0016899601585322929
      vertex 0.0025598723001126257 5.678314954830214e-10 0.0015643055803233696
    endloop
  endfacet
  facet normal 0.0 0.0 0.0
    outer loop
      vertex 0.0028443028084553655 0.0003333440698532877 0.0017381173736507015
      vertex 0.0025598723001126257 5.678314954830214e-10 0.0015643055803233696
      vertex 0.002634665162051102 5.668223780028159e-10 0.0014347619182521413
    endloop
  endfacet
  facet normal 0.0 0.0 0.0
    outer loop
      vertex 0.0029228188194222048 0.000666657057075187 0.002213949478333624
      vertex 0.002687857309717615 0.0006666570602453258 0.00249396661586109
      vertex 0.002443505918196576 0.00033334407526090467 0.0022672424680644588
    endloop
  endfacet
  facet normal 0.0 0.0 0.0
    outer loop
      vertex 0.0029228188194222048 0.000666657057075187 0.002213949478333624
      vertex 0.002443505918196576 0.00033334407526090467 0.0022672424680644588
      vertex 0.002657107984236615 0.0003333440723789508 0.0020126812822276667
    endloop
  endfacet
  facet normal 0.0 0.0 0.0
    outer loop
      vertex 0.0029228188194222048 0.000666657057075187 0.002213949478333624
      vertex 0.0030641781531433624 0.0010000005610273186 0.002571150339310797
      vertex 0.002687857309717615 0.0006666570602453258 0.00249396661586109
    endloop
  endfacet
  facet normal 0.0 0.0 0.0
    outer loop
      vertex 0.0029228188194222048 0.000666657057075187 0.002213949478333624
      vertex 0.0033049551688293976 0.0010000005577787158 0.002253280199235113
      vertex 0.0031885296546082065 0.001000000559349548 0.002415217674439581
    endloop
  endfacet
  facet normal 0.0 0.0 0.0
    outer loop
      vertex 0.0029228188194222048 0.000666657057075187 0.002213949478333624
      vertex 0.0031885296546082065 0.001000000559349548 0.002415217674439581
      vertex 0.0030641781531433624 0.0010000005610273186 0.002571150339310797
    endloop
  endfacet
  facet normal 0.0 0.0 0.0
    outer loop
      vertex 0.003003229772261518 0.00033334406770901923 0.0014462790853435113
      vertex 0.0028443028084553655 0.0003333440698532877 0.0017381173736507015
      vertex 0.002634665162051102 5.668223780028159e-10 0.0014347619182521413
    endloop
  endfacet
  facet normal 0.0 0.0 0.0
    outer loop
      vertex 0.003003229772261518 0.00033334406770901923 0.0014462790853435113
      vertex 0.002634665162051102 5.668223780028159e-10 0.0014347619182521413
      vertex 0.002702906281435868 5.659016577007021e-10 0.001301651275818975
    endloop
  endfacet
  facet normal 0.0 0.0 0.0
    outer loop
      vertex 0.003003229772261518 0.00033334406770901923 0.0014462790853435113
      vertex 0.002702906281435868 5.659016577007021e-10 0.001301651275818975
      vertex 0.0027644287652615514 5.650715863243023e-10 0.001165304339593084
    endloop
  endfacet
  facet normal 0.0 0.0 0.0
    outer loop
      vertex 0.003128733316797693 0.000666657054296955 0.0019119290477687433
      vertex 0.0029228188194222048 0.000666657057075187 0.002213949478333624
      vertex 0.002657107984236615 0.0003333440723789508 0.0020126812822276667
    endloop
  endfacet
  facet normal 0.0 0.0 0.0
    outer loop
      vertex 0.003128733316797693 0.000666657054296955 0.0019119290477687433
      vertex 0.0028443028084553655 0.0003333440698532877 0.0017381173736507015
      vertex 0.003003229772261518 0.00033334406770901923 0.0014462790853435113
    endloop
  endfacet
  facet normal 0.0 0.0 0.0
    outer loop
      vertex 0.003128733316797693 0.000666657054296955 0.0019119290477687433
      vertex 0.0033049551688293976 0.0010000005577787158 0.002253280199235113
      vertex 0.0029228188194222048 0.000666657057075187 0.002213949478333624
    endloop
  endfacet
  facet normal 0.0 0.0 0.0
    outer loop
      vertex 0.003128733316797693 0.000666657054296955 0.0019119290477687433
      vertex 0.002657107984236615 0.0003333440723789508 0.0020126812822276667
      vertex 0.0028443028084553655 0.0003333440698532877 0.0017381173736507015
    endloop
  endfacet
  facet normal 0.0 0.0 0.0
    outer loop
      vertex 0.003128733316797693 0.000666657054296955 0.0019119290477687433
      vertex 0.003512886687384085 0.00100000055497327 0.001913015878861578
      vertex 0.003413163825140433 0.0010000005563187472 0.0020857408410960747
    endloop
  endfacet
  facet normal 0.0 0.0 0.0
    outer loop
      vertex 0.003128733316797693 0.000666657054296955 0.0019119290477687433
      vertex 0.003413163825140433 0.0010000005563187472 0.0020857408410960747
      vertex 0.0033049551688293976 0.0010000005577787158 0.002253280199235113
    endloop
  endfacet
  facet normal 0.0 0.0 0.0
    outer loop
      vertex 0.0031323086373127875 0.00033334406596746615 0.0011400671369487358
      vertex 0.003003229772261518 0.00033334406770901923 0.0014462790853435113
      vertex 0.0027644287652615514 5.650715863243023e-10 0.001165304339593084
    endloop
  endfacet
  facet normal 0.0 0.0 0.0
    outer loop
      vertex 0.0031323086373127875 0.00033334406596746615 0.0011400671369487358
      vertex 0.0027644287652615514 5.650715863243023e-10 0.001165304339593084
      vertex 0.002819078118288895 5.643342483485584e-10 0.0010260603792125297
    endloop
  endfacet
  facet normal 0.0 0.0 0.0
    outer loop
      vertex 0.0031323086373127875 0.00033334406596746615 0.0011400671369487358
      vertex 0.002819078118288895 5.643342483485584e-10 0.0010260603792125297
      vertex 0.002866717965090653 5.636914837729561e-10 0.0008842655188495231
    endloop
  endfacet
  facet normal 0.0 0.0 0.0
    outer loop
      vertex 0.0033035523094124396 0.0006666570519382687 0.001590907014077337
      vertex 0.003128733316797693 0.000666657054296955 0.0019119290477687433
      vertex 0.003003229772261518 0.00033334406770901923 0.0014462790853435113
    endloop
  endfacet
  facet normal 0.0 0.0 0.0
    outer loop
      vertex 0.0033035523094124396 0.0006666570519382687 0.001590907014077337
      vertex 0.003003229772261518 0.00033334406770901923 0.0014462790853435113
      vertex 0.0031323086373127875 0.00033334406596746615 0.0011400671369487358
    endloop
  endfacet
  facet normal 0.0 0.0 0.0
    outer loop
      vertex 0.0033035523094124396 0.0006666570519382687 0.001590907014077337
      vertex 0.003512886687384085 0.00100000055497327 0.001913015878861578
      vertex 0.003128733316797693 0.000666657054296955 0.0019119290477687433
    endloop
  endfacet
  facet normal 0.0 0.0 0.0
    outer loop
      vertex 0.0033035523094124396 0.0006666570519382687 0.001590907014077337
      vertex 0.0036859051428894565 0.001000000552638877 0.0015537392265254574
      vertex 0.0036038758002380896 0.00100000055374563 0.001735534942811163
    endloop
  endfacet
  facet normal 0.0 0.0 0.0
    outer loop
      vertex 0.0033035523094124396 0.0006666570519382687 0.001590907014077337
      vertex 0.0036038758002380896 0.00100000055374563 0.001735534942811163
      vertex 0.003512886687384085 0.00100000055497327 0.001913015878861578
    endloop
  endfacet
  facet normal 0.0 0.0 0.0
    outer loop
      vertex 0.003230257665327924 0.00033334406464592193 0.0008225246436053826
      vertex 0.0031323086373127875 0.00033334406596746615 0.0011400671369487358
      vertex 0.002866717965090653 5.636914837729561e-10 0.0008842655188495231
    endloop
  endfacet
  facet normal 0.0 0.0 0.0
    outer loop
      vertex 0.003230257665327924 0.00033334406464592193 0.0008225246436053826
      vertex 0.002866717965090653 5.636914837729561e-10 0.0008842655188495231
      vertex 0.0029072319574002235 5.631448623872666e-10 0.0007402722007686208
    endloop
  endfacet
  facet normal 0.0 0.0 0.0
    outer loop
      vertex 0.003230257665327924 0.00033334406464592193 0.0008225246436053826
      vertex 0.0029072319574002235 5.631448623872666e-10 0.0007402722007686208
      vertex 0.0029405170983914345 5.626957738414511e-10 0.0005944384104663443
    endloop
  endfacet
  facet normal 0.0 0.0 0.0
    outer loop
      vertex 0.0034455391563362678 0.000666657050022559 0.0012540738946849419
      vertex 0.0031323086373127875 0.00033334406596746615 0.0011400671369487358
      vertex 0.003230257665327924 0.00033334406464592193 0.0008225246436053826
    endloop
  endfacet
  facet normal 0.0 0.0 0.0
    outer loop
      vertex 0.0034455391563362678 0.000666657050022559 0.0012540738946849419
      vertex 0.0036859051428894565 0.001000000552638877 0.0015537392265254574
      vertex 0.0033035523094124396 0.0006666570519382687 0.001590907014077337
    endloop
  endfacet
  facet normal 0.0 0.0 0.0
    outer loop
      vertex 0.0034455391563362678 0.000666657050022559 0.0012540738946849419
      vertex 0.0038222910605530307 0.0010000005507987356 0.0011790206796580866
      vertex 0.0037587706290344762 0.0010000005516557638 0.0013680805332118586
    endloop
  endfacet
  facet normal 0.0 0.0 0.0
    outer loop
      vertex 0.0034455391563362678 0.000666657050022559 0.0012540738946849419
      vertex 0.0037587706290344762 0.0010000005516557638 0.0013680805332118586
      vertex 0.0036859051428894565 0.001000000552638877 0.0015537392265254574
    endloop
  endfacet
  facet normal 0.0 0.0 0.0
    outer loop
      vertex 0.0034455391563362678 0.000666657050022559 0.0012540738946849419
      vertex 0.0033035523094124396 0.0006666570519382687 0.001590907014077337
      vertex 0.0031323086373127875 0.00033334406596746615 0.0011400671369487358
    endloop
  endfacet
  facet normal 0.0 0.0 0.0
    outer loop
      vertex 0.0032961031548298775 0.00033334406375752385 0.0004968075520450187
      vertex 0.0029405170983914345 5.626957738414511e-10 0.0005944384104663443
      vertex 0.0029664923257473916 5.623453118414975e-10 0.00044712681240382905
    endloop
  endfacet
  facet normal 0.0 0.0 0.0
    outer loop
      vertex 0.0032961031548298775 0.00033334406375752385 0.0004968075520450187
      vertex 0.0029664923257473916 5.623453118414975e-10 0.00044712681240382905
      vertex 0.002985092789614579 5.620943513521964e-10 0.00029870352811160793
    endloop
  endfacet
  facet normal 0.0 0.0 0.0
    outer loop
      vertex 0.0032961031548298775 0.00033334406375752385 0.0004968075520450187
      vertex 0.003230257665327924 0.00033334406464592193 0.0008225246436053826
      vertex 0.0029405170983914345 5.626957738414511e-10 0.0005944384104663443
    endloop
  endfacet
  facet normal 0.0 0.0 0.0
    outer loop
      vertex 0.0035532833732552127 0.0006666570485688565 0.000904777146046789
      vertex 0.0038222910605530307 0.0010000005507987356 0.0011790206796580866
      vertex 0.0034455391563362678 0.000666657050022559 0.0012540738946849419
    endloop
  endfacet
  facet normal 0.0 0.0 0.0
    outer loop
      vertex 0.0035532833732552127 0.0006666570485688565 0.000904777146046789
      vertex 0.003920690222845511 0.0010000005494711184 0.0007925845748836115
      vertex 0.0038763090811829138 0.0010000005500699159 0.0009870295888835504
    endloop
  endfacet
  facet normal 0.0 0.0 0.0
    outer loop
      vertex 0.0035532833732552127 0.0006666570485688565 0.000904777146046789
      vertex 0.0038763090811829138 0.0010000005500699159 0.0009870295888835504
      vertex 0.0038222910605530307 0.0010000005507987356 0.0011790206796580866
    endloop
  endfacet
  facet normal 0.0 0.0 0.0
    outer loop
      vertex 0.0035532833732552127 0.0006666570485688565 0.000904777146046789
      vertex 0.003230257665327924 0.00033334406464592193 0.0008225246436053826
      vertex 0.0032961031548298775 0.00033334406375752385 0.0004968075520450187
    endloop
  endfacet
  facet normal 0.0 0.0 0.0
    outer loop
      vertex 0.0035532833732552127 0.0006666570485688565 0.000904777146046789
      vertex 0.0034455391563362678 0.000666657050022559 0.0012540738946849419
      vertex 0.003230257665327924 0.00033334406464592193 0.0008225246436053826
    endloop
  endfacet
  facet normal 0.0 0.0 0.0
    outer loop
      vertex 0.003329189931563276 0.0003333440633111117 0.00016615294582191222
      vertex 0.0032961031548298775 0.00033334406375752385 0.0004968075520450187
      vertex 0.002985092789614579 5.620943513521964e-10 0.00029870352811160793
    endloop
  endfacet
  facet normal 0.0 0.0 0.0
    outer loop
      vertex 0.003329189931563276 0.0003333440633111117 0.00016615294582191222
      vertex 0.002985092789614579 5.620943513521964e-10 0.00029870352811160793
      vertex 0.0029962708062771766 5.619435357300113e-10 0.00014953765935245262
    endloop
  endfacet
  facet normal 0.0 0.0 0.0
    outer loop
      vertex 0.003329189931563276 0.0003333440633111117 0.00016615294582191222
      vertex 0.0029962708062771766 5.619435357300113e-10 0.00014953765935245262
      vertex 0.002999999672854325 5.618932252545618e-10 -8.290697717052754e-13
    endloop
  endfacet
  facet normal 0.0 0.0 0.0
    outer loop
      vertex 0.003625713030237635 0.0006666570475916236 0.0005464883214885308
      vertex 0.0035532833732552127 0.0006666570485688565 0.000904777146046789
      vertex 0.0032961031548298775 0.00033334406375752385 0.0004968075520450187
    endloop
  endfacet
  facet normal 0.0 0.0 0.0
    outer loop
      vertex 0.003625713030237635 0.0006666570475916236 0.0005464883214885308
      vertex 0.003920690222845511 0.0010000005494711184 0.0007925845748836115
      vertex 0.0035532833732552127 0.0006666570485688565 0.000904777146046789
    endloop
  endfacet
  facet normal 0.0 0.0 0.0
    outer loop
      vertex 0.003625713030237635 0.0006666570475916236 0.0005464883214885308
      vertex 0.0039801232062439485 0.0010000005486692388 0.0003982713884765222
      vertex 0.003955322905645805 0.0010000005490038487 0.0005961690909320427
    endloop
  endfacet
  facet normal 0.0 0.0 0.0
    outer loop
      vertex 0.003625713030237635 0.0006666570475916236 0.0005464883214885308
      vertex 0.003955322905645805 0.0010000005490038487 0.0005961690909320427
      vertex 0.003920690222845511 0.0010000005494711184 0.0007925845748836115
    endloop
  endfacet
  facet normal 0.0 0.0 0.0
    outer loop
      vertex 0.003625713030237635 0.0006666570475916236 0.0005464883214885308
      vertex 0.0032961031548298775 0.00033334406375752385 0.0004968075520450187
      vertex 0.003329189931563276 0.0003333440633111117 0.00016615294582191222
    endloop
  endfacet
  facet normal 0.0 0.0 0.0
    outer loop
      vertex 0.003329189931563276 0.0003333440633111117 -0.00016615294748005164
      vertex 0.003329189931563276 0.0003333440633111117 0.00016615294582191222
      vertex 0.002999999672854325 5.618932252545618e-10 -8.290697717052754e-13
    endloop
  endfacet
  facet normal 0.0 0.0 0.0
    outer loop
      vertex 0.003329189931563276 0.0003333440633111117 -0.00016615294748005164
      vertex 0.002999999672854325 5.618932252545618e-10 -8.290697717052754e-13
      vertex 0.0029962708062771766 5.619435357300113e-10 -0.00014953765356001157
    endloop
  endfacet
  facet normal 0.0 0.0 0.0
    outer loop
      vertex 0.003329189931563276 0.0003333440633111117 -0.00016615294748005164
      vertex 0.0029962708062771766 5.619435357300113e-10 -0.00014953765356001157
      vertex 0.002985092789614579 5.620943513521964e-10 -0.0002987035446709086
    endloop
  endfacet
  facet normal 0.0 0.0 0.0
    outer loop
      vertex 0.003662109056848963 0.0006666570471005626 0.00018276824719253303
      vertex 0.003625713030237635 0.0006666570475916236 0.0005464883214885308
      vertex 0.003329189931563276 0.0003333440633111117 0.00016615294582191222
    endloop
  endfacet
  facet normal 0.0 0.0 0.0
    outer loop
      vertex 0.003662109056848963 0.0006666570471005626 0.00018276824719253303
      vertex 0.003999999686346488 0.0010000005484010622 -8.29069527339875e-13
      vertex 0.003995027228460746 0.0010000005484681513 0.00019938354856315388
    endloop
  endfacet
  facet normal 0.0 0.0 0.0
    outer loop
      vertex 0.003662109056848963 0.0006666570471005626 0.00018276824719253303
      vertex 0.003995027228460746 0.0010000005484681513 0.00019938354856315388
      vertex 0.0039801232062439485 0.0010000005486692388 0.0003982713884765222
    endloop
  endfacet
  facet normal 0.0 0.0 0.0
    outer loop
      vertex 0.003662109056848963 0.0006666570471005626 0.00018276824719253303
      vertex 0.0039801232062439485 0.0010000005486692388 0.0003982713884765222
      vertex 0.003625713030237635 0.0006666570475916236 0.0005464883214885308
    endloop
  endfacet
  facet normal 0.0 0.0 0.0
    outer loop
      vertex 0.0032961031548298775 0.00033334406375752385 -0.0004968075686043193
      vertex 0.002985092789614579 5.620943513521964e-10 -0.0002987035446709086
      vertex 0.0029664923257473916 5.623453118414975e-10 -0.0004471267991608074
    endloop
  endfacet
  facet normal 0.0 0.0 0.0
    outer loop
      vertex 0.0032961031548298775 0.00033334406375752385 -0.0004968075686043193
      vertex 0.0029664923257473916 5.623453118414975e-10 -0.0004471267991608074
      vertex 0.0029405170983914345 5.626957738414511e-10 -0.0005944384568279675
    endloop
  endfacet
  facet normal 0.0 0.0 0.0
    outer loop
      vertex 0.0032961031548298775 0.00033334406375752385 -0.0004968075686043193
      vertex 0.003329189931563276 0.0003333440633111117 -0.00016615294748005164
      vertex 0.002985092789614579 5.620943513521964e-10 -0.0002987035446709086
    endloop
  endfacet
  facet normal 0.0 0.0 0.0
    outer loop
      vertex 0.003662109056848963 0.0006666570471005626 -0.00018276824885067228
      vertex 0.003662109056848963 0.0006666570471005626 0.00018276824719253303
      vertex 0.003329189931563276 0.0003333440633111117 0.00016615294582191222
    endloop
  endfacet
  facet normal 0.0 0.0 0.0
    outer loop
      vertex 0.003662109056848963 0.0006666570471005626 -0.00018276824885067228
      vertex 0.003329189931563276 0.0003333440633111117 0.00016615294582191222
      vertex 0.003329189931563276 0.0003333440633111117 -0.00016615294748005164
    endloop
  endfacet
  facet normal 0.0 0.0 0.0
    outer loop
      vertex 0.003662109056848963 0.0006666570471005626 -0.00018276824885067228
      vertex 0.003999999686346488 0.0010000005484010622 -8.29069527339875e-13
      vertex 0.003662109056848963 0.0006666570471005626 0.00018276824719253303
    endloop
  endfacet
  facet normal 0.0 0.0 0.0
    outer loop
      vertex 0.003662109056848963 0.0006666570471005626 -0.00018276824885067228
      vertex 0.0039801232062439485 0.0010000005486692388 -0.00039827137523350004
      vertex 0.003995027228460746 0.0010000005484681513 -0.00019938353532013175
    endloop
  endfacet
  facet normal 0.0 0.0 0.0
    outer loop
      vertex 0.003662109056848963 0.0006666570471005626 -0.00018276824885067228
      vertex 0.003995027228460746 0.0010000005484681513 -0.00019938353532013175
      vertex 0.003999999686346488 0.0010000005484010622 -8.29069527339875e-13
    endloop
  endfacet
  facet normal 0.0 0.0 0.0
    outer loop
      vertex 0.003230257665327924 0.00033334406464592193 -0.0008225246303623608
      vertex 0.0032961031548298775 0.00033334406375752385 -0.0004968075686043193
      vertex 0.0029405170983914345 5.626957738414511e-10 -0.0005944384568279675
    endloop
  endfacet
  facet normal 0.0 0.0 0.0
    outer loop
      vertex 0.003230257665327924 0.00033334406464592193 -0.0008225246303623608
      vertex 0.0029405170983914345 5.626957738414511e-10 -0.0005944384568279675
      vertex 0.0029072319574002235 5.631448623872666e-10 -0.0007402721875255993
    endloop
  endfacet
  facet normal 0.0 0.0 0.0
    outer loop
      vertex 0.003230257665327924 0.00033334406464592193 -0.0008225246303623608
      vertex 0.0029072319574002235 5.631448623872666e-10 -0.0007402721875255993
      vertex 0.002866717965090653 5.636914837729561e-10 -0.0008842655056065015
    endloop
  endfacet
  facet normal 0.0 0.0 0.0
    outer loop
      vertex 0.003625713030237635 0.0006666570475916236 -0.0005464883082455088
      vertex 0.003662109056848963 0.0006666570471005626 -0.00018276824885067228
      vertex 0.003329189931563276 0.0003333440633111117 -0.00016615294748005164
    endloop
  endfacet
  facet normal 0.0 0.0 0.0
    outer loop
      vertex 0.003625713030237635 0.0006666570475916236 -0.0005464883082455088
      vertex 0.0039801232062439485 0.0010000005486692388 -0.00039827137523350004
      vertex 0.003662109056848963 0.0006666570471005626 -0.00018276824885067228
    endloop
  endfacet
  facet normal 0.0 0.0 0.0
    outer loop
      vertex 0.003625713030237635 0.0006666570475916236 -0.0005464883082455088
      vertex 0.003920690222845511 0.0010000005494711184 -0.0007925845616405894
      vertex 0.003955322905645805 0.0010000005490038487 -0.0005961690776890207
    endloop
  endfacet
  facet normal 0.0 0.0 0.0
    outer loop
      vertex 0.003625713030237635 0.0006666570475916236 -0.0005464883082455088
      vertex 0.003955322905645805 0.0010000005490038487 -0.0005961690776890207
      vertex 0.0039801232062439485 0.0010000005486692388 -0.00039827137523350004
    endloop
  endfacet
  facet normal 0.0 0.0 0.0
    outer loop
      vertex 0.003625713030237635 0.0006666570475916236 -0.0005464883082455088
      vertex 0.003329189931563276 0.0003333440633111117 -0.00016615294748005164
      vertex 0.0032961031548298775 0.00033334406375752385 -0.0004968075686043193
    endloop
  endfacet
  facet normal 0.0 0.0 0.0
    outer loop
      vertex 0.0031323086373127875 0.00033334406596746615 -0.001140067183310359
      vertex 0.003230257665327924 0.00033334406464592193 -0.0008225246303623608
      vertex 0.002866717965090653 5.636914837729561e-10 -0.0008842655056065015
    endloop
  endfacet
  facet normal 0.0 0.0 0.0
    outer loop
      vertex 0.0031323086373127875 0.00033334406596746615 -0.001140067183310359
      vertex 0.002866717965090653 5.636914837729561e-10 -0.0008842655056065015
      vertex 0.002819078118288895 5.643342483485584e-10 -0.0010260604255741528
    endloop
  endfacet
  facet normal 0.0 0.0 0.0
    outer loop
      vertex 0.0031323086373127875 0.00033334406596746615 -0.001140067183310359
      vertex 0.002819078118288895 5.643342483485584e-10 -0.0010260604255741528
      vertex 0.0027644287652615514 5.650715863243023e-10 -0.001165304385954707
    endloop
  endfacet
  facet normal 0.0 0.0 0.0
    outer loop
      vertex 0.0035532833732552127 0.0006666570485688565 -0.000904777132803767
      vertex 0.003920690222845511 0.0010000005494711184 -0.0007925845616405894
      vertex 0.003625713030237635 0.0006666570475916236 -0.0005464883082455088
    endloop
  endfacet
  facet normal 0.0 0.0 0.0
    outer loop
      vertex 0.0035532833732552127 0.0006666570485688565 -0.000904777132803767
      vertex 0.0038222910605530307 0.0010000005507987356 -0.0011790207260197092
      vertex 0.0038763090811829138 0.0010000005500699159 -0.0009870295756405285
    endloop
  endfacet
  facet normal 0.0 0.0 0.0
    outer loop
      vertex 0.0035532833732552127 0.0006666570485688565 -0.000904777132803767
      vertex 0.0038763090811829138 0.0010000005500699159 -0.0009870295756405285
      vertex 0.003920690222845511 0.0010000005494711184 -0.0007925845616405894
    endloop
  endfacet
  facet normal 0.0 0.0 0.0
    outer loop
      vertex 0.0035532833732552127 0.0006666570485688565 -0.000904777132803767
      vertex 0.0032961031548298775 0.00033334406375752385 -0.0004968075686043193
      vertex 0.003230257665327924 0.00033334406464592193 -0.0008225246303623608
    endloop
  endfacet
  facet normal 0.0 0.0 0.0
    outer loop
      vertex 0.0035532833732552127 0.0006666570485688565 -0.000904777132803767
      vertex 0.003625713030237635 0.0006666570475916236 -0.0005464883082455088
      vertex 0.0032961031548298775 0.00033334406375752385 -0.0004968075686043193
    endloop
  endfacet
  facet normal 0.0 0.0 0.0
    outer loop
      vertex 0.003003229772261518 0.00033334406770901923 -0.0014462791317051342
      vertex 0.002702906281435868 5.659016577007021e-10 -0.0013016512029713086
      vertex 0.002634665162051102 5.668223780028159e-10 -0.0014347619646137648
    endloop
  endfacet
  facet normal 0.0 0.0 0.0
    outer loop
      vertex 0.003003229772261518 0.00033334406770901923 -0.0014462791317051342
      vertex 0.0031323086373127875 0.00033334406596746615 -0.001140067183310359
      vertex 0.0027644287652615514 5.650715863243023e-10 -0.001165304385954707
    endloop
  endfacet
  facet normal 0.0 0.0 0.0
    outer loop
      vertex 0.003003229772261518 0.00033334406770901923 -0.0014462791317051342
      vertex 0.0027644287652615514 5.650715863243023e-10 -0.001165304385954707
      vertex 0.002702906281435868 5.659016577007021e-10 -0.0013016512029713086
    endloop
  endfacet
  facet normal 0.0 0.0 0.0
    outer loop
      vertex 0.0034455391563362678 0.000666657050022559 -0.0012540738218372754
      vertex 0.003230257665327924 0.00033334406464592193 -0.0008225246303623608
      vertex 0.0031323086373127875 0.00033334406596746615 -0.001140067183310359
    endloop
  endfacet
  facet normal 0.0 0.0 0.0
    outer loop
      vertex 0.0034455391563362678 0.000666657050022559 -0.0012540738218372754
      vertex 0.0035532833732552127 0.0006666570485688565 -0.000904777132803767
      vertex 0.003230257665327924 0.00033334406464592193 -0.0008225246303623608
    endloop
  endfacet
  facet normal 0.0 0.0 0.0
    outer loop
      vertex 0.0034455391563362678 0.000666657050022559 -0.0012540738218372754
      vertex 0.0038222910605530307 0.0010000005507987356 -0.0011790207260197092
      vertex 0.0035532833732552127 0.0006666570485688565 -0.000904777132803767
    endloop
  endfacet
  facet normal 0.0 0.0 0.0
    outer loop
      vertex 0.0034455391563362678 0.000666657050022559 -0.0012540738218372754
      vertex 0.0036859051428894565 0.001000000552638877 -0.0015537391536777905
      vertex 0.0037587706290344762 0.0010000005516557638 -0.0013680805795734813
    endloop
  endfacet
  facet normal 0.0 0.0 0.0
    outer loop
      vertex 0.0034455391563362678 0.000666657050022559 -0.0012540738218372754
      vertex 0.0037587706290344762 0.0010000005516557638 -0.0013680805795734813
      vertex 0.0038222910605530307 0.0010000005507987356 -0.0011790207260197092
    endloop
  endfacet
  facet normal 0.0 0.0 0.0
    outer loop
      vertex 0.0028443028084553655 0.0003333440698532877 -0.0017381173008030348
      vertex 0.002634665162051102 5.668223780028159e-10 -0.0014347619646137648
      vertex 0.0025598723001126257 5.678314954830214e-10 -0.0015643056266849932
    endloop
  endfacet
  facet normal 0.0 0.0 0.0
    outer loop
      vertex 0.0028443028084553655 0.0003333440698532877 -0.0017381173008030348
      vertex 0.0025598723001126257 5.678314954830214e-10 -0.0015643056266849932
      vertex 0.0024787165231350866 5.689264624497228e-10 -0.0016899602048939164
    endloop
  endfacet
  facet normal 0.0 0.0 0.0
    outer loop
      vertex 0.0028443028084553655 0.0003333440698532877 -0.0017381173008030348
      vertex 0.003003229772261518 0.00033334406770901923 -0.0014462791317051342
      vertex 0.002634665162051102 5.668223780028159e-10 -0.0014347619646137648
    endloop
  endfacet
  facet normal 0.0 0.0 0.0
    outer loop
      vertex 0.0033035523094124396 0.0006666570519382687 -0.0015909070604389602
      vertex 0.0031323086373127875 0.00033334406596746615 -0.001140067183310359
      vertex 0.003003229772261518 0.00033334406770901923 -0.0014462791317051342
    endloop
  endfacet
  facet normal 0.0 0.0 0.0
    outer loop
      vertex 0.0033035523094124396 0.0006666570519382687 -0.0015909070604389602
      vertex 0.0034455391563362678 0.000666657050022559 -0.0012540738218372754
      vertex 0.0031323086373127875 0.00033334406596746615 -0.001140067183310359
    endloop
  endfacet
  facet normal 0.0 0.0 0.0
    outer loop
      vertex 0.0033035523094124396 0.0006666570519382687 -0.0015909070604389602
      vertex 0.003512886687384086 0.00100000055497327 -0.0019130159252232007
      vertex 0.0036038758002380896 0.00100000055374563 -0.0017355349891727855
    endloop
  endfacet
  facet normal 0.0 0.0 0.0
    outer loop
      vertex 0.0033035523094124396 0.0006666570519382687 -0.0015909070604389602
      vertex 0.0036038758002380896 0.00100000055374563 -0.0017355349891727855
      vertex 0.0036859051428894565 0.001000000552638877 -0.0015537391536777905
    endloop
  endfacet
  facet normal 0.0 0.0 0.0
    outer loop
      vertex 0.0033035523094124396 0.0006666570519382687 -0.0015909070604389602
      vertex 0.0036859051428894565 0.001000000552638877 -0.0015537391536777905
      vertex 0.0034455391563362678 0.000666657050022559 -0.0012540738218372754
    endloop
  endfacet
  facet normal 0.0 0.0 0.0
    outer loop
      vertex 0.002657107984236616 0.0003333440723789508 -0.0020126813285892896
      vertex 0.0024787165231350866 5.689264624497228e-10 -0.0016899602048939164
      vertex 0.0023913971490506143 5.701045896729024e-10 -0.0018114132516926225
    endloop
  endfacet
  facet normal 0.0 0.0 0.0
    outer loop
      vertex 0.002657107984236616 0.0003333440723789508 -0.0020126813285892896
      vertex 0.0023913971490506143 5.701045896729024e-10 -0.0018114132516926225
      vertex 0.0022981335229519816 5.713629177128281e-10 -0.001928362809950679
    endloop
  endfacet
  facet normal 0.0 0.0 0.0
    outer loop
      vertex 0.002657107984236616 0.0003333440723789508 -0.0020126813285892896
      vertex 0.0028443028084553655 0.0003333440698532877 -0.0017381173008030348
      vertex 0.0024787165231350866 5.689264624497228e-10 -0.0016899602048939164
    endloop
  endfacet
  facet normal 0.0 0.0 0.0
    outer loop
      vertex 0.003128733316797694 0.000666657054296955 -0.0019119290941303664
      vertex 0.003003229772261518 0.00033334406770901923 -0.0014462791317051342
      vertex 0.0028443028084553655 0.0003333440698532877 -0.0017381173008030348
    endloop
  endfacet
  facet normal 0.0 0.0 0.0
    outer loop
      vertex 0.003128733316797694 0.000666657054296955 -0.0019119290941303664
      vertex 0.0033049551688293984 0.0010000005577787158 -0.0022532801263874464
      vertex 0.0034131638251404337 0.0010000005563187472 -0.0020857407682484085
    endloop
  endfacet
  facet normal 0.0 0.0 0.0
    outer loop
      vertex 0.003128733316797694 0.000666657054296955 -0.0019119290941303664
      vertex 0.0034131638251404337 0.0010000005563187472 -0.0020857407682484085
      vertex 0.003512886687384086 0.00100000055497327 -0.0019130159252232007
    endloop
  endfacet
  facet normal 0.0 0.0 0.0
    outer loop
      vertex 0.003128733316797694 0.000666657054296955 -0.0019119290941303664
      vertex 0.0033035523094124396 0.0006666570519382687 -0.0015909070604389602
      vertex 0.003003229772261518 0.00033334406770901923 -0.0014462791317051342
    endloop
  endfacet
  facet normal 0.0 0.0 0.0
    outer loop
      vertex 0.003128733316797694 0.000666657054296955 -0.0019119290941303664
      vertex 0.003512886687384086 0.00100000055497327 -0.0019130159252232007
      vertex 0.0033035523094124396 0.0006666570519382687 -0.0015909070604389602
    endloop
  endfacet
  facet normal 0.0 0.0 0.0
    outer loop
      vertex 0.002443505918196577 0.00033334407526090467 -0.002267242395216792
      vertex 0.0022981335229519816 5.713629177128281e-10 -0.001928362809950679
      vertex 0.0021991554803494425 5.726983455913454e-10 -0.0020405182474201615
    endloop
  endfacet
  facet normal 0.0 0.0 0.0
    outer loop
      vertex 0.002443505918196577 0.00033334407526090467 -0.002267242395216792
      vertex 0.0021991554803494425 5.726983455913454e-10 -0.0020405182474201615
      vertex 0.0020947100228909466 5.741075407219733e-10 -0.0021476006143635205
    endloop
  endfacet
  facet normal 0.0 0.0 0.0
    outer loop
      vertex 0.002443505918196577 0.00033334407526090467 -0.002267242395216792
      vertex 0.002657107984236616 0.0003333440723789508 -0.0020126813285892896
      vertex 0.0022981335229519816 5.713629177128281e-10 -0.001928362809950679
    endloop
  endfacet
  facet normal 0.0 0.0 0.0
    outer loop
      vertex 0.0029228188194222056 0.000666657057075187 -0.002213949405485957
      vertex 0.0030641781531433633 0.0010000005610273186 -0.0025711505048817093
      vertex 0.0031885296546082073 0.001000000559349548 -0.002415217601591914
    endloop
  endfacet
  facet normal 0.0 0.0 0.0
    outer loop
      vertex 0.0029228188194222056 0.000666657057075187 -0.002213949405485957
      vertex 0.003128733316797694 0.000666657054296955 -0.0019119290941303664
      vertex 0.0028443028084553655 0.0003333440698532877 -0.0017381173008030348
    endloop
  endfacet
  facet normal 0.0 0.0 0.0
    outer loop
      vertex 0.0029228188194222056 0.000666657057075187 -0.002213949405485957
      vertex 0.0031885296546082073 0.001000000559349548 -0.002415217601591914
      vertex 0.0033049551688293984 0.0010000005577787158 -0.0022532801263874464
    endloop
  endfacet
  facet normal 0.0 0.0 0.0
    outer loop
      vertex 0.0029228188194222056 0.000666657057075187 -0.002213949405485957
      vertex 0.0028443028084553655 0.0003333440698532877 -0.0017381173008030348
      vertex 0.002657107984236616 0.0003333440723789508 -0.0020126813285892896
    endloop
  endfacet
  facet normal 0.0 0.0 0.0
    outer loop
      vertex 0.0029228188194222056 0.000666657057075187 -0.002213949405485957
      vertex 0.0033049551688293984 0.0010000005577787158 -0.0022532801263874464
      vertex 0.003128733316797694 0.000666657054296955 -0.0019119290941303664
    endloop
  endfacet
  facet normal 0.0 0.0 0.0
    outer loop
      vertex 0.0029228188194222056 0.000666657057075187 -0.002213949405485957
      vertex 0.002657107984236616 0.0003333440723789508 -0.0020126813285892896
      vertex 0.002443505918196577 0.00033334407526090467 -0.002267242395216792
    endloop
  endfacet
  facet normal 0.0 0.0 0.0
    outer loop
      vertex 0.002205619489363569 0.0003333440784705071 -0.0024992706411426954
      vertex 0.0020947100228909466 5.741075407219733e-10 -0.0021476006143635205
      vertex 0.0019850575036648725 5.755869903784207e-10 -0.0022493435972279004
    endloop
  endfacet
  facet normal 0.0 0.0 0.0
    outer loop
      vertex 0.002205619489363569 0.0003333440784705071 -0.0024992706411426954
      vertex 0.002443505918196577 0.00033334407526090467 -0.002267242395216792
      vertex 0.0020947100228909466 5.741075407219733e-10 -0.0021476006143635205
    endloop
  endfacet
  facet normal 0.0 0.0 0.0
    outer loop
      vertex 0.002205619489363569 0.0003333440784705071 -0.0024992706411426954
      vertex 0.0019850575036648725 5.755869903784207e-10 -0.0022493435972279004
      vertex 0.0018704697198513958 5.771330274288452e-10 -0.002345494472319453
    endloop
  endfacet
  facet normal 0.0 0.0 0.0
    outer loop
      vertex 0.002687857309717616 0.0006666570602453258 -0.0024939667814320022
      vertex 0.0029228188194222056 0.000666657057075187 -0.002213949405485957
      vertex 0.002443505918196577 0.00033334407526090467 -0.002267242395216792
    endloop
  endfacet
  facet normal 0.0 0.0 0.0
    outer loop
      vertex 0.002687857309717616 0.0006666570602453258 -0.0024939667814320022
      vertex 0.0027929474555115274 0.0010000005646868075 -0.0028634674184864453
      vertex 0.00293220774756475 0.001000000562807885 -0.002720690929228633
    endloop
  endfacet
  facet normal 0.0 0.0 0.0
    outer loop
      vertex 0.002687857309717616 0.0006666570602453258 -0.0024939667814320022
      vertex 0.00293220774756475 0.001000000562807885 -0.002720690929228633
      vertex 0.0030641781531433633 0.0010000005610273186 -0.0025711505048817093
    endloop
  endfacet
  facet normal 0.0 0.0 0.0
    outer loop
      vertex 0.002687857309717616 0.0006666570602453258 -0.0024939667814320022
      vertex 0.002443505918196577 0.00033334407526090467 -0.002267242395216792
      vertex 0.002205619489363569 0.0003333440784705071 -0.0024992706411426954
    endloop
  endfacet
  facet normal 0.0 0.0 0.0
    outer loop
      vertex 0.002687857309717616 0.0006666570602453258 -0.0024939667814320022
      vertex 0.0030641781531433633 0.0010000005610273186 -0.0025711505048817093
      vertex 0.0029228188194222056 0.000666657057075187 -0.002213949405485957
    endloop
  endfacet
  facet normal 0.0 0.0 0.0
    outer loop
      vertex 0.001945811902693647 0.0003333440819758735 -0.0027064599626606396
      vertex 0.0018704697198513958 5.771330274288452e-10 -0.002345494472319453
      vertex 0.001751230866396806 5.787418174687245e-10 -0.0024358141058033406
    endloop
  endfacet
  facet normal 0.0 0.0 0.0
    outer loop
      vertex 0.001945811902693647 0.0003333440819758735 -0.0027064599626606396
      vertex 0.001751230866396806 5.787418174687245e-10 -0.0024358141058033406
      vertex 0.0016276384896878216 5.804093459537256e-10 -0.0025200776689594685
    endloop
  endfacet
  facet normal 0.0 0.0 0.0
    outer loop
      vertex 0.001945811902693647 0.0003333440819758735 -0.0027064599626606396
      vertex 0.002205619489363569 0.0003333440784705071 -0.0024992706411426954
      vertex 0.0018704697198513958 5.771330274288452e-10 -0.002345494472319453
    endloop
  endfacet
  facet normal 0.0 0.0 0.0
    outer loop
      vertex 0.002426181475061854 0.0006666570637758988 -0.0027491976850574904
      vertex 0.002493959113226371 0.0010000005687208068 -0.0031273259752338826
      vertex 0.002646743460760551 0.0010000005666594156 -0.0029991247289722855
    endloop
  endfacet
  facet normal 0.0 0.0 0.0
    outer loop
      vertex 0.002426181475061854 0.0006666570637758988 -0.0027491976850574904
      vertex 0.002646743460760551 0.0010000005666594156 -0.0029991247289722855
      vertex 0.0027929474555115274 0.0010000005646868075 -0.0028634674184864453
    endloop
  endfacet
  facet normal 0.0 0.0 0.0
    outer loop
      vertex 0.002426181475061854 0.0006666570637758988 -0.0027491976850574904
      vertex 0.002687857309717616 0.0006666570602453258 -0.0024939667814320022
      vertex 0.002205619489363569 0.0003333440784705071 -0.0024992706411426954
    endloop
  endfacet
  facet normal 0.0 0.0 0.0
    outer loop
      vertex 0.002426181475061854 0.0006666570637758988 -0.0027491976850574904
      vertex 0.0027929474555115274 0.0010000005646868075 -0.0028634674184864453
      vertex 0.002687857309717616 0.0006666570602453258 -0.0024939667814320022
    endloop
  endfacet
  facet normal 0.0 0.0 0.0
    outer loop
      vertex 0.001666666661909956 0.0003333440857421465 -0.0028867513769215043
      vertex 0.0016276384896878216 5.804093459537256e-10 -0.0025200776689594685
      vertex 0.0014999996728543255 5.821314696682236e-10 -0.0025980763071125445
    endloop
  endfacet
  facet normal 0.0 0.0 0.0
    outer loop
      vertex 0.001666666661909956 0.0003333440857421465 -0.0028867513769215043
      vertex 0.0014999996728543255 5.821314696682236e-10 -0.0025980763071125445
      vertex 0.001368631989443681 5.83903903858171e-10 -0.0026696154707020222
    endloop
  endfacet
  facet normal 0.0 0.0 0.0
    outer loop
      vertex 0.001666666661909956 0.0003333440857421465 -0.0028867513769215043
      vertex 0.001945811902693647 0.0003333440819758735 -0.0027064599626606396
      vertex 0.0016276384896878216 5.804093459537256e-10 -0.0025200776689594685
    endloop
  endfacet
  facet normal 0.0 0.0 0.0
    outer loop
      vertex 0.002140393892664393 0.0006666570676317915 -0.0029771060579365186
      vertex 0.002205619489363569 0.0003333440784705071 -0.0024992706411426954
      vertex 0.001945811902693647 0.0003333440819758735 -0.0027064599626606396
    endloop
  endfacet
  facet normal 0.0 0.0 0.0
    outer loop
      vertex 0.002140393892664393 0.0006666570676317915 -0.0029771060579365186
      vertex 0.0021701847754578164 0.001000000573089223 -0.003360103809172481
      vertex 0.0023349749289612344 0.0010000005708658475 -0.003247751914793819
    endloop
  endfacet
  facet normal 0.0 0.0 0.0
    outer loop
      vertex 0.002140393892664393 0.0006666570676317915 -0.0029771060579365186
      vertex 0.0023349749289612344 0.0010000005708658475 -0.003247751914793819
      vertex 0.002493959113226371 0.0010000005687208068 -0.0031273259752338826
    endloop
  endfacet
  facet normal 0.0 0.0 0.0
    outer loop
      vertex 0.002140393892664393 0.0006666570676317915 -0.0029771060579365186
      vertex 0.002493959113226371 0.0010000005687208068 -0.0031273259752338826
      vertex 0.002426181475061854 0.0006666570637758988 -0.0027491976850574904
    endloop
  endfacet
  facet normal 0.0 0.0 0.0
    outer loop
      vertex 0.002140393892664393 0.0006666570676317915 -0.0029771060579365186
      vertex 0.002426181475061854 0.0006666570637758988 -0.0027491976850574904
      vertex 0.002205619489363569 0.0003333440784705071 -0.0024992706411426954
    endloop
  endfacet
  facet normal 0.0 0.0 0.0
    outer loop
      vertex 0.0013709570519246043 0.00033334408973190876 -0.003038352929884762
      vertex 0.001368631989443681 5.83903903858171e-10 -0.0026696154707020222
      vertex 0.0012338615960720992 5.857222479653573e-10 -0.0027345175378864703
    endloop
  endfacet
  facet normal 0.0 0.0 0.0
    outer loop
      vertex 0.0013709570519246043 0.00033334408973190876 -0.003038352929884762
      vertex 0.0012338615960720992 5.857222479653573e-10 -0.0027345175378864703
      vertex 0.0010960232324246381 5.875819856274083e-10 -0.0027926213377064166
    endloop
  endfacet
  facet normal 0.0 0.0 0.0
    outer loop
      vertex 0.0013709570519246043 0.00033334408973190876 -0.003038352929884762
      vertex 0.001666666661909956 0.0003333440857421465 -0.0028867513769215043
      vertex 0.001368631989443681 5.83903903858171e-10 -0.0026696154707020222
    endloop
  endfacet
  facet normal 0.0 0.0 0.0
    outer loop
      vertex 0.0018333336509651745 0.0006666570717746984 -0.0031754264467304645
      vertex 0.001945811902693647 0.0003333440819758735 -0.0027064599626606396
      vertex 0.001666666661909956 0.0003333440857421465 -0.0028867513769215043
    endloop
  endfacet
  facet normal 0.0 0.0 0.0
    outer loop
      vertex 0.0018333336509651745 0.0006666570717746984 -0.0031754264467304645
      vertex 0.002140393892664393 0.0006666570676317915 -0.0029771060579365186
      vertex 0.001945811902693647 0.0003333440819758735 -0.0027064599626606396
    endloop
  endfacet
  facet normal 0.0 0.0 0.0
    outer loop
      vertex 0.0018333336509651745 0.0006666570717746984 -0.0031754264467304645
      vertex 0.0021701847754578164 0.001000000573089223 -0.003360103809172481
      vertex 0.002140393892664393 0.0006666570676317915 -0.0029771060579365186
    endloop
  endfacet
  facet normal 0.0 0.0 0.0
    outer loop
      vertex 0.0018333336509651745 0.0006666570717746984 -0.0031754264467304645
      vertex 0.0018248430930237346 0.0010000005777486293 -0.0035594873064106404
      vertex 0.0019999996863464885 0.001000000575385388 -0.0034641015165394243
    endloop
  endfacet
  facet normal 0.0 0.0 0.0
    outer loop
      vertex 0.0018333336509651745 0.0006666570717746984 -0.0031754264467304645
      vertex 0.0019999996863464885 0.001000000575385388 -0.0034641015165394243
      vertex 0.0021701847754578164 0.001000000573089223 -0.003360103809172481
    endloop
  endfacet
  facet normal 0.0 0.0 0.0
    outer loop
      vertex 0.0010616222969807567 0.00033334409390550367 -0.003159757816130489
      vertex 0.0010960232324246381 5.875819856274083e-10 -0.0027926213377064166
      vertex 0.0009554602212552044 5.894784846777865e-10 -0.0028437821500843464
    endloop
  endfacet
  facet normal 0.0 0.0 0.0
    outer loop
      vertex 0.0010616222969807567 0.00033334409390550367 -0.003159757816130489
      vertex 0.0009554602212552044 5.894784846777865e-10 -0.0028437821500843464
      vertex 0.0008125216073636028 5.914070357471787e-10 -0.0028878726594990193
    endloop
  endfacet
  facet normal 0.0 0.0 0.0
    outer loop
      vertex 0.0010616222969807567 0.00033334409390550367 -0.003159757816130489
      vertex 0.0013709570519246043 0.00033334408973190876 -0.003038352929884762
      vertex 0.0010960232324246381 5.875819856274083e-10 -0.0027926213377064166
    endloop
  endfacet
  facet normal 0.0 0.0 0.0
    outer loop
      vertex 0.001508052507776698 0.0006666570761634444 -0.003342188083464474
      vertex 0.0014613644324402383 0.0010000005826527425 -0.0037234949701374473
      vertex 0.0016451479636292031 0.0010000005801731053 -0.0036460234754627646
    endloop
  endfacet
  facet normal 0.0 0.0 0.0
    outer loop
      vertex 0.001508052507776698 0.0006666570761634444 -0.003342188083464474
      vertex 0.0016451479636292031 0.0010000005801731053 -0.0036460234754627646
      vertex 0.0018248430930237346 0.0010000005777486293 -0.0035594873064106404
    endloop
  endfacet
  facet normal 0.0 0.0 0.0
    outer loop
      vertex 0.001508052507776698 0.0006666570761634444 -0.003342188083464474
      vertex 0.001666666661909956 0.0003333440857421465 -0.0028867513769215043
      vertex 0.0013709570519246043 0.00033334408973190876 -0.003038352929884762
    endloop
  endfacet
  facet normal 0.0 0.0 0.0
    outer loop
      vertex 0.001508052507776698 0.0006666570761634444 -0.003342188083464474
      vertex 0.0018248430930237346 0.0010000005777486293 -0.0035594873064106404
      vertex 0.0018333336509651745 0.0006666570717746984 -0.0031754264467304645
    endloop
  endfacet
  facet normal 0.0 0.0 0.0
    outer loop
      vertex 0.001508052507776698 0.0006666570761634444 -0.003342188083464474
      vertex 0.0018333336509651745 0.0006666570717746984 -0.0031754264467304645
      vertex 0.001666666661909956 0.0003333440857421465 -0.0028867513769215043
    endloop
  endfacet
  facet normal 0.0 0.0 0.0
    outer loop
      vertex 0.0007417360894001903 0.0003333440982214605 -0.0032497596376484337
      vertex 0.0008125216073636028 5.914070357471787e-10 -0.0028878726594990193
      vertex 0.0006675631112698528 5.933628393963667e-10 -0.0029247836702412065
    endloop
  endfacet
  facet normal 0.0 0.0 0.0
    outer loop
      vertex 0.0007417360894001903 0.0003333440982214605 -0.0032497596376484337
      vertex 0.0006675631112698528 5.933628393963667e-10 -0.0029247836702412065
      vertex 0.0005209442681912395 5.953410447176156e-10 -0.0029544231527393757
    endloop
  endfacet
  facet normal 0.0 0.0 0.0
    outer loop
      vertex 0.0007417360894001903 0.0003333440982214605 -0.0032497596376484337
      vertex 0.0010616222969807567 0.00033334409390550367 -0.003159757816130489
      vertex 0.0008125216073636028 5.914070357471787e-10 -0.0028878726594990193
    endloop
  endfacet
  facet normal 0.0 0.0 0.0
    outer loop
      vertex 0.0011677843727058972 0.0006666570807543977 -0.003475733720595211
      vertex 0.0013709570519246043 0.00033334408973190876 -0.003038352929884762
      vertex 0.0010616222969807567 0.00033334409390550367 -0.003159757816130489
    endloop
  endfacet
  facet normal 0.0 0.0 0.0
    outer loop
      vertex 0.0011677843727058972 0.0006666570807543977 -0.003475733720595211
      vertex 0.001508052507776698 0.0006666570761634444 -0.003342188083464474
      vertex 0.0013709570519246043 0.00033334408973190876 -0.003038352929884762
    endloop
  endfacet
  facet normal 0.0 0.0 0.0
    outer loop
      vertex 0.0011677843727058972 0.0006666570807543977 -0.003475733720595211
      vertex 0.0010833622656921916 0.0010000005877528093 -0.003850496970946163
      vertex 0.0012739464484314493 0.0010000005851814166 -0.003791709386641354
    endloop
  endfacet
  facet normal 0.0 0.0 0.0
    outer loop
      vertex 0.0011677843727058972 0.0006666570807543977 -0.003475733720595211
      vertex 0.0012739464484314493 0.0010000005851814166 -0.003791709386641354
      vertex 0.0014613644324402383 0.0010000005826527425 -0.0037234949701374473
    endloop
  endfacet
  facet normal 0.0 0.0 0.0
    outer loop
      vertex 0.0011677843727058972 0.0006666570807543977 -0.003475733720595211
      vertex 0.0014613644324402383 0.0010000005826527425 -0.0037234949701374473
      vertex 0.001508052507776698 0.0006666570761634444 -0.003342188083464474
    endloop
  endfacet
  facet normal 0.0 0.0 0.0
    outer loop
      vertex 0.0004144789330281199 0.0003333441026368674 -0.003307464086348385
      vertex 0.0005209442681912395 5.953410447176156e-10 -0.0029544231527393757
      vertex 0.000373031289065263 5.973367107332851e-10 -0.002976717674071163
    endloop
  endfacet
  facet normal 0.0 0.0 0.0
    outer loop
      vertex 0.0004144789330281199 0.0003333441026368674 -0.003307464086348385
      vertex 0.000373031289065263 5.973367107332851e-10 -0.002976717674071163
      vertex 0.00022419038482942316 5.993448964657354e-10 -0.002991611444289058
    endloop
  endfacet
  facet normal 0.0 0.0 0.0
    outer loop
      vertex 0.0004144789330281199 0.0003333441026368674 -0.003307464086348385
      vertex 0.0007417360894001903 0.0003333440982214605 -0.0032497596376484337
      vertex 0.0005209442681912395 5.953410447176156e-10 -0.0029544231527393757
    endloop
  endfacet
  facet normal 0.0 0.0 0.0
    outer loop
      vertex 0.0008159100212044323 0.0006666570855019437 -0.0035747356050556604
      vertex 0.0010833622656921916 0.0010000005877528093 -0.003850496970946163
      vertex 0.0011677843727058972 0.0006666570807543977 -0.003475733720595211
    endloop
  endfacet
  facet normal 0.0 0.0 0.0
    outer loop
      vertex 0.0008159100212044323 0.0006666570855019437 -0.0035747356050556604
      vertex 0.000694593115911918 0.001000000592998146 -0.003939231120879024
      vertex 0.0008900839530090861 0.001000000590360552 -0.0038997115724628867
    endloop
  endfacet
  facet normal 0.0 0.0 0.0
    outer loop
      vertex 0.0008159100212044323 0.0006666570855019437 -0.0035747356050556604
      vertex 0.0008900839530090861 0.001000000590360552 -0.0038997115724628867
      vertex 0.0010833622656921916 0.0010000005877528093 -0.003850496970946163
    endloop
  endfacet
  facet normal 0.0 0.0 0.0
    outer loop
      vertex 0.0008159100212044323 0.0006666570855019437 -0.0035747356050556604
      vertex 0.0011677843727058972 0.0006666570807543977 -0.003475733720595211
      vertex 0.0010616222969807567 0.00033334409390550367 -0.003159757816130489
    endloop
  endfacet
  facet normal 0.0 0.0 0.0
    outer loop
      vertex 0.0008159100212044323 0.0006666570855019437 -0.0035747356050556604
      vertex 0.0010616222969807567 0.00033334409390550367 -0.003159757816130489
      vertex 0.0007417360894001903 0.0003333440982214605 -0.0032497596376484337
    endloop
  endfacet
  facet normal 0.0 0.0 0.0
    outer loop
      vertex 8.310190360917462e-05 0.00033334410710786025 -0.0033322972887104454
      vertex 0.00022419038482942316 5.993448964657354e-10 -0.002991611444289058
      vertex 7.479253479280207e-05 6.013605966016799e-10 -0.0029990675085133016
    endloop
  endfacet
  facet normal 0.0 0.0 0.0
    outer loop
      vertex 8.310190360917462e-05 0.00033334410710786025 -0.0033322972887104454
      vertex 7.479253479280207e-05 6.013605966016799e-10 -0.0029990675085133016
      vertex -7.479223540983465e-05 6.033788186949614e-10 -0.0029990675085133016
    endloop
  endfacet
  facet normal 0.0 0.0 0.0
    outer loop
      vertex 8.310190360917462e-05 0.00033334410710786025 -0.0033322972887104454
      vertex 0.0004144789330281199 0.0003333441026368674 -0.003307464086348385
      vertex 0.00022419038482942316 5.993448964657354e-10 -0.002991611444289058
    endloop
  endfacet
  facet normal 0.0 0.0 0.0
    outer loop
      vertex 0.0004559265769905651 0.0006666570903588989 -0.0036382104986256063
      vertex 0.00029892031775517985 0.001000000598336628 -0.003988815271193356
      vertex 0.0004973751746277385 0.0010000005956590427 -0.003968956910902828
    endloop
  endfacet
  facet normal 0.0 0.0 0.0
    outer loop
      vertex 0.0004559265769905651 0.0006666570903588989 -0.0036382104986256063
      vertex 0.000694593115911918 0.001000000592998146 -0.003939231120879024
      vertex 0.0008159100212044323 0.0006666570855019437 -0.0035747356050556604
    endloop
  endfacet
  facet normal 0.0 0.0 0.0
    outer loop
      vertex 0.0004559265769905651 0.0006666570903588989 -0.0036382104986256063
      vertex 0.0004973751746277385 0.0010000005956590427 -0.003968956910902828
      vertex 0.000694593115911918 0.001000000592998146 -0.003939231120879024
    endloop
  endfacet
  facet normal 0.0 0.0 0.0
    outer loop
      vertex 0.0004559265769905651 0.0006666570903588989 -0.0036382104986256063
      vertex 0.0007417360894001903 0.0003333440982214605 -0.0032497596376484337
      vertex 0.0004144789330281199 0.0003333441026368674 -0.003307464086348385
    endloop
  endfacet
  facet normal 0.0 0.0 0.0
    outer loop
      vertex 0.0004559265769905651 0.0006666570903588989 -0.0036382104986256063
      vertex 0.0008159100212044323 0.0006666570855019437 -0.0035747356050556604
      vertex 0.0007417360894001903 0.0003333440982214605 -0.0032497596376484337
    endloop
  endfacet
  facet normal 0.0 0.0 0.0
    outer loop
      vertex -0.00024910005409346206 0.0003333441115899832 -0.0033240127199238244
      vertex -7.479223540983465e-05 6.033788186949614e-10 -0.0029990675085133016
      vertex -0.00022419008544645574 6.053945188309059e-10 -0.002991611444289058
    endloop
  endfacet
  facet normal 0.0 0.0 0.0
    outer loop
      vertex -0.00024910005409346206 0.0003333441115899832 -0.0033240127199238244
      vertex -0.00022419008544645574 6.053945188309059e-10 -0.002991611444289058
      vertex -0.0003730309896822956 6.074027045633562e-10 -0.002976717674071163
    endloop
  endfacet
  facet normal 0.0 0.0 0.0
    outer loop
      vertex -0.00024910005409346206 0.0003333441115899832 -0.0033240127199238244
      vertex 8.310190360917462e-05 0.00033334410710786025 -0.0033322972887104454
      vertex -7.479223540983465e-05 6.033788186949614e-10 -0.0029990675085133016
    endloop
  endfacet
  facet normal 0.0 0.0 0.0
    outer loop
      vertex 9.141222609945184e-05 0.000666657095276986 -0.003665527068907589
      vertex -9.97231758971639e-05 0.001000000603715191 -0.003998756610686154
      vertex 9.97225485901408e-05 0.001000000601024237 -0.003998756610686154
    endloop
  endfacet
  facet normal 0.0 0.0 0.0
    outer loop
      vertex 9.141222609945184e-05 0.000666657095276986 -0.003665527068907589
      vertex 9.97225485901408e-05 0.001000000601024237 -0.003998756610686154
      vertex 0.00029892031775517985 0.001000000598336628 -0.003988815271193356
    endloop
  endfacet
  facet normal 0.0 0.0 0.0
    outer loop
      vertex 9.141222609945184e-05 0.000666657095276986 -0.003665527068907589
      vertex 0.00029892031775517985 0.001000000598336628 -0.003988815271193356
      vertex 0.0004559265769905651 0.0006666570903588989 -0.0036382104986256063
    endloop
  endfacet
  facet normal 0.0 0.0 0.0
    outer loop
      vertex 9.141222609945184e-05 0.000666657095276986 -0.003665527068907589
      vertex 0.0004144789330281199 0.0003333441026368674 -0.003307464086348385
      vertex 8.310190360917462e-05 0.00033334410710786025 -0.0033322972887104454
    endloop
  endfacet
  facet normal 0.0 0.0 0.0
    outer loop
      vertex 9.141222609945184e-05 0.000666657095276986 -0.003665527068907589
      vertex 0.0004559265769905651 0.0006666570903588989 -0.0036382104986256063
      vertex 0.0004144789330281199 0.0003333441026368674 -0.003307464086348385
    endloop
  endfacet
  facet normal 0.0 0.0 0.0
    outer loop
      vertex -0.0005788272269450245 0.0003333441160387159 -0.0032826923959797323
      vertex -0.0003730309896822956 6.074027045633562e-10 -0.002976717674071163
      vertex -0.0005209449224825887 6.09398383446155e-10 -0.0029544231527393757
    endloop
  endfacet
  facet normal 0.0 0.0 0.0
    outer loop
      vertex -0.0005788272269450245 0.0003333441160387159 -0.0032826923959797323
      vertex -0.0005209449224825887 6.09398383446155e-10 -0.0029544231527393757
      vertex -0.0006675628118868855 6.113765759002746e-10 -0.0029247836702412065
    endloop
  endfacet
  facet normal 0.0 0.0 0.0
    outer loop
      vertex -0.0005788272269450245 0.0003333441160387159 -0.0032826923959797323
      vertex -0.00024910005409346206 0.0003333441115899832 -0.0033240127199238244
      vertex -0.0003730309896822956 6.074027045633562e-10 -0.002976717674071163
    endloop
  endfacet
  facet normal 0.0 0.0 0.0
    outer loop
      vertex -0.0002740100227408802 0.0006666571002073226 -0.00365641399555859
      vertex -0.0004973748482604451 0.001000000609080372 -0.003968956910902828
      vertex -0.0002989199913878865 0.001000000606402787 -0.003988815271193356
    endloop
  endfacet
  facet normal 0.0 0.0 0.0
    outer loop
      vertex -0.0002740100227408802 0.0006666571002073226 -0.00365641399555859
      vertex -0.0002989199913878865 0.001000000606402787 -0.003988815271193356
      vertex -9.97231758971639e-05 0.001000000603715191 -0.003998756610686154
    endloop
  endfacet
  facet normal 0.0 0.0 0.0
    outer loop
      vertex -0.0002740100227408802 0.0006666571002073226 -0.00365641399555859
      vertex -9.97231758971639e-05 0.001000000603715191 -0.003998756610686154
      vertex 9.141222609945184e-05 0.000666657095276986 -0.003665527068907589
    endloop
  endfacet
  facet normal 0.0 0.0 0.0
    outer loop
      vertex -0.0002740100227408802 0.0006666571002073226 -0.00365641399555859
      vertex 8.310190360917462e-05 0.00033334410710786025 -0.0033322972887104454
      vertex -0.00024910005409346206 0.0003333441115899832 -0.0033240127199238244
    endloop
  endfacet
  facet normal 0.0 0.0 0.0
    outer loop
      vertex -0.0002740100227408802 0.0006666571002073226 -0.00365641399555859
      vertex 9.141222609945184e-05 0.000666657095276986 -0.003665527068907589
      vertex 8.310190360917462e-05 0.00033334410710786025 -0.0033322972887104454
    endloop
  endfacet
  facet normal 0.0 0.0 0.0
    outer loop
      vertex -0.0009028018363200246 0.00033334412040983413 -0.0032087475889271203
      vertex -0.0005788272269450245 0.0003333441160387159 -0.0032826923959797323
      vertex -0.0006675628118868855 6.113765759002746e-10 -0.0029247836702412065
    endloop
  endfacet
  facet normal 0.0 0.0 0.0
    outer loop
      vertex -0.0009028018363200246 0.00033334412040983413 -0.0032087475889271203
      vertex -0.0006675628118868855 6.113765759002746e-10 -0.0029247836702412065
      vertex -0.0008125213079806355 6.133323795494627e-10 -0.0028878726594990193
    endloop
  endfacet
  facet normal 0.0 0.0 0.0
    outer loop
      vertex -0.0009028018363200246 0.00033334412040983413 -0.0032087475889271203
      vertex -0.0008125213079806355 6.133323795494627e-10 -0.0028878726594990193
      vertex -0.000955459921872237 6.152609306188549e-10 -0.0028437821500843464
    endloop
  endfacet
  facet normal 0.0 0.0 0.0
    outer loop
      vertex -0.0006367095314078723 0.0006666571051009235 -0.003610961877638668
      vertex -0.0008900836266417929 0.001000000614378863 -0.0038997115724628867
      vertex -0.0006945927895446248 0.0010000006117412688 -0.003939231120879024
    endloop
  endfacet
  facet normal 0.0 0.0 0.0
    outer loop
      vertex -0.0006367095314078723 0.0006666571051009235 -0.003610961877638668
      vertex -0.0006945927895446248 0.0010000006117412688 -0.003939231120879024
      vertex -0.0004973748482604451 0.001000000609080372 -0.003968956910902828
    endloop
  endfacet
  facet normal 0.0 0.0 0.0
    outer loop
      vertex -0.0006367095314078723 0.0006666571051009235 -0.003610961877638668
      vertex -0.0004973748482604451 0.001000000609080372 -0.003968956910902828
      vertex -0.0002740100227408802 0.0006666571002073226 -0.00365641399555859
    endloop
  endfacet
  facet normal 0.0 0.0 0.0
    outer loop
      vertex -0.0006367095314078723 0.0006666571051009235 -0.003610961877638668
      vertex -0.00024910005409346206 0.0003333441115899832 -0.0033240127199238244
      vertex -0.0005788272269450245 0.0003333441160387159 -0.0032826923959797323
    endloop
  endfacet
  facet normal 0.0 0.0 0.0
    outer loop
      vertex -0.0006367095314078723 0.0006666571051009235 -0.003610961877638668
      vertex -0.0002740100227408802 0.0006666571002073226 -0.00365641399555859
      vertex -0.00024910005409346206 0.0003333441115899832 -0.0033240127199238244
    endloop
  endfacet
  facet normal 0.0 0.0 0.0
    outer loop
      vertex -0.0012178033240519582 0.00033334412465988556 -0.003102912389571041
      vertex -0.000955459921872237 6.152609306188549e-10 -0.0028437821500843464
      vertex -0.0010960229330416705 6.17157429669233e-10 -0.0027926213377064166
    endloop
  endfacet
  facet normal 0.0 0.0 0.0
    outer loop
      vertex -0.0012178033240519582 0.00033334412465988556 -0.003102912389571041
      vertex -0.0010960229330416705 6.17157429669233e-10 -0.0027926213377064166
      vertex -0.0012338612966891313 6.19017167331284e-10 -0.0027345175378864703
    endloop
  endfacet
  facet normal 0.0 0.0 0.0
    outer loop
      vertex -0.0012178033240519582 0.00033334412465988556 -0.003102912389571041
      vertex -0.0009028018363200246 0.00033334412040983413 -0.0032087475889271203
      vertex -0.000955459921872237 6.152609306188549e-10 -0.0028437821500843464
    endloop
  endfacet
  facet normal 0.0 0.0 0.0
    outer loop
      vertex -0.0009930814109855091 0.0006666571099091509 -0.0035296222799366416
      vertex -0.0006367095314078723 0.0006666571051009235 -0.003610961877638668
      vertex -0.0005788272269450245 0.0003333441160387159 -0.0032826923959797323
    endloop
  endfacet
  facet normal 0.0 0.0 0.0
    outer loop
      vertex -0.0009930814109855091 0.0006666571099091509 -0.0035296222799366416
      vertex -0.001273946122064156 0.0010000006195579982 -0.003791709386641354
      vertex -0.0010833619393248984 0.0010000006169866053 -0.003850496970946163
    endloop
  endfacet
  facet normal 0.0 0.0 0.0
    outer loop
      vertex -0.0009930814109855091 0.0006666571099091509 -0.0035296222799366416
      vertex -0.0010833619393248984 0.0010000006169866053 -0.003850496970946163
      vertex -0.0008900836266417929 0.001000000614378863 -0.0038997115724628867
    endloop
  endfacet
  facet normal 0.0 0.0 0.0
    outer loop
      vertex -0.0009930814109855091 0.0006666571099091509 -0.0035296222799366416
      vertex -0.0008900836266417929 0.001000000614378863 -0.0038997115724628867
      vertex -0.0006367095314078723 0.0006666571051009235 -0.003610961877638668
    endloop
  endfacet
  facet normal 0.0 0.0 0.0
    outer loop
      vertex -0.0009930814109855091 0.0006666571099091509 -0.0035296222799366416
      vertex -0.0005788272269450245 0.0003333441160387159 -0.0032826923959797323
      vertex -0.0009028018363200246 0.00033334412040983413 -0.0032087475889271203
    endloop
  endfacet
  facet normal 0.0 0.0 0.0
    outer loop
      vertex -0.00152070173103438 0.0003333441287466402 -0.002966239415938228
      vertex -0.0012178033240519582 0.00033334412465988556 -0.003102912389571041
      vertex -0.0012338612966891313 6.19017167331284e-10 -0.0027345175378864703
    endloop
  endfacet
  facet normal 0.0 0.0 0.0
    outer loop
      vertex -0.00152070173103438 0.0003333441287466402 -0.002966239415938228
      vertex -0.0012338612966891313 6.19017167331284e-10 -0.0027345175378864703
      vertex -0.00136863264373503 6.208355243055996e-10 -0.0026696154707020222
    endloop
  endfacet
  facet normal 0.0 0.0 0.0
    outer loop
      vertex -0.00152070173103438 0.0003333441287466402 -0.002966239415938228
      vertex -0.00136863264373503 6.208355243055996e-10 -0.0026696154707020222
      vertex -0.0014999993734713581 6.226079456284177e-10 -0.0025980763071125445
    endloop
  endfacet
  facet normal 0.0 0.0 0.0
    outer loop
      vertex -0.0013395837150626574 0.0006666571145842164 -0.003413203679854244
      vertex -0.0009930814109855091 0.0006666571099091509 -0.0035296222799366416
      vertex -0.0009028018363200246 0.00033334412040983413 -0.0032087475889271203
    endloop
  endfacet
  facet normal 0.0 0.0 0.0
    outer loop
      vertex -0.0013395837150626574 0.0006666571145842164 -0.003413203679854244
      vertex -0.0016451485909362265 0.0010000006245663225 -0.0036460234754627646
      vertex -0.0014613641060729453 0.0010000006220866721 -0.0037234949701374473
    endloop
  endfacet
  facet normal 0.0 0.0 0.0
    outer loop
      vertex -0.0013395837150626574 0.0006666571145842164 -0.003413203679854244
      vertex -0.0014613641060729453 0.0010000006220866721 -0.0037234949701374473
      vertex -0.001273946122064156 0.0010000006195579982 -0.003791709386641354
    endloop
  endfacet
  facet normal 0.0 0.0 0.0
    outer loop
      vertex -0.0013395837150626574 0.0006666571145842164 -0.003413203679854244
      vertex -0.0009028018363200246 0.00033334412040983413 -0.0032087475889271203
      vertex -0.0012178033240519582 0.00033334412465988556 -0.003102912389571041
    endloop
  endfacet
  facet normal 0.0 0.0 0.0
    outer loop
      vertex -0.0013395837150626574 0.0006666571145842164 -0.003413203679854244
      vertex -0.001273946122064156 0.0010000006195579982 -0.003791709386641354
      vertex -0.0009930814109855091 0.0006666571099091509 -0.0035296222799366416
    endloop
  endfacet
  facet normal 0.0 0.0 0.0
    outer loop
      vertex -0.0018084882147990284 0.00033334413262950234 -0.002800086461836666
      vertex -0.00152070173103438 0.0003333441287466402 -0.002966239415938228
      vertex -0.0014999993734713581 6.226079456284177e-10 -0.0025980763071125445
    endloop
  endfacet
  facet normal 0.0 0.0 0.0
    outer loop
      vertex -0.0018084882147990284 0.00033334413262950234 -0.002800086461836666
      vertex -0.0014999993734713581 6.226079456284177e-10 -0.0025980763071125445
      vertex -0.0016276391439791706 6.243300822100449e-10 -0.0025200776689594685
    endloop
  endfacet
  facet normal 0.0 0.0 0.0
    outer loop
      vertex -0.0018084882147990284 0.00033334413262950234 -0.002800086461836666
      vertex -0.0016276391439791706 6.243300822100449e-10 -0.0025200776689594685
      vertex -0.001751231520688155 6.259976106950462e-10 -0.0024358141058033406
    endloop
  endfacet
  facet normal 0.0 0.0 0.0
    outer loop
      vertex -0.0016727727256827746 0.0006666571190796568 -0.0032628633611744345
      vertex -0.0013395837150626574 0.0006666571145842164 -0.003413203679854244
      vertex -0.0012178033240519582 0.00033334412465988556 -0.003102912389571041
    endloop
  endfacet
  facet normal 0.0 0.0 0.0
    outer loop
      vertex -0.0016727727256827746 0.0006666571190796568 -0.0032628633611744345
      vertex -0.001999999359979195 0.0010000006293540268 -0.003464101516539425
      vertex -0.001824841812982125 0.0010000006269907727 -0.0035594873064106413
    endloop
  endfacet
  facet normal 0.0 0.0 0.0
    outer loop
      vertex -0.0016727727256827746 0.0006666571190796568 -0.0032628633611744345
      vertex -0.001824841812982125 0.0010000006269907727 -0.0035594873064106413
      vertex -0.0016451485909362265 0.0010000006245663225 -0.0036460234754627646
    endloop
  endfacet
  facet normal 0.0 0.0 0.0
    outer loop
      vertex -0.0016727727256827746 0.0006666571190796568 -0.0032628633611744345
      vertex -0.0016451485909362265 0.0010000006245663225 -0.0036460234754627646
      vertex -0.0013395837150626574 0.0006666571145842164 -0.003413203679854244
    endloop
  endfacet
  facet normal 0.0 0.0 0.0
    outer loop
      vertex -0.0016727727256827746 0.0006666571190796568 -0.0032628633611744345
      vertex -0.0012178033240519582 0.00033334412465988556 -0.003102912389571041
      vertex -0.00152070173103438 0.0003333441287466402 -0.002966239415938228
    endloop
  endfacet
  facet normal 0.0 0.0 0.0
    outer loop
      vertex -0.002078299845048052 0.0003333441362698448 -0.00260610505276379
      vertex -0.0018084882147990284 0.00033334413262950234 -0.002800086461836666
      vertex -0.001751231520688155 6.259976106950462e-10 -0.0024358141058033406
    endloop
  endfacet
  facet normal 0.0 0.0 0.0
    outer loop
      vertex -0.002078299845048052 0.0003333441362698448 -0.00260610505276379
      vertex -0.001751231520688155 6.259976106950462e-10 -0.0024358141058033406
      vertex -0.0018704694204684286 6.276063878677961e-10 -0.002345494472319454
    endloop
  endfacet
  facet normal 0.0 0.0 0.0
    outer loop
      vertex -0.002078299845048052 0.0003333441362698448 -0.00260610505276379
      vertex -0.0018704694204684286 6.276063878677961e-10 -0.002345494472319454
      vertex -0.001985057204281905 6.291524249182207e-10 -0.0022493435972279013
    endloop
  endfacet
  facet normal 0.0 0.0 0.0
    outer loop
      vertex -0.0019893353782706653 0.0006666571233507717 -0.0030800950162952847
      vertex -0.00152070173103438 0.0003333441287466402 -0.002966239415938228
      vertex -0.0018084882147990284 0.00033334413262950234 -0.002800086461836666
    endloop
  endfacet
  facet normal 0.0 0.0 0.0
    outer loop
      vertex -0.0019893353782706653 0.0006666571233507717 -0.0030800950162952847
      vertex -0.001999999359979195 0.0010000006293540268 -0.003464101516539425
      vertex -0.0016727727256827746 0.0006666571190796568 -0.0032628633611744345
    endloop
  endfacet
  facet normal 0.0 0.0 0.0
    outer loop
      vertex -0.0019893353782706653 0.0006666571233507717 -0.0030800950162952847
      vertex -0.0023349755562682576 0.0010000006338735804 -0.00324775191479382
      vertex -0.0021701844490905234 0.001000000631650192 -0.0033601038091724818
    endloop
  endfacet
  facet normal 0.0 0.0 0.0
    outer loop
      vertex -0.0019893353782706653 0.0006666571233507717 -0.0030800950162952847
      vertex -0.0021701844490905234 0.001000000631650192 -0.0033601038091724818
      vertex -0.001999999359979195 0.0010000006293540268 -0.003464101516539425
    endloop
  endfacet
  facet normal 0.0 0.0 0.0
    outer loop
      vertex -0.0019893353782706653 0.0006666571233507717 -0.0030800950162952847
      vertex -0.0016727727256827746 0.0006666571190796568 -0.0032628633611744345
      vertex -0.00152070173103438 0.0003333441287466402 -0.002966239415938228
    endloop
  endfacet
  facet normal 0.0 0.0 0.0
    outer loop
      vertex -0.003999999063151614 0.02300000065633835 -8.290678929387028e-13
      vertex -0.0039999993599791955 0.0010000006563383528 -8.29070525109824e-13
      vertex -0.003995026902093453 0.0010000006562712635 0.00019938354856315288
    endloop
  endfacet
  facet normal 0.0 0.0 0.0
    outer loop
      vertex -0.003995028512614504 0.023000000656271287 0.0001993835485631555
      vertex -0.003995026902093453 0.0010000006562712635 0.00019938354856315288
      vertex -0.003980122879876657 0.001000000656070176 0.00039827138847652114
    endloop
  endfacet
  facet normal 0.0 0.0 0.0
    outer loop
      vertex -0.003995028512614504 0.023000000656271287 0.0001993835485631555
      vertex -0.003999999063151614 0.02300000065633835 -8.290678929387028e-13
      vertex -0.003995026902093453 0.0010000006562712635 0.00019938354856315288
    endloop
  endfacet
  facet normal 0.0 0.0 0.0
    outer loop
      vertex -0.003980122583049074 0.023000000656070173 0.0003982713884765238
      vertex -0.003980122879876657 0.001000000656070176 0.00039827138847652114
      vertex -0.003955323532952829 0.0010000006557355791 0.0005961690909320419
    endloop
  endfacet
  facet normal 0.0 0.0 0.0
    outer loop
      vertex -0.003980122583049074 0.023000000656070173 0.0003982713884765238
      vertex -0.003995028512614504 0.023000000656271287 0.0001993835485631555
      vertex -0.003980122879876657 0.001000000656070176 0.00039827138847652114
    endloop
  endfacet
  facet normal 0.0 0.0 0.0
    outer loop
      vertex -0.003955323236125246 0.023000000655735577 0.0005961690909320445
      vertex -0.003955323532952829 0.0010000006557355791 0.0005961690909320419
      vertex -0.003920689896478219 0.0010000006552682965 0.0007925845748836106
    endloop
  endfacet
  facet normal 0.0 0.0 0.0
    outer loop
      vertex -0.003955323236125246 0.023000000655735577 0.0005961690909320445
      vertex -0.003980122583049074 0.023000000656070173 0.0003982713884765238
      vertex -0.003955323532952829 0.0010000006557355791 0.0005961690909320419
    endloop
  endfacet
  facet normal 0.0 0.0 0.0
    outer loop
      vertex -0.003920689599650637 0.023000000655268294 0.0007925845748836132
      vertex -0.003920689896478219 0.0010000006552682965 0.0007925845748836106
      vertex -0.003876309708489938 0.001000000654669512 0.0009870295888835495
    endloop
  endfacet
  facet normal 0.0 0.0 0.0
    outer loop
      vertex -0.003920689599650637 0.023000000655268294 0.0007925845748836132
      vertex -0.003955323236125246 0.023000000655735577 0.0005961690909320445
      vertex -0.003920689896478219 0.0010000006552682965 0.0007925845748836106
    endloop
  endfacet
  facet normal 0.0 0.0 0.0
    outer loop
      vertex -0.0038763094116623558 0.02300000065466951 0.0009870295888835521
      vertex -0.003876309708489938 0.001000000654669512 0.0009870295888835495
      vertex -0.003822291687860055 0.0010000006539406918 0.0011790206796580857
    endloop
  endfacet
  facet normal 0.0 0.0 0.0
    outer loop
      vertex -0.0038763094116623558 0.02300000065466951 0.0009870295888835521
      vertex -0.003920689599650637 0.023000000655268294 0.0007925845748836132
      vertex -0.003876309708489938 0.001000000654669512 0.0009870295888835495
    endloop
  endfacet
  facet normal 0.0 0.0 0.0
    outer loop
      vertex -0.003822291391032473 0.02300000065394069 0.0011790206796580883
      vertex -0.003822291687860055 0.0010000006539406918 0.0011790206796580857
      vertex -0.0037587712563415003 0.0010000006530836638 0.0013680805332118577
    endloop
  endfacet
  facet normal 0.0 0.0 0.0
    outer loop
      vertex -0.003822291391032473 0.02300000065394069 0.0011790206796580883
      vertex -0.0038763094116623558 0.02300000065466951 0.0009870295888835521
      vertex -0.003822291687860055 0.0010000006539406918 0.0011790206796580857
    endloop
  endfacet
  facet normal 0.0 0.0 0.0
    outer loop
      vertex -0.0037587709595139182 0.02300000065308366 0.0013680805332118601
      vertex -0.0037587712563415003 0.0010000006530836638 0.0013680805332118577
      vertex -0.0036859048165221644 0.001000000652100538 0.0015537392265254565
    endloop
  endfacet
  facet normal 0.0 0.0 0.0
    outer loop
      vertex -0.0037587709595139182 0.02300000065308366 0.0013680805332118601
      vertex -0.003822291391032473 0.02300000065394069 0.0011790206796580883
      vertex -0.0037587712563415003 0.0010000006530836638 0.0013680805332118577
    endloop
  endfacet
  facet normal 0.0 0.0 0.0
    outer loop
      vertex -0.0036859045196945823 0.023000000652100536 0.0015537392265254591
      vertex -0.0036859048165221644 0.001000000652100538 0.0015537392265254565
      vertex -0.003603875473870797 0.0010000006509937847 0.0017355349428111622
    endloop
  endfacet
  facet normal 0.0 0.0 0.0
    outer loop
      vertex -0.0036859045196945823 0.023000000652100536 0.0015537392265254591
      vertex -0.0037587709595139182 0.02300000065308366 0.0013680805332118601
      vertex -0.0036859048165221644 0.001000000652100538 0.0015537392265254565
    endloop
  endfacet
  facet normal 0.0 0.0 0.0
    outer loop
      vertex -0.003603875177043215 0.02300000065099378 0.0017355349428111646
      vertex -0.003603875473870797 0.0010000006509937847 0.0017355349428111622
      vertex -0.0035128854073424773 0.001000000649766132 0.0019130158788615772
    endloop
  endfacet
  facet normal 0.0 0.0 0.0
    outer loop
      vertex -0.003603875177043215 0.02300000065099378 0.0017355349428111646
      vertex -0.0036859045196945823 0.023000000652100536 0.0015537392265254591
      vertex -0.003603875473870797 0.0010000006509937847 0.0017355349428111622
    endloop
  endfacet
  facet normal 0.0 0.0 0.0
    outer loop
      vertex -0.003512887017863528 0.023000000649766154 0.0019130158788615795
      vertex -0.0035128854073424773 0.001000000649766132 0.0019130158788615772
      vertex -0.0034131634987731416 0.0010000006484206677 0.002085740841096074
    endloop
  endfacet
  facet normal 0.0 0.0 0.0
    outer loop
      vertex -0.003512887017863528 0.023000000649766154 0.0019130158788615795
      vertex -0.003603875177043215 0.02300000065099378 0.0017355349428111646
      vertex -0.0035128854073424773 0.001000000649766132 0.0019130158788615772
    endloop
  endfacet
  facet normal 0.0 0.0 0.0
    outer loop
      vertex -0.0034131632019455595 0.023000000648420664 0.002085740841096077
      vertex -0.003512887017863528 0.023000000649766154 0.0019130158788615795
      vertex -0.0034131634987731416 0.0010000006484206677 0.002085740841096074
    endloop
  endfacet
  facet normal 0.0 0.0 0.0
    outer loop
      vertex -0.0034131632019455595 0.023000000648420664 0.002085740841096077
      vertex -0.0034131634987731416 0.0010000006484206677 0.002085740841096074
      vertex -0.0033049557961364225 0.0010000006469607116 0.002253280199235112
    endloop
  endfacet
  facet normal 0.0 0.0 0.0
    outer loop
      vertex -0.0033049554993088404 0.023000000646960707 0.002253280199235115
      vertex -0.0034131632019455595 0.023000000648420664 0.002085740841096077
      vertex -0.0033049557961364225 0.0010000006469607116 0.002253280199235112
    endloop
  endfacet
  facet normal 0.0 0.0 0.0
    outer loop
      vertex -0.0033049554993088404 0.023000000646960707 0.002253280199235115
      vertex -0.0033049557961364225 0.0010000006469607116 0.002253280199235112
      vertex -0.0031885293282409148 0.0010000006453898668 0.00241521767443958
    endloop
  endfacet
  facet normal 0.0 0.0 0.0
    outer loop
      vertex -0.0031885309387619655 0.02300000064538989 0.0024152176744395826
      vertex -0.0033049554993088404 0.023000000646960707 0.002253280199235115
      vertex -0.0031885293282409148 0.0010000006453898668 0.00241521767443958
    endloop
  endfacet
  facet normal 0.0 0.0 0.0
    outer loop
      vertex -0.0031885309387619655 0.02300000064538989 0.0024152176744395826
      vertex -0.0031885293282409148 0.0010000006453898668 0.00241521767443958
      vertex -0.003064177826776071 0.001000000643712096 0.0025711503393107955
    endloop
  endfacet
  facet normal 0.0 0.0 0.0
    outer loop
      vertex -0.003064177529948489 0.02300000064371209 0.0025711503393107986
      vertex -0.0031885309387619655 0.02300000064538989 0.0024152176744395826
      vertex -0.003064177826776071 0.001000000643712096 0.0025711503393107955
    endloop
  endfacet
  facet normal 0.0 0.0 0.0
    outer loop
      vertex -0.003064177529948489 0.02300000064371209 0.0025711503393107986
      vertex -0.003064177826776071 0.001000000643712096 0.0025711503393107955
      vertex -0.002932208374871774 0.0010000006419315429 0.0027206910020762987
    endloop
  endfacet
  facet normal 0.0 0.0 0.0
    outer loop
      vertex -0.002932208078044192 0.02300000064193154 0.0027206910020763013
      vertex -0.003064177529948489 0.02300000064371209 0.0025711503393107986
      vertex -0.002932208374871774 0.0010000006419315429 0.0027206910020762987
    endloop
  endfacet
  facet normal 0.0 0.0 0.0
    outer loop
      vertex -0.002932208078044192 0.02300000064193154 0.0027206910020763013
      vertex -0.002932208374871774 0.0010000006419315429 0.0027206910020762987
      vertex -0.0027929471291442353 0.0010000006400526073 0.002863467491334111
    endloop
  endfacet
  facet normal 0.0 0.0 0.0
    outer loop
      vertex -0.0027929468323166532 0.023000000640052604 0.0028634674913341138
      vertex -0.002932208078044192 0.02300000064193154 0.0027206910020763013
      vertex -0.0027929471291442353 0.0010000006400526073 0.002863467491334111
    endloop
  endfacet
  facet normal 0.0 0.0 0.0
    outer loop
      vertex -0.0027929468323166532 0.023000000640052604 0.0028634674913341138
      vertex -0.0027929471291442353 0.0010000006400526073 0.002863467491334111
      vertex -0.0026467431343932587 0.0010000006380799992 0.002999124801819951
    endloop
  endfacet
  facet normal 0.0 0.0 0.0
    outer loop
      vertex -0.0026467428375656766 0.023000000638079995 0.0029991248018199535
      vertex -0.0027929468323166532 0.023000000640052604 0.0028634674913341138
      vertex -0.0026467431343932587 0.0010000006380799992 0.002999124801819951
    endloop
  endfacet
  facet normal 0.0 0.0 0.0
    outer loop
      vertex -0.0026467428375656766 0.023000000638079995 0.0029991248018199535
      vertex -0.0026467431343932587 0.0010000006380799992 0.002999124801819951
      vertex -0.002493958786859079 0.001000000636018608 0.003127326048081548
    endloop
  endfacet
  facet normal 0.0 0.0 0.0
    outer loop
      vertex -0.002493958490031497 0.023000000636018605 0.0031273260480815506
      vertex -0.0026467428375656766 0.023000000638079995 0.0029991248018199535
      vertex -0.002493958786859079 0.001000000636018608 0.003127326048081548
    endloop
  endfacet
  facet normal 0.0 0.0 0.0
    outer loop
      vertex -0.002493958490031497 0.023000000636018605 0.0031273260480815506
      vertex -0.002493958786859079 0.001000000636018608 0.003127326048081548
      vertex -0.0023349755562682584 0.0010000006338735804 0.0032477519876414848
    endloop
  endfacet
  facet normal 0.0 0.0 0.0
    outer loop
      vertex -0.0023349752594406764 0.023000000633873575 0.0032477519876414874
      vertex -0.0023349755562682584 0.0010000006338735804 0.0032477519876414848
      vertex -0.0021701844490905242 0.001000000631650192 0.0033601036436015676
    endloop
  endfacet
  facet normal 0.0 0.0 0.0
    outer loop
      vertex -0.0023349752594406764 0.023000000633873575 0.0032477519876414874
      vertex -0.002493958490031497 0.023000000636018605 0.0031273260480815506
      vertex -0.0023349755562682584 0.0010000006338735804 0.0032477519876414848
    endloop
  endfacet
  facet normal 0.0 0.0 0.0
    outer loop
      vertex -0.002170184152262942 0.023000000631650187 0.00336010364360157
      vertex -0.0023349752594406764 0.023000000633873575 0.0032477519876414874
      vertex -0.0021701844490905242 0.001000000631650192 0.0033601036436015676
    endloop
  endfacet
  facet normal 0.0 0.0 0.0
    outer loop
      vertex -0.002170184152262942 0.023000000631650187 0.00336010364360157
      vertex -0.0021701844490905242 0.001000000631650192 0.0033601036436015676
      vertex -0.001999999359979196 0.0010000006293540268 0.00346410158938709
    endloop
  endfacet
  facet normal 0.0 0.0 0.0
    outer loop
      vertex -0.001999999063151614 0.023000000629354023 0.0034641015893870928
      vertex -0.001999999359979196 0.0010000006293540268 0.00346410158938709
      vertex -0.0018248418129821259 0.0010000006269907727 0.0035594871408397267
    endloop
  endfacet
  facet normal 0.0 0.0 0.0
    outer loop
      vertex -0.001999999063151614 0.023000000629354023 0.0034641015893870928
      vertex -0.002170184152262942 0.023000000631650187 0.00336010364360157
      vertex -0.001999999359979196 0.0010000006293540268 0.00346410158938709
    endloop
  endfacet
  facet normal 0.0 0.0 0.0
    outer loop
      vertex -0.0018248434235031766 0.023000000626990792 0.0035594871408397297
      vertex -0.0018248418129821259 0.0010000006269907727 0.0035594871408397267
      vertex -0.0016451485909362274 0.0010000006245663225 0.0036460233098918513
    endloop
  endfacet
  facet normal 0.0 0.0 0.0
    outer loop
      vertex -0.0018248434235031766 0.023000000626990792 0.0035594871408397297
      vertex -0.001999999063151614 0.023000000629354023 0.0034641015893870928
      vertex -0.0018248418129821259 0.0010000006269907727 0.0035594871408397267
    endloop
  endfacet
  facet normal 0.0 0.0 0.0
    outer loop
      vertex -0.0016451482941086453 0.02300000062456632 0.003646023309891854
      vertex -0.0016451485909362274 0.0010000006245663225 0.0036460233098918513
      vertex -0.0014613641060729462 0.0010000006220866721 0.003723495042985113
    endloop
  endfacet
  facet normal 0.0 0.0 0.0
    outer loop
      vertex -0.0016451482941086453 0.02300000062456632 0.003646023309891854
      vertex -0.0018248434235031766 0.023000000626990792 0.0035594871408397297
      vertex -0.0016451485909362274 0.0010000006245663225 0.0036460233098918513
    endloop
  endfacet
  facet normal 0.0 0.0 0.0
    outer loop
      vertex -0.001461363809245364 0.02300000062208667 0.0037234950429851157
      vertex -0.0014613641060729462 0.0010000006220866721 0.003723495042985113
      vertex -0.001273946122064157 0.0010000006195579982 0.003791709459489019
    endloop
  endfacet
  facet normal 0.0 0.0 0.0
    outer loop
      vertex -0.001461363809245364 0.02300000062208667 0.0037234950429851157
      vertex -0.0016451482941086453 0.02300000062456632 0.003646023309891854
      vertex -0.0014613641060729462 0.0010000006220866721 0.003723495042985113
    endloop
  endfacet
  facet normal 0.0 0.0 0.0
    outer loop
      vertex -0.0012739458252365749 0.023000000619557995 0.003791709459489022
      vertex -0.001273946122064157 0.0010000006195579982 0.003791709459489019
      vertex -0.0010833619393248992 0.0010000006169866053 0.003850497043793829
    endloop
  endfacet
  facet normal 0.0 0.0 0.0
    outer loop
      vertex -0.0012739458252365749 0.023000000619557995 0.003791709459489022
      vertex -0.001461363809245364 0.02300000062208667 0.0037234950429851157
      vertex -0.001273946122064157 0.0010000006195579982 0.003791709459489019
    endloop
  endfacet
  facet normal 0.0 0.0 0.0
    outer loop
      vertex -0.0010833616424973172 0.0230000006169866 0.0038504970437938314
      vertex -0.0010833619393248992 0.0010000006169866053 0.003850497043793829
      vertex -0.0008900836266417937 0.001000000614378863 0.0038997116453105525
    endloop
  endfacet
  facet normal 0.0 0.0 0.0
    outer loop
      vertex -0.0010833616424973172 0.0230000006169866 0.0038504970437938314
      vertex -0.0012739458252365749 0.023000000619557995 0.003791709459489022
      vertex -0.0010833619393248992 0.0010000006169866053 0.003850497043793829
    endloop
  endfacet
  facet normal 0.0 0.0 0.0
    outer loop
      vertex -0.0008900833298142116 0.02300000061437886 0.003899711645310555
      vertex -0.0008900836266417937 0.001000000614378863 0.0038997116453105525
      vertex -0.0006945927895446258 0.0010000006117412688 0.003939230955308111
    endloop
  endfacet
  facet normal 0.0 0.0 0.0
    outer loop
      vertex -0.0008900833298142116 0.02300000061437886 0.003899711645310555
      vertex -0.0010833616424973172 0.0230000006169866 0.0038504970437938314
      vertex -0.0008900836266417937 0.001000000614378863 0.0038997116453105525
    endloop
  endfacet
  facet normal 0.0 0.0 0.0
    outer loop
      vertex -0.0006945924927170436 0.023000000611741265 0.003939230955308114
      vertex -0.0006945927895446258 0.0010000006117412688 0.003939230955308111
      vertex -0.0004973748482604461 0.001000000609080372 0.003968956745331915
    endloop
  endfacet
  facet normal 0.0 0.0 0.0
    outer loop
      vertex -0.0006945924927170436 0.023000000611741265 0.003939230955308114
      vertex -0.0008900833298142116 0.02300000061437886 0.003899711645310555
      vertex -0.0006945927895446258 0.0010000006117412688 0.003939230955308111
    endloop
  endfacet
  facet normal 0.0 0.0 0.0
    outer loop
      vertex -0.000497374551432864 0.02300000060908037 0.003968956745331918
      vertex -0.0004973748482604461 0.001000000609080372 0.003968956745331915
      vertex -0.00029891999138788756 0.001000000606402787 0.003988815105622442
    endloop
  endfacet
  facet normal 0.0 0.0 0.0
    outer loop
      vertex -0.000497374551432864 0.02300000060908037 0.003968956745331918
      vertex -0.0006945924927170436 0.023000000611741265 0.003939230955308114
      vertex -0.0004973748482604461 0.001000000609080372 0.003968956745331915
    endloop
  endfacet
  facet normal 0.0 0.0 0.0
    outer loop
      vertex -0.00029892064823462184 0.023000000606402796 0.0039888151056224445
      vertex -0.00029891999138788756 0.001000000606402787 0.003988815105622442
      vertex -9.972317589716487e-05 0.001000000603715191 0.003998756683533819
    endloop
  endfacet
  facet normal 0.0 0.0 0.0
    outer loop
      vertex -0.00029892064823462184 0.023000000606402796 0.0039888151056224445
      vertex -0.000497374551432864 0.02300000060908037 0.003968956745331918
      vertex -0.00029891999138788756 0.001000000606402787 0.003988815105622442
    endloop
  endfacet
  facet normal 0.0 0.0 0.0
    outer loop
      vertex -9.972287906958273e-05 0.023000000603715185 0.003998756683533822
      vertex -9.972317589716487e-05 0.001000000603715191 0.003998756683533819
      vertex 9.972254859013982e-05 0.001000000601024237 0.003998756683533819
    endloop
  endfacet
  facet normal 0.0 0.0 0.0
    outer loop
      vertex -9.972287906958273e-05 0.023000000603715185 0.003998756683533822
      vertex -0.00029892064823462184 0.023000000606402796 0.0039888151056224445
      vertex -9.972317589716487e-05 0.001000000603715191 0.003998756683533819
    endloop
  endfacet
  facet normal 0.0 0.0 0.0
    outer loop
      vertex 9.972284541772196e-05 0.023000000601024233 0.003998756683533822
      vertex 9.972254859013982e-05 0.001000000601024237 0.003998756683533819
      vertex 0.0002989203177551789 0.001000000598336628 0.003988815105622442
    endloop
  endfacet
  facet normal 0.0 0.0 0.0
    outer loop
      vertex 9.972284541772196e-05 0.023000000601024233 0.003998756683533822
      vertex -9.972287906958273e-05 0.023000000603715185 0.003998756683533822
      vertex 9.972254859013982e-05 0.001000000601024237 0.003998756683533819
    endloop
  endfacet
  facet normal 0.0 0.0 0.0
    outer loop
      vertex 0.000298920614582761 0.023000000598336623 0.0039888151056224445
      vertex 0.0002989203177551789 0.001000000598336628 0.003988815105622442
      vertex 0.0004973751746277375 0.0010000005956590427 0.003968956745331915
    endloop
  endfacet
  facet normal 0.0 0.0 0.0
    outer loop
      vertex 0.000298920614582761 0.023000000598336623 0.0039888151056224445
      vertex 9.972284541772196e-05 0.023000000601024233 0.003998756683533822
      vertex 0.0002989203177551789 0.001000000598336628 0.003988815105622442
    endloop
  endfacet
  facet normal 0.0 0.0 0.0
    outer loop
      vertex 0.0004973745177810032 0.023000000595659053 0.003968956745331918
      vertex 0.0004973751746277375 0.0010000005956590427 0.003968956745331915
      vertex 0.0006945931159119172 0.001000000592998146 0.003939230955308111
    endloop
  endfacet
  facet normal 0.0 0.0 0.0
    outer loop
      vertex 0.0004973745177810032 0.023000000595659053 0.003968956745331918
      vertex 0.000298920614582761 0.023000000598336623 0.0039888151056224445
      vertex 0.0004973751746277375 0.0010000005956590427 0.003968956745331915
    endloop
  endfacet
  facet normal 0.0 0.0 0.0
    outer loop
      vertex 0.000694592459065183 0.023000000592998157 0.003939230955308114
      vertex 0.0006945931159119172 0.001000000592998146 0.003939230955308111
      vertex 0.0008900839530090851 0.001000000590360552 0.0038997116453105525
    endloop
  endfacet
  facet normal 0.0 0.0 0.0
    outer loop
      vertex 0.000694592459065183 0.023000000592998157 0.003939230955308114
      vertex 0.0004973745177810032 0.023000000595659053 0.003968956745331918
      vertex 0.0006945931159119172 0.001000000592998146 0.003939230955308111
    endloop
  endfacet
  facet normal 0.0 0.0 0.0
    outer loop
      vertex 0.0008900832961623509 0.023000000590360562 0.003899711645310555
      vertex 0.000694592459065183 0.023000000592998157 0.003939230955308114
      vertex 0.0008900839530090851 0.001000000590360552 0.0038997116453105525
    endloop
  endfacet
  facet normal 0.0 0.0 0.0
    outer loop
      vertex 0.0008900832961623509 0.023000000590360562 0.003899711645310555
      vertex 0.0008900839530090851 0.001000000590360552 0.0038997116453105525
      vertex 0.0010833622656921907 0.0010000005877528093 0.003850497043793829
    endloop
  endfacet
  facet normal 0.0 0.0 0.0
    outer loop
      vertex 0.0010833616088454564 0.023000000587752818 0.0038504970437938314
      vertex 0.0008900832961623509 0.023000000590360562 0.003899711645310555
      vertex 0.0010833622656921907 0.0010000005877528093 0.003850497043793829
    endloop
  endfacet
  facet normal 0.0 0.0 0.0
    outer loop
      vertex 0.0010833616088454564 0.023000000587752818 0.0038504970437938314
      vertex 0.0010833622656921907 0.0010000005877528093 0.003850497043793829
      vertex 0.0012739464484314484 0.0010000005851814166 0.003791709459489019
    endloop
  endfacet
  facet normal 0.0 0.0 0.0
    outer loop
      vertex 0.0012739467452590305 0.023000000585181413 0.003791709459489022
      vertex 0.0010833616088454564 0.023000000587752818 0.0038504970437938314
      vertex 0.0012739464484314484 0.0010000005851814166 0.003791709459489019
    endloop
  endfacet
  facet normal 0.0 0.0 0.0
    outer loop
      vertex 0.0012739467452590305 0.023000000585181413 0.003791709459489022
      vertex 0.0012739464484314484 0.0010000005851814166 0.003791709459489019
      vertex 0.0014613644324402374 0.0010000005826527425 0.003723495042985113
    endloop
  endfacet
  facet normal 0.0 0.0 0.0
    outer loop
      vertex 0.001461363775593503 0.023000000582652752 0.0037234950429851157
      vertex 0.0014613644324402374 0.0010000005826527425 0.003723495042985113
      vertex 0.0016451479636292023 0.0010000005801731053 0.0036460233098918513
    endloop
  endfacet
  facet normal 0.0 0.0 0.0
    outer loop
      vertex 0.001461363775593503 0.023000000582652752 0.0037234950429851157
      vertex 0.0012739467452590305 0.023000000585181413 0.003791709459489022
      vertex 0.0014613644324402374 0.0010000005826527425 0.003723495042985113
    endloop
  endfacet
  facet normal 0.0 0.0 0.0
    outer loop
      vertex 0.0016451482604567843 0.0230000005801731 0.003646023309891854
      vertex 0.0016451479636292023 0.0010000005801731053 0.0036460233098918513
      vertex 0.0018248430930237335 0.0010000005777486293 0.0035594871408397275
    endloop
  endfacet
  facet normal 0.0 0.0 0.0
    outer loop
      vertex 0.0016451482604567843 0.0230000005801731 0.003646023309891854
      vertex 0.001461363775593503 0.023000000582652752 0.0037234950429851157
      vertex 0.0016451479636292023 0.0010000005801731053 0.0036460233098918513
    endloop
  endfacet
  facet normal 0.0 0.0 0.0
    outer loop
      vertex 0.0018248424361769992 0.02300000057774864 0.0035594871408397306
      vertex 0.0018248430930237335 0.0010000005777486293 0.0035594871408397275
      vertex 0.0019999996863464876 0.001000000575385388 0.003464101589387091
    endloop
  endfacet
  facet normal 0.0 0.0 0.0
    outer loop
      vertex 0.0018248424361769992 0.02300000057774864 0.0035594871408397306
      vertex 0.0016451482604567843 0.0230000005801731 0.003646023309891854
      vertex 0.0018248430930237335 0.0010000005777486293 0.0035594871408397275
    endloop
  endfacet
  facet normal 0.0 0.0 0.0
    outer loop
      vertex 0.0019999999831740696 0.023000000575385385 0.0034641015893870936
      vertex 0.0019999996863464876 0.001000000575385388 0.003464101589387091
      vertex 0.0021701847754578155 0.001000000573089223 0.0033601036436015684
    endloop
  endfacet
  facet normal 0.0 0.0 0.0
    outer loop
      vertex 0.0019999999831740696 0.023000000575385385 0.0034641015893870936
      vertex 0.0018248424361769992 0.02300000057774864 0.0035594871408397306
      vertex 0.0019999996863464876 0.001000000575385388 0.003464101589387091
    endloop
  endfacet
  facet normal 0.0 0.0 0.0
    outer loop
      vertex 0.0021701850722853975 0.02300000057308922 0.003360103643601571
      vertex 0.0021701847754578155 0.001000000573089223 0.0033601036436015684
      vertex 0.0023349749289612335 0.0010000005708658475 0.0032477519876414856
    endloop
  endfacet
  facet normal 0.0 0.0 0.0
    outer loop
      vertex 0.0021701850722853975 0.02300000057308922 0.003360103643601571
      vertex 0.0019999999831740696 0.023000000575385385 0.0034641015893870936
      vertex 0.0021701847754578155 0.001000000573089223 0.0033601036436015684
    endloop
  endfacet
  facet normal 0.0 0.0 0.0
    outer loop
      vertex 0.0023349742721144994 0.023000000570865858 0.0032477519876414882
      vertex 0.0023349749289612335 0.0010000005708658475 0.0032477519876414856
      vertex 0.00249395911322637 0.0010000005687208068 0.003127326048081549
    endloop
  endfacet
  facet normal 0.0 0.0 0.0
    outer loop
      vertex 0.0023349742721144994 0.023000000570865858 0.0032477519876414882
      vertex 0.0021701850722853975 0.02300000057308922 0.003360103643601571
      vertex 0.0023349749289612335 0.0010000005708658475 0.0032477519876414856
    endloop
  endfacet
  facet normal 0.0 0.0 0.0
    outer loop
      vertex 0.002493959410053952 0.023000000568720803 0.0031273260480815515
      vertex 0.00249395911322637 0.0010000005687208068 0.003127326048081549
      vertex 0.00264674346076055 0.0010000005666594156 0.0029991248018199517
    endloop
  endfacet
  facet normal 0.0 0.0 0.0
    outer loop
      vertex 0.002493959410053952 0.023000000568720803 0.0031273260480815515
      vertex 0.0023349742721144994 0.023000000570865858 0.0032477519876414882
      vertex 0.00249395911322637 0.0010000005687208068 0.003127326048081549
    endloop
  endfacet
  facet normal 0.0 0.0 0.0
    outer loop
      vertex 0.002646743757588132 0.023000000566659413 0.0029991248018199548
      vertex 0.00264674346076055 0.0010000005666594156 0.0029991248018199517
      vertex 0.0027929474555115266 0.0010000005646868075 0.002863467491334112
    endloop
  endfacet
  facet normal 0.0 0.0 0.0
    outer loop
      vertex 0.002646743757588132 0.023000000566659413 0.0029991248018199548
      vertex 0.002493959410053952 0.023000000568720803 0.0031273260480815515
      vertex 0.00264674346076055 0.0010000005666594156 0.0029991248018199517
    endloop
  endfacet
  facet normal 0.0 0.0 0.0
    outer loop
      vertex 0.0027929467986647924 0.023000000564686818 0.0028634674913341146
      vertex 0.0027929474555115266 0.0010000005646868075 0.002863467491334112
      vertex 0.0029322077475647493 0.001000000562807885 0.0027206910020762995
    endloop
  endfacet
  facet normal 0.0 0.0 0.0
    outer loop
      vertex 0.0027929467986647924 0.023000000564686818 0.0028634674913341146
      vertex 0.002646743757588132 0.023000000566659413 0.0029991248018199548
      vertex 0.0027929474555115266 0.0010000005646868075 0.002863467491334112
    endloop
  endfacet
  facet normal 0.0 0.0 0.0
    outer loop
      vertex 0.0029322070907180147 0.023000000562807894 0.002720691002076302
      vertex 0.0029322077475647493 0.001000000562807885 0.0027206910020762995
      vertex 0.0030641781531433624 0.0010000005610273186 0.002571150339310797
    endloop
  endfacet
  facet normal 0.0 0.0 0.0
    outer loop
      vertex 0.0029322070907180147 0.023000000562807894 0.002720691002076302
      vertex 0.0027929467986647924 0.023000000564686818 0.0028634674913341146
      vertex 0.0029322077475647493 0.001000000562807885 0.0027206910020762995
    endloop
  endfacet
  facet normal 0.0 0.0 0.0
    outer loop
      vertex 0.0030641774962966283 0.02300000056102733 0.0025711503393107994
      vertex 0.0030641781531433624 0.0010000005610273186 0.002571150339310797
      vertex 0.0031885296546082065 0.001000000559349548 0.002415217674439581
    endloop
  endfacet
  facet normal 0.0 0.0 0.0
    outer loop
      vertex 0.0030641774962966283 0.02300000056102733 0.0025711503393107994
      vertex 0.0029322070907180147 0.023000000562807894 0.002720691002076302
      vertex 0.0030641781531433624 0.0010000005610273186 0.002571150339310797
    endloop
  endfacet
  facet normal 0.0 0.0 0.0
    outer loop
      vertex 0.0031885299514357885 0.023000000559349545 0.0024152176744395835
      vertex 0.0031885296546082065 0.001000000559349548 0.002415217674439581
      vertex 0.0033049551688293976 0.0010000005577787158 0.002253280199235113
    endloop
  endfacet
  facet normal 0.0 0.0 0.0
    outer loop
      vertex 0.0031885299514357885 0.023000000559349545 0.0024152176744395835
      vertex 0.0030641774962966283 0.02300000056102733 0.0025711503393107994
      vertex 0.0031885296546082065 0.001000000559349548 0.002415217674439581
    endloop
  endfacet
  facet normal 0.0 0.0 0.0
    outer loop
      vertex 0.0033049554656569796 0.02300000055777871 0.0022532801992351157
      vertex 0.0033049551688293976 0.0010000005577787158 0.002253280199235113
      vertex 0.003413163825140433 0.0010000005563187472 0.0020857408410960747
    endloop
  endfacet
  facet normal 0.0 0.0 0.0
    outer loop
      vertex 0.0033049554656569796 0.02300000055777871 0.0022532801992351157
      vertex 0.0031885299514357885 0.023000000559349545 0.0024152176744395835
      vertex 0.0033049551688293976 0.0010000005577787158 0.002253280199235113
    endloop
  endfacet
  facet normal 0.0 0.0 0.0
    outer loop
      vertex 0.0034131631682936983 0.023000000556318758 0.0020857408410960778
      vertex 0.0033049554656569796 0.02300000055777871 0.0022532801992351157
      vertex 0.003413163825140433 0.0010000005563187472 0.0020857408410960747
    endloop
  endfacet
  facet normal 0.0 0.0 0.0
    outer loop
      vertex 0.0034131631682936983 0.023000000556318758 0.0020857408410960778
      vertex 0.003413163825140433 0.0010000005563187472 0.0020857408410960747
      vertex 0.003512886687384085 0.00100000055497327 0.001913015878861578
    endloop
  endfacet
  facet normal 0.0 0.0 0.0
    outer loop
      vertex 0.0035128860305373506 0.02300000055497328 0.0019130158788615806
      vertex 0.0034131631682936983 0.023000000556318758 0.0020857408410960778
      vertex 0.003512886687384085 0.00100000055497327 0.001913015878861578
    endloop
  endfacet
  facet normal 0.0 0.0 0.0
    outer loop
      vertex 0.0035128860305373506 0.02300000055497328 0.0019130158788615806
      vertex 0.003512886687384085 0.00100000055497327 0.001913015878861578
      vertex 0.0036038758002380896 0.00100000055374563 0.001735534942811163
    endloop
  endfacet
  facet normal 0.0 0.0 0.0
    outer loop
      vertex 0.003603875143391355 0.02300000055374564 0.0017355349428111655
      vertex 0.0035128860305373506 0.02300000055497328 0.0019130158788615806
      vertex 0.0036038758002380896 0.00100000055374563 0.001735534942811163
    endloop
  endfacet
  facet normal 0.0 0.0 0.0
    outer loop
      vertex 0.003603875143391355 0.02300000055374564 0.0017355349428111655
      vertex 0.0036038758002380896 0.00100000055374563 0.001735534942811163
      vertex 0.0036859051428894565 0.001000000552638877 0.0015537392265254574
    endloop
  endfacet
  facet normal 0.0 0.0 0.0
    outer loop
      vertex 0.0036859044860427224 0.02300000055263889 0.00155373922652546
      vertex 0.003603875143391355 0.02300000055374564 0.0017355349428111655
      vertex 0.0036859051428894565 0.001000000552638877 0.0015537392265254574
    endloop
  endfacet
  facet normal 0.0 0.0 0.0
    outer loop
      vertex 0.0036859044860427224 0.02300000055263889 0.00155373922652546
      vertex 0.0036859051428894565 0.001000000552638877 0.0015537392265254574
      vertex 0.0037587706290344762 0.0010000005516557638 0.0013680805332118586
    endloop
  endfacet
  facet normal 0.0 0.0 0.0
    outer loop
      vertex 0.0037587709258620583 0.02300000055165576 0.001368080533211861
      vertex 0.0036859044860427224 0.02300000055263889 0.00155373922652546
      vertex 0.0037587706290344762 0.0010000005516557638 0.0013680805332118586
    endloop
  endfacet
  facet normal 0.0 0.0 0.0
    outer loop
      vertex 0.0037587709258620583 0.02300000055165576 0.001368080533211861
      vertex 0.0037587706290344762 0.0010000005516557638 0.0013680805332118586
      vertex 0.0038222910605530307 0.0010000005507987356 0.0011790206796580866
    endloop
  endfacet
  facet normal 0.0 0.0 0.0
    outer loop
      vertex 0.003822291357380613 0.023000000550798733 0.0011790206796580892
      vertex 0.0037587709258620583 0.02300000055165576 0.001368080533211861
      vertex 0.0038222910605530307 0.0010000005507987356 0.0011790206796580866
    endloop
  endfacet
  facet normal 0.0 0.0 0.0
    outer loop
      vertex 0.003822291357380613 0.023000000550798733 0.0011790206796580892
      vertex 0.0038222910605530307 0.0010000005507987356 0.0011790206796580866
      vertex 0.0038763090811829138 0.0010000005500699159 0.0009870295888835504
    endloop
  endfacet
  facet normal 0.0 0.0 0.0
    outer loop
      vertex 0.003876309378010496 0.023000000550069913 0.000987029588883553
      vertex 0.003822291357380613 0.023000000550798733 0.0011790206796580892
      vertex 0.0038763090811829138 0.0010000005500699159 0.0009870295888835504
    endloop
  endfacet
  facet normal 0.0 0.0 0.0
    outer loop
      vertex 0.003876309378010496 0.023000000550069913 0.000987029588883553
      vertex 0.0038763090811829138 0.0010000005500699159 0.0009870295888835504
      vertex 0.003920690222845511 0.0010000005494711184 0.0007925845748836115
    endloop
  endfacet
  facet normal 0.0 0.0 0.0
    outer loop
      vertex 0.003920689565998777 0.023000000549471128 0.0007925845748836141
      vertex 0.003920690222845511 0.0010000005494711184 0.0007925845748836115
      vertex 0.003955322905645805 0.0010000005490038487 0.0005961690909320427
    endloop
  endfacet
  facet normal 0.0 0.0 0.0
    outer loop
      vertex 0.003920689565998777 0.023000000549471128 0.0007925845748836141
      vertex 0.003876309378010496 0.023000000550069913 0.000987029588883553
      vertex 0.003920690222845511 0.0010000005494711184 0.0007925845748836115
    endloop
  endfacet
  facet normal 0.0 0.0 0.0
    outer loop
      vertex 0.003955323202473386 0.023000000549003845 0.0005961690909320454
      vertex 0.003955322905645805 0.0010000005490038487 0.0005961690909320427
      vertex 0.0039801232062439485 0.0010000005486692388 0.0003982713884765222
    endloop
  endfacet
  facet normal 0.0 0.0 0.0
    outer loop
      vertex 0.003955323202473386 0.023000000549003845 0.0005961690909320454
      vertex 0.003920689565998777 0.023000000549471128 0.0007925845748836141
      vertex 0.003955322905645805 0.0010000005490038487 0.0005961690909320427
    endloop
  endfacet
  facet normal 0.0 0.0 0.0
    outer loop
      vertex 0.003980123503071531 0.023000000548669235 0.00039827138847652483
      vertex 0.0039801232062439485 0.0010000005486692388 0.0003982713884765222
      vertex 0.003995027228460746 0.0010000005484681513 0.00019938354856315388
    endloop
  endfacet
  facet normal 0.0 0.0 0.0
    outer loop
      vertex 0.003980123503071531 0.023000000548669235 0.00039827138847652483
      vertex 0.003955323202473386 0.023000000549003845 0.0005961690909320454
      vertex 0.0039801232062439485 0.0010000005486692388 0.0003982713884765222
    endloop
  endfacet
  facet normal 0.0 0.0 0.0
    outer loop
      vertex 0.0039950275252883275 0.02300000054846815 0.0001993835485631565
      vertex 0.003995027228460746 0.0010000005484681513 0.00019938354856315388
      vertex 0.003999999686346488 0.0010000005484010622 -8.29069527339875e-13
    endloop
  endfacet
  facet normal 0.0 0.0 0.0
    outer loop
      vertex 0.0039950275252883275 0.02300000054846815 0.0001993835485631565
      vertex 0.003980123503071531 0.023000000548669235 0.00039827138847652483
      vertex 0.003995027228460746 0.0010000005484681513 0.00019938354856315388
    endloop
  endfacet
  facet normal 0.0 0.0 0.0
    outer loop
      vertex 0.00399999998317407 0.023000000548401057 -8.290668951687538e-13
      vertex 0.0039950275252883275 0.02300000054846815 0.0001993835485631565
      vertex 0.003999999686346488 0.0010000005484010622 -8.29069527339875e-13
    endloop
  endfacet
  facet normal 0.0 0.0 0.0
    outer loop
      vertex 0.00399999998317407 0.023000000548401057 -8.290668951687538e-13
      vertex 0.003999999686346488 0.0010000005484010622 -8.29069527339875e-13
      vertex 0.003995027228460746 0.0010000005484681513 -0.00019938353532013175
    endloop
  endfacet
  facet normal 0.0 0.0 0.0
    outer loop
      vertex 0.0039950275252883275 0.02300000054846815 -0.00019938353532012912
      vertex 0.00399999998317407 0.023000000548401057 -8.290668951687538e-13
      vertex 0.003995027228460746 0.0010000005484681513 -0.00019938353532013175
    endloop
  endfacet
  facet normal 0.0 0.0 0.0
    outer loop
      vertex 0.0039950275252883275 0.02300000054846815 -0.00019938353532012912
      vertex 0.003995027228460746 0.0010000005484681513 -0.00019938353532013175
      vertex 0.0039801232062439485 0.0010000005486692388 -0.00039827137523350004
    endloop
  endfacet
  facet normal 0.0 0.0 0.0
    outer loop
      vertex 0.003980123503071531 0.023000000548669235 -0.0003982713752334974
      vertex 0.0039950275252883275 0.02300000054846815 -0.00019938353532012912
      vertex 0.0039801232062439485 0.0010000005486692388 -0.00039827137523350004
    endloop
  endfacet
  facet normal 0.0 0.0 0.0
    outer loop
      vertex 0.003980123503071531 0.023000000548669235 -0.0003982713752334974
      vertex 0.0039801232062439485 0.0010000005486692388 -0.00039827137523350004
      vertex 0.003955322905645805 0.0010000005490038487 -0.0005961690776890207
    endloop
  endfacet
  facet normal 0.0 0.0 0.0
    outer loop
      vertex 0.003955323202473386 0.023000000549003845 -0.0005961690776890181
      vertex 0.003980123503071531 0.023000000548669235 -0.0003982713752334974
      vertex 0.003955322905645805 0.0010000005490038487 -0.0005961690776890207
    endloop
  endfacet
  facet normal 0.0 0.0 0.0
    outer loop
      vertex 0.003920689565998777 0.023000000549471128 -0.0007925845616405867
      vertex 0.003955323202473386 0.023000000549003845 -0.0005961690776890181
      vertex 0.003955322905645805 0.0010000005490038487 -0.0005961690776890207
    endloop
  endfacet
  facet normal 0.0 0.0 0.0
    outer loop
      vertex 0.003920689565998777 0.023000000549471128 -0.0007925845616405867
      vertex 0.003920690222845511 0.0010000005494711184 -0.0007925845616405894
      vertex 0.0038763090811829138 0.0010000005500699159 -0.0009870295756405285
    endloop
  endfacet
  facet normal 0.0 0.0 0.0
    outer loop
      vertex 0.003920689565998777 0.023000000549471128 -0.0007925845616405867
      vertex 0.003955322905645805 0.0010000005490038487 -0.0005961690776890207
      vertex 0.003920690222845511 0.0010000005494711184 -0.0007925845616405894
    endloop
  endfacet
  facet normal 0.0 0.0 0.0
    outer loop
      vertex 0.003876309378010496 0.023000000550069913 -0.0009870295756405256
      vertex 0.003920689565998777 0.023000000549471128 -0.0007925845616405867
      vertex 0.0038763090811829138 0.0010000005500699159 -0.0009870295756405285
    endloop
  endfacet
  facet normal 0.0 0.0 0.0
    outer loop
      vertex 0.003822291357380613 0.023000000550798733 -0.0011790207260197068
      vertex 0.003876309378010496 0.023000000550069913 -0.0009870295756405256
      vertex 0.0038763090811829138 0.0010000005500699159 -0.0009870295756405285
    endloop
  endfacet
  facet normal 0.0 0.0 0.0
    outer loop
      vertex 0.003822291357380613 0.023000000550798733 -0.0011790207260197068
      vertex 0.0038222910605530307 0.0010000005507987356 -0.0011790207260197092
      vertex 0.0037587706290344762 0.0010000005516557638 -0.0013680805795734813
    endloop
  endfacet
  facet normal 0.0 0.0 0.0
    outer loop
      vertex 0.003822291357380613 0.023000000550798733 -0.0011790207260197068
      vertex 0.0038763090811829138 0.0010000005500699159 -0.0009870295756405285
      vertex 0.0038222910605530307 0.0010000005507987356 -0.0011790207260197092
    endloop
  endfacet
  facet normal 0.0 0.0 0.0
    outer loop
      vertex 0.0037587709258620583 0.02300000055165576 -0.0013680805795734787
      vertex 0.003822291357380613 0.023000000550798733 -0.0011790207260197068
      vertex 0.0037587706290344762 0.0010000005516557638 -0.0013680805795734813
    endloop
  endfacet
  facet normal 0.0 0.0 0.0
    outer loop
      vertex 0.0036859044860427224 0.02300000055263889 -0.001553739153677788
      vertex 0.0037587709258620583 0.02300000055165576 -0.0013680805795734787
      vertex 0.0037587706290344762 0.0010000005516557638 -0.0013680805795734813
    endloop
  endfacet
  facet normal 0.0 0.0 0.0
    outer loop
      vertex 0.0036859044860427224 0.02300000055263889 -0.001553739153677788
      vertex 0.0036859051428894565 0.001000000552638877 -0.0015537391536777905
      vertex 0.0036038758002380896 0.00100000055374563 -0.0017355349891727855
    endloop
  endfacet
  facet normal 0.0 0.0 0.0
    outer loop
      vertex 0.0036859044860427224 0.02300000055263889 -0.001553739153677788
      vertex 0.0037587706290344762 0.0010000005516557638 -0.0013680805795734813
      vertex 0.0036859051428894565 0.001000000552638877 -0.0015537391536777905
    endloop
  endfacet
  facet normal 0.0 0.0 0.0
    outer loop
      vertex 0.003603875143391355 0.02300000055374564 -0.0017355349891727831
      vertex 0.0036859044860427224 0.02300000055263889 -0.001553739153677788
      vertex 0.0036038758002380896 0.00100000055374563 -0.0017355349891727855
    endloop
  endfacet
  facet normal 0.0 0.0 0.0
    outer loop
      vertex 0.003603875143391355 0.02300000055374564 -0.0017355349891727831
      vertex 0.0036038758002380896 0.00100000055374563 -0.0017355349891727855
      vertex 0.003512886687384086 0.00100000055497327 -0.0019130159252232007
    endloop
  endfacet
  facet normal 0.0 0.0 0.0
    outer loop
      vertex 0.0035128860305373515 0.02300000055497328 -0.001913015925223198
      vertex 0.003603875143391355 0.02300000055374564 -0.0017355349891727831
      vertex 0.003512886687384086 0.00100000055497327 -0.0019130159252232007
    endloop
  endfacet
  facet normal 0.0 0.0 0.0
    outer loop
      vertex 0.0035128860305373515 0.02300000055497328 -0.001913015925223198
      vertex 0.003512886687384086 0.00100000055497327 -0.0019130159252232007
      vertex 0.0034131638251404337 0.0010000005563187472 -0.0020857407682484085
    endloop
  endfacet
  facet normal 0.0 0.0 0.0
    outer loop
      vertex 0.003413163168293699 0.023000000556318758 -0.002085740768248406
      vertex 0.0035128860305373515 0.02300000055497328 -0.001913015925223198
      vertex 0.0034131638251404337 0.0010000005563187472 -0.0020857407682484085
    endloop
  endfacet
  facet normal 0.0 0.0 0.0
    outer loop
      vertex 0.003413163168293699 0.023000000556318758 -0.002085740768248406
      vertex 0.0034131638251404337 0.0010000005563187472 -0.0020857407682484085
      vertex 0.0033049551688293984 0.0010000005577787158 -0.0022532801263874464
    endloop
  endfacet
  facet normal 0.0 0.0 0.0
    outer loop
      vertex 0.0033049554656569805 0.02300000055777871 -0.0022532801263874438
      vertex 0.003413163168293699 0.023000000556318758 -0.002085740768248406
      vertex 0.0033049551688293984 0.0010000005577787158 -0.0022532801263874464
    endloop
  endfacet
  facet normal 0.0 0.0 0.0
    outer loop
      vertex 0.0033049554656569805 0.02300000055777871 -0.0022532801263874438
      vertex 0.0033049551688293984 0.0010000005577787158 -0.0022532801263874464
      vertex 0.0031885296546082073 0.001000000559349548 -0.002415217601591914
    endloop
  endfacet
  facet normal 0.0 0.0 0.0
    outer loop
      vertex 0.0031885299514357894 0.023000000559349545 -0.0024152176015919116
      vertex 0.0033049554656569805 0.02300000055777871 -0.0022532801263874438
      vertex 0.0031885296546082073 0.001000000559349548 -0.002415217601591914
    endloop
  endfacet
  facet normal 0.0 0.0 0.0
    outer loop
      vertex 0.0031885299514357894 0.023000000559349545 -0.0024152176015919116
      vertex 0.0031885296546082073 0.001000000559349548 -0.002415217601591914
      vertex 0.0030641781531433633 0.0010000005610273186 -0.0025711505048817093
    endloop
  endfacet
  facet normal 0.0 0.0 0.0
    outer loop
      vertex 0.003064177496296629 0.02300000056102733 -0.0025711505048817067
      vertex 0.0031885299514357894 0.023000000559349545 -0.0024152176015919116
      vertex 0.0030641781531433633 0.0010000005610273186 -0.0025711505048817093
    endloop
  endfacet
  facet normal 0.0 0.0 0.0
    outer loop
      vertex 0.003064177496296629 0.02300000056102733 -0.0025711505048817067
      vertex 0.0030641781531433633 0.0010000005610273186 -0.0025711505048817093
      vertex 0.00293220774756475 0.001000000562807885 -0.002720690929228633
    endloop
  endfacet
  facet normal 0.0 0.0 0.0
    outer loop
      vertex 0.0029322070907180156 0.023000000562807894 -0.0027206909292286302
      vertex 0.003064177496296629 0.02300000056102733 -0.0025711505048817067
      vertex 0.00293220774756475 0.001000000562807885 -0.002720690929228633
    endloop
  endfacet
  facet normal 0.0 0.0 0.0
    outer loop
      vertex 0.0029322070907180156 0.023000000562807894 -0.0027206909292286302
      vertex 0.00293220774756475 0.001000000562807885 -0.002720690929228633
      vertex 0.0027929474555115274 0.0010000005646868075 -0.0028634674184864453
    endloop
  endfacet
  facet normal 0.0 0.0 0.0
    outer loop
      vertex 0.0027929467986647933 0.023000000564686818 -0.0028634674184864427
      vertex 0.0027929474555115274 0.0010000005646868075 -0.0028634674184864453
      vertex 0.002646743460760551 0.0010000005666594156 -0.0029991247289722855
    endloop
  endfacet
  facet normal 0.0 0.0 0.0
    outer loop
      vertex 0.0027929467986647933 0.023000000564686818 -0.0028634674184864427
      vertex 0.0029322070907180156 0.023000000562807894 -0.0027206909292286302
      vertex 0.0027929474555115274 0.0010000005646868075 -0.0028634674184864453
    endloop
  endfacet
  facet normal 0.0 0.0 0.0
    outer loop
      vertex 0.002646743757588133 0.023000000566659413 -0.002999124728972283
      vertex 0.0027929467986647933 0.023000000564686818 -0.0028634674184864427
      vertex 0.002646743460760551 0.0010000005666594156 -0.0029991247289722855
    endloop
  endfacet
  facet normal 0.0 0.0 0.0
    outer loop
      vertex 0.0024939594100539535 0.023000000568720803 -0.0031273259752338796
      vertex 0.002493959113226371 0.0010000005687208068 -0.0031273259752338826
      vertex 0.0023349749289612344 0.0010000005708658475 -0.003247751914793819
    endloop
  endfacet
  facet normal 0.0 0.0 0.0
    outer loop
      vertex 0.0024939594100539535 0.023000000568720803 -0.0031273259752338796
      vertex 0.002646743460760551 0.0010000005666594156 -0.0029991247289722855
      vertex 0.002493959113226371 0.0010000005687208068 -0.0031273259752338826
    endloop
  endfacet
  facet normal 0.0 0.0 0.0
    outer loop
      vertex 0.0024939594100539535 0.023000000568720803 -0.0031273259752338796
      vertex 0.002646743757588133 0.023000000566659413 -0.002999124728972283
      vertex 0.002646743460760551 0.0010000005666594156 -0.0029991247289722855
    endloop
  endfacet
  facet normal 0.0 0.0 0.0
    outer loop
      vertex 0.0023349742721145003 0.023000000570865858 -0.0032477519147938163
      vertex 0.0023349749289612344 0.0010000005708658475 -0.003247751914793819
      vertex 0.0021701847754578164 0.001000000573089223 -0.003360103809172481
    endloop
  endfacet
  facet normal 0.0 0.0 0.0
    outer loop
      vertex 0.0023349742721145003 0.023000000570865858 -0.0032477519147938163
      vertex 0.0024939594100539535 0.023000000568720803 -0.0031273259752338796
      vertex 0.0023349749289612344 0.0010000005708658475 -0.003247751914793819
    endloop
  endfacet
  facet normal 0.0 0.0 0.0
    outer loop
      vertex 0.0021701850722853984 0.02300000057308922 -0.0033601038091724783
      vertex 0.0021701847754578164 0.001000000573089223 -0.003360103809172481
      vertex 0.0019999996863464885 0.001000000575385388 -0.0034641015165394243
    endloop
  endfacet
  facet normal 0.0 0.0 0.0
    outer loop
      vertex 0.0021701850722853984 0.02300000057308922 -0.0033601038091724783
      vertex 0.0023349742721145003 0.023000000570865858 -0.0032477519147938163
      vertex 0.0021701847754578164 0.001000000573089223 -0.003360103809172481
    endloop
  endfacet
  facet normal 0.0 0.0 0.0
    outer loop
      vertex 0.0019999999831740705 0.023000000575385385 -0.0034641015165394217
      vertex 0.0021701850722853984 0.02300000057308922 -0.0033601038091724783
      vertex 0.0019999996863464885 0.001000000575385388 -0.0034641015165394243
    endloop
  endfacet
  facet normal 0.0 0.0 0.0
    outer loop
      vertex 0.0018248424361770002 0.02300000057774864 -0.0035594873064106374
      vertex 0.0018248430930237346 0.0010000005777486293 -0.0035594873064106404
      vertex 0.0016451479636292031 0.0010000005801731053 -0.0036460234754627646
    endloop
  endfacet
  facet normal 0.0 0.0 0.0
    outer loop
      vertex 0.0018248424361770002 0.02300000057774864 -0.0035594873064106374
      vertex 0.0019999996863464885 0.001000000575385388 -0.0034641015165394243
      vertex 0.0018248430930237346 0.0010000005777486293 -0.0035594873064106404
    endloop
  endfacet
  facet normal 0.0 0.0 0.0
    outer loop
      vertex 0.0018248424361770002 0.02300000057774864 -0.0035594873064106374
      vertex 0.0019999999831740705 0.023000000575385385 -0.0034641015165394217
      vertex 0.0019999996863464885 0.001000000575385388 -0.0034641015165394243
    endloop
  endfacet
  facet normal 0.0 0.0 0.0
    outer loop
      vertex 0.0016451482604567854 0.0230000005801731 -0.003646023475462762
      vertex 0.0016451479636292031 0.0010000005801731053 -0.0036460234754627646
      vertex 0.0014613644324402383 0.0010000005826527425 -0.0037234949701374473
    endloop
  endfacet
  facet normal 0.0 0.0 0.0
    outer loop
      vertex 0.0016451482604567854 0.0230000005801731 -0.003646023475462762
      vertex 0.0018248424361770002 0.02300000057774864 -0.0035594873064106374
      vertex 0.0016451479636292031 0.0010000005801731053 -0.0036460234754627646
    endloop
  endfacet
  facet normal 0.0 0.0 0.0
    outer loop
      vertex 0.0014613637755935042 0.023000000582652752 -0.0037234949701374447
      vertex 0.0016451482604567854 0.0230000005801731 -0.003646023475462762
      vertex 0.0014613644324402383 0.0010000005826527425 -0.0037234949701374473
    endloop
  endfacet
  facet normal 0.0 0.0 0.0
    outer loop
      vertex 0.0012739467452590313 0.023000000585181413 -0.0037917093866413508
      vertex 0.0014613637755935042 0.023000000582652752 -0.0037234949701374447
      vertex 0.0014613644324402383 0.0010000005826527425 -0.0037234949701374473
    endloop
  endfacet
  facet normal 0.0 0.0 0.0
    outer loop
      vertex 0.0012739467452590313 0.023000000585181413 -0.0037917093866413508
      vertex 0.0012739464484314493 0.0010000005851814166 -0.003791709386641354
      vertex 0.0010833622656921916 0.0010000005877528093 -0.003850496970946163
    endloop
  endfacet
  facet normal 0.0 0.0 0.0
    outer loop
      vertex 0.0012739467452590313 0.023000000585181413 -0.0037917093866413508
      vertex 0.0014613644324402383 0.0010000005826527425 -0.0037234949701374473
      vertex 0.0012739464484314493 0.0010000005851814166 -0.003791709386641354
    endloop
  endfacet
  facet normal 0.0 0.0 0.0
    outer loop
      vertex 0.0010833616088454573 0.023000000587752818 -0.0038504969709461604
      vertex 0.0012739467452590313 0.023000000585181413 -0.0037917093866413508
      vertex 0.0010833622656921916 0.0010000005877528093 -0.003850496970946163
    endloop
  endfacet
  facet normal 0.0 0.0 0.0
    outer loop
      vertex 0.0008900832961623519 0.023000000590360562 -0.003899711572462884
      vertex 0.0008900839530090861 0.001000000590360552 -0.0038997115724628867
      vertex 0.000694593115911918 0.001000000592998146 -0.003939231120879024
    endloop
  endfacet
  facet normal 0.0 0.0 0.0
    outer loop
      vertex 0.0008900832961623519 0.023000000590360562 -0.003899711572462884
      vertex 0.0010833622656921916 0.0010000005877528093 -0.003850496970946163
      vertex 0.0008900839530090861 0.001000000590360552 -0.0038997115724628867
    endloop
  endfacet
  facet normal 0.0 0.0 0.0
    outer loop
      vertex 0.0008900832961623519 0.023000000590360562 -0.003899711572462884
      vertex 0.0010833616088454573 0.023000000587752818 -0.0038504969709461604
      vertex 0.0010833622656921916 0.0010000005877528093 -0.003850496970946163
    endloop
  endfacet
  facet normal 0.0 0.0 0.0
    outer loop
      vertex 0.0006945924590651838 0.023000000592998157 -0.003939231120879022
      vertex 0.0008900832961623519 0.023000000590360562 -0.003899711572462884
      vertex 0.000694593115911918 0.001000000592998146 -0.003939231120879024
    endloop
  endfacet
  facet normal 0.0 0.0 0.0
    outer loop
      vertex 0.0006945924590651838 0.023000000592998157 -0.003939231120879022
      vertex 0.000694593115911918 0.001000000592998146 -0.003939231120879024
      vertex 0.0004973751746277385 0.0010000005956590427 -0.003968956910902828
    endloop
  endfacet
  facet normal 0.0 0.0 0.0
    outer loop
      vertex 0.0004973745177810041 0.023000000595659053 -0.0039689569109028254
      vertex 0.0006945924590651838 0.023000000592998157 -0.003939231120879022
      vertex 0.0004973751746277385 0.0010000005956590427 -0.003968956910902828
    endloop
  endfacet
  facet normal 0.0 0.0 0.0
    outer loop
      vertex 0.0004973745177810041 0.023000000595659053 -0.0039689569109028254
      vertex 0.0004973751746277385 0.0010000005956590427 -0.003968956910902828
      vertex 0.00029892031775517985 0.001000000598336628 -0.003988815271193356
    endloop
  endfacet
  facet normal 0.0 0.0 0.0
    outer loop
      vertex 0.000298920614582762 0.023000000598336623 -0.003988815271193353
      vertex 0.0004973745177810041 0.023000000595659053 -0.0039689569109028254
      vertex 0.00029892031775517985 0.001000000598336628 -0.003988815271193356
    endloop
  endfacet
  facet normal 0.0 0.0 0.0
    outer loop
      vertex 0.000298920614582762 0.023000000598336623 -0.003988815271193353
      vertex 0.00029892031775517985 0.001000000598336628 -0.003988815271193356
      vertex 9.97225485901408e-05 0.001000000601024237 -0.003998756610686154
    endloop
  endfacet
  facet normal 0.0 0.0 0.0
    outer loop
      vertex 9.972284541772293e-05 0.023000000601024233 -0.003998756610686151
      vertex 0.000298920614582762 0.023000000598336623 -0.003988815271193353
      vertex 9.97225485901408e-05 0.001000000601024237 -0.003998756610686154
    endloop
  endfacet
  facet normal 0.0 0.0 0.0
    outer loop
      vertex -9.972287906958175e-05 0.023000000603715185 -0.003998756610686151
      vertex 9.972284541772293e-05 0.023000000601024233 -0.003998756610686151
      vertex 9.97225485901408e-05 0.001000000601024237 -0.003998756610686154
    endloop
  endfacet
  facet normal 0.0 0.0 0.0
    outer loop
      vertex -9.972287906958175e-05 0.023000000603715185 -0.003998756610686151
      vertex -9.97231758971639e-05 0.001000000603715191 -0.003998756610686154
      vertex -0.0002989199913878865 0.001000000606402787 -0.003988815271193356
    endloop
  endfacet
  facet normal 0.0 0.0 0.0
    outer loop
      vertex -9.972287906958175e-05 0.023000000603715185 -0.003998756610686151
      vertex 9.97225485901408e-05 0.001000000601024237 -0.003998756610686154
      vertex -9.97231758971639e-05 0.001000000603715191 -0.003998756610686154
    endloop
  endfacet
  facet normal 0.0 0.0 0.0
    outer loop
      vertex -0.0002989206482346208 0.023000000606402796 -0.003988815271193353
      vertex -9.972287906958175e-05 0.023000000603715185 -0.003998756610686151
      vertex -0.0002989199913878865 0.001000000606402787 -0.003988815271193356
    endloop
  endfacet
  facet normal 0.0 0.0 0.0
    outer loop
      vertex -0.0002989206482346208 0.023000000606402796 -0.003988815271193353
      vertex -0.0002989199913878865 0.001000000606402787 -0.003988815271193356
      vertex -0.0004973748482604451 0.001000000609080372 -0.003968956910902828
    endloop
  endfacet
  facet normal 0.0 0.0 0.0
    outer loop
      vertex -0.000497374551432863 0.02300000060908037 -0.0039689569109028254
      vertex -0.0002989206482346208 0.023000000606402796 -0.003988815271193353
      vertex -0.0004973748482604451 0.001000000609080372 -0.003968956910902828
    endloop
  endfacet
  facet normal 0.0 0.0 0.0
    outer loop
      vertex -0.0006945924927170427 0.023000000611741265 -0.003939231120879022
      vertex -0.000497374551432863 0.02300000060908037 -0.0039689569109028254
      vertex -0.0004973748482604451 0.001000000609080372 -0.003968956910902828
    endloop
  endfacet
  facet normal 0.0 0.0 0.0
    outer loop
      vertex -0.0006945924927170427 0.023000000611741265 -0.003939231120879022
      vertex -0.0006945927895446248 0.0010000006117412688 -0.003939231120879024
      vertex -0.0008900836266417929 0.001000000614378863 -0.0038997115724628867
    endloop
  endfacet
  facet normal 0.0 0.0 0.0
    outer loop
      vertex -0.0006945924927170427 0.023000000611741265 -0.003939231120879022
      vertex -0.0004973748482604451 0.001000000609080372 -0.003968956910902828
      vertex -0.0006945927895446248 0.0010000006117412688 -0.003939231120879024
    endloop
  endfacet
  facet normal 0.0 0.0 0.0
    outer loop
      vertex -0.0008900833298142107 0.02300000061437886 -0.003899711572462884
      vertex -0.0006945924927170427 0.023000000611741265 -0.003939231120879022
      vertex -0.0008900836266417929 0.001000000614378863 -0.0038997115724628867
    endloop
  endfacet
  facet normal 0.0 0.0 0.0
    outer loop
      vertex -0.0010833616424973163 0.0230000006169866 -0.0038504969709461604
      vertex -0.0008900833298142107 0.02300000061437886 -0.003899711572462884
      vertex -0.0008900836266417929 0.001000000614378863 -0.0038997115724628867
    endloop
  endfacet
  facet normal 0.0 0.0 0.0
    outer loop
      vertex -0.0010833616424973163 0.0230000006169866 -0.0038504969709461604
      vertex -0.0008900836266417929 0.001000000614378863 -0.0038997115724628867
      vertex -0.0010833619393248984 0.0010000006169866053 -0.003850496970946163
    endloop
  endfacet
  facet normal 0.0 0.0 0.0
    outer loop
      vertex -0.001273945825236574 0.023000000619557995 -0.0037917093866413508
      vertex -0.0010833616424973163 0.0230000006169866 -0.0038504969709461604
      vertex -0.0010833619393248984 0.0010000006169866053 -0.003850496970946163
    endloop
  endfacet
  facet normal 0.0 0.0 0.0
    outer loop
      vertex -0.001273945825236574 0.023000000619557995 -0.0037917093866413508
      vertex -0.0010833619393248984 0.0010000006169866053 -0.003850496970946163
      vertex -0.001273946122064156 0.0010000006195579982 -0.003791709386641354
    endloop
  endfacet
  facet normal 0.0 0.0 0.0
    outer loop
      vertex -0.0014613638092453632 0.02300000062208667 -0.0037234949701374447
      vertex -0.0014613641060729453 0.0010000006220866721 -0.0037234949701374473
      vertex -0.0016451485909362265 0.0010000006245663225 -0.0036460234754627646
    endloop
  endfacet
  facet normal 0.0 0.0 0.0
    outer loop
      vertex -0.0014613638092453632 0.02300000062208667 -0.0037234949701374447
      vertex -0.001273946122064156 0.0010000006195579982 -0.003791709386641354
      vertex -0.0014613641060729453 0.0010000006220866721 -0.0037234949701374473
    endloop
  endfacet
  facet normal 0.0 0.0 0.0
    outer loop
      vertex -0.0014613638092453632 0.02300000062208667 -0.0037234949701374447
      vertex -0.001273945825236574 0.023000000619557995 -0.0037917093866413508
      vertex -0.001273946122064156 0.0010000006195579982 -0.003791709386641354
    endloop
  endfacet
  facet normal 0.0 0.0 0.0
    outer loop
      vertex -0.0016451482941086445 0.02300000062456632 -0.003646023475462762
      vertex -0.0016451485909362265 0.0010000006245663225 -0.0036460234754627646
      vertex -0.001824841812982125 0.0010000006269907727 -0.0035594873064106413
    endloop
  endfacet
  facet normal 0.0 0.0 0.0
    outer loop
      vertex -0.0016451482941086445 0.02300000062456632 -0.003646023475462762
      vertex -0.0014613638092453632 0.02300000062208667 -0.0037234949701374447
      vertex -0.0016451485909362265 0.0010000006245663225 -0.0036460234754627646
    endloop
  endfacet
  facet normal 0.0 0.0 0.0
    outer loop
      vertex -0.0018248434235031757 0.023000000626990792 -0.0035594873064106387
      vertex -0.0016451482941086445 0.02300000062456632 -0.003646023475462762
      vertex -0.001824841812982125 0.0010000006269907727 -0.0035594873064106413
    endloop
  endfacet
  facet normal 0.0 0.0 0.0
    outer loop
      vertex -0.001999999063151613 0.023000000629354023 -0.0034641015165394226
      vertex -0.001824841812982125 0.0010000006269907727 -0.0035594873064106413
      vertex -0.001999999359979195 0.0010000006293540268 -0.003464101516539425
    endloop
  endfacet
  facet normal 0.0 0.0 0.0
    outer loop
      vertex -0.001999999063151613 0.023000000629354023 -0.0034641015165394226
      vertex -0.0018248434235031757 0.023000000626990792 -0.0035594873064106387
      vertex -0.001824841812982125 0.0010000006269907727 -0.0035594873064106413
    endloop
  endfacet
  facet normal 0.0 0.0 0.0
    outer loop
      vertex -0.0021701841522629413 0.023000000631650187 -0.003360103809172479
      vertex -0.0021701844490905234 0.001000000631650192 -0.0033601038091724818
      vertex -0.0023349755562682576 0.0010000006338735804 -0.00324775191479382
    endloop
  endfacet
  facet normal 0.0 0.0 0.0
    outer loop
      vertex -0.0021701841522629413 0.023000000631650187 -0.003360103809172479
      vertex -0.001999999359979195 0.0010000006293540268 -0.003464101516539425
      vertex -0.0021701844490905234 0.001000000631650192 -0.0033601038091724818
    endloop
  endfacet
  facet normal 0.0 0.0 0.0
    outer loop
      vertex -0.0021701841522629413 0.023000000631650187 -0.003360103809172479
      vertex -0.001999999063151613 0.023000000629354023 -0.0034641015165394226
      vertex -0.001999999359979195 0.0010000006293540268 -0.003464101516539425
    endloop
  endfacet
  facet normal 0.0 0.0 0.0
    outer loop
      vertex -0.0023349752594406755 0.023000000633873575 -0.003247751914793817
      vertex -0.0023349755562682576 0.0010000006338735804 -0.00324775191479382
      vertex -0.002493958786859078 0.001000000636018608 -0.0031273259752338835
    endloop
  endfacet
  facet normal 0.0 0.0 0.0
    outer loop
      vertex -0.0023349752594406755 0.023000000633873575 -0.003247751914793817
      vertex -0.0021701841522629413 0.023000000631650187 -0.003360103809172479
      vertex -0.0023349755562682576 0.0010000006338735804 -0.00324775191479382
    endloop
  endfacet
  facet normal 0.0 0.0 0.0
    outer loop
      vertex -0.002493958490031496 0.023000000636018605 -0.003127325975233881
      vertex -0.0023349752594406755 0.023000000633873575 -0.003247751914793817
      vertex -0.002493958786859078 0.001000000636018608 -0.0031273259752338835
    endloop
  endfacet
  facet normal 0.0 0.0 0.0
    outer loop
      vertex -0.0026467428375656758 0.023000000638079995 -0.0029991247289722837
      vertex -0.002646743134393258 0.0010000006380799992 -0.0029991247289722863
      vertex -0.0027929471291442344 0.0010000006400526073 -0.002863467418486446
    endloop
  endfacet
  facet normal 0.0 0.0 0.0
    outer loop
      vertex -0.0026467428375656758 0.023000000638079995 -0.0029991247289722837
      vertex -0.002493958786859078 0.001000000636018608 -0.0031273259752338835
      vertex -0.002646743134393258 0.0010000006380799992 -0.0029991247289722863
    endloop
  endfacet
  facet normal 0.0 0.0 0.0
    outer loop
      vertex -0.0026467428375656758 0.023000000638079995 -0.0029991247289722837
      vertex -0.002493958490031496 0.023000000636018605 -0.003127325975233881
      vertex -0.002493958786859078 0.001000000636018608 -0.0031273259752338835
    endloop
  endfacet
  facet normal 0.0 0.0 0.0
    outer loop
      vertex -0.0027929468323166524 0.023000000640052604 -0.0028634674184864436
      vertex -0.0027929471291442344 0.0010000006400526073 -0.002863467418486446
      vertex -0.0029322083748717733 0.0010000006419315429 -0.0027206909292286337
    endloop
  endfacet
  facet normal 0.0 0.0 0.0
    outer loop
      vertex -0.0027929468323166524 0.023000000640052604 -0.0028634674184864436
      vertex -0.0026467428375656758 0.023000000638079995 -0.0029991247289722837
      vertex -0.0027929471291442344 0.0010000006400526073 -0.002863467418486446
    endloop
  endfacet
  facet normal 0.0 0.0 0.0
    outer loop
      vertex -0.0029322080780441913 0.02300000064193154 -0.002720690929228631
      vertex -0.0027929468323166524 0.023000000640052604 -0.0028634674184864436
      vertex -0.0029322083748717733 0.0010000006419315429 -0.0027206909292286337
    endloop
  endfacet
  facet normal 0.0 0.0 0.0
    outer loop
      vertex -0.0030641775299484883 0.02300000064371209 -0.0025711505048817075
      vertex -0.0030641778267760703 0.001000000643712096 -0.00257115050488171
      vertex -0.003188529328240914 0.0010000006453898668 -0.002415217601591915
    endloop
  endfacet
  facet normal 0.0 0.0 0.0
    outer loop
      vertex -0.0030641775299484883 0.02300000064371209 -0.0025711505048817075
      vertex -0.0029322083748717733 0.0010000006419315429 -0.0027206909292286337
      vertex -0.0030641778267760703 0.001000000643712096 -0.00257115050488171
    endloop
  endfacet
  facet normal 0.0 0.0 0.0
    outer loop
      vertex -0.0030641775299484883 0.02300000064371209 -0.0025711505048817075
      vertex -0.0029322080780441913 0.02300000064193154 -0.002720690929228631
      vertex -0.0029322083748717733 0.0010000006419315429 -0.0027206909292286337
    endloop
  endfacet
  facet normal 0.0 0.0 0.0
    outer loop
      vertex -0.0031885309387619646 0.02300000064538989 -0.0024152176015919125
      vertex -0.0030641775299484883 0.02300000064371209 -0.0025711505048817075
      vertex -0.003188529328240914 0.0010000006453898668 -0.002415217601591915
    endloop
  endfacet
  facet normal 0.0 0.0 0.0
    outer loop
      vertex -0.0033049554993088395 0.023000000646960707 -0.0022532801263874446
      vertex -0.0031885309387619646 0.02300000064538989 -0.0024152176015919125
      vertex -0.003188529328240914 0.0010000006453898668 -0.002415217601591915
    endloop
  endfacet
  facet normal 0.0 0.0 0.0
    outer loop
      vertex -0.0033049554993088395 0.023000000646960707 -0.0022532801263874446
      vertex -0.0033049557961364216 0.0010000006469607116 -0.0022532801263874472
      vertex -0.0034131634987731407 0.0010000006484206677 -0.0020857407682484093
    endloop
  endfacet
  facet normal 0.0 0.0 0.0
    outer loop
      vertex -0.0033049554993088395 0.023000000646960707 -0.0022532801263874446
      vertex -0.003188529328240914 0.0010000006453898668 -0.002415217601591915
      vertex -0.0033049557961364216 0.0010000006469607116 -0.0022532801263874472
    endloop
  endfacet
  facet normal 0.0 0.0 0.0
    outer loop
      vertex -0.0034131632019455582 0.023000000648420664 -0.0020857407682484067
      vertex -0.0033049554993088395 0.023000000646960707 -0.0022532801263874446
      vertex -0.0034131634987731407 0.0010000006484206677 -0.0020857407682484093
    endloop
  endfacet
  facet normal 0.0 0.0 0.0
    outer loop
      vertex -0.003512887017863527 0.023000000649766154 -0.0019130159252231992
      vertex -0.0034131632019455582 0.023000000648420664 -0.0020857407682484067
      vertex -0.0034131634987731407 0.0010000006484206677 -0.0020857407682484093
    endloop
  endfacet
  facet normal 0.0 0.0 0.0
    outer loop
      vertex -0.003512887017863527 0.023000000649766154 -0.0019130159252231992
      vertex -0.0035128854073424765 0.001000000649766132 -0.0019130159252232016
      vertex -0.003603875473870797 0.0010000006509937847 -0.0017355349891727864
    endloop
  endfacet
  facet normal 0.0 0.0 0.0
    outer loop
      vertex -0.003512887017863527 0.023000000649766154 -0.0019130159252231992
      vertex -0.0034131634987731407 0.0010000006484206677 -0.0020857407682484093
      vertex -0.0035128854073424765 0.001000000649766132 -0.0019130159252232016
    endloop
  endfacet
  facet normal 0.0 0.0 0.0
    outer loop
      vertex -0.003603875177043215 0.02300000065099378 -0.001735534989172784
      vertex -0.003512887017863527 0.023000000649766154 -0.0019130159252231992
      vertex -0.003603875473870797 0.0010000006509937847 -0.0017355349891727864
    endloop
  endfacet
  facet normal 0.0 0.0 0.0
    outer loop
      vertex -0.003603875177043215 0.02300000065099378 -0.001735534989172784
      vertex -0.003603875473870797 0.0010000006509937847 -0.0017355349891727864
      vertex -0.0036859048165221644 0.001000000652100538 -0.0015537391536777914
    endloop
  endfacet
  facet normal 0.0 0.0 0.0
    outer loop
      vertex -0.0036859045196945823 0.023000000652100536 -0.001553739153677789
      vertex -0.003603875177043215 0.02300000065099378 -0.001735534989172784
      vertex -0.0036859048165221644 0.001000000652100538 -0.0015537391536777914
    endloop
  endfacet
  facet normal 0.0 0.0 0.0
    outer loop
      vertex -0.0037587709595139182 0.02300000065308366 -0.0013680805795734795
      vertex -0.0036859045196945823 0.023000000652100536 -0.001553739153677789
      vertex -0.0036859048165221644 0.001000000652100538 -0.0015537391536777914
    endloop
  endfacet
  facet normal 0.0 0.0 0.0
    outer loop
      vertex -0.0037587709595139182 0.02300000065308366 -0.0013680805795734795
      vertex -0.0037587712563415003 0.0010000006530836638 -0.0013680805795734821
      vertex -0.003822291687860055 0.0010000006539406918 -0.00117902072601971
    endloop
  endfacet
  facet normal 0.0 0.0 0.0
    outer loop
      vertex -0.0037587709595139182 0.02300000065308366 -0.0013680805795734795
      vertex -0.0036859048165221644 0.001000000652100538 -0.0015537391536777914
      vertex -0.0037587712563415003 0.0010000006530836638 -0.0013680805795734821
    endloop
  endfacet
  facet normal 0.0 0.0 0.0
    outer loop
      vertex -0.003822291391032473 0.02300000065394069 -0.0011790207260197077
      vertex -0.0037587709595139182 0.02300000065308366 -0.0013680805795734795
      vertex -0.003822291687860055 0.0010000006539406918 -0.00117902072601971
    endloop
  endfacet
  facet normal 0.0 0.0 0.0
    outer loop
      vertex -0.003822291391032473 0.02300000065394069 -0.0011790207260197077
      vertex -0.003822291687860055 0.0010000006539406918 -0.00117902072601971
      vertex -0.003876309708489938 0.001000000654669512 -0.0009870295756405293
    endloop
  endfacet
  facet normal 0.0 0.0 0.0
    outer loop
      vertex -0.0038763094116623558 0.02300000065466951 -0.0009870295756405267
      vertex -0.003822291391032473 0.02300000065394069 -0.0011790207260197077
      vertex -0.003876309708489938 0.001000000654669512 -0.0009870295756405293
    endloop
  endfacet
  facet normal 0.0 0.0 0.0
    outer loop
      vertex -0.003920689599650637 0.023000000655268294 -0.0007925845616405877
      vertex -0.003876309708489938 0.001000000654669512 -0.0009870295756405293
      vertex -0.003920689896478219 0.0010000006552682965 -0.0007925845616405903
    endloop
  endfacet
  facet normal 0.0 0.0 0.0
    outer loop
      vertex -0.003920689599650637 0.023000000655268294 -0.0007925845616405877
      vertex -0.0038763094116623558 0.02300000065466951 -0.0009870295756405267
      vertex -0.003876309708489938 0.001000000654669512 -0.0009870295756405293
    endloop
  endfacet
  facet normal 0.0 0.0 0.0
    outer loop
      vertex -0.003955323236125246 0.023000000655735577 -0.000596169077689019
      vertex -0.003955323532952829 0.0010000006557355791 -0.0005961690776890216
      vertex -0.003980122879876657 0.001000000656070176 -0.000398271375233501
    endloop
  endfacet
  facet normal 0.0 0.0 0.0
    outer loop
      vertex -0.003955323236125246 0.023000000655735577 -0.000596169077689019
      vertex -0.003920689896478219 0.0010000006552682965 -0.0007925845616405903
      vertex -0.003955323532952829 0.0010000006557355791 -0.0005961690776890216
    endloop
  endfacet
  facet normal 0.0 0.0 0.0
    outer loop
      vertex -0.003955323236125246 0.023000000655735577 -0.000596169077689019
      vertex -0.003920689599650637 0.023000000655268294 -0.0007925845616405877
      vertex -0.003920689896478219 0.0010000006552682965 -0.0007925845616405903
    endloop
  endfacet
  facet normal 0.0 0.0 0.0
    outer loop
      vertex -0.003980122583049074 0.023000000656070173 -0.00039827137523349836
      vertex -0.003955323236125246 0.023000000655735577 -0.000596169077689019
      vertex -0.003980122879876657 0.001000000656070176 -0.000398271375233501
    endloop
  endfacet
  facet normal 0.0 0.0 0.0
    outer loop
      vertex -0.003995028512614504 0.023000000656271287 -0.00019938353532013013
      vertex -0.003995026902093453 0.0010000006562712635 -0.00019938353532013276
      vertex -0.0039999993599791955 0.0010000006563383528 -8.29070525109824e-13
    endloop
  endfacet
  facet normal 0.0 0.0 0.0
    outer loop
      vertex -0.003995028512614504 0.023000000656271287 -0.00019938353532013013
      vertex -0.003980122879876657 0.001000000656070176 -0.000398271375233501
      vertex -0.003995026902093453 0.0010000006562712635 -0.00019938353532013276
    endloop
  endfacet
  facet normal 0.0 0.0 0.0
    outer loop
      vertex -0.003995028512614504 0.023000000656271287 -0.00019938353532013013
      vertex -0.003980122583049074 0.023000000656070173 -0.00039827137523349836
      vertex -0.003980122879876657 0.001000000656070176 -0.000398271375233501
    endloop
  endfacet
  facet normal 0.0 0.0 0.0
    outer loop
      vertex -0.003999999063151614 0.02300000065633835 -8.290678929387028e-13
      vertex -0.003995028512614504 0.023000000656271287 -0.00019938353532013013
      vertex -0.0039999993599791955 0.0010000006563383528 -8.29070525109824e-13
    endloop
  endfacet
  facet normal 0.0 0.0 0.0
    outer loop
      vertex -0.0017512315206881554 6.259976106950462e-10 0.002435813940232427
      vertex -0.0014999993734713586 6.226079456284177e-10 0.0025980761415416312
      vertex -0.001627639143979171 6.243300822100449e-10 0.002520077741807134
    endloop
  endfacet
  facet normal 0.0 0.0 0.0
    outer loop
      vertex -0.001870469420468429 6.276063878677961e-10 0.002345494545167119
      vertex -0.0012338612966891322 6.19017167331284e-10 0.002734517610734136
      vertex -0.0017512315206881554 6.259976106950462e-10 0.002435813940232427
    endloop
  endfacet
  facet normal 0.0 0.0 0.0
    outer loop
      vertex -0.0014999993734713586 6.226079456284177e-10 0.0025980761415416312
      vertex -0.0012338612966891322 6.19017167331284e-10 0.002734517610734136
      vertex -0.0013686326437350304 6.208355243055996e-10 0.0026696155435496876
    endloop
  endfacet
  facet normal 0.0 0.0 0.0
    outer loop
      vertex -0.0017512315206881554 6.259976106950462e-10 0.002435813940232427
      vertex -0.0012338612966891322 6.19017167331284e-10 0.002734517610734136
      vertex -0.0014999993734713586 6.226079456284177e-10 0.0025980761415416312
    endloop
  endfacet
  facet normal 0.0 0.0 0.0
    outer loop
      vertex -0.002702906935727218 6.388377704630685e-10 0.0013016512758189742
      vertex -0.002764428465878585 6.39667828972339e-10 0.001165304339593083
      vertex -0.0026346639089938196 6.379170244266961e-10 0.0014347619182521409
    endloop
  endfacet
  facet normal 0.0 0.0 0.0
    outer loop
      vertex -0.002819077818905929 6.40405166948083e-10 0.0010260603792125289
      vertex -0.002866717665707687 6.410479315236853e-10 0.0008842655188495224
      vertex -0.002764428465878585 6.39667828972339e-10 0.001165304339593083
    endloop
  endfacet
  facet normal 0.0 0.0 0.0
    outer loop
      vertex -0.0026346639089938196 6.379170244266961e-10 0.0014347619182521409
      vertex -0.002866717665707687 6.410479315236853e-10 0.0008842655188495224
      vertex -0.002559872954403976 6.369079326807493e-10 0.0015643055803233692
    endloop
  endfacet
  facet normal 0.0 0.0 0.0
    outer loop
      vertex -0.002764428465878585 6.39667828972339e-10 0.001165304339593083
      vertex -0.002866717665707687 6.410479315236853e-10 0.0008842655188495224
      vertex -0.0026346639089938196 6.379170244266961e-10 0.0014347619182521409
    endloop
  endfacet
  facet normal 0.0 0.0 0.0
    outer loop
      vertex -0.0012338612966891322 6.19017167331284e-10 0.002734517610734136
      vertex -0.0006675628118868862 6.113765759002746e-10 0.0029247837430888724
      vertex -0.0010960229330416714 6.17157429669233e-10 0.0027926211721355032
    endloop
  endfacet
  facet normal 0.0 0.0 0.0
    outer loop
      vertex -0.0010960229330416714 6.17157429669233e-10 0.0027926211721355032
      vertex -0.0006675628118868862 6.113765759002746e-10 0.0029247837430888724
      vertex -0.0009554599218722377 6.152609306188549e-10 0.002843781984513433
    endloop
  endfacet
  facet normal 0.0 0.0 0.0
    outer loop
      vertex -0.0009554599218722377 6.152609306188549e-10 0.002843781984513433
      vertex -0.0006675628118868862 6.113765759002746e-10 0.0029247837430888724
      vertex -0.0008125213079806362 6.133323795494627e-10 0.0028878727323466847
    endloop
  endfacet
  facet normal 0.0 0.0 0.0
    outer loop
      vertex -0.001870469420468429 6.276063878677961e-10 0.002345494545167119
      vertex -0.0006675628118868862 6.113765759002746e-10 0.0029247837430888724
      vertex -0.0012338612966891322 6.19017167331284e-10 0.002734517610734136
    endloop
  endfacet
  facet normal 0.0 0.0 0.0
    outer loop
      vertex -0.002907231658017257 6.415945529093747e-10 0.0007402722007686202
      vertex -0.002940516799008468 6.420436414551903e-10 0.0005944384104663436
      vertex -0.002866717665707687 6.410479315236853e-10 0.0008842655188495224
    endloop
  endfacet
  facet normal 0.0 0.0 0.0
    outer loop
      vertex -0.002559872954403976 6.369079326807493e-10 0.0015643055803233692
      vertex -0.002940516799008468 6.420436414551903e-10 0.0005944384104663436
      vertex -0.002478717177426437 6.358129657140478e-10 0.0016899601585322924
    endloop
  endfacet
  facet normal 0.0 0.0 0.0
    outer loop
      vertex -0.002866717665707687 6.410479315236853e-10 0.0008842655188495224
      vertex -0.002940516799008468 6.420436414551903e-10 0.0005944384104663436
      vertex -0.002559872954403976 6.369079326807493e-10 0.0015643055803233692
    endloop
  endfacet
  facet normal 0.0 0.0 0.0
    outer loop
      vertex -0.0006675628118868862 6.113765759002746e-10 0.0029247837430888724
      vertex -0.00037303098968229635 6.074027045633562e-10 0.002976717508500249
      vertex -0.0005209449224825893 6.09398383446155e-10 0.002954423225587041
    endloop
  endfacet
  facet normal 0.0 0.0 0.0
    outer loop
      vertex -0.00022419008544645648 6.053945188309059e-10 0.002991611278718145
      vertex 7.479253479280135e-05 6.013605966016799e-10 0.002999067581360967
      vertex -7.479223540983537e-05 6.033788186949614e-10 0.002999067581360967
    endloop
  endfacet
  facet normal 0.0 0.0 0.0
    outer loop
      vertex -0.0029999993734713586 6.428461900420795e-10 -8.290705200327073e-13
      vertex -0.0029962705068942103 6.4279587956663e-10 -0.0001495376535600123
      vertex -0.0029962705068942103 6.4279587956663e-10 0.00014953765935245188
    endloop
  endfacet
  facet normal 0.0 0.0 0.0
    outer loop
      vertex -0.0029962705068942103 6.4279587956663e-10 0.00014953765935245188
      vertex -0.0029962705068942103 6.4279587956663e-10 -0.0001495376535600123
      vertex -0.002985091536557296 6.426450510773156e-10 0.00029870352811160717
    endloop
  endfacet
  facet normal 0.0 0.0 0.0
    outer loop
      vertex -0.002985091536557296 6.426450510773156e-10 0.00029870352811160717
      vertex -0.0029962705068942103 6.4279587956663e-10 -0.0001495376535600123
      vertex -0.0029664929800387414 6.42394116322273e-10 0.0004471268124038283
    endloop
  endfacet
  facet normal 0.0 0.0 0.0
    outer loop
      vertex -0.0029664929800387414 6.42394116322273e-10 0.0004471268124038283
      vertex -0.0029962705068942103 6.4279587956663e-10 -0.0001495376535600123
      vertex -0.002940516799008468 6.420436414551903e-10 0.0005944384104663436
    endloop
  endfacet
  facet normal 0.0 0.0 0.0
    outer loop
      vertex -0.002985091536557296 6.426450510773156e-10 -0.00029870354467090944
      vertex -0.0029664929800387414 6.42394116322273e-10 -0.00044712679916080817
      vertex -0.0029962705068942103 6.4279587956663e-10 -0.0001495376535600123
    endloop
  endfacet
  facet normal 0.0 0.0 0.0
    outer loop
      vertex 0.00022419038482942243 5.993448964657354e-10 0.002991611278718145
      vertex 0.0005209442681912388 5.953410447176156e-10 0.002954423225587041
      vertex 0.00037303128906526225 5.973367107332851e-10 0.002976717508500249
    endloop
  endfacet
  facet normal 0.0 0.0 0.0
    outer loop
      vertex -0.0029664929800387414 6.42394116322273e-10 -0.00044712679916080817
      vertex -0.002940516799008468 6.420436414551903e-10 -0.0005944384568279681
      vertex -0.0029962705068942103 6.4279587956663e-10 -0.0001495376535600123
    endloop
  endfacet
  facet normal 0.0 0.0 0.0
    outer loop
      vertex -0.00037303098968229635 6.074027045633562e-10 0.002976717508500249
      vertex 0.0006675631112698521 5.933628393963667e-10 0.0029247837430888724
      vertex -0.00022419008544645648 6.053945188309059e-10 0.002991611278718145
    endloop
  endfacet
  facet normal 0.0 0.0 0.0
    outer loop
      vertex 7.479253479280135e-05 6.013605966016799e-10 0.002999067581360967
      vertex 0.0006675631112698521 5.933628393963667e-10 0.0029247837430888724
      vertex 0.00022419038482942243 5.993448964657354e-10 0.002991611278718145
    endloop
  endfacet
  facet normal 0.0 0.0 0.0
    outer loop
      vertex -0.00022419008544645648 6.053945188309059e-10 0.002991611278718145
      vertex 0.0006675631112698521 5.933628393963667e-10 0.0029247837430888724
      vertex 7.479253479280135e-05 6.013605966016799e-10 0.002999067581360967
    endloop
  endfacet
  facet normal 0.0 0.0 0.0
    outer loop
      vertex 0.00022419038482942243 5.993448964657354e-10 0.002991611278718145
      vertex 0.0006675631112698521 5.933628393963667e-10 0.0029247837430888724
      vertex 0.0005209442681912388 5.953410447176156e-10 0.002954423225587041
    endloop
  endfacet
  facet normal 0.0 0.0 0.0
    outer loop
      vertex -0.002907231658017257 6.415945529093747e-10 -0.0007402721875256
      vertex -0.002866717665707687 6.410479315236853e-10 -0.0008842655056065022
      vertex -0.002940516799008468 6.420436414551903e-10 -0.0005944384568279681
    endloop
  endfacet
  facet normal 0.0 0.0 0.0
    outer loop
      vertex 0.0008125216073636021 5.914070357471787e-10 0.0028878727323466847
      vertex 0.0010960232324246373 5.875819856274083e-10 0.0027926211721355032
      vertex 0.0009554602212552037 5.894784846777865e-10 0.002843781984513433
    endloop
  endfacet
  facet normal 0.0 0.0 0.0
    outer loop
      vertex 0.0008125216073636021 5.914070357471787e-10 0.0028878727323466847
      vertex 0.0013686319894436806 5.83903903858171e-10 0.0026696155435496876
      vertex 0.0010960232324246373 5.875819856274083e-10 0.0027926211721355032
    endloop
  endfacet
  facet normal 0.0 0.0 0.0
    outer loop
      vertex 0.0006675631112698521 5.933628393963667e-10 0.0029247837430888724
      vertex 0.0013686319894436806 5.83903903858171e-10 0.0026696155435496876
      vertex 0.0008125216073636021 5.914070357471787e-10 0.0028878727323466847
    endloop
  endfacet
  facet normal 0.0 0.0 0.0
    outer loop
      vertex 0.0010960232324246373 5.875819856274083e-10 0.0027926211721355032
      vertex 0.0013686319894436806 5.83903903858171e-10 0.0026696155435496876
      vertex 0.0012338615960720983 5.857222479653573e-10 0.002734517610734136
    endloop
  endfacet
  facet normal 0.0 0.0 0.0
    outer loop
      vertex 0.0013686319894436806 5.83903903858171e-10 0.0026696155435496876
      vertex 0.0016276384896878212 5.804093459537256e-10 0.002520077741807134
      vertex 0.001499999672854325 5.821314696682236e-10 0.0025980761415416312
    endloop
  endfacet
  facet normal 0.0 0.0 0.0
    outer loop
      vertex -0.002559872954403976 6.369079326807493e-10 -0.0015643056266849936
      vertex -0.002478717177426437 6.358129657140478e-10 -0.0016899602048939168
      vertex -0.0026346639089938196 6.379170244266961e-10 -0.0014347619646137653
    endloop
  endfacet
  facet normal 0.0 0.0 0.0
    outer loop
      vertex -0.0026346639089938196 6.379170244266961e-10 -0.0014347619646137653
      vertex -0.002478717177426437 6.358129657140478e-10 -0.0016899602048939168
      vertex -0.002702906935727218 6.388377704630685e-10 -0.0013016512029713095
    endloop
  endfacet
  facet normal 0.0 0.0 0.0
    outer loop
      vertex 0.0006675631112698521 5.933628393963667e-10 0.0029247837430888724
      vertex 0.0017512308663968055 5.787418174687245e-10 0.002435813940232427
      vertex 0.0013686319894436806 5.83903903858171e-10 0.0026696155435496876
    endloop
  endfacet
  facet normal 0.0 0.0 0.0
    outer loop
      vertex 0.0013686319894436806 5.83903903858171e-10 0.0026696155435496876
      vertex 0.0017512308663968055 5.787418174687245e-10 0.002435813940232427
      vertex 0.0016276384896878212 5.804093459537256e-10 0.002520077741807134
    endloop
  endfacet
  facet normal 0.0 0.0 0.0
    outer loop
      vertex -0.002478717177426437 6.358129657140478e-10 -0.0016899602048939168
      vertex -0.0023913968496676475 6.34634825623739e-10 -0.001811413251692623
      vertex -0.002702906935727218 6.388377704630685e-10 -0.0013016512029713095
    endloop
  endfacet
  facet normal 0.0 0.0 0.0
    outer loop
      vertex -0.002702906935727218 6.388377704630685e-10 -0.0013016512029713095
      vertex -0.0023913968496676475 6.34634825623739e-10 -0.001811413251692623
      vertex -0.002764428465878585 6.39667828972339e-10 -0.001165304385954708
    endloop
  endfacet
  facet normal 0.0 0.0 0.0
    outer loop
      vertex -0.002764428465878585 6.39667828972339e-10 -0.001165304385954708
      vertex -0.0023913968496676475 6.34634825623739e-10 -0.001811413251692623
      vertex -0.002819077818905929 6.40405166948083e-10 -0.0010260604255741537
    endloop
  endfacet
  facet normal 0.0 0.0 0.0
    outer loop
      vertex -0.002819077818905929 6.40405166948083e-10 -0.0010260604255741537
      vertex -0.0023913968496676475 6.34634825623739e-10 -0.001811413251692623
      vertex -0.002866717665707687 6.410479315236853e-10 -0.0008842655056065022
    endloop
  endfacet
  facet normal 0.0 0.0 0.0
    outer loop
      vertex 0.0017512308663968055 5.787418174687245e-10 0.002435813940232427
      vertex 0.0019850575036648717 5.755869903784207e-10 0.002249343670075567
      vertex 0.0018704697198513953 5.771330274288452e-10 0.00234549454516712
    endloop
  endfacet
  facet normal 0.0 0.0 0.0
    outer loop
      vertex 0.0017512308663968055 5.787418174687245e-10 0.002435813940232427
      vertex 0.0020947100228909457 5.741075407219733e-10 0.002147600448792608
      vertex 0.0019850575036648717 5.755869903784207e-10 0.002249343670075567
    endloop
  endfacet
  facet normal 0.0 0.0 0.0
    outer loop
      vertex 0.0006675631112698521 5.933628393963667e-10 0.0029247837430888724
      vertex 0.0020947100228909457 5.741075407219733e-10 0.002147600448792608
      vertex 0.0017512308663968055 5.787418174687245e-10 0.002435813940232427
    endloop
  endfacet
  facet normal 0.0 0.0 0.0
    outer loop
      vertex -0.0021991551809664753 6.32041069705296e-10 -0.0020405182474201623
      vertex -0.0020947106771822955 6.306318874417973e-10 -0.0021476006143635214
      vertex -0.0022981332235690144 6.333764975838132e-10 -0.0019283628099506795
    endloop
  endfacet
  facet normal 0.0 0.0 0.0
    outer loop
      vertex 0.0006675631112698521 5.933628393963667e-10 0.0029247837430888724
      vertex 0.0021991554803494416 5.726983455913454e-10 0.0020405183202678277
      vertex 0.0020947100228909457 5.741075407219733e-10 0.002147600448792608
    endloop
  endfacet
  facet normal 0.0 0.0 0.0
    outer loop
      vertex -0.002478717177426437 6.358129657140478e-10 0.0016899601585322924
      vertex 0.0021991554803494416 5.726983455913454e-10 0.0020405183202678277
      vertex -0.0023913968496676475 6.34634825623739e-10 0.0018114132053309985
    endloop
  endfacet
  facet normal 0.0 0.0 0.0
    outer loop
      vertex -0.0023913968496676475 6.34634825623739e-10 0.0018114132053309985
      vertex 0.0021991554803494416 5.726983455913454e-10 0.0020405183202678277
      vertex -0.0022981332235690152 6.333764975838132e-10 0.0019283628827983447
    endloop
  endfacet
  facet normal 0.0 0.0 0.0
    outer loop
      vertex -0.0022981332235690152 6.333764975838132e-10 0.0019283628827983447
      vertex 0.0021991554803494416 5.726983455913454e-10 0.0020405183202678277
      vertex -0.002199155180966476 6.32041069705296e-10 0.002040518320267827
    endloop
  endfacet
  facet normal 0.0 0.0 0.0
    outer loop
      vertex -0.002199155180966476 6.32041069705296e-10 0.002040518320267827
      vertex 0.0021991554803494416 5.726983455913454e-10 0.0020405183202678277
      vertex -0.0020947106771822964 6.306318874417973e-10 0.002147600448792607
    endloop
  endfacet
  facet normal 0.0 0.0 0.0
    outer loop
      vertex -0.0020947106771822964 6.306318874417973e-10 0.002147600448792607
      vertex 0.0021991554803494416 5.726983455913454e-10 0.0020405183202678277
      vertex -0.0019850572042819053 6.291524249182207e-10 0.002249343670075566
    endloop
  endfacet
  facet normal 0.0 0.0 0.0
    outer loop
      vertex -0.0019850572042819053 6.291524249182207e-10 0.002249343670075566
      vertex 0.0021991554803494416 5.726983455913454e-10 0.0020405183202678277
      vertex -0.001870469420468429 6.276063878677961e-10 0.002345494545167119
    endloop
  endfacet
  facet normal 0.0 0.0 0.0
    outer loop
      vertex -0.001870469420468429 6.276063878677961e-10 0.002345494545167119
      vertex 0.0021991554803494416 5.726983455913454e-10 0.0020405183202678277
      vertex -0.0006675628118868862 6.113765759002746e-10 0.0029247837430888724
    endloop
  endfacet
  facet normal 0.0 0.0 0.0
    outer loop
      vertex -0.0006675628118868862 6.113765759002746e-10 0.0029247837430888724
      vertex 0.0021991554803494416 5.726983455913454e-10 0.0020405183202678277
      vertex -0.00037303098968229635 6.074027045633562e-10 0.002976717508500249
    endloop
  endfacet
  facet normal 0.0 0.0 0.0
    outer loop
      vertex -0.00037303098968229635 6.074027045633562e-10 0.002976717508500249
      vertex 0.0021991554803494416 5.726983455913454e-10 0.0020405183202678277
      vertex 0.0006675631112698521 5.933628393963667e-10 0.0029247837430888724
    endloop
  endfacet
  facet normal 0.0 0.0 0.0
    outer loop
      vertex -0.0022981332235690144 6.333764975838132e-10 -0.0019283628099506795
      vertex -0.001985057204281905 6.291524249182207e-10 -0.0022493435972279013
      vertex -0.0023913968496676475 6.34634825623739e-10 -0.001811413251692623
    endloop
  endfacet
  facet normal 0.0 0.0 0.0
    outer loop
      vertex -0.0020947106771822955 6.306318874417973e-10 -0.0021476006143635214
      vertex -0.001985057204281905 6.291524249182207e-10 -0.0022493435972279013
      vertex -0.0022981332235690144 6.333764975838132e-10 -0.0019283628099506795
    endloop
  endfacet
  facet normal 0.0 0.0 0.0
    outer loop
      vertex -0.0018704694204684286 6.276063878677961e-10 -0.002345494472319454
      vertex -0.001751231520688155 6.259976106950462e-10 -0.0024358141058033406
      vertex -0.001985057204281905 6.291524249182207e-10 -0.0022493435972279013
    endloop
  endfacet
  facet normal 0.0 0.0 0.0
    outer loop
      vertex -0.001985057204281905 6.291524249182207e-10 -0.0022493435972279013
      vertex -0.001751231520688155 6.259976106950462e-10 -0.0024358141058033406
      vertex -0.0023913968496676475 6.34634825623739e-10 -0.001811413251692623
    endloop
  endfacet
  facet normal 0.0 0.0 0.0
    outer loop
      vertex -0.002478717177426437 6.358129657140478e-10 0.0016899601585322924
      vertex 0.0024787165231350866 5.689264624497228e-10 0.0016899601585322929
      vertex 0.0021991554803494416 5.726983455913454e-10 0.0020405183202678277
    endloop
  endfacet
  facet normal 0.0 0.0 0.0
    outer loop
      vertex 0.0021991554803494416 5.726983455913454e-10 0.0020405183202678277
      vertex 0.0024787165231350866 5.689264624497228e-10 0.0016899601585322929
      vertex 0.0022981335229519807 5.713629177128281e-10 0.0019283628827983451
    endloop
  endfacet
  facet normal 0.0 0.0 0.0
    outer loop
      vertex 0.0022981335229519807 5.713629177128281e-10 0.0019283628827983451
      vertex 0.0024787165231350866 5.689264624497228e-10 0.0016899601585322929
      vertex 0.0023913971490506143 5.701045896729024e-10 0.001811413205330999
    endloop
  endfacet
  facet normal 0.0 0.0 0.0
    outer loop
      vertex -0.0016276391439791706 6.243300822100449e-10 -0.0025200776689594685
      vertex -0.0014999993734713581 6.226079456284177e-10 -0.0025980763071125445
      vertex -0.001751231520688155 6.259976106950462e-10 -0.0024358141058033406
    endloop
  endfacet
  facet normal 0.0 0.0 0.0
    outer loop
      vertex -0.001751231520688155 6.259976106950462e-10 -0.0024358141058033406
      vertex -0.0014999993734713581 6.226079456284177e-10 -0.0025980763071125445
      vertex -0.0023913968496676475 6.34634825623739e-10 -0.001811413251692623
    endloop
  endfacet
  facet normal 0.0 0.0 0.0
    outer loop
      vertex 0.0024787165231350866 5.689264624497228e-10 0.0016899601585322929
      vertex 0.002634665162051102 5.668223780028159e-10 0.0014347619182521413
      vertex 0.0025598723001126257 5.678314954830214e-10 0.0015643055803233696
    endloop
  endfacet
  facet normal 0.0 0.0 0.0
    outer loop
      vertex 0.0024787165231350866 5.689264624497228e-10 0.0016899601585322929
      vertex 0.002702906281435868 5.659016577007021e-10 0.001301651275818975
      vertex 0.002634665162051102 5.668223780028159e-10 0.0014347619182521413
    endloop
  endfacet
  facet normal 0.0 0.0 0.0
    outer loop
      vertex -0.0012338612966891313 6.19017167331284e-10 -0.0027345175378864703
      vertex -0.0010960229330416705 6.17157429669233e-10 -0.0027926213377064166
      vertex -0.00136863264373503 6.208355243055996e-10 -0.0026696154707020222
    endloop
  endfacet
  facet normal 0.0 0.0 0.0
    outer loop
      vertex -0.00136863264373503 6.208355243055996e-10 -0.0026696154707020222
      vertex -0.0010960229330416705 6.17157429669233e-10 -0.0027926213377064166
      vertex -0.0014999993734713581 6.226079456284177e-10 -0.0025980763071125445
    endloop
  endfacet
  facet normal 0.0 0.0 0.0
    outer loop
      vertex 0.002702906281435868 5.659016577007021e-10 0.001301651275818975
      vertex 0.002866717965090653 5.636914837729561e-10 0.0008842655188495231
      vertex 0.0027644287652615514 5.650715863243023e-10 0.001165304339593084
    endloop
  endfacet
  facet normal 0.0 0.0 0.0
    outer loop
      vertex 0.0027644287652615514 5.650715863243023e-10 0.001165304339593084
      vertex 0.002866717965090653 5.636914837729561e-10 0.0008842655188495231
      vertex 0.002819078118288895 5.643342483485584e-10 0.0010260603792125297
    endloop
  endfacet
  facet normal 0.0 0.0 0.0
    outer loop
      vertex 0.0024787165231350866 5.689264624497228e-10 0.0016899601585322929
      vertex 0.002866717965090653 5.636914837729561e-10 0.0008842655188495231
      vertex 0.002702906281435868 5.659016577007021e-10 0.001301651275818975
    endloop
  endfacet
  facet normal 0.0 0.0 0.0
    outer loop
      vertex -0.0008125213079806355 6.133323795494627e-10 -0.0028878726594990193
      vertex -0.0006675628118868855 6.113765759002746e-10 -0.0029247836702412065
      vertex -0.000955459921872237 6.152609306188549e-10 -0.0028437821500843464
    endloop
  endfacet
  facet normal 0.0 0.0 0.0
    outer loop
      vertex 0.002866717965090653 5.636914837729561e-10 0.0008842655188495231
      vertex 0.0029405170983914345 5.626957738414511e-10 0.0005944384104663443
      vertex 0.0029072319574002235 5.631448623872666e-10 0.0007402722007686208
    endloop
  endfacet
  facet normal 0.0 0.0 0.0
    outer loop
      vertex -0.000955459921872237 6.152609306188549e-10 -0.0028437821500843464
      vertex -0.0005209449224825887 6.09398383446155e-10 -0.0029544231527393757
      vertex -0.0010960229330416705 6.17157429669233e-10 -0.0027926213377064166
    endloop
  endfacet
  facet normal 0.0 0.0 0.0
    outer loop
      vertex -0.0010960229330416705 6.17157429669233e-10 -0.0027926213377064166
      vertex -0.0005209449224825887 6.09398383446155e-10 -0.0029544231527393757
      vertex -0.0014999993734713581 6.226079456284177e-10 -0.0025980763071125445
    endloop
  endfacet
  facet normal 0.0 0.0 0.0
    outer loop
      vertex -0.0006675628118868855 6.113765759002746e-10 -0.0029247836702412065
      vertex -0.0005209449224825887 6.09398383446155e-10 -0.0029544231527393757
      vertex -0.000955459921872237 6.152609306188549e-10 -0.0028437821500843464
    endloop
  endfacet
  facet normal 0.0 0.0 0.0
    outer loop
      vertex 0.0029405170983914345 5.626957738414511e-10 0.0005944384104663443
      vertex 0.002985092789614579 5.620943513521964e-10 0.00029870352811160793
      vertex 0.0029664923257473916 5.623453118414975e-10 0.00044712681240382905
    endloop
  endfacet
  facet normal 0.0 0.0 0.0
    outer loop
      vertex 0.002866717965090653 5.636914837729561e-10 0.0008842655188495231
      vertex 0.002985092789614579 5.620943513521964e-10 0.00029870352811160793
      vertex 0.0029405170983914345 5.626957738414511e-10 0.0005944384104663443
    endloop
  endfacet
  facet normal 0.0 0.0 0.0
    outer loop
      vertex 0.002866717965090653 5.636914837729561e-10 0.0008842655188495231
      vertex 0.0029962708062771766 5.619435357300113e-10 0.00014953765935245262
      vertex 0.002985092789614579 5.620943513521964e-10 0.00029870352811160793
    endloop
  endfacet
  facet normal 0.0 0.0 0.0
    outer loop
      vertex 0.002866717965090653 5.636914837729561e-10 0.0008842655188495231
      vertex 0.002999999672854325 5.618932252545618e-10 -8.290697717052754e-13
      vertex 0.0029962708062771766 5.619435357300113e-10 0.00014953765935245262
    endloop
  endfacet
  facet normal 0.0 0.0 0.0
    outer loop
      vertex -0.0005209449224825887 6.09398383446155e-10 -0.0029544231527393757
      vertex 7.479253479280207e-05 6.013605966016799e-10 -0.0029990675085133016
      vertex -0.0014999993734713581 6.226079456284177e-10 -0.0025980763071125445
    endloop
  endfacet
  facet normal 0.0 0.0 0.0
    outer loop
      vertex -7.479223540983465e-05 6.033788186949614e-10 -0.0029990675085133016
      vertex 7.479253479280207e-05 6.013605966016799e-10 -0.0029990675085133016
      vertex -0.00022419008544645574 6.053945188309059e-10 -0.002991611444289058
    endloop
  endfacet
  facet normal 0.0 0.0 0.0
    outer loop
      vertex -0.00022419008544645574 6.053945188309059e-10 -0.002991611444289058
      vertex 7.479253479280207e-05 6.013605966016799e-10 -0.0029990675085133016
      vertex -0.0003730309896822956 6.074027045633562e-10 -0.002976717674071163
    endloop
  endfacet
  facet normal 0.0 0.0 0.0
    outer loop
      vertex -0.0003730309896822956 6.074027045633562e-10 -0.002976717674071163
      vertex 7.479253479280207e-05 6.013605966016799e-10 -0.0029990675085133016
      vertex -0.0005209449224825887 6.09398383446155e-10 -0.0029544231527393757
    endloop
  endfacet
  facet normal 0.0 0.0 0.0
    outer loop
      vertex 0.002866717965090653 5.636914837729561e-10 0.0008842655188495231
      vertex 0.0029962708062771766 5.619435357300113e-10 -0.00014953765356001157
      vertex 0.002999999672854325 5.618932252545618e-10 -8.290697717052754e-13
    endloop
  endfacet
  facet normal 0.0 0.0 0.0
    outer loop
      vertex 7.479253479280207e-05 6.013605966016799e-10 -0.0029990675085133016
      vertex 0.00022419038482942316 5.993448964657354e-10 -0.002991611444289058
      vertex -0.0014999993734713581 6.226079456284177e-10 -0.0025980763071125445
    endloop
  endfacet
  facet normal 0.0 0.0 0.0
    outer loop
      vertex 0.002866717965090653 5.636914837729561e-10 0.0008842655188495231
      vertex 0.002985092789614579 5.620943513521964e-10 -0.0002987035446709086
      vertex 0.0029962708062771766 5.619435357300113e-10 -0.00014953765356001157
    endloop
  endfacet
  facet normal 0.0 0.0 0.0
    outer loop
      vertex 0.0024787165231350866 5.689264624497228e-10 0.0016899601585322929
      vertex 0.002985092789614579 5.620943513521964e-10 -0.0002987035446709086
      vertex 0.002866717965090653 5.636914837729561e-10 0.0008842655188495231
    endloop
  endfacet
  facet normal 0.0 0.0 0.0
    outer loop
      vertex 0.000373031289065263 5.973367107332851e-10 -0.002976717674071163
      vertex 0.0005209442681912395 5.953410447176156e-10 -0.0029544231527393757
      vertex 0.00022419038482942316 5.993448964657354e-10 -0.002991611444289058
    endloop
  endfacet
  facet normal 0.0 0.0 0.0
    outer loop
      vertex 0.002985092789614579 5.620943513521964e-10 -0.0002987035446709086
      vertex 0.0029405170983914345 5.626957738414511e-10 -0.0005944384568279675
      vertex 0.0029664923257473916 5.623453118414975e-10 -0.0004471267991608074
    endloop
  endfacet
  facet normal 0.0 0.0 0.0
    outer loop
      vertex 0.0005209442681912395 5.953410447176156e-10 -0.0029544231527393757
      vertex 0.0008125216073636028 5.914070357471787e-10 -0.0028878726594990193
      vertex 0.00022419038482942316 5.993448964657354e-10 -0.002991611444289058
    endloop
  endfacet
  facet normal 0.0 0.0 0.0
    outer loop
      vertex 0.0006675631112698528 5.933628393963667e-10 -0.0029247836702412065
      vertex 0.0008125216073636028 5.914070357471787e-10 -0.0028878726594990193
      vertex 0.0005209442681912395 5.953410447176156e-10 -0.0029544231527393757
    endloop
  endfacet
  facet normal 0.0 0.0 0.0
    outer loop
      vertex 0.0029405170983914345 5.626957738414511e-10 -0.0005944384568279675
      vertex 0.002866717965090653 5.636914837729561e-10 -0.0008842655056065015
      vertex 0.0029072319574002235 5.631448623872666e-10 -0.0007402721875255993
    endloop
  endfacet
  facet normal 0.0 0.0 0.0
    outer loop
      vertex 0.0029405170983914345 5.626957738414511e-10 -0.0005944384568279675
      vertex 0.002819078118288895 5.643342483485584e-10 -0.0010260604255741528
      vertex 0.002866717965090653 5.636914837729561e-10 -0.0008842655056065015
    endloop
  endfacet
  facet normal 0.0 0.0 0.0
    outer loop
      vertex 0.002985092789614579 5.620943513521964e-10 -0.0002987035446709086
      vertex 0.0027644287652615514 5.650715863243023e-10 -0.001165304385954707
      vertex 0.0029405170983914345 5.626957738414511e-10 -0.0005944384568279675
    endloop
  endfacet
  facet normal 0.0 0.0 0.0
    outer loop
      vertex 0.0029405170983914345 5.626957738414511e-10 -0.0005944384568279675
      vertex 0.0027644287652615514 5.650715863243023e-10 -0.001165304385954707
      vertex 0.002819078118288895 5.643342483485584e-10 -0.0010260604255741528
    endloop
  endfacet
  facet normal 0.0 0.0 0.0
    outer loop
      vertex 0.0010960232324246381 5.875819856274083e-10 -0.0027926213377064166
      vertex 0.0012338615960720992 5.857222479653573e-10 -0.0027345175378864703
      vertex 0.0009554602212552044 5.894784846777865e-10 -0.0028437821500843464
    endloop
  endfacet
  facet normal 0.0 0.0 0.0
    outer loop
      vertex 0.0009554602212552044 5.894784846777865e-10 -0.0028437821500843464
      vertex 0.0012338615960720992 5.857222479653573e-10 -0.0027345175378864703
      vertex 0.0008125216073636028 5.914070357471787e-10 -0.0028878726594990193
    endloop
  endfacet
  facet normal 0.0 0.0 0.0
    outer loop
      vertex 0.002985092789614579 5.620943513521964e-10 -0.0002987035446709086
      vertex 0.0025598723001126257 5.678314954830214e-10 -0.0015643056266849932
      vertex 0.0027644287652615514 5.650715863243023e-10 -0.001165304385954707
    endloop
  endfacet
  facet normal 0.0 0.0 0.0
    outer loop
      vertex 0.0027644287652615514 5.650715863243023e-10 -0.001165304385954707
      vertex 0.0025598723001126257 5.678314954830214e-10 -0.0015643056266849932
      vertex 0.002702906281435868 5.659016577007021e-10 -0.0013016512029713086
    endloop
  endfacet
  facet normal 0.0 0.0 0.0
    outer loop
      vertex 0.002702906281435868 5.659016577007021e-10 -0.0013016512029713086
      vertex 0.0025598723001126257 5.678314954830214e-10 -0.0015643056266849932
      vertex 0.002634665162051102 5.668223780028159e-10 -0.0014347619646137648
    endloop
  endfacet
  facet normal 0.0 0.0 0.0
    outer loop
      vertex 0.0012338615960720992 5.857222479653573e-10 -0.0027345175378864703
      vertex 0.001751230866396806 5.787418174687245e-10 -0.0024358141058033406
      vertex 0.0008125216073636028 5.914070357471787e-10 -0.0028878726594990193
    endloop
  endfacet
  facet normal 0.0 0.0 0.0
    outer loop
      vertex 0.0008125216073636028 5.914070357471787e-10 -0.0028878726594990193
      vertex 0.001751230866396806 5.787418174687245e-10 -0.0024358141058033406
      vertex 0.00022419038482942316 5.993448964657354e-10 -0.002991611444289058
    endloop
  endfacet
  facet normal 0.0 0.0 0.0
    outer loop
      vertex 0.0016276384896878216 5.804093459537256e-10 -0.0025200776689594685
      vertex 0.001751230866396806 5.787418174687245e-10 -0.0024358141058033406
      vertex 0.0014999996728543255 5.821314696682236e-10 -0.0025980763071125445
    endloop
  endfacet
  facet normal 0.0 0.0 0.0
    outer loop
      vertex 0.0014999996728543255 5.821314696682236e-10 -0.0025980763071125445
      vertex 0.001751230866396806 5.787418174687245e-10 -0.0024358141058033406
      vertex 0.001368631989443681 5.83903903858171e-10 -0.0026696154707020222
    endloop
  endfacet
  facet normal 0.0 0.0 0.0
    outer loop
      vertex 0.001368631989443681 5.83903903858171e-10 -0.0026696154707020222
      vertex 0.001751230866396806 5.787418174687245e-10 -0.0024358141058033406
      vertex 0.0012338615960720992 5.857222479653573e-10 -0.0027345175378864703
    endloop
  endfacet
  facet normal 0.0 0.0 0.0
    outer loop
      vertex 0.002985092789614579 5.620943513521964e-10 -0.0002987035446709086
      vertex 0.0023913971490506143 5.701045896729024e-10 -0.0018114132516926225
      vertex 0.0025598723001126257 5.678314954830214e-10 -0.0015643056266849932
    endloop
  endfacet
  facet normal 0.0 0.0 0.0
    outer loop
      vertex 0.0025598723001126257 5.678314954830214e-10 -0.0015643056266849932
      vertex 0.0023913971490506143 5.701045896729024e-10 -0.0018114132516926225
      vertex 0.0024787165231350866 5.689264624497228e-10 -0.0016899602048939164
    endloop
  endfacet
  facet normal 0.0 0.0 0.0
    outer loop
      vertex -0.002866717665707687 6.410479315236853e-10 -0.0008842655056065022
      vertex 0.0020947100228909466 5.741075407219733e-10 -0.0021476006143635205
      vertex -0.002940516799008468 6.420436414551903e-10 -0.0005944384568279681
    endloop
  endfacet
  facet normal 0.0 0.0 0.0
    outer loop
      vertex 0.00022419038482942316 5.993448964657354e-10 -0.002991611444289058
      vertex 0.0020947100228909466 5.741075407219733e-10 -0.0021476006143635205
      vertex -0.0014999993734713581 6.226079456284177e-10 -0.0025980763071125445
    endloop
  endfacet
  facet normal 0.0 0.0 0.0
    outer loop
      vertex 0.0024787165231350866 5.689264624497228e-10 0.0016899601585322929
      vertex 0.0020947100228909466 5.741075407219733e-10 -0.0021476006143635205
      vertex 0.002985092789614579 5.620943513521964e-10 -0.0002987035446709086
    endloop
  endfacet
  facet normal 0.0 0.0 0.0
    outer loop
      vertex 0.002985092789614579 5.620943513521964e-10 -0.0002987035446709086
      vertex 0.0020947100228909466 5.741075407219733e-10 -0.0021476006143635205
      vertex 0.0023913971490506143 5.701045896729024e-10 -0.0018114132516926225
    endloop
  endfacet
  facet normal 0.0 0.0 0.0
    outer loop
      vertex -0.0014999993734713581 6.226079456284177e-10 -0.0025980763071125445
      vertex 0.0020947100228909466 5.741075407219733e-10 -0.0021476006143635205
      vertex -0.0023913968496676475 6.34634825623739e-10 -0.001811413251692623
    endloop
  endfacet
  facet normal 0.0 0.0 0.0
    outer loop
      vertex -0.002940516799008468 6.420436414551903e-10 -0.0005944384568279681
      vertex 0.0020947100228909466 5.741075407219733e-10 -0.0021476006143635205
      vertex -0.0029962705068942103 6.4279587956663e-10 -0.0001495376535600123
    endloop
  endfacet
  facet normal 0.0 0.0 0.0
    outer loop
      vertex -0.0023913968496676475 6.34634825623739e-10 -0.001811413251692623
      vertex 0.0020947100228909466 5.741075407219733e-10 -0.0021476006143635205
      vertex -0.002866717665707687 6.410479315236853e-10 -0.0008842655056065022
    endloop
  endfacet
  facet normal 0.0 0.0 0.0
    outer loop
      vertex -0.002478717177426437 6.358129657140478e-10 0.0016899601585322924
      vertex 0.0020947100228909466 5.741075407219733e-10 -0.0021476006143635205
      vertex 0.0024787165231350866 5.689264624497228e-10 0.0016899601585322929
    endloop
  endfacet
  facet normal 0.0 0.0 0.0
    outer loop
      vertex 0.001751230866396806 5.787418174687245e-10 -0.0024358141058033406
      vertex 0.0020947100228909466 5.741075407219733e-10 -0.0021476006143635205
      vertex 0.00022419038482942316 5.993448964657354e-10 -0.002991611444289058
    endloop
  endfacet
  facet normal 0.0 0.0 0.0
    outer loop
      vertex -0.002940516799008468 6.420436414551903e-10 0.0005944384104663436
      vertex 0.0020947100228909466 5.741075407219733e-10 -0.0021476006143635205
      vertex -0.002478717177426437 6.358129657140478e-10 0.0016899601585322924
    endloop
  endfacet
  facet normal 0.0 0.0 0.0
    outer loop
      vertex 0.0023913971490506143 5.701045896729024e-10 -0.0018114132516926225
      vertex 0.0020947100228909466 5.741075407219733e-10 -0.0021476006143635205
      vertex 0.0022981335229519816 5.713629177128281e-10 -0.001928362809950679
    endloop
  endfacet
  facet normal 0.0 0.0 0.0
    outer loop
      vertex 0.0022981335229519816 5.713629177128281e-10 -0.001928362809950679
      vertex 0.0020947100228909466 5.741075407219733e-10 -0.0021476006143635205
      vertex 0.0021991554803494425 5.726983455913454e-10 -0.0020405182474201615
    endloop
  endfacet
  facet normal 0.0 0.0 0.0
    outer loop
      vertex 0.0019850575036648725 5.755869903784207e-10 -0.0022493435972279004
      vertex 0.0020947100228909466 5.741075407219733e-10 -0.0021476006143635205
      vertex 0.0018704697198513958 5.771330274288452e-10 -0.002345494472319453
    endloop
  endfacet
  facet normal 0.0 0.0 0.0
    outer loop
      vertex 0.0018704697198513958 5.771330274288452e-10 -0.002345494472319453
      vertex 0.0020947100228909466 5.741075407219733e-10 -0.0021476006143635205
      vertex 0.001751230866396806 5.787418174687245e-10 -0.0024358141058033406
    endloop
  endfacet
  facet normal 0.0 0.0 0.0
    outer loop
      vertex -0.0029962705068942103 6.4279587956663e-10 -0.0001495376535600123
      vertex 0.0020947100228909466 5.741075407219733e-10 -0.0021476006143635205
      vertex -0.002940516799008468 6.420436414551903e-10 0.0005944384104663436
    endloop
  endfacet
  facet normal 0.0 0.0 0.0
    outer loop
      vertex -0.001989336979796667 0.023333344135069545 0.0030800950891429523
      vertex -0.0023349752594406764 0.023000000633873575 0.0032477519876414874
      vertex -0.002170184152262942 0.023000000631650187 0.00336010364360157
    endloop
  endfacet
  facet normal 0.0 0.0 0.0
    outer loop
      vertex -0.001989336979796667 0.023333344135069545 0.0030800950891429523
      vertex -0.002170184152262942 0.023000000631650187 0.00336010364360157
      vertex -0.001999999063151614 0.023000000629354023 0.0034641015893870928
    endloop
  endfacet
  facet normal 0.0 0.0 0.0
    outer loop
      vertex -0.001989336979796667 0.023333344135069545 0.0030800950891429523
      vertex -0.001520701416217111 0.02366668763460601 0.0029662392503673174
      vertex -0.0018084878999817596 0.023666687638488875 0.0028000862962657544
    endloop
  endfacet
  facet normal 0.0 0.0 0.0
    outer loop
      vertex -0.00232745648213508 0.02366668764549088 0.0023862228757793045
      vertex -0.001985056880469998 0.024000000629152418 0.002249343670075569
      vertex -0.0020947103533703886 0.02400000063063188 0.00214760044879261
    endloop
  endfacet
  facet normal 0.0 0.0 0.0
    outer loop
      vertex -0.00232745648213508 0.02366668764549088 0.0023862228757793045
      vertex -0.0020947103533703886 0.02400000063063188 0.00214760044879261
      vertex -0.0021991548571545683 0.024000000632041062 0.0020405183202678295
    endloop
  endfacet
  facet normal 0.0 0.0 0.0
    outer loop
      vertex -0.00232745648213508 0.02366668764549088 0.0023862228757793045
      vertex -0.0020782995302307834 0.023666687642129217 0.0026061048871928783
      vertex -0.001985056880469998 0.024000000629152418 0.002249343670075569
    endloop
  endfacet
  facet normal 0.0 0.0 0.0
    outer loop
      vertex -0.002286129963805456 0.02333334413907392 0.0028667154676372143
      vertex -0.001989336979796667 0.023333344135069545 0.0030800950891429523
      vertex -0.0020782995302307834 0.023666687642129217 0.0026061048871928783
    endloop
  endfacet
  facet normal 0.0 0.0 0.0
    outer loop
      vertex -0.002286129963805456 0.02333334413907392 0.0028667154676372143
      vertex -0.0023349752594406764 0.023000000633873575 0.0032477519876414874
      vertex -0.001989336979796667 0.023333344135069545 0.0030800950891429523
    endloop
  endfacet
  facet normal 0.0 0.0 0.0
    outer loop
      vertex -0.002286129963805456 0.02333334413907392 0.0028667154676372143
      vertex -0.0026467428375656766 0.023000000638079995 0.0029991248018199535
      vertex -0.002493958490031497 0.023000000636018605 0.0031273260480815506
    endloop
  endfacet
  facet normal 0.0 0.0 0.0
    outer loop
      vertex -0.002286129963805456 0.02333334413907392 0.0028667154676372143
      vertex -0.002493958490031497 0.023000000636018605 0.0031273260480815506
      vertex -0.0023349752594406764 0.023000000633873575 0.0032477519876414874
    endloop
  endfacet
  facet normal 0.0 0.0 0.0
    outer loop
      vertex -0.002553481109820627 0.023666687648540442 0.0021426253683024974
      vertex -0.0021991548571545683 0.024000000632041062 0.0020405183202678295
      vertex -0.0022981328997571074 0.02400000063337649 0.0019283628827983477
    endloop
  endfacet
  facet normal 0.0 0.0 0.0
    outer loop
      vertex -0.002553481109820627 0.023666687648540442 0.0021426253683024974
      vertex -0.0022981328997571074 0.02400000063337649 0.0019283628827983477
      vertex -0.0023913984332043724 0.024000000634634845 0.0018114132053310015
    endloop
  endfacet
  facet normal 0.0 0.0 0.0
    outer loop
      vertex -0.002553481109820627 0.023666687648540442 0.0021426253683024974
      vertex -0.00232745648213508 0.02366668764549088 0.0023862228757793045
      vertex -0.0021991548571545683 0.024000000632041062 0.0020405183202678295
    endloop
  endfacet
  facet normal 0.0 0.0 0.0
    outer loop
      vertex -0.0033333330232727747 0.023666687659062335 -8.29067730026081e-13
      vertex -0.0029999990496594508 0.024000000642846183 -8.290676485733024e-13
      vertex -0.002996270183082302 0.024000000642795873 -0.00014953765356000946
    endloop
  endfacet
  facet normal 0.0 0.0 0.0
    outer loop
      vertex -0.0025602026109001826 0.02333334414277176 0.0026248450643474195
      vertex -0.0020782995302307834 0.023666687642129217 0.0026061048871928783
      vertex -0.00232745648213508 0.02366668764549088 0.0023862228757793045
    endloop
  endfacet
  facet normal 0.0 0.0 0.0
    outer loop
      vertex -0.0025602026109001826 0.02333334414277176 0.0026248450643474195
      vertex -0.002286129963805456 0.02333334413907392 0.0028667154676372143
      vertex -0.0020782995302307834 0.023666687642129217 0.0026061048871928783
    endloop
  endfacet
  facet normal 0.0 0.0 0.0
    outer loop
      vertex -0.0025602026109001826 0.02333334414277176 0.0026248450643474195
      vertex -0.0026467428375656766 0.023000000638079995 0.0029991248018199535
      vertex -0.002286129963805456 0.02333334413907392 0.0028667154676372143
    endloop
  endfacet
  facet normal 0.0 0.0 0.0
    outer loop
      vertex -0.0025602026109001826 0.02333334414277176 0.0026248450643474195
      vertex -0.00232745648213508 0.02366668764549088 0.0023862228757793045
      vertex -0.002553481109820627 0.023666687648540442 0.0021426253683024974
    endloop
  endfacet
  facet normal 0.0 0.0 0.0
    outer loop
      vertex -0.0025602026109001826 0.02333334414277176 0.0026248450643474195
      vertex -0.002932208078044192 0.02300000064193154 0.0027206910020763013
      vertex -0.0027929468323166532 0.023000000640052604 0.0028634674913341138
    endloop
  endfacet
  facet normal 0.0 0.0 0.0
    outer loop
      vertex -0.0025602026109001826 0.02333334414277176 0.0026248450643474195
      vertex -0.0027929468323166532 0.023000000640052604 0.0028634674913341138
      vertex -0.0026467428375656766 0.023000000638079995 0.0029991248018199535
    endloop
  endfacet
  facet normal 0.0 0.0 0.0
    outer loop
      vertex -0.0027541284639466036 0.02366668765124761 0.0018777335054332351
      vertex -0.0023913984332043724 0.024000000634634845 0.0018114132053310015
      vertex -0.0024787168536145286 0.02400000063581296 0.0016899601585322955
    endloop
  endfacet
  facet normal 0.0 0.0 0.0
    outer loop
      vertex -0.0027541284639466036 0.02366668765124761 0.0018777335054332351
      vertex -0.0024787168536145286 0.02400000063581296 0.0016899601585322955
      vertex -0.0025598726305920676 0.024000000636907926 0.001564305580323372
    endloop
  endfacet
  facet normal 0.0 0.0 0.0
    outer loop
      vertex -0.0027541284639466036 0.02366668765124761 0.0018777335054332351
      vertex -0.002553481109820627 0.023666687648540442 0.0021426253683024974
      vertex -0.0023913984332043724 0.024000000634634845 0.0018114132053310015
    endloop
  endfacet
  facet normal 0.0 0.0 0.0
    outer loop
      vertex -0.0028088293198845577 0.02333334414612627 0.002356887853806648
      vertex -0.0025602026109001826 0.02333334414277176 0.0026248450643474195
      vertex -0.002553481109820627 0.023666687648540442 0.0021426253683024974
    endloop
  endfacet
  facet normal 0.0 0.0 0.0
    outer loop
      vertex -0.0028088293198845577 0.02333334414612627 0.002356887853806648
      vertex -0.002932208078044192 0.02300000064193154 0.0027206910020763013
      vertex -0.0025602026109001826 0.02333334414277176 0.0026248450643474195
    endloop
  endfacet
  facet normal 0.0 0.0 0.0
    outer loop
      vertex -0.0028088293198845577 0.02333334414612627 0.002356887853806648
      vertex -0.0031885309387619655 0.02300000064538989 0.0024152176744395826
      vertex -0.003064177529948489 0.02300000064371209 0.0025711503393107986
    endloop
  endfacet
  facet normal 0.0 0.0 0.0
    outer loop
      vertex -0.0028088293198845577 0.02333334414612627 0.002356887853806648
      vertex -0.003064177529948489 0.02300000064371209 0.0025711503393107986
      vertex -0.002932208078044192 0.02300000064193154 0.0027206910020763013
    endloop
  endfacet
  facet normal 0.0 0.0 0.0
    outer loop
      vertex -0.0029274053651917203 0.02366668765358549 0.001594179905121956
      vertex -0.0025598726305920676 0.024000000636907926 0.001564305580323372
      vertex -0.0026346654925305446 0.024000000637917043 0.001434761918252144
    endloop
  endfacet
  facet normal 0.0 0.0 0.0
    outer loop
      vertex -0.0029274053651917203 0.02366668765358549 0.001594179905121956
      vertex -0.0026346654925305446 0.024000000637917043 0.001434761918252144
      vertex -0.00270290661191531 0.024000000638837764 0.001301651275818977
    endloop
  endfacet
  facet normal 0.0 0.0 0.0
    outer loop
      vertex -0.0029274053651917203 0.02366668765358549 0.001594179905121956
      vertex -0.0027541284639466036 0.02366668765124761 0.0018777335054332351
      vertex -0.0025598726305920676 0.024000000636907926 0.001564305580323372
    endloop
  endfacet
  facet normal 0.0 0.0 0.0
    outer loop
      vertex -0.003029541981627722 0.023333344149104162 0.0020655069715434645
      vertex -0.0028088293198845577 0.02333334414612627 0.002356887853806648
      vertex -0.002553481109820627 0.023666687648540442 0.0021426253683024974
    endloop
  endfacet
  facet normal 0.0 0.0 0.0
    outer loop
      vertex -0.003029541981627722 0.023333344149104162 0.0020655069715434645
      vertex -0.0034131632019455595 0.023000000648420664 0.002085740841096077
      vertex -0.0033049554993088404 0.023000000646960707 0.002253280199235115
    endloop
  endfacet
  facet normal 0.0 0.0 0.0
    outer loop
      vertex -0.003029541981627722 0.023333344149104162 0.0020655069715434645
      vertex -0.002553481109820627 0.023666687648540442 0.0021426253683024974
      vertex -0.0027541284639466036 0.02366668765124761 0.0018777335054332351
    endloop
  endfacet
  facet normal 0.0 0.0 0.0
    outer loop
      vertex -0.003029541981627722 0.023333344149104162 0.0020655069715434645
      vertex -0.0033049554993088404 0.023000000646960707 0.002253280199235115
      vertex -0.0031885309387619655 0.02300000064538989 0.0024152176744395826
    endloop
  endfacet
  facet normal 0.0 0.0 0.0
    outer loop
      vertex -0.003029541981627722 0.023333344149104162 0.0020655069715434645
      vertex -0.0031885309387619655 0.02300000064538989 0.0024152176744395826
      vertex -0.0028088293198845577 0.02333334414612627 0.002356887853806648
    endloop
  endfacet
  facet normal 0.0 0.0 0.0
    outer loop
      vertex -0.0030715875703919157 0.023666687655530823 0.00129478267497364
      vertex -0.00270290661191531 0.024000000638837764 0.001301651275818977
      vertex -0.002764428142066677 0.02400000063966782 0.001165304339593086
    endloop
  endfacet
  facet normal 0.0 0.0 0.0
    outer loop
      vertex -0.0030715875703919157 0.023666687655530823 0.00129478267497364
      vertex -0.002764428142066677 0.02400000063966782 0.001165304339593086
      vertex -0.002819077495094021 0.02400000064040516 0.001026060379212532
    endloop
  endfacet
  facet normal 0.0 0.0 0.0
    outer loop
      vertex -0.003995028512614504 0.023000000656271287 -0.00019938353532013013
      vertex -0.003999999063151614 0.02300000065633835 -8.290678929387028e-13
      vertex -0.0036666669968865103 0.02333334415770035 -8.290678114825109e-13
    endloop
  endfacet
  facet normal 0.0 0.0 0.0
    outer loop
      vertex -0.0030715875703919157 0.023666687655530823 0.00129478267497364
      vertex -0.0029274053651917203 0.02366668765358549 0.001594179905121956
      vertex -0.00270290661191531 0.024000000638837764 0.001301651275818977
    endloop
  endfacet
  facet normal 0.0 0.0 0.0
    outer loop
      vertex -0.003220145237853307 0.02333334415167581 0.001753597891991768
      vertex -0.0034131632019455595 0.023000000648420664 0.002085740841096077
      vertex -0.003029541981627722 0.023333344149104162 0.0020655069715434645
    endloop
  endfacet
  facet normal 0.0 0.0 0.0
    outer loop
      vertex -0.003220145237853307 0.02333334415167581 0.001753597891991768
      vertex -0.003603875177043215 0.02300000065099378 0.0017355349428111646
      vertex -0.003512887017863528 0.023000000649766154 0.0019130158788615795
    endloop
  endfacet
  facet normal 0.0 0.0 0.0
    outer loop
      vertex -0.003220145237853307 0.02333334415167581 0.001753597891991768
      vertex -0.003512887017863528 0.023000000649766154 0.0019130158788615795
      vertex -0.0034131632019455595 0.023000000648420664 0.002085740841096077
    endloop
  endfacet
  facet normal 0.0 0.0 0.0
    outer loop
      vertex -0.003220145237853307 0.02333334415167581 0.001753597891991768
      vertex -0.0027541284639466036 0.02366668765124761 0.0018777335054332351
      vertex -0.0029274053651917203 0.02366668765358549 0.001594179905121956
    endloop
  endfacet
  facet normal 0.0 0.0 0.0
    outer loop
      vertex -0.003220145237853307 0.02333334415167581 0.001753597891991768
      vertex -0.003029541981627722 0.023333344149104162 0.0020655069715434645
      vertex -0.0027541284639466036 0.02366668765124761 0.0018777335054332351
    endloop
  endfacet
  facet normal 0.0 0.0 0.0
    outer loop
      vertex -0.003185242660723947 0.023666687657064273 0.000982517278855476
      vertex -0.002819077495094021 0.02400000064040516 0.001026060379212532
      vertex -0.0028667192492444118 0.02400000064104795 0.0008842655188495253
    endloop
  endfacet
  facet normal 0.0 0.0 0.0
    outer loop
      vertex -0.003185242660723947 0.023666687657064273 0.000982517278855476
      vertex -0.0028667192492444118 0.02400000064104795 0.0008842655188495253
      vertex -0.002907231334205349 0.024000000641594545 0.0007402722007686231
    endloop
  endfacet
  facet normal 0.0 0.0 0.0
    outer loop
      vertex -0.003185242660723947 0.023666687657064273 0.000982517278855476
      vertex -0.0030715875703919157 0.023666687655530823 0.00129478267497364
      vertex -0.002819077495094021 0.02400000064040516 0.001026060379212532
    endloop
  endfacet
  facet normal 0.0 0.0 0.0
    outer loop
      vertex -0.003378746998717565 0.023333344153815692 0.001424260891144905
      vertex -0.0037587709595139182 0.02300000065308366 0.0013680805332118601
      vertex -0.0036859045196945823 0.023000000652100536 0.0015537392265254591
    endloop
  endfacet
  facet normal 0.0 0.0 0.0
    outer loop
      vertex -0.003378746998717565 0.023333344153815692 0.001424260891144905
      vertex -0.0036859045196945823 0.023000000652100536 0.0015537392265254591
      vertex -0.003603875177043215 0.02300000065099378 0.0017355349428111646
    endloop
  endfacet
  facet normal 0.0 0.0 0.0
    outer loop
      vertex -0.003378746998717565 0.023333344153815692 0.001424260891144905
      vertex -0.003603875177043215 0.02300000065099378 0.0017355349428111646
      vertex -0.003220145237853307 0.02333334415167581 0.001753597891991768
    endloop
  endfacet
  facet normal 0.0 0.0 0.0
    outer loop
      vertex -0.003378746998717565 0.023333344153815692 0.001424260891144905
      vertex -0.0029274053651917203 0.02366668765358549 0.001594179905121956
      vertex -0.0030715875703919157 0.023666687655530823 0.00129478267497364
    endloop
  endfacet
  facet normal 0.0 0.0 0.0
    outer loop
      vertex -0.003378746998717565 0.023333344153815692 0.001424260891144905
      vertex -0.003220145237853307 0.02333334415167581 0.001753597891991768
      vertex -0.0029274053651917203 0.02366668765358549 0.001594179905121956
    endloop
  endfacet
  facet normal 0.0 0.0 0.0
    outer loop
      vertex -0.003378746998717565 0.023333344153815692 0.001424260891144905
      vertex -0.0030715875703919157 0.023666687655530823 0.00129478267497364
      vertex -0.003185242660723947 0.023666687657064273 0.000982517278855476
    endloop
  endfacet
  facet normal 0.0 0.0 0.0
    outer loop
      vertex -0.003267241485797189 0.023666687658170617 0.0006604871518069836
      vertex -0.002907231334205349 0.024000000641594545 0.0007402722007686231
      vertex -0.0029405183825451926 0.02400000064204366 0.0005944384104663465
    endloop
  endfacet
  facet normal 0.0 0.0 0.0
    outer loop
      vertex -0.003267241485797189 0.023666687658170617 0.0006604871518069836
      vertex -0.0029405183825451926 0.02400000064204366 0.0005944384104663465
      vertex -0.0029664926562268336 0.02400000064239411 0.00044712681240383117
    endloop
  endfacet
  facet normal 0.0 0.0 0.0
    outer loop
      vertex -0.003267241485797189 0.023666687658170617 0.0006604871518069836
      vertex -0.003185242660723947 0.023666687657064273 0.000982517278855476
      vertex -0.002907231334205349 0.024000000641594545 0.0007402722007686231
    endloop
  endfacet
  facet normal 0.0 0.0 0.0
    outer loop
      vertex -0.003503766072203893 0.02333334415550247 0.0010807689792567822
      vertex -0.0038763094116623558 0.02300000065466951 0.0009870295888835521
      vertex -0.003822291391032473 0.02300000065394069 0.0011790206796580883
    endloop
  endfacet
  facet normal 0.0 0.0 0.0
    outer loop
      vertex -0.003503766072203893 0.02333334415550247 0.0010807689792567822
      vertex -0.003822291391032473 0.02300000065394069 0.0011790206796580883
      vertex -0.0037587709595139182 0.02300000065308366 0.0013680805332118601
    endloop
  endfacet
  facet normal 0.0 0.0 0.0
    outer loop
      vertex -0.003503766072203893 0.02333334415550247 0.0010807689792567822
      vertex -0.0037587709595139182 0.02300000065308366 0.0013680805332118601
      vertex -0.003378746998717565 0.023333344153815692 0.001424260891144905
    endloop
  endfacet
  facet normal 0.0 0.0 0.0
    outer loop
      vertex -0.003503766072203893 0.02333334415550247 0.0010807689792567822
      vertex -0.003378746998717565 0.023333344153815692 0.001424260891144905
      vertex -0.003185242660723947 0.023666687657064273 0.000982517278855476
    endloop
  endfacet
  facet normal 0.0 0.0 0.0
    outer loop
      vertex -0.003316769607745431 0.023666687658838857 0.00033189282483402213
      vertex -0.003267241485797189 0.023666687658170617 0.0006604871518069836
      vertex -0.0029664926562268336 0.02400000064239411 0.00044712681240383117
    endloop
  endfacet
  facet normal 0.0 0.0 0.0
    outer loop
      vertex -0.003316769607745431 0.023666687658838857 0.00033189282483402213
      vertex -0.0029664926562268336 0.02400000064239411 0.00044712681240383117
      vertex -0.002985093120094021 0.02400000064264507 0.00029870352811161004
    endloop
  endfacet
  facet normal 0.0 0.0 0.0
    outer loop
      vertex -0.003316769607745431 0.023666687658838857 0.00033189282483402213
      vertex -0.002985093120094021 0.02400000064264507 0.00029870352811161004
      vertex -0.002996270183082302 0.024000000642795873 0.00014953765935245476
    endloop
  endfacet
  facet normal 0.0 0.0 0.0
    outer loop
      vertex -0.003316769607745431 0.023666687658838857 0.00033189282483402213
      vertex -0.002996270183082302 0.024000000642795873 0.00014953765935245476
      vertex -0.0033333330232727747 0.023666687659062335 -8.29067730026081e-13
    endloop
  endfacet
  facet normal 0.0 0.0 0.0
    outer loop
      vertex -0.003593966496398229 0.023333344156719466 0.0007265358335429759
      vertex -0.003955323236125246 0.023000000655735577 0.0005961690909320445
      vertex -0.003920689599650637 0.023000000655268294 0.0007925845748836132
    endloop
  endfacet
  facet normal 0.0 0.0 0.0
    outer loop
      vertex -0.003593966496398229 0.023333344156719466 0.0007265358335429759
      vertex -0.003920689599650637 0.023000000655268294 0.0007925845748836132
      vertex -0.0038763094116623558 0.02300000065466951 0.0009870295888835521
    endloop
  endfacet
  facet normal 0.0 0.0 0.0
    outer loop
      vertex -0.003593966496398229 0.023333344156719466 0.0007265358335429759
      vertex -0.0038763094116623558 0.02300000065466951 0.0009870295888835521
      vertex -0.003503766072203893 0.02333334415550247 0.0010807689792567822
    endloop
  endfacet
  facet normal 0.0 0.0 0.0
    outer loop
      vertex -0.003593966496398229 0.023333344156719466 0.0007265358335429759
      vertex -0.003185242660723947 0.023666687657064273 0.000982517278855476
      vertex -0.003267241485797189 0.023666687658170617 0.0006604871518069836
    endloop
  endfacet
  facet normal 0.0 0.0 0.0
    outer loop
      vertex -0.003593966496398229 0.023333344156719466 0.0007265358335429759
      vertex -0.003503766072203893 0.02333334415550247 0.0010807689792567822
      vertex -0.003185242660723947 0.023666687657064273 0.000982517278855476
    endloop
  endfacet
  facet normal 0.0 0.0 0.0
    outer loop
      vertex -0.0036484460953972527 0.023333344157454517 0.0003650820917541117
      vertex -0.003955323236125246 0.023000000655735577 0.0005961690909320445
      vertex -0.003593966496398229 0.023333344156719466 0.0007265358335429759
    endloop
  endfacet
  facet normal 0.0 0.0 0.0
    outer loop
      vertex -0.0036484460953972527 0.023333344157454517 0.0003650820917541117
      vertex -0.0033333330232727747 0.023666687659062335 -8.29067730026081e-13
      vertex -0.0036666669968865103 0.02333334415770035 -8.290678114825109e-13
    endloop
  endfacet
  facet normal 0.0 0.0 0.0
    outer loop
      vertex -0.0036484460953972527 0.023333344157454517 0.0003650820917541117
      vertex -0.003995028512614504 0.023000000656271287 0.0001993835485631555
      vertex -0.003980122583049074 0.023000000656070173 0.0003982713884765238
    endloop
  endfacet
  facet normal 0.0 0.0 0.0
    outer loop
      vertex -0.0036484460953972527 0.023333344157454517 0.0003650820917541117
      vertex -0.003980122583049074 0.023000000656070173 0.0003982713884765238
      vertex -0.003955323236125246 0.023000000655735577 0.0005961690909320445
    endloop
  endfacet
  facet normal 0.0 0.0 0.0
    outer loop
      vertex -0.0036484460953972527 0.023333344157454517 0.0003650820917541117
      vertex -0.003267241485797189 0.023666687658170617 0.0006604871518069836
      vertex -0.003316769607745431 0.023666687658838857 0.00033189282483402213
    endloop
  endfacet
  facet normal 0.0 0.0 0.0
    outer loop
      vertex -0.0036484460953972527 0.023333344157454517 0.0003650820917541117
      vertex -0.0036666669968865103 0.02333334415770035 -8.290678114825109e-13
      vertex -0.003995028512614504 0.023000000656271287 0.0001993835485631555
    endloop
  endfacet
  facet normal 0.0 0.0 0.0
    outer loop
      vertex -0.0036484460953972527 0.023333344157454517 0.0003650820917541117
      vertex -0.003316769607745431 0.023666687658838857 0.00033189282483402213
      vertex -0.0033333330232727747 0.023666687659062335 -8.29067730026081e-13
    endloop
  endfacet
  facet normal 0.0 0.0 0.0
    outer loop
      vertex -0.0036484460953972527 0.023333344157454517 0.0003650820917541117
      vertex -0.003593966496398229 0.023333344156719466 0.0007265358335429759
      vertex -0.003267241485797189 0.023666687658170617 0.0006604871518069836
    endloop
  endfacet
  facet normal 0.0 0.0 0.0
    outer loop
      vertex -0.0033333330232727747 0.023666687659062335 -8.29067730026081e-13
      vertex -0.002996270183082302 0.024000000642795873 0.00014953765935245476
      vertex -0.0029999990496594508 0.024000000642846183 -8.290676485733024e-13
    endloop
  endfacet
  facet normal 0.0 0.0 0.0
    outer loop
      vertex -0.003999999063151614 0.02300000065633835 -8.290678929387028e-13
      vertex -0.003995028512614504 0.023000000656271287 0.0001993835485631555
      vertex -0.0036666669968865103 0.02333334415770035 -8.290678114825109e-13
    endloop
  endfacet
  facet normal 0.0 0.0 0.0
    outer loop
      vertex -0.003316769607745431 0.023666687658838857 -0.0003318928115909963
      vertex -0.002996270183082302 0.024000000642795873 -0.00014953765356000946
      vertex -0.002985093120094021 0.02400000064264507 -0.00029870354467090657
    endloop
  endfacet
  facet normal 0.0 0.0 0.0
    outer loop
      vertex -0.003316769607745431 0.023666687658838857 -0.0003318928115909963
      vertex -0.002985093120094021 0.02400000064264507 -0.00029870354467090657
      vertex -0.0029664926562268336 0.02400000064239411 -0.0004471267991608053
    endloop
  endfacet
  facet normal 0.0 0.0 0.0
    outer loop
      vertex -0.003316769607745431 0.023666687658838857 -0.0003318928115909963
      vertex -0.0033333330232727747 0.023666687659062335 -8.29067730026081e-13
      vertex -0.002996270183082302 0.024000000642795873 -0.00014953765356000946
    endloop
  endfacet
  facet normal 0.0 0.0 0.0
    outer loop
      vertex -0.003267241485797189 0.023666687658170617 -0.0006604871385639578
      vertex -0.0029664926562268336 0.02400000064239411 -0.0004471267991608053
      vertex -0.0029405183825451926 0.02400000064204366 -0.0005944384568279653
    endloop
  endfacet
  facet normal 0.0 0.0 0.0
    outer loop
      vertex -0.003267241485797189 0.023666687658170617 -0.0006604871385639578
      vertex -0.0029405183825451926 0.02400000064204366 -0.0005944384568279653
      vertex -0.002907231334205349 0.024000000641594545 -0.0007402721875255971
    endloop
  endfacet
  facet normal 0.0 0.0 0.0
    outer loop
      vertex -0.003267241485797189 0.023666687658170617 -0.0006604871385639578
      vertex -0.003316769607745431 0.023666687658838857 -0.0003318928115909963
      vertex -0.0029664926562268336 0.02400000064239411 -0.0004471267991608053
    endloop
  endfacet
  facet normal 0.0 0.0 0.0
    outer loop
      vertex -0.0036484460953972527 0.023333344157454517 -0.00036508210831340856
      vertex -0.003955323236125246 0.023000000655735577 -0.000596169077689019
      vertex -0.003980122583049074 0.023000000656070173 -0.00039827137523349836
    endloop
  endfacet
  facet normal 0.0 0.0 0.0
    outer loop
      vertex -0.0036484460953972527 0.023333344157454517 -0.00036508210831340856
      vertex -0.003980122583049074 0.023000000656070173 -0.00039827137523349836
      vertex -0.003995028512614504 0.023000000656271287 -0.00019938353532013013
    endloop
  endfacet
  facet normal 0.0 0.0 0.0
    outer loop
      vertex -0.0036484460953972527 0.023333344157454517 -0.00036508210831340856
      vertex -0.0036666669968865103 0.02333334415770035 -8.290678114825109e-13
      vertex -0.0033333330232727747 0.023666687659062335 -8.29067730026081e-13
    endloop
  endfacet
  facet normal 0.0 0.0 0.0
    outer loop
      vertex -0.0036484460953972527 0.023333344157454517 -0.00036508210831340856
      vertex -0.003995028512614504 0.023000000656271287 -0.00019938353532013013
      vertex -0.0036666669968865103 0.02333334415770035 -8.290678114825109e-13
    endloop
  endfacet
  facet normal 0.0 0.0 0.0
    outer loop
      vertex -0.0036484460953972527 0.023333344157454517 -0.00036508210831340856
      vertex -0.0033333330232727747 0.023666687659062335 -8.29067730026081e-13
      vertex -0.003316769607745431 0.023666687658838857 -0.0003318928115909963
    endloop
  endfacet
  facet normal 0.0 0.0 0.0
    outer loop
      vertex -0.003185242660723947 0.023666687657064273 -0.0009825172656124502
      vertex -0.002907231334205349 0.024000000641594545 -0.0007402721875255971
      vertex -0.0028667192492444118 0.02400000064104795 -0.0008842655056064993
    endloop
  endfacet
  facet normal 0.0 0.0 0.0
    outer loop
      vertex -0.003185242660723947 0.023666687657064273 -0.0009825172656124502
      vertex -0.0028667192492444118 0.02400000064104795 -0.0008842655056064993
      vertex -0.002819077495094021 0.02400000064040516 -0.0010260604255741509
    endloop
  endfacet
  facet normal 0.0 0.0 0.0
    outer loop
      vertex -0.003185242660723947 0.023666687657064273 -0.0009825172656124502
      vertex -0.003267241485797189 0.023666687658170617 -0.0006604871385639578
      vertex -0.002907231334205349 0.024000000641594545 -0.0007402721875255971
    endloop
  endfacet
  facet normal 0.0 0.0 0.0
    outer loop
      vertex -0.003593966496398229 0.023333344156719466 -0.0007265358799045951
      vertex -0.003316769607745431 0.023666687658838857 -0.0003318928115909963
      vertex -0.003267241485797189 0.023666687658170617 -0.0006604871385639578
    endloop
  endfacet
  facet normal 0.0 0.0 0.0
    outer loop
      vertex -0.003593966496398229 0.023333344156719466 -0.0007265358799045951
      vertex -0.0038763094116623558 0.02300000065466951 -0.0009870295756405267
      vertex -0.003920689599650637 0.023000000655268294 -0.0007925845616405877
    endloop
  endfacet
  facet normal 0.0 0.0 0.0
    outer loop
      vertex -0.003593966496398229 0.023333344156719466 -0.0007265358799045951
      vertex -0.003920689599650637 0.023000000655268294 -0.0007925845616405877
      vertex -0.003955323236125246 0.023000000655735577 -0.000596169077689019
    endloop
  endfacet
  facet normal 0.0 0.0 0.0
    outer loop
      vertex -0.003593966496398229 0.023333344156719466 -0.0007265358799045951
      vertex -0.0036484460953972527 0.023333344157454517 -0.00036508210831340856
      vertex -0.003316769607745431 0.023666687658838857 -0.0003318928115909963
    endloop
  endfacet
  facet normal 0.0 0.0 0.0
    outer loop
      vertex -0.003593966496398229 0.023333344156719466 -0.0007265358799045951
      vertex -0.003955323236125246 0.023000000655735577 -0.000596169077689019
      vertex -0.0036484460953972527 0.023333344157454517 -0.00036508210831340856
    endloop
  endfacet
  facet normal 0.0 0.0 0.0
    outer loop
      vertex -0.0030715875703919157 0.023666687655530823 -0.0012947826021259697
      vertex -0.002819077495094021 0.02400000064040516 -0.0010260604255741509
      vertex -0.002764428142066677 0.02400000063966782 -0.001165304385954705
    endloop
  endfacet
  facet normal 0.0 0.0 0.0
    outer loop
      vertex -0.0030715875703919157 0.023666687655530823 -0.0012947826021259697
      vertex -0.002764428142066677 0.02400000063966782 -0.001165304385954705
      vertex -0.00270290661191531 0.024000000638837764 -0.0013016512029713065
    endloop
  endfacet
  facet normal 0.0 0.0 0.0
    outer loop
      vertex -0.0030715875703919157 0.023666687655530823 -0.0012947826021259697
      vertex -0.003185242660723947 0.023666687657064273 -0.0009825172656124502
      vertex -0.002819077495094021 0.02400000064040516 -0.0010260604255741509
    endloop
  endfacet
  facet normal 0.0 0.0 0.0
    outer loop
      vertex -0.003503766072203893 0.02333334415550247 -0.0010807690256184014
      vertex -0.0037587709595139182 0.02300000065308366 -0.0013680805795734795
      vertex -0.003822291391032473 0.02300000065394069 -0.0011790207260197077
    endloop
  endfacet
  facet normal 0.0 0.0 0.0
    outer loop
      vertex -0.003503766072203893 0.02333334415550247 -0.0010807690256184014
      vertex -0.003822291391032473 0.02300000065394069 -0.0011790207260197077
      vertex -0.0038763094116623558 0.02300000065466951 -0.0009870295756405267
    endloop
  endfacet
  facet normal 0.0 0.0 0.0
    outer loop
      vertex -0.003503766072203893 0.02333334415550247 -0.0010807690256184014
      vertex -0.003593966496398229 0.023333344156719466 -0.0007265358799045951
      vertex -0.003267241485797189 0.023666687658170617 -0.0006604871385639578
    endloop
  endfacet
  facet normal 0.0 0.0 0.0
    outer loop
      vertex -0.003503766072203893 0.02333334415550247 -0.0010807690256184014
      vertex -0.0038763094116623558 0.02300000065466951 -0.0009870295756405267
      vertex -0.003593966496398229 0.023333344156719466 -0.0007265358799045951
    endloop
  endfacet
  facet normal 0.0 0.0 0.0
    outer loop
      vertex -0.003503766072203893 0.02333334415550247 -0.0010807690256184014
      vertex -0.003267241485797189 0.023666687658170617 -0.0006604871385639578
      vertex -0.003185242660723947 0.023666687657064273 -0.0009825172656124502
    endloop
  endfacet
  facet normal 0.0 0.0 0.0
    outer loop
      vertex -0.0029274053651917203 0.02366668765358549 -0.001594179951483575
      vertex -0.00270290661191531 0.024000000638837764 -0.0013016512029713065
      vertex -0.0026346654925305446 0.024000000637917043 -0.0014347619646137625
    endloop
  endfacet
  facet normal 0.0 0.0 0.0
    outer loop
      vertex -0.0029274053651917203 0.02366668765358549 -0.001594179951483575
      vertex -0.0026346654925305446 0.024000000637917043 -0.0014347619646137625
      vertex -0.0025598726305920676 0.024000000636907926 -0.0015643056266849906
    endloop
  endfacet
  facet normal 0.0 0.0 0.0
    outer loop
      vertex -0.0029274053651917203 0.02366668765358549 -0.001594179951483575
      vertex -0.0030715875703919157 0.023666687655530823 -0.0012947826021259697
      vertex -0.00270290661191531 0.024000000638837764 -0.0013016512029713065
    endloop
  endfacet
  facet normal 0.0 0.0 0.0
    outer loop
      vertex -0.003378746998717565 0.023333344153815692 -0.001424260937506524
      vertex -0.003185242660723947 0.023666687657064273 -0.0009825172656124502
      vertex -0.0030715875703919157 0.023666687655530823 -0.0012947826021259697
    endloop
  endfacet
  facet normal 0.0 0.0 0.0
    outer loop
      vertex -0.003378746998717565 0.023333344153815692 -0.001424260937506524
      vertex -0.003503766072203893 0.02333334415550247 -0.0010807690256184014
      vertex -0.003185242660723947 0.023666687657064273 -0.0009825172656124502
    endloop
  endfacet
  facet normal 0.0 0.0 0.0
    outer loop
      vertex -0.003378746998717565 0.023333344153815692 -0.001424260937506524
      vertex -0.003603875177043215 0.02300000065099378 -0.001735534989172784
      vertex -0.0036859045196945823 0.023000000652100536 -0.001553739153677789
    endloop
  endfacet
  facet normal 0.0 0.0 0.0
    outer loop
      vertex -0.003378746998717565 0.023333344153815692 -0.001424260937506524
      vertex -0.0036859045196945823 0.023000000652100536 -0.001553739153677789
      vertex -0.0037587709595139182 0.02300000065308366 -0.0013680805795734795
    endloop
  endfacet
  facet normal 0.0 0.0 0.0
    outer loop
      vertex -0.003378746998717565 0.023333344153815692 -0.001424260937506524
      vertex -0.0037587709595139182 0.02300000065308366 -0.0013680805795734795
      vertex -0.003503766072203893 0.02333334415550247 -0.0010807690256184014
    endloop
  endfacet
  facet normal 0.0 0.0 0.0
    outer loop
      vertex -0.0027541284639466027 0.02366668765124761 -0.001877733551794854
      vertex -0.0025598726305920676 0.024000000636907926 -0.0015643056266849906
      vertex -0.0024787168536145286 0.02400000063581296 -0.001689960204893914
    endloop
  endfacet
  facet normal 0.0 0.0 0.0
    outer loop
      vertex -0.0027541284639466027 0.02366668765124761 -0.001877733551794854
      vertex -0.0024787168536145286 0.02400000063581296 -0.001689960204893914
      vertex -0.0023913984332043724 0.024000000634634845 -0.00181141325169262
    endloop
  endfacet
  facet normal 0.0 0.0 0.0
    outer loop
      vertex -0.0027541284639466027 0.02366668765124761 -0.001877733551794854
      vertex -0.0029274053651917203 0.02366668765358549 -0.001594179951483575
      vertex -0.0025598726305920676 0.024000000636907926 -0.0015643056266849906
    endloop
  endfacet
  facet normal 0.0 0.0 0.0
    outer loop
      vertex -0.003220145237853307 0.02333334415167581 -0.001753597938353387
      vertex -0.003378746998717565 0.023333344153815692 -0.001424260937506524
      vertex -0.0030715875703919157 0.023666687655530823 -0.0012947826021259697
    endloop
  endfacet
  facet normal 0.0 0.0 0.0
    outer loop
      vertex -0.003220145237853307 0.02333334415167581 -0.001753597938353387
      vertex -0.003603875177043215 0.02300000065099378 -0.001735534989172784
      vertex -0.003378746998717565 0.023333344153815692 -0.001424260937506524
    endloop
  endfacet
  facet normal 0.0 0.0 0.0
    outer loop
      vertex -0.003220145237853307 0.02333334415167581 -0.001753597938353387
      vertex -0.0034131632019455582 0.023000000648420664 -0.0020857407682484067
      vertex -0.003512887017863527 0.023000000649766154 -0.0019130159252231992
    endloop
  endfacet
  facet normal 0.0 0.0 0.0
    outer loop
      vertex -0.003220145237853307 0.02333334415167581 -0.001753597938353387
      vertex -0.003512887017863527 0.023000000649766154 -0.0019130159252231992
      vertex -0.003603875177043215 0.02300000065099378 -0.001735534989172784
    endloop
  endfacet
  facet normal 0.0 0.0 0.0
    outer loop
      vertex -0.003220145237853307 0.02333334415167581 -0.001753597938353387
      vertex -0.0030715875703919157 0.023666687655530823 -0.0012947826021259697
      vertex -0.0029274053651917203 0.02366668765358549 -0.001594179951483575
    endloop
  endfacet
  facet normal 0.0 0.0 0.0
    outer loop
      vertex -0.002553481109820626 0.023666687648540442 -0.0021426252954548277
      vertex -0.0023913984332043724 0.024000000634634845 -0.00181141325169262
      vertex -0.0022981328997571065 0.02400000063337649 -0.0019283628099506767
    endloop
  endfacet
  facet normal 0.0 0.0 0.0
    outer loop
      vertex -0.002553481109820626 0.023666687648540442 -0.0021426252954548277
      vertex -0.0022981328997571065 0.02400000063337649 -0.0019283628099506767
      vertex -0.0021991548571545674 0.024000000632041062 -0.0020405182474201597
    endloop
  endfacet
  facet normal 0.0 0.0 0.0
    outer loop
      vertex -0.002553481109820626 0.023666687648540442 -0.0021426252954548277
      vertex -0.0027541284639466027 0.02366668765124761 -0.001877733551794854
      vertex -0.0023913984332043724 0.024000000634634845 -0.00181141325169262
    endloop
  endfacet
  facet normal 0.0 0.0 0.0
    outer loop
      vertex -0.003029541981627721 0.023333344149104162 -0.0020655068986957944
      vertex -0.0034131632019455582 0.023000000648420664 -0.0020857407682484067
      vertex -0.003220145237853307 0.02333334415167581 -0.001753597938353387
    endloop
  endfacet
  facet normal 0.0 0.0 0.0
    outer loop
      vertex -0.003029541981627721 0.023333344149104162 -0.0020655068986957944
      vertex -0.003220145237853307 0.02333334415167581 -0.001753597938353387
      vertex -0.0029274053651917203 0.02366668765358549 -0.001594179951483575
    endloop
  endfacet
  facet normal 0.0 0.0 0.0
    outer loop
      vertex -0.003029541981627721 0.023333344149104162 -0.0020655068986957944
      vertex -0.0031885309387619646 0.02300000064538989 -0.0024152176015919125
      vertex -0.0033049554993088395 0.023000000646960707 -0.0022532801263874446
    endloop
  endfacet
  facet normal 0.0 0.0 0.0
    outer loop
      vertex -0.003029541981627721 0.023333344149104162 -0.0020655068986957944
      vertex -0.0033049554993088395 0.023000000646960707 -0.0022532801263874446
      vertex -0.0034131632019455582 0.023000000648420664 -0.0020857407682484067
    endloop
  endfacet
  facet normal 0.0 0.0 0.0
    outer loop
      vertex -0.003029541981627721 0.023333344149104162 -0.0020655068986957944
      vertex -0.0029274053651917203 0.02366668765358549 -0.001594179951483575
      vertex -0.0027541284639466027 0.02366668765124761 -0.001877733551794854
    endloop
  endfacet
  facet normal 0.0 0.0 0.0
    outer loop
      vertex -0.002327456482135079 0.02366668764549088 -0.0023862228029316343
      vertex -0.0021991548571545674 0.024000000632041062 -0.0020405182474201597
      vertex -0.0020947103533703877 0.02400000063063188 -0.0021476006143635188
    endloop
  endfacet
  facet normal 0.0 0.0 0.0
    outer loop
      vertex -0.002327456482135079 0.02366668764549088 -0.0023862228029316343
      vertex -0.0020947103533703877 0.02400000063063188 -0.0021476006143635188
      vertex -0.0019850568804699975 0.024000000629152418 -0.0022493435972278986
    endloop
  endfacet
  facet normal 0.0 0.0 0.0
    outer loop
      vertex -0.002327456482135079 0.02366668764549088 -0.0023862228029316343
      vertex -0.002553481109820626 0.023666687648540442 -0.0021426252954548277
      vertex -0.0021991548571545674 0.024000000632041062 -0.0020405182474201597
    endloop
  endfacet
  facet normal 0.0 0.0 0.0
    outer loop
      vertex -0.002808829319884557 0.02333334414612627 -0.002356888019377557
      vertex -0.003029541981627721 0.023333344149104162 -0.0020655068986957944
      vertex -0.0027541284639466027 0.02366668765124761 -0.001877733551794854
    endloop
  endfacet
  facet normal 0.0 0.0 0.0
    outer loop
      vertex -0.002808829319884557 0.02333334414612627 -0.002356888019377557
      vertex -0.0031885309387619646 0.02300000064538989 -0.0024152176015919125
      vertex -0.003029541981627721 0.023333344149104162 -0.0020655068986957944
    endloop
  endfacet
  facet normal 0.0 0.0 0.0
    outer loop
      vertex -0.002808829319884557 0.02333334414612627 -0.002356888019377557
      vertex -0.0029322080780441913 0.02300000064193154 -0.002720690929228631
      vertex -0.0030641775299484883 0.02300000064371209 -0.0025711505048817075
    endloop
  endfacet
  facet normal 0.0 0.0 0.0
    outer loop
      vertex -0.002808829319884557 0.02333334414612627 -0.002356888019377557
      vertex -0.0030641775299484883 0.02300000064371209 -0.0025711505048817075
      vertex -0.0031885309387619646 0.02300000064538989 -0.0024152176015919125
    endloop
  endfacet
  facet normal 0.0 0.0 0.0
    outer loop
      vertex -0.002808829319884557 0.02333334414612627 -0.002356888019377557
      vertex -0.0027541284639466027 0.02366668765124761 -0.001877733551794854
      vertex -0.002553481109820626 0.023666687648540442 -0.0021426252954548277
    endloop
  endfacet
  facet normal 0.0 0.0 0.0
    outer loop
      vertex -0.0020782995302307825 0.023666687642129217 -0.0026061050527637873
      vertex -0.002327456482135079 0.02366668764549088 -0.0023862228029316343
      vertex -0.0019850568804699975 0.024000000629152418 -0.0022493435972278986
    endloop
  endfacet
  facet normal 0.0 0.0 0.0
    outer loop
      vertex -0.0020782995302307825 0.023666687642129217 -0.0026061050527637873
      vertex -0.0019850568804699975 0.024000000629152418 -0.0022493435972278986
      vertex -0.0018704690966565207 0.02400000062760638 -0.0023454944723194514
    endloop
  endfacet
  facet normal 0.0 0.0 0.0
    outer loop
      vertex -0.0020782995302307825 0.023666687642129217 -0.0026061050527637873
      vertex -0.0018704690966565207 0.02400000062760638 -0.0023454944723194514
      vertex -0.0017512311968762473 0.024000000625997605 -0.002435814105803338
    endloop
  endfacet
  facet normal 0.0 0.0 0.0
    outer loop
      vertex -0.0025602026109001817 0.02333334414277176 -0.0026248452299183285
      vertex -0.002808829319884557 0.02333334414612627 -0.002356888019377557
      vertex -0.002553481109820626 0.023666687648540442 -0.0021426252954548277
    endloop
  endfacet
  facet normal 0.0 0.0 0.0
    outer loop
      vertex -0.0025602026109001817 0.02333334414277176 -0.0026248452299183285
      vertex -0.0029322080780441913 0.02300000064193154 -0.002720690929228631
      vertex -0.002808829319884557 0.02333334414612627 -0.002356888019377557
    endloop
  endfacet
  facet normal 0.0 0.0 0.0
    outer loop
      vertex -0.0025602026109001817 0.02333334414277176 -0.0026248452299183285
      vertex -0.0026467428375656758 0.023000000638079995 -0.0029991247289722837
      vertex -0.0027929468323166524 0.023000000640052604 -0.0028634674184864436
    endloop
  endfacet
  facet normal 0.0 0.0 0.0
    outer loop
      vertex -0.0025602026109001817 0.02333334414277176 -0.0026248452299183285
      vertex -0.0027929468323166524 0.023000000640052604 -0.0028634674184864436
      vertex -0.0029322080780441913 0.02300000064193154 -0.002720690929228631
    endloop
  endfacet
  facet normal 0.0 0.0 0.0
    outer loop
      vertex -0.0025602026109001817 0.02333334414277176 -0.0026248452299183285
      vertex -0.002553481109820626 0.023666687648540442 -0.0021426252954548277
      vertex -0.002327456482135079 0.02366668764549088 -0.0023862228029316343
    endloop
  endfacet
  facet normal 0.0 0.0 0.0
    outer loop
      vertex -0.0018084878999817587 0.023666687638488875 -0.0028000864618366633
      vertex -0.0020782995302307825 0.023666687642129217 -0.0026061050527637873
      vertex -0.0017512311968762473 0.024000000625997605 -0.002435814105803338
    endloop
  endfacet
  facet normal 0.0 0.0 0.0
    outer loop
      vertex -0.0018084878999817587 0.023666687638488875 -0.0028000864618366633
      vertex -0.0017512311968762473 0.024000000625997605 -0.002435814105803338
      vertex -0.001627638820167263 0.024000000624330074 -0.002520077668959466
    endloop
  endfacet
  facet normal 0.0 0.0 0.0
    outer loop
      vertex -0.0018084878999817587 0.023666687638488875 -0.0028000864618366633
      vertex -0.001627638820167263 0.024000000624330074 -0.002520077668959466
      vertex -0.0014999990496594505 0.024000000622607938 -0.002598076307112542
    endloop
  endfacet
  facet normal 0.0 0.0 0.0
    outer loop
      vertex -0.002286129963805455 0.02333334413907392 -0.002866715394789544
      vertex -0.002327456482135079 0.02366668764549088 -0.0023862228029316343
      vertex -0.0020782995302307825 0.023666687642129217 -0.0026061050527637873
    endloop
  endfacet
  facet normal 0.0 0.0 0.0
    outer loop
      vertex -0.002286129963805455 0.02333334413907392 -0.002866715394789544
      vertex -0.0023349752594406755 0.023000000633873575 -0.003247751914793817
      vertex -0.002493958490031496 0.023000000636018605 -0.003127325975233881
    endloop
  endfacet
  facet normal 0.0 0.0 0.0
    outer loop
      vertex -0.002286129963805455 0.02333334413907392 -0.002866715394789544
      vertex -0.002493958490031496 0.023000000636018605 -0.003127325975233881
      vertex -0.0026467428375656758 0.023000000638079995 -0.0029991247289722837
    endloop
  endfacet
  facet normal 0.0 0.0 0.0
    outer loop
      vertex -0.002286129963805455 0.02333334413907392 -0.002866715394789544
      vertex -0.0026467428375656758 0.023000000638079995 -0.0029991247289722837
      vertex -0.0025602026109001817 0.02333334414277176 -0.0026248452299183285
    endloop
  endfacet
  facet normal 0.0 0.0 0.0
    outer loop
      vertex -0.002286129963805455 0.02333334413907392 -0.002866715394789544
      vertex -0.0025602026109001817 0.02333334414277176 -0.0026248452299183285
      vertex -0.002327456482135079 0.02366668764549088 -0.0023862228029316343
    endloop
  endfacet
  facet normal 0.0 0.0 0.0
    outer loop
      vertex -0.0015207014162171102 0.02366668763460601 -0.0029662394159382256
      vertex -0.0018084878999817587 0.023666687638488875 -0.0028000864618366633
      vertex -0.0014999990496594505 0.024000000622607938 -0.002598076307112542
    endloop
  endfacet
  facet normal 0.0 0.0 0.0
    outer loop
      vertex -0.0015207014162171102 0.02366668763460601 -0.0029662394159382256
      vertex -0.0014999990496594505 0.024000000622607938 -0.002598076307112542
      vertex -0.0013686323199231223 0.02400000062083552 -0.0026696154707020196
    endloop
  endfacet
  facet normal 0.0 0.0 0.0
    outer loop
      vertex -0.0015207014162171102 0.02366668763460601 -0.0029662394159382256
      vertex -0.0013686323199231223 0.02400000062083552 -0.0026696154707020196
      vertex -0.0012338609728772237 0.02400000061901716 -0.0027345175378864677
    endloop
  endfacet
  facet normal 0.0 0.0 0.0
    outer loop
      vertex -0.001989336979796666 0.023333344135069545 -0.003080095016295282
      vertex -0.001999999063151613 0.023000000629354023 -0.0034641015165394226
      vertex -0.0021701841522629413 0.023000000631650187 -0.003360103809172479
    endloop
  endfacet
  facet normal 0.0 0.0 0.0
    outer loop
      vertex -0.001989336979796666 0.023333344135069545 -0.003080095016295282
      vertex -0.0021701841522629413 0.023000000631650187 -0.003360103809172479
      vertex -0.0023349752594406755 0.023000000633873575 -0.003247751914793817
    endloop
  endfacet
  facet normal 0.0 0.0 0.0
    outer loop
      vertex -0.001989336979796666 0.023333344135069545 -0.003080095016295282
      vertex -0.0020782995302307825 0.023666687642129217 -0.0026061050527637873
      vertex -0.0018084878999817587 0.023666687638488875 -0.0028000864618366633
    endloop
  endfacet
  facet normal 0.0 0.0 0.0
    outer loop
      vertex -0.001989336979796666 0.023333344135069545 -0.003080095016295282
      vertex -0.0023349752594406755 0.023000000633873575 -0.003247751914793817
      vertex -0.002286129963805455 0.02333334413907392 -0.002866715394789544
    endloop
  endfacet
  facet normal 0.0 0.0 0.0
    outer loop
      vertex -0.001989336979796666 0.023333344135069545 -0.003080095016295282
      vertex -0.002286129963805455 0.02333334413907392 -0.002866715394789544
      vertex -0.0020782995302307825 0.023666687642129217 -0.0026061050527637873
    endloop
  endfacet
  facet normal 0.0 0.0 0.0
    outer loop
      vertex -0.0012178030092346883 0.023666687630519257 -0.0031029123895710384
      vertex -0.0012338609728772237 0.02400000061901716 -0.0027345175378864677
      vertex -0.0010960226092297627 0.024000000617157423 -0.002792621337706414
    endloop
  endfacet
  facet normal 0.0 0.0 0.0
    outer loop
      vertex -0.0012178030092346883 0.023666687630519257 -0.0031029123895710384
      vertex -0.0010960226092297627 0.024000000617157423 -0.002792621337706414
      vertex -0.0009554595980603292 0.024000000615260923 -0.002843782150084344
    endloop
  endfacet
  facet normal 0.0 0.0 0.0
    outer loop
      vertex -0.0012178030092346883 0.023666687630519257 -0.0031029123895710384
      vertex -0.0015207014162171102 0.02366668763460601 -0.0029662394159382256
      vertex -0.0012338609728772237 0.02400000061901716 -0.0027345175378864677
    endloop
  endfacet
  facet normal 0.0 0.0 0.0
    outer loop
      vertex -0.0016727724198601429 0.023333344130798402 -0.003262863361174432
      vertex -0.0016451482941086445 0.02300000062456632 -0.003646023475462762
      vertex -0.0018248434235031757 0.023000000626990792 -0.0035594873064106387
    endloop
  endfacet
  facet normal 0.0 0.0 0.0
    outer loop
      vertex -0.0016727724198601429 0.023333344130798402 -0.003262863361174432
      vertex -0.0018248434235031757 0.023000000626990792 -0.0035594873064106387
      vertex -0.001999999063151613 0.023000000629354023 -0.0034641015165394226
    endloop
  endfacet
  facet normal 0.0 0.0 0.0
    outer loop
      vertex -0.0016727724198601429 0.023333344130798402 -0.003262863361174432
      vertex -0.0018084878999817587 0.023666687638488875 -0.0028000864618366633
      vertex -0.0015207014162171102 0.02366668763460601 -0.0029662394159382256
    endloop
  endfacet
  facet normal 0.0 0.0 0.0
    outer loop
      vertex -0.0016727724198601429 0.023333344130798402 -0.003262863361174432
      vertex -0.001989336979796666 0.023333344135069545 -0.003080095016295282
      vertex -0.0018084878999817587 0.023666687638488875 -0.0028000864618366633
    endloop
  endfacet
  facet normal 0.0 0.0 0.0
    outer loop
      vertex -0.0016727724198601429 0.023333344130798402 -0.003262863361174432
      vertex -0.001999999063151613 0.023000000629354023 -0.0034641015165394226
      vertex -0.001989336979796666 0.023333344135069545 -0.003080095016295282
    endloop
  endfacet
  facet normal 0.0 0.0 0.0
    outer loop
      vertex -0.0009028015215027548 0.023666687626269205 -0.0032087475889271177
      vertex -0.0009554595980603292 0.024000000615260923 -0.002843782150084344
      vertex -0.0008125209841687277 0.02400000061333237 -0.0028878726594990167
    endloop
  endfacet
  facet normal 0.0 0.0 0.0
    outer loop
      vertex -0.0009028015215027548 0.023666687626269205 -0.0032087475889271177
      vertex -0.0008125209841687277 0.02400000061333237 -0.0028878726594990167
      vertex -0.0006675624880749777 0.024000000611376568 -0.002924783670241204
    endloop
  endfacet
  facet normal 0.0 0.0 0.0
    outer loop
      vertex -0.0009028015215027548 0.023666687626269205 -0.0032087475889271177
      vertex -0.0012178030092346883 0.023666687630519257 -0.0031029123895710384
      vertex -0.0009554595980603292 0.024000000615260923 -0.002843782150084344
    endloop
  endfacet
  facet normal 0.0 0.0 0.0
    outer loop
      vertex -0.0013395834092400256 0.02333334412630296 -0.0034132036798542415
      vertex -0.001273945825236574 0.023000000619557995 -0.0037917093866413508
      vertex -0.0014613638092453632 0.02300000062208667 -0.0037234949701374447
    endloop
  endfacet
  facet normal 0.0 0.0 0.0
    outer loop
      vertex -0.0013395834092400256 0.02333334412630296 -0.0034132036798542415
      vertex -0.0014613638092453632 0.02300000062208667 -0.0037234949701374447
      vertex -0.0016451482941086445 0.02300000062456632 -0.003646023475462762
    endloop
  endfacet
  facet normal 0.0 0.0 0.0
    outer loop
      vertex -0.0013395834092400256 0.02333334412630296 -0.0034132036798542415
      vertex -0.0015207014162171102 0.02366668763460601 -0.0029662394159382256
      vertex -0.0012178030092346883 0.023666687630519257 -0.0031029123895710384
    endloop
  endfacet
  facet normal 0.0 0.0 0.0
    outer loop
      vertex -0.0013395834092400256 0.02333334412630296 -0.0034132036798542415
      vertex -0.0016727724198601429 0.023333344130798402 -0.003262863361174432
      vertex -0.0015207014162171102 0.02366668763460601 -0.0029662394159382256
    endloop
  endfacet
  facet normal 0.0 0.0 0.0
    outer loop
      vertex -0.0013395834092400256 0.02333334412630296 -0.0034132036798542415
      vertex -0.0016451482941086445 0.02300000062456632 -0.003646023475462762
      vertex -0.0016727724198601429 0.023333344130798402 -0.003262863361174432
    endloop
  endfacet
  facet normal 0.0 0.0 0.0
    outer loop
      vertex -0.0005788269121277547 0.023666687621898087 -0.0032826923959797297
      vertex -0.0006675624880749777 0.024000000611376568 -0.002924783670241204
      vertex -0.0005209445986706808 0.024000000609398376 -0.002954423152739373
    endloop
  endfacet
  facet normal 0.0 0.0 0.0
    outer loop
      vertex -0.0005788269121277547 0.023666687621898087 -0.0032826923959797297
      vertex -0.0005209445986706808 0.024000000609398376 -0.002954423152739373
      vertex -0.0003730306658703878 0.024000000607402698 -0.0029767176740711603
    endloop
  endfacet
  facet normal 0.0 0.0 0.0
    outer loop
      vertex -0.0005788269121277547 0.023666687621898087 -0.0032826923959797297
      vertex -0.0009028015215027548 0.023666687626269205 -0.0032087475889271177
      vertex -0.0006675624880749777 0.024000000611376568 -0.002924783670241204
    endloop
  endfacet
  facet normal 0.0 0.0 0.0
    outer loop
      vertex -0.0009930820588371937 0.02333334412162791 -0.003529622279936639
      vertex -0.0008900833298142107 0.02300000061437886 -0.003899711572462884
      vertex -0.0010833616424973163 0.0230000006169866 -0.0038504969709461604
    endloop
  endfacet
  facet normal 0.0 0.0 0.0
    outer loop
      vertex -0.0009930820588371937 0.02333334412162791 -0.003529622279936639
      vertex -0.0010833616424973163 0.0230000006169866 -0.0038504969709461604
      vertex -0.001273945825236574 0.023000000619557995 -0.0037917093866413508
    endloop
  endfacet
  facet normal 0.0 0.0 0.0
    outer loop
      vertex -0.0009930820588371937 0.02333334412162791 -0.003529622279936639
      vertex -0.0012178030092346883 0.023666687630519257 -0.0031029123895710384
      vertex -0.0009028015215027548 0.023666687626269205 -0.0032087475889271177
    endloop
  endfacet
  facet normal 0.0 0.0 0.0
    outer loop
      vertex -0.0009930820588371937 0.02333334412162791 -0.003529622279936639
      vertex -0.001273945825236574 0.023000000619557995 -0.0037917093866413508
      vertex -0.0013395834092400256 0.02333334412630296 -0.0034132036798542415
    endloop
  endfacet
  facet normal 0.0 0.0 0.0
    outer loop
      vertex -0.0009930820588371937 0.02333334412162791 -0.003529622279936639
      vertex -0.0013395834092400256 0.02333334412630296 -0.0034132036798542415
      vertex -0.0012178030092346883 0.023666687630519257 -0.0031029123895710384
    endloop
  endfacet
  facet normal 0.0 0.0 0.0
    outer loop
      vertex -0.0002491006929505087 0.023666687617449365 -0.003324012719923822
      vertex -0.0003730306658703878 0.024000000607402698 -0.0029767176740711603
      vertex -0.00022419071530886437 0.024000000605394527 -0.0029916114442890556
    endloop
  endfacet
  facet normal 0.0 0.0 0.0
    outer loop
      vertex -0.0002491006929505087 0.023666687617449365 -0.003324012719923822
      vertex -0.00022419071530886437 0.024000000605394527 -0.0029916114442890556
      vertex -7.479191159792687e-05 0.024000000603378813 -0.0029990675085132985
    endloop
  endfacet
  facet normal 0.0 0.0 0.0
    outer loop
      vertex -0.0002491006929505087 0.023666687617449365 -0.003324012719923822
      vertex -0.0005788269121277547 0.023666687621898087 -0.0032826923959797297
      vertex -0.0003730306658703878 0.024000000607402698 -0.0029767176740711603
    endloop
  endfacet
  facet normal 0.0 0.0 0.0
    outer loop
      vertex -0.0006367101792595569 0.02333334411681968 -0.0036109618776386655
      vertex -0.0009930820588371937 0.02333334412162791 -0.003529622279936639
      vertex -0.0009028015215027548 0.023666687626269205 -0.0032087475889271177
    endloop
  endfacet
  facet normal 0.0 0.0 0.0
    outer loop
      vertex -0.0006367101792595569 0.02333334411681968 -0.0036109618776386655
      vertex -0.0008900833298142107 0.02300000061437886 -0.003899711572462884
      vertex -0.0009930820588371937 0.02333334412162791 -0.003529622279936639
    endloop
  endfacet
  facet normal 0.0 0.0 0.0
    outer loop
      vertex -0.0006367101792595569 0.02333334411681968 -0.0036109618776386655
      vertex -0.000497374551432863 0.02300000060908037 -0.0039689569109028254
      vertex -0.0006945924927170427 0.023000000611741265 -0.003939231120879022
    endloop
  endfacet
  facet normal 0.0 0.0 0.0
    outer loop
      vertex -0.0006367101792595569 0.02333334411681968 -0.0036109618776386655
      vertex -0.0006945924927170427 0.023000000611741265 -0.003939231120879022
      vertex -0.0008900833298142107 0.02300000061437886 -0.003899711572462884
    endloop
  endfacet
  facet normal 0.0 0.0 0.0
    outer loop
      vertex -0.0006367101792595569 0.02333334411681968 -0.0036109618776386655
      vertex -0.0009028015215027548 0.023666687626269205 -0.0032087475889271177
      vertex -0.0005788269121277547 0.023666687621898087 -0.0032826923959797297
    endloop
  endfacet
  facet normal 0.0 0.0 0.0
    outer loop
      vertex 8.310221842644444e-05 0.02366668761296723 -0.003332297288710443
      vertex -0.0002491006929505087 0.023666687617449365 -0.003324012719923822
      vertex -7.479191159792687e-05 0.024000000603378813 -0.0029990675085132985
    endloop
  endfacet
  facet normal 0.0 0.0 0.0
    outer loop
      vertex 8.310221842644444e-05 0.02366668761296723 -0.003332297288710443
      vertex -7.479191159792687e-05 0.024000000603378813 -0.0029990675085132985
      vertex 7.479190493039343e-05 0.024000000601360604 -0.0029990675085132985
    endloop
  endfacet
  facet normal 0.0 0.0 0.0
    outer loop
      vertex 8.310221842644444e-05 0.02366668761296723 -0.003332297288710443
      vertex 7.479190493039343e-05 0.024000000601360604 -0.0029990675085132985
      vertex 0.00022419070864133095 0.02400000059934489 -0.0029916114442890556
    endloop
  endfacet
  facet normal 0.0 0.0 0.0
    outer loop
      vertex -0.00027401067059256475 0.023333344111926082 -0.0036564139955585872
      vertex -0.000497374551432863 0.02300000060908037 -0.0039689569109028254
      vertex -0.0006367101792595569 0.02333334411681968 -0.0036109618776386655
    endloop
  endfacet
  facet normal 0.0 0.0 0.0
    outer loop
      vertex -0.00027401067059256475 0.023333344111926082 -0.0036564139955585872
      vertex -9.972287906958175e-05 0.023000000603715185 -0.003998756610686151
      vertex -0.0002989206482346208 0.023000000606402796 -0.003988815271193353
    endloop
  endfacet
  facet normal 0.0 0.0 0.0
    outer loop
      vertex -0.00027401067059256475 0.023333344111926082 -0.0036564139955585872
      vertex -0.0002989206482346208 0.023000000606402796 -0.003988815271193353
      vertex -0.000497374551432863 0.02300000060908037 -0.0039689569109028254
    endloop
  endfacet
  facet normal 0.0 0.0 0.0
    outer loop
      vertex -0.00027401067059256475 0.023333344111926082 -0.0036564139955585872
      vertex -0.0005788269121277547 0.023666687621898087 -0.0032826923959797297
      vertex -0.0002491006929505087 0.023666687617449365 -0.003324012719923822
    endloop
  endfacet
  facet normal 0.0 0.0 0.0
    outer loop
      vertex -0.00027401067059256475 0.023333344111926082 -0.0036564139955585872
      vertex -0.0006367101792595569 0.02333334411681968 -0.0036109618776386655
      vertex -0.0005788269121277547 0.023666687621898087 -0.0032826923959797297
    endloop
  endfacet
  facet normal 0.0 0.0 0.0
    outer loop
      vertex 0.00041447924784538976 0.023666687608496238 -0.003307464086348382
      vertex 0.00022419070864133095 0.02400000059934489 -0.0029916114442890556
      vertex 0.0003730306592028544 0.024000000597336715 -0.0029767176740711603
    endloop
  endfacet
  facet normal 0.0 0.0 0.0
    outer loop
      vertex 0.00041447924784538976 0.023666687608496238 -0.003307464086348382
      vertex 8.310221842644444e-05 0.02366668761296723 -0.003332297288710443
      vertex 0.00022419070864133095 0.02400000059934489 -0.0029916114442890556
    endloop
  endfacet
  facet normal 0.0 0.0 0.0
    outer loop
      vertex 0.00041447924784538976 0.023666687608496238 -0.003307464086348382
      vertex 0.0003730306592028544 0.024000000597336715 -0.0029767176740711603
      vertex 0.0005209445920031473 0.024000000595341037 -0.002954423152739373
    endloop
  endfacet
  facet normal 0.0 0.0 0.0
    outer loop
      vertex 9.141253192208368e-05 0.02333334410699573 -0.0036655270689075863
      vertex 0.000298920614582762 0.023000000598336623 -0.003988815271193353
      vertex 9.972284541772293e-05 0.023000000601024233 -0.003998756610686151
    endloop
  endfacet
  facet normal 0.0 0.0 0.0
    outer loop
      vertex 9.141253192208368e-05 0.02333334410699573 -0.0036655270689075863
      vertex 9.972284541772293e-05 0.023000000601024233 -0.003998756610686151
      vertex -9.972287906958175e-05 0.023000000603715185 -0.003998756610686151
    endloop
  endfacet
  facet normal 0.0 0.0 0.0
    outer loop
      vertex 9.141253192208368e-05 0.02333334410699573 -0.0036655270689075863
      vertex -0.0002491006929505087 0.023666687617449365 -0.003324012719923822
      vertex 8.310221842644444e-05 0.02366668761296723 -0.003332297288710443
    endloop
  endfacet
  facet normal 0.0 0.0 0.0
    outer loop
      vertex 9.141253192208368e-05 0.02333334410699573 -0.0036655270689075863
      vertex -0.00027401067059256475 0.023333344111926082 -0.0036564139955585872
      vertex -0.0002491006929505087 0.023666687617449365 -0.003324012719923822
    endloop
  endfacet
  facet normal 0.0 0.0 0.0
    outer loop
      vertex 9.141253192208368e-05 0.02333334410699573 -0.0036655270689075863
      vertex -9.972287906958175e-05 0.023000000603715185 -0.003998756610686151
      vertex -0.00027401067059256475 0.023333344111926082 -0.0036564139955585872
    endloop
  endfacet
  facet normal 0.0 0.0 0.0
    outer loop
      vertex 0.0007417364042174601 0.023666687604080833 -0.003249759637648431
      vertex 0.0005209445920031473 0.024000000595341037 -0.002954423152739373
      vertex 0.0006675624814074442 0.024000000593362845 -0.002924783670241204
    endloop
  endfacet
  facet normal 0.0 0.0 0.0
    outer loop
      vertex 0.0007417364042174601 0.023666687604080833 -0.003249759637648431
      vertex 0.0006675624814074442 0.024000000593362845 -0.002924783670241204
      vertex 0.0008125209775011942 0.024000000591407042 -0.0028878726594990167
    endloop
  endfacet
  facet normal 0.0 0.0 0.0
    outer loop
      vertex 0.0007417364042174601 0.023666687604080833 -0.003249759637648431
      vertex 0.00041447924784538976 0.023666687608496238 -0.003307464086348382
      vertex 0.0005209445920031473 0.024000000595341037 -0.002954423152739373
    endloop
  endfacet
  facet normal 0.0 0.0 0.0
    outer loop
      vertex 0.000455926882813197 0.023333344102077647 -0.0036382104986256037
      vertex 0.0006945924590651838 0.023000000592998157 -0.003939231120879022
      vertex 0.0004973745177810041 0.023000000595659053 -0.0039689569109028254
    endloop
  endfacet
  facet normal 0.0 0.0 0.0
    outer loop
      vertex 0.000455926882813197 0.023333344102077647 -0.0036382104986256037
      vertex 0.0004973745177810041 0.023000000595659053 -0.0039689569109028254
      vertex 0.000298920614582762 0.023000000598336623 -0.003988815271193353
    endloop
  endfacet
  facet normal 0.0 0.0 0.0
    outer loop
      vertex 0.000455926882813197 0.023333344102077647 -0.0036382104986256037
      vertex 8.310221842644444e-05 0.02366668761296723 -0.003332297288710443
      vertex 0.00041447924784538976 0.023666687608496238 -0.003307464086348382
    endloop
  endfacet
  facet normal 0.0 0.0 0.0
    outer loop
      vertex 0.000455926882813197 0.023333344102077647 -0.0036382104986256037
      vertex 9.141253192208368e-05 0.02333334410699573 -0.0036655270689075863
      vertex 8.310221842644444e-05 0.02366668761296723 -0.003332297288710443
    endloop
  endfacet
  facet normal 0.0 0.0 0.0
    outer loop
      vertex 0.000455926882813197 0.023333344102077647 -0.0036382104986256037
      vertex 0.00041447924784538976 0.023666687608496238 -0.003307464086348382
      vertex 0.0007417364042174601 0.023666687604080833 -0.003249759637648431
    endloop
  endfacet
  facet normal 0.0 0.0 0.0
    outer loop
      vertex 0.000455926882813197 0.023333344102077647 -0.0036382104986256037
      vertex 0.000298920614582762 0.023000000598336623 -0.003988815271193353
      vertex 9.141253192208368e-05 0.02333334410699573 -0.0036655270689075863
    endloop
  endfacet
  facet normal 0.0 0.0 0.0
    outer loop
      vertex 0.0010616226117980264 0.023666687599764875 -0.0031597578161304866
      vertex 0.0008125209775011942 0.024000000591407042 -0.0028878726594990167
      vertex 0.0009554595913927958 0.02400000058947849 -0.002843782150084344
    endloop
  endfacet
  facet normal 0.0 0.0 0.0
    outer loop
      vertex 0.0010616226117980264 0.023666687599764875 -0.0031597578161304866
      vertex 0.0009554595913927958 0.02400000058947849 -0.002843782150084344
      vertex 0.0010960226025622296 0.02400000058758199 -0.002792621337706414
    endloop
  endfacet
  facet normal 0.0 0.0 0.0
    outer loop
      vertex 0.0010616226117980264 0.023666687599764875 -0.0031597578161304866
      vertex 0.0007417364042174601 0.023666687604080833 -0.003249759637648431
      vertex 0.0008125209775011942 0.024000000591407042 -0.0028878726594990167
    endloop
  endfacet
  facet normal 0.0 0.0 0.0
    outer loop
      vertex 0.0008159103270270642 0.02333334409722069 -0.0035747356050556574
      vertex 0.0010833616088454573 0.023000000587752818 -0.0038504969709461604
      vertex 0.0008900832961623519 0.023000000590360562 -0.003899711572462884
    endloop
  endfacet
  facet normal 0.0 0.0 0.0
    outer loop
      vertex 0.0008159103270270642 0.02333334409722069 -0.0035747356050556574
      vertex 0.0008900832961623519 0.023000000590360562 -0.003899711572462884
      vertex 0.0006945924590651838 0.023000000592998157 -0.003939231120879022
    endloop
  endfacet
  facet normal 0.0 0.0 0.0
    outer loop
      vertex 0.0008159103270270642 0.02333334409722069 -0.0035747356050556574
      vertex 0.000455926882813197 0.023333344102077647 -0.0036382104986256037
      vertex 0.0007417364042174601 0.023666687604080833 -0.003249759637648431
    endloop
  endfacet
  facet normal 0.0 0.0 0.0
    outer loop
      vertex 0.0008159103270270642 0.02333334409722069 -0.0035747356050556574
      vertex 0.0006945924590651838 0.023000000592998157 -0.003939231120879022
      vertex 0.000455926882813197 0.023333344102077647 -0.0036382104986256037
    endloop
  endfacet
  facet normal 0.0 0.0 0.0
    outer loop
      vertex 0.0013709573667418742 0.02366668759559128 -0.0030383529298847593
      vertex 0.0010960226025622296 0.02400000058758199 -0.002792621337706414
      vertex 0.0012338609662096904 0.024000000585722256 -0.0027345175378864677
    endloop
  endfacet
  facet normal 0.0 0.0 0.0
    outer loop
      vertex 0.0013709573667418742 0.02366668759559128 -0.0030383529298847593
      vertex 0.0012338609662096904 0.024000000585722256 -0.0027345175378864677
      vertex 0.0013686323132555886 0.024000000583903898 -0.0026696154707020196
    endloop
  endfacet
  facet normal 0.0 0.0 0.0
    outer loop
      vertex 0.0013709573667418742 0.02366668759559128 -0.0030383529298847593
      vertex 0.0010616226117980264 0.023666687599764875 -0.0031597578161304866
      vertex 0.0010960226025622296 0.02400000058758199 -0.002792621337706414
    endloop
  endfacet
  facet normal 0.0 0.0 0.0
    outer loop
      vertex 0.001167784678528529 0.023333344092473143 -0.0034757337205952085
      vertex 0.0008159103270270642 0.02333334409722069 -0.0035747356050556574
      vertex 0.0007417364042174601 0.023666687604080833 -0.003249759637648431
    endloop
  endfacet
  facet normal 0.0 0.0 0.0
    outer loop
      vertex 0.001167784678528529 0.023333344092473143 -0.0034757337205952085
      vertex 0.0014613637755935042 0.023000000582652752 -0.0037234949701374447
      vertex 0.0012739467452590313 0.023000000585181413 -0.0037917093866413508
    endloop
  endfacet
  facet normal 0.0 0.0 0.0
    outer loop
      vertex 0.001167784678528529 0.023333344092473143 -0.0034757337205952085
      vertex 0.0012739467452590313 0.023000000585181413 -0.0037917093866413508
      vertex 0.0010833616088454573 0.023000000587752818 -0.0038504969709461604
    endloop
  endfacet
  facet normal 0.0 0.0 0.0
    outer loop
      vertex 0.001167784678528529 0.023333344092473143 -0.0034757337205952085
      vertex 0.0010833616088454573 0.023000000587752818 -0.0038504969709461604
      vertex 0.0008159103270270642 0.02333334409722069 -0.0035747356050556574
    endloop
  endfacet
  facet normal 0.0 0.0 0.0
    outer loop
      vertex 0.001167784678528529 0.023333344092473143 -0.0034757337205952085
      vertex 0.0007417364042174601 0.023666687604080833 -0.003249759637648431
      vertex 0.0010616226117980264 0.023666687599764875 -0.0031597578161304866
    endloop
  endfacet
  facet normal 0.0 0.0 0.0
    outer loop
      vertex 0.0016666669767272258 0.02366668759160152 -0.0028867513769215017
      vertex 0.0013686323132555886 0.024000000583903898 -0.0026696154707020196
      vertex 0.0014999999966662332 0.02400000058213146 -0.002598076307112542
    endloop
  endfacet
  facet normal 0.0 0.0 0.0
    outer loop
      vertex 0.0016666669767272258 0.02366668759160152 -0.0028867513769215017
      vertex 0.0014999999966662332 0.02400000058213146 -0.002598076307112542
      vertex 0.0016276388134997292 0.02400000058040934 -0.002520077668959466
    endloop
  endfacet
  facet normal 0.0 0.0 0.0
    outer loop
      vertex 0.0016666669767272258 0.02366668759160152 -0.0028867513769215017
      vertex 0.0013709573667418742 0.02366668759559128 -0.0030383529298847593
      vertex 0.0013686323132555886 0.024000000583903898 -0.0026696154707020196
    endloop
  endfacet
  facet normal 0.0 0.0 0.0
    outer loop
      vertex 0.0015080528135993298 0.023333344087882193 -0.003342188083464471
      vertex 0.0010616226117980264 0.023666687599764875 -0.0031597578161304866
      vertex 0.0013709573667418742 0.02366668759559128 -0.0030383529298847593
    endloop
  endfacet
  facet normal 0.0 0.0 0.0
    outer loop
      vertex 0.0015080528135993298 0.023333344087882193 -0.003342188083464471
      vertex 0.0018248424361770002 0.02300000057774864 -0.0035594873064106374
      vertex 0.0016451482604567854 0.0230000005801731 -0.003646023475462762
    endloop
  endfacet
  facet normal 0.0 0.0 0.0
    outer loop
      vertex 0.0015080528135993298 0.023333344087882193 -0.003342188083464471
      vertex 0.0016451482604567854 0.0230000005801731 -0.003646023475462762
      vertex 0.0014613637755935042 0.023000000582652752 -0.0037234949701374447
    endloop
  endfacet
  facet normal 0.0 0.0 0.0
    outer loop
      vertex 0.0015080528135993298 0.023333344087882193 -0.003342188083464471
      vertex 0.001167784678528529 0.023333344092473143 -0.0034757337205952085
      vertex 0.0010616226117980264 0.023666687599764875 -0.0031597578161304866
    endloop
  endfacet
  facet normal 0.0 0.0 0.0
    outer loop
      vertex 0.0015080528135993298 0.023333344087882193 -0.003342188083464471
      vertex 0.0014613637755935042 0.023000000582652752 -0.0037234949701374447
      vertex 0.001167784678528529 0.023333344092473143 -0.0034757337205952085
    endloop
  endfacet
  facet normal 0.0 0.0 0.0
    outer loop
      vertex 0.001945812217510917 0.023666687587835245 -0.002706459962660637
      vertex 0.0016666669767272258 0.02366668759160152 -0.0028867513769215017
      vertex 0.0016276388134997292 0.02400000058040934 -0.002520077668959466
    endloop
  endfacet
  facet normal 0.0 0.0 0.0
    outer loop
      vertex 0.001945812217510917 0.023666687587835245 -0.002706459962660637
      vertex 0.0016276388134997292 0.02400000058040934 -0.002520077668959466
      vertex 0.0017512311902087136 0.024000000578741812 -0.002435814105803338
    endloop
  endfacet
  facet normal 0.0 0.0 0.0
    outer loop
      vertex 0.001945812217510917 0.023666687587835245 -0.002706459962660637
      vertex 0.0017512311902087136 0.024000000578741812 -0.002435814105803338
      vertex 0.001870469089988987 0.024000000577133033 -0.0023454944723194505
    endloop
  endfacet
  facet normal 0.0 0.0 0.0
    outer loop
      vertex 0.00183333300311349 0.023333344083493458 -0.003175426446730462
      vertex 0.0015080528135993298 0.023333344087882193 -0.003342188083464471
      vertex 0.0013709573667418742 0.02366668759559128 -0.0030383529298847593
    endloop
  endfacet
  facet normal 0.0 0.0 0.0
    outer loop
      vertex 0.00183333300311349 0.023333344083493458 -0.003175426446730462
      vertex 0.0021701850722853984 0.02300000057308922 -0.0033601038091724783
      vertex 0.0019999999831740705 0.023000000575385385 -0.0034641015165394217
    endloop
  endfacet
  facet normal 0.0 0.0 0.0
    outer loop
      vertex 0.00183333300311349 0.023333344083493458 -0.003175426446730462
      vertex 0.0019999999831740705 0.023000000575385385 -0.0034641015165394217
      vertex 0.0018248424361770002 0.02300000057774864 -0.0035594873064106374
    endloop
  endfacet
  facet normal 0.0 0.0 0.0
    outer loop
      vertex 0.00183333300311349 0.023333344083493458 -0.003175426446730462
      vertex 0.0013709573667418742 0.02366668759559128 -0.0030383529298847593
      vertex 0.0016666669767272258 0.02366668759160152 -0.0028867513769215017
    endloop
  endfacet
  facet normal 0.0 0.0 0.0
    outer loop
      vertex 0.00183333300311349 0.023333344083493458 -0.003175426446730462
      vertex 0.0018248424361770002 0.02300000057774864 -0.0035594873064106374
      vertex 0.0015080528135993298 0.023333344087882193 -0.003342188083464471
    endloop
  endfacet
  facet normal 0.0 0.0 0.0
    outer loop
      vertex 0.002205619804180839 0.02366668758432988 -0.002499270641142693
      vertex 0.001870469089988987 0.024000000577133033 -0.0023454944723194505
      vertex 0.00198505782747678 0.024000000575586985 -0.0022493435972278978
    endloop
  endfacet
  facet normal 0.0 0.0 0.0
    outer loop
      vertex 0.002205619804180839 0.02366668758432988 -0.002499270641142693
      vertex 0.00198505782747678 0.024000000575586985 -0.0022493435972278978
      vertex 0.0020947103467028544 0.024000000574107536 -0.002147600614363518
    endloop
  endfacet
  facet normal 0.0 0.0 0.0
    outer loop
      vertex 0.002205619804180839 0.02366668758432988 -0.002499270641142693
      vertex 0.001945812217510917 0.023666687587835245 -0.002706459962660637
      vertex 0.001870469089988987 0.024000000577133033 -0.0023454944723194505
    endloop
  endfacet
  facet normal 0.0 0.0 0.0
    outer loop
      vertex 0.0021403932448127087 0.02333334407935055 -0.002977106057936516
      vertex 0.00183333300311349 0.023333344083493458 -0.003175426446730462
      vertex 0.0016666669767272258 0.02366668759160152 -0.0028867513769215017
    endloop
  endfacet
  facet normal 0.0 0.0 0.0
    outer loop
      vertex 0.0021403932448127087 0.02333334407935055 -0.002977106057936516
      vertex 0.0024939594100539535 0.023000000568720803 -0.0031273259752338796
      vertex 0.0023349742721145003 0.023000000570865858 -0.0032477519147938163
    endloop
  endfacet
  facet normal 0.0 0.0 0.0
    outer loop
      vertex 0.0021403932448127087 0.02333334407935055 -0.002977106057936516
      vertex 0.0023349742721145003 0.023000000570865858 -0.0032477519147938163
      vertex 0.0021701850722853984 0.02300000057308922 -0.0033601038091724783
    endloop
  endfacet
  facet normal 0.0 0.0 0.0
    outer loop
      vertex 0.0021403932448127087 0.02333334407935055 -0.002977106057936516
      vertex 0.0021701850722853984 0.02300000057308922 -0.0033601038091724783
      vertex 0.00183333300311349 0.023333344083493458 -0.003175426446730462
    endloop
  endfacet
  facet normal 0.0 0.0 0.0
    outer loop
      vertex 0.0021403932448127087 0.02333334407935055 -0.002977106057936516
      vertex 0.0016666669767272258 0.02366668759160152 -0.0028867513769215017
      vertex 0.001945812217510917 0.023666687587835245 -0.002706459962660637
    endloop
  endfacet
  facet normal 0.0 0.0 0.0
    outer loop
      vertex 0.0024435062330138467 0.023666687581120276 -0.0022672423952167895
      vertex 0.0020947103467028544 0.024000000574107536 -0.002147600614363518
      vertex 0.0021991558041613507 0.024000000572698337 -0.0020405182474201584
    endloop
  endfacet
  facet normal 0.0 0.0 0.0
    outer loop
      vertex 0.0024435062330138467 0.023666687581120276 -0.0022672423952167895
      vertex 0.0021991558041613507 0.024000000572698337 -0.0020405182474201584
      vertex 0.0022981328930895733 0.024000000571362926 -0.0019283628099506763
    endloop
  endfacet
  facet normal 0.0 0.0 0.0
    outer loop
      vertex 0.0024435062330138467 0.023666687581120276 -0.0022672423952167895
      vertex 0.002205619804180839 0.02366668758432988 -0.002499270641142693
      vertex 0.0020947103467028544 0.024000000574107536 -0.002147600614363518
    endloop
  endfacet
  facet normal 0.0 0.0 0.0
    outer loop
      vertex 0.002426181780884486 0.023333344075494644 -0.002749197685057488
      vertex 0.001945812217510917 0.023666687587835245 -0.002706459962660637
      vertex 0.002205619804180839 0.02366668758432988 -0.002499270641142693
    endloop
  endfacet
  facet normal 0.0 0.0 0.0
    outer loop
      vertex 0.002426181780884486 0.023333344075494644 -0.002749197685057488
      vertex 0.0027929467986647933 0.023000000564686818 -0.0028634674184864427
      vertex 0.002646743757588133 0.023000000566659413 -0.002999124728972283
    endloop
  endfacet
  facet normal 0.0 0.0 0.0
    outer loop
      vertex 0.002426181780884486 0.023333344075494644 -0.002749197685057488
      vertex 0.002646743757588133 0.023000000566659413 -0.002999124728972283
      vertex 0.0024939594100539535 0.023000000568720803 -0.0031273259752338796
    endloop
  endfacet
  facet normal 0.0 0.0 0.0
    outer loop
      vertex 0.002426181780884486 0.023333344075494644 -0.002749197685057488
      vertex 0.0021403932448127087 0.02333334407935055 -0.002977106057936516
      vertex 0.001945812217510917 0.023666687587835245 -0.002706459962660637
    endloop
  endfacet
  facet normal 0.0 0.0 0.0
    outer loop
      vertex 0.002426181780884486 0.023333344075494644 -0.002749197685057488
      vertex 0.0024939594100539535 0.023000000568720803 -0.0031273259752338796
      vertex 0.0021403932448127087 0.02333334407935055 -0.002977106057936516
    endloop
  endfacet
  facet normal 0.0 0.0 0.0
    outer loop
      vertex 0.002657108299053886 0.02366668757823832 -0.002012681328589287
      vertex 0.0024435062330138467 0.023666687581120276 -0.0022672423952167895
      vertex 0.0022981328930895733 0.024000000571362926 -0.0019283628099506763
    endloop
  endfacet
  facet normal 0.0 0.0 0.0
    outer loop
      vertex 0.002657108299053886 0.02366668757823832 -0.002012681328589287
      vertex 0.0022981328930895733 0.024000000571362926 -0.0019283628099506763
      vertex 0.002391397472862522 0.024000000570104582 -0.0018114132516926197
    endloop
  endfacet
  facet normal 0.0 0.0 0.0
    outer loop
      vertex 0.002657108299053886 0.02366668757823832 -0.002012681328589287
      vertex 0.002391397472862522 0.024000000570104582 -0.0018114132516926197
      vertex 0.0024787158932726783 0.024000000568926465 -0.0016899602048939136
    endloop
  endfacet
  facet normal 0.0 0.0 0.0
    outer loop
      vertex 0.0026878566618659316 0.023333344071964086 -0.0024939667814319996
      vertex 0.003064177496296629 0.02300000056102733 -0.0025711505048817067
      vertex 0.0029322070907180156 0.023000000562807894 -0.0027206909292286302
    endloop
  endfacet
  facet normal 0.0 0.0 0.0
    outer loop
      vertex 0.0026878566618659316 0.023333344071964086 -0.0024939667814319996
      vertex 0.0029322070907180156 0.023000000562807894 -0.0027206909292286302
      vertex 0.0027929467986647933 0.023000000564686818 -0.0028634674184864427
    endloop
  endfacet
  facet normal 0.0 0.0 0.0
    outer loop
      vertex 0.0026878566618659316 0.023333344071964086 -0.0024939667814319996
      vertex 0.0024435062330138467 0.023666687581120276 -0.0022672423952167895
      vertex 0.002657108299053886 0.02366668757823832 -0.002012681328589287
    endloop
  endfacet
  facet normal 0.0 0.0 0.0
    outer loop
      vertex 0.0026878566618659316 0.023333344071964086 -0.0024939667814319996
      vertex 0.002426181780884486 0.023333344075494644 -0.002749197685057488
      vertex 0.002205619804180839 0.02366668758432988 -0.002499270641142693
    endloop
  endfacet
  facet normal 0.0 0.0 0.0
    outer loop
      vertex 0.0026878566618659316 0.023333344071964086 -0.0024939667814319996
      vertex 0.002205619804180839 0.02366668758432988 -0.002499270641142693
      vertex 0.0024435062330138467 0.023666687581120276 -0.0022672423952167895
    endloop
  endfacet
  facet normal 0.0 0.0 0.0
    outer loop
      vertex 0.0026878566618659316 0.023333344071964086 -0.0024939667814319996
      vertex 0.0027929467986647933 0.023000000564686818 -0.0028634674184864427
      vertex 0.002426181780884486 0.023333344075494644 -0.002749197685057488
    endloop
  endfacet
  facet normal 0.0 0.0 0.0
    outer loop
      vertex 0.0028443031232726354 0.023666687575712657 -0.001738117300803032
      vertex 0.0024787158932726783 0.024000000568926465 -0.0016899602048939136
      vertex 0.002559872623924534 0.024000000567831487 -0.0015643056266849901
    endloop
  endfacet
  facet normal 0.0 0.0 0.0
    outer loop
      vertex 0.0028443031232726354 0.023666687575712657 -0.001738117300803032
      vertex 0.002559872623924534 0.024000000567831487 -0.0015643056266849901
      vertex 0.002634664532188694 0.02400000056682238 -0.001434761964613762
    endloop
  endfacet
  facet normal 0.0 0.0 0.0
    outer loop
      vertex 0.0028443031232726354 0.023666687575712657 -0.001738117300803032
      vertex 0.002657108299053886 0.02366668757823832 -0.002012681328589287
      vertex 0.0024787158932726783 0.024000000568926465 -0.0016899602048939136
    endloop
  endfacet
  facet normal 0.0 0.0 0.0
    outer loop
      vertex 0.0029228191252448376 0.023333344068793935 -0.0022139494054859545
      vertex 0.0033049554656569805 0.02300000055777871 -0.0022532801263874438
      vertex 0.0031885299514357894 0.023000000559349545 -0.0024152176015919116
    endloop
  endfacet
  facet normal 0.0 0.0 0.0
    outer loop
      vertex 0.0029228191252448376 0.023333344068793935 -0.0022139494054859545
      vertex 0.0031885299514357894 0.023000000559349545 -0.0024152176015919116
      vertex 0.003064177496296629 0.02300000056102733 -0.0025711505048817067
    endloop
  endfacet
  facet normal 0.0 0.0 0.0
    outer loop
      vertex 0.0029228191252448376 0.023333344068793935 -0.0022139494054859545
      vertex 0.0026878566618659316 0.023333344071964086 -0.0024939667814319996
      vertex 0.002657108299053886 0.02366668757823832 -0.002012681328589287
    endloop
  endfacet
  facet normal 0.0 0.0 0.0
    outer loop
      vertex 0.0029228191252448376 0.023333344068793935 -0.0022139494054859545
      vertex 0.003064177496296629 0.02300000056102733 -0.0025711505048817067
      vertex 0.0026878566618659316 0.023333344071964086 -0.0024939667814319996
    endloop
  endfacet
  facet normal 0.0 0.0 0.0
    outer loop
      vertex 0.003003229133404471 0.023666687573568403 -0.0014462791317051314
      vertex 0.002634664532188694 0.02400000056682238 -0.001434761964613762
      vertex 0.002702906605247776 0.024000000565901652 -0.0013016512029713056
    endloop
  endfacet
  facet normal 0.0 0.0 0.0
    outer loop
      vertex 0.003003229133404471 0.023666687573568403 -0.0014462791317051314
      vertex 0.0028443031232726354 0.023666687575712657 -0.001738117300803032
      vertex 0.002634664532188694 0.02400000056682238 -0.001434761964613762
    endloop
  endfacet
  facet normal 0.0 0.0 0.0
    outer loop
      vertex 0.003003229133404471 0.023666687573568403 -0.0014462791317051314
      vertex 0.002702906605247776 0.024000000565901652 -0.0013016512029713056
      vertex 0.0027644290890734597 0.02400000056507158 -0.001165304385954704
    endloop
  endfacet
  facet normal 0.0 0.0 0.0
    outer loop
      vertex 0.003128733622620326 0.023333344066015702 -0.0019119290941303636
      vertex 0.0035128860305373515 0.02300000055497328 -0.001913015925223198
      vertex 0.003413163168293699 0.023000000556318758 -0.002085740768248406
    endloop
  endfacet
  facet normal 0.0 0.0 0.0
    outer loop
      vertex 0.003128733622620326 0.023333344066015702 -0.0019119290941303636
      vertex 0.003413163168293699 0.023000000556318758 -0.002085740768248406
      vertex 0.0033049554656569805 0.02300000055777871 -0.0022532801263874438
    endloop
  endfacet
  facet normal 0.0 0.0 0.0
    outer loop
      vertex 0.003128733622620326 0.023333344066015702 -0.0019119290941303636
      vertex 0.0033049554656569805 0.02300000055777871 -0.0022532801263874438
      vertex 0.0029228191252448376 0.023333344068793935 -0.0022139494054859545
    endloop
  endfacet
  facet normal 0.0 0.0 0.0
    outer loop
      vertex 0.003128733622620326 0.023333344066015702 -0.0019119290941303636
      vertex 0.0028443031232726354 0.023666687575712657 -0.001738117300803032
      vertex 0.003003229133404471 0.023666687573568403 -0.0014462791317051314
    endloop
  endfacet
  facet normal 0.0 0.0 0.0
    outer loop
      vertex 0.003128733622620326 0.023333344066015702 -0.0019119290941303636
      vertex 0.0029228191252448376 0.023333344068793935 -0.0022139494054859545
      vertex 0.002657108299053886 0.02366668757823832 -0.002012681328589287
    endloop
  endfacet
  facet normal 0.0 0.0 0.0
    outer loop
      vertex 0.003128733622620326 0.023333344066015702 -0.0019119290941303636
      vertex 0.002657108299053886 0.02366668757823832 -0.002012681328589287
      vertex 0.0028443031232726354 0.023666687575712657 -0.001738117300803032
    endloop
  endfacet
  facet normal 0.0 0.0 0.0
    outer loop
      vertex 0.003132308952130057 0.023666687571826838 -0.0011400671833103559
      vertex 0.0027644290890734597 0.02400000056507158 -0.001165304385954704
      vertex 0.002819077488426487 0.024000000564334253 -0.0010260604255741498
    endloop
  endfacet
  facet normal 0.0 0.0 0.0
    outer loop
      vertex 0.003132308952130057 0.023666687571826838 -0.0011400671833103559
      vertex 0.002819077488426487 0.024000000564334253 -0.0010260604255741498
      vertex 0.002866718288902561 0.024000000563691476 -0.0008842655056064987
    endloop
  endfacet
  facet normal 0.0 0.0 0.0
    outer loop
      vertex 0.003132308952130057 0.023666687571826838 -0.0011400671833103559
      vertex 0.003003229133404471 0.023666687573568403 -0.0014462791317051314
      vertex 0.0027644290890734597 0.02400000056507158 -0.001165304385954704
    endloop
  endfacet
  facet normal 0.0 0.0 0.0
    outer loop
      vertex 0.0033035526152350716 0.023333344063657016 -0.0015909070604389571
      vertex 0.003603875143391355 0.02300000055374564 -0.0017355349891727831
      vertex 0.0035128860305373515 0.02300000055497328 -0.001913015925223198
    endloop
  endfacet
  facet normal 0.0 0.0 0.0
    outer loop
      vertex 0.0033035526152350716 0.023333344063657016 -0.0015909070604389571
      vertex 0.0035128860305373515 0.02300000055497328 -0.001913015925223198
      vertex 0.003128733622620326 0.023333344066015702 -0.0019119290941303636
    endloop
  endfacet
  facet normal 0.0 0.0 0.0
    outer loop
      vertex 0.0033035526152350716 0.023333344063657016 -0.0015909070604389571
      vertex 0.003128733622620326 0.023333344066015702 -0.0019119290941303636
      vertex 0.003003229133404471 0.023666687573568403 -0.0014462791317051314
    endloop
  endfacet
  facet normal 0.0 0.0 0.0
    outer loop
      vertex 0.0033035526152350716 0.023333344063657016 -0.0015909070604389571
      vertex 0.0036859044860427224 0.02300000055263889 -0.001553739153677788
      vertex 0.003603875143391355 0.02300000055374564 -0.0017355349891727831
    endloop
  endfacet
  facet normal 0.0 0.0 0.0
    outer loop
      vertex 0.003230257980145194 0.02366668757050529 -0.000822524630362358
      vertex 0.002866718288902561 0.024000000563691476 -0.0008842655056064987
      vertex 0.0029072322812121313 0.024000000563144854 -0.0007402721875255964
    endloop
  endfacet
  facet normal 0.0 0.0 0.0
    outer loop
      vertex 0.003230257980145194 0.02366668757050529 -0.000822524630362358
      vertex 0.0029072322812121313 0.024000000563144854 -0.0007402721875255964
      vertex 0.0029405174222033423 0.02400000056269577 -0.0005944384568279645
    endloop
  endfacet
  facet normal 0.0 0.0 0.0
    outer loop
      vertex 0.003230257980145194 0.02366668757050529 -0.000822524630362358
      vertex 0.003132308952130057 0.023666687571826838 -0.0011400671833103559
      vertex 0.002866718288902561 0.024000000563691476 -0.0008842655056064987
    endloop
  endfacet
  facet normal 0.0 0.0 0.0
    outer loop
      vertex 0.0034455394621588998 0.023333344061741305 -0.0012540738218372724
      vertex 0.0033035526152350716 0.023333344063657016 -0.0015909070604389571
      vertex 0.003003229133404471 0.023666687573568403 -0.0014462791317051314
    endloop
  endfacet
  facet normal 0.0 0.0 0.0
    outer loop
      vertex 0.0034455394621588998 0.023333344061741305 -0.0012540738218372724
      vertex 0.0036859044860427224 0.02300000055263889 -0.001553739153677788
      vertex 0.0033035526152350716 0.023333344063657016 -0.0015909070604389571
    endloop
  endfacet
  facet normal 0.0 0.0 0.0
    outer loop
      vertex 0.0034455394621588998 0.023333344061741305 -0.0012540738218372724
      vertex 0.003003229133404471 0.023666687573568403 -0.0014462791317051314
      vertex 0.003132308952130057 0.023666687571826838 -0.0011400671833103559
    endloop
  endfacet
  facet normal 0.0 0.0 0.0
    outer loop
      vertex 0.0034455394621588998 0.023333344061741305 -0.0012540738218372724
      vertex 0.003132308952130057 0.023666687571826838 -0.0011400671833103559
      vertex 0.003230257980145194 0.02366668757050529 -0.000822524630362358
    endloop
  endfacet
  facet normal 0.0 0.0 0.0
    outer loop
      vertex 0.0034455394621588998 0.023333344061741305 -0.0012540738218372724
      vertex 0.003822291357380613 0.023000000550798733 -0.0011790207260197068
      vertex 0.0037587709258620583 0.02300000055165576 -0.0013680805795734787
    endloop
  endfacet
  facet normal 0.0 0.0 0.0
    outer loop
      vertex 0.0034455394621588998 0.023333344061741305 -0.0012540738218372724
      vertex 0.0037587709258620583 0.02300000055165576 -0.0013680805795734787
      vertex 0.0036859044860427224 0.02300000055263889 -0.001553739153677788
    endloop
  endfacet
  facet normal 0.0 0.0 0.0
    outer loop
      vertex 0.0032961025159728304 0.023666687569616908 -0.0004968075686043166
      vertex 0.003230257980145194 0.02366668757050529 -0.000822524630362358
      vertex 0.0029405174222033423 0.02400000056269577 -0.0005944384568279645
    endloop
  endfacet
  facet normal 0.0 0.0 0.0
    outer loop
      vertex 0.0032961025159728304 0.023666687569616908 -0.0004968075686043166
      vertex 0.0029405174222033423 0.02400000056269577 -0.0005944384568279645
      vertex 0.0029664926495592994 0.024000000562345306 -0.0004471267991608045
    endloop
  endfacet
  facet normal 0.0 0.0 0.0
    outer loop
      vertex 0.0032961025159728304 0.023666687569616908 -0.0004968075686043166
      vertex 0.0029664926495592994 0.024000000562345306 -0.0004471267991608045
      vertex 0.0029850921597521706 0.024000000562094358 -0.00029870354467090575
    endloop
  endfacet
  facet normal 0.0 0.0 0.0
    outer loop
      vertex 0.003553283679077845 0.023333344060287604 -0.0009047771328037642
      vertex 0.0034455394621588998 0.023333344061741305 -0.0012540738218372724
      vertex 0.003230257980145194 0.02366668757050529 -0.000822524630362358
    endloop
  endfacet
  facet normal 0.0 0.0 0.0
    outer loop
      vertex 0.003553283679077845 0.023333344060287604 -0.0009047771328037642
      vertex 0.003230257980145194 0.02366668757050529 -0.000822524630362358
      vertex 0.0032961025159728304 0.023666687569616908 -0.0004968075686043166
    endloop
  endfacet
  facet normal 0.0 0.0 0.0
    outer loop
      vertex 0.003553283679077845 0.023333344060287604 -0.0009047771328037642
      vertex 0.003920689565998777 0.023000000549471128 -0.0007925845616405867
      vertex 0.003876309378010496 0.023000000550069913 -0.0009870295756405256
    endloop
  endfacet
  facet normal 0.0 0.0 0.0
    outer loop
      vertex 0.003553283679077845 0.023333344060287604 -0.0009047771328037642
      vertex 0.003876309378010496 0.023000000550069913 -0.0009870295756405256
      vertex 0.003822291357380613 0.023000000550798733 -0.0011790207260197068
    endloop
  endfacet
  facet normal 0.0 0.0 0.0
    outer loop
      vertex 0.003553283679077845 0.023333344060287604 -0.0009047771328037642
      vertex 0.003822291357380613 0.023000000550798733 -0.0011790207260197068
      vertex 0.0034455394621588998 0.023333344061741305 -0.0012540738218372724
    endloop
  endfacet
  facet normal 0.0 0.0 0.0
    outer loop
      vertex 0.003329189292706229 0.023666687569170494 -0.00016615294748004882
      vertex 0.0029850921597521706 0.024000000562094358 -0.00029870354467090575
      vertex 0.0029962711300890845 0.02400000056194353 -0.00014953765356000873
    endloop
  endfacet
  facet normal 0.0 0.0 0.0
    outer loop
      vertex 0.003329189292706229 0.023666687569170494 -0.00016615294748004882
      vertex 0.0029962711300890845 0.02400000056194353 -0.00014953765356000873
      vertex 0.0029999999966662328 0.024000000561893216 -8.290669002458705e-13
    endloop
  endfacet
  facet normal 0.0 0.0 0.0
    outer loop
      vertex 0.003329189292706229 0.023666687569170494 -0.00016615294748004882
      vertex 0.0032961025159728304 0.023666687569616908 -0.0004968075686043166
      vertex 0.0029850921597521706 0.024000000562094358 -0.00029870354467090575
    endloop
  endfacet
  facet normal 0.0 0.0 0.0
    outer loop
      vertex 0.003625713336060267 0.02333334405931037 -0.0005464883082455061
      vertex 0.0032961025159728304 0.023666687569616908 -0.0004968075686043166
      vertex 0.003329189292706229 0.023666687569170494 -0.00016615294748004882
    endloop
  endfacet
  facet normal 0.0 0.0 0.0
    outer loop
      vertex 0.003625713336060267 0.02333334405931037 -0.0005464883082455061
      vertex 0.003920689565998777 0.023000000549471128 -0.0007925845616405867
      vertex 0.003553283679077845 0.023333344060287604 -0.0009047771328037642
    endloop
  endfacet
  facet normal 0.0 0.0 0.0
    outer loop
      vertex 0.003625713336060267 0.02333334405931037 -0.0005464883082455061
      vertex 0.003553283679077845 0.023333344060287604 -0.0009047771328037642
      vertex 0.0032961025159728304 0.023666687569616908 -0.0004968075686043166
    endloop
  endfacet
  facet normal 0.0 0.0 0.0
    outer loop
      vertex 0.003625713336060267 0.02333334405931037 -0.0005464883082455061
      vertex 0.003980123503071531 0.023000000548669235 -0.0003982713752334974
      vertex 0.003955323202473386 0.023000000549003845 -0.0005961690776890181
    endloop
  endfacet
  facet normal 0.0 0.0 0.0
    outer loop
      vertex 0.003625713336060267 0.02333334405931037 -0.0005464883082455061
      vertex 0.003955323202473386 0.023000000549003845 -0.0005961690776890181
      vertex 0.003920689565998777 0.023000000549471128 -0.0007925845616405867
    endloop
  endfacet
  facet normal 0.0 0.0 0.0
    outer loop
      vertex 0.003329189292706229 0.023666687569170494 0.00016615294582191504
      vertex 0.003329189292706229 0.023666687569170494 -0.00016615294748004882
      vertex 0.0029999999966662328 0.024000000561893216 -8.290669002458705e-13
    endloop
  endfacet
  facet normal 0.0 0.0 0.0
    outer loop
      vertex 0.003329189292706229 0.023666687569170494 0.00016615294582191504
      vertex 0.0029999999966662328 0.024000000561893216 -8.290669002458705e-13
      vertex 0.0029962711300890845 0.02400000056194353 0.00014953765935245546
    endloop
  endfacet
  facet normal 0.0 0.0 0.0
    outer loop
      vertex 0.003329189292706229 0.023666687569170494 0.00016615294582191504
      vertex 0.0029962711300890845 0.02400000056194353 0.00014953765935245546
      vertex 0.0029850921597521706 0.024000000562094358 0.0002987035281116108
    endloop
  endfacet
  facet normal 0.0 0.0 0.0
    outer loop
      vertex 0.0036621084089972786 0.02333334405881932 -0.00018276824885066955
      vertex 0.003980123503071531 0.023000000548669235 -0.0003982713752334974
      vertex 0.003625713336060267 0.02333334405931037 -0.0005464883082455061
    endloop
  endfacet
  facet normal 0.0 0.0 0.0
    outer loop
      vertex 0.0036621084089972786 0.02333334405881932 -0.00018276824885066955
      vertex 0.003625713336060267 0.02333334405931037 -0.0005464883082455061
      vertex 0.003329189292706229 0.023666687569170494 -0.00016615294748004882
    endloop
  endfacet
  facet normal 0.0 0.0 0.0
    outer loop
      vertex 0.0036621084089972786 0.02333334405881932 -0.00018276824885066955
      vertex 0.00399999998317407 0.023000000548401057 -8.290668951687538e-13
      vertex 0.0039950275252883275 0.02300000054846815 -0.00019938353532012912
    endloop
  endfacet
  facet normal 0.0 0.0 0.0
    outer loop
      vertex 0.0036621084089972786 0.02333334405881932 -0.00018276824885066955
      vertex 0.0039950275252883275 0.02300000054846815 -0.00019938353532012912
      vertex 0.003980123503071531 0.023000000548669235 -0.0003982713752334974
    endloop
  endfacet
  facet normal 0.0 0.0 0.0
    outer loop
      vertex 0.0032961025159728304 0.023666687569616908 0.0004968075520450215
      vertex 0.003329189292706229 0.023666687569170494 0.00016615294582191504
      vertex 0.0029850921597521706 0.024000000562094358 0.0002987035281116108
    endloop
  endfacet
  facet normal 0.0 0.0 0.0
    outer loop
      vertex 0.0032961025159728304 0.023666687569616908 0.0004968075520450215
      vertex 0.0029850921597521706 0.024000000562094358 0.0002987035281116108
      vertex 0.0029664926495592994 0.024000000562345306 0.000447126812403832
    endloop
  endfacet
  facet normal 0.0 0.0 0.0
    outer loop
      vertex 0.0032961025159728304 0.023666687569616908 0.0004968075520450215
      vertex 0.0029664926495592994 0.024000000562345306 0.000447126812403832
      vertex 0.0029405174222033423 0.02400000056269577 0.0005944384104663472
    endloop
  endfacet
  facet normal 0.0 0.0 0.0
    outer loop
      vertex 0.0036621084089972786 0.02333334405881932 0.00018276824719253576
      vertex 0.00399999998317407 0.023000000548401057 -8.290668951687538e-13
      vertex 0.0036621084089972786 0.02333334405881932 -0.00018276824885066955
    endloop
  endfacet
  facet normal 0.0 0.0 0.0
    outer loop
      vertex 0.0036621084089972786 0.02333334405881932 0.00018276824719253576
      vertex 0.003329189292706229 0.023666687569170494 -0.00016615294748004882
      vertex 0.003329189292706229 0.023666687569170494 0.00016615294582191504
    endloop
  endfacet
  facet normal 0.0 0.0 0.0
    outer loop
      vertex 0.0036621084089972786 0.02333334405881932 0.00018276824719253576
      vertex 0.0036621084089972786 0.02333334405881932 -0.00018276824885066955
      vertex 0.003329189292706229 0.023666687569170494 -0.00016615294748004882
    endloop
  endfacet
  facet normal 0.0 0.0 0.0
    outer loop
      vertex 0.0036621084089972786 0.02333334405881932 0.00018276824719253576
      vertex 0.003980123503071531 0.023000000548669235 0.00039827138847652483
      vertex 0.0039950275252883275 0.02300000054846815 0.0001993835485631565
    endloop
  endfacet
  facet normal 0.0 0.0 0.0
    outer loop
      vertex 0.0036621084089972786 0.02333334405881932 0.00018276824719253576
      vertex 0.003329189292706229 0.023666687569170494 0.00016615294582191504
      vertex 0.0032961025159728304 0.023666687569616908 0.0004968075520450215
    endloop
  endfacet
  facet normal 0.0 0.0 0.0
    outer loop
      vertex 0.0036621084089972786 0.02333334405881932 0.00018276824719253576
      vertex 0.0039950275252883275 0.02300000054846815 0.0001993835485631565
      vertex 0.00399999998317407 0.023000000548401057 -8.290668951687538e-13
    endloop
  endfacet
  facet normal 0.0 0.0 0.0
    outer loop
      vertex 0.003230257980145194 0.02366668757050529 0.0008225246436053855
      vertex 0.0032961025159728304 0.023666687569616908 0.0004968075520450215
      vertex 0.0029405174222033423 0.02400000056269577 0.0005944384104663472
    endloop
  endfacet
  facet normal 0.0 0.0 0.0
    outer loop
      vertex 0.003230257980145194 0.02366668757050529 0.0008225246436053855
      vertex 0.0029405174222033423 0.02400000056269577 0.0005944384104663472
      vertex 0.0029072322812121313 0.024000000563144854 0.0007402722007686238
    endloop
  endfacet
  facet normal 0.0 0.0 0.0
    outer loop
      vertex 0.003230257980145194 0.02366668757050529 0.0008225246436053855
      vertex 0.0029072322812121313 0.024000000563144854 0.0007402722007686238
      vertex 0.002866718288902561 0.024000000563691476 0.000884265518849526
    endloop
  endfacet
  facet normal 0.0 0.0 0.0
    outer loop
      vertex 0.003625713336060267 0.02333334405931037 0.0005464883214885334
      vertex 0.0036621084089972786 0.02333334405881932 0.00018276824719253576
      vertex 0.0032961025159728304 0.023666687569616908 0.0004968075520450215
    endloop
  endfacet
  facet normal 0.0 0.0 0.0
    outer loop
      vertex 0.003625713336060267 0.02333334405931037 0.0005464883214885334
      vertex 0.003980123503071531 0.023000000548669235 0.00039827138847652483
      vertex 0.0036621084089972786 0.02333334405881932 0.00018276824719253576
    endloop
  endfacet
  facet normal 0.0 0.0 0.0
    outer loop
      vertex 0.003625713336060267 0.02333334405931037 0.0005464883214885334
      vertex 0.003920689565998777 0.023000000549471128 0.0007925845748836141
      vertex 0.003955323202473386 0.023000000549003845 0.0005961690909320454
    endloop
  endfacet
  facet normal 0.0 0.0 0.0
    outer loop
      vertex 0.003625713336060267 0.02333334405931037 0.0005464883214885334
      vertex 0.003955323202473386 0.023000000549003845 0.0005961690909320454
      vertex 0.003980123503071531 0.023000000548669235 0.00039827138847652483
    endloop
  endfacet
  facet normal 0.0 0.0 0.0
    outer loop
      vertex 0.003132308952130057 0.023666687571826838 0.0011400671369487388
      vertex 0.002866718288902561 0.024000000563691476 0.000884265518849526
      vertex 0.002819077488426487 0.024000000564334253 0.0010260603792125328
    endloop
  endfacet
  facet normal 0.0 0.0 0.0
    outer loop
      vertex 0.003132308952130057 0.023666687571826838 0.0011400671369487388
      vertex 0.002819077488426487 0.024000000564334253 0.0010260603792125328
      vertex 0.0027644290890734597 0.02400000056507158 0.001165304339593087
    endloop
  endfacet
  facet normal 0.0 0.0 0.0
    outer loop
      vertex 0.003132308952130057 0.023666687571826838 0.0011400671369487388
      vertex 0.003230257980145194 0.02366668757050529 0.0008225246436053855
      vertex 0.002866718288902561 0.024000000563691476 0.000884265518849526
    endloop
  endfacet
  facet normal 0.0 0.0 0.0
    outer loop
      vertex 0.003553283679077845 0.023333344060287604 0.0009047771460467916
      vertex 0.0032961025159728304 0.023666687569616908 0.0004968075520450215
      vertex 0.003230257980145194 0.02366668757050529 0.0008225246436053855
    endloop
  endfacet
  facet normal 0.0 0.0 0.0
    outer loop
      vertex 0.003553283679077845 0.023333344060287604 0.0009047771460467916
      vertex 0.003625713336060267 0.02333334405931037 0.0005464883214885334
      vertex 0.0032961025159728304 0.023666687569616908 0.0004968075520450215
    endloop
  endfacet
  facet normal 0.0 0.0 0.0
    outer loop
      vertex 0.003553283679077845 0.023333344060287604 0.0009047771460467916
      vertex 0.003822291357380613 0.023000000550798733 0.0011790206796580892
      vertex 0.003876309378010496 0.023000000550069913 0.000987029588883553
    endloop
  endfacet
  facet normal 0.0 0.0 0.0
    outer loop
      vertex 0.003553283679077845 0.023333344060287604 0.0009047771460467916
      vertex 0.003876309378010496 0.023000000550069913 0.000987029588883553
      vertex 0.003920689565998777 0.023000000549471128 0.0007925845748836141
    endloop
  endfacet
  facet normal 0.0 0.0 0.0
    outer loop
      vertex 0.003553283679077845 0.023333344060287604 0.0009047771460467916
      vertex 0.003920689565998777 0.023000000549471128 0.0007925845748836141
      vertex 0.003625713336060267 0.02333334405931037 0.0005464883214885334
    endloop
  endfacet
  facet normal 0.0 0.0 0.0
    outer loop
      vertex 0.003003229133404471 0.023666687573568403 0.0014462790853435141
      vertex 0.003132308952130057 0.023666687571826838 0.0011400671369487388
      vertex 0.0027644290890734597 0.02400000056507158 0.001165304339593087
    endloop
  endfacet
  facet normal 0.0 0.0 0.0
    outer loop
      vertex 0.003003229133404471 0.023666687573568403 0.0014462790853435141
      vertex 0.0027644290890734597 0.02400000056507158 0.001165304339593087
      vertex 0.002702906605247776 0.024000000565901652 0.001301651275818978
    endloop
  endfacet
  facet normal 0.0 0.0 0.0
    outer loop
      vertex 0.003003229133404471 0.023666687573568403 0.0014462790853435141
      vertex 0.002702906605247776 0.024000000565901652 0.001301651275818978
      vertex 0.002634664532188694 0.02400000056682238 0.0014347619182521444
    endloop
  endfacet
  facet normal 0.0 0.0 0.0
    outer loop
      vertex 0.0034455394621588998 0.023333344061741305 0.0012540738946849447
      vertex 0.003230257980145194 0.02366668757050529 0.0008225246436053855
      vertex 0.003132308952130057 0.023666687571826838 0.0011400671369487388
    endloop
  endfacet
  facet normal 0.0 0.0 0.0
    outer loop
      vertex 0.0034455394621588998 0.023333344061741305 0.0012540738946849447
      vertex 0.003553283679077845 0.023333344060287604 0.0009047771460467916
      vertex 0.003230257980145194 0.02366668757050529 0.0008225246436053855
    endloop
  endfacet
  facet normal 0.0 0.0 0.0
    outer loop
      vertex 0.0034455394621588998 0.023333344061741305 0.0012540738946849447
      vertex 0.003822291357380613 0.023000000550798733 0.0011790206796580892
      vertex 0.003553283679077845 0.023333344060287604 0.0009047771460467916
    endloop
  endfacet
  facet normal 0.0 0.0 0.0
    outer loop
      vertex 0.0034455394621588998 0.023333344061741305 0.0012540738946849447
      vertex 0.0036859044860427224 0.02300000055263889 0.00155373922652546
      vertex 0.0037587709258620583 0.02300000055165576 0.001368080533211861
    endloop
  endfacet
  facet normal 0.0 0.0 0.0
    outer loop
      vertex 0.0034455394621588998 0.023333344061741305 0.0012540738946849447
      vertex 0.0037587709258620583 0.02300000055165576 0.001368080533211861
      vertex 0.003822291357380613 0.023000000550798733 0.0011790206796580892
    endloop
  endfacet
  facet normal 0.0 0.0 0.0
    outer loop
      vertex 0.0028443031232726354 0.023666687575712657 0.0017381173736507043
      vertex 0.003003229133404471 0.023666687573568403 0.0014462790853435141
      vertex 0.002634664532188694 0.02400000056682238 0.0014347619182521444
    endloop
  endfacet
  facet normal 0.0 0.0 0.0
    outer loop
      vertex 0.0028443031232726354 0.023666687575712657 0.0017381173736507043
      vertex 0.002634664532188694 0.02400000056682238 0.0014347619182521444
      vertex 0.002559872623924534 0.024000000567831487 0.0015643055803233725
    endloop
  endfacet
  facet normal 0.0 0.0 0.0
    outer loop
      vertex 0.0028443031232726354 0.023666687575712657 0.0017381173736507043
      vertex 0.002559872623924534 0.024000000567831487 0.0015643055803233725
      vertex 0.0024787158932726783 0.024000000568926465 0.001689960158532296
    endloop
  endfacet
  facet normal 0.0 0.0 0.0
    outer loop
      vertex 0.0033035526152350716 0.023333344063657016 0.0015909070140773401
      vertex 0.0036859044860427224 0.02300000055263889 0.00155373922652546
      vertex 0.0034455394621588998 0.023333344061741305 0.0012540738946849447
    endloop
  endfacet
  facet normal 0.0 0.0 0.0
    outer loop
      vertex 0.0033035526152350716 0.023333344063657016 0.0015909070140773401
      vertex 0.003132308952130057 0.023666687571826838 0.0011400671369487388
      vertex 0.003003229133404471 0.023666687573568403 0.0014462790853435141
    endloop
  endfacet
  facet normal 0.0 0.0 0.0
    outer loop
      vertex 0.0033035526152350716 0.023333344063657016 0.0015909070140773401
      vertex 0.0034455394621588998 0.023333344061741305 0.0012540738946849447
      vertex 0.003132308952130057 0.023666687571826838 0.0011400671369487388
    endloop
  endfacet
  facet normal 0.0 0.0 0.0
    outer loop
      vertex 0.0033035526152350716 0.023333344063657016 0.0015909070140773401
      vertex 0.0035128860305373506 0.02300000055497328 0.0019130158788615806
      vertex 0.003603875143391355 0.02300000055374564 0.0017355349428111655
    endloop
  endfacet
  facet normal 0.0 0.0 0.0
    outer loop
      vertex 0.0033035526152350716 0.023333344063657016 0.0015909070140773401
      vertex 0.003603875143391355 0.02300000055374564 0.0017355349428111655
      vertex 0.0036859044860427224 0.02300000055263889 0.00155373922652546
    endloop
  endfacet
  facet normal 0.0 0.0 0.0
    outer loop
      vertex 0.002657108299053885 0.02366668757823832 0.0020126812822276693
      vertex 0.0028443031232726354 0.023666687575712657 0.0017381173736507043
      vertex 0.0024787158932726783 0.024000000568926465 0.001689960158532296
    endloop
  endfacet
  facet normal 0.0 0.0 0.0
    outer loop
      vertex 0.002657108299053885 0.02366668757823832 0.0020126812822276693
      vertex 0.0024787158932726783 0.024000000568926465 0.001689960158532296
      vertex 0.002391397472862522 0.024000000570104582 0.001811413205331002
    endloop
  endfacet
  facet normal 0.0 0.0 0.0
    outer loop
      vertex 0.002657108299053885 0.02366668757823832 0.0020126812822276693
      vertex 0.002391397472862522 0.024000000570104582 0.001811413205331002
      vertex 0.0022981328930895724 0.024000000571362926 0.0019283628827983482
    endloop
  endfacet
  facet normal 0.0 0.0 0.0
    outer loop
      vertex 0.003128733622620325 0.023333344066015702 0.0019119290477687464
      vertex 0.0033035526152350716 0.023333344063657016 0.0015909070140773401
      vertex 0.003003229133404471 0.023666687573568403 0.0014462790853435141
    endloop
  endfacet
  facet normal 0.0 0.0 0.0
    outer loop
      vertex 0.003128733622620325 0.023333344066015702 0.0019119290477687464
      vertex 0.0035128860305373506 0.02300000055497328 0.0019130158788615806
      vertex 0.0033035526152350716 0.023333344063657016 0.0015909070140773401
    endloop
  endfacet
  facet normal 0.0 0.0 0.0
    outer loop
      vertex 0.003128733622620325 0.023333344066015702 0.0019119290477687464
      vertex 0.003003229133404471 0.023666687573568403 0.0014462790853435141
      vertex 0.0028443031232726354 0.023666687575712657 0.0017381173736507043
    endloop
  endfacet
  facet normal 0.0 0.0 0.0
    outer loop
      vertex 0.003128733622620325 0.023333344066015702 0.0019119290477687464
      vertex 0.0033049554656569796 0.02300000055777871 0.0022532801992351157
      vertex 0.0034131631682936983 0.023000000556318758 0.0020857408410960778
    endloop
  endfacet
  facet normal 0.0 0.0 0.0
    outer loop
      vertex 0.003128733622620325 0.023333344066015702 0.0019119290477687464
      vertex 0.0034131631682936983 0.023000000556318758 0.0020857408410960778
      vertex 0.0035128860305373506 0.02300000055497328 0.0019130158788615806
    endloop
  endfacet
  facet normal 0.0 0.0 0.0
    outer loop
      vertex 0.002443506233013846 0.023666687581120276 0.0022672424680644614
      vertex 0.002657108299053885 0.02366668757823832 0.0020126812822276693
      vertex 0.0022981328930895724 0.024000000571362926 0.0019283628827983482
    endloop
  endfacet
  facet normal 0.0 0.0 0.0
    outer loop
      vertex 0.002443506233013846 0.023666687581120276 0.0022672424680644614
      vertex 0.0022981328930895724 0.024000000571362926 0.0019283628827983482
      vertex 0.00219915580416135 0.024000000572698337 0.0020405183202678303
    endloop
  endfacet
  facet normal 0.0 0.0 0.0
    outer loop
      vertex 0.002443506233013846 0.023666687581120276 0.0022672424680644614
      vertex 0.00219915580416135 0.024000000572698337 0.0020405183202678303
      vertex 0.0020947103467028536 0.024000000574107536 0.0021476004487926107
    endloop
  endfacet
  facet normal 0.0 0.0 0.0
    outer loop
      vertex 0.0029228191252448367 0.023333344068793935 0.0022139494783336264
      vertex 0.0028443031232726354 0.023666687575712657 0.0017381173736507043
      vertex 0.002657108299053885 0.02366668757823832 0.0020126812822276693
    endloop
  endfacet
  facet normal 0.0 0.0 0.0
    outer loop
      vertex 0.0029228191252448367 0.023333344068793935 0.0022139494783336264
      vertex 0.003128733622620325 0.023333344066015702 0.0019119290477687464
      vertex 0.0028443031232726354 0.023666687575712657 0.0017381173736507043
    endloop
  endfacet
  facet normal 0.0 0.0 0.0
    outer loop
      vertex 0.0029228191252448367 0.023333344068793935 0.0022139494783336264
      vertex 0.0030641774962966283 0.02300000056102733 0.0025711503393107994
      vertex 0.0031885299514357885 0.023000000559349545 0.0024152176744395835
    endloop
  endfacet
  facet normal 0.0 0.0 0.0
    outer loop
      vertex 0.0029228191252448367 0.023333344068793935 0.0022139494783336264
      vertex 0.0033049554656569796 0.02300000055777871 0.0022532801992351157
      vertex 0.003128733622620325 0.023333344066015702 0.0019119290477687464
    endloop
  endfacet
  facet normal 0.0 0.0 0.0
    outer loop
      vertex 0.0029228191252448367 0.023333344068793935 0.0022139494783336264
      vertex 0.0031885299514357885 0.023000000559349545 0.0024152176744395835
      vertex 0.0033049554656569796 0.02300000055777871 0.0022532801992351157
    endloop
  endfacet
  facet normal 0.0 0.0 0.0
    outer loop
      vertex 0.002205619804180838 0.02366668758432988 0.0024992707139903647
      vertex 0.0020947103467028536 0.024000000574107536 0.0021476004487926107
      vertex 0.0019850578274767795 0.024000000575586985 0.0022493436700755697
    endloop
  endfacet
  facet normal 0.0 0.0 0.0
    outer loop
      vertex 0.002205619804180838 0.02366668758432988 0.0024992707139903647
      vertex 0.0019850578274767795 0.024000000575586985 0.0022493436700755697
      vertex 0.0018704690899889866 0.024000000577133033 0.0023454945451671224
    endloop
  endfacet
  facet normal 0.0 0.0 0.0
    outer loop
      vertex 0.002205619804180838 0.02366668758432988 0.0024992707139903647
      vertex 0.002443506233013846 0.023666687581120276 0.0022672424680644614
      vertex 0.0020947103467028536 0.024000000574107536 0.0021476004487926107
    endloop
  endfacet
  facet normal 0.0 0.0 0.0
    outer loop
      vertex 0.0026878566618659307 0.023333344071964086 0.0024939666158610924
      vertex 0.002657108299053885 0.02366668757823832 0.0020126812822276693
      vertex 0.002443506233013846 0.023666687581120276 0.0022672424680644614
    endloop
  endfacet
  facet normal 0.0 0.0 0.0
    outer loop
      vertex 0.0026878566618659307 0.023333344071964086 0.0024939666158610924
      vertex 0.0030641774962966283 0.02300000056102733 0.0025711503393107994
      vertex 0.0029228191252448367 0.023333344068793935 0.0022139494783336264
    endloop
  endfacet
  facet normal 0.0 0.0 0.0
    outer loop
      vertex 0.0026878566618659307 0.023333344071964086 0.0024939666158610924
      vertex 0.0027929467986647924 0.023000000564686818 0.0028634674913341146
      vertex 0.0029322070907180147 0.023000000562807894 0.002720691002076302
    endloop
  endfacet
  facet normal 0.0 0.0 0.0
    outer loop
      vertex 0.0026878566618659307 0.023333344071964086 0.0024939666158610924
      vertex 0.0029322070907180147 0.023000000562807894 0.002720691002076302
      vertex 0.0030641774962966283 0.02300000056102733 0.0025711503393107994
    endloop
  endfacet
  facet normal 0.0 0.0 0.0
    outer loop
      vertex 0.0026878566618659307 0.023333344071964086 0.0024939666158610924
      vertex 0.0029228191252448367 0.023333344068793935 0.0022139494783336264
      vertex 0.002657108299053885 0.02366668757823832 0.0020126812822276693
    endloop
  endfacet
  facet normal 0.0 0.0 0.0
    outer loop
      vertex 0.0019458122175109165 0.023666687587835245 0.002706460035508309
      vertex 0.0018704690899889866 0.024000000577133033 0.0023454945451671224
      vertex 0.0017512311902087132 0.024000000578741812 0.00243581394023243
    endloop
  endfacet
  facet normal 0.0 0.0 0.0
    outer loop
      vertex 0.0019458122175109165 0.023666687587835245 0.002706460035508309
      vertex 0.0017512311902087132 0.024000000578741812 0.00243581394023243
      vertex 0.0016276388134997288 0.02400000058040934 0.002520077741807137
    endloop
  endfacet
  facet normal 0.0 0.0 0.0
    outer loop
      vertex 0.0019458122175109165 0.023666687587835245 0.002706460035508309
      vertex 0.002205619804180838 0.02366668758432988 0.0024992707139903647
      vertex 0.0018704690899889866 0.024000000577133033 0.0023454945451671224
    endloop
  endfacet
  facet normal 0.0 0.0 0.0
    outer loop
      vertex 0.002426181780884485 0.023333344075494644 0.0027491977579051597
      vertex 0.0026878566618659307 0.023333344071964086 0.0024939666158610924
      vertex 0.002443506233013846 0.023666687581120276 0.0022672424680644614
    endloop
  endfacet
  facet normal 0.0 0.0 0.0
    outer loop
      vertex 0.002426181780884485 0.023333344075494644 0.0027491977579051597
      vertex 0.0027929467986647924 0.023000000564686818 0.0028634674913341146
      vertex 0.0026878566618659307 0.023333344071964086 0.0024939666158610924
    endloop
  endfacet
  facet normal 0.0 0.0 0.0
    outer loop
      vertex 0.002426181780884485 0.023333344075494644 0.0027491977579051597
      vertex 0.002493959410053952 0.023000000568720803 0.0031273260480815515
      vertex 0.002646743757588132 0.023000000566659413 0.0029991248018199548
    endloop
  endfacet
  facet normal 0.0 0.0 0.0
    outer loop
      vertex 0.002426181780884485 0.023333344075494644 0.0027491977579051597
      vertex 0.002646743757588132 0.023000000566659413 0.0029991248018199548
      vertex 0.0027929467986647924 0.023000000564686818 0.0028634674913341146
    endloop
  endfacet
  facet normal 0.0 0.0 0.0
    outer loop
      vertex 0.002426181780884485 0.023333344075494644 0.0027491977579051597
      vertex 0.002443506233013846 0.023666687581120276 0.0022672424680644614
      vertex 0.002205619804180838 0.02366668758432988 0.0024992707139903647
    endloop
  endfacet
  facet normal 0.0 0.0 0.0
    outer loop
      vertex 0.001666666976727225 0.02366668759160152 0.0028867514497691728
      vertex 0.0019458122175109165 0.023666687587835245 0.002706460035508309
      vertex 0.0016276388134997288 0.02400000058040934 0.002520077741807137
    endloop
  endfacet
  facet normal 0.0 0.0 0.0
    outer loop
      vertex 0.001666666976727225 0.02366668759160152 0.0028867514497691728
      vertex 0.0016276388134997288 0.02400000058040934 0.002520077741807137
      vertex 0.0014999999966662327 0.02400000058213146 0.002598076141541634
    endloop
  endfacet
  facet normal 0.0 0.0 0.0
    outer loop
      vertex 0.001666666976727225 0.02366668759160152 0.0028867514497691728
      vertex 0.0014999999966662327 0.02400000058213146 0.002598076141541634
      vertex 0.0013686323132555882 0.024000000583903898 0.0026696155435496902
    endloop
  endfacet
  facet normal 0.0 0.0 0.0
    outer loop
      vertex 0.002140393244812708 0.02333334407935055 0.002977106130784188
      vertex 0.002205619804180838 0.02366668758432988 0.0024992707139903647
      vertex 0.0019458122175109165 0.023666687587835245 0.002706460035508309
    endloop
  endfacet
  facet normal 0.0 0.0 0.0
    outer loop
      vertex 0.002140393244812708 0.02333334407935055 0.002977106130784188
      vertex 0.002493959410053952 0.023000000568720803 0.0031273260480815515
      vertex 0.002426181780884485 0.023333344075494644 0.0027491977579051597
    endloop
  endfacet
  facet normal 0.0 0.0 0.0
    outer loop
      vertex 0.002140393244812708 0.02333334407935055 0.002977106130784188
      vertex 0.0021701850722853975 0.02300000057308922 0.003360103643601571
      vertex 0.0023349742721144994 0.023000000570865858 0.0032477519876414882
    endloop
  endfacet
  facet normal 0.0 0.0 0.0
    outer loop
      vertex 0.002140393244812708 0.02333334407935055 0.002977106130784188
      vertex 0.0023349742721144994 0.023000000570865858 0.0032477519876414882
      vertex 0.002493959410053952 0.023000000568720803 0.0031273260480815515
    endloop
  endfacet
  facet normal 0.0 0.0 0.0
    outer loop
      vertex 0.002140393244812708 0.02333334407935055 0.002977106130784188
      vertex 0.002426181780884485 0.023333344075494644 0.0027491977579051597
      vertex 0.002205619804180838 0.02366668758432988 0.0024992707139903647
    endloop
  endfacet
  facet normal 0.0 0.0 0.0
    outer loop
      vertex 0.0013709573667418733 0.02366668759559128 0.003038352764313851
      vertex 0.001666666976727225 0.02366668759160152 0.0028867514497691728
      vertex 0.0013686323132555882 0.024000000583903898 0.0026696155435496902
    endloop
  endfacet
  facet normal 0.0 0.0 0.0
    outer loop
      vertex 0.0013709573667418733 0.02366668759559128 0.003038352764313851
      vertex 0.0013686323132555882 0.024000000583903898 0.0026696155435496902
      vertex 0.0012338609662096895 0.024000000585722256 0.0027345176107341387
    endloop
  endfacet
  facet normal 0.0 0.0 0.0
    outer loop
      vertex 0.0013709573667418733 0.02366668759559128 0.003038352764313851
      vertex 0.0012338609662096895 0.024000000585722256 0.0027345176107341387
      vertex 0.0010960226025622285 0.02400000058758199 0.002792621172135506
    endloop
  endfacet
  facet normal 0.0 0.0 0.0
    outer loop
      vertex 0.0018333330031134892 0.023333344083493458 0.003175426519578134
      vertex 0.002140393244812708 0.02333334407935055 0.002977106130784188
      vertex 0.0019458122175109165 0.023666687587835245 0.002706460035508309
    endloop
  endfacet
  facet normal 0.0 0.0 0.0
    outer loop
      vertex 0.0018333330031134892 0.023333344083493458 0.003175426519578134
      vertex 0.0021701850722853975 0.02300000057308922 0.003360103643601571
      vertex 0.002140393244812708 0.02333334407935055 0.002977106130784188
    endloop
  endfacet
  facet normal 0.0 0.0 0.0
    outer loop
      vertex 0.0018333330031134892 0.023333344083493458 0.003175426519578134
      vertex 0.0018248424361769992 0.02300000057774864 0.0035594871408397306
      vertex 0.0019999999831740696 0.023000000575385385 0.0034641015893870936
    endloop
  endfacet
  facet normal 0.0 0.0 0.0
    outer loop
      vertex 0.0018333330031134892 0.023333344083493458 0.003175426519578134
      vertex 0.0019999999831740696 0.023000000575385385 0.0034641015893870936
      vertex 0.0021701850722853975 0.02300000057308922 0.003360103643601571
    endloop
  endfacet
  facet normal 0.0 0.0 0.0
    outer loop
      vertex 0.0018333330031134892 0.023333344083493458 0.003175426519578134
      vertex 0.0019458122175109165 0.023666687587835245 0.002706460035508309
      vertex 0.001666666976727225 0.02366668759160152 0.0028867514497691728
    endloop
  endfacet
  facet normal 0.0 0.0 0.0
    outer loop
      vertex 0.0010616226117980256 0.023666687599764875 0.0031597578889781576
      vertex 0.0013709573667418733 0.02366668759559128 0.003038352764313851
      vertex 0.0010960226025622285 0.02400000058758199 0.002792621172135506
    endloop
  endfacet
  facet normal 0.0 0.0 0.0
    outer loop
      vertex 0.0010616226117980256 0.023666687599764875 0.0031597578889781576
      vertex 0.0010960226025622285 0.02400000058758199 0.002792621172135506
      vertex 0.0009554595913927952 0.02400000058947849 0.0028437819845134357
    endloop
  endfacet
  facet normal 0.0 0.0 0.0
    outer loop
      vertex 0.0010616226117980256 0.023666687599764875 0.0031597578889781576
      vertex 0.0009554595913927952 0.02400000058947849 0.0028437819845134357
      vertex 0.0008125209775011935 0.024000000591407042 0.0028878727323466873
    endloop
  endfacet
  facet normal 0.0 0.0 0.0
    outer loop
      vertex 0.001508052813599329 0.023333344087882193 0.003342188156312142
      vertex 0.0018333330031134892 0.023333344083493458 0.003175426519578134
      vertex 0.001666666976727225 0.02366668759160152 0.0028867514497691728
    endloop
  endfacet
  facet normal 0.0 0.0 0.0
    outer loop
      vertex 0.001508052813599329 0.023333344087882193 0.003342188156312142
      vertex 0.001461363775593503 0.023000000582652752 0.0037234950429851157
      vertex 0.0016451482604567843 0.0230000005801731 0.003646023309891854
    endloop
  endfacet
  facet normal 0.0 0.0 0.0
    outer loop
      vertex 0.001508052813599329 0.023333344087882193 0.003342188156312142
      vertex 0.0016451482604567843 0.0230000005801731 0.003646023309891854
      vertex 0.0018248424361769992 0.02300000057774864 0.0035594871408397306
    endloop
  endfacet
  facet normal 0.0 0.0 0.0
    outer loop
      vertex 0.001508052813599329 0.023333344087882193 0.003342188156312142
      vertex 0.0018248424361769992 0.02300000057774864 0.0035594871408397306
      vertex 0.0018333330031134892 0.023333344083493458 0.003175426519578134
    endloop
  endfacet
  facet normal 0.0 0.0 0.0
    outer loop
      vertex 0.001508052813599329 0.023333344087882193 0.003342188156312142
      vertex 0.001666666976727225 0.02366668759160152 0.0028867514497691728
      vertex 0.0013709573667418733 0.02366668759559128 0.003038352764313851
    endloop
  endfacet
  facet normal 0.0 0.0 0.0
    outer loop
      vertex 0.0007417364042174592 0.023666687604080833 0.003249759710496102
      vertex 0.0010616226117980256 0.023666687599764875 0.0031597578889781576
      vertex 0.0008125209775011935 0.024000000591407042 0.0028878727323466873
    endloop
  endfacet
  facet normal 0.0 0.0 0.0
    outer loop
      vertex 0.0007417364042174592 0.023666687604080833 0.003249759710496102
      vertex 0.0008125209775011935 0.024000000591407042 0.0028878727323466873
      vertex 0.0006675624814074435 0.024000000593362845 0.002924783743088875
    endloop
  endfacet
  facet normal 0.0 0.0 0.0
    outer loop
      vertex 0.0007417364042174592 0.023666687604080833 0.003249759710496102
      vertex 0.0006675624814074435 0.024000000593362845 0.002924783743088875
      vertex 0.0005209445920031467 0.024000000595341037 0.002954423225587044
    endloop
  endfacet
  facet normal 0.0 0.0 0.0
    outer loop
      vertex 0.0011677846785285281 0.023333344092473143 0.0034757335550243003
      vertex 0.001508052813599329 0.023333344087882193 0.003342188156312142
      vertex 0.0013709573667418733 0.02366668759559128 0.003038352764313851
    endloop
  endfacet
  facet normal 0.0 0.0 0.0
    outer loop
      vertex 0.0011677846785285281 0.023333344092473143 0.0034757335550243003
      vertex 0.001461363775593503 0.023000000582652752 0.0037234950429851157
      vertex 0.001508052813599329 0.023333344087882193 0.003342188156312142
    endloop
  endfacet
  facet normal 0.0 0.0 0.0
    outer loop
      vertex 0.0011677846785285281 0.023333344092473143 0.0034757335550243003
      vertex 0.0010833616088454564 0.023000000587752818 0.0038504970437938314
      vertex 0.0012739467452590305 0.023000000585181413 0.003791709459489022
    endloop
  endfacet
  facet normal 0.0 0.0 0.0
    outer loop
      vertex 0.0011677846785285281 0.023333344092473143 0.0034757335550243003
      vertex 0.0012739467452590305 0.023000000585181413 0.003791709459489022
      vertex 0.001461363775593503 0.023000000582652752 0.0037234950429851157
    endloop
  endfacet
  facet normal 0.0 0.0 0.0
    outer loop
      vertex 0.0011677846785285281 0.023333344092473143 0.0034757335550243003
      vertex 0.0013709573667418733 0.02366668759559128 0.003038352764313851
      vertex 0.0010616226117980256 0.023666687599764875 0.0031597578889781576
    endloop
  endfacet
  facet normal 0.0 0.0 0.0
    outer loop
      vertex 0.000414479247845389 0.023666687608496238 0.0033074639207774743
      vertex 0.0007417364042174592 0.023666687604080833 0.003249759710496102
      vertex 0.0005209445920031467 0.024000000595341037 0.002954423225587044
    endloop
  endfacet
  facet normal 0.0 0.0 0.0
    outer loop
      vertex 0.000414479247845389 0.023666687608496238 0.0033074639207774743
      vertex 0.0005209445920031467 0.024000000595341037 0.002954423225587044
      vertex 0.0003730306592028536 0.024000000597336715 0.002976717508500252
    endloop
  endfacet
  facet normal 0.0 0.0 0.0
    outer loop
      vertex 0.000414479247845389 0.023666687608496238 0.0033074639207774743
      vertex 0.0003730306592028536 0.024000000597336715 0.002976717508500252
      vertex 0.00022419070864133022 0.02400000059934489 0.0029916112787181474
    endloop
  endfacet
  facet normal 0.0 0.0 0.0
    outer loop
      vertex 0.0008159103270270632 0.02333334409722069 0.0035747356779033284
      vertex 0.0011677846785285281 0.023333344092473143 0.0034757335550243003
      vertex 0.0010616226117980256 0.023666687599764875 0.0031597578889781576
    endloop
  endfacet
  facet normal 0.0 0.0 0.0
    outer loop
      vertex 0.0008159103270270632 0.02333334409722069 0.0035747356779033284
      vertex 0.0010616226117980256 0.023666687599764875 0.0031597578889781576
      vertex 0.0007417364042174592 0.023666687604080833 0.003249759710496102
    endloop
  endfacet
  facet normal 0.0 0.0 0.0
    outer loop
      vertex 0.0008159103270270632 0.02333334409722069 0.0035747356779033284
      vertex 0.000694592459065183 0.023000000592998157 0.003939230955308114
      vertex 0.0008900832961623509 0.023000000590360562 0.003899711645310555
    endloop
  endfacet
  facet normal 0.0 0.0 0.0
    outer loop
      vertex 0.0008159103270270632 0.02333334409722069 0.0035747356779033284
      vertex 0.0008900832961623509 0.023000000590360562 0.003899711645310555
      vertex 0.0010833616088454564 0.023000000587752818 0.0038504970437938314
    endloop
  endfacet
  facet normal 0.0 0.0 0.0
    outer loop
      vertex 0.0008159103270270632 0.02333334409722069 0.0035747356779033284
      vertex 0.0010833616088454564 0.023000000587752818 0.0038504970437938314
      vertex 0.0011677846785285281 0.023333344092473143 0.0034757335550243003
    endloop
  endfacet
  facet normal 0.0 0.0 0.0
    outer loop
      vertex 8.310221842644363e-05 0.02366668761296723 0.003332297361558114
      vertex 0.000414479247845389 0.023666687608496238 0.0033074639207774743
      vertex 0.00022419070864133022 0.02400000059934489 0.0029916112787181474
    endloop
  endfacet
  facet normal 0.0 0.0 0.0
    outer loop
      vertex 8.310221842644363e-05 0.02366668761296723 0.003332297361558114
      vertex 0.00022419070864133022 0.02400000059934489 0.0029916112787181474
      vertex 7.479190493039271e-05 0.024000000601360604 0.0029990675813609696
    endloop
  endfacet
  facet normal 0.0 0.0 0.0
    outer loop
      vertex 8.310221842644363e-05 0.02366668761296723 0.003332297361558114
      vertex 7.479190493039271e-05 0.024000000601360604 0.0029990675813609696
      vertex -7.479191159792759e-05 0.024000000603378813 0.0029990675813609696
    endloop
  endfacet
  facet normal 0.0 0.0 0.0
    outer loop
      vertex 0.0004559268828131961 0.023333344102077647 0.0036382103330546956
      vertex 0.0007417364042174592 0.023666687604080833 0.003249759710496102
      vertex 0.000414479247845389 0.023666687608496238 0.0033074639207774743
    endloop
  endfacet
  facet normal 0.0 0.0 0.0
    outer loop
      vertex 0.0004559268828131961 0.023333344102077647 0.0036382103330546956
      vertex 0.0008159103270270632 0.02333334409722069 0.0035747356779033284
      vertex 0.0007417364042174592 0.023666687604080833 0.003249759710496102
    endloop
  endfacet
  facet normal 0.0 0.0 0.0
    outer loop
      vertex 0.0004559268828131961 0.023333344102077647 0.0036382103330546956
      vertex 0.000298920614582761 0.023000000598336623 0.0039888151056224445
      vertex 0.0004973745177810032 0.023000000595659053 0.003968956745331918
    endloop
  endfacet
  facet normal 0.0 0.0 0.0
    outer loop
      vertex 0.0004559268828131961 0.023333344102077647 0.0036382103330546956
      vertex 0.0004973745177810032 0.023000000595659053 0.003968956745331918
      vertex 0.000694592459065183 0.023000000592998157 0.003939230955308114
    endloop
  endfacet
  facet normal 0.0 0.0 0.0
    outer loop
      vertex 0.0004559268828131961 0.023333344102077647 0.0036382103330546956
      vertex 0.000694592459065183 0.023000000592998157 0.003939230955308114
      vertex 0.0008159103270270632 0.02333334409722069 0.0035747356779033284
    endloop
  endfacet
  facet normal 0.0 0.0 0.0
    outer loop
      vertex -0.0002491006929505095 0.023666687617449365 0.0033240125543529137
      vertex 8.310221842644363e-05 0.02366668761296723 0.003332297361558114
      vertex -7.479191159792759e-05 0.024000000603378813 0.0029990675813609696
    endloop
  endfacet
  facet normal 0.0 0.0 0.0
    outer loop
      vertex -0.0002491006929505095 0.023666687617449365 0.0033240125543529137
      vertex -7.479191159792759e-05 0.024000000603378813 0.0029990675813609696
      vertex -0.0002241907153088651 0.024000000605394527 0.0029916112787181474
    endloop
  endfacet
  facet normal 0.0 0.0 0.0
    outer loop
      vertex -0.0002491006929505095 0.023666687617449365 0.0033240125543529137
      vertex -0.0002241907153088651 0.024000000605394527 0.0029916112787181474
      vertex -0.00037303066587038856 0.024000000607402698 0.002976717508500252
    endloop
  endfacet
  facet normal 0.0 0.0 0.0
    outer loop
      vertex 9.14125319220828e-05 0.02333334410699573 0.003665526903336678
      vertex 0.000298920614582761 0.023000000598336623 0.0039888151056224445
      vertex 0.0004559268828131961 0.023333344102077647 0.0036382103330546956
    endloop
  endfacet
  facet normal 0.0 0.0 0.0
    outer loop
      vertex 9.14125319220828e-05 0.02333334410699573 0.003665526903336678
      vertex -9.972287906958273e-05 0.023000000603715185 0.003998756683533822
      vertex 9.972284541772196e-05 0.023000000601024233 0.003998756683533822
    endloop
  endfacet
  facet normal 0.0 0.0 0.0
    outer loop
      vertex 9.14125319220828e-05 0.02333334410699573 0.003665526903336678
      vertex 9.972284541772196e-05 0.023000000601024233 0.003998756683533822
      vertex 0.000298920614582761 0.023000000598336623 0.0039888151056224445
    endloop
  endfacet
  facet normal 0.0 0.0 0.0
    outer loop
      vertex 9.14125319220828e-05 0.02333334410699573 0.003665526903336678
      vertex 0.000414479247845389 0.023666687608496238 0.0033074639207774743
      vertex 8.310221842644363e-05 0.02366668761296723 0.003332297361558114
    endloop
  endfacet
  facet normal 0.0 0.0 0.0
    outer loop
      vertex 9.14125319220828e-05 0.02333334410699573 0.003665526903336678
      vertex 0.0004559268828131961 0.023333344102077647 0.0036382103330546956
      vertex 0.000414479247845389 0.023666687608496238 0.0033074639207774743
    endloop
  endfacet
  facet normal 0.0 0.0 0.0
    outer loop
      vertex -0.0005788269121277557 0.023666687621898087 0.0032826924688274008
      vertex -0.0002491006929505095 0.023666687617449365 0.0033240125543529137
      vertex -0.00037303066587038856 0.024000000607402698 0.002976717508500252
    endloop
  endfacet
  facet normal 0.0 0.0 0.0
    outer loop
      vertex -0.0005788269121277557 0.023666687621898087 0.0032826924688274008
      vertex -0.00037303066587038856 0.024000000607402698 0.002976717508500252
      vertex -0.0005209445986706815 0.024000000609398376 0.002954423225587044
    endloop
  endfacet
  facet normal 0.0 0.0 0.0
    outer loop
      vertex -0.0005788269121277557 0.023666687621898087 0.0032826924688274008
      vertex -0.0005209445986706815 0.024000000609398376 0.002954423225587044
      vertex -0.0006675624880749783 0.024000000611376568 0.002924783743088875
    endloop
  endfacet
  facet normal 0.0 0.0 0.0
    outer loop
      vertex -0.0002740106705925656 0.023333344111926082 0.003656413829987679
      vertex -9.972287906958273e-05 0.023000000603715185 0.003998756683533822
      vertex 9.14125319220828e-05 0.02333334410699573 0.003665526903336678
    endloop
  endfacet
  facet normal 0.0 0.0 0.0
    outer loop
      vertex -0.0002740106705925656 0.023333344111926082 0.003656413829987679
      vertex -0.000497374551432864 0.02300000060908037 0.003968956745331918
      vertex -0.00029892064823462184 0.023000000606402796 0.0039888151056224445
    endloop
  endfacet
  facet normal 0.0 0.0 0.0
    outer loop
      vertex -0.0002740106705925656 0.023333344111926082 0.003656413829987679
      vertex -0.00029892064823462184 0.023000000606402796 0.0039888151056224445
      vertex -9.972287906958273e-05 0.023000000603715185 0.003998756683533822
    endloop
  endfacet
  facet normal 0.0 0.0 0.0
    outer loop
      vertex -0.0002740106705925656 0.023333344111926082 0.003656413829987679
      vertex 8.310221842644363e-05 0.02366668761296723 0.003332297361558114
      vertex -0.0002491006929505095 0.023666687617449365 0.0033240125543529137
    endloop
  endfacet
  facet normal 0.0 0.0 0.0
    outer loop
      vertex -0.0002740106705925656 0.023333344111926082 0.003656413829987679
      vertex 9.14125319220828e-05 0.02333334410699573 0.003665526903336678
      vertex 8.310221842644363e-05 0.02366668761296723 0.003332297361558114
    endloop
  endfacet
  facet normal 0.0 0.0 0.0
    outer loop
      vertex -0.0009028015215027556 0.023666687626269205 0.0032087474233562095
      vertex -0.0008125209841687283 0.02400000061333237 0.0028878727323466873
      vertex -0.0009554595980603299 0.024000000615260923 0.0028437819845134357
    endloop
  endfacet
  facet normal 0.0 0.0 0.0
    outer loop
      vertex -0.0009028015215027556 0.023666687626269205 0.0032087474233562095
      vertex -0.0005788269121277557 0.023666687621898087 0.0032826924688274008
      vertex -0.0006675624880749783 0.024000000611376568 0.002924783743088875
    endloop
  endfacet
  facet normal 0.0 0.0 0.0
    outer loop
      vertex -0.0009028015215027556 0.023666687626269205 0.0032087474233562095
      vertex -0.0006675624880749783 0.024000000611376568 0.002924783743088875
      vertex -0.0008125209841687283 0.02400000061333237 0.0028878727323466873
    endloop
  endfacet
  facet normal 0.0 0.0 0.0
    outer loop
      vertex -0.0006367101792595579 0.02333334411681968 0.0036109617120677574
      vertex -0.0008900833298142116 0.02300000061437886 0.003899711645310555
      vertex -0.0006945924927170436 0.023000000611741265 0.003939230955308114
    endloop
  endfacet
  facet normal 0.0 0.0 0.0
    outer loop
      vertex -0.0006367101792595579 0.02333334411681968 0.0036109617120677574
      vertex -0.0006945924927170436 0.023000000611741265 0.003939230955308114
      vertex -0.000497374551432864 0.02300000060908037 0.003968956745331918
    endloop
  endfacet
  facet normal 0.0 0.0 0.0
    outer loop
      vertex -0.0006367101792595579 0.02333334411681968 0.0036109617120677574
      vertex -0.0002491006929505095 0.023666687617449365 0.0033240125543529137
      vertex -0.0005788269121277557 0.023666687621898087 0.0032826924688274008
    endloop
  endfacet
  facet normal 0.0 0.0 0.0
    outer loop
      vertex -0.0006367101792595579 0.02333334411681968 0.0036109617120677574
      vertex -0.000497374551432864 0.02300000060908037 0.003968956745331918
      vertex -0.0002740106705925656 0.023333344111926082 0.003656413829987679
    endloop
  endfacet
  facet normal 0.0 0.0 0.0
    outer loop
      vertex -0.0006367101792595579 0.02333334411681968 0.0036109617120677574
      vertex -0.0002740106705925656 0.023333344111926082 0.003656413829987679
      vertex -0.0002491006929505095 0.023666687617449365 0.0033240125543529137
    endloop
  endfacet
  facet normal 0.0 0.0 0.0
    outer loop
      vertex -0.0012178030092346891 0.023666687630519257 0.0031029124624187094
      vertex -0.0009554595980603299 0.024000000615260923 0.0028437819845134357
      vertex -0.0010960226092297635 0.024000000617157423 0.002792621172135506
    endloop
  endfacet
  facet normal 0.0 0.0 0.0
    outer loop
      vertex -0.0012178030092346891 0.023666687630519257 0.0031029124624187094
      vertex -0.0010960226092297635 0.024000000617157423 0.002792621172135506
      vertex -0.0012338609728772246 0.02400000061901716 0.0027345176107341387
    endloop
  endfacet
  facet normal 0.0 0.0 0.0
    outer loop
      vertex -0.0012178030092346891 0.023666687630519257 0.0031029124624187094
      vertex -0.0009028015215027556 0.023666687626269205 0.0032087474233562095
      vertex -0.0009554595980603299 0.024000000615260923 0.0028437819845134357
    endloop
  endfacet
  facet normal 0.0 0.0 0.0
    outer loop
      vertex -0.0009930820588371946 0.02333334412162791 0.00352962235278431
      vertex -0.0006367101792595579 0.02333334411681968 0.0036109617120677574
      vertex -0.0005788269121277557 0.023666687621898087 0.0032826924688274008
    endloop
  endfacet
  facet normal 0.0 0.0 0.0
    outer loop
      vertex -0.0009930820588371946 0.02333334412162791 0.00352962235278431
      vertex -0.0012739458252365749 0.023000000619557995 0.003791709459489022
      vertex -0.0010833616424973172 0.0230000006169866 0.0038504970437938314
    endloop
  endfacet
  facet normal 0.0 0.0 0.0
    outer loop
      vertex -0.0009930820588371946 0.02333334412162791 0.00352962235278431
      vertex -0.0010833616424973172 0.0230000006169866 0.0038504970437938314
      vertex -0.0008900833298142116 0.02300000061437886 0.003899711645310555
    endloop
  endfacet
  facet normal 0.0 0.0 0.0
    outer loop
      vertex -0.0009930820588371946 0.02333334412162791 0.00352962235278431
      vertex -0.0008900833298142116 0.02300000061437886 0.003899711645310555
      vertex -0.0006367101792595579 0.02333334411681968 0.0036109617120677574
    endloop
  endfacet
  facet normal 0.0 0.0 0.0
    outer loop
      vertex -0.0009930820588371946 0.02333334412162791 0.00352962235278431
      vertex -0.0005788269121277557 0.023666687621898087 0.0032826924688274008
      vertex -0.0009028015215027556 0.023666687626269205 0.0032087474233562095
    endloop
  endfacet
  facet normal 0.0 0.0 0.0
    outer loop
      vertex -0.001520701416217111 0.02366668763460601 0.0029662392503673174
      vertex -0.0012338609728772246 0.02400000061901716 0.0027345176107341387
      vertex -0.0013686323199231228 0.02400000062083552 0.0026696155435496902
    endloop
  endfacet
  facet normal 0.0 0.0 0.0
    outer loop
      vertex -0.001520701416217111 0.02366668763460601 0.0029662392503673174
      vertex -0.0013686323199231228 0.02400000062083552 0.0026696155435496902
      vertex -0.001499999049659451 0.024000000622607938 0.002598076141541634
    endloop
  endfacet
  facet normal 0.0 0.0 0.0
    outer loop
      vertex -0.001520701416217111 0.02366668763460601 0.0029662392503673174
      vertex -0.0012178030092346891 0.023666687630519257 0.0031029124624187094
      vertex -0.0012338609728772246 0.02400000061901716 0.0027345176107341387
    endloop
  endfacet
  facet normal 0.0 0.0 0.0
    outer loop
      vertex -0.0013395834092400265 0.02333334412630296 0.0034132037527019126
      vertex -0.0009930820588371946 0.02333334412162791 0.00352962235278431
      vertex -0.0009028015215027556 0.023666687626269205 0.0032087474233562095
    endloop
  endfacet
  facet normal 0.0 0.0 0.0
    outer loop
      vertex -0.0013395834092400265 0.02333334412630296 0.0034132037527019126
      vertex -0.0009028015215027556 0.023666687626269205 0.0032087474233562095
      vertex -0.0012178030092346891 0.023666687630519257 0.0031029124624187094
    endloop
  endfacet
  facet normal 0.0 0.0 0.0
    outer loop
      vertex -0.0013395834092400265 0.02333334412630296 0.0034132037527019126
      vertex -0.0012739458252365749 0.023000000619557995 0.003791709459489022
      vertex -0.0009930820588371946 0.02333334412162791 0.00352962235278431
    endloop
  endfacet
  facet normal 0.0 0.0 0.0
    outer loop
      vertex -0.0013395834092400265 0.02333334412630296 0.0034132037527019126
      vertex -0.0012178030092346891 0.023666687630519257 0.0031029124624187094
      vertex -0.001520701416217111 0.02366668763460601 0.0029662392503673174
    endloop
  endfacet
  facet normal 0.0 0.0 0.0
    outer loop
      vertex -0.0013395834092400265 0.02333334412630296 0.0034132037527019126
      vertex -0.0016451482941086453 0.02300000062456632 0.003646023309891854
      vertex -0.001461363809245364 0.02300000062208667 0.0037234950429851157
    endloop
  endfacet
  facet normal 0.0 0.0 0.0
    outer loop
      vertex -0.0013395834092400265 0.02333334412630296 0.0034132037527019126
      vertex -0.001461363809245364 0.02300000062208667 0.0037234950429851157
      vertex -0.0012739458252365749 0.023000000619557995 0.003791709459489022
    endloop
  endfacet
  facet normal 0.0 0.0 0.0
    outer loop
      vertex -0.0018084878999817596 0.023666687638488875 0.0028000862962657544
      vertex -0.001499999049659451 0.024000000622607938 0.002598076141541634
      vertex -0.0016276388201672634 0.024000000624330074 0.002520077741807137
    endloop
  endfacet
  facet normal 0.0 0.0 0.0
    outer loop
      vertex -0.0018084878999817596 0.023666687638488875 0.0028000862962657544
      vertex -0.0016276388201672634 0.024000000624330074 0.002520077741807137
      vertex -0.0017512311968762477 0.024000000625997605 0.00243581394023243
    endloop
  endfacet
  facet normal 0.0 0.0 0.0
    outer loop
      vertex -0.0018084878999817596 0.023666687638488875 0.0028000862962657544
      vertex -0.001520701416217111 0.02366668763460601 0.0029662392503673174
      vertex -0.001499999049659451 0.024000000622607938 0.002598076141541634
    endloop
  endfacet
  facet normal 0.0 0.0 0.0
    outer loop
      vertex -0.0016727724198601437 0.023333344130798402 0.003262863195603524
      vertex -0.0016451482941086453 0.02300000062456632 0.003646023309891854
      vertex -0.0013395834092400265 0.02333334412630296 0.0034132037527019126
    endloop
  endfacet
  facet normal 0.0 0.0 0.0
    outer loop
      vertex -0.0016727724198601437 0.023333344130798402 0.003262863195603524
      vertex -0.001999999063151614 0.023000000629354023 0.0034641015893870928
      vertex -0.0018248434235031766 0.023000000626990792 0.0035594871408397297
    endloop
  endfacet
  facet normal 0.0 0.0 0.0
    outer loop
      vertex -0.0016727724198601437 0.023333344130798402 0.003262863195603524
      vertex -0.0018248434235031766 0.023000000626990792 0.0035594871408397297
      vertex -0.0016451482941086453 0.02300000062456632 0.003646023309891854
    endloop
  endfacet
  facet normal 0.0 0.0 0.0
    outer loop
      vertex -0.0016727724198601437 0.023333344130798402 0.003262863195603524
      vertex -0.0013395834092400265 0.02333334412630296 0.0034132037527019126
      vertex -0.001520701416217111 0.02366668763460601 0.0029662392503673174
    endloop
  endfacet
  facet normal 0.0 0.0 0.0
    outer loop
      vertex -0.0020782995302307834 0.023666687642129217 0.0026061048871928783
      vertex -0.0017512311968762477 0.024000000625997605 0.00243581394023243
      vertex -0.0018704690966565211 0.02400000062760638 0.0023454945451671216
    endloop
  endfacet
  facet normal 0.0 0.0 0.0
    outer loop
      vertex -0.0020782995302307834 0.023666687642129217 0.0026061048871928783
      vertex -0.0018704690966565211 0.02400000062760638 0.0023454945451671216
      vertex -0.001985056880469998 0.024000000629152418 0.002249343670075569
    endloop
  endfacet
  facet normal 0.0 0.0 0.0
    outer loop
      vertex -0.0020782995302307834 0.023666687642129217 0.0026061048871928783
      vertex -0.0018084878999817596 0.023666687638488875 0.0028000862962657544
      vertex -0.0017512311968762477 0.024000000625997605 0.00243581394023243
    endloop
  endfacet
  facet normal 0.0 0.0 0.0
    outer loop
      vertex -0.001989336979796667 0.023333344135069545 0.0030800950891429523
      vertex -0.001999999063151614 0.023000000629354023 0.0034641015893870928
      vertex -0.0016727724198601437 0.023333344130798402 0.003262863195603524
    endloop
  endfacet
  facet normal 0.0 0.0 0.0
    outer loop
      vertex -0.001989336979796667 0.023333344135069545 0.0030800950891429523
      vertex -0.0016727724198601437 0.023333344130798402 0.003262863195603524
      vertex -0.001520701416217111 0.02366668763460601 0.0029662392503673174
    endloop
  endfacet
  facet normal 0.0 0.0 0.0
    outer loop
      vertex -0.001989336979796667 0.023333344135069545 0.0030800950891429523
      vertex -0.0018084878999817596 0.023666687638488875 0.0028000862962657544
      vertex -0.0020782995302307834 0.023666687642129217 0.0026061048871928783
    endloop
  endfacet
  facet normal 0.0 0.0 0.0
    outer loop
      vertex -0.0022981328997571074 0.02400000063337649 0.0019283628827983477
      vertex -0.0021991548571545683 0.024000000632041062 0.0020405183202678295
      vertex -0.0020947103533703886 0.02400000063063188 0.00214760044879261
    endloop
  endfacet
  facet normal 0.0 0.0 0.0
    outer loop
      vertex -0.0017512311968762477 0.024000000625997605 0.00243581394023243
      vertex -0.001985056880469998 0.024000000629152418 0.002249343670075569
      vertex -0.0018704690966565211 0.02400000062760638 0.0023454945451671216
    endloop
  endfacet
  facet normal 0.0 0.0 0.0
    outer loop
      vertex -0.0017512311968762477 0.024000000625997605 0.00243581394023243
      vertex -0.0020947103533703886 0.02400000063063188 0.00214760044879261
      vertex -0.001985056880469998 0.024000000629152418 0.002249343670075569
    endloop
  endfacet
  facet normal 0.0 0.0 0.0
    outer loop
      vertex -0.0024787168536145286 0.02400000063581296 0.0016899601585322955
      vertex -0.0023913984332043724 0.024000000634634845 0.0018114132053310015
      vertex -0.0022981328997571074 0.02400000063337649 0.0019283628827983477
    endloop
  endfacet
  facet normal 0.0 0.0 0.0
    outer loop
      vertex -0.001499999049659451 0.024000000622607938 0.002598076141541634
      vertex -0.0017512311968762477 0.024000000625997605 0.00243581394023243
      vertex -0.0016276388201672634 0.024000000624330074 0.002520077741807137
    endloop
  endfacet
  facet normal 0.0 0.0 0.0
    outer loop
      vertex -0.0012338609728772246 0.02400000061901716 0.0027345176107341387
      vertex -0.001499999049659451 0.024000000622607938 0.002598076141541634
      vertex -0.0013686323199231228 0.02400000062083552 0.0026696155435496902
    endloop
  endfacet
  facet normal 0.0 0.0 0.0
    outer loop
      vertex -0.0010960226092297635 0.024000000617157423 0.002792621172135506
      vertex -0.001499999049659451 0.024000000622607938 0.002598076141541634
      vertex -0.0012338609728772246 0.02400000061901716 0.0027345176107341387
    endloop
  endfacet
  facet normal 0.0 0.0 0.0
    outer loop
      vertex -0.002819077495094021 0.02400000064040516 0.001026060379212532
      vertex -0.002764428142066677 0.02400000063966782 0.001165304339593086
      vertex -0.00270290661191531 0.024000000638837764 0.001301651275818977
    endloop
  endfacet
  facet normal 0.0 0.0 0.0
    outer loop
      vertex -0.0029405183825451926 0.02400000064204366 0.0005944384104663465
      vertex -0.0025598726305920676 0.024000000636907926 0.001564305580323372
      vertex -0.0024787168536145286 0.02400000063581296 0.0016899601585322955
    endloop
  endfacet
  facet normal 0.0 0.0 0.0
    outer loop
      vertex -0.0029405183825451926 0.02400000064204366 0.0005944384104663465
      vertex -0.0026346654925305446 0.024000000637917043 0.001434761918252144
      vertex -0.0025598726305920676 0.024000000636907926 0.001564305580323372
    endloop
  endfacet
  facet normal 0.0 0.0 0.0
    outer loop
      vertex -0.0029405183825451926 0.02400000064204366 0.0005944384104663465
      vertex -0.00270290661191531 0.024000000638837764 0.001301651275818977
      vertex -0.0026346654925305446 0.024000000637917043 0.001434761918252144
    endloop
  endfacet
  facet normal 0.0 0.0 0.0
    outer loop
      vertex -0.0029405183825451926 0.02400000064204366 0.0005944384104663465
      vertex -0.0028667192492444118 0.02400000064104795 0.0008842655188495253
      vertex -0.002819077495094021 0.02400000064040516 0.001026060379212532
    endloop
  endfacet
  facet normal 0.0 0.0 0.0
    outer loop
      vertex -0.0029405183825451926 0.02400000064204366 0.0005944384104663465
      vertex -0.002907231334205349 0.024000000641594545 0.0007402722007686231
      vertex -0.0028667192492444118 0.02400000064104795 0.0008842655188495253
    endloop
  endfacet
  facet normal 0.0 0.0 0.0
    outer loop
      vertex -0.0029405183825451926 0.02400000064204366 0.0005944384104663465
      vertex -0.002819077495094021 0.02400000064040516 0.001026060379212532
      vertex -0.00270290661191531 0.024000000638837764 0.001301651275818977
    endloop
  endfacet
  facet normal 0.0 0.0 0.0
    outer loop
      vertex -0.00037303066587038856 0.024000000607402698 0.002976717508500252
      vertex -0.0006675624880749783 0.024000000611376568 0.002924783743088875
      vertex -0.0005209445986706815 0.024000000609398376 0.002954423225587044
    endloop
  endfacet
  facet normal 0.0 0.0 0.0
    outer loop
      vertex -0.002996270183082302 0.024000000642795873 0.00014953765935245476
      vertex -0.0029664926562268336 0.02400000064239411 0.00044712681240383117
      vertex -0.0029405183825451926 0.02400000064204366 0.0005944384104663465
    endloop
  endfacet
  facet normal 0.0 0.0 0.0
    outer loop
      vertex -0.002996270183082302 0.024000000642795873 0.00014953765935245476
      vertex -0.002985093120094021 0.02400000064264507 0.00029870352811161004
      vertex -0.0029664926562268336 0.02400000064239411 0.00044712681240383117
    endloop
  endfacet
  facet normal 0.0 0.0 0.0
    outer loop
      vertex -0.002985093120094021 0.02400000064264507 -0.00029870354467090657
      vertex -0.002996270183082302 0.024000000642795873 -0.00014953765356000946
      vertex -0.0029999990496594508 0.024000000642846183 -8.290676485733024e-13
    endloop
  endfacet
  facet normal 0.0 0.0 0.0
    outer loop
      vertex 0.0003730306592028536 0.024000000597336715 0.002976717508500252
      vertex 7.479190493039271e-05 0.024000000601360604 0.0029990675813609696
      vertex 0.00022419070864133022 0.02400000059934489 0.0029916112787181474
    endloop
  endfacet
  facet normal 0.0 0.0 0.0
    outer loop
      vertex 0.0003730306592028536 0.024000000597336715 0.002976717508500252
      vertex -7.479191159792759e-05 0.024000000603378813 0.0029990675813609696
      vertex 7.479190493039271e-05 0.024000000601360604 0.0029990675813609696
    endloop
  endfacet
  facet normal 0.0 0.0 0.0
    outer loop
      vertex -0.0029405183825451926 0.02400000064204366 -0.0005944384568279653
      vertex -0.0029664926562268336 0.02400000064239411 -0.0004471267991608053
      vertex -0.002985093120094021 0.02400000064264507 -0.00029870354467090657
    endloop
  endfacet
  facet normal 0.0 0.0 0.0
    outer loop
      vertex -0.0028667192492444118 0.02400000064104795 -0.0008842655056064993
      vertex -0.002907231334205349 0.024000000641594545 -0.0007402721875255971
      vertex -0.0029405183825451926 0.02400000064204366 -0.0005944384568279653
    endloop
  endfacet
  facet normal 0.0 0.0 0.0
    outer loop
      vertex -0.0028667192492444118 0.02400000064104795 -0.0008842655056064993
      vertex -0.0029405183825451926 0.02400000064204366 -0.0005944384568279653
      vertex -0.002985093120094021 0.02400000064264507 -0.00029870354467090657
    endloop
  endfacet
  facet normal 0.0 0.0 0.0
    outer loop
      vertex 0.0009554595913927952 0.02400000058947849 0.0028437819845134357
      vertex 0.0006675624814074435 0.024000000593362845 0.002924783743088875
      vertex 0.0008125209775011935 0.024000000591407042 0.0028878727323466873
    endloop
  endfacet
  facet normal 0.0 0.0 0.0
    outer loop
      vertex 0.0009554595913927952 0.02400000058947849 0.0028437819845134357
      vertex 0.0005209445920031467 0.024000000595341037 0.002954423225587044
      vertex 0.0006675624814074435 0.024000000593362845 0.002924783743088875
    endloop
  endfacet
  facet normal 0.0 0.0 0.0
    outer loop
      vertex -0.002764428142066677 0.02400000063966782 -0.001165304385954705
      vertex -0.002819077495094021 0.02400000064040516 -0.0010260604255741509
      vertex -0.0028667192492444118 0.02400000064104795 -0.0008842655056064993
    endloop
  endfacet
  facet normal 0.0 0.0 0.0
    outer loop
      vertex 0.0012338609662096895 0.024000000585722256 0.0027345176107341387
      vertex 0.0005209445920031467 0.024000000595341037 0.002954423225587044
      vertex 0.0009554595913927952 0.02400000058947849 0.0028437819845134357
    endloop
  endfacet
  facet normal 0.0 0.0 0.0
    outer loop
      vertex 0.0012338609662096895 0.024000000585722256 0.0027345176107341387
      vertex 0.0009554595913927952 0.02400000058947849 0.0028437819845134357
      vertex 0.0010960226025622285 0.02400000058758199 0.002792621172135506
    endloop
  endfacet
  facet normal 0.0 0.0 0.0
    outer loop
      vertex 0.0012338609662096895 0.024000000585722256 0.0027345176107341387
      vertex 0.0003730306592028536 0.024000000597336715 0.002976717508500252
      vertex 0.0005209445920031467 0.024000000595341037 0.002954423225587044
    endloop
  endfacet
  facet normal 0.0 0.0 0.0
    outer loop
      vertex -0.0026346654925305446 0.024000000637917043 -0.0014347619646137625
      vertex -0.002764428142066677 0.02400000063966782 -0.001165304385954705
      vertex -0.0028667192492444118 0.02400000064104795 -0.0008842655056064993
    endloop
  endfacet
  facet normal 0.0 0.0 0.0
    outer loop
      vertex -0.0026346654925305446 0.024000000637917043 -0.0014347619646137625
      vertex -0.00270290661191531 0.024000000638837764 -0.0013016512029713065
      vertex -0.002764428142066677 0.02400000063966782 -0.001165304385954705
    endloop
  endfacet
  facet normal 0.0 0.0 0.0
    outer loop
      vertex -0.0026346654925305446 0.024000000637917043 -0.0014347619646137625
      vertex -0.0028667192492444118 0.02400000064104795 -0.0008842655056064993
      vertex -0.002985093120094021 0.02400000064264507 -0.00029870354467090657
    endloop
  endfacet
  facet normal 0.0 0.0 0.0
    outer loop
      vertex -0.0026346654925305446 0.024000000637917043 -0.0014347619646137625
      vertex -0.002985093120094021 0.02400000064264507 -0.00029870354467090657
      vertex -0.0029999990496594508 0.024000000642846183 -8.290676485733024e-13
    endloop
  endfacet
  facet normal 0.0 0.0 0.0
    outer loop
      vertex 0.0014999999966662327 0.02400000058213146 0.002598076141541634
      vertex 0.0003730306592028536 0.024000000597336715 0.002976717508500252
      vertex 0.0012338609662096895 0.024000000585722256 0.0027345176107341387
    endloop
  endfacet
  facet normal 0.0 0.0 0.0
    outer loop
      vertex 0.0014999999966662327 0.02400000058213146 0.002598076141541634
      vertex 0.0012338609662096895 0.024000000585722256 0.0027345176107341387
      vertex 0.0013686323132555882 0.024000000583903898 0.0026696155435496902
    endloop
  endfacet
  facet normal 0.0 0.0 0.0
    outer loop
      vertex -0.0024787168536145286 0.02400000063581296 -0.001689960204893914
      vertex -0.0025598726305920676 0.024000000636907926 -0.0015643056266849906
      vertex -0.0026346654925305446 0.024000000637917043 -0.0014347619646137625
    endloop
  endfacet
  facet normal 0.0 0.0 0.0
    outer loop
      vertex -0.0024787168536145286 0.02400000063581296 -0.001689960204893914
      vertex -0.0026346654925305446 0.024000000637917043 -0.0014347619646137625
      vertex -0.0029999990496594508 0.024000000642846183 -8.290676485733024e-13
    endloop
  endfacet
  facet normal 0.0 0.0 0.0
    outer loop
      vertex -0.0024787168536145286 0.02400000063581296 -0.001689960204893914
      vertex -0.0029999990496594508 0.024000000642846183 -8.290676485733024e-13
      vertex -0.002996270183082302 0.024000000642795873 0.00014953765935245476
    endloop
  endfacet
  facet normal 0.0 0.0 0.0
    outer loop
      vertex -0.0024787168536145286 0.02400000063581296 -0.001689960204893914
      vertex -0.0022981328997571074 0.02400000063337649 0.0019283628827983477
      vertex -0.0020947103533703886 0.02400000063063188 0.00214760044879261
    endloop
  endfacet
  facet normal 0.0 0.0 0.0
    outer loop
      vertex -0.0024787168536145286 0.02400000063581296 -0.001689960204893914
      vertex -0.0024787168536145286 0.02400000063581296 0.0016899601585322955
      vertex -0.0022981328997571074 0.02400000063337649 0.0019283628827983477
    endloop
  endfacet
  facet normal 0.0 0.0 0.0
    outer loop
      vertex -0.0024787168536145286 0.02400000063581296 -0.001689960204893914
      vertex -0.0029405183825451926 0.02400000064204366 0.0005944384104663465
      vertex -0.0024787168536145286 0.02400000063581296 0.0016899601585322955
    endloop
  endfacet
  facet normal 0.0 0.0 0.0
    outer loop
      vertex -0.0024787168536145286 0.02400000063581296 -0.001689960204893914
      vertex -0.002996270183082302 0.024000000642795873 0.00014953765935245476
      vertex -0.0029405183825451926 0.02400000064204366 0.0005944384104663465
    endloop
  endfacet
  facet normal 0.0 0.0 0.0
    outer loop
      vertex 0.0017512311902087132 0.024000000578741812 0.00243581394023243
      vertex 0.0003730306592028536 0.024000000597336715 0.002976717508500252
      vertex 0.0014999999966662327 0.02400000058213146 0.002598076141541634
    endloop
  endfacet
  facet normal 0.0 0.0 0.0
    outer loop
      vertex 0.0017512311902087132 0.024000000578741812 0.00243581394023243
      vertex 0.0014999999966662327 0.02400000058213146 0.002598076141541634
      vertex 0.0016276388134997288 0.02400000058040934 0.002520077741807137
    endloop
  endfacet
  facet normal 0.0 0.0 0.0
    outer loop
      vertex 0.0018704690899889866 0.024000000577133033 0.0023454945451671224
      vertex -7.479191159792759e-05 0.024000000603378813 0.0029990675813609696
      vertex 0.0003730306592028536 0.024000000597336715 0.002976717508500252
    endloop
  endfacet
  facet normal 0.0 0.0 0.0
    outer loop
      vertex 0.0018704690899889866 0.024000000577133033 0.0023454945451671224
      vertex 0.0003730306592028536 0.024000000597336715 0.002976717508500252
      vertex 0.0017512311902087132 0.024000000578741812 0.00243581394023243
    endloop
  endfacet
  facet normal 0.0 0.0 0.0
    outer loop
      vertex 0.0018704690899889866 0.024000000577133033 0.0023454945451671224
      vertex -0.0002241907153088651 0.024000000605394527 0.0029916112787181474
      vertex -7.479191159792759e-05 0.024000000603378813 0.0029990675813609696
    endloop
  endfacet
  facet normal 0.0 0.0 0.0
    outer loop
      vertex 0.0018704690899889866 0.024000000577133033 0.0023454945451671224
      vertex -0.00037303066587038856 0.024000000607402698 0.002976717508500252
      vertex -0.0002241907153088651 0.024000000605394527 0.0029916112787181474
    endloop
  endfacet
  facet normal 0.0 0.0 0.0
    outer loop
      vertex -0.0022981328997571065 0.02400000063337649 -0.0019283628099506767
      vertex -0.0023913984332043724 0.024000000634634845 -0.00181141325169262
      vertex -0.0024787168536145286 0.02400000063581296 -0.001689960204893914
    endloop
  endfacet
  facet normal 0.0 0.0 0.0
    outer loop
      vertex 0.0020947103467028536 0.024000000574107536 0.0021476004487926107
      vertex -0.0009554595980603299 0.024000000615260923 0.0028437819845134357
      vertex -0.0008125209841687283 0.02400000061333237 0.0028878727323466873
    endloop
  endfacet
  facet normal 0.0 0.0 0.0
    outer loop
      vertex 0.0020947103467028536 0.024000000574107536 0.0021476004487926107
      vertex -0.0010960226092297635 0.024000000617157423 0.002792621172135506
      vertex -0.0009554595980603299 0.024000000615260923 0.0028437819845134357
    endloop
  endfacet
  facet normal 0.0 0.0 0.0
    outer loop
      vertex 0.0020947103467028536 0.024000000574107536 0.0021476004487926107
      vertex -0.0020947103533703886 0.02400000063063188 0.00214760044879261
      vertex -0.0017512311968762477 0.024000000625997605 0.00243581394023243
    endloop
  endfacet
  facet normal 0.0 0.0 0.0
    outer loop
      vertex 0.0020947103467028536 0.024000000574107536 0.0021476004487926107
      vertex -0.0017512311968762477 0.024000000625997605 0.00243581394023243
      vertex -0.001499999049659451 0.024000000622607938 0.002598076141541634
    endloop
  endfacet
  facet normal 0.0 0.0 0.0
    outer loop
      vertex 0.0020947103467028536 0.024000000574107536 0.0021476004487926107
      vertex -0.00037303066587038856 0.024000000607402698 0.002976717508500252
      vertex 0.0018704690899889866 0.024000000577133033 0.0023454945451671224
    endloop
  endfacet
  facet normal 0.0 0.0 0.0
    outer loop
      vertex 0.0020947103467028536 0.024000000574107536 0.0021476004487926107
      vertex -0.001499999049659451 0.024000000622607938 0.002598076141541634
      vertex -0.0010960226092297635 0.024000000617157423 0.002792621172135506
    endloop
  endfacet
  facet normal 0.0 0.0 0.0
    outer loop
      vertex 0.0020947103467028536 0.024000000574107536 0.0021476004487926107
      vertex 0.0018704690899889866 0.024000000577133033 0.0023454945451671224
      vertex 0.0019850578274767795 0.024000000575586985 0.0022493436700755697
    endloop
  endfacet
  facet normal 0.0 0.0 0.0
    outer loop
      vertex 0.0020947103467028536 0.024000000574107536 0.0021476004487926107
      vertex -0.0006675624880749783 0.024000000611376568 0.002924783743088875
      vertex -0.00037303066587038856 0.024000000607402698 0.002976717508500252
    endloop
  endfacet
  facet normal 0.0 0.0 0.0
    outer loop
      vertex 0.0020947103467028536 0.024000000574107536 0.0021476004487926107
      vertex -0.0008125209841687283 0.02400000061333237 0.0028878727323466873
      vertex -0.0006675624880749783 0.024000000611376568 0.002924783743088875
    endloop
  endfacet
  facet normal 0.0 0.0 0.0
    outer loop
      vertex -0.0020947103533703877 0.02400000063063188 -0.0021476006143635188
      vertex -0.0021991548571545674 0.024000000632041062 -0.0020405182474201597
      vertex -0.0022981328997571065 0.02400000063337649 -0.0019283628099506767
    endloop
  endfacet
  facet normal 0.0 0.0 0.0
    outer loop
      vertex -0.0019850568804699975 0.024000000629152418 -0.0022493435972278986
      vertex -0.0022981328997571065 0.02400000063337649 -0.0019283628099506767
      vertex -0.0024787168536145286 0.02400000063581296 -0.001689960204893914
    endloop
  endfacet
  facet normal 0.0 0.0 0.0
    outer loop
      vertex -0.0019850568804699975 0.024000000629152418 -0.0022493435972278986
      vertex -0.0020947103533703877 0.02400000063063188 -0.0021476006143635188
      vertex -0.0022981328997571065 0.02400000063337649 -0.0019283628099506767
    endloop
  endfacet
  facet normal 0.0 0.0 0.0
    outer loop
      vertex -0.0018704690966565207 0.02400000062760638 -0.0023454944723194514
      vertex -0.0019850568804699975 0.024000000629152418 -0.0022493435972278986
      vertex -0.0024787168536145286 0.02400000063581296 -0.001689960204893914
    endloop
  endfacet
  facet normal 0.0 0.0 0.0
    outer loop
      vertex 0.0024787158932726783 0.024000000568926465 0.001689960158532296
      vertex 0.0022981328930895724 0.024000000571362926 0.0019283628827983482
      vertex 0.002391397472862522 0.024000000570104582 0.001811413205331002
    endloop
  endfacet
  facet normal 0.0 0.0 0.0
    outer loop
      vertex 0.0024787158932726783 0.024000000568926465 0.001689960158532296
      vertex 0.00219915580416135 0.024000000572698337 0.0020405183202678303
      vertex 0.0022981328930895724 0.024000000571362926 0.0019283628827983482
    endloop
  endfacet
  facet normal 0.0 0.0 0.0
    outer loop
      vertex 0.002559872623924534 0.024000000567831487 0.0015643055803233725
      vertex 0.00219915580416135 0.024000000572698337 0.0020405183202678303
      vertex 0.0024787158932726783 0.024000000568926465 0.001689960158532296
    endloop
  endfacet
  facet normal 0.0 0.0 0.0
    outer loop
      vertex -0.0013686323199231223 0.02400000062083552 -0.0026696154707020196
      vertex -0.0017512311968762473 0.024000000625997605 -0.002435814105803338
      vertex -0.0018704690966565207 0.02400000062760638 -0.0023454944723194514
    endloop
  endfacet
  facet normal 0.0 0.0 0.0
    outer loop
      vertex -0.0013686323199231223 0.02400000062083552 -0.0026696154707020196
      vertex -0.001627638820167263 0.024000000624330074 -0.002520077668959466
      vertex -0.0017512311968762473 0.024000000625997605 -0.002435814105803338
    endloop
  endfacet
  facet normal 0.0 0.0 0.0
    outer loop
      vertex -0.0013686323199231223 0.02400000062083552 -0.0026696154707020196
      vertex -0.0014999990496594505 0.024000000622607938 -0.002598076307112542
      vertex -0.001627638820167263 0.024000000624330074 -0.002520077668959466
    endloop
  endfacet
  facet normal 0.0 0.0 0.0
    outer loop
      vertex 0.002702906605247776 0.024000000565901652 0.001301651275818978
      vertex 0.002559872623924534 0.024000000567831487 0.0015643055803233725
      vertex 0.002634664532188694 0.02400000056682238 0.0014347619182521444
    endloop
  endfacet
  facet normal 0.0 0.0 0.0
    outer loop
      vertex 0.002702906605247776 0.024000000565901652 0.001301651275818978
      vertex 0.00219915580416135 0.024000000572698337 0.0020405183202678303
      vertex 0.002559872623924534 0.024000000567831487 0.0015643055803233725
    endloop
  endfacet
  facet normal 0.0 0.0 0.0
    outer loop
      vertex 0.002702906605247776 0.024000000565901652 0.001301651275818978
      vertex 0.0020947103467028536 0.024000000574107536 0.0021476004487926107
      vertex 0.00219915580416135 0.024000000572698337 0.0020405183202678303
    endloop
  endfacet
  facet normal 0.0 0.0 0.0
    outer loop
      vertex -0.0012338609728772237 0.02400000061901716 -0.0027345175378864677
      vertex -0.0013686323199231223 0.02400000062083552 -0.0026696154707020196
      vertex -0.0018704690966565207 0.02400000062760638 -0.0023454944723194514
    endloop
  endfacet
  facet normal 0.0 0.0 0.0
    outer loop
      vertex 0.002819077488426487 0.024000000564334253 0.0010260603792125328
      vertex 0.002702906605247776 0.024000000565901652 0.001301651275818978
      vertex 0.0027644290890734597 0.02400000056507158 0.001165304339593087
    endloop
  endfacet
  facet normal 0.0 0.0 0.0
    outer loop
      vertex 0.002866718288902561 0.024000000563691476 0.000884265518849526
      vertex 0.0020947103467028536 0.024000000574107536 0.0021476004487926107
      vertex 0.002702906605247776 0.024000000565901652 0.001301651275818978
    endloop
  endfacet
  facet normal 0.0 0.0 0.0
    outer loop
      vertex 0.002866718288902561 0.024000000563691476 0.000884265518849526
      vertex 0.002702906605247776 0.024000000565901652 0.001301651275818978
      vertex 0.002819077488426487 0.024000000564334253 0.0010260603792125328
    endloop
  endfacet
  facet normal 0.0 0.0 0.0
    outer loop
      vertex -0.0006675624880749777 0.024000000611376568 -0.002924783670241204
      vertex -0.0010960226092297627 0.024000000617157423 -0.002792621337706414
      vertex -0.0012338609728772237 0.02400000061901716 -0.0027345175378864677
    endloop
  endfacet
  facet normal 0.0 0.0 0.0
    outer loop
      vertex -0.0006675624880749777 0.024000000611376568 -0.002924783670241204
      vertex -0.0009554595980603292 0.024000000615260923 -0.002843782150084344
      vertex -0.0010960226092297627 0.024000000617157423 -0.002792621337706414
    endloop
  endfacet
  facet normal 0.0 0.0 0.0
    outer loop
      vertex -0.0006675624880749777 0.024000000611376568 -0.002924783670241204
      vertex -0.0008125209841687277 0.02400000061333237 -0.0028878726594990167
      vertex -0.0009554595980603292 0.024000000615260923 -0.002843782150084344
    endloop
  endfacet
  facet normal 0.0 0.0 0.0
    outer loop
      vertex -0.0006675624880749777 0.024000000611376568 -0.002924783670241204
      vertex -0.0012338609728772237 0.02400000061901716 -0.0027345175378864677
      vertex -0.0018704690966565207 0.02400000062760638 -0.0023454944723194514
    endloop
  endfacet
  facet normal 0.0 0.0 0.0
    outer loop
      vertex 0.0029405174222033423 0.02400000056269577 0.0005944384104663472
      vertex 0.002866718288902561 0.024000000563691476 0.000884265518849526
      vertex 0.0029072322812121313 0.024000000563144854 0.0007402722007686238
    endloop
  endfacet
  facet normal 0.0 0.0 0.0
    outer loop
      vertex 0.0029405174222033423 0.02400000056269577 0.0005944384104663472
      vertex 0.0020947103467028536 0.024000000574107536 0.0021476004487926107
      vertex 0.002866718288902561 0.024000000563691476 0.000884265518849526
    endloop
  endfacet
  facet normal 0.0 0.0 0.0
    outer loop
      vertex -0.0003730306658703878 0.024000000607402698 -0.0029767176740711603
      vertex -0.0005209445986706808 0.024000000609398376 -0.002954423152739373
      vertex -0.0006675624880749777 0.024000000611376568 -0.002924783670241204
    endloop
  endfacet
  facet normal 0.0 0.0 0.0
    outer loop
      vertex -7.479191159792687e-05 0.024000000603378813 -0.0029990675085132985
      vertex -0.00022419071530886437 0.024000000605394527 -0.0029916114442890556
      vertex -0.0003730306658703878 0.024000000607402698 -0.0029767176740711603
    endloop
  endfacet
  facet normal 0.0 0.0 0.0
    outer loop
      vertex 0.0029999999966662328 0.024000000561893216 -8.290669002458705e-13
      vertex 0.0029850921597521706 0.024000000562094358 0.0002987035281116108
      vertex 0.0029962711300890845 0.02400000056194353 0.00014953765935245546
    endloop
  endfacet
  facet normal 0.0 0.0 0.0
    outer loop
      vertex 0.0029999999966662328 0.024000000561893216 -8.290669002458705e-13
      vertex 0.0029664926495592994 0.024000000562345306 0.000447126812403832
      vertex 0.0029850921597521706 0.024000000562094358 0.0002987035281116108
    endloop
  endfacet
  facet normal 0.0 0.0 0.0
    outer loop
      vertex 0.0029999999966662328 0.024000000561893216 -8.290669002458705e-13
      vertex 0.0029405174222033423 0.02400000056269577 0.0005944384104663472
      vertex 0.0029664926495592994 0.024000000562345306 0.000447126812403832
    endloop
  endfacet
  facet normal 0.0 0.0 0.0
    outer loop
      vertex 0.0029962711300890845 0.02400000056194353 -0.00014953765356000873
      vertex 0.0029405174222033423 0.02400000056269577 0.0005944384104663472
      vertex 0.0029999999966662328 0.024000000561893216 -8.290669002458705e-13
    endloop
  endfacet
  facet normal 0.0 0.0 0.0
    outer loop
      vertex 0.00022419070864133095 0.02400000059934489 -0.0029916114442890556
      vertex 7.479190493039343e-05 0.024000000601360604 -0.0029990675085132985
      vertex -7.479191159792687e-05 0.024000000603378813 -0.0029990675085132985
    endloop
  endfacet
  facet normal 0.0 0.0 0.0
    outer loop
      vertex 0.0029850921597521706 0.024000000562094358 -0.00029870354467090575
      vertex 0.0029405174222033423 0.02400000056269577 0.0005944384104663472
      vertex 0.0029962711300890845 0.02400000056194353 -0.00014953765356000873
    endloop
  endfacet
  facet normal 0.0 0.0 0.0
    outer loop
      vertex 0.0029850921597521706 0.024000000562094358 -0.00029870354467090575
      vertex 0.0020947103467028536 0.024000000574107536 0.0021476004487926107
      vertex 0.0029405174222033423 0.02400000056269577 0.0005944384104663472
    endloop
  endfacet
  facet normal 0.0 0.0 0.0
    outer loop
      vertex 0.0005209445920031473 0.024000000595341037 -0.002954423152739373
      vertex -7.479191159792687e-05 0.024000000603378813 -0.0029990675085132985
      vertex -0.0003730306658703878 0.024000000607402698 -0.0029767176740711603
    endloop
  endfacet
  facet normal 0.0 0.0 0.0
    outer loop
      vertex 0.0005209445920031473 0.024000000595341037 -0.002954423152739373
      vertex 0.00022419070864133095 0.02400000059934489 -0.0029916114442890556
      vertex -7.479191159792687e-05 0.024000000603378813 -0.0029990675085132985
    endloop
  endfacet
  facet normal 0.0 0.0 0.0
    outer loop
      vertex 0.0005209445920031473 0.024000000595341037 -0.002954423152739373
      vertex 0.0003730306592028544 0.024000000597336715 -0.0029767176740711603
      vertex 0.00022419070864133095 0.02400000059934489 -0.0029916114442890556
    endloop
  endfacet
  facet normal 0.0 0.0 0.0
    outer loop
      vertex 0.0029405174222033423 0.02400000056269577 -0.0005944384568279645
      vertex 0.0029850921597521706 0.024000000562094358 -0.00029870354467090575
      vertex 0.0029664926495592994 0.024000000562345306 -0.0004471267991608045
    endloop
  endfacet
  facet normal 0.0 0.0 0.0
    outer loop
      vertex 0.0029072322812121313 0.024000000563144854 -0.0007402721875255964
      vertex 0.0029850921597521706 0.024000000562094358 -0.00029870354467090575
      vertex 0.0029405174222033423 0.02400000056269577 -0.0005944384568279645
    endloop
  endfacet
  facet normal 0.0 0.0 0.0
    outer loop
      vertex 0.0008125209775011942 0.024000000591407042 -0.0028878726594990167
      vertex 0.0006675624814074442 0.024000000593362845 -0.002924783670241204
      vertex 0.0005209445920031473 0.024000000595341037 -0.002954423152739373
    endloop
  endfacet
  facet normal 0.0 0.0 0.0
    outer loop
      vertex 0.002866718288902561 0.024000000563691476 -0.0008842655056064987
      vertex 0.0029850921597521706 0.024000000562094358 -0.00029870354467090575
      vertex 0.0029072322812121313 0.024000000563144854 -0.0007402721875255964
    endloop
  endfacet
  facet normal 0.0 0.0 0.0
    outer loop
      vertex 0.0010960226025622296 0.02400000058758199 -0.002792621337706414
      vertex 0.0008125209775011942 0.024000000591407042 -0.0028878726594990167
      vertex 0.0005209445920031473 0.024000000595341037 -0.002954423152739373
    endloop
  endfacet
  facet normal 0.0 0.0 0.0
    outer loop
      vertex 0.0010960226025622296 0.02400000058758199 -0.002792621337706414
      vertex 0.0009554595913927958 0.02400000058947849 -0.002843782150084344
      vertex 0.0008125209775011942 0.024000000591407042 -0.0028878726594990167
    endloop
  endfacet
  facet normal 0.0 0.0 0.0
    outer loop
      vertex 0.002702906605247776 0.024000000565901652 -0.0013016512029713056
      vertex 0.002819077488426487 0.024000000564334253 -0.0010260604255741498
      vertex 0.0027644290890734597 0.02400000056507158 -0.001165304385954704
    endloop
  endfacet
  facet normal 0.0 0.0 0.0
    outer loop
      vertex 0.0013686323132555886 0.024000000583903898 -0.0026696154707020196
      vertex 0.0010960226025622296 0.02400000058758199 -0.002792621337706414
      vertex 0.0005209445920031473 0.024000000595341037 -0.002954423152739373
    endloop
  endfacet
  facet normal 0.0 0.0 0.0
    outer loop
      vertex 0.0013686323132555886 0.024000000583903898 -0.0026696154707020196
      vertex 0.0012338609662096904 0.024000000585722256 -0.0027345175378864677
      vertex 0.0010960226025622296 0.02400000058758199 -0.002792621337706414
    endloop
  endfacet
  facet normal 0.0 0.0 0.0
    outer loop
      vertex 0.002634664532188694 0.02400000056682238 -0.001434761964613762
      vertex 0.0029850921597521706 0.024000000562094358 -0.00029870354467090575
      vertex 0.002866718288902561 0.024000000563691476 -0.0008842655056064987
    endloop
  endfacet
  facet normal 0.0 0.0 0.0
    outer loop
      vertex 0.002634664532188694 0.02400000056682238 -0.001434761964613762
      vertex 0.002819077488426487 0.024000000564334253 -0.0010260604255741498
      vertex 0.002702906605247776 0.024000000565901652 -0.0013016512029713056
    endloop
  endfacet
  facet normal 0.0 0.0 0.0
    outer loop
      vertex 0.002634664532188694 0.02400000056682238 -0.001434761964613762
      vertex 0.002866718288902561 0.024000000563691476 -0.0008842655056064987
      vertex 0.002819077488426487 0.024000000564334253 -0.0010260604255741498
    endloop
  endfacet
  facet normal 0.0 0.0 0.0
    outer loop
      vertex 0.0016276388134997292 0.02400000058040934 -0.002520077668959466
      vertex -0.0003730306658703878 0.024000000607402698 -0.0029767176740711603
      vertex -0.0006675624880749777 0.024000000611376568 -0.002924783670241204
    endloop
  endfacet
  facet normal 0.0 0.0 0.0
    outer loop
      vertex 0.0016276388134997292 0.02400000058040934 -0.002520077668959466
      vertex 0.0005209445920031473 0.024000000595341037 -0.002954423152739373
      vertex -0.0003730306658703878 0.024000000607402698 -0.0029767176740711603
    endloop
  endfacet
  facet normal 0.0 0.0 0.0
    outer loop
      vertex 0.0016276388134997292 0.02400000058040934 -0.002520077668959466
      vertex 0.0013686323132555886 0.024000000583903898 -0.0026696154707020196
      vertex 0.0005209445920031473 0.024000000595341037 -0.002954423152739373
    endloop
  endfacet
  facet normal 0.0 0.0 0.0
    outer loop
      vertex 0.0016276388134997292 0.02400000058040934 -0.002520077668959466
      vertex 0.0014999999966662332 0.02400000058213146 -0.002598076307112542
      vertex 0.0013686323132555886 0.024000000583903898 -0.0026696154707020196
    endloop
  endfacet
  facet normal 0.0 0.0 0.0
    outer loop
      vertex 0.0024787158932726783 0.024000000568926465 -0.0016899602048939136
      vertex 0.002634664532188694 0.02400000056682238 -0.001434761964613762
      vertex 0.002559872623924534 0.024000000567831487 -0.0015643056266849901
    endloop
  endfacet
  facet normal 0.0 0.0 0.0
    outer loop
      vertex 0.0024787158932726783 0.024000000568926465 -0.0016899602048939136
      vertex 0.0029850921597521706 0.024000000562094358 -0.00029870354467090575
      vertex 0.002634664532188694 0.02400000056682238 -0.001434761964613762
    endloop
  endfacet
  facet normal 0.0 0.0 0.0
    outer loop
      vertex 0.001870469089988987 0.024000000577133033 -0.0023454944723194505
      vertex 0.0017512311902087136 0.024000000578741812 -0.002435814105803338
      vertex 0.0016276388134997292 0.02400000058040934 -0.002520077668959466
    endloop
  endfacet
  facet normal 0.0 0.0 0.0
    outer loop
      vertex 0.00198505782747678 0.024000000575586985 -0.0022493435972278978
      vertex 0.001870469089988987 0.024000000577133033 -0.0023454944723194505
      vertex 0.0016276388134997292 0.02400000058040934 -0.002520077668959466
    endloop
  endfacet
  facet normal 0.0 0.0 0.0
    outer loop
      vertex 0.0021991558041613507 0.024000000572698337 -0.0020405182474201584
      vertex 0.002391397472862522 0.024000000570104582 -0.0018114132516926197
      vertex 0.0022981328930895733 0.024000000571362926 -0.0019283628099506763
    endloop
  endfacet
  facet normal 0.0 0.0 0.0
    outer loop
      vertex 0.0021991558041613507 0.024000000572698337 -0.0020405182474201584
      vertex 0.0024787158932726783 0.024000000568926465 -0.0016899602048939136
      vertex 0.002391397472862522 0.024000000570104582 -0.0018114132516926197
    endloop
  endfacet
  facet normal 0.0 0.0 0.0
    outer loop
      vertex 0.0020947103467028544 0.024000000574107536 -0.002147600614363518
      vertex 0.0020947103467028536 0.024000000574107536 0.0021476004487926107
      vertex 0.0029850921597521706 0.024000000562094358 -0.00029870354467090575
    endloop
  endfacet
  facet normal 0.0 0.0 0.0
    outer loop
      vertex 0.0020947103467028544 0.024000000574107536 -0.002147600614363518
      vertex -0.0024787168536145286 0.02400000063581296 -0.001689960204893914
      vertex -0.0020947103533703886 0.02400000063063188 0.00214760044879261
    endloop
  endfacet
  facet normal 0.0 0.0 0.0
    outer loop
      vertex 0.0020947103467028544 0.024000000574107536 -0.002147600614363518
      vertex 0.0016276388134997292 0.02400000058040934 -0.002520077668959466
      vertex -0.0006675624880749777 0.024000000611376568 -0.002924783670241204
    endloop
  endfacet
  facet normal 0.0 0.0 0.0
    outer loop
      vertex 0.0020947103467028544 0.024000000574107536 -0.002147600614363518
      vertex -0.0020947103533703886 0.02400000063063188 0.00214760044879261
      vertex 0.0020947103467028536 0.024000000574107536 0.0021476004487926107
    endloop
  endfacet
  facet normal 0.0 0.0 0.0
    outer loop
      vertex 0.0020947103467028544 0.024000000574107536 -0.002147600614363518
      vertex 0.0029850921597521706 0.024000000562094358 -0.00029870354467090575
      vertex 0.0024787158932726783 0.024000000568926465 -0.0016899602048939136
    endloop
  endfacet
  facet normal 0.0 0.0 0.0
    outer loop
      vertex 0.0020947103467028544 0.024000000574107536 -0.002147600614363518
      vertex -0.0018704690966565207 0.02400000062760638 -0.0023454944723194514
      vertex -0.0024787168536145286 0.02400000063581296 -0.001689960204893914
    endloop
  endfacet
  facet normal 0.0 0.0 0.0
    outer loop
      vertex 0.0020947103467028544 0.024000000574107536 -0.002147600614363518
      vertex 0.00198505782747678 0.024000000575586985 -0.0022493435972278978
      vertex 0.0016276388134997292 0.02400000058040934 -0.002520077668959466
    endloop
  endfacet
  facet normal 0.0 0.0 0.0
    outer loop
      vertex 0.0020947103467028544 0.024000000574107536 -0.002147600614363518
      vertex 0.0024787158932726783 0.024000000568926465 -0.0016899602048939136
      vertex 0.0021991558041613507 0.024000000572698337 -0.0020405182474201584
    endloop
  endfacet
  facet normal 0.0 0.0 0.0
    outer loop
      vertex 0.0020947103467028544 0.024000000574107536 -0.002147600614363518
      vertex -0.0006675624880749777 0.024000000611376568 -0.002924783670241204
      vertex -0.0018704690966565207 0.02400000062760638 -0.0023454944723194514
    endloop
  endfacet
endsolid mesh
