solid mesh
  facet normal 0.0 0.0 0.0
    outer loop
      vertex 0.27416562585370763 0.12000000102759924 0.0002746589456481132
      vertex 0.27421109704511387 0.12000000102759924 0.00020085812803159796
      vertex 0.27413840417402013 0.12000000102759924 0.00025418029771885387
    endloop
  endfacet
  facet normal 0.0 0.0 0.0
    outer loop
      vertex 0.27413840417402013 0.12000000102759924 0.00025418029771885387
      vertex 0.27421109704511387 0.12000000102759924 0.00020085812803159796
      vertex 0.27419931725995766 0.11999999023800602 0.00018941036962646506
    endloop
  endfacet
  facet normal 0.0 0.0 0.0
    outer loop
      vertex 0.27413840417402013 0.12000000102759924 0.00025418029771885387
      vertex 0.2741882088615201 0.12000000102759924 0.00017785471528913632
      vertex 0.2741156990958951 0.12000000102759924 0.00023538482633171754
    endloop
  endfacet
  facet normal 0.0 0.0 0.0
    outer loop
      vertex 0.27419931725995766 0.11999999023800602 0.00018941036962646506
      vertex 0.2741882088615201 0.12000000102759924 0.00017785471528913632
      vertex 0.27413840417402013 0.12000000102759924 0.00025418029771885387
    endloop
  endfacet
  facet normal 0.0 0.0 0.0
    outer loop
      vertex 0.27416562585370763 0.12000000102759924 0.0002746589456481132
      vertex 0.2742235482169889 0.12000000102759924 0.00021216562172488552
      vertex 0.27421109704511387 0.12000000102759924 0.00020085812803159796
    endloop
  endfacet
  facet normal 0.0 0.0 0.0
    outer loop
      vertex 0.2741882088615201 0.12000000102759924 0.00017785471528913632
      vertex 0.2741778328849576 0.12000000102759924 0.00016618037542641417
      vertex 0.2741156990958951 0.12000000102759924 0.00023538482633171754
    endloop
  endfacet
  facet normal 0.0 0.0 0.0
    outer loop
      vertex 0.2741156990958951 0.12000000102759924 0.00023538482633171754
      vertex 0.2741778328849576 0.12000000102759924 0.00016618037542641417
      vertex 0.27409677819745765 0.12000000102759924 0.0002181646355545368
    endloop
  endfacet
  facet normal 0.0 0.0 0.0
    outer loop
      vertex 0.2741984017326139 0.12000000102759924 0.000296799190933065
      vertex 0.2742366707755826 0.12000000102759924 0.00022336521948599142
      vertex 0.27416562585370763 0.12000000102759924 0.0002746589456481132
    endloop
  endfacet
  facet normal 0.0 0.0 0.0
    outer loop
      vertex 0.27416562585370763 0.12000000102759924 0.0002746589456481132
      vertex 0.2742366707755826 0.12000000102759924 0.00022336521948599142
      vertex 0.2742235482169889 0.12000000102759924 0.00021216562172488552
    endloop
  endfacet
  facet normal 0.0 0.0 0.0
    outer loop
      vertex 0.2741778328849576 0.12000000102759924 0.00016618037542641417
      vertex 0.27416818933027015 0.12000000102759924 0.00015441971881792683
      vertex 0.27409677819745765 0.12000000102759924 0.0002181646355545368
    endloop
  endfacet
  facet normal 0.0 0.0 0.0
    outer loop
      vertex 0.2741984017326139 0.12000000102759924 0.000296799190933065
      vertex 0.2742505257560514 0.12000000102759924 0.00023441376294203308
      vertex 0.2742366707755826 0.12000000102759924 0.00022336521948599142
    endloop
  endfacet
  facet normal 0.0 0.0 0.0
    outer loop
      vertex 0.27409677819745765 0.12000000102759924 0.0002181646355545368
      vertex 0.27415830163495764 0.11999999023800602 0.00014122404631135765
      vertex 0.2740809700919889 0.12000000102759924 0.00020243340864154645
    endloop
  endfacet
  facet normal 0.0 0.0 0.0
    outer loop
      vertex 0.27416818933027015 0.12000000102759924 0.00015441971881792683
      vertex 0.27415830163495764 0.11999999023800602 0.00014122404631135765
      vertex 0.27409677819745765 0.12000000102759924 0.0002181646355545368
    endloop
  endfacet
  facet normal 0.0 0.0 0.0
    outer loop
      vertex 0.27423361901777016 0.12000000102759924 0.0003183136398113291
      vertex 0.27426499108808267 0.12000000102759924 0.00024531125209301054
      vertex 0.2741984017326139 0.12000000102759924 0.000296799190933065
    endloop
  endfacet
  facet normal 0.0 0.0 0.0
    outer loop
      vertex 0.2741984017326139 0.12000000102759924 0.000296799190933065
      vertex 0.27426499108808267 0.12000000102759924 0.00024531125209301054
      vertex 0.2742505257560514 0.12000000102759924 0.00023441376294203308
    endloop
  endfacet
  facet normal 0.0 0.0 0.0
    outer loop
      vertex 0.2740809700919889 0.12000000102759924 0.00020243340864154645
      vertex 0.2741495125724576 0.12000000102759924 0.000128308903228465
      vertex 0.2740663216544889 0.12000000102759924 0.00018652954823704704
    endloop
  endfacet
  facet normal 0.0 0.0 0.0
    outer loop
      vertex 0.27415830163495764 0.11999999023800602 0.00014122404631135765
      vertex 0.2741495125724576 0.12000000102759924 0.000128308903228465
      vertex 0.2740809700919889 0.12000000102759924 0.00020243340864154645
    endloop
  endfacet
  facet normal 0.0 0.0 0.0
    outer loop
      vertex 0.27427561120527016 0.12000000102759924 0.00034136021092666624
      vertex 0.2742853157951139 0.12000000102759924 0.00025961825270112373
      vertex 0.27423361901777016 0.12000000102759924 0.0003183136398113291
    endloop
  endfacet
  facet normal 0.0 0.0 0.0
    outer loop
      vertex 0.27423361901777016 0.12000000102759924 0.0003183136398113291
      vertex 0.2742853157951139 0.12000000102759924 0.00025961825270112373
      vertex 0.27426499108808267 0.12000000102759924 0.00024531125209301054
    endloop
  endfacet
  facet normal 0.0 0.0 0.0
    outer loop
      vertex 0.2740663216544889 0.12000000102759924 0.00018652954823704704
      vertex 0.2741422493888639 0.12000000102759924 0.00011639719231491341
      vertex 0.27405295495527016 0.12000000102759924 0.00017043147515460787
    endloop
  endfacet
  facet normal 0.0 0.0 0.0
    outer loop
      vertex 0.2741495125724576 0.12000000102759924 0.000128308903228465
      vertex 0.2741422493888639 0.12000000102759924 0.00011639719231491341
      vertex 0.2740663216544889 0.12000000102759924 0.00018652954823704704
    endloop
  endfacet
  facet normal 0.0 0.0 0.0
    outer loop
      vertex 0.27405295495527016 0.12000000102759924 0.00017043147515460787
      vertex 0.2741358406974576 0.12000000102759924 0.00010476601082506676
      vertex 0.2740419075919889 0.12000000102759924 0.0001558007867499356
    endloop
  endfacet
  facet normal 0.0 0.0 0.0
    outer loop
      vertex 0.2741422493888639 0.12000000102759924 0.00011639719231491341
      vertex 0.2741358406974576 0.12000000102759924 0.00010476601082506676
      vertex 0.27405295495527016 0.12000000102759924 0.00017043147515460787
    endloop
  endfacet
  facet normal 0.0 0.0 0.0
    outer loop
      vertex 0.27427561120527016 0.12000000102759924 0.00034136021092666624
      vertex 0.27430954675214514 0.12000000102759924 0.0002753710588005518
      vertex 0.2742853157951139 0.12000000102759924 0.00025961825270112373
    endloop
  endfacet
  facet normal 0.0 0.0 0.0
    outer loop
      vertex 0.2740419075919889 0.12000000102759924 0.0001558007867499356
      vertex 0.2741300423576139 0.12000000102759924 9.289745828439066e-05
      vertex 0.27403287438886387 0.12000000102759924 0.00014255116627726494
    endloop
  endfacet
  facet normal 0.0 0.0 0.0
    outer loop
      vertex 0.2741358406974576 0.12000000102759924 0.00010476601082506676
      vertex 0.2741300423576139 0.12000000102759924 9.289745828439066e-05
      vertex 0.2740419075919889 0.12000000102759924 0.0001558007867499356
    endloop
  endfacet
  facet normal 0.0 0.0 0.0
    outer loop
      vertex 0.27403287438886387 0.12000000102759924 0.00014255116627726494
      vertex 0.2741250374748014 0.12000000102759924 8.128785598098176e-05
      vertex 0.2740245736076139 0.12000000102759924 0.00012919364987239846
    endloop
  endfacet
  facet normal 0.0 0.0 0.0
    outer loop
      vertex 0.2741300423576139 0.12000000102759924 9.289745828439066e-05
      vertex 0.2741250374748014 0.12000000102759924 8.128785598098176e-05
      vertex 0.27403287438886387 0.12000000102759924 0.00014255116627726494
    endloop
  endfacet
  facet normal 0.0 0.0 0.0
    outer loop
      vertex 0.27432566003339515 0.12000000102759924 0.00036587416671975603
      vertex 0.27433518151777014 0.12000000102759924 0.0002907354395441146
      vertex 0.27427561120527016 0.12000000102759924 0.00034136021092666624
    endloop
  endfacet
  facet normal 0.0 0.0 0.0
    outer loop
      vertex 0.27427561120527016 0.12000000102759924 0.00034136021092666624
      vertex 0.27433518151777014 0.12000000102759924 0.0002907354395441146
      vertex 0.27430954675214514 0.12000000102759924 0.0002753710588005518
    endloop
  endfacet
  facet normal 0.0 0.0 0.0
    outer loop
      vertex 0.2740245736076139 0.12000000102759924 0.00012919364987239846
      vertex 0.27412107018964516 0.12000000102759924 7.06493170672573e-05
      vertex 0.2740171273185514 0.12000000102759924 0.00011574981672179518
    endloop
  endfacet
  facet normal 0.0 0.0 0.0
    outer loop
      vertex 0.2740171273185514 0.12000000102759924 0.00011574981672179518
      vertex 0.27412107018964516 0.12000000102759924 7.06493170672573e-05
      vertex 0.2740111458732389 0.12000000102759924 0.00010360073475743547
    endloop
  endfacet
  facet normal 0.0 0.0 0.0
    outer loop
      vertex 0.2741250374748014 0.12000000102759924 8.128785598098176e-05
      vertex 0.27412107018964516 0.12000000102759924 7.06493170672573e-05
      vertex 0.2740245736076139 0.12000000102759924 0.00012919364987239846
    endloop
  endfacet
  facet normal 0.0 0.0 0.0
    outer loop
      vertex 0.27432566003339515 0.12000000102759924 0.00036587416671975603
      vertex 0.27436215905683264 0.12000000102759924 0.00030568981574534605
      vertex 0.27433518151777014 0.12000000102759924 0.0002907354395441146
    endloop
  endfacet
  facet normal 0.0 0.0 0.0
    outer loop
      vertex 0.2740111458732389 0.12000000102759924 0.00010360073475743547
      vertex 0.27411777429120765 0.12000000102759924 6.026972839077871e-05
      vertex 0.27400632409589515 0.12000000102759924 9.261692886070705e-05
    endloop
  endfacet
  facet normal 0.0 0.0 0.0
    outer loop
      vertex 0.27412107018964516 0.12000000102759924 7.06493170672573e-05
      vertex 0.27411777429120765 0.12000000102759924 6.026972839077871e-05
      vertex 0.2740111458732389 0.12000000102759924 0.00010360073475743547
    endloop
  endfacet
  facet normal 0.0 0.0 0.0
    outer loop
      vertex 0.27400632409589515 0.12000000102759924 9.261692886070705e-05
      vertex 0.2741150277091764 0.12000000102759924 4.997645646005111e-05
      vertex 0.2740020516349576 0.12000000102759924 8.161154377754798e-05
    endloop
  endfacet
  facet normal 0.0 0.0 0.0
    outer loop
      vertex 0.27411777429120765 0.12000000102759924 6.026972839077871e-05
      vertex 0.2741150277091764 0.12000000102759924 4.997645646005111e-05
      vertex 0.27400632409589515 0.12000000102759924 9.261692886070705e-05
    endloop
  endfacet
  facet normal 0.0 0.0 0.0
    outer loop
      vertex 0.27438516931073886 0.119999990238006 0.0003916720841058847
      vertex 0.2743905404044889 0.12000000102759924 0.00032023418740427447
      vertex 0.27432566003339515 0.12000000102759924 0.00036587416671975603
    endloop
  endfacet
  facet normal 0.0 0.0 0.0
    outer loop
      vertex 0.27432566003339515 0.12000000102759924 0.00036587416671975603
      vertex 0.2743905404044889 0.12000000102759924 0.00032023418740427447
      vertex 0.27436215905683264 0.12000000102759924 0.00030568981574534605
    endloop
  endfacet
  facet normal 0.0 0.0 0.0
    outer loop
      vertex 0.2741150277091764 0.12000000102759924 4.997645646005111e-05
      vertex 0.27411276940839513 0.12000000102759924 3.968318452933062e-05
      vertex 0.2740020516349576 0.12000000102759924 8.161154377754798e-05
    endloop
  endfacet
  facet normal 0.0 0.0 0.0
    outer loop
      vertex 0.2740020516349576 0.12000000102759924 8.161154377754798e-05
      vertex 0.27411276940839513 0.12000000102759924 3.968318452933062e-05
      vertex 0.2739983284904264 0.11999999023800602 7.055221072828744e-05
    endloop
  endfacet
  facet normal 0.0 0.0 0.0
    outer loop
      vertex 0.2739983284904264 0.11999999023800602 7.055221072828744e-05
      vertex 0.27411276940839513 0.12000000102759924 3.968318452933062e-05
      vertex 0.27399509362714514 0.12000000102759924 5.947129849258914e-05
    endloop
  endfacet
  facet normal 0.0 0.0 0.0
    outer loop
      vertex 0.27411276940839513 0.12000000102759924 3.968318452933062e-05
      vertex 0.27411118249433264 0.12000000102759924 3.0080446564603848e-05
      vertex 0.27399509362714514 0.12000000102759924 5.947129849258914e-05
    endloop
  endfacet
  facet normal 0.0 0.0 0.0
    outer loop
      vertex 0.27399509362714514 0.12000000102759924 5.947129849258914e-05
      vertex 0.27411118249433264 0.12000000102759924 3.0080446564603848e-05
      vertex 0.2739924691154264 0.12000000102759924 4.8358017477234226e-05
    endloop
  endfacet
  facet normal 0.0 0.0 0.0
    outer loop
      vertex 0.27438516931073886 0.119999990238006 0.0003916720841058847
      vertex 0.2744202034904264 0.12000000102759924 0.0003343253961480102
      vertex 0.2743905404044889 0.12000000102759924 0.00032023418740427447
    endloop
  endfacet
  facet normal 0.0 0.0 0.0
    outer loop
      vertex 0.2739924691154264 0.12000000102759924 4.8358017477234226e-05
      vertex 0.2741099007560514 0.12000000102759924 1.970085788813236e-05
      vertex 0.2739903939201139 0.12000000102759924 3.724473646187931e-05
    endloop
  endfacet
  facet normal 0.0 0.0 0.0
    outer loop
      vertex 0.2739903939201139 0.12000000102759924 3.724473646187931e-05
      vertex 0.2741099007560514 0.12000000102759924 1.970085788813236e-05
      vertex 0.2739888070060514 0.12000000102759924 2.6088297073656007e-05
    endloop
  endfacet
  facet normal 0.0 0.0 0.0
    outer loop
      vertex 0.27411118249433264 0.12000000102759924 3.0080446564603848e-05
      vertex 0.2741099007560514 0.12000000102759924 1.970085788813236e-05
      vertex 0.2739924691154264 0.12000000102759924 4.8358017477234226e-05
    endloop
  endfacet
  facet normal 0.0 0.0 0.0
    outer loop
      vertex 0.2739888070060514 0.12000000102759924 2.6088297073656007e-05
      vertex 0.27410922936933263 0.12000000102759924 9.450744330287363e-06
      vertex 0.2739878304435514 0.11999999023800602 1.4942647278651578e-05
    endloop
  endfacet
  facet normal 0.0 0.0 0.0
    outer loop
      vertex 0.2739878304435514 0.11999999023800602 1.4942647278651578e-05
      vertex 0.27410922936933263 0.12000000102759924 9.450744330287363e-06
      vertex 0.2739874031974576 0.11999999023800602 3.786207890421167e-06
    endloop
  endfacet
  facet normal 0.0 0.0 0.0
    outer loop
      vertex 0.2741099007560514 0.12000000102759924 1.970085788813236e-05
      vertex 0.27410922936933263 0.12000000102759924 9.450744330287363e-06
      vertex 0.2739888070060514 0.12000000102759924 2.6088297073656007e-05
    endloop
  endfacet
  facet normal 0.0 0.0 0.0
    outer loop
      vertex 0.2744559700919889 0.12000000102759924 0.00041839790650882237
      vertex 0.2744510872794889 0.12000000102759924 0.0003479634419765674
      vertex 0.27438516931073886 0.119999990238006 0.0003916720841058847
    endloop
  endfacet
  facet normal 0.0 0.0 0.0
    outer loop
      vertex 0.27438516931073886 0.119999990238006 0.0003916720841058847
      vertex 0.2744510872794889 0.12000000102759924 0.0003479634419765674
      vertex 0.2744202034904264 0.12000000102759924 0.0003343253961480102
    endloop
  endfacet
  facet normal 0.0 0.0 0.0
    outer loop
      vertex 0.2739874031974576 0.11999999023800602 3.786207890421167e-06
      vertex 0.27410898522870764 0.12000000102759924 -8.209484140095924e-07
      vertex 0.2739874642326139 0.12000000102759924 -7.381021091028117e-06
    endloop
  endfacet
  facet normal 0.0 0.0 0.0
    outer loop
      vertex 0.27410922936933263 0.12000000102759924 9.450744330287363e-06
      vertex 0.27410898522870764 0.12000000102759924 -8.209484140095924e-07
      vertex 0.2739874031974576 0.11999999023800602 3.786207890421167e-06
    endloop
  endfacet
  facet normal 0.0 0.0 0.0
    outer loop
      vertex 0.2739874642326139 0.12000000102759924 -7.381021091028117e-06
      vertex 0.2741092904044889 0.12000000102759924 -1.0207894514344673e-05
      vertex 0.27398813561933266 0.12000000102759924 -1.8537460479258527e-05
    endloop
  endfacet
  facet normal 0.0 0.0 0.0
    outer loop
      vertex 0.27398813561933266 0.12000000102759924 -1.8537460479258527e-05
      vertex 0.2741092904044889 0.12000000102759924 -1.0207894514344673e-05
      vertex 0.27398935632245763 0.12000000102759924 -2.9672320681044083e-05
    endloop
  endfacet
  facet normal 0.0 0.0 0.0
    outer loop
      vertex 0.27410898522870764 0.12000000102759924 -8.209484140095924e-07
      vertex 0.2741092904044889 0.12000000102759924 -1.0207894514344673e-05
      vertex 0.2739874642326139 0.12000000102759924 -7.381021091028117e-06
    endloop
  endfacet
  facet normal 0.0 0.0 0.0
    outer loop
      vertex 0.2745398323966764 0.12000000102759924 0.00044556610223373384
      vertex 0.27449417809980137 0.12000000102759924 0.0003653994246181256
      vertex 0.2744559700919889 0.12000000102759924 0.00041839790650882237
    endloop
  endfacet
  facet normal 0.0 0.0 0.0
    outer loop
      vertex 0.2744559700919889 0.12000000102759924 0.00041839790650882237
      vertex 0.27449417809980137 0.12000000102759924 0.0003653994246181256
      vertex 0.2744510872794889 0.12000000102759924 0.0003479634419765674
    endloop
  endfacet
  facet normal 0.0 0.0 0.0
    outer loop
      vertex 0.27398935632245763 0.12000000102759924 -2.9672320681044083e-05
      vertex 0.27411008386152014 0.12000000102759924 -2.0522745631517126e-05
      vertex 0.2739911263419889 0.12000000102759924 -4.080718088282964e-05
    endloop
  endfacet
  facet normal 0.0 0.0 0.0
    outer loop
      vertex 0.2741092904044889 0.12000000102759924 -1.0207894514344673e-05
      vertex 0.27411008386152014 0.12000000102759924 -2.0522745631517126e-05
      vertex 0.27398935632245763 0.12000000102759924 -2.9672320681044083e-05
    endloop
  endfacet
  facet normal 0.0 0.0 0.0
    outer loop
      vertex 0.2739911263419889 0.12000000102759924 -4.080718088282964e-05
      vertex 0.27411136559980137 0.12000000102759924 -3.081601756223762e-05
      vertex 0.2739934456779264 0.12000000102759924 -5.19420410846223e-05
    endloop
  endfacet
  facet normal 0.0 0.0 0.0
    outer loop
      vertex 0.2739934456779264 0.12000000102759924 -5.19420410846223e-05
      vertex 0.27411136559980137 0.12000000102759924 -3.081601756223762e-05
      vertex 0.2739962532951139 0.12000000102759924 -6.303374291353947e-05
    endloop
  endfacet
  facet normal 0.0 0.0 0.0
    outer loop
      vertex 0.27411008386152014 0.12000000102759924 -2.0522745631517126e-05
      vertex 0.27411136559980137 0.12000000102759924 -3.081601756223762e-05
      vertex 0.2739911263419889 0.12000000102759924 -4.080718088282964e-05
    endloop
  endfacet
  facet normal 0.0 0.0 0.0
    outer loop
      vertex 0.2739962532951139 0.12000000102759924 -6.303374291353947e-05
      vertex 0.2741130135490201 0.12000000102759924 -4.037559715408889e-05
      vertex 0.2739996712638639 0.12000000102759924 -7.410386555601889e-05
    endloop
  endfacet
  facet normal 0.0 0.0 0.0
    outer loop
      vertex 0.27411136559980137 0.12000000102759924 -3.081601756223762e-05
      vertex 0.2741130135490201 0.12000000102759924 -4.037559715408889e-05
      vertex 0.2739962532951139 0.12000000102759924 -6.303374291353947e-05
    endloop
  endfacet
  facet normal 0.0 0.0 0.0
    outer loop
      vertex 0.2745398323966764 0.12000000102759924 0.00044556610223373384
      vertex 0.2745450814201139 0.12000000102759924 0.0003839143665815712
      vertex 0.27449417809980137 0.12000000102759924 0.0003653994246181256
    endloop
  endfacet
  facet normal 0.0 0.0 0.0
    outer loop
      vertex 0.2739996712638639 0.12000000102759924 -7.410386555601889e-05
      vertex 0.2741153939201139 0.12000000102759924 -5.0970977694937855e-05
      vertex 0.27400363854902016 0.12000000102759924 -8.515240901206056e-05
    endloop
  endfacet
  facet normal 0.0 0.0 0.0
    outer loop
      vertex 0.27400363854902016 0.12000000102759924 -8.515240901206056e-05
      vertex 0.2741153939201139 0.12000000102759924 -5.0970977694937855e-05
      vertex 0.27400809411542637 0.12000000102759924 -9.615779409522673e-05
    endloop
  endfacet
  facet normal 0.0 0.0 0.0
    outer loop
      vertex 0.2741130135490201 0.12000000102759924 -4.037559715408889e-05
      vertex 0.2741153939201139 0.12000000102759924 -5.0970977694937855e-05
      vertex 0.2739996712638639 0.12000000102759924 -7.410386555601889e-05
    endloop
  endfacet
  facet normal 0.0 0.0 0.0
    outer loop
      vertex 0.27400809411542637 0.12000000102759924 -9.615779409522673e-05
      vertex 0.2741183236076139 0.12000000102759924 -6.154477904934907e-05
      vertex 0.27401316003339515 0.12000000102759924 -0.00010712002080551742
    endloop
  endfacet
  facet normal 0.0 0.0 0.0
    outer loop
      vertex 0.2741153939201139 0.12000000102759924 -5.0970977694937855e-05
      vertex 0.2741183236076139 0.12000000102759924 -6.154477904934907e-05
      vertex 0.27400809411542637 0.12000000102759924 -9.615779409522673e-05
    endloop
  endfacet
  facet normal 0.0 0.0 0.0
    outer loop
      vertex 0.27401316003339515 0.12000000102759924 -0.00010712002080551742
      vertex 0.27412180261152014 0.11999999023800603 -7.208621162410367e-05
      vertex 0.27401871423261387 0.12000000102759924 -0.00011803908914292549
    endloop
  endfacet
  facet normal 0.0 0.0 0.0
    outer loop
      vertex 0.27401871423261387 0.12000000102759924 -0.00011803908914292549
      vertex 0.27412180261152014 0.11999999023800603 -7.208621162410367e-05
      vertex 0.2740248177482389 0.12000000102759924 -0.00012891499910746518
    endloop
  endfacet
  facet normal 0.0 0.0 0.0
    outer loop
      vertex 0.2741183236076139 0.12000000102759924 -6.154477904934907e-05
      vertex 0.27412180261152014 0.11999999023800603 -7.208621162410367e-05
      vertex 0.27401316003339515 0.12000000102759924 -0.00010712002080551742
    endloop
  endfacet
  facet normal 0.0 0.0 0.0
    outer loop
      vertex 0.2745398323966764 0.12000000102759924 0.00044556610223373384
      vertex 0.2745984261466764 0.12000000102759924 0.00040124245329094065
      vertex 0.2745450814201139 0.12000000102759924 0.0003839143665815712
    endloop
  endfacet
  facet normal 0.0 0.0 0.0
    outer loop
      vertex 0.2746388314201139 0.12000000102759924 0.00047243218934851685
      vertex 0.2745984261466764 0.12000000102759924 0.00040124245329094065
      vertex 0.2745398323966764 0.12000000102759924 0.00044556610223373384
    endloop
  endfacet
  facet normal 0.0 0.0 0.0
    outer loop
      vertex 0.27412180261152014 0.11999999023800603 -7.208621162410367e-05
      vertex 0.2741258309318326 0.11999999023800602 -8.259527541920164e-05
      vertex 0.2740248177482389 0.12000000102759924 -0.00012891499910746518
    endloop
  endfacet
  facet normal 0.0 0.0 0.0
    outer loop
      vertex 0.2740248177482389 0.12000000102759924 -0.00012891499910746518
      vertex 0.2741258309318326 0.11999999023800602 -8.259527541920164e-05
      vertex 0.27403147058027016 0.12000000102759924 -0.00013972617151269162
    endloop
  endfacet
  facet normal 0.0 0.0 0.0
    outer loop
      vertex 0.2741258309318326 0.11999999023800602 -8.259527541920164e-05
      vertex 0.27413040856855136 0.12000000102759924 -9.3071970434643e-05
      vertex 0.27403147058027016 0.12000000102759924 -0.00013972617151269162
    endloop
  endfacet
  facet normal 0.0 0.0 0.0
    outer loop
      vertex 0.27403147058027016 0.12000000102759924 -0.00013972617151269162
      vertex 0.27413040856855136 0.12000000102759924 -9.3071970434643e-05
      vertex 0.27403867272870763 0.12000000102759924 -0.00015049418554504256
    endloop
  endfacet
  facet normal 0.0 0.0 0.0
    outer loop
      vertex 0.2746388314201139 0.12000000102759924 0.00047243218934851685
      vertex 0.2746540902091764 0.12000000102759924 0.0004172973680004972
      vertex 0.2745984261466764 0.12000000102759924 0.00040124245329094065
    endloop
  endfacet
  facet normal 0.0 0.0 0.0
    outer loop
      vertex 0.27413040856855136 0.12000000102759924 -9.3071970434643e-05
      vertex 0.2741355355216764 0.12000000102759924 -0.00010349471748400418
      vertex 0.27403867272870763 0.12000000102759924 -0.00015049418554504256
    endloop
  endfacet
  facet normal 0.0 0.0 0.0
    outer loop
      vertex 0.27403867272870763 0.12000000102759924 -0.00015049418554504256
      vertex 0.2741355355216764 0.12000000102759924 -0.00010349471748400418
      vertex 0.27404636315839515 0.12000000102759924 -0.00016119746201808738
    endloop
  endfacet
  facet normal 0.0 0.0 0.0
    outer loop
      vertex 0.27404636315839515 0.12000000102759924 -0.00016119746201808738
      vertex 0.2741355355216764 0.12000000102759924 -0.00010349471748400418
      vertex 0.2740546029044889 0.12000000102759924 -0.00017183600093181184
    endloop
  endfacet
  facet normal 0.0 0.0 0.0
    outer loop
      vertex 0.2740546029044889 0.12000000102759924 -0.00017183600093181184
      vertex 0.27414182214277016 0.12000000102759924 -0.00011503958222809985
      vertex 0.27406339196698887 0.12000000102759924 -0.0001823882230997853
    endloop
  endfacet
  facet normal 0.0 0.0 0.0
    outer loop
      vertex 0.2741355355216764 0.12000000102759924 -0.00010349471748400418
      vertex 0.27414182214277016 0.12000000102759924 -0.00011503958222809985
      vertex 0.2740546029044889 0.12000000102759924 -0.00017183600093181184
    endloop
  endfacet
  facet normal 0.0 0.0 0.0
    outer loop
      vertex 0.27406339196698887 0.12000000102759924 -0.0001823882230997853
      vertex 0.27414963464277015 0.12000000102759924 -0.00012777130222627164
      vertex 0.27407266931073887 0.12000000102759924 -0.00019287570770844554
    endloop
  endfacet
  facet normal 0.0 0.0 0.0
    outer loop
      vertex 0.27414182214277016 0.12000000102759924 -0.00011503958222809985
      vertex 0.27414963464277015 0.12000000102759924 -0.00012777130222627164
      vertex 0.27406339196698887 0.12000000102759924 -0.0001823882230997853
    endloop
  endfacet
  facet normal 0.0 0.0 0.0
    outer loop
      vertex 0.2747432625724576 0.12000000102759924 0.0004955650772095979
      vertex 0.2747118294669889 0.12000000102759924 0.00043207911071024087
      vertex 0.2746388314201139 0.12000000102759924 0.00047243218934851685
    endloop
  endfacet
  facet normal 0.0 0.0 0.0
    outer loop
      vertex 0.2746388314201139 0.12000000102759924 0.00047243218934851685
      vertex 0.2747118294669889 0.12000000102759924 0.00043207911071024087
      vertex 0.2746540902091764 0.12000000102759924 0.0004172973680004972
    endloop
  endfacet
  facet normal 0.0 0.0 0.0
    outer loop
      vertex 0.27407266931073887 0.12000000102759924 -0.00019287570770844554
      vertex 0.27415817956464517 0.11999999023800603 -0.00014042749507191133
      vertex 0.27408243493573886 0.12000000102759924 -0.00020327687557135477
    endloop
  endfacet
  facet normal 0.0 0.0 0.0
    outer loop
      vertex 0.27414963464277015 0.12000000102759924 -0.00012777130222627164
      vertex 0.27415817956464517 0.11999999023800603 -0.00014042749507191133
      vertex 0.27407266931073887 0.12000000102759924 -0.00019287570770844554
    endloop
  endfacet
  facet normal 0.0 0.0 0.0
    outer loop
      vertex 0.27415817956464517 0.11999999023800603 -0.00014042749507191133
      vertex 0.27409274987714516 0.12000000102759924 -0.00021361330587495785
      vertex 0.27408243493573886 0.12000000102759924 -0.00020327687557135477
    endloop
  endfacet
  facet normal 0.0 0.0 0.0
    outer loop
      vertex 0.27415817956464517 0.11999999023800603 -0.00014042749507191133
      vertex 0.27416757897870764 0.12000000102759924 -0.00015297579198536227
      vertex 0.27409274987714516 0.12000000102759924 -0.00021361330587495785
    endloop
  endfacet
  facet normal 0.0 0.0 0.0
    outer loop
      vertex 0.2747432625724576 0.12000000102759924 0.0004955650772095979
      vertex 0.27477146081464515 0.119999990238006 0.0004454905750812017
      vertex 0.2747118294669889 0.12000000102759924 0.00043207911071024087
    endloop
  endfacet
  facet normal 0.0 0.0 0.0
    outer loop
      vertex 0.27416757897870764 0.12000000102759924 -0.00015297579198536227
      vertex 0.2741035530998014 0.12000000102759924 -0.00022384184024637222
      vertex 0.27409274987714516 0.12000000102759924 -0.00021361330587495785
    endloop
  endfacet
  facet normal 0.0 0.0 0.0
    outer loop
      vertex 0.27416757897870764 0.12000000102759924 -0.00015297579198536227
      vertex 0.2741789925529264 0.12000000102759924 -0.0001668080504918521
      vertex 0.2741035530998014 0.12000000102759924 -0.00022384184024637222
    endloop
  endfacet
  facet normal 0.0 0.0 0.0
    outer loop
      vertex 0.2741789925529264 0.12000000102759924 -0.0001668080504918521
      vertex 0.2741187508537076 0.12000000102759924 -0.00023735041095628872
      vertex 0.2741035530998014 0.12000000102759924 -0.00022384184024637222
    endloop
  endfacet
  facet normal 0.0 0.0 0.0
    outer loop
      vertex 0.2741789925529264 0.12000000102759924 -0.0001668080504918521
      vertex 0.27419278649823886 0.12000000102759924 -0.00018199979774390584
      vertex 0.2741187508537076 0.12000000102759924 -0.00023735041095628872
    endloop
  endfacet
  facet normal 0.0 0.0 0.0
    outer loop
      vertex 0.27419278649823886 0.12000000102759924 -0.00018199979774390584
      vertex 0.2741369393302701 0.12000000102759924 -0.0002523263663439721
      vertex 0.2741187508537076 0.12000000102759924 -0.00023735041095628872
    endloop
  endfacet
  facet normal 0.0 0.0 0.0
    outer loop
      vertex 0.2748646614982389 0.12000000102759922 0.0005167126799184131
      vertex 0.2748536141349576 0.12000000102759924 0.00046121101240096605
      vertex 0.2747432625724576 0.12000000102759924 0.0004955650772095979
    endloop
  endfacet
  facet normal 0.0 0.0 0.0
    outer loop
      vertex 0.2747432625724576 0.12000000102759924 0.0004955650772095979
      vertex 0.2748536141349576 0.12000000102759924 0.00046121101240096605
      vertex 0.27477146081464515 0.119999990238006 0.0004454905750812017
    endloop
  endfacet
  facet normal 0.0 0.0 0.0
    outer loop
      vertex 0.27419278649823886 0.12000000102759924 -0.00018199979774390584
      vertex 0.27420774011152016 0.12000000102759924 -0.00019699733231802696
      vertex 0.2741369393302701 0.12000000102759924 -0.0002523263663439721
    endloop
  endfacet
  facet normal 0.0 0.0 0.0
    outer loop
      vertex 0.27420774011152016 0.12000000102759924 -0.00019699733231802696
      vertex 0.2741561654044889 0.12000000102759924 -0.00026708652986727797
      vertex 0.2741369393302701 0.12000000102759924 -0.0002523263663439721
    endloop
  endfacet
  facet normal 0.0 0.0 0.0
    outer loop
      vertex 0.27420774011152016 0.12000000102759924 -0.00019699733231802696
      vertex 0.2742258065177701 0.11999999023800602 -0.0002134298827902441
      vertex 0.2741561654044889 0.12000000102759924 -0.00026708652986727797
    endloop
  endfacet
  facet normal 0.0 0.0 0.0
    outer loop
      vertex 0.2742258065177701 0.11999999023800602 -0.0002134298827902441
      vertex 0.2741764901115201 0.12000000102759924 -0.0002815877431533309
      vertex 0.2741561654044889 0.12000000102759924 -0.00026708652986727797
    endloop
  endfacet
  facet normal 0.0 0.0 0.0
    outer loop
      vertex 0.2750046761466764 0.119999990238006 0.0005343105064582616
      vertex 0.2749491951896451 0.12000000102759922 0.00047584170080564546
      vertex 0.2748646614982389 0.12000000102759922 0.0005167126799184131
    endloop
  endfacet
  facet normal 0.0 0.0 0.0
    outer loop
      vertex 0.2748646614982389 0.12000000102759922 0.0005167126799184131
      vertex 0.2749491951896451 0.12000000102759922 0.00047584170080564546
      vertex 0.2748536141349576 0.12000000102759924 0.00046121101240096605
    endloop
  endfacet
  facet normal 0.0 0.0 0.0
    outer loop
      vertex 0.2742258065177701 0.11999999023800602 -0.0002134298827902441
      vertex 0.2741979134513639 0.12000000102759924 -0.00029583000620213084
      vertex 0.2741764901115201 0.12000000102759924 -0.0002815877431533309
    endloop
  endfacet
  facet normal 0.0 0.0 0.0
    outer loop
      vertex 0.2742474739982389 0.12000000102759924 -0.00023135139712665166
      vertex 0.2741979134513639 0.12000000102759924 -0.00029583000620213084
      vertex 0.2742258065177701 0.11999999023800602 -0.0002134298827902441
    endloop
  endfacet
  facet normal 0.0 0.0 0.0
    outer loop
      vertex 0.2742474739982389 0.12000000102759924 -0.00023135139712665166
      vertex 0.2742203743888639 0.12000000102759924 -0.00030979173982724007
      vertex 0.2741979134513639 0.12000000102759924 -0.00029583000620213084
    endloop
  endfacet
  facet normal 0.0 0.0 0.0
    outer loop
      vertex 0.2742709114982389 0.119999990238006 -0.0002489060652936175
      vertex 0.2742203743888639 0.12000000102759924 -0.00030979173982724007
      vertex 0.2742474739982389 0.12000000102759924 -0.00023135139712665166
    endloop
  endfacet
  facet normal 0.0 0.0 0.0
    outer loop
      vertex 0.2750046761466764 0.119999990238006 0.0005343105064582616
      vertex 0.2750474007560514 0.12000000102759922 0.0004871060361260646
      vertex 0.2749491951896451 0.12000000102759922 0.00047584170080564546
    endloop
  endfacet
  facet normal 0.0 0.0 0.0
    outer loop
      vertex 0.2742709114982389 0.119999990238006 -0.0002489060652936175
      vertex 0.2742438118888639 0.12000000102759924 -0.0003234729440286657
      vertex 0.2742203743888639 0.12000000102759924 -0.00030979173982724007
    endloop
  endfacet
  facet normal 0.0 0.0 0.0
    outer loop
      vertex 0.27429892663495764 0.12000000102759924 -0.00026792811813833593
      vertex 0.2742438118888639 0.12000000102759924 -0.0003234729440286657
      vertex 0.2742709114982389 0.119999990238006 -0.0002489060652936175
    endloop
  endfacet
  facet normal 0.0 0.0 0.0
    outer loop
      vertex 0.27514853600995764 0.12000000102759922 0.0005455208938125793
      vertex 0.2751057503654264 0.12000000102759922 0.0004921339865660172
      vertex 0.2750046761466764 0.119999990238006 0.0005343105064582616
    endloop
  endfacet
  facet normal 0.0 0.0 0.0
    outer loop
      vertex 0.2750046761466764 0.119999990238006 0.0005343105064582616
      vertex 0.2751057503654264 0.12000000102759922 0.0004921339865660172
      vertex 0.2750474007560514 0.12000000102759922 0.0004871060361260646
    endloop
  endfacet
  facet normal 0.0 0.0 0.0
    outer loop
      vertex 0.27429892663495764 0.12000000102759924 -0.00026792811813833593
      vertex 0.2742767098380826 0.12000000102759924 -0.0003412326144667972
      vertex 0.2742438118888639 0.12000000102759924 -0.0003234729440286657
    endloop
  endfacet
  facet normal 0.0 0.0 0.0
    outer loop
      vertex 0.27429892663495764 0.12000000102759924 -0.00026792811813833593
      vertex 0.2743324349357389 0.11999999023800602 -0.0002884607140336968
      vertex 0.2742767098380826 0.12000000102759924 -0.0003412326144667972
    endloop
  endfacet
  facet normal 0.0 0.0 0.0
    outer loop
      vertex 0.27514853600995764 0.12000000102759922 0.0005455208938125793
      vertex 0.27516464929120765 0.12000000102759922 0.0004959535025654702
      vertex 0.2751057503654264 0.12000000102759922 0.0004921339865660172
    endloop
  endfacet
  facet normal 0.0 0.0 0.0
    outer loop
      vertex 0.2743324349357389 0.11999999023800602 -0.0002884607140336968
      vertex 0.27431571130292637 0.11999999023800602 -0.00036055677592164415
      vertex 0.2742767098380826 0.12000000102759924 -0.0003412326144667972
    endloop
  endfacet
  facet normal 0.0 0.0 0.0
    outer loop
      vertex 0.2743324349357389 0.11999999023800602 -0.0002884607140336968
      vertex 0.2743724739982389 0.12000000102759924 -0.0003104391154203725
      vertex 0.27431571130292637 0.11999999023800602 -0.00036055677592164415
    endloop
  endfacet
  facet normal 0.0 0.0 0.0
    outer loop
      vertex 0.2743724739982389 0.12000000102759924 -0.0003104391154203725
      vertex 0.27435684899823887 0.12000000102759924 -0.0003791256658511841
      vertex 0.27431571130292637 0.11999999023800602 -0.00036055677592164415
    endloop
  endfacet
  facet normal 0.0 0.0 0.0
    outer loop
      vertex 0.2743724739982389 0.12000000102759924 -0.0003104391154203725
      vertex 0.2744203865958951 0.12000000102759924 -0.0003337446367729555
      vertex 0.27435684899823887 0.12000000102759924 -0.0003791256658511841
    endloop
  endfacet
  facet normal 0.0 0.0 0.0
    outer loop
      vertex 0.2744203865958951 0.12000000102759924 -0.0003337446367729555
      vertex 0.27440000085370764 0.119999990238006 -0.00039689612588252743
      vertex 0.27435684899823887 0.12000000102759924 -0.0003791256658511841
    endloop
  endfacet
  facet normal 0.0 0.0 0.0
    outer loop
      vertex 0.2744203865958951 0.12000000102759924 -0.0003337446367729555
      vertex 0.27444504479902015 0.12000000102759924 -0.00041384657682923633
      vertex 0.27440000085370764 0.119999990238006 -0.00039689612588252743
    endloop
  endfacet
  facet normal 0.0 0.0 0.0
    outer loop
      vertex 0.27447757653730137 0.12000000102759924 -0.00035819385500672496
      vertex 0.27444504479902015 0.12000000102759924 -0.00041384657682923633
      vertex 0.2744203865958951 0.12000000102759924 -0.0003337446367729555
    endloop
  endfacet
  facet normal 0.0 0.0 0.0
    outer loop
      vertex 0.27447757653730137 0.12000000102759924 -0.00035819385500672496
      vertex 0.27449191979902016 0.12000000102759924 -0.0004299230707252377
      vertex 0.27444504479902015 0.12000000102759924 -0.00041384657682923633
    endloop
  endfacet
  facet normal 0.0 0.0 0.0
    outer loop
      vertex 0.27447757653730137 0.12000000102759924 -0.00035819385500672496
      vertex 0.27454563073652016 0.12000000102759924 -0.0003833983447658156
      vertex 0.27449191979902016 0.12000000102759924 -0.0004299230707252377
    endloop
  endfacet
  facet normal 0.0 0.0 0.0
    outer loop
      vertex 0.27454563073652016 0.12000000102759924 -0.0003833983447658156
      vertex 0.2745571663810514 0.12000000102759924 -0.00044997013492574213
      vertex 0.27449191979902016 0.12000000102759924 -0.0004299230707252377
    endloop
  endfacet
  facet normal 0.0 0.0 0.0
    outer loop
      vertex 0.27454563073652016 0.12000000102759924 -0.0003833983447658156
      vertex 0.2746180794669889 0.12000000102759924 -0.0004064449158811527
      vertex 0.2745571663810514 0.12000000102759924 -0.00044997013492574213
    endloop
  endfacet
  facet normal 0.0 0.0 0.0
    outer loop
      vertex 0.2746180794669889 0.12000000102759924 -0.0004064449158811527
      vertex 0.27463394860761386 0.12000000102759924 -0.0004705135204143218
      vertex 0.2745571663810514 0.12000000102759924 -0.00044997013492574213
    endloop
  endfacet
  facet normal 0.0 0.0 0.0
    outer loop
      vertex 0.2746180794669889 0.12000000102759924 -0.0004064449158811527
      vertex 0.27470334558027015 0.119999990238006 -0.00042932964309820674
      vertex 0.27463394860761386 0.12000000102759924 -0.0004705135204143218
    endloop
  endfacet
  facet normal 0.0 0.0 0.0
    outer loop
      vertex 0.27470334558027015 0.119999990238006 -0.00042932964309820674
      vertex 0.2747139046623014 0.119999990238006 -0.0004888666184794843
      vertex 0.27463394860761386 0.12000000102759924 -0.0004705135204143218
    endloop
  endfacet
  facet normal 0.0 0.0 0.0
    outer loop
      vertex 0.27470334558027015 0.119999990238006 -0.00042932964309820674
      vertex 0.27480313806073886 0.12000000102759922 -0.0004512217277391315
      vertex 0.2747139046623014 0.119999990238006 -0.0004888666184794843
    endloop
  endfacet
  facet normal 0.0 0.0 0.0
    outer loop
      vertex 0.27480313806073886 0.12000000102759922 -0.0004512217277391315
      vertex 0.2747967904044889 0.12000000102759924 -0.000504910743595822
      vertex 0.2747139046623014 0.119999990238006 -0.0004888666184794843
    endloop
  endfacet
  facet normal 0.0 0.0 0.0
    outer loop
      vertex 0.27480313806073886 0.12000000102759922 -0.0004512217277391315
      vertex 0.2748821785880826 0.119999990238006 -0.0005186027373904665
      vertex 0.2747967904044889 0.12000000102759924 -0.000504910743595822
    endloop
  endfacet
  facet normal 0.0 0.0 0.0
    outer loop
      vertex 0.27490744714277016 0.12000000102759922 -0.00046921876922807824
      vertex 0.2748821785880826 0.119999990238006 -0.0005186027373904665
      vertex 0.27480313806073886 0.12000000102759922 -0.0004512217277391315
    endloop
  endfacet
  facet normal 0.0 0.0 0.0
    outer loop
      vertex 0.27490744714277016 0.12000000102759922 -0.00046921876922807824
      vertex 0.27496958093183266 0.12000000102759924 -0.0005298562831176668
      vertex 0.2748821785880826 0.119999990238006 -0.0005186027373904665
    endloop
  endfacet
  facet normal 0.0 0.0 0.0
    outer loop
      vertex 0.27490744714277016 0.12000000102759922 -0.00046921876922807824
      vertex 0.2750275032951139 0.12000000102759922 -0.00048443209566656264
      vertex 0.27496958093183266 0.12000000102759924 -0.0005298562831176668
    endloop
  endfacet
  facet normal 0.0 0.0 0.0
    outer loop
      vertex 0.2750275032951139 0.12000000102759922 -0.00048443209566656264
      vertex 0.27505844811933267 0.12000000102759922 -0.0005385958536248836
      vertex 0.27496958093183266 0.12000000102759924 -0.0005298562831176668
    endloop
  endfacet
  facet normal 0.0 0.0 0.0
    outer loop
      vertex 0.2750275032951139 0.12000000102759922 -0.00048443209566656264
      vertex 0.27516464929120765 0.12000000102759922 -0.0004952648472582268
      vertex 0.27505844811933267 0.12000000102759922 -0.0005385958536248836
    endloop
  endfacet
  facet normal 0.0 0.0 0.0
    outer loop
      vertex 0.27516464929120765 0.12000000102759922 -0.0004952648472582268
      vertex 0.27514853600995764 0.12000000102759922 -0.0005448322385053501
      vertex 0.27505844811933267 0.12000000102759922 -0.0005385958536248836
    endloop
  endfacet
  facet normal 0.0 0.0 0.0
    outer loop
      vertex 0.27514853600995764 0.12000000102759922 0.0005455208938125793
      vertex 0.3233771737052702 0.11999999023800537 0.003188744650958128
      vertex 0.27516464929120765 0.12000000102759922 0.0004959535025654702
    endloop
  endfacet
  facet normal 0.0 0.0 0.0
    outer loop
      vertex 0.27516464929120765 0.12000000102759922 -0.0004952648472582268
      vertex 0.3233771737052702 0.11999999023800537 -0.003188055995651155
      vertex 0.27514853600995764 0.12000000102759922 -0.0005448322385053501
    endloop
  endfacet
  facet normal 0.0 0.0 0.0
    outer loop
      vertex 0.3233932869865202 0.12000000102759859 0.003139188049304238
      vertex 0.27516464929120765 0.12000000102759922 0.0004959535025654702
      vertex 0.3233771737052702 0.11999999023800537 0.003188744650958128
    endloop
  endfacet
  facet normal 0.0 0.0 0.0
    outer loop
      vertex 0.3233932869865202 0.12000000102759859 -0.0031384993939972505
      vertex 0.3233771737052702 0.11999999023800537 -0.003188055995651155
      vertex 0.27516464929120765 0.12000000102759922 -0.0004952648472582268
    endloop
  endfacet
  facet normal 0.0 0.0 0.0
    outer loop
      vertex 0.01912534265058122 0.004999998359590475 -0.00027396219814530685
      vertex 0.01917075280683122 0.005000001056988777 -0.00020016407792709546
      vertex 0.01909805993573747 0.005000001056988778 -0.0002534970372075693
    endloop
  endfacet
  facet normal 0.0 0.0 0.0
    outer loop
      vertex 0.01909805993573747 0.005000001056988778 -0.0002534970372075693
      vertex 0.01917075280683122 0.005000001056988777 -0.00020016407792709546
      vertex 0.019158973021674974 0.005000001056988778 -0.0001887217143185702
    endloop
  endfacet
  facet normal 0.0 0.0 0.0
    outer loop
      vertex 0.01909805993573747 0.005000001056988778 -0.0002534970372075693
      vertex 0.019147925658393725 0.004999998359590472 -0.00017716336258294206
      vertex 0.01907535485761247 0.004999998359590475 -0.00023468807882891517
    endloop
  endfacet
  facet normal 0.0 0.0 0.0
    outer loop
      vertex 0.019158973021674974 0.005000001056988778 -0.0001887217143185702
      vertex 0.019147925658393725 0.004999998359590472 -0.00017716336258294206
      vertex 0.01909805993573747 0.005000001056988778 -0.0002534970372075693
    endloop
  endfacet
  facet normal 0.0 0.0 0.0
    outer loop
      vertex 0.01912534265058122 0.004999998359590475 -0.00027396219814530685
      vertex 0.01918320397870622 0.004999998359590472 -0.0002114796638153007
      vertex 0.01917075280683122 0.005000001056988777 -0.00020016407792709546
    endloop
  endfacet
  facet normal 0.0 0.0 0.0
    outer loop
      vertex 0.019147925658393725 0.004999998359590472 -0.00017716336258294206
      vertex 0.019137549681831224 0.004999998359590473 -0.00016549441751682225
      vertex 0.01907535485761247 0.004999998359590475 -0.00023468807882891517
    endloop
  endfacet
  facet normal 0.0 0.0 0.0
    outer loop
      vertex 0.01907535485761247 0.004999998359590475 -0.00023468807882891517
      vertex 0.019137549681831224 0.004999998359590473 -0.00016549441751682225
      vertex 0.01905643395917497 0.00500000105698878 -0.00021746519065342308
    endloop
  endfacet
  facet normal 0.0 0.0 0.0
    outer loop
      vertex 0.01915805749433122 0.004999998359590473 -0.0002961186278200896
      vertex 0.01919638757245622 0.005000001056988777 -0.00022266577458487992
      vertex 0.01912534265058122 0.004999998359590475 -0.00027396219814530685
    endloop
  endfacet
  facet normal 0.0 0.0 0.0
    outer loop
      vertex 0.01912534265058122 0.004999998359590475 -0.00027396219814530685
      vertex 0.01919638757245622 0.005000001056988777 -0.00022266577458487992
      vertex 0.01918320397870622 0.004999998359590472 -0.0002114796638153007
    endloop
  endfacet
  facet normal 0.0 0.0 0.0
    outer loop
      vertex 0.019137549681831224 0.004999998359590473 -0.00016549441751682225
      vertex 0.019127845091987474 0.005000001056988778 -0.00015372566871342785
      vertex 0.01905643395917497 0.00500000105698878 -0.00021746519065342308
    endloop
  endfacet
  facet normal 0.0 0.0 0.0
    outer loop
      vertex 0.01915805749433122 0.004999998359590473 -0.0002961186278200896
      vertex 0.01921018151776872 0.004999998359590472 -0.0002337170154392245
      vertex 0.01919638757245622 0.005000001056988777 -0.00022266577458487992
    endloop
  endfacet
  facet normal 0.0 0.0 0.0
    outer loop
      vertex 0.01905643395917497 0.00500000105698878 -0.00021746519065342308
      vertex 0.019117957396674976 0.005000001056988778 -0.00014053539100345925
      vertex 0.019040625853706222 0.00500000105698878 -0.00020174475333364805
    endloop
  endfacet
  facet normal 0.0 0.0 0.0
    outer loop
      vertex 0.019127845091987474 0.005000001056988778 -0.00015372566871342785
      vertex 0.019117957396674976 0.005000001056988778 -0.00014053539100345925
      vertex 0.01905643395917497 0.00500000105698878 -0.00021746519065342308
    endloop
  endfacet
  facet normal 0.0 0.0 0.0
    outer loop
      vertex 0.01919327477948747 0.004999998359590472 -0.00031761689230852677
      vertex 0.01922464684979997 0.005000001056988777 -0.0002446225967851152
      vertex 0.01915805749433122 0.004999998359590473 -0.0002961186278200896
    endloop
  endfacet
  facet normal 0.0 0.0 0.0
    outer loop
      vertex 0.01915805749433122 0.004999998359590473 -0.0002961186278200896
      vertex 0.01922464684979997 0.005000001056988777 -0.0002446225967851152
      vertex 0.01921018151776872 0.004999998359590472 -0.0002337170154392245
    endloop
  endfacet
  facet normal 0.0 0.0 0.0
    outer loop
      vertex 0.019040625853706222 0.00500000105698878 -0.00020174475333364805
      vertex 0.019109168334174975 0.004999998359590473 -0.0001276121557256542
      vertex 0.019026038451362474 0.004999998359590475 -0.0001858328007342389
    endloop
  endfacet
  facet normal 0.0 0.0 0.0
    outer loop
      vertex 0.019117957396674976 0.005000001056988778 -0.00014053539100345925
      vertex 0.019109168334174975 0.004999998359590473 -0.0001276121557256542
      vertex 0.019040625853706222 0.00500000105698878 -0.00020174475333364805
    endloop
  endfacet
  facet normal 0.0 0.0 0.0
    outer loop
      vertex 0.01923526696698747 0.004999998359590471 -0.00034067425301707833
      vertex 0.01924497155683122 0.005000001056988776 -0.0002589242025966199
      vertex 0.01919327477948747 0.004999998359590472 -0.00031761689230852677
    endloop
  endfacet
  facet normal 0.0 0.0 0.0
    outer loop
      vertex 0.01919327477948747 0.004999998359590472 -0.00031761689230852677
      vertex 0.01924497155683122 0.005000001056988776 -0.0002589242025966199
      vertex 0.01922464684979997 0.005000001056988777 -0.0002446225967851152
    endloop
  endfacet
  facet normal 0.0 0.0 0.0
    outer loop
      vertex 0.019026038451362474 0.004999998359590475 -0.0001858328007342389
      vertex 0.019101905150581223 0.00500000105698878 -0.0001157139318036351
      vertex 0.019012610716987476 0.004999998359590475 -0.00016974012244841497
    endloop
  endfacet
  facet normal 0.0 0.0 0.0
    outer loop
      vertex 0.019109168334174975 0.004999998359590473 -0.0001276121557256542
      vertex 0.019101905150581223 0.00500000105698878 -0.0001157139318036351
      vertex 0.019026038451362474 0.004999998359590475 -0.0001858328007342389
    endloop
  endfacet
  facet normal 0.0 0.0 0.0
    outer loop
      vertex 0.019012610716987476 0.004999998359590475 -0.00016974012244841497
      vertex 0.019095496459174976 0.00500000105698878 -0.00010408275031378045
      vertex 0.019001624388862475 0.0050000010569887805 -0.0001551175262386515
    endloop
  endfacet
  facet normal 0.0 0.0 0.0
    outer loop
      vertex 0.019101905150581223 0.00500000105698878 -0.0001157139318036351
      vertex 0.019095496459174976 0.00500000105698878 -0.00010408275031378045
      vertex 0.019012610716987476 0.004999998359590475 -0.00016974012244841497
    endloop
  endfacet
  facet normal 0.0 0.0 0.0
    outer loop
      vertex 0.01923526696698747 0.004999998359590471 -0.00034067425301707833
      vertex 0.01926920251386247 0.0049999983595904705 -0.0002746743112977468
      vertex 0.01924497155683122 0.005000001056988776 -0.0002589242025966199
    endloop
  endfacet
  facet normal 0.0 0.0 0.0
    outer loop
      vertex 0.019001624388862475 0.0050000010569887805 -0.0001551175262386515
      vertex 0.019089698119331224 0.004999998359590475 -9.220071078158965e-05
      vertex 0.018992530150581225 0.004999998359590477 -0.00014185441877445548
    endloop
  endfacet
  facet normal 0.0 0.0 0.0
    outer loop
      vertex 0.019095496459174976 0.00500000105698878 -0.00010408275031378045
      vertex 0.019089698119331224 0.004999998359590475 -9.220071078158965e-05
      vertex 0.019001624388862475 0.0050000010569887805 -0.0001551175262386515
    endloop
  endfacet
  facet normal 0.0 0.0 0.0
    outer loop
      vertex 0.018992530150581225 0.004999998359590477 -0.00014185441877445548
      vertex 0.019084693236518725 0.00500000105698878 -8.05992006730869e-05
      vertex 0.018984290404487476 0.004999998359590476 -0.00012850229716620376
    endloop
  endfacet
  facet normal 0.0 0.0 0.0
    outer loop
      vertex 0.019089698119331224 0.004999998359590475 -9.220071078158965e-05
      vertex 0.019084693236518725 0.00500000105698878 -8.05992006730869e-05
      vertex 0.018992530150581225 0.004999998359590477 -0.00014185441877445548
    endloop
  endfacet
  facet normal 0.0 0.0 0.0
    outer loop
      vertex 0.01928531579511247 0.005000001056988776 -0.0003651963010050814
      vertex 0.01929483727948747 0.004999998359590471 -0.00029004408683791196
      vertex 0.01923526696698747 0.004999998359590471 -0.00034067425301707833
    endloop
  endfacet
  facet normal 0.0 0.0 0.0
    outer loop
      vertex 0.01923526696698747 0.004999998359590471 -0.00034067425301707833
      vertex 0.01929483727948747 0.004999998359590471 -0.00029004408683791196
      vertex 0.01926920251386247 0.0049999983595904705 -0.0002746743112977468
    endloop
  endfacet
  facet normal 0.0 0.0 0.0
    outer loop
      vertex 0.018984290404487476 0.004999998359590476 -0.00012850229716620376
      vertex 0.019080786986518723 0.004999998359590475 -6.995256956444651e-05
      vertex 0.018976844115424975 0.004999998359590477 -0.00011506925360881226
    endloop
  endfacet
  facet normal 0.0 0.0 0.0
    outer loop
      vertex 0.018976844115424975 0.004999998359590477 -0.00011506925360881226
      vertex 0.019080786986518723 0.004999998359590475 -6.995256956444651e-05
      vertex 0.018970801634956225 0.0050000010569887805 -0.00010291747424615139
    endloop
  endfacet
  facet normal 0.0 0.0 0.0
    outer loop
      vertex 0.019084693236518725 0.00500000105698878 -8.05992006730869e-05
      vertex 0.019080786986518723 0.004999998359590475 -6.995256956444651e-05
      vertex 0.018984290404487476 0.004999998359590476 -0.00012850229716620376
    endloop
  endfacet
  facet normal 0.0 0.0 0.0
    outer loop
      vertex 0.01928531579511247 0.005000001056988776 -0.0003651963010050814
      vertex 0.01932187585370622 0.0049999983595904705 -0.000305009252632372
      vertex 0.01929483727948747 0.004999998359590471 -0.00029004408683791196
    endloop
  endfacet
  facet normal 0.0 0.0 0.0
    outer loop
      vertex 0.018970801634956225 0.0050000010569887805 -0.00010291747424615139
      vertex 0.019077430052924973 0.00500000105698878 -5.957028348966675e-05
      vertex 0.018965979857612475 0.004999998359590477 -9.193636574772857e-05
    endloop
  endfacet
  facet normal 0.0 0.0 0.0
    outer loop
      vertex 0.019080786986518723 0.004999998359590475 -6.995256956444651e-05
      vertex 0.019077430052924973 0.00500000105698878 -5.957028348966675e-05
      vertex 0.018970801634956225 0.0050000010569887805 -0.00010291747424615139
    endloop
  endfacet
  facet normal 0.0 0.0 0.0
    outer loop
      vertex 0.018965979857612475 0.004999998359590477 -9.193636574772857e-05
      vertex 0.019074683470893725 0.00500000105698878 -4.929319594877102e-05
      vertex 0.018961707396674975 0.005000001056988781 -8.091749367304057e-05
    endloop
  endfacet
  facet normal 0.0 0.0 0.0
    outer loop
      vertex 0.019077430052924973 0.00500000105698878 -5.957028348966675e-05
      vertex 0.019074683470893725 0.00500000105698878 -4.929319594877102e-05
      vertex 0.018965979857612475 0.004999998359590477 -9.193636574772857e-05
    endloop
  endfacet
  facet normal 0.0 0.0 0.0
    outer loop
      vertex 0.01934488610761247 0.005000001056988775 -0.0003909834287979868
      vertex 0.019350196166206222 0.0049999983595904705 -0.0003195482294946901
      vertex 0.01928531579511247 0.005000001056988776 -0.0003651963010050814
    endloop
  endfacet
  facet normal 0.0 0.0 0.0
    outer loop
      vertex 0.01928531579511247 0.005000001056988776 -0.0003651963010050814
      vertex 0.019350196166206222 0.0049999983595904705 -0.0003195482294946901
      vertex 0.01932187585370622 0.0049999983595904705 -0.000305009252632372
    endloop
  endfacet
  facet normal 0.0 0.0 0.0
    outer loop
      vertex 0.019074683470893725 0.00500000105698878 -4.929319594877102e-05
      vertex 0.019072425170112473 0.004999998359590475 -3.899183182313193e-05
      vertex 0.018961707396674975 0.005000001056988781 -8.091749367304057e-05
    endloop
  endfacet
  facet normal 0.0 0.0 0.0
    outer loop
      vertex 0.018961707396674975 0.005000001056988781 -8.091749367304057e-05
      vertex 0.019072425170112473 0.004999998359590475 -3.899183182313193e-05
      vertex 0.018957984252143723 0.005000001056988781 -6.986355542039124e-05
    endloop
  endfacet
  facet normal 0.0 0.0 0.0
    outer loop
      vertex 0.018957984252143723 0.005000001056988781 -6.986355542039124e-05
      vertex 0.019072425170112473 0.004999998359590475 -3.899183182313193e-05
      vertex 0.018954810424018725 0.004999998359590477 -5.8779945786390456e-05
    endloop
  endfacet
  facet normal 0.0 0.0 0.0
    outer loop
      vertex 0.019072425170112473 0.004999998359590475 -3.899183182313193e-05
      vertex 0.019070838256049973 0.00500000105698878 -2.9391791256714318e-05
      vertex 0.018954810424018725 0.004999998359590477 -5.8779945786390456e-05
    endloop
  endfacet
  facet normal 0.0 0.0 0.0
    outer loop
      vertex 0.018954810424018725 0.004999998359590477 -5.8779945786390456e-05
      vertex 0.019070838256049973 0.00500000105698878 -2.9391791256714318e-05
      vertex 0.018952124877143723 0.005000001056988781 -4.7674756965951914e-05
    endloop
  endfacet
  facet normal 0.0 0.0 0.0
    outer loop
      vertex 0.01934488610761247 0.005000001056988775 -0.0003909834287979868
      vertex 0.019379859252143722 0.0049999983595904705 -0.0003336448330350383
      vertex 0.019350196166206222 0.0049999983595904705 -0.0003195482294946901
    endloop
  endfacet
  facet normal 0.0 0.0 0.0
    outer loop
      vertex 0.018952124877143723 0.005000001056988781 -4.7674756965951914e-05
      vertex 0.019069617552924974 0.00500000105698878 -1.9012202580240167e-05
      vertex 0.018950049681831223 0.004999998359590477 -3.654798895907607e-05
    endloop
  endfacet
  facet normal 0.0 0.0 0.0
    outer loop
      vertex 0.018950049681831223 0.004999998359590477 -3.654798895907607e-05
      vertex 0.019069617552924974 0.00500000105698878 -1.9012202580240167e-05
      vertex 0.018948523802924975 0.005000001056988781 -2.540503656237192e-05
    endloop
  endfacet
  facet normal 0.0 0.0 0.0
    outer loop
      vertex 0.019070838256049973 0.00500000105698878 -2.9391791256714318e-05
      vertex 0.019069617552924974 0.00500000105698878 -1.9012202580240167e-05
      vertex 0.018952124877143723 0.005000001056988781 -4.7674756965951914e-05
    endloop
  endfacet
  facet normal 0.0 0.0 0.0
    outer loop
      vertex 0.018948523802924975 0.005000001056988781 -2.540503656237192e-05
      vertex 0.019068885131049974 0.004999998359590475 -8.753996827476573e-06
      vertex 0.018947486205268725 0.005000001056988781 -1.425399197075361e-05
    endloop
  endfacet
  facet normal 0.0 0.0 0.0
    outer loop
      vertex 0.018947486205268725 0.005000001056988781 -1.425399197075361e-05
      vertex 0.019068885131049974 0.004999998359590475 -8.753996827476573e-06
      vertex 0.018947058959174975 0.005000001056988781 -3.0975525825258642e-06
    endloop
  endfacet
  facet normal 0.0 0.0 0.0
    outer loop
      vertex 0.019069617552924974 0.00500000105698878 -1.9012202580240167e-05
      vertex 0.019068885131049974 0.004999998359590475 -8.753996827476573e-06
      vertex 0.018948523802924975 0.005000001056988781 -2.540503656237192e-05
    endloop
  endfacet
  facet normal 0.0 0.0 0.0
    outer loop
      vertex 0.01941562585370622 0.0050000010569887735 -0.00041771464599753603
      vertex 0.01941074304120622 0.00499999835959047 -0.0003472774840669781
      vertex 0.01934488610761247 0.005000001056988775 -0.0003909834287979868
    endloop
  endfacet
  facet normal 0.0 0.0 0.0
    outer loop
      vertex 0.01934488610761247 0.005000001056988775 -0.0003909834287979868
      vertex 0.01941074304120622 0.00499999835959047 -0.0003472774840669781
      vertex 0.019379859252143722 0.0049999983595904705 -0.0003336448330350383
    endloop
  endfacet
  facet normal 0.0 0.0 0.0
    outer loop
      vertex 0.018947058959174975 0.005000001056988781 -3.0975525825258642e-06
      vertex 0.019068702025581225 0.00500000105698878 1.5096037218964575e-06
      vertex 0.018947181029487475 0.005000001056988781 8.064281602311318e-06
    endloop
  endfacet
  facet normal 0.0 0.0 0.0
    outer loop
      vertex 0.019068885131049974 0.004999998359590475 -8.753996827476573e-06
      vertex 0.019068702025581225 0.00500000105698878 1.5096037218964575e-06
      vertex 0.018947058959174975 0.005000001056988781 -3.0975525825258642e-06
    endloop
  endfacet
  facet normal 0.0 0.0 0.0
    outer loop
      vertex 0.018947181029487475 0.005000001056988781 8.064281602311318e-06
      vertex 0.019068946166206226 0.00500000105698878 1.090733941546196e-05
      vertex 0.018947852416206223 0.005000001056988781 1.9220720990539063e-05
    endloop
  endfacet
  facet normal 0.0 0.0 0.0
    outer loop
      vertex 0.018947852416206223 0.005000001056988781 1.9220720990539063e-05
      vertex 0.019068946166206226 0.00500000105698878 1.090733941546196e-05
      vertex 0.01894901208417497 0.004999998359590477 3.0369068183852654e-05
    endloop
  endfacet
  facet normal 0.0 0.0 0.0
    outer loop
      vertex 0.019068702025581225 0.00500000105698878 1.5096037218964575e-06
      vertex 0.019068946166206226 0.00500000105698878 1.090733941546196e-05
      vertex 0.018947181029487475 0.005000001056988781 8.064281602311318e-06
    endloop
  endfacet
  facet normal 0.0 0.0 0.0
    outer loop
      vertex 0.01949948815839372 0.0050000010569887735 -0.00044488284172244664
      vertex 0.01945383386151872 0.0050000010569887735 -0.00036469997971701716
      vertex 0.01941562585370622 0.0050000010569887735 -0.00041771464599753603
    endloop
  endfacet
  facet normal 0.0 0.0 0.0
    outer loop
      vertex 0.01941562585370622 0.0050000010569887735 -0.00041771464599753603
      vertex 0.01945383386151872 0.0050000010569887735 -0.00036469997971701716
      vertex 0.01941074304120622 0.00499999835959047 -0.0003472774840669781
    endloop
  endfacet
  facet normal 0.0 0.0 0.0
    outer loop
      vertex 0.01894901208417497 0.004999998359590477 3.0369068183852654e-05
      vertex 0.019069739623237474 0.004999998359590475 2.12140983377096e-05
      vertex 0.01895078210370622 0.004999998359590477 4.150392838564265e-05
    endloop
  endfacet
  facet normal 0.0 0.0 0.0
    outer loop
      vertex 0.019068946166206226 0.00500000105698878 1.090733941546196e-05
      vertex 0.019069739623237474 0.004999998359590475 2.12140983377096e-05
      vertex 0.01894901208417497 0.004999998359590477 3.0369068183852654e-05
    endloop
  endfacet
  facet normal 0.0 0.0 0.0
    outer loop
      vertex 0.01895078210370622 0.004999998359590477 4.150392838564265e-05
      vertex 0.01907102136151872 0.004999998359590475 3.151276506504397e-05
      vertex 0.01895310143964372 0.005000001056988781 5.262530159590906e-05
    endloop
  endfacet
  facet normal 0.0 0.0 0.0
    outer loop
      vertex 0.01895310143964372 0.005000001056988781 5.262530159590906e-05
      vertex 0.01907102136151872 0.004999998359590475 3.151276506504397e-05
      vertex 0.018955970091987472 0.005000001056988781 6.372239822143388e-05
    endloop
  endfacet
  facet normal 0.0 0.0 0.0
    outer loop
      vertex 0.019069739623237474 0.004999998359590475 2.12140983377096e-05
      vertex 0.01907102136151872 0.004999998359590475 3.151276506504397e-05
      vertex 0.01895078210370622 0.004999998359590477 4.150392838564265e-05
    endloop
  endfacet
  facet normal 0.0 0.0 0.0
    outer loop
      vertex 0.018955970091987472 0.005000001056988781 6.372239822143388e-05
      vertex 0.01907273034589372 0.00500000105698878 4.106425246197665e-05
      vertex 0.01895932702558122 0.005000001056988781 7.479252086391108e-05
    endloop
  endfacet
  facet normal 0.0 0.0 0.0
    outer loop
      vertex 0.01907102136151872 0.004999998359590475 3.151276506504397e-05
      vertex 0.01907273034589372 0.00500000105698878 4.106425246197665e-05
      vertex 0.018955970091987472 0.005000001056988781 6.372239822143388e-05
    endloop
  endfacet
  facet normal 0.0 0.0 0.0
    outer loop
      vertex 0.01949948815839372 0.0050000010569887735 -0.00044488284172244664
      vertex 0.01950473718183122 0.004999998359590469 -0.00038322301387537337
      vertex 0.01945383386151872 0.0050000010569887735 -0.00036469997971701716
    endloop
  endfacet
  facet normal 0.0 0.0 0.0
    outer loop
      vertex 0.01895932702558122 0.005000001056988781 7.479252086391108e-05
      vertex 0.019075110716987472 0.00500000105698878 5.165963300282739e-05
      vertex 0.01896329431073747 0.0050000010569887805 8.583566952334155e-05
    endloop
  endfacet
  facet normal 0.0 0.0 0.0
    outer loop
      vertex 0.01896329431073747 0.0050000010569887805 8.583566952334155e-05
      vertex 0.019075110716987472 0.00500000105698878 5.165963300282739e-05
      vertex 0.01896781091229997 0.0050000010569887805 9.684105460650639e-05
    endloop
  endfacet
  facet normal 0.0 0.0 0.0
    outer loop
      vertex 0.01907273034589372 0.00500000105698878 4.106425246197665e-05
      vertex 0.019075110716987472 0.00500000105698878 5.165963300282739e-05
      vertex 0.01895932702558122 0.005000001056988781 7.479252086391108e-05
    endloop
  endfacet
  facet normal 0.0 0.0 0.0
    outer loop
      vertex 0.01896781091229997 0.0050000010569887805 9.684105460650639e-05
      vertex 0.019078040404487472 0.004999998359590475 6.223073695893567e-05
      vertex 0.01897281579511247 0.004999998359590476 0.00010780597871510045
    endloop
  endfacet
  facet normal 0.0 0.0 0.0
    outer loop
      vertex 0.019075110716987472 0.00500000105698878 5.165963300282739e-05
      vertex 0.019078040404487472 0.004999998359590475 6.223073695893567e-05
      vertex 0.01896781091229997 0.0050000010569887805 9.684105460650639e-05
    endloop
  endfacet
  facet normal 0.0 0.0 0.0
    outer loop
      vertex 0.01897281579511247 0.004999998359590476 0.00010780597871510045
      vertex 0.01908151940839372 0.00500000105698878 7.27748669319972e-05
      vertex 0.01897836999433122 0.0050000010569887805 0.00011872774445081946
    endloop
  endfacet
  facet normal 0.0 0.0 0.0
    outer loop
      vertex 0.01897836999433122 0.0050000010569887805 0.00011872774445081946
      vertex 0.01908151940839372 0.00500000105698878 7.27748669319972e-05
      vertex 0.01898453454511247 0.004999998359590476 0.000129600957017054
    endloop
  endfacet
  facet normal 0.0 0.0 0.0
    outer loop
      vertex 0.019078040404487472 0.004999998359590475 6.223073695893567e-05
      vertex 0.01908151940839372 0.00500000105698878 7.27748669319972e-05
      vertex 0.01897281579511247 0.004999998359590476 0.00010780597871510045
    endloop
  endfacet
  facet normal 0.0 0.0 0.0
    outer loop
      vertex 0.01949948815839372 0.0050000010569887735 -0.00044488284172244664
      vertex 0.01955814294354997 0.004999998359590468 -0.0004005457057881392
      vertex 0.01950473718183122 0.004999998359590469 -0.00038322301387537337
    endloop
  endfacet
  facet normal 0.0 0.0 0.0
    outer loop
      vertex 0.01959854821698747 0.004999998359590467 -0.0004717354418457083
      vertex 0.01955814294354997 0.004999998359590468 -0.0004005457057881392
      vertex 0.01949948815839372 0.0050000010569887735 -0.00044488284172244664
    endloop
  endfacet
  facet normal 0.0 0.0 0.0
    outer loop
      vertex 0.01908151940839372 0.00500000105698878 7.27748669319972e-05
      vertex 0.01908554772870622 0.00500000105698878 8.328393072709738e-05
      vertex 0.01898453454511247 0.004999998359590476 0.000129600957017054
    endloop
  endfacet
  facet normal 0.0 0.0 0.0
    outer loop
      vertex 0.01898453454511247 0.004999998359590476 0.000129600957017054
      vertex 0.01908554772870622 0.00500000105698878 8.328393072709738e-05
      vertex 0.018991187377143722 0.0050000010569887805 0.00014042022161719458
    endloop
  endfacet
  facet normal 0.0 0.0 0.0
    outer loop
      vertex 0.01908554772870622 0.00500000105698878 8.328393072709738e-05
      vertex 0.019090064330268722 0.004999998359590475 9.375792834423668e-05
      vertex 0.018991187377143722 0.0050000010569887805 0.00014042022161719458
    endloop
  endfacet
  facet normal 0.0 0.0 0.0
    outer loop
      vertex 0.018991187377143722 0.0050000010569887805 0.00014042022161719458
      vertex 0.019090064330268722 0.004999998359590475 9.375792834423668e-05
      vertex 0.01899832849042497 0.0050000010569887805 0.00015118284085293608
    endloop
  endfacet
  facet normal 0.0 0.0 0.0
    outer loop
      vertex 0.01959854821698747 0.004999998359590467 -0.0004717354418457083
      vertex 0.01961374597089372 0.005000001056988772 -0.0004166141074892202
      vertex 0.01955814294354997 0.004999998359590468 -0.0004005457057881392
    endloop
  endfacet
  facet normal 0.0 0.0 0.0
    outer loop
      vertex 0.019090064330268722 0.004999998359590475 9.375792834423668e-05
      vertex 0.01909519128339372 0.00500000105698878 0.00010418876758850093
      vertex 0.01899832849042497 0.0050000010569887805 0.00015118284085293608
    endloop
  endfacet
  facet normal 0.0 0.0 0.0
    outer loop
      vertex 0.01899832849042497 0.0050000010569887805 0.00015118284085293608
      vertex 0.01909519128339372 0.00500000105698878 0.00010418876758850093
      vertex 0.01900607995526872 0.004999998359590476 0.00016188341992766996
    endloop
  endfacet
  facet normal 0.0 0.0 0.0
    outer loop
      vertex 0.01900607995526872 0.004999998359590476 0.00016188341992766996
      vertex 0.01909519128339372 0.00500000105698878 0.00010418876758850093
      vertex 0.01901425866620622 0.004999998359590475 0.00017251656404478676
    endloop
  endfacet
  facet normal 0.0 0.0 0.0
    outer loop
      vertex 0.01901425866620622 0.004999998359590475 0.00017251656404478676
      vertex 0.01910147790448747 0.004999998359590475 0.00011572554013769088
      vertex 0.01902304772870622 0.004999998359590475 0.00018307957580598045
    endloop
  endfacet
  facet normal 0.0 0.0 0.0
    outer loop
      vertex 0.01909519128339372 0.00500000105698878 0.00010418876758850093
      vertex 0.01910147790448747 0.004999998359590475 0.00011572554013769088
      vertex 0.01901425866620622 0.004999998359590475 0.00017251656404478676
    endloop
  endfacet
  facet normal 0.0 0.0 0.0
    outer loop
      vertex 0.01902304772870622 0.004999998359590475 0.00018307957580598045
      vertex 0.019109290404487472 0.005000001056988778 0.00012846535233077593
      vertex 0.01903232507245622 0.004999998359590475 0.00019356706041464333
    endloop
  endfacet
  facet normal 0.0 0.0 0.0
    outer loop
      vertex 0.01910147790448747 0.004999998359590475 0.00011572554013769088
      vertex 0.019109290404487472 0.005000001056988778 0.00012846535233077593
      vertex 0.01902304772870622 0.004999998359590475 0.00018307957580598045
    endloop
  endfacet
  facet normal 0.0 0.0 0.0
    outer loop
      vertex 0.019702918334174972 0.00500000105698877 -0.0004948764219017056
      vertex 0.01967148522870622 0.004999998359590466 -0.0004313823632074376
      vertex 0.01959854821698747 0.004999998359590467 -0.0004717354418457083
    endloop
  endfacet
  facet normal 0.0 0.0 0.0
    outer loop
      vertex 0.01959854821698747 0.004999998359590467 -0.0004717354418457083
      vertex 0.01967148522870622 0.004999998359590466 -0.0004313823632074376
      vertex 0.01961374597089372 0.005000001056988772 -0.0004166141074892202
    endloop
  endfacet
  facet normal 0.0 0.0 0.0
    outer loop
      vertex 0.01903232507245622 0.004999998359590475 0.00019356706041464333
      vertex 0.01911789636151872 0.005000001056988778 0.00014111615037980618
      vertex 0.01904215173261247 0.00500000105698878 0.00020397632047246982
    endloop
  endfacet
  facet normal 0.0 0.0 0.0
    outer loop
      vertex 0.019109290404487472 0.005000001056988778 0.00012846535233077593
      vertex 0.01911789636151872 0.005000001056988778 0.00014111615037980618
      vertex 0.01903232507245622 0.004999998359590475 0.00019356706041464333
    endloop
  endfacet
  facet normal 0.0 0.0 0.0
    outer loop
      vertex 0.01911789636151872 0.005000001056988778 0.00014111615037980618
      vertex 0.01905240563886247 0.004999998359590475 0.00021429926378454622
      vertex 0.01904215173261247 0.00500000105698878 0.00020397632047246982
    endloop
  endfacet
  facet normal 0.0 0.0 0.0
    outer loop
      vertex 0.01911789636151872 0.005000001056988778 0.00014111615037980618
      vertex 0.01912729577558122 0.004999998359590475 0.00015367253948817127
      vertex 0.01905240563886247 0.004999998359590475 0.00021429926378454622
    endloop
  endfacet
  facet normal 0.0 0.0 0.0
    outer loop
      vertex 0.019702918334174972 0.00500000105698877 -0.0004948764219017056
      vertex 0.01973111657636247 0.00500000105698877 -0.0004448019197733069
      vertex 0.01967148522870622 0.004999998359590466 -0.0004313823632074376
    endloop
  endfacet
  facet normal 0.0 0.0 0.0
    outer loop
      vertex 0.01912729577558122 0.004999998359590475 0.00015367253948817127
      vertex 0.01906326989667497 0.00500000105698878 0.00022453589035087207
      vertex 0.01905240563886247 0.004999998359590475 0.00021429926378454622
    endloop
  endfacet
  facet normal 0.0 0.0 0.0
    outer loop
      vertex 0.01912729577558122 0.004999998359590475 0.00015367253948817127
      vertex 0.019138648314643722 0.005000001056988777 0.0001674967057997443
      vertex 0.01906326989667497 0.00500000105698878 0.00022453589035087207
    endloop
  endfacet
  facet normal 0.0 0.0 0.0
    outer loop
      vertex 0.019138648314643722 0.005000001056988777 0.0001674967057997443
      vertex 0.01907846765058122 0.00500000105698878 0.00023803906626418625
      vertex 0.01906326989667497 0.00500000105698878 0.00022453589035087207
    endloop
  endfacet
  facet normal 0.0 0.0 0.0
    outer loop
      vertex 0.019138648314643722 0.005000001056988777 0.0001674967057997443
      vertex 0.019152442259956222 0.004999998359590472 0.00018269115045010408
      vertex 0.01907846765058122 0.00500000105698878 0.00023803906626418625
    endloop
  endfacet
  facet normal 0.0 0.0 0.0
    outer loop
      vertex 0.019152442259956222 0.004999998359590472 0.00018269115045010408
      vertex 0.01909659509198747 0.004999998359590473 0.00025302311384677934
      vertex 0.01907846765058122 0.00500000105698878 0.00023803906626418625
    endloop
  endfacet
  facet normal 0.0 0.0 0.0
    outer loop
      vertex 0.01982431725995622 0.005000001056988768 -0.0005160186298139226
      vertex 0.01981333093183122 0.005000001056988768 -0.0004605223570930819
      vertex 0.019702918334174972 0.00500000105698877 -0.0004948764219017056
    endloop
  endfacet
  facet normal 0.0 0.0 0.0
    outer loop
      vertex 0.019702918334174972 0.00500000105698877 -0.0004948764219017056
      vertex 0.01981333093183122 0.005000001056988768 -0.0004605223570930819
      vertex 0.01973111657636247 0.00500000105698877 -0.0004448019197733069
    endloop
  endfacet
  facet normal 0.0 0.0 0.0
    outer loop
      vertex 0.019152442259956222 0.004999998359590472 0.00018269115045010408
      vertex 0.01916745690839372 0.004999998359590472 0.00019769407982082976
      vertex 0.01909659509198747 0.004999998359590473 0.00025302311384677934
    endloop
  endfacet
  facet normal 0.0 0.0 0.0
    outer loop
      vertex 0.01916745690839372 0.004999998359590472 0.00019769407982082976
      vertex 0.019115882201362476 0.004999998359590473 0.0002677724877768637
      vertex 0.01909659509198747 0.004999998359590473 0.00025302311384677934
    endloop
  endfacet
  facet normal 0.0 0.0 0.0
    outer loop
      vertex 0.01916745690839372 0.004999998359590472 0.00019769407982082976
      vertex 0.01918546227948747 0.005000001056988777 0.0002141185380981314
      vertex 0.019115882201362476 0.004999998359590473 0.0002677724877768637
    endloop
  endfacet
  facet normal 0.0 0.0 0.0
    outer loop
      vertex 0.01918546227948747 0.005000001056988777 0.0002141185380981314
      vertex 0.019136206908393724 0.004999998359590473 0.0002822737010629157
      vertex 0.019115882201362476 0.004999998359590473 0.0002677724877768637
    endloop
  endfacet
  facet normal 0.0 0.0 0.0
    outer loop
      vertex 0.01996433190839372 0.0050000010569887674 -0.0005336218511503769
      vertex 0.019908911986518722 0.004999998359590463 -0.0004751449533028458
      vertex 0.01982431725995622 0.005000001056988768 -0.0005160186298139226
    endloop
  endfacet
  facet normal 0.0 0.0 0.0
    outer loop
      vertex 0.01982431725995622 0.005000001056988768 -0.0005160186298139226
      vertex 0.019908911986518722 0.004999998359590463 -0.0004751449533028458
      vertex 0.01981333093183122 0.005000001056988768 -0.0004605223570930819
    endloop
  endfacet
  facet normal 0.0 0.0 0.0
    outer loop
      vertex 0.01918546227948747 0.005000001056988777 0.0002141185380981314
      vertex 0.019157569213081226 0.005000001056988777 0.00029651326671341273
      vertex 0.019136206908393724 0.004999998359590473 0.0002822737010629157
    endloop
  endfacet
  facet normal 0.0 0.0 0.0
    outer loop
      vertex 0.01920712975995622 0.004999998359590472 0.00023204274983284367
      vertex 0.019157569213081226 0.005000001056988777 0.00029651326671341273
      vertex 0.01918546227948747 0.005000001056988777 0.0002141185380981314
    endloop
  endfacet
  facet normal 0.0 0.0 0.0
    outer loop
      vertex 0.01920712975995622 0.004999998359590472 0.00023204274983284367
      vertex 0.019180030150581225 0.005000001056988777 0.0003104803951351349
      vertex 0.019157569213081226 0.005000001056988777 0.00029651326671341273
    endloop
  endfacet
  facet normal 0.0 0.0 0.0
    outer loop
      vertex 0.01923056725995622 0.005000001056988777 0.00024959472060150876
      vertex 0.019180030150581225 0.005000001056988777 0.0003104803951351349
      vertex 0.01920712975995622 0.004999998359590472 0.00023204274983284367
    endloop
  endfacet
  facet normal 0.0 0.0 0.0
    outer loop
      vertex 0.01996433190839372 0.0050000010569887674 -0.0005336218511503769
      vertex 0.02000711755292497 0.004999998359590462 -0.0004864254730130897
      vertex 0.019908911986518722 0.004999998359590463 -0.0004751449533028458
    endloop
  endfacet
  facet normal 0.0 0.0 0.0
    outer loop
      vertex 0.01923056725995622 0.005000001056988777 0.00024959472060150876
      vertex 0.019203528685737475 0.004999998359590472 0.000324158901938254
      vertex 0.019180030150581225 0.005000001056988777 0.0003104803951351349
    endloop
  endfacet
  facet normal 0.0 0.0 0.0
    outer loop
      vertex 0.019258582396674974 0.005000001056988776 0.00026862756303945237
      vertex 0.019203528685737475 0.004999998359590472 0.000324158901938254
      vertex 0.01923056725995622 0.005000001056988777 0.00024959472060150876
    endloop
  endfacet
  facet normal 0.0 0.0 0.0
    outer loop
      vertex 0.02010825280683122 0.005000001056988765 -0.0005448322385046996
      vertex 0.02006540612714372 0.004999998359590462 -0.0004914372390632181
      vertex 0.01996433190839372 0.0050000010569887674 -0.0005336218511503769
    endloop
  endfacet
  facet normal 0.0 0.0 0.0
    outer loop
      vertex 0.01996433190839372 0.0050000010569887674 -0.0005336218511503769
      vertex 0.02006540612714372 0.004999998359590462 -0.0004914372390632181
      vertex 0.02000711755292497 0.004999998359590462 -0.0004864254730130897
    endloop
  endfacet
  facet normal 0.0 0.0 0.0
    outer loop
      vertex 0.019258582396674974 0.005000001056988776 0.00026862756303945237
      vertex 0.019236365599799975 0.005000001056988776 0.0003419266645712944
      vertex 0.019203528685737475 0.004999998359590472 0.000324158901938254
    endloop
  endfacet
  facet normal 0.0 0.0 0.0
    outer loop
      vertex 0.019258582396674974 0.005000001056988776 0.00026862756303945237
      vertex 0.019292090697456223 0.005000001056988776 0.0002891493693415885
      vertex 0.019236365599799975 0.005000001056988776 0.0003419266645712944
    endloop
  endfacet
  facet normal 0.0 0.0 0.0
    outer loop
      vertex 0.02010825280683122 0.005000001056988765 -0.0005448322385046996
      vertex 0.020124305052924972 0.005000001056988765 -0.0004952702420541928
      vertex 0.02006540612714372 0.004999998359590462 -0.0004914372390632181
    endloop
  endfacet
  facet normal 0.0 0.0 0.0
    outer loop
      vertex 0.019292090697456223 0.005000001056988776 0.0002891493693415885
      vertex 0.019275367064643726 0.005000001056988775 0.0003612454312295359
      vertex 0.019236365599799975 0.005000001056988776 0.0003419266645712944
    endloop
  endfacet
  facet normal 0.0 0.0 0.0
    outer loop
      vertex 0.019292090697456223 0.005000001056988776 0.0002891493693415885
      vertex 0.019332190795112475 0.005000001056988775 0.0003111223759316522
      vertex 0.019275367064643726 0.005000001056988775 0.0003612454312295359
    endloop
  endfacet
  facet normal 0.0 0.0 0.0
    outer loop
      vertex 0.019332190795112475 0.005000001056988775 0.0003111223759316522
      vertex 0.019316504759956225 0.005000001056988775 0.000379808926362462
      vertex 0.019275367064643726 0.005000001056988775 0.0003612454312295359
    endloop
  endfacet
  facet normal 0.0 0.0 0.0
    outer loop
      vertex 0.019332190795112475 0.005000001056988775 0.0003111223759316522
      vertex 0.019380042357612474 0.005000001056988774 0.00033443329208084505
      vertex 0.019316504759956225 0.005000001056988775 0.000379808926362462
    endloop
  endfacet
  facet normal 0.0 0.0 0.0
    outer loop
      vertex 0.019380042357612474 0.005000001056988774 0.00033443329208084505
      vertex 0.019359656615424974 0.005000001056988775 0.00039758478119041653
      vertex 0.019316504759956225 0.005000001056988775 0.000379808926362462
    endloop
  endfacet
  facet normal 0.0 0.0 0.0
    outer loop
      vertex 0.019380042357612474 0.005000001056988774 0.00033443329208084505
      vertex 0.019404700560737474 0.0050000010569887735 0.0004145298373405244
      vertex 0.019359656615424974 0.005000001056988775 0.00039758478119041653
    endloop
  endfacet
  facet normal 0.0 0.0 0.0
    outer loop
      vertex 0.019437232299018725 0.004999998359590469 0.0003588744181197066
      vertex 0.019404700560737474 0.0050000010569887735 0.0004145298373405244
      vertex 0.019380042357612474 0.005000001056988774 0.00033443329208084505
    endloop
  endfacet
  facet normal 0.0 0.0 0.0
    outer loop
      vertex 0.019437232299018725 0.004999998359590469 0.0003588744181197066
      vertex 0.019451636595893725 0.004999998359590469 0.00043061442343143375
      vertex 0.019404700560737474 0.0050000010569887735 0.0004145298373405244
    endloop
  endfacet
  facet normal 0.0 0.0 0.0
    outer loop
      vertex 0.019437232299018725 0.004999998359590469 0.0003588744181197066
      vertex 0.019505286498237476 0.0050000010569887735 0.0003840923948703208
      vertex 0.019451636595893725 0.004999998359590469 0.00043061442343143375
    endloop
  endfacet
  facet normal 0.0 0.0 0.0
    outer loop
      vertex 0.019505286498237476 0.0050000010569887735 0.0003840923948703208
      vertex 0.019516822142768724 0.005000001056988773 0.0004506587902336388
      vertex 0.019451636595893725 0.004999998359590469 0.00043061442343143375
    endloop
  endfacet
  facet normal 0.0 0.0 0.0
    outer loop
      vertex 0.019505286498237476 0.0050000010569887735 0.0003840923948703208
      vertex 0.019577796263862475 0.004999998359590467 0.0004071308737907393
      vertex 0.019516822142768724 0.005000001056988773 0.0004506587902336388
    endloop
  endfacet
  facet normal 0.0 0.0 0.0
    outer loop
      vertex 0.019577796263862475 0.004999998359590467 0.0004071308737907393
      vertex 0.019593604369331226 0.004999998359590467 0.0004712102679171264
      vertex 0.019516822142768724 0.005000001056988773 0.0004506587902336388
    endloop
  endfacet
  facet normal 0.0 0.0 0.0
    outer loop
      vertex 0.019577796263862475 0.004999998359590467 0.0004071308737907393
      vertex 0.019663001341987476 0.005000001056988771 0.0004300182984060954
      vertex 0.019593604369331226 0.004999998359590467 0.0004712102679171264
    endloop
  endfacet
  facet normal 0.0 0.0 0.0
    outer loop
      vertex 0.019663001341987476 0.005000001056988771 0.0004300182984060954
      vertex 0.019673621459174975 0.00500000105698877 0.0004895552737873725
      vertex 0.019593604369331226 0.004999998359590467 0.0004712102679171264
    endloop
  endfacet
  facet normal 0.0 0.0 0.0
    outer loop
      vertex 0.019663001341987476 0.005000001056988771 0.0004300182984060954
      vertex 0.019762793822456225 0.004999998359590465 0.0004519130804453222
      vertex 0.019673621459174975 0.00500000105698877 0.0004895552737873725
    endloop
  endfacet
  facet normal 0.0 0.0 0.0
    outer loop
      vertex 0.019762793822456225 0.004999998359590465 0.0004519130804453222
      vertex 0.019756507201362475 0.004999998359590465 0.0005056074910986248
      vertex 0.019673621459174975 0.00500000105698877 0.0004895552737873725
    endloop
  endfacet
  facet normal 0.0 0.0 0.0
    outer loop
      vertex 0.019762793822456225 0.004999998359590465 0.0004519130804453222
      vertex 0.019841834349799973 0.005000001056988768 0.0005192913926983543
      vertex 0.019756507201362475 0.004999998359590465 0.0005056074910986248
    endloop
  endfacet
  facet normal 0.0 0.0 0.0
    outer loop
      vertex 0.019867102904487476 0.005000001056988768 0.00046990202973934723
      vertex 0.019841834349799973 0.005000001056988768 0.0005192913926983543
      vertex 0.019762793822456225 0.004999998359590465 0.0004519130804453222
    endloop
  endfacet
  facet normal 0.0 0.0 0.0
    outer loop
      vertex 0.019867102904487476 0.005000001056988768 0.00046990202973934723
      vertex 0.019929236693549974 0.004999998359590463 0.0005305422410272457
      vertex 0.019841834349799973 0.005000001056988768 0.0005192913926983543
    endloop
  endfacet
  facet normal 0.0 0.0 0.0
    outer loop
      vertex 0.019867102904487476 0.005000001056988768 0.00046990202973934723
      vertex 0.019987220091987473 0.005000001056988767 0.0004851207509744491
      vertex 0.019929236693549974 0.004999998359590463 0.0005305422410272457
    endloop
  endfacet
  facet normal 0.0 0.0 0.0
    outer loop
      vertex 0.019987220091987473 0.005000001056988767 0.0004851207509744491
      vertex 0.020018103881049975 0.004999998359590462 0.0005392872063310738
      vertex 0.019929236693549974 0.004999998359590463 0.0005305422410272457
    endloop
  endfacet
  facet normal 0.0 0.0 0.0
    outer loop
      vertex 0.019987220091987473 0.005000001056988767 0.0004851207509744491
      vertex 0.020124305052924975 0.005000001056988765 0.0004959588973627222
      vertex 0.020018103881049975 0.004999998359590462 0.0005392872063310738
    endloop
  endfacet
  facet normal 0.0 0.0 0.0
    outer loop
      vertex 0.020124305052924975 0.005000001056988765 0.0004959588973627222
      vertex 0.020108252806831223 0.005000001056988765 0.000545520893813229
      vertex 0.020018103881049975 0.004999998359590462 0.0005392872063310738
    endloop
  endfacet
  facet normal 0.0 0.0 0.0
    outer loop
      vertex 0.02010825280683122 0.005000001056988765 -0.0005448322385046996
      vertex 0.0683368905021437 0.00500000105698813 -0.003188055995650506
      vertex 0.020124305052924972 0.005000001056988765 -0.0004952702420541928
    endloop
  endfacet
  facet normal 0.0 0.0 0.0
    outer loop
      vertex 0.020124305052924975 0.005000001056988765 0.0004959588973627222
      vertex 0.06833689050214371 0.005000001056988129 0.00318874465095878
      vertex 0.020108252806831223 0.005000001056988765 0.000545520893813229
    endloop
  endfacet
  facet normal 0.0 0.0 0.0
    outer loop
      vertex 0.06835294274823746 0.005000001056988131 -0.0031384939991999992
      vertex 0.020124305052924972 0.005000001056988765 -0.0004952702420541928
      vertex 0.0683368905021437 0.00500000105698813 -0.003188055995650506
    endloop
  endfacet
  facet normal 0.0 0.0 0.0
    outer loop
      vertex 0.020124305052924975 0.005000001056988765 0.0004959588973627222
      vertex 0.06835294274823747 0.005000001056988129 0.0031391826545082734
      vertex 0.06833689050214371 0.005000001056988129 0.00318874465095878
    endloop
  endfacet
  facet normal 0.0 0.0 0.0
    outer loop
      vertex 0.020018103881049975 0.004999998359590462 0.0005392872063310738
      vertex 0.27514853600995764 0.12000000102759922 0.0005455208938125793
      vertex 0.2750046761466764 0.119999990238006 0.0005343105064582616
    endloop
  endfacet
  facet normal 0.0 0.0 0.0
    outer loop
      vertex 0.020018103881049975 0.004999998359590462 0.0005392872063310738
      vertex 0.020108252806831223 0.005000001056988765 0.000545520893813229
      vertex 0.27514853600995764 0.12000000102759922 0.0005455208938125793
    endloop
  endfacet
  facet normal 0.0 0.0 0.0
    outer loop
      vertex 0.019929236693549974 0.004999998359590463 0.0005305422410272457
      vertex 0.2750046761466764 0.119999990238006 0.0005343105064582616
      vertex 0.2748646614982389 0.12000000102759922 0.0005167126799184131
    endloop
  endfacet
  facet normal 0.0 0.0 0.0
    outer loop
      vertex 0.019929236693549974 0.004999998359590463 0.0005305422410272457
      vertex 0.020018103881049975 0.004999998359590462 0.0005392872063310738
      vertex 0.2750046761466764 0.119999990238006 0.0005343105064582616
    endloop
  endfacet
  facet normal 0.0 0.0 0.0
    outer loop
      vertex 0.019841834349799973 0.005000001056988768 0.0005192913926983543
      vertex 0.019929236693549974 0.004999998359590463 0.0005305422410272457
      vertex 0.2748646614982389 0.12000000102759922 0.0005167126799184131
    endloop
  endfacet
  facet normal 0.0 0.0 0.0
    outer loop
      vertex 0.019756507201362475 0.004999998359590465 0.0005056074910986248
      vertex 0.2748646614982389 0.12000000102759922 0.0005167126799184131
      vertex 0.2747432625724576 0.12000000102759924 0.0004955650772095979
    endloop
  endfacet
  facet normal 0.0 0.0 0.0
    outer loop
      vertex 0.019756507201362475 0.004999998359590465 0.0005056074910986248
      vertex 0.019841834349799973 0.005000001056988768 0.0005192913926983543
      vertex 0.2748646614982389 0.12000000102759922 0.0005167126799184131
    endloop
  endfacet
  facet normal 0.0 0.0 0.0
    outer loop
      vertex 0.019673621459174975 0.00500000105698877 0.0004895552737873725
      vertex 0.2747432625724576 0.12000000102759924 0.0004955650772095979
      vertex 0.2746388314201139 0.12000000102759924 0.00047243218934851685
    endloop
  endfacet
  facet normal 0.0 0.0 0.0
    outer loop
      vertex 0.019673621459174975 0.00500000105698877 0.0004895552737873725
      vertex 0.019756507201362475 0.004999998359590465 0.0005056074910986248
      vertex 0.2747432625724576 0.12000000102759924 0.0004955650772095979
    endloop
  endfacet
  facet normal 0.0 0.0 0.0
    outer loop
      vertex 0.019593604369331226 0.004999998359590467 0.0004712102679171264
      vertex 0.019673621459174975 0.00500000105698877 0.0004895552737873725
      vertex 0.2746388314201139 0.12000000102759924 0.00047243218934851685
    endloop
  endfacet
  facet normal 0.0 0.0 0.0
    outer loop
      vertex 0.019516822142768724 0.005000001056988773 0.0004506587902336388
      vertex 0.2746388314201139 0.12000000102759924 0.00047243218934851685
      vertex 0.2745398323966764 0.12000000102759924 0.00044556610223373384
    endloop
  endfacet
  facet normal 0.0 0.0 0.0
    outer loop
      vertex 0.019516822142768724 0.005000001056988773 0.0004506587902336388
      vertex 0.019593604369331226 0.004999998359590467 0.0004712102679171264
      vertex 0.2746388314201139 0.12000000102759924 0.00047243218934851685
    endloop
  endfacet
  facet normal 0.0 0.0 0.0
    outer loop
      vertex 0.019451636595893725 0.004999998359590469 0.00043061442343143375
      vertex 0.2745398323966764 0.12000000102759924 0.00044556610223373384
      vertex 0.2744559700919889 0.12000000102759924 0.00041839790650882237
    endloop
  endfacet
  facet normal 0.0 0.0 0.0
    outer loop
      vertex 0.019451636595893725 0.004999998359590469 0.00043061442343143375
      vertex 0.019516822142768724 0.005000001056988773 0.0004506587902336388
      vertex 0.2745398323966764 0.12000000102759924 0.00044556610223373384
    endloop
  endfacet
  facet normal 0.0 0.0 0.0
    outer loop
      vertex 0.019404700560737474 0.0050000010569887735 0.0004145298373405244
      vertex 0.019451636595893725 0.004999998359590469 0.00043061442343143375
      vertex 0.2744559700919889 0.12000000102759924 0.00041839790650882237
    endloop
  endfacet
  facet normal 0.0 0.0 0.0
    outer loop
      vertex 0.019359656615424974 0.005000001056988775 0.00039758478119041653
      vertex 0.2744559700919889 0.12000000102759924 0.00041839790650882237
      vertex 0.27438516931073886 0.119999990238006 0.0003916720841058847
    endloop
  endfacet
  facet normal 0.0 0.0 0.0
    outer loop
      vertex 0.019359656615424974 0.005000001056988775 0.00039758478119041653
      vertex 0.019404700560737474 0.0050000010569887735 0.0004145298373405244
      vertex 0.2744559700919889 0.12000000102759924 0.00041839790650882237
    endloop
  endfacet
  facet normal 0.0 0.0 0.0
    outer loop
      vertex 0.019316504759956225 0.005000001056988775 0.000379808926362462
      vertex 0.27438516931073886 0.119999990238006 0.0003916720841058847
      vertex 0.27432566003339515 0.12000000102759924 0.00036587416671975603
    endloop
  endfacet
  facet normal 0.0 0.0 0.0
    outer loop
      vertex 0.019316504759956225 0.005000001056988775 0.000379808926362462
      vertex 0.019359656615424974 0.005000001056988775 0.00039758478119041653
      vertex 0.27438516931073886 0.119999990238006 0.0003916720841058847
    endloop
  endfacet
  facet normal 0.0 0.0 0.0
    outer loop
      vertex 0.019275367064643726 0.005000001056988775 0.0003612454312295359
      vertex 0.27432566003339515 0.12000000102759924 0.00036587416671975603
      vertex 0.27427561120527016 0.12000000102759924 0.00034136021092666624
    endloop
  endfacet
  facet normal 0.0 0.0 0.0
    outer loop
      vertex 0.019275367064643726 0.005000001056988775 0.0003612454312295359
      vertex 0.019316504759956225 0.005000001056988775 0.000379808926362462
      vertex 0.27432566003339515 0.12000000102759924 0.00036587416671975603
    endloop
  endfacet
  facet normal 0.0 0.0 0.0
    outer loop
      vertex 0.019236365599799975 0.005000001056988776 0.0003419266645712944
      vertex 0.019275367064643726 0.005000001056988775 0.0003612454312295359
      vertex 0.27427561120527016 0.12000000102759924 0.00034136021092666624
    endloop
  endfacet
  facet normal 0.0 0.0 0.0
    outer loop
      vertex 0.019203528685737475 0.004999998359590472 0.000324158901938254
      vertex 0.019236365599799975 0.005000001056988776 0.0003419266645712944
      vertex 0.27427561120527016 0.12000000102759924 0.00034136021092666624
    endloop
  endfacet
  facet normal 0.0 0.0 0.0
    outer loop
      vertex 0.019203528685737475 0.004999998359590472 0.000324158901938254
      vertex 0.27427561120527016 0.12000000102759924 0.00034136021092666624
      vertex 0.27423361901777016 0.12000000102759924 0.0003183136398113291
    endloop
  endfacet
  facet normal 0.0 0.0 0.0
    outer loop
      vertex 0.019180030150581225 0.005000001056988777 0.0003104803951351349
      vertex 0.019203528685737475 0.004999998359590472 0.000324158901938254
      vertex 0.27423361901777016 0.12000000102759924 0.0003183136398113291
    endloop
  endfacet
  facet normal 0.0 0.0 0.0
    outer loop
      vertex 0.019180030150581225 0.005000001056988777 0.0003104803951351349
      vertex 0.27423361901777016 0.12000000102759924 0.0003183136398113291
      vertex 0.2741984017326139 0.12000000102759924 0.000296799190933065
    endloop
  endfacet
  facet normal 0.0 0.0 0.0
    outer loop
      vertex 0.019157569213081226 0.005000001056988777 0.00029651326671341273
      vertex 0.019180030150581225 0.005000001056988777 0.0003104803951351349
      vertex 0.2741984017326139 0.12000000102759924 0.000296799190933065
    endloop
  endfacet
  facet normal 0.0 0.0 0.0
    outer loop
      vertex 0.019136206908393724 0.004999998359590473 0.0002822737010629157
      vertex 0.2741984017326139 0.12000000102759924 0.000296799190933065
      vertex 0.27416562585370763 0.12000000102759924 0.0002746589456481132
    endloop
  endfacet
  facet normal 0.0 0.0 0.0
    outer loop
      vertex 0.019136206908393724 0.004999998359590473 0.0002822737010629157
      vertex 0.019157569213081226 0.005000001056988777 0.00029651326671341273
      vertex 0.2741984017326139 0.12000000102759924 0.000296799190933065
    endloop
  endfacet
  facet normal 0.0 0.0 0.0
    outer loop
      vertex 0.019115882201362476 0.004999998359590473 0.0002677724877768637
      vertex 0.27416562585370763 0.12000000102759924 0.0002746589456481132
      vertex 0.27413840417402013 0.12000000102759924 0.00025418029771885387
    endloop
  endfacet
  facet normal 0.0 0.0 0.0
    outer loop
      vertex 0.019115882201362476 0.004999998359590473 0.0002677724877768637
      vertex 0.019136206908393724 0.004999998359590473 0.0002822737010629157
      vertex 0.27416562585370763 0.12000000102759924 0.0002746589456481132
    endloop
  endfacet
  facet normal 0.0 0.0 0.0
    outer loop
      vertex 0.01909659509198747 0.004999998359590473 0.00025302311384677934
      vertex 0.019115882201362476 0.004999998359590473 0.0002677724877768637
      vertex 0.27413840417402013 0.12000000102759924 0.00025418029771885387
    endloop
  endfacet
  facet normal 0.0 0.0 0.0
    outer loop
      vertex 0.01907846765058122 0.00500000105698878 0.00023803906626418625
      vertex 0.27413840417402013 0.12000000102759924 0.00025418029771885387
      vertex 0.2741156990958951 0.12000000102759924 0.00023538482633171754
    endloop
  endfacet
  facet normal 0.0 0.0 0.0
    outer loop
      vertex 0.01907846765058122 0.00500000105698878 0.00023803906626418625
      vertex 0.01909659509198747 0.004999998359590473 0.00025302311384677934
      vertex 0.27413840417402013 0.12000000102759924 0.00025418029771885387
    endloop
  endfacet
  facet normal 0.0 0.0 0.0
    outer loop
      vertex 0.01906326989667497 0.00500000105698878 0.00022453589035087207
      vertex 0.2741156990958951 0.12000000102759924 0.00023538482633171754
      vertex 0.27409677819745765 0.12000000102759924 0.0002181646355545368
    endloop
  endfacet
  facet normal 0.0 0.0 0.0
    outer loop
      vertex 0.01906326989667497 0.00500000105698878 0.00022453589035087207
      vertex 0.01907846765058122 0.00500000105698878 0.00023803906626418625
      vertex 0.2741156990958951 0.12000000102759924 0.00023538482633171754
    endloop
  endfacet
  facet normal 0.0 0.0 0.0
    outer loop
      vertex 0.01905240563886247 0.004999998359590475 0.00021429926378454622
      vertex 0.27409677819745765 0.12000000102759924 0.0002181646355545368
      vertex 0.2740809700919889 0.12000000102759924 0.00020243340864154645
    endloop
  endfacet
  facet normal 0.0 0.0 0.0
    outer loop
      vertex 0.01905240563886247 0.004999998359590475 0.00021429926378454622
      vertex 0.01906326989667497 0.00500000105698878 0.00022453589035087207
      vertex 0.27409677819745765 0.12000000102759924 0.0002181646355545368
    endloop
  endfacet
  facet normal 0.0 0.0 0.0
    outer loop
      vertex 0.01904215173261247 0.00500000105698878 0.00020397632047246982
      vertex 0.01905240563886247 0.004999998359590475 0.00021429926378454622
      vertex 0.2740809700919889 0.12000000102759924 0.00020243340864154645
    endloop
  endfacet
  facet normal 0.0 0.0 0.0
    outer loop
      vertex 0.01903232507245622 0.004999998359590475 0.00019356706041464333
      vertex 0.2740809700919889 0.12000000102759924 0.00020243340864154645
      vertex 0.2740663216544889 0.12000000102759924 0.00018652954823704704
    endloop
  endfacet
  facet normal 0.0 0.0 0.0
    outer loop
      vertex 0.01903232507245622 0.004999998359590475 0.00019356706041464333
      vertex 0.01904215173261247 0.00500000105698878 0.00020397632047246982
      vertex 0.2740809700919889 0.12000000102759924 0.00020243340864154645
    endloop
  endfacet
  facet normal 0.0 0.0 0.0
    outer loop
      vertex 0.01902304772870622 0.004999998359590475 0.00018307957580598045
      vertex 0.2740663216544889 0.12000000102759924 0.00018652954823704704
      vertex 0.27405295495527016 0.12000000102759924 0.00017043147515460787
    endloop
  endfacet
  facet normal 0.0 0.0 0.0
    outer loop
      vertex 0.01902304772870622 0.004999998359590475 0.00018307957580598045
      vertex 0.01903232507245622 0.004999998359590475 0.00019356706041464333
      vertex 0.2740663216544889 0.12000000102759924 0.00018652954823704704
    endloop
  endfacet
  facet normal 0.0 0.0 0.0
    outer loop
      vertex 0.01901425866620622 0.004999998359590475 0.00017251656404478676
      vertex 0.01902304772870622 0.004999998359590475 0.00018307957580598045
      vertex 0.27405295495527016 0.12000000102759924 0.00017043147515460787
    endloop
  endfacet
  facet normal 0.0 0.0 0.0
    outer loop
      vertex 0.01900607995526872 0.004999998359590476 0.00016188341992766996
      vertex 0.27405295495527016 0.12000000102759924 0.00017043147515460787
      vertex 0.2740419075919889 0.12000000102759924 0.0001558007867499356
    endloop
  endfacet
  facet normal 0.0 0.0 0.0
    outer loop
      vertex 0.01900607995526872 0.004999998359590476 0.00016188341992766996
      vertex 0.01901425866620622 0.004999998359590475 0.00017251656404478676
      vertex 0.27405295495527016 0.12000000102759924 0.00017043147515460787
    endloop
  endfacet
  facet normal 0.0 0.0 0.0
    outer loop
      vertex 0.01899832849042497 0.0050000010569887805 0.00015118284085293608
      vertex 0.2740419075919889 0.12000000102759924 0.0001558007867499356
      vertex 0.27403287438886387 0.12000000102759924 0.00014255116627726494
    endloop
  endfacet
  facet normal 0.0 0.0 0.0
    outer loop
      vertex 0.01899832849042497 0.0050000010569887805 0.00015118284085293608
      vertex 0.01900607995526872 0.004999998359590476 0.00016188341992766996
      vertex 0.2740419075919889 0.12000000102759924 0.0001558007867499356
    endloop
  endfacet
  facet normal 0.0 0.0 0.0
    outer loop
      vertex 0.018991187377143722 0.0050000010569887805 0.00014042022161719458
      vertex 0.27403287438886387 0.12000000102759924 0.00014255116627726494
      vertex 0.2740245736076139 0.12000000102759924 0.00012919364987239846
    endloop
  endfacet
  facet normal 0.0 0.0 0.0
    outer loop
      vertex 0.018991187377143722 0.0050000010569887805 0.00014042022161719458
      vertex 0.01899832849042497 0.0050000010569887805 0.00015118284085293608
      vertex 0.27403287438886387 0.12000000102759924 0.00014255116627726494
    endloop
  endfacet
  facet normal 0.0 0.0 0.0
    outer loop
      vertex 0.01898453454511247 0.004999998359590476 0.000129600957017054
      vertex 0.018991187377143722 0.0050000010569887805 0.00014042022161719458
      vertex 0.2740245736076139 0.12000000102759924 0.00012919364987239846
    endloop
  endfacet
  facet normal 0.0 0.0 0.0
    outer loop
      vertex 0.01897836999433122 0.0050000010569887805 0.00011872774445081946
      vertex 0.2740245736076139 0.12000000102759924 0.00012919364987239846
      vertex 0.2740171273185514 0.12000000102759924 0.00011574981672179518
    endloop
  endfacet
  facet normal 0.0 0.0 0.0
    outer loop
      vertex 0.01897836999433122 0.0050000010569887805 0.00011872774445081946
      vertex 0.01898453454511247 0.004999998359590476 0.000129600957017054
      vertex 0.2740245736076139 0.12000000102759924 0.00012919364987239846
    endloop
  endfacet
  facet normal 0.0 0.0 0.0
    outer loop
      vertex 0.01897281579511247 0.004999998359590476 0.00010780597871510045
      vertex 0.2740171273185514 0.12000000102759924 0.00011574981672179518
      vertex 0.2740111458732389 0.12000000102759924 0.00010360073475743547
    endloop
  endfacet
  facet normal 0.0 0.0 0.0
    outer loop
      vertex 0.01897281579511247 0.004999998359590476 0.00010780597871510045
      vertex 0.01897836999433122 0.0050000010569887805 0.00011872774445081946
      vertex 0.2740171273185514 0.12000000102759924 0.00011574981672179518
    endloop
  endfacet
  facet normal 0.0 0.0 0.0
    outer loop
      vertex 0.01896781091229997 0.0050000010569887805 9.684105460650639e-05
      vertex 0.2740111458732389 0.12000000102759924 0.00010360073475743547
      vertex 0.27400632409589515 0.12000000102759924 9.261692886070705e-05
    endloop
  endfacet
  facet normal 0.0 0.0 0.0
    outer loop
      vertex 0.01896781091229997 0.0050000010569887805 9.684105460650639e-05
      vertex 0.01897281579511247 0.004999998359590476 0.00010780597871510045
      vertex 0.2740111458732389 0.12000000102759924 0.00010360073475743547
    endloop
  endfacet
  facet normal 0.0 0.0 0.0
    outer loop
      vertex 0.01896329431073747 0.0050000010569887805 8.583566952334155e-05
      vertex 0.27400632409589515 0.12000000102759924 9.261692886070705e-05
      vertex 0.2740020516349576 0.12000000102759924 8.161154377754798e-05
    endloop
  endfacet
  facet normal 0.0 0.0 0.0
    outer loop
      vertex 0.01896329431073747 0.0050000010569887805 8.583566952334155e-05
      vertex 0.01896781091229997 0.0050000010569887805 9.684105460650639e-05
      vertex 0.27400632409589515 0.12000000102759924 9.261692886070705e-05
    endloop
  endfacet
  facet normal 0.0 0.0 0.0
    outer loop
      vertex 0.01895932702558122 0.005000001056988781 7.479252086391108e-05
      vertex 0.2740020516349576 0.12000000102759924 8.161154377754798e-05
      vertex 0.2739983284904264 0.11999999023800602 7.055221072828744e-05
    endloop
  endfacet
  facet normal 0.0 0.0 0.0
    outer loop
      vertex 0.01895932702558122 0.005000001056988781 7.479252086391108e-05
      vertex 0.01896329431073747 0.0050000010569887805 8.583566952334155e-05
      vertex 0.2740020516349576 0.12000000102759924 8.161154377754798e-05
    endloop
  endfacet
  facet normal 0.0 0.0 0.0
    outer loop
      vertex 0.018955970091987472 0.005000001056988781 6.372239822143388e-05
      vertex 0.2739983284904264 0.11999999023800602 7.055221072828744e-05
      vertex 0.27399509362714514 0.12000000102759924 5.947129849258914e-05
    endloop
  endfacet
  facet normal 0.0 0.0 0.0
    outer loop
      vertex 0.018955970091987472 0.005000001056988781 6.372239822143388e-05
      vertex 0.01895932702558122 0.005000001056988781 7.479252086391108e-05
      vertex 0.2739983284904264 0.11999999023800602 7.055221072828744e-05
    endloop
  endfacet
  facet normal 0.0 0.0 0.0
    outer loop
      vertex 0.01895310143964372 0.005000001056988781 5.262530159590906e-05
      vertex 0.27399509362714514 0.12000000102759924 5.947129849258914e-05
      vertex 0.2739924691154264 0.12000000102759924 4.8358017477234226e-05
    endloop
  endfacet
  facet normal 0.0 0.0 0.0
    outer loop
      vertex 0.01895310143964372 0.005000001056988781 5.262530159590906e-05
      vertex 0.018955970091987472 0.005000001056988781 6.372239822143388e-05
      vertex 0.27399509362714514 0.12000000102759924 5.947129849258914e-05
    endloop
  endfacet
  facet normal 0.0 0.0 0.0
    outer loop
      vertex 0.01895078210370622 0.004999998359590477 4.150392838564265e-05
      vertex 0.2739924691154264 0.12000000102759924 4.8358017477234226e-05
      vertex 0.2739903939201139 0.12000000102759924 3.724473646187931e-05
    endloop
  endfacet
  facet normal 0.0 0.0 0.0
    outer loop
      vertex 0.01895078210370622 0.004999998359590477 4.150392838564265e-05
      vertex 0.01895310143964372 0.005000001056988781 5.262530159590906e-05
      vertex 0.2739924691154264 0.12000000102759924 4.8358017477234226e-05
    endloop
  endfacet
  facet normal 0.0 0.0 0.0
    outer loop
      vertex 0.01894901208417497 0.004999998359590477 3.0369068183852654e-05
      vertex 0.2739903939201139 0.12000000102759924 3.724473646187931e-05
      vertex 0.2739888070060514 0.12000000102759924 2.6088297073656007e-05
    endloop
  endfacet
  facet normal 0.0 0.0 0.0
    outer loop
      vertex 0.01894901208417497 0.004999998359590477 3.0369068183852654e-05
      vertex 0.01895078210370622 0.004999998359590477 4.150392838564265e-05
      vertex 0.2739903939201139 0.12000000102759924 3.724473646187931e-05
    endloop
  endfacet
  facet normal 0.0 0.0 0.0
    outer loop
      vertex 0.018947852416206223 0.005000001056988781 1.9220720990539063e-05
      vertex 0.2739888070060514 0.12000000102759924 2.6088297073656007e-05
      vertex 0.2739878304435514 0.11999999023800602 1.4942647278651578e-05
    endloop
  endfacet
  facet normal 0.0 0.0 0.0
    outer loop
      vertex 0.018947852416206223 0.005000001056988781 1.9220720990539063e-05
      vertex 0.01894901208417497 0.004999998359590477 3.0369068183852654e-05
      vertex 0.2739888070060514 0.12000000102759924 2.6088297073656007e-05
    endloop
  endfacet
  facet normal 0.0 0.0 0.0
    outer loop
      vertex 0.018947181029487475 0.005000001056988781 8.064281602311318e-06
      vertex 0.2739878304435514 0.11999999023800602 1.4942647278651578e-05
      vertex 0.2739874031974576 0.11999999023800602 3.786207890421167e-06
    endloop
  endfacet
  facet normal 0.0 0.0 0.0
    outer loop
      vertex 0.018947181029487475 0.005000001056988781 8.064281602311318e-06
      vertex 0.018947852416206223 0.005000001056988781 1.9220720990539063e-05
      vertex 0.2739878304435514 0.11999999023800602 1.4942647278651578e-05
    endloop
  endfacet
  facet normal 0.0 0.0 0.0
    outer loop
      vertex 0.018947058959174975 0.005000001056988781 -3.0975525825258642e-06
      vertex 0.018947181029487475 0.005000001056988781 8.064281602311318e-06
      vertex 0.2739874031974576 0.11999999023800602 3.786207890421167e-06
    endloop
  endfacet
  facet normal 0.0 0.0 0.0
    outer loop
      vertex 0.018947058959174975 0.005000001056988781 -3.0975525825258642e-06
      vertex 0.2739874031974576 0.11999999023800602 3.786207890421167e-06
      vertex 0.2739874642326139 0.12000000102759924 -7.381021091028117e-06
    endloop
  endfacet
  facet normal 0.0 0.0 0.0
    outer loop
      vertex 0.018947486205268725 0.005000001056988781 -1.425399197075361e-05
      vertex 0.018947058959174975 0.005000001056988781 -3.0975525825258642e-06
      vertex 0.2739874642326139 0.12000000102759924 -7.381021091028117e-06
    endloop
  endfacet
  facet normal 0.0 0.0 0.0
    outer loop
      vertex 0.018947486205268725 0.005000001056988781 -1.425399197075361e-05
      vertex 0.2739874642326139 0.12000000102759924 -7.381021091028117e-06
      vertex 0.27398813561933266 0.12000000102759924 -1.8537460479258527e-05
    endloop
  endfacet
  facet normal 0.0 0.0 0.0
    outer loop
      vertex 0.018948523802924975 0.005000001056988781 -2.540503656237192e-05
      vertex 0.018947486205268725 0.005000001056988781 -1.425399197075361e-05
      vertex 0.27398813561933266 0.12000000102759924 -1.8537460479258527e-05
    endloop
  endfacet
  facet normal 0.0 0.0 0.0
    outer loop
      vertex 0.018948523802924975 0.005000001056988781 -2.540503656237192e-05
      vertex 0.27398813561933266 0.12000000102759924 -1.8537460479258527e-05
      vertex 0.27398935632245763 0.12000000102759924 -2.9672320681044083e-05
    endloop
  endfacet
  facet normal 0.0 0.0 0.0
    outer loop
      vertex 0.018950049681831223 0.004999998359590477 -3.654798895907607e-05
      vertex 0.018948523802924975 0.005000001056988781 -2.540503656237192e-05
      vertex 0.27398935632245763 0.12000000102759924 -2.9672320681044083e-05
    endloop
  endfacet
  facet normal 0.0 0.0 0.0
    outer loop
      vertex 0.018950049681831223 0.004999998359590477 -3.654798895907607e-05
      vertex 0.27398935632245763 0.12000000102759924 -2.9672320681044083e-05
      vertex 0.2739911263419889 0.12000000102759924 -4.080718088282964e-05
    endloop
  endfacet
  facet normal 0.0 0.0 0.0
    outer loop
      vertex 0.018952124877143723 0.005000001056988781 -4.7674756965951914e-05
      vertex 0.018950049681831223 0.004999998359590477 -3.654798895907607e-05
      vertex 0.2739911263419889 0.12000000102759924 -4.080718088282964e-05
    endloop
  endfacet
  facet normal 0.0 0.0 0.0
    outer loop
      vertex 0.018952124877143723 0.005000001056988781 -4.7674756965951914e-05
      vertex 0.2739911263419889 0.12000000102759924 -4.080718088282964e-05
      vertex 0.2739934456779264 0.12000000102759924 -5.19420410846223e-05
    endloop
  endfacet
  facet normal 0.0 0.0 0.0
    outer loop
      vertex 0.018954810424018725 0.004999998359590477 -5.8779945786390456e-05
      vertex 0.018952124877143723 0.005000001056988781 -4.7674756965951914e-05
      vertex 0.2739934456779264 0.12000000102759924 -5.19420410846223e-05
    endloop
  endfacet
  facet normal 0.0 0.0 0.0
    outer loop
      vertex 0.018954810424018725 0.004999998359590477 -5.8779945786390456e-05
      vertex 0.2739934456779264 0.12000000102759924 -5.19420410846223e-05
      vertex 0.2739962532951139 0.12000000102759924 -6.303374291353947e-05
    endloop
  endfacet
  facet normal 0.0 0.0 0.0
    outer loop
      vertex 0.018957984252143723 0.005000001056988781 -6.986355542039124e-05
      vertex 0.018954810424018725 0.004999998359590477 -5.8779945786390456e-05
      vertex 0.2739962532951139 0.12000000102759924 -6.303374291353947e-05
    endloop
  endfacet
  facet normal 0.0 0.0 0.0
    outer loop
      vertex 0.018957984252143723 0.005000001056988781 -6.986355542039124e-05
      vertex 0.2739962532951139 0.12000000102759924 -6.303374291353947e-05
      vertex 0.2739996712638639 0.12000000102759924 -7.410386555601889e-05
    endloop
  endfacet
  facet normal 0.0 0.0 0.0
    outer loop
      vertex 0.018961707396674975 0.005000001056988781 -8.091749367304057e-05
      vertex 0.018957984252143723 0.005000001056988781 -6.986355542039124e-05
      vertex 0.2739996712638639 0.12000000102759924 -7.410386555601889e-05
    endloop
  endfacet
  facet normal 0.0 0.0 0.0
    outer loop
      vertex 0.018961707396674975 0.005000001056988781 -8.091749367304057e-05
      vertex 0.2739996712638639 0.12000000102759924 -7.410386555601889e-05
      vertex 0.27400363854902016 0.12000000102759924 -8.515240901206056e-05
    endloop
  endfacet
  facet normal 0.0 0.0 0.0
    outer loop
      vertex 0.018965979857612475 0.004999998359590477 -9.193636574772857e-05
      vertex 0.018961707396674975 0.005000001056988781 -8.091749367304057e-05
      vertex 0.27400363854902016 0.12000000102759924 -8.515240901206056e-05
    endloop
  endfacet
  facet normal 0.0 0.0 0.0
    outer loop
      vertex 0.018965979857612475 0.004999998359590477 -9.193636574772857e-05
      vertex 0.27400363854902016 0.12000000102759924 -8.515240901206056e-05
      vertex 0.27400809411542637 0.12000000102759924 -9.615779409522673e-05
    endloop
  endfacet
  facet normal 0.0 0.0 0.0
    outer loop
      vertex 0.018970801634956225 0.0050000010569887805 -0.00010291747424615139
      vertex 0.018965979857612475 0.004999998359590477 -9.193636574772857e-05
      vertex 0.27400809411542637 0.12000000102759924 -9.615779409522673e-05
    endloop
  endfacet
  facet normal 0.0 0.0 0.0
    outer loop
      vertex 0.018970801634956225 0.0050000010569887805 -0.00010291747424615139
      vertex 0.27400809411542637 0.12000000102759924 -9.615779409522673e-05
      vertex 0.27401316003339515 0.12000000102759924 -0.00010712002080551742
    endloop
  endfacet
  facet normal 0.0 0.0 0.0
    outer loop
      vertex 0.018976844115424975 0.004999998359590477 -0.00011506925360881226
      vertex 0.018970801634956225 0.0050000010569887805 -0.00010291747424615139
      vertex 0.27401316003339515 0.12000000102759924 -0.00010712002080551742
    endloop
  endfacet
  facet normal 0.0 0.0 0.0
    outer loop
      vertex 0.018976844115424975 0.004999998359590477 -0.00011506925360881226
      vertex 0.27401316003339515 0.12000000102759924 -0.00010712002080551742
      vertex 0.27401871423261387 0.12000000102759924 -0.00011803908914292549
    endloop
  endfacet
  facet normal 0.0 0.0 0.0
    outer loop
      vertex 0.018984290404487476 0.004999998359590476 -0.00012850229716620376
      vertex 0.27401871423261387 0.12000000102759924 -0.00011803908914292549
      vertex 0.2740248177482389 0.12000000102759924 -0.00012891499910746518
    endloop
  endfacet
  facet normal 0.0 0.0 0.0
    outer loop
      vertex 0.018984290404487476 0.004999998359590476 -0.00012850229716620376
      vertex 0.2740248177482389 0.12000000102759924 -0.00012891499910746518
      vertex 0.27403147058027016 0.12000000102759924 -0.00013972617151269162
    endloop
  endfacet
  facet normal 0.0 0.0 0.0
    outer loop
      vertex 0.018984290404487476 0.004999998359590476 -0.00012850229716620376
      vertex 0.018976844115424975 0.004999998359590477 -0.00011506925360881226
      vertex 0.27401871423261387 0.12000000102759924 -0.00011803908914292549
    endloop
  endfacet
  facet normal 0.0 0.0 0.0
    outer loop
      vertex 0.018992530150581225 0.004999998359590477 -0.00014185441877445548
      vertex 0.018984290404487476 0.004999998359590476 -0.00012850229716620376
      vertex 0.27403147058027016 0.12000000102759924 -0.00013972617151269162
    endloop
  endfacet
  facet normal 0.0 0.0 0.0
    outer loop
      vertex 0.018992530150581225 0.004999998359590477 -0.00014185441877445548
      vertex 0.27403147058027016 0.12000000102759924 -0.00013972617151269162
      vertex 0.27403867272870763 0.12000000102759924 -0.00015049418554504256
    endloop
  endfacet
  facet normal 0.0 0.0 0.0
    outer loop
      vertex 0.019001624388862475 0.0050000010569887805 -0.0001551175262386515
      vertex 0.27403867272870763 0.12000000102759924 -0.00015049418554504256
      vertex 0.27404636315839515 0.12000000102759924 -0.00016119746201808738
    endloop
  endfacet
  facet normal 0.0 0.0 0.0
    outer loop
      vertex 0.019001624388862475 0.0050000010569887805 -0.0001551175262386515
      vertex 0.018992530150581225 0.004999998359590477 -0.00014185441877445548
      vertex 0.27403867272870763 0.12000000102759924 -0.00015049418554504256
    endloop
  endfacet
  facet normal 0.0 0.0 0.0
    outer loop
      vertex 0.019012610716987476 0.004999998359590475 -0.00016974012244841497
      vertex 0.27404636315839515 0.12000000102759924 -0.00016119746201808738
      vertex 0.2740546029044889 0.12000000102759924 -0.00017183600093181184
    endloop
  endfacet
  facet normal 0.0 0.0 0.0
    outer loop
      vertex 0.019012610716987476 0.004999998359590475 -0.00016974012244841497
      vertex 0.2740546029044889 0.12000000102759924 -0.00017183600093181184
      vertex 0.27406339196698887 0.12000000102759924 -0.0001823882230997853
    endloop
  endfacet
  facet normal 0.0 0.0 0.0
    outer loop
      vertex 0.019012610716987476 0.004999998359590475 -0.00016974012244841497
      vertex 0.019001624388862475 0.0050000010569887805 -0.0001551175262386515
      vertex 0.27404636315839515 0.12000000102759924 -0.00016119746201808738
    endloop
  endfacet
  facet normal 0.0 0.0 0.0
    outer loop
      vertex 0.019026038451362474 0.004999998359590475 -0.0001858328007342389
      vertex 0.019012610716987476 0.004999998359590475 -0.00016974012244841497
      vertex 0.27406339196698887 0.12000000102759924 -0.0001823882230997853
    endloop
  endfacet
  facet normal 0.0 0.0 0.0
    outer loop
      vertex 0.019026038451362474 0.004999998359590475 -0.0001858328007342389
      vertex 0.27406339196698887 0.12000000102759924 -0.0001823882230997853
      vertex 0.27407266931073887 0.12000000102759924 -0.00019287570770844554
    endloop
  endfacet
  facet normal 0.0 0.0 0.0
    outer loop
      vertex 0.019040625853706222 0.00500000105698878 -0.00020174475333364805
      vertex 0.27407266931073887 0.12000000102759924 -0.00019287570770844554
      vertex 0.27408243493573886 0.12000000102759924 -0.00020327687557135477
    endloop
  endfacet
  facet normal 0.0 0.0 0.0
    outer loop
      vertex 0.019040625853706222 0.00500000105698878 -0.00020174475333364805
      vertex 0.27408243493573886 0.12000000102759924 -0.00020327687557135477
      vertex 0.27409274987714516 0.12000000102759924 -0.00021361330587495785
    endloop
  endfacet
  facet normal 0.0 0.0 0.0
    outer loop
      vertex 0.019040625853706222 0.00500000105698878 -0.00020174475333364805
      vertex 0.019026038451362474 0.004999998359590475 -0.0001858328007342389
      vertex 0.27407266931073887 0.12000000102759924 -0.00019287570770844554
    endloop
  endfacet
  facet normal 0.0 0.0 0.0
    outer loop
      vertex 0.01905643395917497 0.00500000105698878 -0.00021746519065342308
      vertex 0.27409274987714516 0.12000000102759924 -0.00021361330587495785
      vertex 0.2741035530998014 0.12000000102759924 -0.00022384184024637222
    endloop
  endfacet
  facet normal 0.0 0.0 0.0
    outer loop
      vertex 0.01905643395917497 0.00500000105698878 -0.00021746519065342308
      vertex 0.019040625853706222 0.00500000105698878 -0.00020174475333364805
      vertex 0.27409274987714516 0.12000000102759924 -0.00021361330587495785
    endloop
  endfacet
  facet normal 0.0 0.0 0.0
    outer loop
      vertex 0.01907535485761247 0.004999998359590475 -0.00023468807882891517
      vertex 0.2741035530998014 0.12000000102759924 -0.00022384184024637222
      vertex 0.2741187508537076 0.12000000102759924 -0.00023735041095628872
    endloop
  endfacet
  facet normal 0.0 0.0 0.0
    outer loop
      vertex 0.01907535485761247 0.004999998359590475 -0.00023468807882891517
      vertex 0.01905643395917497 0.00500000105698878 -0.00021746519065342308
      vertex 0.2741035530998014 0.12000000102759924 -0.00022384184024637222
    endloop
  endfacet
  facet normal 0.0 0.0 0.0
    outer loop
      vertex 0.01909805993573747 0.005000001056988778 -0.0002534970372075693
      vertex 0.2741187508537076 0.12000000102759924 -0.00023735041095628872
      vertex 0.2741369393302701 0.12000000102759924 -0.0002523263663439721
    endloop
  endfacet
  facet normal 0.0 0.0 0.0
    outer loop
      vertex 0.01909805993573747 0.005000001056988778 -0.0002534970372075693
      vertex 0.2741369393302701 0.12000000102759924 -0.0002523263663439721
      vertex 0.2741561654044889 0.12000000102759924 -0.00026708652986727797
    endloop
  endfacet
  facet normal 0.0 0.0 0.0
    outer loop
      vertex 0.01909805993573747 0.005000001056988778 -0.0002534970372075693
      vertex 0.01907535485761247 0.004999998359590475 -0.00023468807882891517
      vertex 0.2741187508537076 0.12000000102759924 -0.00023735041095628872
    endloop
  endfacet
  facet normal 0.0 0.0 0.0
    outer loop
      vertex 0.01912534265058122 0.004999998359590475 -0.00027396219814530685
      vertex 0.2741561654044889 0.12000000102759924 -0.00026708652986727797
      vertex 0.2741764901115201 0.12000000102759924 -0.0002815877431533309
    endloop
  endfacet
  facet normal 0.0 0.0 0.0
    outer loop
      vertex 0.01912534265058122 0.004999998359590475 -0.00027396219814530685
      vertex 0.01909805993573747 0.005000001056988778 -0.0002534970372075693
      vertex 0.2741561654044889 0.12000000102759924 -0.00026708652986727797
    endloop
  endfacet
  facet normal 0.0 0.0 0.0
    outer loop
      vertex 0.01915805749433122 0.004999998359590473 -0.0002961186278200896
      vertex 0.2741764901115201 0.12000000102759924 -0.0002815877431533309
      vertex 0.2741979134513639 0.12000000102759924 -0.00029583000620213084
    endloop
  endfacet
  facet normal 0.0 0.0 0.0
    outer loop
      vertex 0.01915805749433122 0.004999998359590473 -0.0002961186278200896
      vertex 0.2741979134513639 0.12000000102759924 -0.00029583000620213084
      vertex 0.2742203743888639 0.12000000102759924 -0.00030979173982724007
    endloop
  endfacet
  facet normal 0.0 0.0 0.0
    outer loop
      vertex 0.01915805749433122 0.004999998359590473 -0.0002961186278200896
      vertex 0.01912534265058122 0.004999998359590475 -0.00027396219814530685
      vertex 0.2741764901115201 0.12000000102759924 -0.0002815877431533309
    endloop
  endfacet
  facet normal 0.0 0.0 0.0
    outer loop
      vertex 0.01919327477948747 0.004999998359590472 -0.00031761689230852677
      vertex 0.2742203743888639 0.12000000102759924 -0.00030979173982724007
      vertex 0.2742438118888639 0.12000000102759924 -0.0003234729440286657
    endloop
  endfacet
  facet normal 0.0 0.0 0.0
    outer loop
      vertex 0.01919327477948747 0.004999998359590472 -0.00031761689230852677
      vertex 0.01915805749433122 0.004999998359590473 -0.0002961186278200896
      vertex 0.2742203743888639 0.12000000102759924 -0.00030979173982724007
    endloop
  endfacet
  facet normal 0.0 0.0 0.0
    outer loop
      vertex 0.01923526696698747 0.004999998359590471 -0.00034067425301707833
      vertex 0.01919327477948747 0.004999998359590472 -0.00031761689230852677
      vertex 0.2742438118888639 0.12000000102759924 -0.0003234729440286657
    endloop
  endfacet
  facet normal 0.0 0.0 0.0
    outer loop
      vertex 0.01923526696698747 0.004999998359590471 -0.00034067425301707833
      vertex 0.2742438118888639 0.12000000102759924 -0.0003234729440286657
      vertex 0.2742767098380826 0.12000000102759924 -0.0003412326144667972
    endloop
  endfacet
  facet normal 0.0 0.0 0.0
    outer loop
      vertex 0.01923526696698747 0.004999998359590471 -0.00034067425301707833
      vertex 0.2742767098380826 0.12000000102759924 -0.0003412326144667972
      vertex 0.27431571130292637 0.11999999023800602 -0.00036055677592164415
    endloop
  endfacet
  facet normal 0.0 0.0 0.0
    outer loop
      vertex 0.01928531579511247 0.005000001056988776 -0.0003651963010050814
      vertex 0.01923526696698747 0.004999998359590471 -0.00034067425301707833
      vertex 0.27431571130292637 0.11999999023800602 -0.00036055677592164415
    endloop
  endfacet
  facet normal 0.0 0.0 0.0
    outer loop
      vertex 0.01928531579511247 0.005000001056988776 -0.0003651963010050814
      vertex 0.27431571130292637 0.11999999023800602 -0.00036055677592164415
      vertex 0.27435684899823887 0.12000000102759924 -0.0003791256658511841
    endloop
  endfacet
  facet normal 0.0 0.0 0.0
    outer loop
      vertex 0.01934488610761247 0.005000001056988775 -0.0003909834287979868
      vertex 0.01928531579511247 0.005000001056988776 -0.0003651963010050814
      vertex 0.27435684899823887 0.12000000102759924 -0.0003791256658511841
    endloop
  endfacet
  facet normal 0.0 0.0 0.0
    outer loop
      vertex 0.01934488610761247 0.005000001056988775 -0.0003909834287979868
      vertex 0.27435684899823887 0.12000000102759924 -0.0003791256658511841
      vertex 0.27440000085370764 0.119999990238006 -0.00039689612588252743
    endloop
  endfacet
  facet normal 0.0 0.0 0.0
    outer loop
      vertex 0.01941562585370622 0.0050000010569887735 -0.00041771464599753603
      vertex 0.01934488610761247 0.005000001056988775 -0.0003909834287979868
      vertex 0.27440000085370764 0.119999990238006 -0.00039689612588252743
    endloop
  endfacet
  facet normal 0.0 0.0 0.0
    outer loop
      vertex 0.01941562585370622 0.0050000010569887735 -0.00041771464599753603
      vertex 0.27440000085370764 0.119999990238006 -0.00039689612588252743
      vertex 0.27444504479902015 0.12000000102759924 -0.00041384657682923633
    endloop
  endfacet
  facet normal 0.0 0.0 0.0
    outer loop
      vertex 0.01941562585370622 0.0050000010569887735 -0.00041771464599753603
      vertex 0.27444504479902015 0.12000000102759924 -0.00041384657682923633
      vertex 0.27449191979902016 0.12000000102759924 -0.0004299230707252377
    endloop
  endfacet
  facet normal 0.0 0.0 0.0
    outer loop
      vertex 0.01949948815839372 0.0050000010569887735 -0.00044488284172244664
      vertex 0.01941562585370622 0.0050000010569887735 -0.00041771464599753603
      vertex 0.27449191979902016 0.12000000102759924 -0.0004299230707252377
    endloop
  endfacet
  facet normal 0.0 0.0 0.0
    outer loop
      vertex 0.01949948815839372 0.0050000010569887735 -0.00044488284172244664
      vertex 0.27449191979902016 0.12000000102759924 -0.0004299230707252377
      vertex 0.2745571663810514 0.12000000102759924 -0.00044997013492574213
    endloop
  endfacet
  facet normal 0.0 0.0 0.0
    outer loop
      vertex 0.01959854821698747 0.004999998359590467 -0.0004717354418457083
      vertex 0.01949948815839372 0.0050000010569887735 -0.00044488284172244664
      vertex 0.2745571663810514 0.12000000102759924 -0.00044997013492574213
    endloop
  endfacet
  facet normal 0.0 0.0 0.0
    outer loop
      vertex 0.01959854821698747 0.004999998359590467 -0.0004717354418457083
      vertex 0.2745571663810514 0.12000000102759924 -0.00044997013492574213
      vertex 0.27463394860761386 0.12000000102759924 -0.0004705135204143218
    endloop
  endfacet
  facet normal 0.0 0.0 0.0
    outer loop
      vertex 0.01959854821698747 0.004999998359590467 -0.0004717354418457083
      vertex 0.27463394860761386 0.12000000102759924 -0.0004705135204143218
      vertex 0.2747139046623014 0.119999990238006 -0.0004888666184794843
    endloop
  endfacet
  facet normal 0.0 0.0 0.0
    outer loop
      vertex 0.019702918334174972 0.00500000105698877 -0.0004948764219017056
      vertex 0.01959854821698747 0.004999998359590467 -0.0004717354418457083
      vertex 0.2747139046623014 0.119999990238006 -0.0004888666184794843
    endloop
  endfacet
  facet normal 0.0 0.0 0.0
    outer loop
      vertex 0.019702918334174972 0.00500000105698877 -0.0004948764219017056
      vertex 0.2747139046623014 0.119999990238006 -0.0004888666184794843
      vertex 0.2747967904044889 0.12000000102759924 -0.000504910743595822
    endloop
  endfacet
  facet normal 0.0 0.0 0.0
    outer loop
      vertex 0.01982431725995622 0.005000001056988768 -0.0005160186298139226
      vertex 0.019702918334174972 0.00500000105698877 -0.0004948764219017056
      vertex 0.2747967904044889 0.12000000102759924 -0.000504910743595822
    endloop
  endfacet
  facet normal 0.0 0.0 0.0
    outer loop
      vertex 0.01982431725995622 0.005000001056988768 -0.0005160186298139226
      vertex 0.2747967904044889 0.12000000102759924 -0.000504910743595822
      vertex 0.2748821785880826 0.119999990238006 -0.0005186027373904665
    endloop
  endfacet
  facet normal 0.0 0.0 0.0
    outer loop
      vertex 0.01982431725995622 0.005000001056988768 -0.0005160186298139226
      vertex 0.2748821785880826 0.119999990238006 -0.0005186027373904665
      vertex 0.27496958093183266 0.12000000102759924 -0.0005298562831176668
    endloop
  endfacet
  facet normal 0.0 0.0 0.0
    outer loop
      vertex 0.01996433190839372 0.0050000010569887674 -0.0005336218511503769
      vertex 0.01982431725995622 0.005000001056988768 -0.0005160186298139226
      vertex 0.27496958093183266 0.12000000102759924 -0.0005298562831176668
    endloop
  endfacet
  facet normal 0.0 0.0 0.0
    outer loop
      vertex 0.01996433190839372 0.0050000010569887674 -0.0005336218511503769
      vertex 0.27496958093183266 0.12000000102759924 -0.0005298562831176668
      vertex 0.27505844811933267 0.12000000102759922 -0.0005385958536248836
    endloop
  endfacet
  facet normal 0.0 0.0 0.0
    outer loop
      vertex 0.02010825280683122 0.005000001056988765 -0.0005448322385046996
      vertex 0.01996433190839372 0.0050000010569887674 -0.0005336218511503769
      vertex 0.27505844811933267 0.12000000102759922 -0.0005385958536248836
    endloop
  endfacet
  facet normal 0.0 0.0 0.0
    outer loop
      vertex 0.02010825280683122 0.005000001056988765 -0.0005448322385046996
      vertex 0.27505844811933267 0.12000000102759922 -0.0005385958536248836
      vertex 0.27514853600995764 0.12000000102759922 -0.0005448322385053501
    endloop
  endfacet
  facet normal 0.0 0.0 0.0
    outer loop
      vertex 0.3233771737052702 0.11999999023800537 -0.003188055995651155
      vertex 0.0683368905021437 0.00500000105698813 -0.003188055995650506
      vertex 0.27514853600995764 0.12000000102759922 -0.0005448322385053501
    endloop
  endfacet
  facet normal 0.0 0.0 0.0
    outer loop
      vertex 0.02010825280683122 0.005000001056988765 -0.0005448322385046996
      vertex 0.27514853600995764 0.12000000102759922 -0.0005448322385053501
      vertex 0.0683368905021437 0.00500000105698813 -0.003188055995650506
    endloop
  endfacet
  facet normal 0.0 0.0 0.0
    outer loop
      vertex 0.06835294274823746 0.005000001056988131 -0.0031384939991999992
      vertex 0.3233771737052702 0.11999999023800537 -0.003188055995651155
      vertex 0.3233932869865202 0.12000000102759859 -0.0031384993939972505
    endloop
  endfacet
  facet normal 0.0 0.0 0.0
    outer loop
      vertex 0.06835294274823746 0.005000001056988131 -0.0031384939991999992
      vertex 0.0683368905021437 0.00500000105698813 -0.003188055995650506
      vertex 0.3233771737052702 0.11999999023800537 -0.003188055995651155
    endloop
  endfacet
  facet normal 0.0 0.0 0.0
    outer loop
      vertex 0.27516464929120765 0.12000000102759922 -0.0004952648472582268
      vertex 0.020124305052924972 0.005000001056988765 -0.0004952702420541928
      vertex 0.06835294274823746 0.005000001056988131 -0.0031384939991999992
    endloop
  endfacet
  facet normal 0.0 0.0 0.0
    outer loop
      vertex 0.06835294274823746 0.005000001056988131 -0.0031384939991999992
      vertex 0.3233932869865202 0.12000000102759859 -0.0031384993939972505
      vertex 0.27516464929120765 0.12000000102759922 -0.0004952648472582268
    endloop
  endfacet
  facet normal 0.0 0.0 0.0
    outer loop
      vertex 0.27516464929120765 0.12000000102759922 0.0004959535025654702
      vertex 0.020124305052924975 0.005000001056988765 0.0004959588973627222
      vertex 0.2751057503654264 0.12000000102759922 0.0004921339865660172
    endloop
  endfacet
  facet normal 0.0 0.0 0.0
    outer loop
      vertex 0.2750474007560514 0.12000000102759922 0.0004871060361260646
      vertex 0.019987220091987473 0.005000001056988767 0.0004851207509744491
      vertex 0.2749491951896451 0.12000000102759922 0.00047584170080564546
    endloop
  endfacet
  facet normal 0.0 0.0 0.0
    outer loop
      vertex 0.2751057503654264 0.12000000102759922 0.0004921339865660172
      vertex 0.019987220091987473 0.005000001056988767 0.0004851207509744491
      vertex 0.2750474007560514 0.12000000102759922 0.0004871060361260646
    endloop
  endfacet
  facet normal 0.0 0.0 0.0
    outer loop
      vertex 0.020124305052924975 0.005000001056988765 0.0004959588973627222
      vertex 0.019987220091987473 0.005000001056988767 0.0004851207509744491
      vertex 0.2751057503654264 0.12000000102759922 0.0004921339865660172
    endloop
  endfacet
  facet normal 0.0 0.0 0.0
    outer loop
      vertex 0.2749491951896451 0.12000000102759922 0.00047584170080564546
      vertex 0.019867102904487476 0.005000001056988768 0.00046990202973934723
      vertex 0.2748536141349576 0.12000000102759924 0.00046121101240096605
    endloop
  endfacet
  facet normal 0.0 0.0 0.0
    outer loop
      vertex 0.019987220091987473 0.005000001056988767 0.0004851207509744491
      vertex 0.019867102904487476 0.005000001056988768 0.00046990202973934723
      vertex 0.2749491951896451 0.12000000102759922 0.00047584170080564546
    endloop
  endfacet
  facet normal 0.0 0.0 0.0
    outer loop
      vertex 0.2748536141349576 0.12000000102759924 0.00046121101240096605
      vertex 0.019762793822456225 0.004999998359590465 0.0004519130804453222
      vertex 0.27477146081464515 0.119999990238006 0.0004454905750812017
    endloop
  endfacet
  facet normal 0.0 0.0 0.0
    outer loop
      vertex 0.019867102904487476 0.005000001056988768 0.00046990202973934723
      vertex 0.019762793822456225 0.004999998359590465 0.0004519130804453222
      vertex 0.2748536141349576 0.12000000102759924 0.00046121101240096605
    endloop
  endfacet
  facet normal 0.0 0.0 0.0
    outer loop
      vertex 0.2747118294669889 0.12000000102759924 0.00043207911071024087
      vertex 0.019663001341987476 0.005000001056988771 0.0004300182984060954
      vertex 0.2746540902091764 0.12000000102759924 0.0004172973680004972
    endloop
  endfacet
  facet normal 0.0 0.0 0.0
    outer loop
      vertex 0.27477146081464515 0.119999990238006 0.0004454905750812017
      vertex 0.019663001341987476 0.005000001056988771 0.0004300182984060954
      vertex 0.2747118294669889 0.12000000102759924 0.00043207911071024087
    endloop
  endfacet
  facet normal 0.0 0.0 0.0
    outer loop
      vertex 0.019762793822456225 0.004999998359590465 0.0004519130804453222
      vertex 0.019663001341987476 0.005000001056988771 0.0004300182984060954
      vertex 0.27477146081464515 0.119999990238006 0.0004454905750812017
    endloop
  endfacet
  facet normal 0.0 0.0 0.0
    outer loop
      vertex 0.2746540902091764 0.12000000102759924 0.0004172973680004972
      vertex 0.019577796263862475 0.004999998359590467 0.0004071308737907393
      vertex 0.2745984261466764 0.12000000102759924 0.00040124245329094065
    endloop
  endfacet
  facet normal 0.0 0.0 0.0
    outer loop
      vertex 0.019663001341987476 0.005000001056988771 0.0004300182984060954
      vertex 0.019577796263862475 0.004999998359590467 0.0004071308737907393
      vertex 0.2746540902091764 0.12000000102759924 0.0004172973680004972
    endloop
  endfacet
  facet normal 0.0 0.0 0.0
    outer loop
      vertex 0.2745450814201139 0.12000000102759924 0.0003839143665815712
      vertex 0.019505286498237476 0.0050000010569887735 0.0003840923948703208
      vertex 0.27449417809980137 0.12000000102759924 0.0003653994246181256
    endloop
  endfacet
  facet normal 0.0 0.0 0.0
    outer loop
      vertex 0.2745984261466764 0.12000000102759924 0.00040124245329094065
      vertex 0.019505286498237476 0.0050000010569887735 0.0003840923948703208
      vertex 0.2745450814201139 0.12000000102759924 0.0003839143665815712
    endloop
  endfacet
  facet normal 0.0 0.0 0.0
    outer loop
      vertex 0.019577796263862475 0.004999998359590467 0.0004071308737907393
      vertex 0.019505286498237476 0.0050000010569887735 0.0003840923948703208
      vertex 0.2745984261466764 0.12000000102759924 0.00040124245329094065
    endloop
  endfacet
  facet normal 0.0 0.0 0.0
    outer loop
      vertex 0.27449417809980137 0.12000000102759924 0.0003653994246181256
      vertex 0.019437232299018725 0.004999998359590469 0.0003588744181197066
      vertex 0.2744510872794889 0.12000000102759924 0.0003479634419765674
    endloop
  endfacet
  facet normal 0.0 0.0 0.0
    outer loop
      vertex 0.019505286498237476 0.0050000010569887735 0.0003840923948703208
      vertex 0.019437232299018725 0.004999998359590469 0.0003588744181197066
      vertex 0.27449417809980137 0.12000000102759924 0.0003653994246181256
    endloop
  endfacet
  facet normal 0.0 0.0 0.0
    outer loop
      vertex 0.2744202034904264 0.12000000102759924 0.0003343253961480102
      vertex 0.019380042357612474 0.005000001056988774 0.00033443329208084505
      vertex 0.2743905404044889 0.12000000102759924 0.00032023418740427447
    endloop
  endfacet
  facet normal 0.0 0.0 0.0
    outer loop
      vertex 0.2744510872794889 0.12000000102759924 0.0003479634419765674
      vertex 0.019380042357612474 0.005000001056988774 0.00033443329208084505
      vertex 0.2744202034904264 0.12000000102759924 0.0003343253961480102
    endloop
  endfacet
  facet normal 0.0 0.0 0.0
    outer loop
      vertex 0.019437232299018725 0.004999998359590469 0.0003588744181197066
      vertex 0.019380042357612474 0.005000001056988774 0.00033443329208084505
      vertex 0.2744510872794889 0.12000000102759924 0.0003479634419765674
    endloop
  endfacet
  facet normal 0.0 0.0 0.0
    outer loop
      vertex 0.2743905404044889 0.12000000102759924 0.00032023418740427447
      vertex 0.019332190795112475 0.005000001056988775 0.0003111223759316522
      vertex 0.27436215905683264 0.12000000102759924 0.00030568981574534605
    endloop
  endfacet
  facet normal 0.0 0.0 0.0
    outer loop
      vertex 0.019380042357612474 0.005000001056988774 0.00033443329208084505
      vertex 0.019332190795112475 0.005000001056988775 0.0003111223759316522
      vertex 0.2743905404044889 0.12000000102759924 0.00032023418740427447
    endloop
  endfacet
  facet normal 0.0 0.0 0.0
    outer loop
      vertex 0.27433518151777014 0.12000000102759924 0.0002907354395441146
      vertex 0.019292090697456223 0.005000001056988776 0.0002891493693415885
      vertex 0.27430954675214514 0.12000000102759924 0.0002753710588005518
    endloop
  endfacet
  facet normal 0.0 0.0 0.0
    outer loop
      vertex 0.27436215905683264 0.12000000102759924 0.00030568981574534605
      vertex 0.019292090697456223 0.005000001056988776 0.0002891493693415885
      vertex 0.27433518151777014 0.12000000102759924 0.0002907354395441146
    endloop
  endfacet
  facet normal 0.0 0.0 0.0
    outer loop
      vertex 0.019332190795112475 0.005000001056988775 0.0003111223759316522
      vertex 0.019292090697456223 0.005000001056988776 0.0002891493693415885
      vertex 0.27436215905683264 0.12000000102759924 0.00030568981574534605
    endloop
  endfacet
  facet normal 0.0 0.0 0.0
    outer loop
      vertex 0.27430954675214514 0.12000000102759924 0.0002753710588005518
      vertex 0.019258582396674974 0.005000001056988776 0.00026862756303945237
      vertex 0.2742853157951139 0.12000000102759924 0.00025961825270112373
    endloop
  endfacet
  facet normal 0.0 0.0 0.0
    outer loop
      vertex 0.019292090697456223 0.005000001056988776 0.0002891493693415885
      vertex 0.019258582396674974 0.005000001056988776 0.00026862756303945237
      vertex 0.27430954675214514 0.12000000102759924 0.0002753710588005518
    endloop
  endfacet
  facet normal 0.0 0.0 0.0
    outer loop
      vertex 0.019258582396674974 0.005000001056988776 0.00026862756303945237
      vertex 0.01923056725995622 0.005000001056988777 0.00024959472060150876
      vertex 0.2742853157951139 0.12000000102759924 0.00025961825270112373
    endloop
  endfacet
  facet normal 0.0 0.0 0.0
    outer loop
      vertex 0.2742853157951139 0.12000000102759924 0.00025961825270112373
      vertex 0.01923056725995622 0.005000001056988777 0.00024959472060150876
      vertex 0.27426499108808267 0.12000000102759924 0.00024531125209301054
    endloop
  endfacet
  facet normal 0.0 0.0 0.0
    outer loop
      vertex 0.01923056725995622 0.005000001056988777 0.00024959472060150876
      vertex 0.01920712975995622 0.004999998359590472 0.00023204274983284367
      vertex 0.27426499108808267 0.12000000102759924 0.00024531125209301054
    endloop
  endfacet
  facet normal 0.0 0.0 0.0
    outer loop
      vertex 0.2742505257560514 0.12000000102759924 0.00023441376294203308
      vertex 0.01920712975995622 0.004999998359590472 0.00023204274983284367
      vertex 0.2742366707755826 0.12000000102759924 0.00022336521948599142
    endloop
  endfacet
  facet normal 0.0 0.0 0.0
    outer loop
      vertex 0.27426499108808267 0.12000000102759924 0.00024531125209301054
      vertex 0.01920712975995622 0.004999998359590472 0.00023204274983284367
      vertex 0.2742505257560514 0.12000000102759924 0.00023441376294203308
    endloop
  endfacet
  facet normal 0.0 0.0 0.0
    outer loop
      vertex 0.01920712975995622 0.004999998359590472 0.00023204274983284367
      vertex 0.01918546227948747 0.005000001056988777 0.0002141185380981314
      vertex 0.2742366707755826 0.12000000102759924 0.00022336521948599142
    endloop
  endfacet
  facet normal 0.0 0.0 0.0
    outer loop
      vertex 0.2742235482169889 0.12000000102759924 0.00021216562172488552
      vertex 0.01918546227948747 0.005000001056988777 0.0002141185380981314
      vertex 0.27421109704511387 0.12000000102759924 0.00020085812803159796
    endloop
  endfacet
  facet normal 0.0 0.0 0.0
    outer loop
      vertex 0.2742366707755826 0.12000000102759924 0.00022336521948599142
      vertex 0.01918546227948747 0.005000001056988777 0.0002141185380981314
      vertex 0.2742235482169889 0.12000000102759924 0.00021216562172488552
    endloop
  endfacet
  facet normal 0.0 0.0 0.0
    outer loop
      vertex 0.27421109704511387 0.12000000102759924 0.00020085812803159796
      vertex 0.01916745690839372 0.004999998359590472 0.00019769407982082976
      vertex 0.27419931725995766 0.11999999023800602 0.00018941036962646506
    endloop
  endfacet
  facet normal 0.0 0.0 0.0
    outer loop
      vertex 0.01918546227948747 0.005000001056988777 0.0002141185380981314
      vertex 0.01916745690839372 0.004999998359590472 0.00019769407982082976
      vertex 0.27421109704511387 0.12000000102759924 0.00020085812803159796
    endloop
  endfacet
  facet normal 0.0 0.0 0.0
    outer loop
      vertex 0.27419931725995766 0.11999999023800602 0.00018941036962646506
      vertex 0.019152442259956222 0.004999998359590472 0.00018269115045010408
      vertex 0.2741882088615201 0.12000000102759924 0.00017785471528913632
    endloop
  endfacet
  facet normal 0.0 0.0 0.0
    outer loop
      vertex 0.01916745690839372 0.004999998359590472 0.00019769407982082976
      vertex 0.019152442259956222 0.004999998359590472 0.00018269115045010408
      vertex 0.27419931725995766 0.11999999023800602 0.00018941036962646506
    endloop
  endfacet
  facet normal 0.0 0.0 0.0
    outer loop
      vertex 0.2741882088615201 0.12000000102759924 0.00017785471528913632
      vertex 0.019138648314643722 0.005000001056988777 0.0001674967057997443
      vertex 0.2741778328849576 0.12000000102759924 0.00016618037542641417
    endloop
  endfacet
  facet normal 0.0 0.0 0.0
    outer loop
      vertex 0.019152442259956222 0.004999998359590472 0.00018269115045010408
      vertex 0.019138648314643722 0.005000001056988777 0.0001674967057997443
      vertex 0.2741882088615201 0.12000000102759924 0.00017785471528913632
    endloop
  endfacet
  facet normal 0.0 0.0 0.0
    outer loop
      vertex 0.019138648314643722 0.005000001056988777 0.0001674967057997443
      vertex 0.01912729577558122 0.004999998359590475 0.00015367253948817127
      vertex 0.2741778328849576 0.12000000102759924 0.00016618037542641417
    endloop
  endfacet
  facet normal 0.0 0.0 0.0
    outer loop
      vertex 0.27416818933027015 0.12000000102759924 0.00015441971881792683
      vertex 0.01912729577558122 0.004999998359590475 0.00015367253948817127
      vertex 0.27415830163495764 0.11999999023800602 0.00014122404631135765
    endloop
  endfacet
  facet normal 0.0 0.0 0.0
    outer loop
      vertex 0.2741778328849576 0.12000000102759924 0.00016618037542641417
      vertex 0.01912729577558122 0.004999998359590475 0.00015367253948817127
      vertex 0.27416818933027015 0.12000000102759924 0.00015441971881792683
    endloop
  endfacet
  facet normal 0.0 0.0 0.0
    outer loop
      vertex 0.01912729577558122 0.004999998359590475 0.00015367253948817127
      vertex 0.01911789636151872 0.005000001056988778 0.00014111615037980618
      vertex 0.27415830163495764 0.11999999023800602 0.00014122404631135765
    endloop
  endfacet
  facet normal 0.0 0.0 0.0
    outer loop
      vertex 0.2741495125724576 0.12000000102759924 0.000128308903228465
      vertex 0.019109290404487472 0.005000001056988778 0.00012846535233077593
      vertex 0.2741422493888639 0.12000000102759924 0.00011639719231491341
    endloop
  endfacet
  facet normal 0.0 0.0 0.0
    outer loop
      vertex 0.27415830163495764 0.11999999023800602 0.00014122404631135765
      vertex 0.019109290404487472 0.005000001056988778 0.00012846535233077593
      vertex 0.2741495125724576 0.12000000102759924 0.000128308903228465
    endloop
  endfacet
  facet normal 0.0 0.0 0.0
    outer loop
      vertex 0.01911789636151872 0.005000001056988778 0.00014111615037980618
      vertex 0.019109290404487472 0.005000001056988778 0.00012846535233077593
      vertex 0.27415830163495764 0.11999999023800602 0.00014122404631135765
    endloop
  endfacet
  facet normal 0.0 0.0 0.0
    outer loop
      vertex 0.2741422493888639 0.12000000102759924 0.00011639719231491341
      vertex 0.01910147790448747 0.004999998359590475 0.00011572554013769088
      vertex 0.2741358406974576 0.12000000102759924 0.00010476601082506676
    endloop
  endfacet
  facet normal 0.0 0.0 0.0
    outer loop
      vertex 0.019109290404487472 0.005000001056988778 0.00012846535233077593
      vertex 0.01910147790448747 0.004999998359590475 0.00011572554013769088
      vertex 0.2741422493888639 0.12000000102759924 0.00011639719231491341
    endloop
  endfacet
  facet normal 0.0 0.0 0.0
    outer loop
      vertex 0.01910147790448747 0.004999998359590475 0.00011572554013769088
      vertex 0.01909519128339372 0.00500000105698878 0.00010418876758850093
      vertex 0.2741358406974576 0.12000000102759924 0.00010476601082506676
    endloop
  endfacet
  facet normal 0.0 0.0 0.0
    outer loop
      vertex 0.2741358406974576 0.12000000102759924 0.00010476601082506676
      vertex 0.019090064330268722 0.004999998359590475 9.375792834423668e-05
      vertex 0.2741300423576139 0.12000000102759924 9.289745828439066e-05
    endloop
  endfacet
  facet normal 0.0 0.0 0.0
    outer loop
      vertex 0.01909519128339372 0.00500000105698878 0.00010418876758850093
      vertex 0.019090064330268722 0.004999998359590475 9.375792834423668e-05
      vertex 0.2741358406974576 0.12000000102759924 0.00010476601082506676
    endloop
  endfacet
  facet normal 0.0 0.0 0.0
    outer loop
      vertex 0.2741300423576139 0.12000000102759924 9.289745828439066e-05
      vertex 0.01908554772870622 0.00500000105698878 8.328393072709738e-05
      vertex 0.2741250374748014 0.12000000102759924 8.128785598098176e-05
    endloop
  endfacet
  facet normal 0.0 0.0 0.0
    outer loop
      vertex 0.019090064330268722 0.004999998359590475 9.375792834423668e-05
      vertex 0.01908554772870622 0.00500000105698878 8.328393072709738e-05
      vertex 0.2741300423576139 0.12000000102759924 9.289745828439066e-05
    endloop
  endfacet
  facet normal 0.0 0.0 0.0
    outer loop
      vertex 0.2741250374748014 0.12000000102759924 8.128785598098176e-05
      vertex 0.01908151940839372 0.00500000105698878 7.27748669319972e-05
      vertex 0.27412107018964516 0.12000000102759924 7.06493170672573e-05
    endloop
  endfacet
  facet normal 0.0 0.0 0.0
    outer loop
      vertex 0.01908554772870622 0.00500000105698878 8.328393072709738e-05
      vertex 0.01908151940839372 0.00500000105698878 7.27748669319972e-05
      vertex 0.2741250374748014 0.12000000102759924 8.128785598098176e-05
    endloop
  endfacet
  facet normal 0.0 0.0 0.0
    outer loop
      vertex 0.27412107018964516 0.12000000102759924 7.06493170672573e-05
      vertex 0.019078040404487472 0.004999998359590475 6.223073695893567e-05
      vertex 0.27411777429120765 0.12000000102759924 6.026972839077871e-05
    endloop
  endfacet
  facet normal 0.0 0.0 0.0
    outer loop
      vertex 0.01908151940839372 0.00500000105698878 7.27748669319972e-05
      vertex 0.019078040404487472 0.004999998359590475 6.223073695893567e-05
      vertex 0.27412107018964516 0.12000000102759924 7.06493170672573e-05
    endloop
  endfacet
  facet normal 0.0 0.0 0.0
    outer loop
      vertex 0.27411777429120765 0.12000000102759924 6.026972839077871e-05
      vertex 0.019075110716987472 0.00500000105698878 5.165963300282739e-05
      vertex 0.2741150277091764 0.12000000102759924 4.997645646005111e-05
    endloop
  endfacet
  facet normal 0.0 0.0 0.0
    outer loop
      vertex 0.019078040404487472 0.004999998359590475 6.223073695893567e-05
      vertex 0.019075110716987472 0.00500000105698878 5.165963300282739e-05
      vertex 0.27411777429120765 0.12000000102759924 6.026972839077871e-05
    endloop
  endfacet
  facet normal 0.0 0.0 0.0
    outer loop
      vertex 0.2741150277091764 0.12000000102759924 4.997645646005111e-05
      vertex 0.01907273034589372 0.00500000105698878 4.106425246197665e-05
      vertex 0.27411276940839513 0.12000000102759924 3.968318452933062e-05
    endloop
  endfacet
  facet normal 0.0 0.0 0.0
    outer loop
      vertex 0.019075110716987472 0.00500000105698878 5.165963300282739e-05
      vertex 0.01907273034589372 0.00500000105698878 4.106425246197665e-05
      vertex 0.2741150277091764 0.12000000102759924 4.997645646005111e-05
    endloop
  endfacet
  facet normal 0.0 0.0 0.0
    outer loop
      vertex 0.27411276940839513 0.12000000102759924 3.968318452933062e-05
      vertex 0.01907102136151872 0.004999998359590475 3.151276506504397e-05
      vertex 0.27411118249433264 0.12000000102759924 3.0080446564603848e-05
    endloop
  endfacet
  facet normal 0.0 0.0 0.0
    outer loop
      vertex 0.01907273034589372 0.00500000105698878 4.106425246197665e-05
      vertex 0.01907102136151872 0.004999998359590475 3.151276506504397e-05
      vertex 0.27411276940839513 0.12000000102759924 3.968318452933062e-05
    endloop
  endfacet
  facet normal 0.0 0.0 0.0
    outer loop
      vertex 0.27411118249433264 0.12000000102759924 3.0080446564603848e-05
      vertex 0.019069739623237474 0.004999998359590475 2.12140983377096e-05
      vertex 0.2741099007560514 0.12000000102759924 1.970085788813236e-05
    endloop
  endfacet
  facet normal 0.0 0.0 0.0
    outer loop
      vertex 0.01907102136151872 0.004999998359590475 3.151276506504397e-05
      vertex 0.019069739623237474 0.004999998359590475 2.12140983377096e-05
      vertex 0.27411118249433264 0.12000000102759924 3.0080446564603848e-05
    endloop
  endfacet
  facet normal 0.0 0.0 0.0
    outer loop
      vertex 0.2741099007560514 0.12000000102759924 1.970085788813236e-05
      vertex 0.019068946166206226 0.00500000105698878 1.090733941546196e-05
      vertex 0.27410922936933263 0.12000000102759924 9.450744330287363e-06
    endloop
  endfacet
  facet normal 0.0 0.0 0.0
    outer loop
      vertex 0.019069739623237474 0.004999998359590475 2.12140983377096e-05
      vertex 0.019068946166206226 0.00500000105698878 1.090733941546196e-05
      vertex 0.2741099007560514 0.12000000102759924 1.970085788813236e-05
    endloop
  endfacet
  facet normal 0.0 0.0 0.0
    outer loop
      vertex 0.27410922936933263 0.12000000102759924 9.450744330287363e-06
      vertex 0.019068702025581225 0.00500000105698878 1.5096037218964575e-06
      vertex 0.27410898522870764 0.12000000102759924 -8.209484140095924e-07
    endloop
  endfacet
  facet normal 0.0 0.0 0.0
    outer loop
      vertex 0.019068946166206226 0.00500000105698878 1.090733941546196e-05
      vertex 0.019068702025581225 0.00500000105698878 1.5096037218964575e-06
      vertex 0.27410922936933263 0.12000000102759924 9.450744330287363e-06
    endloop
  endfacet
  facet normal 0.0 0.0 0.0
    outer loop
      vertex 0.019068702025581225 0.00500000105698878 1.5096037218964575e-06
      vertex 0.019068885131049974 0.004999998359590475 -8.753996827476573e-06
      vertex 0.27410898522870764 0.12000000102759924 -8.209484140095924e-07
    endloop
  endfacet
  facet normal 0.0 0.0 0.0
    outer loop
      vertex 0.27410898522870764 0.12000000102759924 -8.209484140095924e-07
      vertex 0.019068885131049974 0.004999998359590475 -8.753996827476573e-06
      vertex 0.2741092904044889 0.12000000102759924 -1.0207894514344673e-05
    endloop
  endfacet
  facet normal 0.0 0.0 0.0
    outer loop
      vertex 0.2741092904044889 0.12000000102759924 -1.0207894514344673e-05
      vertex 0.019069617552924974 0.00500000105698878 -1.9012202580240167e-05
      vertex 0.27411008386152014 0.12000000102759924 -2.0522745631517126e-05
    endloop
  endfacet
  facet normal 0.0 0.0 0.0
    outer loop
      vertex 0.019068885131049974 0.004999998359590475 -8.753996827476573e-06
      vertex 0.019069617552924974 0.00500000105698878 -1.9012202580240167e-05
      vertex 0.2741092904044889 0.12000000102759924 -1.0207894514344673e-05
    endloop
  endfacet
  facet normal 0.0 0.0 0.0
    outer loop
      vertex 0.27411008386152014 0.12000000102759924 -2.0522745631517126e-05
      vertex 0.019070838256049973 0.00500000105698878 -2.9391791256714318e-05
      vertex 0.27411136559980137 0.12000000102759924 -3.081601756223762e-05
    endloop
  endfacet
  facet normal 0.0 0.0 0.0
    outer loop
      vertex 0.019069617552924974 0.00500000105698878 -1.9012202580240167e-05
      vertex 0.019070838256049973 0.00500000105698878 -2.9391791256714318e-05
      vertex 0.27411008386152014 0.12000000102759924 -2.0522745631517126e-05
    endloop
  endfacet
  facet normal 0.0 0.0 0.0
    outer loop
      vertex 0.27411136559980137 0.12000000102759924 -3.081601756223762e-05
      vertex 0.019072425170112473 0.004999998359590475 -3.899183182313193e-05
      vertex 0.2741130135490201 0.12000000102759924 -4.037559715408889e-05
    endloop
  endfacet
  facet normal 0.0 0.0 0.0
    outer loop
      vertex 0.019070838256049973 0.00500000105698878 -2.9391791256714318e-05
      vertex 0.019072425170112473 0.004999998359590475 -3.899183182313193e-05
      vertex 0.27411136559980137 0.12000000102759924 -3.081601756223762e-05
    endloop
  endfacet
  facet normal 0.0 0.0 0.0
    outer loop
      vertex 0.2741130135490201 0.12000000102759924 -4.037559715408889e-05
      vertex 0.019074683470893725 0.00500000105698878 -4.929319594877102e-05
      vertex 0.2741153939201139 0.12000000102759924 -5.0970977694937855e-05
    endloop
  endfacet
  facet normal 0.0 0.0 0.0
    outer loop
      vertex 0.019072425170112473 0.004999998359590475 -3.899183182313193e-05
      vertex 0.019074683470893725 0.00500000105698878 -4.929319594877102e-05
      vertex 0.2741130135490201 0.12000000102759924 -4.037559715408889e-05
    endloop
  endfacet
  facet normal 0.0 0.0 0.0
    outer loop
      vertex 0.2741153939201139 0.12000000102759924 -5.0970977694937855e-05
      vertex 0.019077430052924973 0.00500000105698878 -5.957028348966675e-05
      vertex 0.2741183236076139 0.12000000102759924 -6.154477904934907e-05
    endloop
  endfacet
  facet normal 0.0 0.0 0.0
    outer loop
      vertex 0.019074683470893725 0.00500000105698878 -4.929319594877102e-05
      vertex 0.019077430052924973 0.00500000105698878 -5.957028348966675e-05
      vertex 0.2741153939201139 0.12000000102759924 -5.0970977694937855e-05
    endloop
  endfacet
  facet normal 0.0 0.0 0.0
    outer loop
      vertex 0.019077430052924973 0.00500000105698878 -5.957028348966675e-05
      vertex 0.019080786986518723 0.004999998359590475 -6.995256956444651e-05
      vertex 0.2741183236076139 0.12000000102759924 -6.154477904934907e-05
    endloop
  endfacet
  facet normal 0.0 0.0 0.0
    outer loop
      vertex 0.2741183236076139 0.12000000102759924 -6.154477904934907e-05
      vertex 0.019080786986518723 0.004999998359590475 -6.995256956444651e-05
      vertex 0.27412180261152014 0.11999999023800603 -7.208621162410367e-05
    endloop
  endfacet
  facet normal 0.0 0.0 0.0
    outer loop
      vertex 0.019080786986518723 0.004999998359590475 -6.995256956444651e-05
      vertex 0.019084693236518725 0.00500000105698878 -8.05992006730869e-05
      vertex 0.27412180261152014 0.11999999023800603 -7.208621162410367e-05
    endloop
  endfacet
  facet normal 0.0 0.0 0.0
    outer loop
      vertex 0.27412180261152014 0.11999999023800603 -7.208621162410367e-05
      vertex 0.019084693236518725 0.00500000105698878 -8.05992006730869e-05
      vertex 0.2741258309318326 0.11999999023800602 -8.259527541920164e-05
    endloop
  endfacet
  facet normal 0.0 0.0 0.0
    outer loop
      vertex 0.019084693236518725 0.00500000105698878 -8.05992006730869e-05
      vertex 0.019089698119331224 0.004999998359590475 -9.220071078158965e-05
      vertex 0.2741258309318326 0.11999999023800602 -8.259527541920164e-05
    endloop
  endfacet
  facet normal 0.0 0.0 0.0
    outer loop
      vertex 0.2741258309318326 0.11999999023800602 -8.259527541920164e-05
      vertex 0.019089698119331224 0.004999998359590475 -9.220071078158965e-05
      vertex 0.27413040856855136 0.12000000102759924 -9.3071970434643e-05
    endloop
  endfacet
  facet normal 0.0 0.0 0.0
    outer loop
      vertex 0.019089698119331224 0.004999998359590475 -9.220071078158965e-05
      vertex 0.019095496459174976 0.00500000105698878 -0.00010408275031378045
      vertex 0.27413040856855136 0.12000000102759924 -9.3071970434643e-05
    endloop
  endfacet
  facet normal 0.0 0.0 0.0
    outer loop
      vertex 0.2741355355216764 0.12000000102759924 -0.00010349471748400418
      vertex 0.019095496459174976 0.00500000105698878 -0.00010408275031378045
      vertex 0.27414182214277016 0.12000000102759924 -0.00011503958222809985
    endloop
  endfacet
  facet normal 0.0 0.0 0.0
    outer loop
      vertex 0.27413040856855136 0.12000000102759924 -9.3071970434643e-05
      vertex 0.019095496459174976 0.00500000105698878 -0.00010408275031378045
      vertex 0.2741355355216764 0.12000000102759924 -0.00010349471748400418
    endloop
  endfacet
  facet normal 0.0 0.0 0.0
    outer loop
      vertex 0.019095496459174976 0.00500000105698878 -0.00010408275031378045
      vertex 0.019101905150581223 0.00500000105698878 -0.0001157139318036351
      vertex 0.27414182214277016 0.12000000102759924 -0.00011503958222809985
    endloop
  endfacet
  facet normal 0.0 0.0 0.0
    outer loop
      vertex 0.27414182214277016 0.12000000102759924 -0.00011503958222809985
      vertex 0.019101905150581223 0.00500000105698878 -0.0001157139318036351
      vertex 0.27414963464277015 0.12000000102759924 -0.00012777130222627164
    endloop
  endfacet
  facet normal 0.0 0.0 0.0
    outer loop
      vertex 0.019101905150581223 0.00500000105698878 -0.0001157139318036351
      vertex 0.019109168334174975 0.004999998359590473 -0.0001276121557256542
      vertex 0.27414963464277015 0.12000000102759924 -0.00012777130222627164
    endloop
  endfacet
  facet normal 0.0 0.0 0.0
    outer loop
      vertex 0.019109168334174975 0.004999998359590473 -0.0001276121557256542
      vertex 0.019117957396674976 0.005000001056988778 -0.00014053539100345925
      vertex 0.27414963464277015 0.12000000102759924 -0.00012777130222627164
    endloop
  endfacet
  facet normal 0.0 0.0 0.0
    outer loop
      vertex 0.27415817956464517 0.11999999023800603 -0.00014042749507191133
      vertex 0.019117957396674976 0.005000001056988778 -0.00014053539100345925
      vertex 0.27416757897870764 0.12000000102759924 -0.00015297579198536227
    endloop
  endfacet
  facet normal 0.0 0.0 0.0
    outer loop
      vertex 0.27414963464277015 0.12000000102759924 -0.00012777130222627164
      vertex 0.019117957396674976 0.005000001056988778 -0.00014053539100345925
      vertex 0.27415817956464517 0.11999999023800603 -0.00014042749507191133
    endloop
  endfacet
  facet normal 0.0 0.0 0.0
    outer loop
      vertex 0.019117957396674976 0.005000001056988778 -0.00014053539100345925
      vertex 0.019127845091987474 0.005000001056988778 -0.00015372566871342785
      vertex 0.27416757897870764 0.12000000102759924 -0.00015297579198536227
    endloop
  endfacet
  facet normal 0.0 0.0 0.0
    outer loop
      vertex 0.019127845091987474 0.005000001056988778 -0.00015372566871342785
      vertex 0.019137549681831224 0.004999998359590473 -0.00016549441751682225
      vertex 0.27416757897870764 0.12000000102759924 -0.00015297579198536227
    endloop
  endfacet
  facet normal 0.0 0.0 0.0
    outer loop
      vertex 0.27416757897870764 0.12000000102759924 -0.00015297579198536227
      vertex 0.019137549681831224 0.004999998359590473 -0.00016549441751682225
      vertex 0.2741789925529264 0.12000000102759924 -0.0001668080504918521
    endloop
  endfacet
  facet normal 0.0 0.0 0.0
    outer loop
      vertex 0.019137549681831224 0.004999998359590473 -0.00016549441751682225
      vertex 0.019147925658393725 0.004999998359590472 -0.00017716336258294206
      vertex 0.2741789925529264 0.12000000102759924 -0.0001668080504918521
    endloop
  endfacet
  facet normal 0.0 0.0 0.0
    outer loop
      vertex 0.2741789925529264 0.12000000102759924 -0.0001668080504918521
      vertex 0.019147925658393725 0.004999998359590472 -0.00017716336258294206
      vertex 0.27419278649823886 0.12000000102759924 -0.00018199979774390584
    endloop
  endfacet
  facet normal 0.0 0.0 0.0
    outer loop
      vertex 0.019147925658393725 0.004999998359590472 -0.00017716336258294206
      vertex 0.019158973021674974 0.005000001056988778 -0.0001887217143185702
      vertex 0.27419278649823886 0.12000000102759924 -0.00018199979774390584
    endloop
  endfacet
  facet normal 0.0 0.0 0.0
    outer loop
      vertex 0.27419278649823886 0.12000000102759924 -0.00018199979774390584
      vertex 0.019158973021674974 0.005000001056988778 -0.0001887217143185702
      vertex 0.27420774011152016 0.12000000102759924 -0.00019699733231802696
    endloop
  endfacet
  facet normal 0.0 0.0 0.0
    outer loop
      vertex 0.019158973021674974 0.005000001056988778 -0.0001887217143185702
      vertex 0.01917075280683122 0.005000001056988777 -0.00020016407792709546
      vertex 0.27420774011152016 0.12000000102759924 -0.00019699733231802696
    endloop
  endfacet
  facet normal 0.0 0.0 0.0
    outer loop
      vertex 0.27420774011152016 0.12000000102759924 -0.00019699733231802696
      vertex 0.01917075280683122 0.005000001056988777 -0.00020016407792709546
      vertex 0.2742258065177701 0.11999999023800602 -0.0002134298827902441
    endloop
  endfacet
  facet normal 0.0 0.0 0.0
    outer loop
      vertex 0.01917075280683122 0.005000001056988777 -0.00020016407792709546
      vertex 0.01918320397870622 0.004999998359590472 -0.0002114796638153007
      vertex 0.2742258065177701 0.11999999023800602 -0.0002134298827902441
    endloop
  endfacet
  facet normal 0.0 0.0 0.0
    outer loop
      vertex 0.01918320397870622 0.004999998359590472 -0.0002114796638153007
      vertex 0.01919638757245622 0.005000001056988777 -0.00022266577458487992
      vertex 0.2742258065177701 0.11999999023800602 -0.0002134298827902441
    endloop
  endfacet
  facet normal 0.0 0.0 0.0
    outer loop
      vertex 0.2742258065177701 0.11999999023800602 -0.0002134298827902441
      vertex 0.01919638757245622 0.005000001056988777 -0.00022266577458487992
      vertex 0.2742474739982389 0.12000000102759924 -0.00023135139712665166
    endloop
  endfacet
  facet normal 0.0 0.0 0.0
    outer loop
      vertex 0.01919638757245622 0.005000001056988777 -0.00022266577458487992
      vertex 0.01921018151776872 0.004999998359590472 -0.0002337170154392245
      vertex 0.2742474739982389 0.12000000102759924 -0.00023135139712665166
    endloop
  endfacet
  facet normal 0.0 0.0 0.0
    outer loop
      vertex 0.01921018151776872 0.004999998359590472 -0.0002337170154392245
      vertex 0.01922464684979997 0.005000001056988777 -0.0002446225967851152
      vertex 0.2742474739982389 0.12000000102759924 -0.00023135139712665166
    endloop
  endfacet
  facet normal 0.0 0.0 0.0
    outer loop
      vertex 0.2742474739982389 0.12000000102759924 -0.00023135139712665166
      vertex 0.01922464684979997 0.005000001056988777 -0.0002446225967851152
      vertex 0.2742709114982389 0.119999990238006 -0.0002489060652936175
    endloop
  endfacet
  facet normal 0.0 0.0 0.0
    outer loop
      vertex 0.01922464684979997 0.005000001056988777 -0.0002446225967851152
      vertex 0.01924497155683122 0.005000001056988776 -0.0002589242025966199
      vertex 0.2742709114982389 0.119999990238006 -0.0002489060652936175
    endloop
  endfacet
  facet normal 0.0 0.0 0.0
    outer loop
      vertex 0.2742709114982389 0.119999990238006 -0.0002489060652936175
      vertex 0.01924497155683122 0.005000001056988776 -0.0002589242025966199
      vertex 0.27429892663495764 0.12000000102759924 -0.00026792811813833593
    endloop
  endfacet
  facet normal 0.0 0.0 0.0
    outer loop
      vertex 0.27429892663495764 0.12000000102759924 -0.00026792811813833593
      vertex 0.01926920251386247 0.0049999983595904705 -0.0002746743112977468
      vertex 0.2743324349357389 0.11999999023800602 -0.0002884607140336968
    endloop
  endfacet
  facet normal 0.0 0.0 0.0
    outer loop
      vertex 0.01924497155683122 0.005000001056988776 -0.0002589242025966199
      vertex 0.01926920251386247 0.0049999983595904705 -0.0002746743112977468
      vertex 0.27429892663495764 0.12000000102759924 -0.00026792811813833593
    endloop
  endfacet
  facet normal 0.0 0.0 0.0
    outer loop
      vertex 0.01926920251386247 0.0049999983595904705 -0.0002746743112977468
      vertex 0.01929483727948747 0.004999998359590471 -0.00029004408683791196
      vertex 0.2743324349357389 0.11999999023800602 -0.0002884607140336968
    endloop
  endfacet
  facet normal 0.0 0.0 0.0
    outer loop
      vertex 0.2743324349357389 0.11999999023800602 -0.0002884607140336968
      vertex 0.01932187585370622 0.0049999983595904705 -0.000305009252632372
      vertex 0.2743724739982389 0.12000000102759924 -0.0003104391154203725
    endloop
  endfacet
  facet normal 0.0 0.0 0.0
    outer loop
      vertex 0.01929483727948747 0.004999998359590471 -0.00029004408683791196
      vertex 0.01932187585370622 0.0049999983595904705 -0.000305009252632372
      vertex 0.2743324349357389 0.11999999023800602 -0.0002884607140336968
    endloop
  endfacet
  facet normal 0.0 0.0 0.0
    outer loop
      vertex 0.2743724739982389 0.12000000102759924 -0.0003104391154203725
      vertex 0.019350196166206222 0.0049999983595904705 -0.0003195482294946901
      vertex 0.2744203865958951 0.12000000102759924 -0.0003337446367729555
    endloop
  endfacet
  facet normal 0.0 0.0 0.0
    outer loop
      vertex 0.01932187585370622 0.0049999983595904705 -0.000305009252632372
      vertex 0.019350196166206222 0.0049999983595904705 -0.0003195482294946901
      vertex 0.2743724739982389 0.12000000102759924 -0.0003104391154203725
    endloop
  endfacet
  facet normal 0.0 0.0 0.0
    outer loop
      vertex 0.019350196166206222 0.0049999983595904705 -0.0003195482294946901
      vertex 0.019379859252143722 0.0049999983595904705 -0.0003336448330350383
      vertex 0.2744203865958951 0.12000000102759924 -0.0003337446367729555
    endloop
  endfacet
  facet normal 0.0 0.0 0.0
    outer loop
      vertex 0.2744203865958951 0.12000000102759924 -0.0003337446367729555
      vertex 0.01941074304120622 0.00499999835959047 -0.0003472774840669781
      vertex 0.27447757653730137 0.12000000102759924 -0.00035819385500672496
    endloop
  endfacet
  facet normal 0.0 0.0 0.0
    outer loop
      vertex 0.019379859252143722 0.0049999983595904705 -0.0003336448330350383
      vertex 0.01941074304120622 0.00499999835959047 -0.0003472774840669781
      vertex 0.2744203865958951 0.12000000102759924 -0.0003337446367729555
    endloop
  endfacet
  facet normal 0.0 0.0 0.0
    outer loop
      vertex 0.01941074304120622 0.00499999835959047 -0.0003472774840669781
      vertex 0.01945383386151872 0.0050000010569887735 -0.00036469997971701716
      vertex 0.27447757653730137 0.12000000102759924 -0.00035819385500672496
    endloop
  endfacet
  facet normal 0.0 0.0 0.0
    outer loop
      vertex 0.27447757653730137 0.12000000102759924 -0.00035819385500672496
      vertex 0.01945383386151872 0.0050000010569887735 -0.00036469997971701716
      vertex 0.27454563073652016 0.12000000102759924 -0.0003833983447658156
    endloop
  endfacet
  facet normal 0.0 0.0 0.0
    outer loop
      vertex 0.01945383386151872 0.0050000010569887735 -0.00036469997971701716
      vertex 0.01950473718183122 0.004999998359590469 -0.00038322301387537337
      vertex 0.27454563073652016 0.12000000102759924 -0.0003833983447658156
    endloop
  endfacet
  facet normal 0.0 0.0 0.0
    outer loop
      vertex 0.01950473718183122 0.004999998359590469 -0.00038322301387537337
      vertex 0.01955814294354997 0.004999998359590468 -0.0004005457057881392
      vertex 0.27454563073652016 0.12000000102759924 -0.0003833983447658156
    endloop
  endfacet
  facet normal 0.0 0.0 0.0
    outer loop
      vertex 0.27454563073652016 0.12000000102759924 -0.0003833983447658156
      vertex 0.01955814294354997 0.004999998359590468 -0.0004005457057881392
      vertex 0.2746180794669889 0.12000000102759924 -0.0004064449158811527
    endloop
  endfacet
  facet normal 0.0 0.0 0.0
    outer loop
      vertex 0.01955814294354997 0.004999998359590468 -0.0004005457057881392
      vertex 0.01961374597089372 0.005000001056988772 -0.0004166141074892202
      vertex 0.2746180794669889 0.12000000102759924 -0.0004064449158811527
    endloop
  endfacet
  facet normal 0.0 0.0 0.0
    outer loop
      vertex 0.2746180794669889 0.12000000102759924 -0.0004064449158811527
      vertex 0.01961374597089372 0.005000001056988772 -0.0004166141074892202
      vertex 0.27470334558027015 0.119999990238006 -0.00042932964309820674
    endloop
  endfacet
  facet normal 0.0 0.0 0.0
    outer loop
      vertex 0.01961374597089372 0.005000001056988772 -0.0004166141074892202
      vertex 0.01967148522870622 0.004999998359590466 -0.0004313823632074376
      vertex 0.27470334558027015 0.119999990238006 -0.00042932964309820674
    endloop
  endfacet
  facet normal 0.0 0.0 0.0
    outer loop
      vertex 0.01967148522870622 0.004999998359590466 -0.0004313823632074376
      vertex 0.01973111657636247 0.00500000105698877 -0.0004448019197733069
      vertex 0.27470334558027015 0.119999990238006 -0.00042932964309820674
    endloop
  endfacet
  facet normal 0.0 0.0 0.0
    outer loop
      vertex 0.27470334558027015 0.119999990238006 -0.00042932964309820674
      vertex 0.01973111657636247 0.00500000105698877 -0.0004448019197733069
      vertex 0.27480313806073886 0.12000000102759922 -0.0004512217277391315
    endloop
  endfacet
  facet normal 0.0 0.0 0.0
    outer loop
      vertex 0.01973111657636247 0.00500000105698877 -0.0004448019197733069
      vertex 0.01981333093183122 0.005000001056988768 -0.0004605223570930819
      vertex 0.27480313806073886 0.12000000102759922 -0.0004512217277391315
    endloop
  endfacet
  facet normal 0.0 0.0 0.0
    outer loop
      vertex 0.27480313806073886 0.12000000102759922 -0.0004512217277391315
      vertex 0.01981333093183122 0.005000001056988768 -0.0004605223570930819
      vertex 0.27490744714277016 0.12000000102759922 -0.00046921876922807824
    endloop
  endfacet
  facet normal 0.0 0.0 0.0
    outer loop
      vertex 0.01981333093183122 0.005000001056988768 -0.0004605223570930819
      vertex 0.019908911986518722 0.004999998359590463 -0.0004751449533028458
      vertex 0.27490744714277016 0.12000000102759922 -0.00046921876922807824
    endloop
  endfacet
  facet normal 0.0 0.0 0.0
    outer loop
      vertex 0.27490744714277016 0.12000000102759922 -0.00046921876922807824
      vertex 0.019908911986518722 0.004999998359590463 -0.0004751449533028458
      vertex 0.2750275032951139 0.12000000102759922 -0.00048443209566656264
    endloop
  endfacet
  facet normal 0.0 0.0 0.0
    outer loop
      vertex 0.019908911986518722 0.004999998359590463 -0.0004751449533028458
      vertex 0.02000711755292497 0.004999998359590462 -0.0004864254730130897
      vertex 0.2750275032951139 0.12000000102759922 -0.00048443209566656264
    endloop
  endfacet
  facet normal 0.0 0.0 0.0
    outer loop
      vertex 0.02000711755292497 0.004999998359590462 -0.0004864254730130897
      vertex 0.02006540612714372 0.004999998359590462 -0.0004914372390632181
      vertex 0.2750275032951139 0.12000000102759922 -0.00048443209566656264
    endloop
  endfacet
  facet normal 0.0 0.0 0.0
    outer loop
      vertex 0.2750275032951139 0.12000000102759922 -0.00048443209566656264
      vertex 0.02006540612714372 0.004999998359590462 -0.0004914372390632181
      vertex 0.27516464929120765 0.12000000102759922 -0.0004952648472582268
    endloop
  endfacet
  facet normal 0.0 0.0 0.0
    outer loop
      vertex 0.02006540612714372 0.004999998359590462 -0.0004914372390632181
      vertex 0.020124305052924972 0.005000001056988765 -0.0004952702420541928
      vertex 0.27516464929120765 0.12000000102759922 -0.0004952648472582268
    endloop
  endfacet
  facet normal 0.0 0.0 0.0
    outer loop
      vertex 0.27514853600995764 0.12000000102759922 0.0005455208938125793
      vertex 0.020108252806831223 0.005000001056988765 0.000545520893813229
      vertex 0.06833689050214371 0.005000001056988129 0.00318874465095878
    endloop
  endfacet
  facet normal 0.0 0.0 0.0
    outer loop
      vertex 0.06833689050214371 0.005000001056988129 0.00318874465095878
      vertex 0.3233771737052702 0.11999999023800537 0.003188744650958128
      vertex 0.27514853600995764 0.12000000102759922 0.0005455208938125793
    endloop
  endfacet
  facet normal 0.0 0.0 0.0
    outer loop
      vertex 0.06835294274823747 0.005000001056988129 0.0031391826545082734
      vertex 0.3233932869865202 0.12000000102759859 0.003139188049304238
      vertex 0.3233771737052702 0.11999999023800537 0.003188744650958128
    endloop
  endfacet
  facet normal 0.0 0.0 0.0
    outer loop
      vertex 0.06833689050214371 0.005000001056988129 0.00318874465095878
      vertex 0.06835294274823747 0.005000001056988129 0.0031391826545082734
      vertex 0.3233771737052702 0.11999999023800537 0.003188744650958128
    endloop
  endfacet
  facet normal 0.0 0.0 0.0
    outer loop
      vertex 0.3233932869865202 0.12000000102759859 0.003139188049304238
      vertex 0.06835294274823747 0.005000001056988129 0.0031391826545082734
      vertex 0.27516464929120765 0.12000000102759922 0.0004959535025654702
    endloop
  endfacet
  facet normal 0.0 0.0 0.0
    outer loop
      vertex 0.020124305052924975 0.005000001056988765 0.0004959588973627222
      vertex 0.27516464929120765 0.12000000102759922 0.0004959535025654702
      vertex 0.06835294274823747 0.005000001056988129 0.0031391826545082734
    endloop
  endfacet
endsolid mesh
