solid mesh
  facet normal 0.0 0.0 0.0
    outer loop
      vertex 0.09217197350995604 -0.0032289007005765107 -0.018752535958980198
      vertex 0.16333579186933106 -0.003345053368975547 -0.0192278202376674
      vertex 0.07863693933026857 -0.0031099508301358847 -0.018252303443373863
    endloop
  endfacet
  facet normal 0.0 0.0 0.0
    outer loop
      vertex 0.10508194665448731 -0.0033057522756757248 -0.019068430971841816
      vertex 0.16333579186933106 -0.003345053368975547 -0.0192278202376674
      vertex 0.09217197350995604 -0.0032289007005765107 -0.018752535958980198
    endloop
  endfacet
  facet normal 0.0 0.0 0.0
    outer loop
      vertex 0.11909848718183107 -0.003346299566992026 -0.019232950689242155
      vertex 0.16333579186933106 -0.003345053368975547 -0.0192278202376674
      vertex 0.10508194665448731 -0.0033057522756757248 -0.019068430971841816
    endloop
  endfacet
  facet normal 0.0 0.0 0.0
    outer loop
      vertex 0.16333579186933106 -0.003345053368975547 -0.0192278202376674
      vertex 0.06435410241620608 -0.002945155978108618 -0.017535178524883416
      vertex 0.07863693933026857 -0.0031099508301358847 -0.018252303443373863
    endloop
  endfacet
  facet normal 0.0 0.0 0.0
    outer loop
      vertex 0.3578552620841748 -0.003331685062978751 -0.019174271486525958
      vertex 0.3587043831779248 -0.003316965360430024 -0.0191155410332378
      vertex 0.35700266198651853 -0.0033366833420373503 -0.019193975981141753
    endloop
  endfacet
  facet normal 0.0 0.0 0.0
    outer loop
      vertex 0.3587043831779248 -0.003316965360430024 -0.0191155410332378
      vertex 0.35954868249433103 -0.0032928101586114666 -0.019018005807938266
      vertex 0.35700266198651853 -0.0033366833420373503 -0.019193975981141753
    endloop
  endfacet
  facet normal 0.0 0.0 0.0
    outer loop
      vertex 0.35954868249433103 -0.0032928101586114666 -0.019018005807938266
      vertex 0.3603867562247999 -0.0032595242635315084 -0.018881884299890038
      vertex 0.35700266198651853 -0.0033366833420373503 -0.019193975981141753
    endloop
  endfacet
  facet normal 0.0 0.0 0.0
    outer loop
      vertex 0.35700266198651853 -0.0033366833420373503 -0.019193975981141753
      vertex 0.3603867562247999 -0.0032595242635315084 -0.018881884299890038
      vertex 0.16333579186933106 -0.003345053368975547 -0.0192278202376674
    endloop
  endfacet
  facet normal 0.0 0.0 0.0
    outer loop
      vertex 0.3603867562247999 -0.0032595242635315084 -0.018881884299890038
      vertex 0.36121720056073736 -0.0032174124811985808 -0.018707384208762584
      vertex 0.16333579186933106 -0.003345053368975547 -0.0192278202376674
    endloop
  endfacet
  facet normal 0.0 0.0 0.0
    outer loop
      vertex 0.36121720056073736 -0.0032174124811985808 -0.018707384208762584
      vertex 0.36203861169354984 -0.0031667742228245047 -0.018494729418615182
      vertex 0.16333579186933106 -0.003345053368975547 -0.0192278202376674
    endloop
  endfacet
  facet normal 0.0 0.0 0.0
    outer loop
      vertex 0.36203861169354984 -0.0031667742228245047 -0.018494729418615182
      vertex 0.3628495858146436 -0.0031078981100278844 -0.01824413302391391
      vertex 0.16333579186933106 -0.003345053368975547 -0.0192278202376674
    endloop
  endfacet
  facet normal 0.0 0.0 0.0
    outer loop
      vertex 0.3628495858146436 -0.0031078981100278844 -0.01824413302391391
      vertex 0.3636487191154249 -0.0030410997384103682 -0.017955813513921448
      vertex 0.16333579186933106 -0.003345053368975547 -0.0192278202376674
    endloop
  endfacet
  facet normal 0.0 0.0 0.0
    outer loop
      vertex 0.3636487191154249 -0.0030410997384103682 -0.017955813513921448
      vertex 0.36443363122479994 -0.0029668457578786683 -0.01763043175122245
      vertex 0.16333579186933106 -0.003345053368975547 -0.0192278202376674
    endloop
  endfacet
  facet normal 0.0 0.0 0.0
    outer loop
      vertex 0.16333579186933106 -0.003345053368975547 -0.0192278202376674
      vertex 0.36520035485761243 -0.002886066770847906 -0.01726950097626584
      vertex 0.06435410241620608 -0.002945155978108618 -0.017535178524883416
    endloop
  endfacet
  facet normal 0.0 0.0 0.0
    outer loop
      vertex 0.36443363122479994 -0.0029668457578786683 -0.01763043175122245
      vertex 0.36520035485761243 -0.002886066770847906 -0.01726950097626584
      vertex 0.16333579186933106 -0.003345053368975547 -0.0192278202376674
    endloop
  endfacet
  facet normal 0.0 0.0 0.0
    outer loop
      vertex 0.06435410241620608 -0.002945155978108618 -0.017535178524883416
      vertex 0.3659477303458937 -0.002799515351445091 -0.016873698236026108
      vertex 0.05015579919354984 -0.0027467218718234747 -0.016626465497005246
    endloop
  endfacet
  facet normal 0.0 0.0 0.0
    outer loop
      vertex 0.36520035485761243 -0.002886066770847906 -0.01726950097626584
      vertex 0.3659477303458937 -0.002799515351445091 -0.016873698236026108
      vertex 0.06435410241620608 -0.002945155978108618 -0.017535178524883416
    endloop
  endfacet
  facet normal 0.0 0.0 0.0
    outer loop
      vertex 0.3659477303458937 -0.002799515351445091 -0.016873698236026108
      vertex 0.3666745980216749 -0.0027079117050175785 -0.01644368978788451
      vertex 0.05015579919354984 -0.0027467218718234747 -0.016626465497005246
    endloop
  endfacet
  facet normal 0.0 0.0 0.0
    outer loop
      vertex 0.3666745980216749 -0.0027079117050175785 -0.01644368978788451
      vertex 0.3673796151115187 -0.0026119949187008553 -0.015980106823044342
      vertex 0.05015579919354984 -0.0027467218718234747 -0.016626465497005246
    endloop
  endfacet
  facet normal 0.0 0.0 0.0
    outer loop
      vertex 0.3673796151115187 -0.0026119949187008553 -0.015980106823044342
      vertex 0.36806174401776864 -0.002512490592638884 -0.015483610204090262
      vertex 0.05015579919354984 -0.0027467218718234747 -0.016626465497005246
    endloop
  endfacet
  facet normal 0.0 0.0 0.0
    outer loop
      vertex 0.05015579919354984 -0.0027467218718234747 -0.016626465497005246
      vertex 0.36806174401776864 -0.002512490592638884 -0.015483610204090262
      vertex 0.03606961755292486 -0.0025214162836269373 -0.015528443661306816
    endloop
  endfacet
  facet normal 0.0 0.0 0.0
    outer loop
      vertex 0.36806174401776864 -0.002512490592638884 -0.015483610204090262
      vertex 0.3687197030021437 -0.0024101324191705435 -0.014954847306615391
      vertex 0.03606961755292486 -0.0025214162836269373 -0.015528443661306816
    endloop
  endfacet
  facet normal 0.0 0.0 0.0
    outer loop
      vertex 0.3687197030021437 -0.0024101324191705435 -0.014954847306615391
      vertex 0.3693523934318312 -0.0023056486958381007 -0.01439447090100947
      vertex 0.03606961755292486 -0.0025214162836269373 -0.015528443661306816
    endloop
  endfacet
  facet normal 0.0 0.0 0.0
    outer loop
      vertex 0.03606961755292486 -0.0025214162836269373 -0.015528443661306816
      vertex 0.3693523934318312 -0.0023056486958381007 -0.01439447090100947
      vertex 0.02208792809979988 -0.002277158774941598 -0.014240908015516971
    endloop
  endfacet
  facet normal 0.0 0.0 0.0
    outer loop
      vertex 0.3693523934318312 -0.0023056486958381007 -0.01439447090100947
      vertex 0.36995810632245624 -0.0021998729187177072 -0.013803573433585896
      vertex 0.02208792809979988 -0.002277158774941598 -0.014240908015516971
    endloop
  endfacet
  facet normal 0.0 0.0 0.0
    outer loop
      vertex 0.36995810632245624 -0.0021998729187177072 -0.013803573433585896
      vertex 0.37053354577558123 -0.0020941376025718854 -0.013185300070767953
      vertex 0.02208792809979988 -0.002277158774941598 -0.014240908015516971
    endloop
  endfacet
  facet normal 0.0 0.0 0.0
    outer loop
      vertex 0.02208792809979988 -0.002277158774941598 -0.014240908015516971
      vertex 0.37053354577558123 -0.0020941376025718854 -0.013185300070767953
      vertex 0.008330786986518653 -0.0020266594865791907 -0.012777895820413358
    endloop
  endfacet
  facet normal 0.0 0.0 0.0
    outer loop
      vertex 0.37053354577558123 -0.0020941376025718854 -0.013185300070767953
      vertex 0.37107767419355 -0.0019892654538835658 -0.012541045367479166
      vertex 0.008330786986518653 -0.0020266594865791907 -0.012777895820413358
    endloop
  endfacet
  facet normal 0.0 0.0 0.0
    outer loop
      vertex 0.37107767419355 -0.0019892654538835658 -0.012541045367479166
      vertex 0.37158975915448744 -0.0018860117441780648 -0.011871877493448191
      vertex 0.008330786986518653 -0.0020266594865791907 -0.012777895820413358
    endloop
  endfacet
  facet normal 0.0 0.0 0.0
    outer loop
      vertex 0.008330786986518653 -0.0020266594865791907 -0.012777895820413358
      vertex 0.37158975915448744 -0.0018860117441780648 -0.011871877493448191
      vertex -0.005410423950981318 -0.0017764083588608158 -0.01111857237149049
    endloop
  endfacet
  facet normal 0.0 0.0 0.0
    outer loop
      vertex 0.37158975915448744 -0.0018860117441780648 -0.011871877493448191
      vertex 0.3720690682365187 -0.0017851236527857831 -0.011178856526208782
      vertex -0.005410423950981318 -0.0017764083588608158 -0.01111857237149049
    endloop
  endfacet
  facet normal 0.0 0.0 0.0
    outer loop
      vertex -0.005786400513481318 -0.0017687342606839502 -0.01106386643647292
      vertex 0.3720690682365187 -0.0017851236527857831 -0.011178856526208782
      vertex -0.006159874634575068 -0.001759306853609031 -0.010996412597067351
    endloop
  endfacet
  facet normal 0.0 0.0 0.0
    outer loop
      vertex -0.005410423950981318 -0.0017764083588608158 -0.01111857237149049
      vertex 0.3720690682365187 -0.0017851236527857831 -0.011178856526208782
      vertex -0.005786400513481318 -0.0017687342606839502 -0.01106386643647292
    endloop
  endfacet
  facet normal 0.0 0.0 0.0
    outer loop
      vertex -0.008223595337700057 -0.0016752936860109174 -0.010372984506089082
      vertex 0.3725148690177687 -0.0016873591486303407 -0.010463037148498071
      vertex -0.008717858033012553 -0.0016471193607183522 -0.010154859392179734
    endloop
  endfacet
  facet normal 0.0 0.0 0.0
    outer loop
      vertex -0.007719750122856309 -0.00170078409999031 -0.010566468886485023
      vertex 0.3725148690177687 -0.0016873591486303407 -0.010463037148498071
      vertex -0.008223595337700057 -0.0016752936860109174 -0.010372984506089082
    endloop
  endfacet
  facet normal 0.0 0.0 0.0
    outer loop
      vertex -0.007207176880668813 -0.001723407179571808 -0.010735042793537087
      vertex 0.3725148690177687 -0.0016873591486303407 -0.010463037148498071
      vertex -0.007719750122856309 -0.00170078409999031 -0.010566468886485023
    endloop
  endfacet
  facet normal 0.0 0.0 0.0
    outer loop
      vertex -0.006686913208793816 -0.0017429768042723905 -0.010878449974406323
      vertex 0.3725148690177687 -0.0016873591486303407 -0.010463037148498071
      vertex -0.007207176880668813 -0.001723407179571808 -0.010735042793537087
    endloop
  endfacet
  facet normal 0.0 0.0 0.0
    outer loop
      vertex -0.006159874634575068 -0.001759306853609031 -0.010996412597067351
      vertex 0.3725148690177687 -0.0016873591486303407 -0.010463037148498071
      vertex -0.006686913208793816 -0.0017429768042723905 -0.010878449974406323
    endloop
  endfacet
  facet normal 0.0 0.0 0.0
    outer loop
      vertex 0.3720690682365187 -0.0017851236527857831 -0.011178856526208782
      vertex 0.3725148690177687 -0.0016873591486303407 -0.010463037148498071
      vertex -0.006159874634575068 -0.001759306853609031 -0.010996412597067351
    endloop
  endfacet
  facet normal 0.0 0.0 0.0
    outer loop
      vertex -0.009671288208793793 -0.0015837871459223605 -0.009647217123430614
      vertex 0.37292642907636253 -0.0015934600162455278 -0.009725484832646413
      vertex -0.010127159790825038 -0.0015493413695713736 -0.009359474856675338
    endloop
  endfacet
  facet normal 0.0 0.0 0.0
    outer loop
      vertex -0.009201195435356297 -0.001616485008171903 -0.00991254940507047
      vertex 0.37292642907636253 -0.0015934600162455278 -0.009725484832646413
      vertex -0.009671288208793793 -0.0015837871459223605 -0.009647217123430614
    endloop
  endfacet
  facet normal 0.0 0.0 0.0
    outer loop
      vertex -0.008717858033012553 -0.0016471193607183522 -0.010154859392179734
      vertex 0.37292642907636253 -0.0015934600162455278 -0.009725484832646413
      vertex -0.009201195435356297 -0.001616485008171903 -0.00991254940507047
    endloop
  endfacet
  facet normal 0.0 0.0 0.0
    outer loop
      vertex 0.3725148690177687 -0.0016873591486303407 -0.010463037148498071
      vertex 0.37292642907636253 -0.0015934600162455278 -0.009725484832646413
      vertex -0.008717858033012553 -0.0016471193607183522 -0.010154859392179734
    endloop
  endfacet
  facet normal 0.0 0.0 0.0
    outer loop
      vertex 0.37292642907636253 -0.0015934600162455278 -0.009725484832646413
      vertex 0.3733030770255813 -0.0015041842245549675 -0.008967259656187556
      vertex -0.010127159790825038 -0.0015493413695713736 -0.009359474856675338
    endloop
  endfacet
  facet normal 0.0 0.0 0.0
    outer loop
      vertex -0.010568077759575032 -0.0015134794591104214 -0.009049864781863879
      vertex 0.3733030770255813 -0.0015041842245549675 -0.008967259656187556
      vertex -0.010993187622856275 -0.0014765089179462384 -0.008718937168250396
    endloop
  endfacet
  facet normal 0.0 0.0 0.0
    outer loop
      vertex -0.010127159790825038 -0.0015493413695713736 -0.009359474856675338
      vertex 0.3733030770255813 -0.0015041842245549675 -0.008967259656187556
      vertex -0.010568077759575032 -0.0015134794591104214 -0.009049864781863879
    endloop
  endfacet
  facet normal 0.0 0.0 0.0
    outer loop
      vertex -0.011401695923637519 -0.0014387561312736933 -0.008367234192894138
      vertex 0.37364395837323755 -0.0014202978346771911 -0.008189650975511142
      vertex -0.011792870240043763 -0.0014005312998978266 -0.007995298032854346
    endloop
  endfacet
  facet normal 0.0 0.0 0.0
    outer loop
      vertex -0.010993187622856275 -0.0014765089179462384 -0.008718937168250396
      vertex 0.37364395837323755 -0.0014202978346771911 -0.008189650975511142
      vertex -0.011401695923637519 -0.0014387561312736933 -0.008367234192894138
    endloop
  endfacet
  facet normal 0.0 0.0 0.0
    outer loop
      vertex 0.3733030770255813 -0.0015041842245549675 -0.008967259656187556
      vertex 0.37364395837323755 -0.0014202978346771911 -0.008189650975511142
      vertex -0.010993187622856275 -0.0014765089179462384 -0.008718937168250396
    endloop
  endfacet
  facet normal 0.0 0.0 0.0
    outer loop
      vertex -0.012165306763481258 -0.0013622417309626473 -0.007604302056393565
      vertex 0.3739474862052688 -0.00134268559325614 -0.00739645133263358
      vertex -0.012517296509575001 -0.0013243567717731723 -0.007196134442325078
    endloop
  endfacet
  facet normal 0.0 0.0 0.0
    outer loop
      vertex -0.011792870240043763 -0.0014005312998978266 -0.007995298032854346
      vertex 0.3739474862052688 -0.00134268559325614 -0.00739645133263358
      vertex -0.012165306763481258 -0.0013622417309626473 -0.007604302056393565
    endloop
  endfacet
  facet normal 0.0 0.0 0.0
    outer loop
      vertex 0.37364395837323755 -0.0014202978346771911 -0.008189650975511142
      vertex 0.3739474862052688 -0.00134268559325614 -0.00739645133263358
      vertex -0.011792870240043763 -0.0014005312998978266 -0.007995298032854346
    endloop
  endfacet
  facet normal 0.0 0.0 0.0
    outer loop
      vertex -0.012848290161918744 -0.0012871893205327477 -0.006771604410140301
      vertex 0.3742130501701125 -0.0012719004669442776 -0.006589681078885084
      vertex -0.013157738404106235 -0.0012510441832498031 -0.006331513087135725
    endloop
  endfacet
  facet normal 0.0 0.0 0.0
    outer loop
      vertex -0.012517296509575001 -0.0013243567717731723 -0.007196134442325078
      vertex 0.3742130501701125 -0.0012719004669442776 -0.006589681078885084
      vertex -0.012848290161918744 -0.0012871893205327477 -0.006771604410140301
    endloop
  endfacet
  facet normal 0.0 0.0 0.0
    outer loop
      vertex 0.3739474862052688 -0.00134268559325614 -0.00739645133263358
      vertex 0.3742130501701125 -0.0012719004669442776 -0.006589681078885084
      vertex -0.012517296509575001 -0.0013243567717731723 -0.007196134442325078
    endloop
  endfacet
  facet normal 0.0 0.0 0.0
    outer loop
      vertex -0.013445091919731226 -0.0012162288633310744 -0.005876642718819715
      vertex 0.3744404061271439 -0.001208414500444925 -0.005770583714884121
      vertex -0.01370992346269997 -0.001183048166784992 -0.005407789037692154
    endloop
  endfacet
  facet normal 0.0 0.0 0.0
    outer loop
      vertex -0.013157738404106235 -0.0012510441832498031 -0.006331513087135725
      vertex 0.3744404061271439 -0.001208414500444925 -0.005770583714884121
      vertex -0.013445091919731226 -0.0012162288633310744 -0.005876642718819715
    endloop
  endfacet
  facet normal 0.0 0.0 0.0
    outer loop
      vertex 0.3742130501701125 -0.0012719004669442776 -0.006589681078885084
      vertex 0.3744404061271439 -0.001208414500444925 -0.005770583714884121
      vertex -0.013157738404106235 -0.0012510441832498031 -0.006331513087135725
    endloop
  endfacet
  facet normal 0.0 0.0 0.0
    outer loop
      vertex -0.01395162268144996 -0.001151812294416597 -0.00492573698665971
      vertex 0.3746294930412064 -0.001152691646266492 -0.004940400043850852
      vertex -0.014169701294731201 -0.0011228233548360145 -0.004431284995620574
    endloop
  endfacet
  facet normal 0.0 0.0 0.0
    outer loop
      vertex -0.01370992346269997 -0.001183048166784992 -0.005407789037692154
      vertex 0.3746294930412064 -0.001152691646266492 -0.004940400043850852
      vertex -0.01395162268144996 -0.001151812294416597 -0.00492573698665971
    endloop
  endfacet
  facet normal 0.0 0.0 0.0
    outer loop
      vertex 0.3744404061271439 -0.001208414500444925 -0.005770583714884121
      vertex 0.3746294930412064 -0.001152691646266492 -0.004940400043850852
      vertex -0.01370992346269997 -0.001183048166784992 -0.005407789037692154
    endloop
  endfacet
  facet normal 0.0 0.0 0.0
    outer loop
      vertex -0.014169701294731201 -0.0011228233548360145 -0.004431284995620574
      vertex 0.3747797615958939 -0.0011052471074851735 -0.004101776213522185
      vertex -0.014363243775199942 -0.0010964562864075982 -0.003926464205498181
    endloop
  endfacet
  facet normal 0.0 0.0 0.0
    outer loop
      vertex 0.3746294930412064 -0.001152691646266492 -0.004940400043850852
      vertex 0.3747797615958939 -0.0011052471074851735 -0.004101776213522185
      vertex -0.014169701294731201 -0.0011228233548360145 -0.004431284995620574
    endloop
  endfacet
  facet normal 0.0 0.0 0.0
    outer loop
      vertex 0.3747797615958939 -0.0011052471074851735 -0.004101776213522185
      vertex 0.37489102868573765 -0.001066391084906011 -0.003257352976838418
      vertex -0.014363243775199942 -0.0010964562864075982 -0.003926464205498181
    endloop
  endfacet
  facet normal 0.0 0.0 0.0
    outer loop
      vertex -0.014531395630668681 -0.0010729970133516455 -0.003413659116393885
      vertex 0.37489102868573765 -0.001066391084906011 -0.003257352976838418
      vertex -0.014674034790824924 -0.0010525642211935632 -0.002893803028121111
    endloop
  endfacet
  facet normal 0.0 0.0 0.0
    outer loop
      vertex -0.014363243775199942 -0.0010964562864075982 -0.003926464205498181
      vertex 0.37489102868573765 -0.001066391084906011 -0.003257352976838418
      vertex -0.014531395630668681 -0.0010729970133516455 -0.003413659116393885
    endloop
  endfacet
  facet normal 0.0 0.0 0.0
    outer loop
      vertex 0.37489102868573765 -0.001066391084906011 -0.003257352976838418
      vertex 0.37496353845136265 -0.0010362989094188095 -0.0024084331771807204
      vertex -0.014674034790824924 -0.0010525642211935632 -0.002893803028121111
    endloop
  endfacet
  facet normal 0.0 0.0 0.0
    outer loop
      vertex -0.014674034790824924 -0.0010525642211935632 -0.002893803028121111
      vertex 0.37496353845136265 -0.0010362989094188095 -0.0024084331771807204
      vertex -0.014791039185356163 -0.0010352900824502815 -0.0023678265430949795
    endloop
  endfacet
  facet normal 0.0 0.0 0.0
    outer loop
      vertex 0.37496353845136265 -0.0010362989094188095 -0.0024084331771807204
      vertex 0.3749908822013626 -0.0010207807769718868 -0.001822755175476728
      vertex -0.014791039185356163 -0.0010352900824502815 -0.0023678265430949795
    endloop
  endfacet
  facet normal 0.0 0.0 0.0
    outer loop
      vertex -0.014882225708793655 -0.0010212986774438167 -0.0018366521715356971
      vertex 0.3749908822013626 -0.0010207807769718868 -0.001822755175476728
      vertex -0.014947594361137396 -0.0010107194812927938 -0.0013012132132566888
    endloop
  endfacet
  facet normal 0.0 0.0 0.0
    outer loop
      vertex -0.014791039185356163 -0.0010352900824502815 -0.0023678265430949795
      vertex 0.3749908822013626 -0.0010207807769718868 -0.001822755175476728
      vertex -0.014882225708793655 -0.0010212986774438167 -0.0018366521715356971
    endloop
  endfacet
  facet normal 0.0 0.0 0.0
    outer loop
      vertex 0.3749908822013626 -0.0010207807769718868 -0.001822755175476728
      vertex 0.37499997643964395 -0.001009548810431128 -0.0012359847274593329
      vertex -0.014947594361137396 -0.0010107194812927938 -0.0013012132132566888
    endloop
  endfacet
  facet normal 0.0 0.0 0.0
    outer loop
      vertex -0.014947594361137396 -0.0010107194812927938 -0.0013012132132566888
      vertex 0.37499997643964395 -0.001009548810431128 -0.0012359847274593329
      vertex -0.014986901001762386 -0.0010036819691158388 -0.0007624375732747706
    endloop
  endfacet
  facet normal 0.0 0.0 0.0
    outer loop
      vertex -0.015000023560356127 -0.0010003048264383579 -0.00022125315660675822
      vertex 0.37499997643964395 -0.0010010600979662458 -0.00041200776992516907
      vertex -0.015000023560356122 -0.0010000323892095833 -7.375132511100025e-05
    endloop
  endfacet
  facet normal 0.0 0.0 0.0
    outer loop
      vertex 0.37499997643964395 -0.001009548810431128 -0.0012359847274593329
      vertex 0.37499997643964395 -0.0010010600979662458 -0.00041200776992516907
      vertex -0.014986901001762386 -0.0010036819691158388 -0.0007624375732747706
    endloop
  endfacet
  facet normal 0.0 0.0 0.0
    outer loop
      vertex -0.014986901001762386 -0.0010036819691158388 -0.0007624375732747706
      vertex 0.37499997643964395 -0.0010010600979662458 -0.00041200776992516907
      vertex -0.015000023560356127 -0.0010003048264383579 -0.00022125315660675822
    endloop
  endfacet
  facet normal 0.0 0.0 0.0
    outer loop
      vertex -0.01500002356035612 -0.0010000350866078882 7.375050638475778e-05
      vertex 0.37499997643964395 -0.001001060097966246 0.00041200964858356524
      vertex -0.015000023560356117 -0.0010003075238366626 0.0002212523378805158
    endloop
  endfacet
  facet normal 0.0 0.0 0.0
    outer loop
      vertex -0.015000023560356122 -0.0010000323892095833 -7.375132511100025e-05
      vertex 0.37499997643964395 -0.001001060097966246 0.00041200964858356524
      vertex -0.01500002356035612 -0.0010000350866078882 7.375050638475778e-05
    endloop
  endfacet
  facet normal 0.0 0.0 0.0
    outer loop
      vertex -0.015000023560356117 -0.0010003075238366626 0.0002212523378805158
      vertex 0.37499997643964395 -0.001001060097966246 0.00041200964858356524
      vertex -0.01498690100176236 -0.0010036792717175343 0.0007624367545485277
    endloop
  endfacet
  facet normal 0.0 0.0 0.0
    outer loop
      vertex 0.37499997643964395 -0.0010010600979662458 -0.00041200776992516907
      vertex 0.37499997643964395 -0.001001060097966246 0.00041200964858356524
      vertex -0.015000023560356122 -0.0010000323892095833 -7.375132511100025e-05
    endloop
  endfacet
  facet normal 0.0 0.0 0.0
    outer loop
      vertex -0.01498690100176236 -0.0010036792717175343 0.0007624367545485277
      vertex 0.37499997643964395 -0.0010095488104311283 0.0012359812113211196
      vertex -0.014947594361137349 -0.0010107194812927944 0.0013012150919287492
    endloop
  endfacet
  facet normal 0.0 0.0 0.0
    outer loop
      vertex 0.37499997643964395 -0.001001060097966246 0.00041200964858356524
      vertex 0.37499997643964395 -0.0010095488104311283 0.0012359812113211196
      vertex -0.01498690100176236 -0.0010036792717175343 0.0007624367545485277
    endloop
  endfacet
  facet normal 0.0 0.0 0.0
    outer loop
      vertex 0.37499997643964395 -0.0010095488104311283 0.0012359812113211196
      vertex 0.3749908822013627 -0.0010207807769718874 0.0018227570541351245
      vertex -0.014947594361137349 -0.0010107194812927944 0.0013012150919287492
    endloop
  endfacet
  facet normal 0.0 0.0 0.0
    outer loop
      vertex -0.014947594361137349 -0.0010107194812927944 0.0013012150919287492
      vertex 0.3749908822013627 -0.0010207807769718874 0.0018227570541351245
      vertex -0.014882225708793589 -0.0010212986774438175 0.0018366540502077553
    endloop
  endfacet
  facet normal 0.0 0.0 0.0
    outer loop
      vertex -0.014882225708793589 -0.0010212986774438175 0.0018366540502077553
      vertex 0.3749908822013627 -0.0010207807769718874 0.0018227570541351245
      vertex -0.014791039185356082 -0.0010352873850519781 0.00236782572436873
    endloop
  endfacet
  facet normal 0.0 0.0 0.0
    outer loop
      vertex -0.014791039185356082 -0.0010352873850519781 0.00236782572436873
      vertex 0.3749635384513627 -0.0010362989094188104 0.002408435055839118
      vertex -0.014674034790824823 -0.0010525642211935645 0.0028938049067931616
    endloop
  endfacet
  facet normal 0.0 0.0 0.0
    outer loop
      vertex 0.3749908822013627 -0.0010207807769718874 0.0018227570541351245
      vertex 0.3749635384513627 -0.0010362989094188104 0.002408435055839118
      vertex -0.014791039185356082 -0.0010352873850519781 0.00236782572436873
    endloop
  endfacet
  facet normal 0.0 0.0 0.0
    outer loop
      vertex -0.014674034790824823 -0.0010525642211935645 0.0028938049067931616
      vertex 0.3748910286857377 -0.0010663910849060124 0.003257354855496818
      vertex -0.014531395630668563 -0.0010729943159533423 0.0034136582976676253
    endloop
  endfacet
  facet normal 0.0 0.0 0.0
    outer loop
      vertex -0.014531395630668563 -0.0010729943159533423 0.0034136582976676253
      vertex 0.3748910286857377 -0.0010663910849060124 0.003257354855496818
      vertex -0.014363243775199805 -0.0010964589838059046 0.003926463386771916
    endloop
  endfacet
  facet normal 0.0 0.0 0.0
    outer loop
      vertex 0.3749635384513627 -0.0010362989094188104 0.002408435055839118
      vertex 0.3748910286857377 -0.0010663910849060124 0.003257354855496818
      vertex -0.014674034790824823 -0.0010525642211935645 0.0028938049067931616
    endloop
  endfacet
  facet normal 0.0 0.0 0.0
    outer loop
      vertex -0.014363243775199805 -0.0010964589838059046 0.003926463386771916
      vertex 0.374779761595894 -0.0011052498048834804 0.004101775394782284
      vertex -0.014169701294731047 -0.0011228206574377122 0.004431284176894302
    endloop
  endfacet
  facet normal 0.0 0.0 0.0
    outer loop
      vertex 0.3748910286857377 -0.0010663910849060124 0.003257354855496818
      vertex 0.374779761595894 -0.0011052498048834804 0.004101775394782284
      vertex -0.014363243775199805 -0.0010964589838059046 0.003926463386771916
    endloop
  endfacet
  facet normal 0.0 0.0 0.0
    outer loop
      vertex -0.014169701294731047 -0.0011228206574377122 0.004431284176894302
      vertex 0.3746294930412066 -0.001152694343664799 0.004940399225110957
      vertex -0.013951622681449786 -0.0011518095970182948 0.00492573616793343
    endloop
  endfacet
  facet normal 0.0 0.0 0.0
    outer loop
      vertex -0.013951622681449786 -0.0011518095970182948 0.00492573616793343
      vertex 0.3746294930412066 -0.001152694343664799 0.004940399225110957
      vertex -0.013709923462699778 -0.0011830481667849946 0.005407785521567561
    endloop
  endfacet
  facet normal 0.0 0.0 0.0
    outer loop
      vertex 0.374779761595894 -0.0011052498048834804 0.004101775394782284
      vertex 0.3746294930412066 -0.001152694343664799 0.004940399225110957
      vertex -0.014169701294731047 -0.0011228206574377122 0.004431284176894302
    endloop
  endfacet
  facet normal 0.0 0.0 0.0
    outer loop
      vertex -0.013709923462699778 -0.0011830481667849946 0.005407785521567561
      vertex 0.3744404061271441 -0.001208414500444928 0.005770580198745927
      vertex -0.01344509191973102 -0.0012162261659327722 0.0058766419000934175
    endloop
  endfacet
  facet normal 0.0 0.0 0.0
    outer loop
      vertex -0.01344509191973102 -0.0012162261659327722 0.0058766419000934175
      vertex 0.3744404061271441 -0.001208414500444928 0.005770580198745927
      vertex -0.013157738404106015 -0.0012510441832498062 0.006331509571011114
    endloop
  endfacet
  facet normal 0.0 0.0 0.0
    outer loop
      vertex 0.3746294930412066 -0.001152694343664799 0.004940399225110957
      vertex 0.3744404061271441 -0.001208414500444928 0.005770580198745927
      vertex -0.013709923462699778 -0.0011830481667849946 0.005407785521567561
    endloop
  endfacet
  facet normal 0.0 0.0 0.0
    outer loop
      vertex -0.013157738404106015 -0.0012510441832498062 0.006331509571011114
      vertex 0.3742130501701128 -0.001271903164342585 0.006589680260145203
      vertex -0.012848290161918506 -0.0012871893205327516 0.006771606288812288
    endloop
  endfacet
  facet normal 0.0 0.0 0.0
    outer loop
      vertex -0.012848290161918506 -0.0012871893205327516 0.006771606288812288
      vertex 0.3742130501701128 -0.001271903164342585 0.006589680260145203
      vertex -0.01251729650957475 -0.0013243594691714805 0.007196133623598749
    endloop
  endfacet
  facet normal 0.0 0.0 0.0
    outer loop
      vertex 0.3744404061271441 -0.001208414500444928 0.005770580198745927
      vertex 0.3742130501701128 -0.001271903164342585 0.006589680260145203
      vertex -0.013157738404106015 -0.0012510441832498062 0.006331509571011114
    endloop
  endfacet
  facet normal 0.0 0.0 0.0
    outer loop
      vertex 0.3742130501701128 -0.001271903164342585 0.006589680260145203
      vertex 0.3739474862052691 -0.0013426855932561431 0.007396453211292012
      vertex -0.01251729650957475 -0.0013243594691714805 0.007196133623598749
    endloop
  endfacet
  facet normal 0.0 0.0 0.0
    outer loop
      vertex -0.01251729650957475 -0.0013243594691714805 0.007196133623598749
      vertex 0.3739474862052691 -0.0013426855932561431 0.007396453211292012
      vertex -0.012165306763480991 -0.0013622417309626512 0.007604303935065527
    endloop
  endfacet
  facet normal 0.0 0.0 0.0
    outer loop
      vertex -0.012165306763480991 -0.0013622417309626512 0.007604303935065527
      vertex 0.3739474862052691 -0.0013426855932561431 0.007396453211292012
      vertex -0.011792870240043482 -0.00140053129989783 0.007995294516729687
    endloop
  endfacet
  facet normal 0.0 0.0 0.0
    outer loop
      vertex -0.011792870240043482 -0.00140053129989783 0.007995294516729687
      vertex 0.37364395837323783 -0.0014202951372788899 0.008189650156771281
      vertex -0.011401695923637227 -0.001438756131273697 0.008367230676769465
    endloop
  endfacet
  facet normal 0.0 0.0 0.0
    outer loop
      vertex -0.011401695923637227 -0.001438756131273697 0.008367230676769465
      vertex 0.37364395837323783 -0.0014202951372788899 0.008189650156771281
      vertex -0.010993187622855971 -0.0014765116153445468 0.008718936349524014
    endloop
  endfacet
  facet normal 0.0 0.0 0.0
    outer loop
      vertex 0.3739474862052691 -0.0013426855932561431 0.007396453211292012
      vertex 0.37364395837323783 -0.0014202951372788899 0.008189650156771281
      vertex -0.011792870240043482 -0.00140053129989783 0.007995294516729687
    endloop
  endfacet
  facet normal 0.0 0.0 0.0
    outer loop
      vertex -0.010993187622855971 -0.0014765116153445468 0.008718936349524014
      vertex 0.37330307702558163 -0.0015041842245549714 0.00896726153484601
      vertex -0.010568077759574716 -0.001513479459110426 0.009049866660535784
    endloop
  endfacet
  facet normal 0.0 0.0 0.0
    outer loop
      vertex -0.010568077759574716 -0.001513479459110426 0.009049866660535784
      vertex 0.37330307702558163 -0.0015041842245549714 0.00896726153484601
      vertex -0.010127159790824711 -0.0015493440669696826 0.009359474037948923
    endloop
  endfacet
  facet normal 0.0 0.0 0.0
    outer loop
      vertex 0.37364395837323783 -0.0014202951372788899 0.008189650156771281
      vertex 0.37330307702558163 -0.0015041842245549714 0.00896726153484601
      vertex -0.010993187622855971 -0.0014765116153445468 0.008718936349524014
    endloop
  endfacet
  facet normal 0.0 0.0 0.0
    outer loop
      vertex -0.010127159790824711 -0.0015493440669696826 0.009359474037948923
      vertex 0.37292642907636286 -0.0015934600162455332 0.009725486711304882
      vertex -0.009671288208793457 -0.0015837844485240592 0.009647216304704187
    endloop
  endfacet
  facet normal 0.0 0.0 0.0
    outer loop
      vertex -0.009671288208793457 -0.0015837844485240592 0.009647216304704187
      vertex 0.37292642907636286 -0.0015934600162455332 0.009725486711304882
      vertex -0.009201195435355953 -0.0016164850081719076 0.00991255128374233
    endloop
  endfacet
  facet normal 0.0 0.0 0.0
    outer loop
      vertex -0.009201195435355953 -0.0016164850081719076 0.00991255128374233
      vertex 0.37292642907636286 -0.0015934600162455332 0.009725486711304882
      vertex -0.008717858033012197 -0.0016471193607183565 0.010154855876054967
    endloop
  endfacet
  facet normal 0.0 0.0 0.0
    outer loop
      vertex 0.37330307702558163 -0.0015041842245549714 0.00896726153484601
      vertex 0.37292642907636286 -0.0015934600162455332 0.009725486711304882
      vertex -0.010127159790824711 -0.0015493440669696826 0.009359474037948923
    endloop
  endfacet
  facet normal 0.0 0.0 0.0
    outer loop
      vertex 0.37292642907636286 -0.0015934600162455332 0.009725486711304882
      vertex 0.3725148690177691 -0.0016873564512320414 0.01046303632975825
      vertex -0.008717858033012197 -0.0016471193607183565 0.010154855876054967
    endloop
  endfacet
  facet normal 0.0 0.0 0.0
    outer loop
      vertex -0.008717858033012197 -0.0016471193607183565 0.010154855876054967
      vertex 0.3725148690177691 -0.0016873564512320414 0.01046303632975825
      vertex -0.008223595337699693 -0.0016752909886126178 0.010372983687362603
    endloop
  endfacet
  facet normal 0.0 0.0 0.0
    outer loop
      vertex -0.008223595337699693 -0.0016752909886126178 0.010372983687362603
      vertex 0.3725148690177691 -0.0016873564512320414 0.01046303632975825
      vertex -0.007719750122855941 -0.0017007814025920105 0.010566468067758527
    endloop
  endfacet
  facet normal 0.0 0.0 0.0
    outer loop
      vertex -0.007719750122855941 -0.0017007814025920105 0.010566468067758527
      vertex 0.3725148690177691 -0.0016873564512320414 0.01046303632975825
      vertex -0.007207176880668438 -0.0017234071795718133 0.010735044672208876
    endloop
  endfacet
  facet normal 0.0 0.0 0.0
    outer loop
      vertex -0.007207176880668438 -0.0017234071795718133 0.010735044672208876
      vertex 0.3725148690177691 -0.0016873564512320414 0.01046303632975825
      vertex -0.006686913208793436 -0.001742976804272395 0.010878446458281484
    endloop
  endfacet
  facet normal 0.0 0.0 0.0
    outer loop
      vertex -0.006686913208793436 -0.001742976804272395 0.010878446458281484
      vertex 0.3725148690177691 -0.0016873564512320414 0.01046303632975825
      vertex -0.006159874634574684 -0.0017593068536090354 0.010996414475739102
    endloop
  endfacet
  facet normal 0.0 0.0 0.0
    outer loop
      vertex 0.3725148690177691 -0.0016873564512320414 0.01046303632975825
      vertex 0.37206906823651914 -0.0017851236527857894 0.01117885840486728
      vertex -0.006159874634574684 -0.0017593068536090354 0.010996414475739102
    endloop
  endfacet
  facet normal 0.0 0.0 0.0
    outer loop
      vertex -0.006159874634574684 -0.0017593068536090354 0.010996414475739102
      vertex 0.37206906823651914 -0.0017851236527857894 0.01117885840486728
      vertex -0.005786400513480931 -0.0017687342606839556 0.01106386831514466
    endloop
  endfacet
  facet normal 0.0 0.0 0.0
    outer loop
      vertex -0.005786400513480931 -0.0017687342606839556 0.01106386831514466
      vertex 0.37206906823651914 -0.0017851236527857894 0.01117885840486728
      vertex -0.005410423950980931 -0.0017764110562591266 0.011118571552763913
    endloop
  endfacet
  facet normal 0.0 0.0 0.0
    outer loop
      vertex -0.005410423950980931 -0.0017764110562591266 0.011118571552763913
      vertex 0.3715897591544879 -0.0018860117441780702 0.011871879372106708
      vertex 0.008330786986519099 -0.0020266594865791967 0.012777897699084603
    endloop
  endfacet
  facet normal 0.0 0.0 0.0
    outer loop
      vertex 0.37206906823651914 -0.0017851236527857894 0.01117885840486728
      vertex 0.3715897591544879 -0.0018860117441780702 0.011871879372106708
      vertex -0.005410423950980931 -0.0017764110562591266 0.011118571552763913
    endloop
  endfacet
  facet normal 0.0 0.0 0.0
    outer loop
      vertex 0.3715897591544879 -0.0018860117441780702 0.011871879372106708
      vertex 0.37107767419355037 -0.0019892654538835723 0.012541047246137698
      vertex 0.008330786986519099 -0.0020266594865791967 0.012777897699084603
    endloop
  endfacet
  facet normal 0.0 0.0 0.0
    outer loop
      vertex 0.008330786986519099 -0.0020266594865791967 0.012777897699084603
      vertex 0.3705335457755816 -0.0020941349051735872 0.013185299252028201
      vertex 0.022087928099800373 -0.0022771587749416044 0.014240909894187734
    endloop
  endfacet
  facet normal 0.0 0.0 0.0
    outer loop
      vertex 0.37107767419355037 -0.0019892654538835723 0.012541047246137698
      vertex 0.3705335457755816 -0.0020941349051735872 0.013185299252028201
      vertex 0.008330786986519099 -0.0020266594865791967 0.012777897699084603
    endloop
  endfacet
  facet normal 0.0 0.0 0.0
    outer loop
      vertex 0.3705335457755816 -0.0020941349051735872 0.013185299252028201
      vertex 0.3699581063224567 -0.002199878313514325 0.01380356991744786
      vertex 0.022087928099800373 -0.0022771587749416044 0.014240909894187734
    endloop
  endfacet
  facet normal 0.0 0.0 0.0
    outer loop
      vertex 0.022087928099800373 -0.0022771587749416044 0.014240909894187734
      vertex 0.36935239343183174 -0.0023056486958381076 0.014394472779668061
      vertex 0.0360696175529254 -0.002521418981025248 0.015528437447782175
    endloop
  endfacet
  facet normal 0.0 0.0 0.0
    outer loop
      vertex 0.3699581063224567 -0.002199878313514325 0.01380356991744786
      vertex 0.36935239343183174 -0.0023056486958381076 0.014394472779668061
      vertex 0.022087928099800373 -0.0022771587749416044 0.014240909894187734
    endloop
  endfacet
  facet normal 0.0 0.0 0.0
    outer loop
      vertex 0.36935239343183174 -0.0023056486958381076 0.014394472779668061
      vertex 0.36871970300214424 -0.0024101324191705487 0.014954849185274007
      vertex 0.0360696175529254 -0.002521418981025248 0.015528437447782175
    endloop
  endfacet
  facet normal 0.0 0.0 0.0
    outer loop
      vertex 0.0360696175529254 -0.002521418981025248 0.015528437447782175
      vertex 0.36806174401776925 -0.0025124905926388924 0.0154836120827489
      vertex 0.05015579919355042 -0.002746719174425177 0.01662646467827672
    endloop
  endfacet
  facet normal 0.0 0.0 0.0
    outer loop
      vertex 0.36871970300214424 -0.0024101324191705487 0.014954849185274007
      vertex 0.36806174401776925 -0.0025124905926388924 0.0154836120827489
      vertex 0.0360696175529254 -0.002521418981025248 0.015528437447782175
    endloop
  endfacet
  facet normal 0.0 0.0 0.0
    outer loop
      vertex 0.36806174401776925 -0.0025124905926388924 0.0154836120827489
      vertex 0.36737961511151923 -0.0026119922213025575 0.015980106004304696
      vertex 0.05015579919355042 -0.002746719174425177 0.01662646467827672
    endloop
  endfacet
  facet normal 0.0 0.0 0.0
    outer loop
      vertex 0.06435410241620669 -0.002945155978108626 0.0175351804035527
      vertex 0.16333579186933173 -0.0033450533689755586 0.019227822116333212
      vertex 0.0786369393302692 -0.0031099481327375882 0.018252302624644338
    endloop
  endfacet
  facet normal 0.0 0.0 0.0
    outer loop
      vertex 0.0786369393302692 -0.0031099481327375882 0.018252302624644338
      vertex 0.16333579186933173 -0.0033450533689755586 0.019227822116333212
      vertex 0.0921719735099567 -0.003228898003178214 0.018752535140250194
    endloop
  endfacet
  facet normal 0.0 0.0 0.0
    outer loop
      vertex 0.0921719735099567 -0.003228898003178214 0.018752535140250194
      vertex 0.16333579186933173 -0.0033450533689755586 0.019227822116333212
      vertex 0.10508194665448797 -0.003305752275675734 0.019068432850509673
    endloop
  endfacet
  facet normal 0.0 0.0 0.0
    outer loop
      vertex 0.10508194665448797 -0.003305752275675734 0.019068432850509673
      vertex 0.16333579186933173 -0.0033450533689755586 0.019227822116333212
      vertex 0.11909848718183173 -0.0033463049617886436 0.01923294717311291
    endloop
  endfacet
  facet normal 0.0 0.0 0.0
    outer loop
      vertex 0.36737961511151923 -0.0026119922213025575 0.015980106004304696
      vertex 0.36667459802167546 -0.0027079144024158923 0.01644368357434828
      vertex 0.05015579919355042 -0.002746719174425177 0.01662646467827672
    endloop
  endfacet
  facet normal 0.0 0.0 0.0
    outer loop
      vertex 0.05015579919355042 -0.002746719174425177 0.01662646467827672
      vertex 0.36594773034589423 -0.0027995153514450994 0.01687370011468482
      vertex 0.06435410241620669 -0.002945155978108626 0.0175351804035527
    endloop
  endfacet
  facet normal 0.0 0.0 0.0
    outer loop
      vertex 0.36667459802167546 -0.0027079144024158923 0.01644368357434828
      vertex 0.36594773034589423 -0.0027995153514450994 0.01687370011468482
      vertex 0.05015579919355042 -0.002746719174425177 0.01662646467827672
    endloop
  endfacet
  facet normal 0.0 0.0 0.0
    outer loop
      vertex 0.06435410241620669 -0.002945155978108626 0.0175351804035527
      vertex 0.365200354857613 -0.002886066770847913 0.01726950285492458
      vertex 0.16333579186933173 -0.0033450533689755586 0.019227822116333212
    endloop
  endfacet
  facet normal 0.0 0.0 0.0
    outer loop
      vertex 0.36594773034589423 -0.0027995153514450994 0.01687370011468482
      vertex 0.365200354857613 -0.002886066770847913 0.01726950285492458
      vertex 0.06435410241620669 -0.002945155978108626 0.0175351804035527
    endloop
  endfacet
  facet normal 0.0 0.0 0.0
    outer loop
      vertex 0.365200354857613 -0.002886066770847913 0.01726950285492458
      vertex 0.3644336312248005 -0.0029668457578786766 0.01763043362988121
      vertex 0.16333579186933173 -0.0033450533689755586 0.019227822116333212
    endloop
  endfacet
  facet normal 0.0 0.0 0.0
    outer loop
      vertex 0.3644336312248005 -0.0029668457578786766 0.01763043362988121
      vertex 0.36364871911542546 -0.0030410970410120735 0.017955812695181938
      vertex 0.16333579186933173 -0.0033450533689755586 0.019227822116333212
    endloop
  endfacet
  facet normal 0.0 0.0 0.0
    outer loop
      vertex 0.36364871911542546 -0.0030410970410120735 0.017955812695181938
      vertex 0.3628495858146442 -0.003107898110027893 0.01824413490257273
      vertex 0.16333579186933173 -0.0033450533689755586 0.019227822116333212
    endloop
  endfacet
  facet normal 0.0 0.0 0.0
    outer loop
      vertex 0.3628495858146442 -0.003107898110027893 0.01824413490257273
      vertex 0.3620386116935505 -0.003166771525426209 0.018494728599875727
      vertex 0.16333579186933173 -0.0033450533689755586 0.019227822116333212
    endloop
  endfacet
  facet normal 0.0 0.0 0.0
    outer loop
      vertex 0.3620386116935505 -0.003166771525426209 0.018494728599875727
      vertex 0.36121720056073797 -0.0032174124811985907 0.018707386087421462
      vertex 0.16333579186933173 -0.0033450533689755586 0.019227822116333212
    endloop
  endfacet
  facet normal 0.0 0.0 0.0
    outer loop
      vertex 0.36121720056073797 -0.0032174124811985907 0.018707386087421462
      vertex 0.3603867562248005 -0.0032595242635315154 0.018881886178548947
      vertex 0.16333579186933173 -0.0033450533689755586 0.019227822116333212
    endloop
  endfacet
  facet normal 0.0 0.0 0.0
    outer loop
      vertex 0.35785526208417545 -0.0033316850629787603 0.01917427336518495
      vertex 0.35700266198651925 -0.0033366833420373594 0.019193977859800784
      vertex 0.35870438317792547 -0.003316962663031728 0.019115540214498457
    endloop
  endfacet
  facet normal 0.0 0.0 0.0
    outer loop
      vertex 0.35870438317792547 -0.003316962663031728 0.019115540214498457
      vertex 0.35700266198651925 -0.0033366833420373594 0.019193977859800784
      vertex 0.35954868249433175 -0.0032928101586114744 0.019018007686597206
    endloop
  endfacet
  facet normal 0.0 0.0 0.0
    outer loop
      vertex 0.35954868249433175 -0.0032928101586114744 0.019018007686597206
      vertex 0.35700266198651925 -0.0033366833420373594 0.019193977859800784
      vertex 0.3603867562248005 -0.0032595242635315154 0.018881886178548947
    endloop
  endfacet
  facet normal 0.0 0.0 0.0
    outer loop
      vertex 0.3603867562248005 -0.0032595242635315154 0.018881886178548947
      vertex 0.35700266198651925 -0.0033366833420373594 0.019193977859800784
      vertex 0.16333579186933173 -0.0033450533689755586 0.019227822116333212
    endloop
  endfacet
  facet normal 0.0 0.0 0.0
    outer loop
      vertex -0.015000023560356122 -0.0010000323892095833 -7.375132511100025e-05
      vertex -0.015000023560356122 -0.0007500429091268546 -8.421183573661595e-05
      vertex -0.015000023560356127 -0.0010003048264383579 -0.00022125315660675822
    endloop
  endfacet
  facet normal 0.0 0.0 0.0
    outer loop
      vertex -0.015000023560356127 -0.0010003048264383579 -0.00022125315660675822
      vertex -0.015000023560356122 -0.0007500429091268546 -8.421183573661595e-05
      vertex -0.015000023560356126 -0.0007503989657030746 -0.00025263199108530086
    endloop
  endfacet
  facet normal 0.0 0.0 0.0
    outer loop
      vertex -0.015000023560356117 -0.0010003075238366626 0.0002212523378805158
      vertex -0.015000023560356119 -0.0007500456065251593 8.421101701037364e-05
      vertex -0.01500002356035612 -0.0010000350866078882 7.375050638475778e-05
    endloop
  endfacet
  facet normal 0.0 0.0 0.0
    outer loop
      vertex -0.01500002356035612 -0.0010000350866078882 7.375050638475778e-05
      vertex -0.015000023560356119 -0.0007500456065251593 8.421101701037364e-05
      vertex -0.015000023560356122 -0.0010000323892095833 -7.375132511100025e-05
    endloop
  endfacet
  facet normal 0.0 0.0 0.0
    outer loop
      vertex -0.015000023560356122 -0.0010000323892095833 -7.375132511100025e-05
      vertex -0.015000023560356119 -0.0007500456065251593 8.421101701037364e-05
      vertex -0.015000023560356122 -0.0007500429091268546 -8.421183573661595e-05
    endloop
  endfacet
  facet normal 0.0 0.0 0.0
    outer loop
      vertex -0.015000023560356117 -0.0010003075238366626 0.0002212523378805158
      vertex -0.015000023560356115 -0.0007503962683047702 0.0002526311723590585
      vertex -0.015000023560356119 -0.0007500456065251593 8.421101701037364e-05
    endloop
  endfacet
  facet normal 0.0 0.0 0.0
    outer loop
      vertex -0.015000023560356115 -0.0007503962683047702 0.0002526311723590585
      vertex -0.015000023560356117 -0.0010003075238366626 0.0002212523378805158
      vertex -0.014999657349418615 -0.0007507334430928573 0.0003431747412528301
    endloop
  endfacet
  facet normal 0.0 0.0 0.0
    outer loop
      vertex -0.014999657349418615 -0.0007507334430928573 0.0003431747412528301
      vertex -0.01498690100176236 -0.0010036792717175343 0.0007624367545485277
      vertex -0.014982384400199856 -0.0007548011197363409 0.0008671389671436549
    endloop
  endfacet
  facet normal 0.0 0.0 0.0
    outer loop
      vertex -0.015000023560356117 -0.0010003075238366626 0.0002212523378805158
      vertex -0.01498690100176236 -0.0010036792717175343 0.0007624367545485277
      vertex -0.014999657349418615 -0.0007507334430928573 0.0003431747412528301
    endloop
  endfacet
  facet normal 0.0 0.0 0.0
    outer loop
      vertex -0.014982384400199856 -0.0007548011197363409 0.0008671389671436549
      vertex -0.014947594361137349 -0.0010107194812927944 0.0013012150919287492
      vertex -0.014939781861137346 -0.0007623808089725403 0.001392106625203827
    endloop
  endfacet
  facet normal 0.0 0.0 0.0
    outer loop
      vertex -0.01498690100176236 -0.0010036792717175343 0.0007624367545485277
      vertex -0.014947594361137349 -0.0010107194812927944 0.0013012150919287492
      vertex -0.014982384400199856 -0.0007548011197363409 0.0008671389671436549
    endloop
  endfacet
  facet normal 0.0 0.0 0.0
    outer loop
      vertex -0.014939781861137346 -0.0007623808089725403 0.001392106625203827
      vertex -0.014882225708793589 -0.0010212986774438175 0.0018366540502077553
      vertex -0.014872826294731087 -0.0007732486267421662 0.0019143903719508247
    endloop
  endfacet
  facet normal 0.0 0.0 0.0
    outer loop
      vertex -0.014947594361137349 -0.0010107194812927944 0.0013012150919287492
      vertex -0.014882225708793589 -0.0010212986774438175 0.0018366540502077553
      vertex -0.014939781861137346 -0.0007623808089725403 0.001392106625203827
    endloop
  endfacet
  facet normal 0.0 0.0 0.0
    outer loop
      vertex -0.014872826294731087 -0.0007732486267421662 0.0019143903719508247
      vertex -0.014791039185356082 -0.0010352873850519781 0.00236782572436873
      vertex -0.014782433228324829 -0.0007871725967910139 0.002430294771707213
    endloop
  endfacet
  facet normal 0.0 0.0 0.0
    outer loop
      vertex -0.014882225708793589 -0.0010212986774438175 0.0018366540502077553
      vertex -0.014791039185356082 -0.0010352873850519781 0.00236782572436873
      vertex -0.014872826294731087 -0.0007732486267421662 0.0019143903719508247
    endloop
  endfacet
  facet normal 0.0 0.0 0.0
    outer loop
      vertex -0.014782433228324829 -0.0007871725967910139 0.002430294771707213
      vertex -0.014674034790824823 -0.0010525642211935645 0.0028938049067931616
      vertex -0.014669640259574821 -0.0008039288350597938 0.0029361324809904707
    endloop
  endfacet
  facet normal 0.0 0.0 0.0
    outer loop
      vertex -0.014791039185356082 -0.0010352873850519781 0.00236782572436873
      vertex -0.014674034790824823 -0.0010525642211935645 0.0028938049067931616
      vertex -0.014782433228324829 -0.0007871725967910139 0.002430294771707213
    endloop
  endfacet
  facet normal 0.0 0.0 0.0
    outer loop
      vertex -0.014669640259574821 -0.0008039288350597938 0.0029361324809904707
      vertex -0.014531395630668563 -0.0010729943159533423 0.0034136582976676253
      vertex -0.01453548498613731 -0.0008232799704976925 0.003428396882004492
    endloop
  endfacet
  facet normal 0.0 0.0 0.0
    outer loop
      vertex -0.014674034790824823 -0.0010525642211935645 0.0028938049067931616
      vertex -0.014531395630668563 -0.0010729943159533423 0.0034136582976676253
      vertex -0.014669640259574821 -0.0008039288350597938 0.0029361324809904707
    endloop
  endfacet
  facet normal 0.0 0.0 0.0
    outer loop
      vertex -0.014531395630668563 -0.0010729943159533423 0.0034136582976676253
      vertex -0.014381127075981052 -0.0008449724476640685 0.00390563137966474
      vertex -0.01453548498613731 -0.0008232799704976925 0.003428396882004492
    endloop
  endfacet
  facet normal 0.0 0.0 0.0
    outer loop
      vertex -0.014531395630668563 -0.0010729943159533423 0.0034136582976676253
      vertex -0.014363243775199805 -0.0010964589838059046 0.003926463386771916
      vertex -0.014381127075981052 -0.0008449724476640685 0.00390563137966474
    endloop
  endfacet
  facet normal 0.0 0.0 0.0
    outer loop
      vertex -0.014363243775199805 -0.0010964589838059046 0.003926463386771916
      vertex -0.014207848267387295 -0.0008687257371352339 0.00436760399771701
      vertex -0.014381127075981052 -0.0008449724476640685 0.00390563137966474
    endloop
  endfacet
  facet normal 0.0 0.0 0.0
    outer loop
      vertex -0.014363243775199805 -0.0010964589838059046 0.003926463386771916
      vertex -0.014169701294731047 -0.0011228206574377122 0.004431284176894302
      vertex -0.014207848267387295 -0.0008687257371352339 0.00436760399771701
    endloop
  endfacet
  facet normal 0.0 0.0 0.0
    outer loop
      vertex -0.014169701294731047 -0.0011228206574377122 0.004431284176894302
      vertex -0.014016930298637285 -0.0008942727964790225 0.004814101641695233
      vertex -0.014207848267387295 -0.0008687257371352339 0.00436760399771701
    endloop
  endfacet
  facet normal 0.0 0.0 0.0
    outer loop
      vertex -0.014169701294731047 -0.0011228206574377122 0.004431284176894302
      vertex -0.013951622681449786 -0.0011518095970182948 0.00492573616793343
      vertex -0.014016930298637285 -0.0008942727964790225 0.004814101641695233
    endloop
  endfacet
  facet normal 0.0 0.0 0.0
    outer loop
      vertex -0.013951622681449786 -0.0011518095970182948 0.00492573616793343
      vertex -0.013809715943168531 -0.0009213384910683557 0.005244913914531641
      vertex -0.014016930298637285 -0.0008942727964790225 0.004814101641695233
    endloop
  endfacet
  facet normal 0.0 0.0 0.0
    outer loop
      vertex -0.013809715943168531 -0.0009213384910683557 0.005244913914531641
      vertex -0.013709923462699778 -0.0011830481667849946 0.005407785521567561
      vertex -0.013587486939262273 -0.00094964498887785 0.005659827721760163
    endloop
  endfacet
  facet normal 0.0 0.0 0.0
    outer loop
      vertex -0.013951622681449786 -0.0011518095970182948 0.00492573616793343
      vertex -0.013709923462699778 -0.0011830481667849946 0.005407785521567561
      vertex -0.013809715943168531 -0.0009213384910683557 0.005244913914531641
    endloop
  endfacet
  facet normal 0.0 0.0 0.0
    outer loop
      vertex -0.013587486939262273 -0.00094964498887785 0.005659827721760163
      vertex -0.01344509191973102 -0.0012162261659327722 0.0058766419000934175
      vertex -0.013351525025199767 -0.0009789198526787305 0.006058635363711338
    endloop
  endfacet
  facet normal 0.0 0.0 0.0
    outer loop
      vertex -0.013709923462699778 -0.0011830481667849946 0.005407785521567561
      vertex -0.01344509191973102 -0.0012162261659327722 0.0058766419000934175
      vertex -0.013587486939262273 -0.00094964498887785 0.005659827721760163
    endloop
  endfacet
  facet normal 0.0 0.0 0.0
    outer loop
      vertex -0.013351525025199767 -0.0009789198526787305 0.006058635363711338
      vertex -0.013157738404106015 -0.0012510441832498062 0.006331509571011114
      vertex -0.013103111939262259 -0.001008893342640528 0.0064411156537241806
    endloop
  endfacet
  facet normal 0.0 0.0 0.0
    outer loop
      vertex -0.01344509191973102 -0.0012162261659327722 0.0058766419000934175
      vertex -0.013157738404106015 -0.0012510441832498062 0.006331509571011114
      vertex -0.013351525025199767 -0.0009789198526787305 0.006058635363711338
    endloop
  endfacet
  facet normal 0.0 0.0 0.0
    outer loop
      vertex -0.013103111939262259 -0.001008893342640528 0.0064411156537241806
      vertex -0.012848290161918506 -0.0012871893205327516 0.006771606288812288
      vertex -0.012843590454887253 -0.0010392876267378579 0.006807066286925839
    endloop
  endfacet
  facet normal 0.0 0.0 0.0
    outer loop
      vertex -0.013157738404106015 -0.0012510441832498062 0.006331509571011114
      vertex -0.012848290161918506 -0.0012871893205327516 0.006771606288812288
      vertex -0.013103111939262259 -0.001008893342640528 0.0064411156537241806
    endloop
  endfacet
  facet normal 0.0 0.0 0.0
    outer loop
      vertex -0.012848290161918506 -0.0012871893205327516 0.006771606288812288
      vertex -0.012574181275199749 -0.0010698248729453374 0.007156268774053631
      vertex -0.012843590454887253 -0.0010392876267378579 0.006807066286925839
    endloop
  endfacet
  facet normal 0.0 0.0 0.0
    outer loop
      vertex -0.012848290161918506 -0.0012871893205327516 0.006771606288812288
      vertex -0.01251729650957475 -0.0013243594691714805 0.007196133623598749
      vertex -0.012574181275199749 -0.0010698248729453374 0.007156268774053631
    endloop
  endfacet
  facet normal 0.0 0.0 0.0
    outer loop
      vertex -0.01251729650957475 -0.0013243594691714805 0.007196133623598749
      vertex -0.012296288208793494 -0.0011002407362291052 0.007488512718039791
      vertex -0.012574181275199749 -0.0010698248729453374 0.007156268774053631
    endloop
  endfacet
  facet normal 0.0 0.0 0.0
    outer loop
      vertex -0.012296288208793494 -0.0011002407362291052 0.007488512718039791
      vertex -0.012165306763480991 -0.0013622417309626512 0.007604303935065527
      vertex -0.012010948853324738 -0.0011302897533434337 0.007803719894333485
    endloop
  endfacet
  facet normal 0.0 0.0 0.0
    outer loop
      vertex -0.01251729650957475 -0.0013243594691714805 0.007196133623598749
      vertex -0.012165306763480991 -0.0013622417309626512 0.007604303935065527
      vertex -0.012296288208793494 -0.0011002407362291052 0.007488512718039791
    endloop
  endfacet
  facet normal 0.0 0.0 0.0
    outer loop
      vertex -0.012010948853324738 -0.0011302897533434337 0.007803719894333485
      vertex -0.011792870240043482 -0.00140053129989783 0.007995294516729687
      vertex -0.01171883459551223 -0.0011598640283561363 0.008102251754307538
    endloop
  endfacet
  facet normal 0.0 0.0 0.0
    outer loop
      vertex -0.012165306763480991 -0.0013622417309626512 0.007604303935065527
      vertex -0.011792870240043482 -0.00140053129989783 0.007995294516729687
      vertex -0.012010948853324738 -0.0011302897533434337 0.007803719894333485
    endloop
  endfacet
  facet normal 0.0 0.0 0.0
    outer loop
      vertex -0.01171883459551223 -0.0011598640283561363 0.008102251754307538
      vertex -0.011401695923637227 -0.001438756131273697 0.008367230676769465
      vertex -0.011420433716605975 -0.0011888745471231568 0.008384542579089011
    endloop
  endfacet
  facet normal 0.0 0.0 0.0
    outer loop
      vertex -0.011792870240043482 -0.00140053129989783 0.007995294516729687
      vertex -0.011401695923637227 -0.001438756131273697 0.008367230676769465
      vertex -0.01171883459551223 -0.0011598640283561363 0.008102251754307538
    endloop
  endfacet
  facet normal 0.0 0.0 0.0
    outer loop
      vertex -0.011401695923637227 -0.001438756131273697 0.008367230676769465
      vertex -0.011116234497855973 -0.0012172269007038308 0.008651042834194787
      vertex -0.011420433716605975 -0.0011888745471231568 0.008384542579089011
    endloop
  endfacet
  facet normal 0.0 0.0 0.0
    outer loop
      vertex -0.011116234497855973 -0.0012172269007038308 0.008651042834194787
      vertex -0.010993187622855971 -0.0014765116153445468 0.008718936349524014
      vertex -0.010806725220512216 -0.0012448428645473234 0.00890219219554853
    endloop
  endfacet
  facet normal 0.0 0.0 0.0
    outer loop
      vertex -0.011401695923637227 -0.001438756131273697 0.008367230676769465
      vertex -0.010993187622855971 -0.0014765116153445468 0.008718936349524014
      vertex -0.011116234497855973 -0.0012172269007038308 0.008651042834194787
    endloop
  endfacet
  facet normal 0.0 0.0 0.0
    outer loop
      vertex -0.010806725220512216 -0.0012448428645473234 0.00890219219554853
      vertex -0.010568077759574716 -0.001513479459110426 0.009049866660535784
      vertex -0.010492455200980962 -0.0012716253323146645 0.00913843843126882
    endloop
  endfacet
  facet normal 0.0 0.0 0.0
    outer loop
      vertex -0.010993187622855971 -0.0014765116153445468 0.008718936349524014
      vertex -0.010568077759574716 -0.001513479459110426 0.009049866660535784
      vertex -0.010806725220512216 -0.0012448428645473234 0.00890219219554853
    endloop
  endfacet
  facet normal 0.0 0.0 0.0
    outer loop
      vertex -0.010492455200980962 -0.0012716253323146645 0.00913843843126882
      vertex -0.010127159790824711 -0.0015493440669696826 0.009359474037948923
      vertex -0.010173912720512207 -0.0012974852898617977 0.009360221217279325
    endloop
  endfacet
  facet normal 0.0 0.0 0.0
    outer loop
      vertex -0.010568077759574716 -0.001513479459110426 0.009049866660535784
      vertex -0.010127159790824711 -0.0015493440669696826 0.009359474037948923
      vertex -0.010492455200980962 -0.0012716253323146645 0.00913843843126882
    endloop
  endfacet
  facet normal 0.0 0.0 0.0
    outer loop
      vertex -0.010127159790824711 -0.0015493440669696826 0.009359474037948923
      vertex -0.009851586060355955 -0.001322341815239585 0.009567988321698624
      vertex -0.010173912720512207 -0.0012974852898617977 0.009360221217279325
    endloop
  endfacet
  facet normal 0.0 0.0 0.0
    outer loop
      vertex -0.009851586060355955 -0.001322341815239585 0.009567988321698624
      vertex -0.009671288208793457 -0.0015837844485240592 0.009647216304704187
      vertex -0.009525963501762203 -0.0013460951047107512 0.00976217942045038
    endloop
  endfacet
  facet normal 0.0 0.0 0.0
    outer loop
      vertex -0.010127159790824711 -0.0015493440669696826 0.009359474037948923
      vertex -0.009671288208793457 -0.0015837844485240592 0.009647216304704187
      vertex -0.009851586060355955 -0.001322341815239585 0.009567988321698624
    endloop
  endfacet
  facet normal 0.0 0.0 0.0
    outer loop
      vertex -0.009525963501762203 -0.0013460951047107512 0.00976217942045038
      vertex -0.009201195435355953 -0.0016164850081719076 0.00991255128374233
      vertex -0.009197655396293448 -0.0013686669337244605 0.009943239584254868
    endloop
  endfacet
  facet normal 0.0 0.0 0.0
    outer loop
      vertex -0.009671288208793457 -0.0015837844485240592 0.009647216304704187
      vertex -0.009201195435355953 -0.0016164850081719076 0.00991255128374233
      vertex -0.009525963501762203 -0.0013460951047107512 0.00976217942045038
    endloop
  endfacet
  facet normal 0.0 0.0 0.0
    outer loop
      vertex -0.009201195435355953 -0.0016164850081719076 0.00991255128374233
      vertex -0.008866966919730946 -0.001389962893340047 0.01011160848903576
      vertex -0.009197655396293448 -0.0013686669337244605 0.009943239584254868
    endloop
  endfacet
  facet normal 0.0 0.0 0.0
    outer loop
      vertex -0.008866966919730946 -0.001389962893340047 0.01011160848903576
      vertex -0.008717858033012197 -0.0016471193607183565 0.010154855876054967
      vertex -0.008534447388480944 -0.0014099317329897235 0.01026759633559809
    endloop
  endfacet
  facet normal 0.0 0.0 0.0
    outer loop
      vertex -0.009201195435355953 -0.0016164850081719076 0.00991255128374233
      vertex -0.008717858033012197 -0.0016471193607183565 0.010154855876054967
      vertex -0.008866966919730946 -0.001389962893340047 0.01011160848903576
    endloop
  endfacet
  facet normal 0.0 0.0 0.0
    outer loop
      vertex -0.008534447388480944 -0.0014099317329897235 0.01026759633559809
      vertex -0.008223595337699693 -0.0016752909886126178 0.010372983687362603
      vertex -0.008200157837699692 -0.0014285518734870495 0.01041135957304353
    endloop
  endfacet
  facet normal 0.0 0.0 0.0
    outer loop
      vertex -0.008717858033012197 -0.0016471193607183565 0.010154855876054967
      vertex -0.008223595337699693 -0.0016752909886126178 0.010372983687362603
      vertex -0.008534447388480944 -0.0014099317329897235 0.01026759633559809
    endloop
  endfacet
  facet normal 0.0 0.0 0.0
    outer loop
      vertex -0.008223595337699693 -0.0016752909886126178 0.010372983687362603
      vertex -0.00786422033769969 -0.0014458071304422004 0.010543065440066975
      vertex -0.008200157837699692 -0.0014285518734870495 0.01041135957304353
    endloop
  endfacet
  facet normal 0.0 0.0 0.0
    outer loop
      vertex -0.00786422033769969 -0.0014458071304422004 0.010543065440066975
      vertex -0.007719750122855941 -0.0017007814025920105 0.010566468067758527
      vertex -0.007526940064262187 -0.0014616786220670406 0.010662856898778572
    endloop
  endfacet
  facet normal 0.0 0.0 0.0
    outer loop
      vertex -0.008223595337699693 -0.0016752909886126178 0.010372983687362603
      vertex -0.007719750122855941 -0.0017007814025920105 0.010566468067758527
      vertex -0.00786422033769969 -0.0014458071304422004 0.010543065440066975
    endloop
  endfacet
  facet normal 0.0 0.0 0.0
    outer loop
      vertex -0.007526940064262187 -0.0014616786220670406 0.010662856898778572
      vertex -0.007207176880668438 -0.0017234071795718133 0.010735044672208876
      vertex -0.007188317017387186 -0.0014761474665734387 0.0107708930956783
    endloop
  endfacet
  facet normal 0.0 0.0 0.0
    outer loop
      vertex -0.007719750122855941 -0.0017007814025920105 0.010566468067758527
      vertex -0.007207176880668438 -0.0017234071795718133 0.010735044672208876
      vertex -0.007526940064262187 -0.0014616786220670406 0.010662856898778572
    endloop
  endfacet
  facet normal 0.0 0.0 0.0
    outer loop
      vertex -0.007207176880668438 -0.0017234071795718133 0.010735044672208876
      vertex -0.0068486563728559335 -0.0014892028743681749 0.010867330479867827
      vertex -0.007188317017387186 -0.0014761474665734387 0.0107708930956783
    endloop
  endfacet
  facet normal 0.0 0.0 0.0
    outer loop
      vertex -0.0068486563728559335 -0.0014892028743681749 0.010867330479867827
      vertex -0.006686913208793436 -0.001742976804272395 0.010878446458281484
      vertex -0.006508019165824683 -0.0015008232662648132 0.010952320105652223
    endloop
  endfacet
  facet normal 0.0 0.0 0.0
    outer loop
      vertex -0.007207176880668438 -0.0017234071795718133 0.010735044672208876
      vertex -0.006686913208793436 -0.001742976804272395 0.010878446458281484
      vertex -0.0068486563728559335 -0.0014892028743681749 0.010867330479867827
    endloop
  endfacet
  facet normal 0.0 0.0 0.0
    outer loop
      vertex -0.006508019165824683 -0.0015008232662648132 0.010952320105652223
      vertex -0.006159874634574684 -0.0017593068536090354 0.010996414475739102
      vertex -0.006166588501762181 -0.0015109924578735239 0.011026023816929765
    endloop
  endfacet
  facet normal 0.0 0.0 0.0
    outer loop
      vertex -0.006686913208793436 -0.001742976804272395 0.010878446458281484
      vertex -0.006159874634574684 -0.0017593068536090354 0.010996414475739102
      vertex -0.006508019165824683 -0.0015008232662648132 0.010952320105652223
    endloop
  endfacet
  facet normal 0.0 0.0 0.0
    outer loop
      vertex -0.006159874634574684 -0.0017593068536090354 0.010996414475739102
      vertex -0.0058246085212934305 -0.0015196915674061753 0.011088584575810601
      vertex -0.006166588501762181 -0.0015109924578735239 0.011026023816929765
    endloop
  endfacet
  facet normal 0.0 0.0 0.0
    outer loop
      vertex -0.006159874634574684 -0.0017593068536090354 0.010996414475739102
      vertex -0.005786400513480931 -0.0017687342606839556 0.01106386831514466
      vertex -0.0058246085212934305 -0.0015196915674061753 0.011088584575810601
    endloop
  endfacet
  facet normal 0.0 0.0 0.0
    outer loop
      vertex -0.0058246085212934305 -0.0015196915674061753 0.011088584575810601
      vertex -0.005786400513480931 -0.0017687342606839556 0.01106386831514466
      vertex -0.005624962525199679 -0.0015240775370496137 0.011119987686873882
    endloop
  endfacet
  facet normal 0.0 0.0 0.0
    outer loop
      vertex -0.005786400513480931 -0.0017687342606839556 0.01106386831514466
      vertex -0.005410423950980931 -0.0017764110562591266 0.011118571552763913
      vertex -0.005624962525199679 -0.0015240775370496137 0.011119987686873882
    endloop
  endfacet
  facet normal 0.0 0.0 0.0
    outer loop
      vertex -0.005624962525199679 -0.0015240775370496137 0.011119987686873882
      vertex -0.005410423950980931 -0.0017764110562591266 0.011118571552763913
      vertex -0.005425255493949678 -0.0015279590932100752 0.011147681875268205
    endloop
  endfacet
  facet normal 0.0 0.0 0.0
    outer loop
      vertex -0.005425255493949678 -0.0015279590932100752 0.011147681875268205
      vertex -0.005410423950980931 -0.0017764110562591266 0.011118571552763913
      vertex -0.005413780884574678 -0.0015281640954812313 0.01114916004953918
    endloop
  endfacet
  facet normal 0.0 0.0 0.0
    outer loop
      vertex 0.23707694177167551 -0.00309656633974903 0.019264514825470716
      vertex 0.35700266198651925 -0.0033366833420373594 0.019193977859800784
      vertex 0.35700247888105047 -0.003093704400148539 0.019252859367394015
    endloop
  endfacet
  facet normal 0.0 0.0 0.0
    outer loop
      vertex 0.12736704186933173 -0.0031080140981534416 0.019311600610279433
      vertex 0.16333579186933173 -0.0033450533689755586 0.019227822116333212
      vertex 0.23707694177167551 -0.00309656633974903 0.019264514825470716
    endloop
  endfacet
  facet normal 0.0 0.0 0.0
    outer loop
      vertex 0.11713626794355049 -0.0030989670242394193 0.019275061652844185
      vertex 0.11909848718183173 -0.0033463049617886436 0.01923294717311291
      vertex 0.12736704186933173 -0.0031080140981534416 0.019311600610279433
    endloop
  endfacet
  facet normal 0.0 0.0 0.0
    outer loop
      vertex 0.10991348962323799 -0.003079901813021772 0.019197441319228344
      vertex 0.11909848718183173 -0.0033463049617886436 0.01923294717311291
      vertex 0.11713626794355049 -0.0030989670242394193 0.019275061652844185
    endloop
  endfacet
  facet normal 0.0 0.0 0.0
    outer loop
      vertex 0.10508194665448797 -0.003305752275675734 0.019068432850509673
      vertex 0.11909848718183173 -0.0033463049617886436 0.01923294717311291
      vertex 0.10991348962323799 -0.003079901813021772 0.019197441319228344
    endloop
  endfacet
  facet normal 0.0 0.0 0.0
    outer loop
      vertex 0.10268717126386298 -0.003049645096237935 0.019073789883542844
      vertex 0.10508194665448797 -0.003305752275675734 0.019068432850509673
      vertex 0.10991348962323799 -0.003079901813021772 0.019197441319228344
    endloop
  endfacet
  facet normal 0.0 0.0 0.0
    outer loop
      vertex 0.0921719735099567 -0.003228898003178214 0.018752535140250194
      vertex 0.10508194665448797 -0.003305752275675734 0.019068432850509673
      vertex 0.10268717126386298 -0.003049645096237935 0.019073789883542844
    endloop
  endfacet
  facet normal 0.0 0.0 0.0
    outer loop
      vertex 0.0884629891349567 -0.002955675831497105 0.018686915531691894
      vertex 0.0921719735099567 -0.003228898003178214 0.018752535140250194
      vertex 0.10268717126386298 -0.003049645096237935 0.019073789883542844
    endloop
  endfacet
  facet normal 0.0 0.0 0.0
    outer loop
      vertex 0.0786369393302692 -0.0031099481327375882 0.018252302624644338
      vertex 0.0921719735099567 -0.003228898003178214 0.018752535140250194
      vertex 0.0884629891349567 -0.002955675831497105 0.018686915531691894
    endloop
  endfacet
  facet normal 0.0 0.0 0.0
    outer loop
      vertex 0.0756592781974567 -0.002833775007311144 0.018171636928342418
      vertex 0.0786369393302692 -0.0031099481327375882 0.018252302624644338
      vertex 0.0884629891349567 -0.002955675831497105 0.018686915531691894
    endloop
  endfacet
  facet normal 0.0 0.0 0.0
    outer loop
      vertex 0.06435410241620669 -0.002945155978108626 0.0175351804035527
      vertex 0.0786369393302692 -0.0031099481327375882 0.018252302624644338
      vertex 0.0756592781974567 -0.002833775007311144 0.018171636928342418
    endloop
  endfacet
  facet normal 0.0 0.0 0.0
    outer loop
      vertex 0.06285398034589419 -0.0026803281099517483 0.017497095836888705
      vertex 0.06435410241620669 -0.002945155978108626 0.0175351804035527
      vertex 0.0756592781974567 -0.002833775007311144 0.018171636928342418
    endloop
  endfacet
  facet normal 0.0 0.0 0.0
    outer loop
      vertex 0.05015579919355042 -0.002746719174425177 0.01662646467827672
      vertex 0.06285398034589419 -0.0026803281099517483 0.017497095836888705
      vertex 0.05004795007245668 -0.0024990737334692286 0.01666253159100883
    endloop
  endfacet
  facet normal 0.0 0.0 0.0
    outer loop
      vertex 0.05015579919355042 -0.002746719174425177 0.01662646467827672
      vertex 0.06435410241620669 -0.002945155978108626 0.0175351804035527
      vertex 0.06285398034589419 -0.0026803281099517483 0.017497095836888705
    endloop
  endfacet
  facet normal 0.0 0.0 0.0
    outer loop
      vertex 0.04297849206464416 -0.002388496587366425 0.016133005329813842
      vertex 0.05015579919355042 -0.002746719174425177 0.01662646467827672
      vertex 0.05004795007245668 -0.0024990737334692286 0.01666253159100883
    endloop
  endfacet
  facet normal 0.0 0.0 0.0
    outer loop
      vertex 0.0360696175529254 -0.002521418981025248 0.015528437447782175
      vertex 0.04297849206464416 -0.002388496587366425 0.016133005329813842
      vertex 0.0359106820060504 -0.00227158595004419 0.015554278523541177
    endloop
  endfacet
  facet normal 0.0 0.0 0.0
    outer loop
      vertex 0.0360696175529254 -0.002521418981025248 0.015528437447782175
      vertex 0.05015579919355042 -0.002746719174425177 0.01662646467827672
      vertex 0.04297849206464416 -0.002388496587366425 0.016133005329813842
    endloop
  endfacet
  facet normal 0.0 0.0 0.0
    outer loop
      vertex 0.022087928099800373 -0.0022771587749416044 0.014240909894187734
      vertex 0.0359106820060504 -0.00227158595004419 0.015554278523541177
      vertex 0.021916358275581627 -0.00202636277276577 0.014260403991735785
    endloop
  endfacet
  facet normal 0.0 0.0 0.0
    outer loop
      vertex 0.022087928099800373 -0.0022771587749416044 0.014240909894187734
      vertex 0.0360696175529254 -0.002521418981025248 0.015528437447782175
      vertex 0.0359106820060504 -0.00227158595004419 0.015554278523541177
    endloop
  endfacet
  facet normal 0.0 0.0 0.0
    outer loop
      vertex 0.008330786986519099 -0.0020266594865791967 0.012777897699084603
      vertex 0.021916358275581627 -0.00202636277276577 0.014260403991735785
      vertex 0.008242957396675353 -0.0017771366564031802 0.012802150007242137
    endloop
  endfacet
  facet normal 0.0 0.0 0.0
    outer loop
      vertex 0.008330786986519099 -0.0020266594865791967 0.012777897699084603
      vertex 0.022087928099800373 -0.0022771587749416044 0.014240909894187734
      vertex 0.021916358275581627 -0.00202636277276577 0.014260403991735785
    endloop
  endfacet
  facet normal 0.0 0.0 0.0
    outer loop
      vertex -0.005410423950980931 -0.0017764110562591266 0.011118571552763913
      vertex 0.008242957396675353 -0.0017771366564031802 0.012802150007242137
      vertex -0.005413780884574678 -0.0015281640954812313 0.01114916004953918
    endloop
  endfacet
  facet normal 0.0 0.0 0.0
    outer loop
      vertex -0.005410423950980931 -0.0017764110562591266 0.011118571552763913
      vertex 0.008330786986519099 -0.0020266594865791967 0.012777897699084603
      vertex 0.008242957396675353 -0.0017771366564031802 0.012802150007242137
    endloop
  endfacet
  facet normal 0.0 0.0 0.0
    outer loop
      vertex 0.11909848718183173 -0.0033463049617886436 0.01923294717311291
      vertex 0.16333579186933173 -0.0033450533689755586 0.019227822116333212
      vertex 0.12736704186933173 -0.0031080140981534416 0.019311600610279433
    endloop
  endfacet
  facet normal 0.0 0.0 0.0
    outer loop
      vertex 0.16333579186933173 -0.0033450533689755586 0.019227822116333212
      vertex 0.35700266198651925 -0.0033366833420373594 0.019193977859800784
      vertex 0.23707694177167551 -0.00309656633974903 0.019264514825470716
    endloop
  endfacet
  facet normal 0.0 0.0 0.0
    outer loop
      vertex 0.37499997643964395 -0.0007604737483736921 0.0012965566850497053
      vertex 0.37499924401776896 -0.0007633626619580228 0.0014643753205764427
      vertex 0.37499997643964395 -0.0010095488104311283 0.0012359812113211196
    endloop
  endfacet
  facet normal 0.0 0.0 0.0
    outer loop
      vertex 0.37499924401776896 -0.0007633626619580228 0.0014643753205764427
      vertex 0.3749908822013627 -0.0010207807769718874 0.0018227570541351245
      vertex 0.37499997643964395 -0.0010095488104311283 0.0012359812113211196
    endloop
  endfacet
  facet normal 0.0 0.0 0.0
    outer loop
      vertex 0.37499924401776896 -0.0007633626619580228 0.0014643753205764427
      vertex 0.37497959069745646 -0.000779271917159127 0.002168342330136323
      vertex 0.3749908822013627 -0.0010207807769718874 0.0018227570541351245
    endloop
  endfacet
  facet normal 0.0 0.0 0.0
    outer loop
      vertex 0.37497959069745646 -0.000779271917159127 0.002168342330136323
      vertex 0.3749635384513627 -0.0010362989094188104 0.002408435055839118
      vertex 0.3749908822013627 -0.0010207807769718874 0.0018227570541351245
    endloop
  endfacet
  facet normal 0.0 0.0 0.0
    outer loop
      vertex 0.37497959069745646 -0.000779271917159127 0.002168342330136323
      vertex 0.37493344811933144 -0.0008012125549695341 0.0028692720692051147
      vertex 0.3749635384513627 -0.0010362989094188104 0.002408435055839118
    endloop
  endfacet
  facet normal 0.0 0.0 0.0
    outer loop
      vertex 0.37493344811933144 -0.0008012125549695341 0.0028692720692051147
      vertex 0.3748910286857377 -0.0010663910849060124 0.003257354855496818
      vertex 0.3749635384513627 -0.0010362989094188104 0.002408435055839118
    endloop
  endfacet
  facet normal 0.0 0.0 0.0
    outer loop
      vertex 0.37493344811933144 -0.0008012125549695341 0.0028692720692051147
      vertex 0.3748434212638628 -0.0008353697097019144 0.0037054466618731204
      vertex 0.3748910286857377 -0.0010663910849060124 0.003257354855496818
    endloop
  endfacet
  facet normal 0.0 0.0 0.0
    outer loop
      vertex 0.3748434212638628 -0.0008353697097019144 0.0037054466618731204
      vertex 0.374779761595894 -0.0011052498048834804 0.004101775394782284
      vertex 0.3748910286857377 -0.0010663910849060124 0.003257354855496818
    endloop
  endfacet
  facet normal 0.0 0.0 0.0
    outer loop
      vertex 0.3748434212638628 -0.0008353697097019144 0.0037054466618731204
      vertex 0.3747159188224566 -0.0008779076809669894 0.00453513401161833
      vertex 0.374779761595894 -0.0011052498048834804 0.004101775394782284
    endloop
  endfacet
  facet normal 0.0 0.0 0.0
    outer loop
      vertex 0.3747159188224566 -0.0008779076809669894 0.00453513401161833
      vertex 0.3746294930412066 -0.001152694343664799 0.004940399225110957
      vertex 0.374779761595894 -0.0011052498048834804 0.004101775394782284
    endloop
  endfacet
  facet normal 0.0 0.0 0.0
    outer loop
      vertex 0.3747159188224566 -0.0008779076809669894 0.00453513401161833
      vertex 0.37455106286542533 -0.000928562123730897 0.0053571688423731155
      vertex 0.3746294930412066 -0.001152694343664799 0.004940399225110957
    endloop
  endfacet
  facet normal 0.0 0.0 0.0
    outer loop
      vertex 0.37455106286542533 -0.000928562123730897 0.0053571688423731155
      vertex 0.3744404061271441 -0.001208414500444928 0.005770580198745927
      vertex 0.3746294930412066 -0.001152694343664799 0.004940399225110957
    endloop
  endfacet
  facet normal 0.0 0.0 0.0
    outer loop
      vertex 0.37455106286542533 -0.000928562123730897 0.0053571688423731155
      vertex 0.3743490364982378 -0.0009869904684089428 0.006170437128637635
      vertex 0.3744404061271441 -0.001208414500444928 0.005770580198745927
    endloop
  endfacet
  facet normal 0.0 0.0 0.0
    outer loop
      vertex 0.3743490364982378 -0.0009869904684089428 0.006170437128637635
      vertex 0.3742130501701128 -0.001271903164342585 0.006589680260145203
      vertex 0.3744404061271441 -0.001208414500444928 0.005770580198745927
    endloop
  endfacet
  facet normal 0.0 0.0 0.0
    outer loop
      vertex 0.3743490364982378 -0.0009869904684089428 0.006170437128637635
      vertex 0.37411118249433156 -0.0010528258688316857 0.006974269915632324
      vertex 0.3742130501701128 -0.001271903164342585 0.006589680260145203
    endloop
  endfacet
  facet normal 0.0 0.0 0.0
    outer loop
      vertex 0.3739110482169878 -0.0011057569157647577 0.007557083280336732
      vertex 0.37364395837323783 -0.0014202951372788899 0.008189650156771281
      vertex 0.3739474862052691 -0.0013426855932561431 0.007396453211292012
    endloop
  endfacet
  facet normal 0.0 0.0 0.0
    outer loop
      vertex 0.3739110482169878 -0.0011057569157647577 0.007557083280336732
      vertex 0.3736925423576128 -0.0011617737863584042 0.008127456244059876
      vertex 0.37364395837323783 -0.0014202951372788899 0.008189650156771281
    endloop
  endfacet
  facet normal 0.0 0.0 0.0
    outer loop
      vertex 0.3736925423576128 -0.0011617737863584042 0.008127456244059876
      vertex 0.37340701989667535 -0.0012327180591702445 0.008795917399735032
      vertex 0.37364395837323783 -0.0014202951372788899 0.008189650156771281
    endloop
  endfacet
  facet normal 0.0 0.0 0.0
    outer loop
      vertex 0.37340701989667535 -0.0012327180591702445 0.008795917399735032
      vertex 0.37330307702558163 -0.0015041842245549714 0.00896726153484601
      vertex 0.37364395837323783 -0.0014202951372788899 0.008189650156771281
    endloop
  endfacet
  facet normal 0.0 0.0 0.0
    outer loop
      vertex 0.37340701989667535 -0.0012327180591702445 0.008795917399735032
      vertex 0.3730618660880816 -0.001315557858505798 0.009516341236351877
      vertex 0.37330307702558163 -0.0015041842245549714 0.00896726153484601
    endloop
  endfacet
  facet normal 0.0 0.0 0.0
    outer loop
      vertex 0.3730618660880816 -0.001315557858505798 0.009516341236351877
      vertex 0.37292642907636286 -0.0015934600162455332 0.009725486711304882
      vertex 0.37330307702558163 -0.0015041842245549714 0.00896726153484601
    endloop
  endfacet
  facet normal 0.0 0.0 0.0
    outer loop
      vertex 0.3730618660880816 -0.001315557858505798 0.009516341236351877
      vertex 0.37264627770917536 -0.0014116661601021577 0.010288352815546055
      vertex 0.37292642907636286 -0.0015934600162455332 0.009725486711304882
    endloop
  endfacet
  facet normal 0.0 0.0 0.0
    outer loop
      vertex 0.37264627770917536 -0.0014116661601021577 0.010288352815546055
      vertex 0.3725148690177691 -0.0016873564512320414 0.01046303632975825
      vertex 0.37292642907636286 -0.0015934600162455332 0.009725486711304882
    endloop
  endfacet
  facet normal 0.0 0.0 0.0
    outer loop
      vertex 0.37264627770917536 -0.0014116661601021577 0.010288352815546055
      vertex 0.37219931725995664 -0.0015110437084438102 0.011029371288219264
      vertex 0.3725148690177691 -0.0016873564512320414 0.01046303632975825
    endloop
  endfacet
  facet normal 0.0 0.0 0.0
    outer loop
      vertex 0.37219931725995664 -0.0015110437084438102 0.011029371288219264
      vertex 0.37206906823651914 -0.0017851236527857894 0.01117885840486728
      vertex 0.3725148690177691 -0.0016873564512320414 0.01046303632975825
    endloop
  endfacet
  facet normal 0.0 0.0 0.0
    outer loop
      vertex 0.37219931725995664 -0.0015110437084438102 0.011029371288219264
      vertex 0.3717237313224566 -0.0016126520051834463 0.011738320392447928
      vertex 0.37206906823651914 -0.0017851236527857894 0.01117885840486728
    endloop
  endfacet
  facet normal 0.0 0.0 0.0
    outer loop
      vertex 0.3717237313224566 -0.0016126520051834463 0.011738320392447928
      vertex 0.3715897591544879 -0.0018860117441780702 0.011871879372106708
      vertex 0.37206906823651914 -0.0017851236527857894 0.01117885840486728
    endloop
  endfacet
  facet normal 0.0 0.0 0.0
    outer loop
      vertex 0.3717237313224566 -0.0016126520051834463 0.011738320392447928
      vertex 0.37122208337323787 -0.001715455249372063 0.012414137353299996
      vertex 0.3715897591544879 -0.0018860117441780702 0.011871879372106708
    endloop
  endfacet
  facet normal 0.0 0.0 0.0
    outer loop
      vertex 0.37122208337323787 -0.001715455249372063 0.012414137353299996
      vertex 0.37107767419355037 -0.0019892654538835723 0.012541047246137698
      vertex 0.3715897591544879 -0.0018860117441780702 0.011871879372106708
    endloop
  endfacet
  facet normal 0.0 0.0 0.0
    outer loop
      vertex 0.37122208337323787 -0.001715455249372063 0.012414137353299996
      vertex 0.3706969979240191 -0.001818398758272525 0.013055751303648505
      vertex 0.37107767419355037 -0.0019892654538835723 0.012541047246137698
    endloop
  endfacet
  facet normal 0.0 0.0 0.0
    outer loop
      vertex 0.3706969979240191 -0.001818398758272525 0.013055751303648505
      vertex 0.3705335457755816 -0.0020941349051735872 0.013185299252028201
      vertex 0.37107767419355037 -0.0019892654538835723 0.012541047246137698
    endloop
  endfacet
  facet normal 0.0 0.0 0.0
    outer loop
      vertex 0.3706969979240191 -0.001818398758272525 0.013055751303648505
      vertex 0.37015109948651914 -0.0019205033763002248 0.013662215456688503
      vertex 0.3705335457755816 -0.0020941349051735872 0.013185299252028201
    endloop
  endfacet
  facet normal 0.0 0.0 0.0
    outer loop
      vertex 0.37015109948651914 -0.0019205033763002248 0.013662215456688503
      vertex 0.3699581063224567 -0.002199878313514325 0.01380356991744786
      vertex 0.3705335457755816 -0.0020941349051735872 0.013185299252028201
    endloop
  endfacet
  facet normal 0.0 0.0 0.0
    outer loop
      vertex 0.37015109948651914 -0.0019205033763002248 0.013662215456688503
      vertex 0.3695862191154255 -0.0020210731746925534 0.01423368626152167
      vertex 0.3699581063224567 -0.002199878313514325 0.01380356991744786
    endloop
  endfacet
  facet normal 0.0 0.0 0.0
    outer loop
      vertex 0.3695862191154255 -0.0020210731746925534 0.01423368626152167
      vertex 0.36935239343183174 -0.0023056486958381076 0.014394472779668061
      vertex 0.3699581063224567 -0.002199878313514325 0.01380356991744786
    endloop
  endfacet
  facet normal 0.0 0.0 0.0
    outer loop
      vertex 0.3695862191154255 -0.0020210731746925534 0.01423368626152167
      vertex 0.36900388268964424 -0.0021196145295597473 0.014770856949512298
      vertex 0.36935239343183174 -0.0023056486958381076 0.014394472779668061
    endloop
  endfacet
  facet normal 0.0 0.0 0.0
    outer loop
      vertex 0.36900388268964424 -0.0021196145295597473 0.014770856949512298
      vertex 0.36871970300214424 -0.0024101324191705487 0.014954849185274007
      vertex 0.36935239343183174 -0.0023056486958381076 0.014394472779668061
    endloop
  endfacet
  facet normal 0.0 0.0 0.0
    outer loop
      vertex 0.36900388268964424 -0.0021196145295597473 0.014770856949512298
      vertex 0.36840567712323796 -0.0022156149352239173 0.015274434239016234
      vertex 0.36871970300214424 -0.0024101324191705487 0.014954849185274007
    endloop
  endfacet
  facet normal 0.0 0.0 0.0
    outer loop
      vertex 0.36840567712323796 -0.0022156149352239173 0.015274434239016234
      vertex 0.36806174401776925 -0.0025124905926388924 0.0154836120827489
      vertex 0.36871970300214424 -0.0024101324191705487 0.014954849185274007
    endloop
  endfacet
  facet normal 0.0 0.0 0.0
    outer loop
      vertex 0.36840567712323796 -0.0022156149352239173 0.015274434239016234
      vertex 0.36779306725995675 -0.0023085618860071706 0.01574511405879608
      vertex 0.36806174401776925 -0.0025124905926388924 0.0154836120827489
    endloop
  endfacet
  facet normal 0.0 0.0 0.0
    outer loop
      vertex 0.36779306725995675 -0.0023085618860071706 0.01574511405879608
      vertex 0.36737961511151923 -0.0026119922213025575 0.015980106004304696
      vertex 0.36806174401776925 -0.0025124905926388924 0.0154836120827489
    endloop
  endfacet
  facet normal 0.0 0.0 0.0
    outer loop
      vertex 0.36779306725995675 -0.0023085618860071706 0.01574511405879608
      vertex 0.3671675789787067 -0.0023979536658248327 0.016183603127207676
      vertex 0.36737961511151923 -0.0026119922213025575 0.015980106004304696
    endloop
  endfacet
  facet normal 0.0 0.0 0.0
    outer loop
      vertex 0.3671675789787067 -0.0023979536658248327 0.016183603127207676
      vertex 0.36667459802167546 -0.0027079144024158923 0.01644368357434828
      vertex 0.36737961511151923 -0.0026119922213025575 0.015980106004304696
    endloop
  endfacet
  facet normal 0.0 0.0 0.0
    outer loop
      vertex 0.3671675789787067 -0.0023979536658248327 0.016183603127207676
      vertex 0.36653086022870673 -0.002483283163795619 0.016590602767810228
      vertex 0.36667459802167546 -0.0027079144024158923 0.01644368357434828
    endloop
  endfacet
  facet normal 0.0 0.0 0.0
    outer loop
      vertex 0.36653086022870673 -0.002483283163795619 0.016590602767810228
      vertex 0.36594773034589423 -0.0027995153514450994 0.01687370011468482
      vertex 0.36667459802167546 -0.0027079144024158923 0.01644368357434828
    endloop
  endfacet
  facet normal 0.0 0.0 0.0
    outer loop
      vertex 0.36653086022870673 -0.002483283163795619 0.016590602767810228
      vertex 0.3658843148185505 -0.002564035176843337 0.016966817001561274
      vertex 0.36594773034589423 -0.0027995153514450994 0.01687370011468482
    endloop
  endfacet
  facet normal 0.0 0.0 0.0
    outer loop
      vertex 0.3658843148185505 -0.002564035176843337 0.016966817001561274
      vertex 0.365200354857613 -0.002886066770847913 0.01726950285492458
      vertex 0.36594773034589423 -0.0027995153514450994 0.01687370011468482
    endloop
  endfacet
  facet normal 0.0 0.0 0.0
    outer loop
      vertex 0.3658843148185505 -0.002564035176843337 0.016966817001561274
      vertex 0.3652295296623005 -0.0026397133836799174 0.017312936362426815
      vertex 0.365200354857613 -0.002886066770847913 0.01726950285492458
    endloop
  endfacet
  facet normal 0.0 0.0 0.0
    outer loop
      vertex 0.3644336312248005 -0.0029668457578786766 0.01763043362988121
      vertex 0.3638245614005817 -0.002781599231905285 0.017946935557361175
      vertex 0.36364871911542546 -0.0030410970410120735 0.017955812695181938
    endloop
  endfacet
  facet normal 0.0 0.0 0.0
    outer loop
      vertex 0.3645676033927692 -0.0027099913991104944 0.01762948684307626
      vertex 0.3638245614005817 -0.002781599231905285 0.017946935557361175
      vertex 0.3644336312248005 -0.0029668457578786766 0.01763043362988121
    endloop
  endfacet
  facet normal 0.0 0.0 0.0
    outer loop
      vertex 0.3638245614005817 -0.002781599231905285 0.017946935557361175
      vertex 0.36299057702558174 -0.0028529777858441793 0.01825786465994364
      vertex 0.36364871911542546 -0.0030410970410120735 0.017955812695181938
    endloop
  endfacet
  facet normal 0.0 0.0 0.0
    outer loop
      vertex 0.3628495858146442 -0.003107898110027893 0.01824413490257273
      vertex 0.362148841185738 -0.002915538544725016 0.01852538453160861
      vertex 0.3620386116935505 -0.003166771525426209 0.018494728599875727
    endloop
  endfacet
  facet normal 0.0 0.0 0.0
    outer loop
      vertex 0.3620386116935505 -0.003166771525426209 0.018494728599875727
      vertex 0.36130063561933173 -0.0029690657166834217 0.018750099389576343
      vertex 0.36121720056073797 -0.0032174124811985907 0.018707386087421462
    endloop
  endfacet
  facet normal 0.0 0.0 0.0
    outer loop
      vertex 0.362148841185738 -0.002915538544725016 0.01852538453160861
      vertex 0.36130063561933173 -0.0029690657166834217 0.018750099389576343
      vertex 0.3620386116935505 -0.003166771525426209 0.018494728599875727
    endloop
  endfacet
  facet normal 0.0 0.0 0.0
    outer loop
      vertex 0.36121720056073797 -0.0032174124811985907 0.018707386087421462
      vertex 0.3604470589591755 -0.0030133435098550223 0.018932613451067084
      vertex 0.3603867562248005 -0.0032595242635315154 0.018881886178548947
    endloop
  endfacet
  facet normal 0.0 0.0 0.0
    outer loop
      vertex 0.36130063561933173 -0.0029690657166834217 0.018750099389576343
      vertex 0.3604470589591755 -0.0030133435098550223 0.018932613451067084
      vertex 0.36121720056073797 -0.0032174124811985907 0.018707386087421462
    endloop
  endfacet
  facet normal 0.0 0.0 0.0
    outer loop
      vertex 0.3604470589591755 -0.0030133435098550223 0.018932613451067084
      vertex 0.359589270873238 -0.003048158829773742 0.019073544420292615
      vertex 0.3603867562248005 -0.0032595242635315154 0.018881886178548947
    endloop
  endfacet
  facet normal 0.0 0.0 0.0
    outer loop
      vertex 0.3603867562248005 -0.0032595242635315154 0.018881886178548947
      vertex 0.359589270873238 -0.003048158829773742 0.019073544420292615
      vertex 0.35954868249433175 -0.0032928101586114744 0.019018007686597206
    endloop
  endfacet
  facet normal 0.0 0.0 0.0
    outer loop
      vertex 0.35872849206464424 -0.0030733012793718187 0.019173491119676575
      vertex 0.35786582116620674 -0.003088549671988266 0.019233063161235825
      vertex 0.35870438317792547 -0.003316962663031728 0.019115540214498457
    endloop
  endfacet
  facet normal 0.0 0.0 0.0
    outer loop
      vertex 0.35870438317792547 -0.003316962663031728 0.019115540214498457
      vertex 0.35786582116620674 -0.003088549671988266 0.019233063161235825
      vertex 0.35785526208417545 -0.0033316850629787603 0.01917427336518495
    endloop
  endfacet
  facet normal 0.0 0.0 0.0
    outer loop
      vertex 0.35785526208417545 -0.0033316850629787603 0.01917427336518495
      vertex 0.35700247888105047 -0.003093704400148539 0.019252859367394015
      vertex 0.35700266198651925 -0.0033366833420373594 0.019193977859800784
    endloop
  endfacet
  facet normal 0.0 0.0 0.0
    outer loop
      vertex 0.35786582116620674 -0.003088549671988266 0.019233063161235825
      vertex 0.35700247888105047 -0.003093704400148539 0.019252859367394015
      vertex 0.35785526208417545 -0.0033316850629787603 0.01917427336518495
    endloop
  endfacet
  facet normal 0.0 0.0 0.0
    outer loop
      vertex 0.37411118249433156 -0.0010528258688316857 0.006974269915632324
      vertex 0.3739885628654253 -0.0012610029777933023 0.00729259258696795
      vertex 0.3742130501701128 -0.001271903164342585 0.006589680260145203
    endloop
  endfacet
  facet normal 0.0 0.0 0.0
    outer loop
      vertex 0.3742130501701128 -0.001271903164342585 0.006589680260145203
      vertex 0.3739885628654253 -0.0012610029777933023 0.00729259258696795
      vertex 0.3739474862052691 -0.0013426855932561431 0.007396453211292012
    endloop
  endfacet
  facet normal 0.0 0.0 0.0
    outer loop
      vertex 0.3739110482169878 -0.0011057569157647577 0.007557083280336732
      vertex 0.3739885628654253 -0.0012610029777933023 0.00729259258696795
      vertex 0.37411118249433156 -0.0010528258688316857 0.006974269915632324
    endloop
  endfacet
  facet normal 0.0 0.0 0.0
    outer loop
      vertex 0.3739474862052691 -0.0013426855932561431 0.007396453211292012
      vertex 0.3739885628654253 -0.0012610029777933023 0.00729259258696795
      vertex 0.3739110482169878 -0.0011057569157647577 0.007557083280336732
    endloop
  endfacet
  facet normal 0.0 0.0 0.0
    outer loop
      vertex 0.365200354857613 -0.002886066770847913 0.01726950285492458
      vertex 0.36481052331464425 -0.0027333238944461263 0.01750370716012823
      vertex 0.3644336312248005 -0.0029668457578786766 0.01763043362988121
    endloop
  endfacet
  facet normal 0.0 0.0 0.0
    outer loop
      vertex 0.3645676033927692 -0.0027099913991104944 0.01762948684307626
      vertex 0.36481052331464425 -0.0027333238944461263 0.01750370716012823
      vertex 0.3652295296623005 -0.0026397133836799174 0.017312936362426815
    endloop
  endfacet
  facet normal 0.0 0.0 0.0
    outer loop
      vertex 0.3652295296623005 -0.0026397133836799174 0.017312936362426815
      vertex 0.36481052331464425 -0.0027333238944461263 0.01750370716012823
      vertex 0.365200354857613 -0.002886066770847913 0.01726950285492458
    endloop
  endfacet
  facet normal 0.0 0.0 0.0
    outer loop
      vertex 0.3644336312248005 -0.0029668457578786766 0.01763043362988121
      vertex 0.36481052331464425 -0.0027333238944461263 0.01750370716012823
      vertex 0.3645676033927692 -0.0027099913991104944 0.01762948684307626
    endloop
  endfacet
  facet normal 0.0 0.0 0.0
    outer loop
      vertex 0.36364871911542546 -0.0030410970410120735 0.017955812695181938
      vertex 0.3629455330802692 -0.0029149073535217223 0.01825309296234263
      vertex 0.3628495858146442 -0.003107898110027893 0.01824413490257273
    endloop
  endfacet
  facet normal 0.0 0.0 0.0
    outer loop
      vertex 0.362148841185738 -0.002915538544725016 0.01852538453160861
      vertex 0.3629455330802692 -0.0029149073535217223 0.01825309296234263
      vertex 0.36299057702558174 -0.0028529777858441793 0.01825786465994364
    endloop
  endfacet
  facet normal 0.0 0.0 0.0
    outer loop
      vertex 0.36299057702558174 -0.0028529777858441793 0.01825786465994364
      vertex 0.3629455330802692 -0.0029149073535217223 0.01825309296234263
      vertex 0.36364871911542546 -0.0030410970410120735 0.017955812695181938
    endloop
  endfacet
  facet normal 0.0 0.0 0.0
    outer loop
      vertex 0.3628495858146442 -0.003107898110027893 0.01824413490257273
      vertex 0.3629455330802692 -0.0029149073535217223 0.01825309296234263
      vertex 0.362148841185738 -0.002915538544725016 0.01852538453160861
    endloop
  endfacet
  facet normal 0.0 0.0 0.0
    outer loop
      vertex 0.359589270873238 -0.003048158829773742 0.019073544420292615
      vertex 0.359017249388863 -0.003126572198491287 0.019126613034539237
      vertex 0.35954868249433175 -0.0032928101586114744 0.019018007686597206
    endloop
  endfacet
  facet normal 0.0 0.0 0.0
    outer loop
      vertex 0.35870438317792547 -0.003316962663031728 0.019115540214498457
      vertex 0.359017249388863 -0.003126572198491287 0.019126613034539237
      vertex 0.35872849206464424 -0.0030733012793718187 0.019173491119676575
    endloop
  endfacet
  facet normal 0.0 0.0 0.0
    outer loop
      vertex 0.35954868249433175 -0.0032928101586114744 0.019018007686597206
      vertex 0.359017249388863 -0.003126572198491287 0.019126613034539237
      vertex 0.35870438317792547 -0.003316962663031728 0.019115540214498457
    endloop
  endfacet
  facet normal 0.0 0.0 0.0
    outer loop
      vertex 0.35872849206464424 -0.0030733012793718187 0.019173491119676575
      vertex 0.359017249388863 -0.003126572198491287 0.019126613034539237
      vertex 0.359589270873238 -0.003048158829773742 0.019073544420292615
    endloop
  endfacet
  facet normal 0.0 0.0 0.0
    outer loop
      vertex 0.37499997643964395 -0.0007546554602304596 -0.0008643911370042442
      vertex 0.37499997643964395 -0.001009548810431128 -0.0012359847274593329
      vertex 0.37499997643964395 -0.000760476445771996 -0.0012965575037896136
    endloop
  endfacet
  facet normal 0.0 0.0 0.0
    outer loop
      vertex 0.37499997643964395 -0.0010010600979662458 -0.00041200776992516907
      vertex 0.37499997643964395 -0.001009548810431128 -0.0012359847274593329
      vertex 0.37499997643964395 -0.0007546554602304596 -0.0008643911370042442
    endloop
  endfacet
  facet normal 0.0 0.0 0.0
    outer loop
      vertex 0.37499997643964395 -0.0007511650268241814 -0.0004322031910324371
      vertex 0.37499997643964395 -0.0010010600979662458 -0.00041200776992516907
      vertex 0.37499997643964395 -0.0007546554602304596 -0.0008643911370042442
    endloop
  endfacet
  facet normal 0.0 0.0 0.0
    outer loop
      vertex 0.37499997643964395 -0.0007499997507565523 9.393291981463214e-10
      vertex 0.37499997643964395 -0.0010010600979662458 -0.00041200776992516907
      vertex 0.37499997643964395 -0.0007511650268241814 -0.0004322031910324371
    endloop
  endfacet
  facet normal 0.0 0.0 0.0
    outer loop
      vertex 0.37499997643964395 -0.001001060097966246 0.00041200964858356524
      vertex 0.37499997643964395 -0.0010010600979662458 -0.00041200776992516907
      vertex 0.37499997643964395 -0.0007499997507565523 9.393291981463214e-10
    endloop
  endfacet
  facet normal 0.0 0.0 0.0
    outer loop
      vertex 0.37499997643964395 -0.000751162329425877 0.00043220237229252864
      vertex 0.37499997643964395 -0.001001060097966246 0.00041200964858356524
      vertex 0.37499997643964395 -0.0007499997507565523 9.393291981463214e-10
    endloop
  endfacet
  facet normal 0.0 0.0 0.0
    outer loop
      vertex 0.37499997643964395 -0.0007546554602304599 0.0008643930156626403
      vertex 0.37499997643964395 -0.001001060097966246 0.00041200964858356524
      vertex 0.37499997643964395 -0.000751162329425877 0.00043220237229252864
    endloop
  endfacet
  facet normal 0.0 0.0 0.0
    outer loop
      vertex 0.37499997643964395 -0.0010095488104311283 0.0012359812113211196
      vertex 0.37499997643964395 -0.001001060097966246 0.00041200964858356524
      vertex 0.37499997643964395 -0.0007546554602304599 0.0008643930156626403
    endloop
  endfacet
  facet normal 0.0 0.0 0.0
    outer loop
      vertex 0.37499997643964395 -0.0007604737483736921 0.0012965566850497053
      vertex 0.37499997643964395 -0.0010095488104311283 0.0012359812113211196
      vertex 0.37499997643964395 -0.0007546554602304599 0.0008643930156626403
    endloop
  endfacet
  facet normal 0.0 0.0 0.0
    outer loop
      vertex 0.12678928308026866 -0.0012893310547875964 -0.014395072420827167
      vertex 0.11560336999433116 -0.0012803001652633972 -0.014344663441308789
      vertex 0.10203684167401866 -0.0012435022575906284 -0.014137314433626475
    endloop
  endfacet
  facet normal 0.0 0.0 0.0
    outer loop
      vertex 0.08916074304120615 -0.001180342676286057 -0.013777818674567729
      vertex 0.12678928308026866 -0.0012893310547875964 -0.014395072420827167
      vertex 0.10203684167401866 -0.0012435022575906284 -0.014137314433626475
    endloop
  endfacet
  facet normal 0.0 0.0 0.0
    outer loop
      vertex 0.19606149987714366 -0.0012824958474839505 -0.014356936603596571
      vertex 0.08916074304120615 -0.001180342676286057 -0.013777818674567729
      vertex 0.07503629235761242 -0.0010815504633764287 -0.01319460609491398
    endloop
  endfacet
  facet normal 0.0 0.0 0.0
    outer loop
      vertex 0.19606149987714366 -0.0012824958474839505 -0.014356936603596571
      vertex 0.12678928308026866 -0.0012893310547875964 -0.014395072420827167
      vertex 0.08916074304120615 -0.001180342676286057 -0.013777818674567729
    endloop
  endfacet
  facet normal 0.0 0.0 0.0
    outer loop
      vertex 0.19606149987714366 -0.0012824958474839505 -0.014356936603596571
      vertex 0.07503629235761242 -0.0010815504633764287 -0.01319460609491398
      vertex 0.06090732507245617 -0.0009567876995891753 -0.012412778683288767
    endloop
  endfacet
  facet normal 0.0 0.0 0.0
    outer loop
      vertex 0.3577934334708937 -0.0012742094398929887 -0.01431198715824993
      vertex 0.35739774255292495 -0.0012773950672908328 -0.014328843200255974
      vertex 0.35700186852948745 -0.0012784713292144049 -0.014334483460111092
    endloop
  endfacet
  facet normal 0.0 0.0 0.0
    outer loop
      vertex 0.3582679818107375 -0.0012676574594108817 -0.014276864334924476
      vertex 0.3577934334708937 -0.0012742094398929887 -0.01431198715824993
      vertex 0.35700186852948745 -0.0012784713292144049 -0.014334483460111092
    endloop
  endfacet
  facet normal 0.0 0.0 0.0
    outer loop
      vertex 0.35874155358808124 -0.001258186893963094 -0.014225411462262387
      vertex 0.3582679818107375 -0.0012676574594108817 -0.014276864334924476
      vertex 0.35700186852948745 -0.0012784713292144049 -0.014334483460111092
    endloop
  endfacet
  facet normal 0.0 0.0 0.0
    outer loop
      vertex 0.35921378259198744 -0.0012458516915157159 -0.014157542223517908
      vertex 0.35874155358808124 -0.001258186893963094 -0.014225411462262387
      vertex 0.35700186852948745 -0.0012784713292144049 -0.014334483460111092
    endloop
  endfacet
  facet normal 0.0 0.0 0.0
    outer loop
      vertex 0.35921378259198744 -0.0012458516915157159 -0.014157542223517908
      vertex 0.35700186852948745 -0.0012784713292144049 -0.014334483460111092
      vertex 0.19606149987714366 -0.0012824958474839505 -0.014356936603596571
    endloop
  endfacet
  facet normal 0.0 0.0 0.0
    outer loop
      vertex 0.3596842415763625 -0.0012307192870263685 -0.014073162209750375
      vertex 0.35921378259198744 -0.0012458516915157159 -0.014157542223517908
      vertex 0.19606149987714366 -0.0012824958474839505 -0.014356936603596571
    endloop
  endfacet
  facet normal 0.0 0.0 0.0
    outer loop
      vertex 0.36015250329511245 -0.0012128517206560563 -0.013972171617222522
      vertex 0.3596842415763625 -0.0012307192870263685 -0.014073162209750375
      vertex 0.19606149987714366 -0.0012824958474839505 -0.014356936603596571
    endloop
  endfacet
  facet normal 0.0 0.0 0.0
    outer loop
      vertex 0.3606180794669875 -0.0011923056377691808 -0.013854486826586894
      vertex 0.36015250329511245 -0.0012128517206560563 -0.013972171617222522
      vertex 0.19606149987714366 -0.0012824958474839505 -0.014356936603596571
    endloop
  endfacet
  facet normal 0.0 0.0 0.0
    outer loop
      vertex 0.3610806649162062 -0.0011691538681199677 -0.013720008034106222
      vertex 0.3606180794669875 -0.0011923056377691808 -0.013854486826586894
      vertex 0.19606149987714366 -0.0012824958474839505 -0.014356936603596571
    endloop
  endfacet
  facet normal 0.0 0.0 0.0
    outer loop
      vertex 0.3615397713615187 -0.0011434449648779009 -0.013568654317831363
      vertex 0.3610806649162062 -0.0011691538681199677 -0.013720008034106222
      vertex 0.19606149987714366 -0.0012824958474839505 -0.014356936603596571
    endloop
  endfacet
  facet normal 0.0 0.0 0.0
    outer loop
      vertex 0.361994910521675 -0.0011152544551955134 -0.013400317781830132
      vertex 0.3615397713615187 -0.0011434449648779009 -0.013568654317831363
      vertex 0.19606149987714366 -0.0012824958474839505 -0.014356936603596571
    endloop
  endfacet
  facet normal 0.0 0.0 0.0
    outer loop
      vertex 0.3624457772208937 -0.0010846362870388982 -0.013214912109356778
      vertex 0.361994910521675 -0.0011152544551955134 -0.013400317781830132
      vertex 0.19606149987714366 -0.0012824958474839505 -0.014356936603596571
    endloop
  endfacet
  facet normal 0.0 0.0 0.0
    outer loop
      vertex 0.36289194421308124 -0.0010516525005690633 -0.013012348286267244
      vertex 0.3624457772208937 -0.0010846362870388982 -0.013214912109356778
      vertex 0.19606149987714366 -0.0012824958474839505 -0.014356936603596571
    endloop
  endfacet
  facet normal 0.0 0.0 0.0
    outer loop
      vertex 0.3633328621818312 -0.0010163651359470186 -0.012792537298417474
      vertex 0.36289194421308124 -0.0010516525005690633 -0.013012348286267244
      vertex 0.19606149987714366 -0.0012824958474839505 -0.014356936603596571
    endloop
  endfacet
  facet normal 0.0 0.0 0.0
    outer loop
      vertex 0.3637681649162062 -0.000978852417723597 -0.01255537394727359
      vertex 0.3633328621818312 -0.0010163651359470186 -0.012792537298417474
      vertex 0.19606149987714366 -0.0012824958474839505 -0.014356936603596571
    endloop
  endfacet
  facet normal 0.0 0.0 0.0
    outer loop
      vertex 0.3641972420646437 -0.0009392573080089486 -0.012300774613488141
      vertex 0.19606149987714366 -0.0012824958474839505 -0.014356936603596571
      vertex 0.06090732507245617 -0.0009567876995891753 -0.012412778683288767
    endloop
  endfacet
  facet normal 0.0 0.0 0.0
    outer loop
      vertex 0.3641972420646437 -0.0009392573080089486 -0.012300774613488141
      vertex 0.3637681649162062 -0.000978852417723597 -0.01255537394727359
      vertex 0.19606149987714366 -0.0012824958474839505 -0.014356936603596571
    endloop
  endfacet
  facet normal 0.0 0.0 0.0
    outer loop
      vertex 0.3646191780998 -0.0008978063882606699 -0.01202863140112894
      vertex 0.3641972420646437 -0.0009392573080089486 -0.012300774613488141
      vertex 0.06090732507245617 -0.0009567876995891753 -0.012412778683288767
    endloop
  endfacet
  facet normal 0.0 0.0 0.0
    outer loop
      vertex 0.36503324059979997 -0.0008547073581482199 -0.011738849901255325
      vertex 0.3646191780998 -0.0008978063882606699 -0.01202863140112894
      vertex 0.06090732507245617 -0.0009567876995891753 -0.012412778683288767
    endloop
  endfacet
  facet normal 0.0 0.0 0.0
    outer loop
      vertex -0.005160301880668721 -0.00022709290499865897 -0.006061263448386557
      vertex -0.0048672110603562215 -0.00023048083726936097 -0.006106142761380114
      vertex -0.004874046997856221 -0.00023041340231174347 -0.006105255317337868
    endloop
  endfacet
  facet normal 0.0 0.0 0.0
    outer loop
      vertex -0.005445397095512469 -0.00022285259486367305 -0.006004688216343832
      vertex -0.0048672110603562215 -0.00023048083726936097 -0.006106142761380114
      vertex -0.005160301880668721 -0.00022709290499865897 -0.006061263448386557
    endloop
  endfacet
  facet normal 0.0 0.0 0.0
    outer loop
      vertex 0.3654385140373 -0.0008101841017308899 -0.011431330310130022
      vertex 0.06090732507245617 -0.0009567876995891753 -0.012412778683288767
      vertex 0.04678061608808119 -0.0008112549688557529 -0.011431840118404025
    endloop
  endfacet
  facet normal 0.0 0.0 0.0
    outer loop
      vertex 0.3654385140373 -0.0008101841017308899 -0.011431330310130022
      vertex 0.36503324059979997 -0.0008547073581482199 -0.011738849901255325
      vertex 0.06090732507245617 -0.0009567876995891753 -0.012412778683288767
    endloop
  endfacet
  facet normal 0.0 0.0 0.0
    outer loop
      vertex 0.36583426599042496 -0.0007644416212798379 -0.01110597552141406
      vertex 0.3654385140373 -0.0008101841017308899 -0.011431330310130022
      vertex 0.04678061608808119 -0.0008112549688557529 -0.011431840118404025
    endloop
  endfacet
  facet normal 0.0 0.0 0.0
    outer loop
      vertex 0.36621958093183127 -0.0007176984060577433 -0.010762691126166775
      vertex 0.36583426599042496 -0.0007644416212798379 -0.01110597552141406
      vertex 0.04678061608808119 -0.0008112549688557529 -0.011431840118404025
    endloop
  endfacet
  facet normal 0.0 0.0 0.0
    outer loop
      vertex 0.36659378747480004 -0.0006701729453272858 -0.010401371925854285
      vertex 0.04678061608808119 -0.0008112549688557529 -0.011431840118404025
      vertex 0.03407425622479996 -0.0006675106131983552 -0.010378209366606023
    endloop
  endfacet
  facet normal 0.0 0.0 0.0
    outer loop
      vertex 0.36659378747480004 -0.0006701729453272858 -0.010401371925854285
      vertex 0.36621958093183127 -0.0007176984060577433 -0.010762691126166775
      vertex 0.04678061608808119 -0.0008112549688557529 -0.011431840118404025
    endloop
  endfacet
  facet normal 0.0 0.0 0.0
    outer loop
      vertex 0.36695597009198755 -0.0006220837283511455 -0.010021918116739314
      vertex 0.36659378747480004 -0.0006701729453272858 -0.010401371925854285
      vertex 0.03407425622479996 -0.0006675106131983552 -0.010378209366606023
    endloop
  endfacet
  facet normal 0.0 0.0 0.0
    outer loop
      vertex 0.3673052742912063 -0.0005736384547987851 -0.009624246079474418
      vertex 0.03407425622479996 -0.0006675106131983552 -0.010378209366606023
      vertex 0.021470191283393728 -0.0005201004932448737 -0.009169955651787864
    endloop
  endfacet
  facet normal 0.0 0.0 0.0
    outer loop
      vertex 0.3673052742912063 -0.0005736384547987851 -0.009624246079474418
      vertex 0.36695597009198755 -0.0006220837283511455 -0.010021918116739314
      vertex 0.03407425622479996 -0.0006675106131983552 -0.010378209366606023
    endloop
  endfacet
  facet normal 0.0 0.0 0.0
    outer loop
      vertex 0.36764084558026877 -0.0005251041671023717 -0.009208498776169747
      vertex 0.3673052742912063 -0.0005736384547987851 -0.009624246079474418
      vertex 0.021470191283393728 -0.0005201004932448737 -0.009169955651787864
    endloop
  endfacet
  facet normal 0.0 0.0 0.0
    outer loop
      vertex 0.3679616463615188 -0.00047680455305846523 -0.008775226476079456
      vertex 0.36764084558026877 -0.0005251041671023717 -0.009208498776169747
      vertex 0.021470191283393728 -0.0005201004932448737 -0.009169955651787864
    endloop
  endfacet
  facet normal 0.0 0.0 0.0
    outer loop
      vertex 0.36826645593183127 -0.00042907948485345894 -0.008325001027644146
      vertex 0.021470191283393728 -0.0005201004932448737 -0.009169955651787864
      vertex 0.008983619017768752 -0.00037689831464672173 -0.007809541698601736
    endloop
  endfacet
  facet normal 0.0 0.0 0.0
    outer loop
      vertex 0.36826645593183127 -0.00042907948485345894 -0.008325001027644146
      vertex 0.3679616463615188 -0.00047680455305846523 -0.008775226476079456
      vertex 0.021470191283393728 -0.0005201004932448737 -0.009169955651787864
    endloop
  endfacet
  facet normal 0.0 0.0 0.0
    outer loop
      vertex 0.3685542977287063 -0.0003822634398771365 -0.007858399674101017
      vertex 0.36826645593183127 -0.00042907948485345894 -0.008325001027644146
      vertex 0.008983619017768752 -0.00037689831464672173 -0.007809541698601736
    endloop
  endfacet
  facet normal 0.0 0.0 0.0
    outer loop
      vertex 0.36882401208417503 -0.0003366935929175834 -0.007375996961288971
      vertex 0.3685542977287063 -0.0003822634398771365 -0.007858399674101017
      vertex 0.008983619017768752 -0.00037689831464672173 -0.007809541698601736
    endloop
  endfacet
  facet normal 0.0 0.0 0.0
    outer loop
      vertex 0.36907456140058126 -0.00029270172396627856 -0.006878367435046909
      vertex 0.008983619017768752 -0.00037689831464672173 -0.007809541698601736
      vertex 0.0020558846427687644 -0.0003014305048778572 -0.00698338254583895
    endloop
  endfacet
  facet normal 0.0 0.0 0.0
    outer loop
      vertex 0.36907456140058126 -0.00029270172396627856 -0.006878367435046909
      vertex 0.36882401208417503 -0.0003366935929175834 -0.007375996961288971
      vertex 0.008983619017768752 -0.00037689831464672173 -0.007809541698601736
    endloop
  endfacet
  facet normal 0.0 0.0 0.0
    outer loop
      vertex 0.36930484704511257 -0.00025063040260791733 -0.006366085641213731
      vertex 0.0020558846427687644 -0.0003014305048778572 -0.00698338254583895
      vertex -0.0048672110603562215 -0.00023048083726936097 -0.006106142761380114
    endloop
  endfacet
  facet normal 0.0 0.0 0.0
    outer loop
      vertex 0.36930484704511257 -0.00025063040260791733 -0.006366085641213731
      vertex 0.36907456140058126 -0.00029270172396627856 -0.006878367435046909
      vertex 0.0020558846427687644 -0.0003014305048778572 -0.00698338254583895
    endloop
  endfacet
  facet normal 0.0 0.0 0.0
    outer loop
      vertex 0.3695137093498001 -0.00021080601403736888 -0.005839731520424948
      vertex -0.005445397095512469 -0.00022285259486367305 -0.006004688216343832
      vertex -0.005728783325981218 -0.00021772484068644183 -0.005935416330480898
    endloop
  endfacet
  facet normal 0.0 0.0 0.0
    outer loop
      vertex 0.3695137093498001 -0.00021080601403736888 -0.005839731520424948
      vertex -0.005728783325981218 -0.00021772484068644183 -0.005935416330480898
      vertex -0.006010033325981218 -0.00021174470864492622 -0.005853326407874043
    endloop
  endfacet
  facet normal 0.0 0.0 0.0
    outer loop
      vertex 0.3695137093498001 -0.00021080601403736888 -0.005839731520424948
      vertex -0.006010033325981218 -0.00021174470864492622 -0.005853326407874043
      vertex -0.006288841919731216 -0.00020493647532386915 -0.005758307855192774
    endloop
  endfacet
  facet normal 0.0 0.0 0.0
    outer loop
      vertex 0.3695137093498001 -0.00021080601403736888 -0.005839731520424948
      vertex -0.006288841919731216 -0.00020493647532386915 -0.005758307855192774
      vertex -0.006564598755668714 -0.0001973379042995349 -0.005650236592115075
    endloop
  endfacet
  facet normal 0.0 0.0 0.0
    outer loop
      vertex 0.3695137093498001 -0.00021080601403736888 -0.005839731520424948
      vertex 0.36930484704511257 -0.00025063040260791733 -0.006366085641213731
      vertex -0.0048672110603562215 -0.00023048083726936097 -0.006106142761380114
    endloop
  endfacet
  facet normal 0.0 0.0 0.0
    outer loop
      vertex 0.3695137093498001 -0.00021080601403736888 -0.005839731520424948
      vertex -0.0048672110603562215 -0.00023048083726936097 -0.006106142761380114
      vertex -0.005445397095512469 -0.00022285259486367305 -0.006004688216343832
    endloop
  endfacet
  facet normal 0.0 0.0 0.0
    outer loop
      vertex 0.36970011071698766 -0.00017357112783933015 -0.00529987422372285
      vertex -0.006564598755668714 -0.0001973379042995349 -0.005650236592115075
      vertex -0.006836998658012462 -0.00018897596955497155 -0.005528999327912148
    endloop
  endfacet
  facet normal 0.0 0.0 0.0
    outer loop
      vertex 0.36970011071698766 -0.00017357112783933015 -0.00529987422372285
      vertex -0.006836998658012462 -0.00018897596955497155 -0.005528999327912148
      vertex -0.007105614380668709 -0.00017988303986983566 -0.005394482771855199
    endloop
  endfacet
  facet normal 0.0 0.0 0.0
    outer loop
      vertex 0.36970011071698766 -0.00017357112783933015 -0.00529987422372285
      vertex -0.007105614380668709 -0.00017988303986983566 -0.005394482771855199
      vertex -0.007369835572074957 -0.00017011036581191652 -0.005246570935817122
    endloop
  endfacet
  facet normal 0.0 0.0 0.0
    outer loop
      vertex 0.36970011071698766 -0.00017357112783933015 -0.00529987422372285
      vertex -0.007369835572074957 -0.00017011036581191652 -0.005246570935817122
      vertex -0.007628868775199954 -0.00015974696152526801 -0.0050851748056538635
    endloop
  endfacet
  facet normal 0.0 0.0 0.0
    outer loop
      vertex 0.36970011071698766 -0.00017357112783933015 -0.00529987422372285
      vertex 0.3695137093498001 -0.00021080601403736888 -0.005839731520424948
      vertex -0.006564598755668714 -0.0001973379042995349 -0.005650236592115075
    endloop
  endfacet
  facet normal 0.0 0.0 0.0
    outer loop
      vertex 0.37013114099042516 -0.00014646227487712603 -0.0048688353694288505
      vertex -0.007628868775199954 -0.00015974696152526801 -0.0050851748056538635
      vertex -0.00788179846269995 -0.0001488926307471643 -0.00491020536722137
    endloop
  endfacet
  facet normal 0.0 0.0 0.0
    outer loop
      vertex 0.37013114099042516 -0.00014646227487712603 -0.0048688353694288505
      vertex -0.00788179846269995 -0.0001488926307471643 -0.00491020536722137
      vertex -0.008127892212699947 -0.00013763908501996625 -0.004721570908977279
    endloop
  endfacet
  facet normal 0.0 0.0 0.0
    outer loop
      vertex 0.37013114099042516 -0.00014646227487712603 -0.0048688353694288505
      vertex 0.36970011071698766 -0.00017357112783933015 -0.00529987422372285
      vertex -0.007628868775199954 -0.00015974696152526801 -0.0050851748056538635
    endloop
  endfacet
  facet normal 0.0 0.0 0.0
    outer loop
      vertex 0.3705623543693314 -0.00012165160527052433 -0.004437656250423009
      vertex -0.008127892212699947 -0.00013763908501996625 -0.004721570908977279
      vertex -0.008342735962699946 -0.000127248706750271 -0.004540041397867762
    endloop
  endfacet
  facet normal 0.0 0.0 0.0
    outer loop
      vertex 0.3705623543693314 -0.00012165160527052433 -0.004437656250423009
      vertex -0.008342735962699946 -0.000127248706750271 -0.004540041397867762
      vertex -0.00853029699785619 -0.0001177484699211262 -0.004367084218570573
    endloop
  endfacet
  facet normal 0.0 0.0 0.0
    outer loop
      vertex 0.3705623543693314 -0.00012165160527052433 -0.004437656250423009
      vertex -0.00853029699785619 -0.0001177484699211262 -0.004367084218570573
      vertex -0.008711754517387439 -0.00010815652154962185 -0.004184999043410289
    endloop
  endfacet
  facet normal 0.0 0.0 0.0
    outer loop
      vertex 0.3705623543693314 -0.00012165160527052433 -0.004437656250423009
      vertex 0.37013114099042516 -0.00014646227487712603 -0.0048688353694288505
      vertex -0.008127892212699947 -0.00013763908501996625 -0.004721570908977279
    endloop
  endfacet
  facet normal 0.0 0.0 0.0
    outer loop
      vertex 0.37099362878339387 -9.913911901952388e-05 -0.0040063530510951505
      vertex -0.008711754517387439 -0.00010815652154962185 -0.004184999043410289
      vertex -0.008886742310356185 -9.852411220354696e-05 -0.003993745411412339
    endloop
  endfacet
  facet normal 0.0 0.0 0.0
    outer loop
      vertex 0.37099362878339387 -9.913911901952388e-05 -0.0040063530510951505
      vertex -0.008886742310356185 -9.852411220354696e-05 -0.003993745411412339
      vertex -0.00905477209551243 -8.890518984899543e-05 -0.003793285559000458
    endloop
  endfacet
  facet normal 0.0 0.0 0.0
    outer loop
      vertex 0.37099362878339387 -9.913911901952388e-05 -0.0040063530510951505
      vertex 0.3705623543693314 -0.00012165160527052433 -0.004437656250423009
      vertex -0.008711754517387439 -0.00010815652154962185 -0.004184999043410289
    endloop
  endfacet
  facet normal 0.0 0.0 0.0
    outer loop
      vertex 0.37142508630292514 -7.892751352243055e-05 -0.0035749338636401886
      vertex -0.00905477209551243 -8.890518984899543e-05 -0.003793285559000458
      vertex -0.009215233521293678 -7.936988684188972e-05 -0.003583802909259364
    endloop
  endfacet
  facet normal 0.0 0.0 0.0
    outer loop
      vertex 0.37142508630292514 -7.892751352243055e-05 -0.0035749338636401886
      vertex 0.37099362878339387 -9.913911901952388e-05 -0.0040063530510951505
      vertex -0.00905477209551243 -8.890518984899543e-05 -0.003793285559000458
    endloop
  endfacet
  facet normal 0.0 0.0 0.0
    outer loop
      vertex 0.37143057946698765 -7.868474767500788e-05 -0.0035693988023189505
      vertex 0.37142508630292514 -7.892751352243055e-05 -0.0035749338636401886
      vertex -0.009215233521293678 -7.936988684188972e-05 -0.003583802909259364
    endloop
  endfacet
  facet normal 0.0 0.0 0.0
    outer loop
      vertex 0.37143613366620637 -7.84392844292805e-05 -0.0035638664383960163
      vertex 0.37143057946698765 -7.868474767500788e-05 -0.0035693988023189505
      vertex -0.009215233521293678 -7.936988684188972e-05 -0.003583802909259364
    endloop
  endfacet
  facet normal 0.0 0.0 0.0
    outer loop
      vertex 0.37144718102948765 -7.795375273443494e-05 -0.003552801710550149
      vertex 0.37143613366620637 -7.84392844292805e-05 -0.0035638664383960163
      vertex -0.009215233521293678 -7.936988684188972e-05 -0.003583802909259364
    endloop
  endfacet
  facet normal 0.0 0.0 0.0
    outer loop
      vertex 0.37148813561933136 -7.616537765842102e-05 -0.0035118848756661974
      vertex 0.37144718102948765 -7.795375273443494e-05 -0.003552801710550149
      vertex -0.009215233521293678 -7.936988684188972e-05 -0.003583802909259364
    endloop
  endfacet
  facet normal 0.0 0.0 0.0
    outer loop
      vertex 0.37152902917401887 -7.440397656545383e-05 -0.003470968040782246
      vertex -0.009215233521293678 -7.936988684188972e-05 -0.003583802909259364
      vertex -0.009367455200981173 -7.00072173262849e-05 -0.003365564504621224
    endloop
  endfacet
  facet normal 0.0 0.0 0.0
    outer loop
      vertex 0.37152902917401887 -7.440397656545383e-05 -0.003470968040782246
      vertex 0.37148813561933136 -7.616537765842102e-05 -0.0035118848756661974
      vertex -0.009215233521293678 -7.936988684188972e-05 -0.003583802909259364
    endloop
  endfacet
  facet normal 0.0 0.0 0.0
    outer loop
      vertex 0.37156992272870637 -7.265606246401068e-05 -0.0034300485084999897
      vertex 0.37152902917401887 -7.440397656545383e-05 -0.003470968040782246
      vertex -0.009367455200981173 -7.00072173262849e-05 -0.003365564504621224
    endloop
  endfacet
  facet normal 0.0 0.0 0.0
    outer loop
      vertex 0.37161087731855014 -7.093242494730933e-05 -0.0033891316736160385
      vertex -0.009367455200981173 -7.00072173262849e-05 -0.003365564504621224
      vertex -0.009510826783012419 -6.0890011056407236e-05 -0.0031388481771114202
    endloop
  endfacet
  facet normal 0.0 0.0 0.0
    outer loop
      vertex 0.37161087731855014 -7.093242494730933e-05 -0.0033891316736160385
      vertex -0.009510826783012419 -6.0890011056407236e-05 -0.0031388481771114202
      vertex -0.009644615845512416 -5.2112676972921655e-05 -0.002903931758755337
    endloop
  endfacet
  facet normal 0.0 0.0 0.0
    outer loop
      vertex 0.37161087731855014 -7.093242494730933e-05 -0.0033891316736160385
      vertex 0.37156992272870637 -7.265606246401068e-05 -0.0034300485084999897
      vertex -0.009367455200981173 -7.00072173262849e-05 -0.003365564504621224
    endloop
  endfacet
  facet normal 0.0 0.0 0.0
    outer loop
      vertex 0.37245780114667515 -3.990425224838301e-05 -0.0025421728825258693
      vertex -0.009644615845512416 -5.2112676972921655e-05 -0.002903931758755337
      vertex -0.009768212036918661 -4.37480448300549e-05 -0.002661087686781749
    endloop
  endfacet
  facet normal 0.0 0.0 0.0
    outer loop
      vertex 0.37245780114667515 -3.990425224838301e-05 -0.0025421728825258693
      vertex -0.009768212036918661 -4.37480448300549e-05 -0.002661087686781749
      vertex -0.009880882935356156 -3.58878261701665e-05 -0.0024105910958177354
    endloop
  endfacet
  facet normal 0.0 0.0 0.0
    outer loop
      vertex 0.37245780114667515 -3.990425224838301e-05 -0.0025421728825258693
      vertex -0.009880882935356156 -3.58878261701665e-05 -0.0024105910958177354
      vertex -0.009981957154106153 -2.8604850747483423e-05 -0.002152719817888679
    endloop
  endfacet
  facet normal 0.0 0.0 0.0
    outer loop
      vertex 0.37245780114667515 -3.990425224838301e-05 -0.0025421728825258693
      vertex 0.37161087731855014 -7.093242494730933e-05 -0.0033891316736160385
      vertex -0.009644615845512416 -5.2112676972921655e-05 -0.002903931758755337
    endloop
  endfacet
  facet normal 0.0 0.0 0.0
    outer loop
      vertex 0.3733050911857377 -1.773703298038698e-05 -0.0016949362594103157
      vertex 0.37245780114667515 -3.990425224838301e-05 -0.0025421728825258693
      vertex -0.009981957154106153 -2.8604850747483423e-05 -0.002152719817888679
    endloop
  endfacet
  facet normal 0.0 0.0 0.0
    outer loop
      vertex 0.3733050911857377 -1.773703298038698e-05 -0.0016949362594103157
      vertex -0.009981957154106153 -2.8604850747483423e-05 -0.002152719817888679
      vertex -0.010062523560356147 -2.2622021307664442e-05 -0.0019145557319737417
    endloop
  endfacet
  facet normal 0.0 0.0 0.0
    outer loop
      vertex 0.3733050911857377 -1.773703298038698e-05 -0.0016949362594103157
      vertex -0.010062523560356147 -2.2622021307664442e-05 -0.0019145557319737417
      vertex -0.010126122193168644 -1.774512517277149e-05 -0.0016954568572764045
    endloop
  endfacet
  facet normal 0.0 0.0 0.0
    outer loop
      vertex 0.3733050911857377 -1.773703298038698e-05 -0.0016949362594103157
      vertex -0.010126122193168644 -1.774512517277149e-05 -0.0016954568572764045
      vertex -0.010180992798637389 -1.339691910559937e-05 -0.0014720799088678174
    endloop
  endfacet
  facet normal 0.0 0.0 0.0
    outer loop
      vertex 0.3733050911857377 -1.773703298038698e-05 -0.0016949362594103157
      vertex -0.010180992798637389 -1.339691910559937e-05 -0.0014720799088678174
      vertex -0.010226830200981136 -9.609771885804142e-06 -0.001245110025917374
    endloop
  endfacet
  facet normal 0.0 0.0 0.0
    outer loop
      vertex 0.3741525032951127 -4.433464541626186e-06 -0.0008475162132100434
      vertex 0.3733050911857377 -1.773703298038698e-05 -0.0016949362594103157
      vertex -0.010226830200981136 -9.609771885804142e-06 -0.001245110025917374
    endloop
  endfacet
  facet normal 0.0 0.0 0.0
    outer loop
      vertex 0.3741525032951127 -4.433464541626186e-06 -0.0008475162132100434
      vertex -0.010226830200981136 -9.609771885804142e-06 -0.001245110025917374
      vertex -0.010263451294731132 -6.407960098128385e-06 -0.0010154292576707098
    endloop
  endfacet
  facet normal 0.0 0.0 0.0
    outer loop
      vertex 0.3741525032951127 -4.433464541626186e-06 -0.0008475162132100434
      vertex -0.010263451294731132 -6.407960098128385e-06 -0.0010154292576707098
      vertex -0.010290672974418626 -3.829247318837769e-06 -0.0007839115611785472
    endloop
  endfacet
  facet normal 0.0 0.0 0.0
    outer loop
      vertex 0.3741525032951127 -4.433464541626186e-06 -0.0008475162132100434
      vertex -0.010290672974418626 -3.829247318837769e-06 -0.0007839115611785472
      vertex -0.010308190064262375 -1.8925153360650481e-06 -0.0005514335908899123
    endloop
  endfacet
  facet normal 0.0 0.0 0.0
    outer loop
      vertex 0.3741525032951127 -4.433464541626186e-06 -0.0008475162132100434
      vertex -0.010308190064262375 -1.8925153360650481e-06 -0.0005514335908899123
      vertex -0.010313622193168621 -1.1237568192263847e-06 -0.0004255702885944355
    endloop
  endfacet
  facet normal 0.0 0.0 0.0
    outer loop
      vertex 0.37499997643964395 1.0582712902949257e-09 9.393291983191736e-10
      vertex -0.010313622193168621 -1.1237568192263847e-06 -0.0004255702885944355
      vertex -0.01031606359941862 -5.546057769352796e-07 -0.0002998256718243653
    endloop
  endfacet
  facet normal 0.0 0.0 0.0
    outer loop
      vertex 0.37499997643964395 1.0582712902949257e-09 9.393291983191736e-10
      vertex -0.01031606359941862 -5.546057769352796e-07 -0.0002998256718243653
      vertex -0.01031624670488737 -4.00854073567547e-07 -0.0002549922146019928
    endloop
  endfacet
  facet normal 0.0 0.0 0.0
    outer loop
      vertex 0.37499997643964395 1.0582712902949257e-09 9.393291983191736e-10
      vertex -0.010316246704887361 -4.47974973475998e-08 8.499865731526338e-05
      vertex -0.010316246704887358 -4.0085407356765803e-07 0.00025499409327389146
    endloop
  endfacet
  facet normal 0.0 0.0 0.0
    outer loop
      vertex 0.37499997643964395 1.0582712902949257e-09 9.393291983191736e-10
      vertex -0.010316246704887367 -4.479749734755123e-08 -8.49967786433647e-05
      vertex -0.010316246704887361 -4.47974973475998e-08 8.499865731526338e-05
    endloop
  endfacet
  facet normal 0.0 0.0 0.0
    outer loop
      vertex 0.37499997643964395 1.0582712902949257e-09 9.393291983191736e-10
      vertex -0.01031624670488737 -4.00854073567547e-07 -0.0002549922146019928
      vertex -0.010316246704887367 -4.479749734755123e-08 -8.49967786433647e-05
    endloop
  endfacet
  facet normal 0.0 0.0 0.0
    outer loop
      vertex 0.37499997643964395 1.0582712902949257e-09 9.393291983191736e-10
      vertex -0.010316246704887358 -4.0085407356765803e-07 0.00025499409327389146
      vertex -0.010316063599418609 -5.573031752401092e-07 0.00029982485309795927
    endloop
  endfacet
  facet normal 0.0 0.0 0.0
    outer loop
      vertex 0.37499997643964395 1.0582712902949257e-09 9.393291983191736e-10
      vertex 0.3741525032951127 -4.433464541626186e-06 -0.0008475162132100434
      vertex -0.010313622193168621 -1.1237568192263847e-06 -0.0004255702885944355
    endloop
  endfacet
  facet normal 0.0 0.0 0.0
    outer loop
      vertex 0.37499997643964395 1.0582712902949257e-09 9.393291983191736e-10
      vertex -0.010316063599418609 -5.573031752401092e-07 0.00029982485309795927
      vertex -0.010313622193168608 -1.123756819226579e-06 0.00042557216726633407
    endloop
  endfacet
  facet normal 0.0 0.0 0.0
    outer loop
      vertex -0.004867211060356007 -0.00023048083726936362 0.006106144640051821
      vertex -0.0051603018806685086 -0.00022709290499866165 0.006061259932261665
      vertex -0.004874046997856009 -0.00023041609971005128 0.006105254498611271
    endloop
  endfacet
  facet normal 0.0 0.0 0.0
    outer loop
      vertex -0.004867211060356007 -0.00023048083726936362 0.006106144640051821
      vertex -0.00544539709551226 -0.00022285259486367614 0.00600469009501556
      vertex -0.0051603018806685086 -0.00022709290499866165 0.006061259932261665
    endloop
  endfacet
  facet normal 0.0 0.0 0.0
    outer loop
      vertex 0.3741525032951127 -4.43346454162652e-06 0.0008475126970718603
      vertex 0.37499997643964395 1.0582712902949257e-09 9.393291983191736e-10
      vertex -0.010313622193168608 -1.123756819226579e-06 0.00042557216726633407
    endloop
  endfacet
  facet normal 0.0 0.0 0.0
    outer loop
      vertex 0.3741525032951127 -4.43346454162652e-06 0.0008475126970718603
      vertex -0.010263451294731097 -6.410657496433547e-06 0.001015428438944302
      vertex -0.010226830200981092 -9.609771885804808e-06 0.0012451119045892695
    endloop
  endfacet
  facet normal 0.0 0.0 0.0
    outer loop
      vertex 0.3741525032951127 -4.43346454162652e-06 0.0008475126970718603
      vertex -0.010290672974418602 -3.82654992053344e-06 0.0007839107424521403
      vertex -0.010263451294731097 -6.410657496433547e-06 0.001015428438944302
    endloop
  endfacet
  facet normal 0.0 0.0 0.0
    outer loop
      vertex 0.3741525032951127 -4.43346454162652e-06 0.0008475126970718603
      vertex -0.010308190064262354 -1.8898179377606627e-06 0.0005514327721635061
      vertex -0.010290672974418602 -3.82654992053344e-06 0.0007839107424521403
    endloop
  endfacet
  facet normal 0.0 0.0 0.0
    outer loop
      vertex 0.3741525032951127 -4.43346454162652e-06 0.0008475126970718603
      vertex -0.010313622193168608 -1.123756819226579e-06 0.00042557216726633407
      vertex -0.010308190064262354 -1.8898179377606627e-06 0.0005514327721635061
    endloop
  endfacet
  facet normal 0.0 0.0 0.0
    outer loop
      vertex 0.3733050911857377 -1.773433558208304e-05 0.0016949354406704674
      vertex -0.01006252356035608 -2.2619323909360723e-05 0.0019145549132473269
      vertex -0.009981957154106076 -2.860754814578903e-05 0.0021527189991622617
    endloop
  endfacet
  facet normal 0.0 0.0 0.0
    outer loop
      vertex 0.3733050911857377 -1.773433558208304e-05 0.0016949354406704674
      vertex -0.010126122193168585 -1.774242777446766e-05 0.0016954560385499917
      vertex -0.01006252356035608 -2.2619323909360723e-05 0.0019145549132473269
    endloop
  endfacet
  facet normal 0.0 0.0 0.0
    outer loop
      vertex 0.3733050911857377 -1.773433558208304e-05 0.0016949354406704674
      vertex -0.010180992798637337 -1.3394221707295317e-05 0.0014720790901414068
      vertex -0.010126122193168585 -1.774242777446766e-05 0.0016954560385499917
    endloop
  endfacet
  facet normal 0.0 0.0 0.0
    outer loop
      vertex 0.3733050911857377 -1.773433558208304e-05 0.0016949354406704674
      vertex -0.010226830200981092 -9.609771885804808e-06 0.0012451119045892695
      vertex -0.010180992798637337 -1.3394221707295317e-05 0.0014720790901414068
    endloop
  endfacet
  facet normal 0.0 0.0 0.0
    outer loop
      vertex 0.3733050911857377 -1.773433558208304e-05 0.0016949354406704674
      vertex 0.3741525032951127 -4.43346454162652e-06 0.0008475126970718603
      vertex -0.010226830200981092 -9.609771885804808e-06 0.0012451119045892695
    endloop
  endfacet
  facet normal 0.0 0.0 0.0
    outer loop
      vertex 0.37245780114667526 -3.9901554850079405e-05 0.00254217206378605
      vertex 0.3733050911857377 -1.773433558208304e-05 0.0016949354406704674
      vertex -0.009981957154106076 -2.860754814578903e-05 0.0021527189991622617
    endloop
  endfacet
  facet normal 0.0 0.0 0.0
    outer loop
      vertex 0.37245780114667526 -3.9901554850079405e-05 0.00254217206378605
      vertex -0.009768212036918567 -4.375074222836073e-05 0.002661086868055324
      vertex -0.009644615845512315 -5.210997957461827e-05 0.002903930940028907
    endloop
  endfacet
  facet normal 0.0 0.0 0.0
    outer loop
      vertex 0.37245780114667526 -3.9901554850079405e-05 0.00254217206378605
      vertex -0.009880882935356071 -3.5885128771862896e-05 0.0024105902770913145
      vertex -0.009768212036918567 -4.375074222836073e-05 0.002661086868055324
    endloop
  endfacet
  facet normal 0.0 0.0 0.0
    outer loop
      vertex 0.37245780114667526 -3.9901554850079405e-05 0.00254217206378605
      vertex -0.009981957154106076 -2.860754814578903e-05 0.0021527189991622617
      vertex -0.009880882935356071 -3.5885128771862896e-05 0.0024105902770913145
    endloop
  endfacet
  facet normal 0.0 0.0 0.0
    outer loop
      vertex 0.37161087731855025 -7.093512234561561e-05 0.0033891308548762494
      vertex 0.37245780114667526 -3.9901554850079405e-05 0.00254217206378605
      vertex -0.009644615845512315 -5.210997957461827e-05 0.002903930940028907
    endloop
  endfacet
  facet normal 0.0 0.0 0.0
    outer loop
      vertex 0.37161087731855025 -7.093512234561561e-05 0.0033891308548762494
      vertex -0.00951082678301231 -6.089270845471328e-05 0.003138847358384986
      vertex -0.009367455200981055 -7.000451992798173e-05 0.0033655636858947843
    endloop
  endfacet
  facet normal 0.0 0.0 0.0
    outer loop
      vertex 0.37161087731855025 -7.093512234561561e-05 0.0033891308548762494
      vertex -0.009644615845512315 -5.210997957461827e-05 0.002903930940028907
      vertex -0.00951082678301231 -6.089270845471328e-05 0.003138847358384986
    endloop
  endfacet
  facet normal 0.0 0.0 0.0
    outer loop
      vertex 0.3715699227287065 -7.265606246401224e-05 0.0034300503871585067
      vertex 0.37161087731855025 -7.093512234561561e-05 0.0033891308548762494
      vertex -0.009367455200981055 -7.000451992798173e-05 0.0033655636858947843
    endloop
  endfacet
  facet normal 0.0 0.0 0.0
    outer loop
      vertex 0.371529029174019 -7.440127916715088e-05 0.0034709672220424597
      vertex 0.3715699227287065 -7.265606246401224e-05 0.0034300503871585067
      vertex -0.009367455200981055 -7.000451992798173e-05 0.0033655636858947843
    endloop
  endfacet
  facet normal 0.0 0.0 0.0
    outer loop
      vertex 0.371529029174019 -7.440127916715088e-05 0.0034709672220424597
      vertex -0.009367455200981055 -7.000451992798173e-05 0.0033655636858947843
      vertex -0.009215233521293551 -7.937258424019622e-05 0.00358380209053292
    endloop
  endfacet
  facet normal 0.0 0.0 0.0
    outer loop
      vertex 0.3714881356193315 -7.616807505672729e-05 0.003511884056926412
      vertex 0.371529029174019 -7.440127916715088e-05 0.0034709672220424597
      vertex -0.009215233521293551 -7.937258424019622e-05 0.00358380209053292
    endloop
  endfacet
  facet normal 0.0 0.0 0.0
    outer loop
      vertex 0.37144718102948776 -7.7951055336132e-05 0.0035528008918103648
      vertex 0.3714881356193315 -7.616807505672729e-05 0.003511884056926412
      vertex -0.009215233521293551 -7.937258424019622e-05 0.00358380209053292
    endloop
  endfacet
  facet normal 0.0 0.0 0.0
    outer loop
      vertex 0.3714361336662065 -7.843928442928228e-05 0.0035638683170545376
      vertex 0.37144718102948776 -7.7951055336132e-05 0.0035528008918103648
      vertex -0.009215233521293551 -7.937258424019622e-05 0.00358380209053292
    endloop
  endfacet
  facet normal 0.0 0.0 0.0
    outer loop
      vertex 0.37143057946698776 -7.868474767500965e-05 0.0035694006809774722
      vertex 0.3714361336662065 -7.843928442928228e-05 0.0035638683170545376
      vertex -0.009215233521293551 -7.937258424019622e-05 0.00358380209053292
    endloop
  endfacet
  facet normal 0.0 0.0 0.0
    outer loop
      vertex 0.37142508630292526 -7.893021092073683e-05 0.0035749330449004056
      vertex 0.37143057946698776 -7.868474767500965e-05 0.0035694006809774722
      vertex -0.009215233521293551 -7.937258424019622e-05 0.00358380209053292
    endloop
  endfacet
  facet normal 0.0 0.0 0.0
    outer loop
      vertex 0.37142508630292526 -7.893021092073683e-05 0.0035749330449004056
      vertex -0.009215233521293551 -7.937258424019622e-05 0.00358380209053292
      vertex -0.009054772095512299 -8.89051898489972e-05 0.003793287437672312
    endloop
  endfacet
  facet normal 0.0 0.0 0.0
    outer loop
      vertex 0.370993628783394 -9.914181641783037e-05 0.004006352232355382
      vertex 0.37142508630292526 -7.893021092073683e-05 0.0035749330449004056
      vertex -0.009054772095512299 -8.89051898489972e-05 0.003793287437672312
    endloop
  endfacet
  facet normal 0.0 0.0 0.0
    outer loop
      vertex 0.370993628783394 -9.914181641783037e-05 0.004006352232355382
      vertex -0.008886742310356044 -9.85241122035485e-05 0.003993741895287578
      vertex -0.008711754517387291 -0.00010815652154962407 0.0041850009220821315
    endloop
  endfacet
  facet normal 0.0 0.0 0.0
    outer loop
      vertex 0.370993628783394 -9.914181641783037e-05 0.004006352232355382
      vertex -0.009054772095512299 -8.89051898489972e-05 0.003793287437672312
      vertex -0.008886742310356044 -9.85241122035485e-05 0.003993741895287578
    endloop
  endfacet
  facet normal 0.0 0.0 0.0
    outer loop
      vertex 0.3705623543693315 -0.0001216516052705261 0.00443765812908156
      vertex 0.370993628783394 -9.914181641783037e-05 0.004006352232355382
      vertex -0.008711754517387291 -0.00010815652154962407 0.0041850009220821315
    endloop
  endfacet
  facet normal 0.0 0.0 0.0
    outer loop
      vertex 0.3705623543693315 -0.0001216516052705261 0.00443765812908156
      vertex -0.008342735962699787 -0.00012725140414857793 0.004540040579141287
      vertex -0.008127892212699783 -0.000137639085019968 0.004721572787649102
    endloop
  endfacet
  facet normal 0.0 0.0 0.0
    outer loop
      vertex 0.3705623543693315 -0.0001216516052705261 0.00443765812908156
      vertex -0.008530296997856037 -0.00011774846992112797 0.00436708609724241
      vertex -0.008342735962699787 -0.00012725140414857793 0.004540040579141287
    endloop
  endfacet
  facet normal 0.0 0.0 0.0
    outer loop
      vertex 0.3705623543693315 -0.0001216516052705261 0.00443765812908156
      vertex -0.008711754517387291 -0.00010815652154962407 0.0041850009220821315
      vertex -0.008530296997856037 -0.00011774846992112797 0.00436708609724241
    endloop
  endfacet
  facet normal 0.0 0.0 0.0
    outer loop
      vertex 0.37013114099042527 -0.00014646497227543254 0.004868834550689114
      vertex 0.3705623543693315 -0.0001216516052705261 0.00443765812908156
      vertex -0.008127892212699783 -0.000137639085019968 0.004721572787649102
    endloop
  endfacet
  facet normal 0.0 0.0 0.0
    outer loop
      vertex 0.37013114099042527 -0.00014646497227543254 0.004868834550689114
      vertex -0.00788179846269978 -0.00014889263074716652 0.004910207245893183
      vertex -0.007628868775199776 -0.00015974696152527024 0.005085176684325668
    endloop
  endfacet
  facet normal 0.0 0.0 0.0
    outer loop
      vertex 0.37013114099042527 -0.00014646497227543254 0.004868834550689114
      vertex -0.008127892212699783 -0.000137639085019968 0.004721572787649102
      vertex -0.00788179846269978 -0.00014889263074716652 0.004910207245893183
    endloop
  endfacet
  facet normal 0.0 0.0 0.0
    outer loop
      vertex 0.36970011071698783 -0.0001735738252376371 0.005299873404983128
      vertex -0.006836998658012269 -0.0001889759695549742 0.005529001206583925
      vertex -0.006564598755668516 -0.00019733790429953712 0.005650238470786841
    endloop
  endfacet
  facet normal 0.0 0.0 0.0
    outer loop
      vertex 0.36970011071698783 -0.0001735738252376371 0.005299873404983128
      vertex -0.007105614380668521 -0.00017988303986983789 0.005394479255730374
      vertex -0.006836998658012269 -0.0001889759695549742 0.005529001206583925
    endloop
  endfacet
  facet normal 0.0 0.0 0.0
    outer loop
      vertex 0.36970011071698783 -0.0001735738252376371 0.005299873404983128
      vertex -0.007369835572074774 -0.00017011036581191874 0.005246572814488917
      vertex -0.007105614380668521 -0.00017988303986983789 0.005394479255730374
    endloop
  endfacet
  facet normal 0.0 0.0 0.0
    outer loop
      vertex 0.36970011071698783 -0.0001735738252376371 0.005299873404983128
      vertex -0.007628868775199776 -0.00015974696152527024 0.005085176684325668
      vertex -0.007369835572074774 -0.00017011036581191874 0.005246572814488917
    endloop
  endfacet
  facet normal 0.0 0.0 0.0
    outer loop
      vertex 0.36970011071698783 -0.0001735738252376371 0.005299873404983128
      vertex 0.37013114099042527 -0.00014646497227543254 0.004868834550689114
      vertex -0.007628868775199776 -0.00015974696152527024 0.005085176684325668
    endloop
  endfacet
  facet normal 0.0 0.0 0.0
    outer loop
      vertex 0.3695137093498003 -0.00021080871143567626 0.005839730701685232
      vertex -0.005728783325981011 -0.0002177275380847492 0.00593541551175433
      vertex -0.00544539709551226 -0.00022285259486367614 0.00600469009501556
    endloop
  endfacet
  facet normal 0.0 0.0 0.0
    outer loop
      vertex 0.3695137093498003 -0.00021080871143567626 0.005839730701685232
      vertex -0.006010033325981014 -0.00021174470864492888 0.00585332828654579
      vertex -0.005728783325981011 -0.0002177275380847492 0.00593541551175433
    endloop
  endfacet
  facet normal 0.0 0.0 0.0
    outer loop
      vertex 0.3695137093498003 -0.00021080871143567626 0.005839730701685232
      vertex -0.006288841919731014 -0.0002049391727221761 0.005758307036466226
      vertex -0.006010033325981014 -0.00021174470864492888 0.00585332828654579
    endloop
  endfacet
  facet normal 0.0 0.0 0.0
    outer loop
      vertex 0.3695137093498003 -0.00021080871143567626 0.005839730701685232
      vertex -0.006564598755668516 -0.00019733790429953712 0.005650238470786841
      vertex -0.006288841919731014 -0.0002049391727221761 0.005758307036466226
    endloop
  endfacet
  facet normal 0.0 0.0 0.0
    outer loop
      vertex 0.3695137093498003 -0.00021080871143567626 0.005839730701685232
      vertex -0.00544539709551226 -0.00022285259486367614 0.00600469009501556
      vertex -0.004867211060356007 -0.00023048083726936362 0.006106144640051821
    endloop
  endfacet
  facet normal 0.0 0.0 0.0
    outer loop
      vertex 0.3695137093498003 -0.00021080871143567626 0.005839730701685232
      vertex 0.36970011071698783 -0.0001735738252376371 0.005299873404983128
      vertex -0.006564598755668516 -0.00019733790429953712 0.005650238470786841
    endloop
  endfacet
  facet normal 0.0 0.0 0.0
    outer loop
      vertex 0.3693048470451128 -0.00025063040260792004 0.006366087519872327
      vertex -0.004867211060356007 -0.00023048083726936362 0.006106144640051821
      vertex 0.002055884642769008 -0.000301433202276165 0.00698338172711211
    endloop
  endfacet
  facet normal 0.0 0.0 0.0
    outer loop
      vertex 0.3693048470451128 -0.00025063040260792004 0.006366087519872327
      vertex 0.3695137093498003 -0.00021080871143567626 0.005839730701685232
      vertex -0.004867211060356007 -0.00023048083726936362 0.006106144640051821
    endloop
  endfacet
  facet normal 0.0 0.0 0.0
    outer loop
      vertex 0.36907456140058154 -0.000292704421364586 0.006878366616307208
      vertex 0.3693048470451128 -0.00025063040260792004 0.006366087519872327
      vertex 0.002055884642769008 -0.000301433202276165 0.00698338172711211
    endloop
  endfacet
  facet normal 0.0 0.0 0.0
    outer loop
      vertex 0.36907456140058154 -0.000292704421364586 0.006878366616307208
      vertex 0.002055884642769008 -0.000301433202276165 0.00698338172711211
      vertex 0.008983619017769022 -0.00037690101204503003 0.007809540879874653
    endloop
  endfacet
  facet normal 0.0 0.0 0.0
    outer loop
      vertex 0.3688240120841753 -0.0003366908955192818 0.007375996142549278
      vertex 0.36907456140058154 -0.000292704421364586 0.006878366616307208
      vertex 0.008983619017769022 -0.00037690101204503003 0.007809540879874653
    endloop
  endfacet
  facet normal 0.0 0.0 0.0
    outer loop
      vertex 0.3685542977287066 -0.00038226343987714007 0.00785840155275964
      vertex 0.3688240120841753 -0.0003366908955192818 0.007375996142549278
      vertex 0.008983619017769022 -0.00037690101204503003 0.007809540879874653
    endloop
  endfacet
  facet normal 0.0 0.0 0.0
    outer loop
      vertex 0.3682664559318316 -0.00042907948485346246 0.008325002906302777
      vertex 0.3685542977287066 -0.00038226343987714007 0.00785840155275964
      vertex 0.008983619017769022 -0.00037690101204503003 0.007809540879874653
    endloop
  endfacet
  facet normal 0.0 0.0 0.0
    outer loop
      vertex 0.3682664559318316 -0.00042907948485346246 0.008325002906302777
      vertex 0.008983619017769022 -0.00037690101204503003 0.007809540879874653
      vertex 0.021470191283394047 -0.0005201004932448781 0.009169957530458645
    endloop
  endfacet
  facet normal 0.0 0.0 0.0
    outer loop
      vertex 0.3679616463615191 -0.0004768045530584688 0.008775228354738101
      vertex 0.3682664559318316 -0.00042907948485346246 0.008325002906302777
      vertex 0.021470191283394047 -0.0005201004932448781 0.009169957530458645
    endloop
  endfacet
  facet normal 0.0 0.0 0.0
    outer loop
      vertex 0.3676408455802691 -0.0005251014697040715 0.009208497957430097
      vertex 0.3679616463615191 -0.0004768045530584688 0.008775228354738101
      vertex 0.021470191283394047 -0.0005201004932448781 0.009169957530458645
    endloop
  endfacet
  facet normal 0.0 0.0 0.0
    outer loop
      vertex 0.36730527429120663 -0.0005736384547987896 0.009624242563336475
      vertex 0.3676408455802691 -0.0005251014697040715 0.009208497957430097
      vertex 0.021470191283394047 -0.0005201004932448781 0.009169957530458645
    endloop
  endfacet
  facet normal 0.0 0.0 0.0
    outer loop
      vertex 0.36730527429120663 -0.0005736384547987896 0.009624242563336475
      vertex 0.021470191283394047 -0.0005201004932448781 0.009169957530458645
      vertex 0.034074256224800314 -0.0006675079158000558 0.010378208547878062
    endloop
  endfacet
  facet normal 0.0 0.0 0.0
    outer loop
      vertex 0.3669559700919879 -0.0006220837283511509 0.010021919995397992
      vertex 0.36730527429120663 -0.0005736384547987896 0.009624242563336475
      vertex 0.034074256224800314 -0.0006675079158000558 0.010378208547878062
    endloop
  endfacet
  facet normal 0.0 0.0 0.0
    outer loop
      vertex 0.36659378747480037 -0.0006701783401238996 0.010401368409716366
      vertex 0.3669559700919879 -0.0006220837283511509 0.010021919995397992
      vertex 0.034074256224800314 -0.0006675079158000558 0.010378208547878062
    endloop
  endfacet
  facet normal 0.0 0.0 0.0
    outer loop
      vertex 0.36659378747480037 -0.0006701783401238996 0.010401368409716366
      vertex 0.034074256224800314 -0.0006675079158000558 0.010378208547878062
      vertex 0.04678061608808159 -0.0008112576662540629 0.011431833904879011
    endloop
  endfacet
  facet normal 0.0 0.0 0.0
    outer loop
      vertex 0.3662195809318316 -0.0007176984060577478 0.010762693004825479
      vertex 0.36659378747480037 -0.0006701783401238996 0.010401368409716366
      vertex 0.04678061608808159 -0.0008112576662540629 0.011431833904879011
    endloop
  endfacet
  facet normal 0.0 0.0 0.0
    outer loop
      vertex 0.12678928308026916 -0.0012893310547876045 0.01439507429949426
      vertex 0.10203684167401916 -0.0012435076523872439 0.014137310917497828
      vertex 0.11560336999433166 -0.0012802974678650996 0.014344662622577971
    endloop
  endfacet
  facet normal 0.0 0.0 0.0
    outer loop
      vertex 0.12678928308026916 -0.0012893310547876045 0.01439507429949426
      vertex 0.08916074304120665 -0.0011803480710826735 0.013777815158439531
      vertex 0.10203684167401916 -0.0012435076523872439 0.014137310917497828
    endloop
  endfacet
  facet normal 0.0 0.0 0.0
    outer loop
      vertex 0.36583426599042534 -0.0007644416212798424 0.011105977400072777
      vertex 0.3662195809318316 -0.0007176984060577478 0.010762693004825479
      vertex 0.04678061608808159 -0.0008112576662540629 0.011431833904879011
    endloop
  endfacet
  facet normal 0.0 0.0 0.0
    outer loop
      vertex 0.3654385140373004 -0.0008101814043325915 0.011431329491390448
      vertex 0.36583426599042534 -0.0007644416212798424 0.011105977400072777
      vertex 0.04678061608808159 -0.0008112576662540629 0.011431833904879011
    endloop
  endfacet
  facet normal 0.0 0.0 0.0
    outer loop
      vertex 0.3654385140373004 -0.0008101814043325915 0.011431329491390448
      vertex 0.04678061608808159 -0.0008112576662540629 0.011431833904879011
      vertex 0.06090732507245661 -0.0009567903969874853 0.012412772469763259
    endloop
  endfacet
  facet normal 0.0 0.0 0.0
    outer loop
      vertex 0.36503324059980036 -0.0008547073581482252 0.01173885177991407
      vertex 0.3654385140373004 -0.0008101814043325915 0.011431329491390448
      vertex 0.06090732507245661 -0.0009567903969874853 0.012412772469763259
    endloop
  endfacet
  facet normal 0.0 0.0 0.0
    outer loop
      vertex 0.1960614998771442 -0.0012824931500856529 0.014356935784862933
      vertex 0.08916074304120665 -0.0011803480710826735 0.013777815158439531
      vertex 0.12678928308026916 -0.0012893310547876045 0.01439507429949426
    endloop
  endfacet
  facet normal 0.0 0.0 0.0
    outer loop
      vertex 0.1960614998771442 -0.0012824931500856529 0.014356935784862933
      vertex 0.07503629235761286 -0.0010815504633764341 0.01319460797358289
      vertex 0.08916074304120665 -0.0011803480710826735 0.013777815158439531
    endloop
  endfacet
  facet normal 0.0 0.0 0.0
    outer loop
      vertex 0.1960614998771442 -0.0012824931500856529 0.014356935784862933
      vertex 0.06090732507245661 -0.0009567903969874853 0.012412772469763259
      vertex 0.07503629235761286 -0.0010815504633764341 0.01319460797358289
    endloop
  endfacet
  facet normal 0.0 0.0 0.0
    outer loop
      vertex 0.3646191780998004 -0.0008978036908623705 0.012028630582389396
      vertex 0.36503324059980036 -0.0008547073581482252 0.01173885177991407
      vertex 0.06090732507245661 -0.0009567903969874853 0.012412772469763259
    endloop
  endfacet
  facet normal 0.0 0.0 0.0
    outer loop
      vertex 0.3641972420646441 -0.0009392546106106501 0.012300773794748612
      vertex 0.06090732507245661 -0.0009567903969874853 0.012412772469763259
      vertex 0.1960614998771442 -0.0012824931500856529 0.014356935784862933
    endloop
  endfacet
  facet normal 0.0 0.0 0.0
    outer loop
      vertex 0.3641972420646441 -0.0009392546106106501 0.012300773794748612
      vertex 0.3646191780998004 -0.0008978036908623705 0.012028630582389396
      vertex 0.06090732507245661 -0.0009567903969874853 0.012412772469763259
    endloop
  endfacet
  facet normal 0.0 0.0 0.0
    outer loop
      vertex 0.3637681649162066 -0.0009788497203252974 0.012555373128534076
      vertex 0.3641972420646441 -0.0009392546106106501 0.012300773794748612
      vertex 0.1960614998771442 -0.0012824931500856529 0.014356935784862933
    endloop
  endfacet
  facet normal 0.0 0.0 0.0
    outer loop
      vertex 0.36333286218183164 -0.0010163651359470247 0.01279253917707628
      vertex 0.3637681649162066 -0.0009788497203252974 0.012555373128534076
      vertex 0.1960614998771442 -0.0012824931500856529 0.014356935784862933
    endloop
  endfacet
  facet normal 0.0 0.0 0.0
    outer loop
      vertex 0.3628919442130817 -0.0010516525005690696 0.013012350164926063
      vertex 0.36333286218183164 -0.0010163651359470247 0.01279253917707628
      vertex 0.1960614998771442 -0.0012824931500856529 0.014356935784862933
    endloop
  endfacet
  facet normal 0.0 0.0 0.0
    outer loop
      vertex 0.36244577722089416 -0.0010846362870389052 0.013214913988015614
      vertex 0.3628919442130817 -0.0010516525005690696 0.013012350164926063
      vertex 0.1960614998771442 -0.0012824931500856529 0.014356935784862933
    endloop
  endfacet
  facet normal 0.0 0.0 0.0
    outer loop
      vertex 0.36199491052167543 -0.0011152517577972159 0.01340031696309068
      vertex 0.36244577722089416 -0.0010846362870389052 0.013214913988015614
      vertex 0.1960614998771442 -0.0012824931500856529 0.014356935784862933
    endloop
  endfacet
  facet normal 0.0 0.0 0.0
    outer loop
      vertex 0.36153977136151916 -0.0011434476622762116 0.013568648104295316
      vertex 0.36199491052167543 -0.0011152517577972159 0.01340031696309068
      vertex 0.1960614998771442 -0.0012824931500856529 0.014356935784862933
    endloop
  endfacet
  facet normal 0.0 0.0 0.0
    outer loop
      vertex 0.36108066491620666 -0.0011691538681199737 0.013720009912765105
      vertex 0.36153977136151916 -0.0011434476622762116 0.013568648104295316
      vertex 0.1960614998771442 -0.0012824931500856529 0.014356935784862933
    endloop
  endfacet
  facet normal 0.0 0.0 0.0
    outer loop
      vertex 0.36061807946698793 -0.001192305637769187 0.013854488705245792
      vertex 0.36108066491620666 -0.0011691538681199737 0.013720009912765105
      vertex 0.1960614998771442 -0.0012824931500856529 0.014356935784862933
    endloop
  endfacet
  facet normal 0.0 0.0 0.0
    outer loop
      vertex 0.36015250329511295 -0.0012128490232577586 0.013972170798483133
      vertex 0.36061807946698793 -0.001192305637769187 0.013854488705245792
      vertex 0.1960614998771442 -0.0012824931500856529 0.014356935784862933
    endloop
  endfacet
  facet normal 0.0 0.0 0.0
    outer loop
      vertex 0.3596842415763629 -0.00123071658962807 0.014073161391011006
      vertex 0.36015250329511295 -0.0012128490232577586 0.013972170798483133
      vertex 0.1960614998771442 -0.0012824931500856529 0.014356935784862933
    endloop
  endfacet
  facet normal 0.0 0.0 0.0
    outer loop
      vertex 0.35921378259198794 -0.0012458516915157221 0.014157544102176855
      vertex 0.3596842415763629 -0.00123071658962807 0.014073161391011006
      vertex 0.1960614998771442 -0.0012824931500856529 0.014356935784862933
    endloop
  endfacet
  facet normal 0.0 0.0 0.0
    outer loop
      vertex 0.3570018685294879 -0.0012784713292144118 0.014334485338770119
      vertex 0.3587415535880817 -0.0012581868939631003 0.01422541334092135
      vertex 0.35921378259198794 -0.0012458516915157221 0.014157544102176855
    endloop
  endfacet
  facet normal 0.0 0.0 0.0
    outer loop
      vertex 0.3570018685294879 -0.0012784713292144118 0.014334485338770119
      vertex 0.35826798181073793 -0.001267662854207498 0.014276860818786851
      vertex 0.3587415535880817 -0.0012581868939631003 0.01422541334092135
    endloop
  endfacet
  facet normal 0.0 0.0 0.0
    outer loop
      vertex 0.3570018685294879 -0.0012784713292144118 0.014334485338770119
      vertex 0.35779343347089415 -0.0012742121372913006 0.014311980944714016
      vertex 0.35826798181073793 -0.001267662854207498 0.014276860818786851
    endloop
  endfacet
  facet normal 0.0 0.0 0.0
    outer loop
      vertex 0.3570018685294879 -0.0012784713292144118 0.014334485338770119
      vertex 0.35921378259198794 -0.0012458516915157221 0.014157544102176855
      vertex 0.1960614998771442 -0.0012824931500856529 0.014356935784862933
    endloop
  endfacet
  facet normal 0.0 0.0 0.0
    outer loop
      vertex 0.35739774255292545 -0.0012773923698925361 0.014328842381516684
      vertex 0.35779343347089415 -0.0012742121372913006 0.014311980944714016
      vertex 0.3570018685294879 -0.0012784713292144118 0.014334485338770119
    endloop
  endfacet
  facet normal 0.0 0.0 0.0
    outer loop
      vertex -0.014348961548637374 -0.0005526499985874212 -0.00025325509009369723
      vertex -0.015000023560356126 -0.0007503989657030746 -0.00025263199108530086
      vertex -0.015000023560356122 -0.0007500429091268546 -8.421183573661595e-05
    endloop
  endfacet
  facet normal 0.0 0.0 0.0
    outer loop
      vertex -0.014348961548637365 -0.0005526526959857261 0.0002532542713674323
      vertex -0.015000023560356119 -0.0007500456065251593 8.421101701037364e-05
      vertex -0.015000023560356115 -0.0007503962683047702 0.0002526311723590585
    endloop
  endfacet
  facet normal 0.0 0.0 0.0
    outer loop
      vertex -0.010316246704887367 -4.479749734755123e-08 -8.49967786433647e-05
      vertex -0.01031624670488737 -4.00854073567547e-07 -0.0002549922146019928
      vertex -0.010996483521293619 -1.5835367173040544e-05 -0.00025494366143249633
    endloop
  endfacet
  facet normal 0.0 0.0 0.0
    outer loop
      vertex -0.010316246704887358 -4.0085407356765803e-07 0.00025499409327389146
      vertex -0.010316246704887361 -4.47974973475998e-08 8.499865731526338e-05
      vertex -0.010996483521293609 -1.583266977473595e-05 0.0002549428427061141
    endloop
  endfacet
  facet normal 0.0 0.0 0.0
    outer loop
      vertex -0.014348961548637372 -0.0005522966394095059 -8.441683800778427e-05
      vertex -0.014348961548637374 -0.0005526499985874212 -0.00025325509009369723
      vertex -0.015000023560356122 -0.0007500429091268546 -8.421183573661595e-05
    endloop
  endfacet
  facet normal 0.0 0.0 0.0
    outer loop
      vertex -0.014348961548637367 -0.0005522966394095059 8.441871667982404e-05
      vertex -0.015000023560356122 -0.0007500429091268546 -8.421183573661595e-05
      vertex -0.015000023560356119 -0.0007500456065251593 8.421101701037364e-05
    endloop
  endfacet
  facet normal 0.0 0.0 0.0
    outer loop
      vertex -0.014348961548637367 -0.0005522966394095059 8.441871667982404e-05
      vertex -0.014348961548637372 -0.0005522966394095059 -8.441683800778427e-05
      vertex -0.015000023560356122 -0.0007500429091268546 -8.421183573661595e-05
    endloop
  endfacet
  facet normal 0.0 0.0 0.0
    outer loop
      vertex -0.014348961548637367 -0.0005522966394095059 8.441871667982404e-05
      vertex -0.015000023560356119 -0.0007500456065251593 8.421101701037364e-05
      vertex -0.014348961548637365 -0.0005526526959857261 0.0002532542713674323
    endloop
  endfacet
  facet normal 0.0 0.0 0.0
    outer loop
      vertex -0.013689598755668619 -0.00038427569900992053 -8.459486629590579e-05
      vertex -0.013689598755668622 -0.0003846344529844452 -0.00025378378016142943
      vertex -0.014348961548637374 -0.0005526499985874212 -0.00025325509009369723
    endloop
  endfacet
  facet normal 0.0 0.0 0.0
    outer loop
      vertex -0.013689598755668619 -0.00038427569900992053 -8.459486629590579e-05
      vertex -0.014348961548637374 -0.0005526499985874212 -0.00025325509009369723
      vertex -0.014348961548637372 -0.0005522966394095059 -8.441683800778427e-05
    endloop
  endfacet
  facet normal 0.0 0.0 0.0
    outer loop
      vertex -0.013689598755668617 -0.00038427839640822525 8.45940475696178e-05
      vertex -0.014348961548637365 -0.0005526526959857261 0.0002532542713674323
      vertex -0.013689598755668613 -0.00038463175558614066 0.00025378296143514144
    endloop
  endfacet
  facet normal 0.0 0.0 0.0
    outer loop
      vertex -0.013689598755668617 -0.00038427839640822525 8.45940475696178e-05
      vertex -0.013689598755668619 -0.00038427569900992053 -8.459486629590579e-05
      vertex -0.014348961548637372 -0.0005522966394095059 -8.441683800778427e-05
    endloop
  endfacet
  facet normal 0.0 0.0 0.0
    outer loop
      vertex -0.013689598755668617 -0.00038427839640822525 8.45940475696178e-05
      vertex -0.014348961548637372 -0.0005522966394095059 -8.441683800778427e-05
      vertex -0.014348961548637367 -0.0005522966394095059 8.441871667982404e-05
    endloop
  endfacet
  facet normal 0.0 0.0 0.0
    outer loop
      vertex -0.013689598755668617 -0.00038427839640822525 8.45940475696178e-05
      vertex -0.014348961548637367 -0.0005522966394095059 8.441871667982404e-05
      vertex -0.014348961548637365 -0.0005526526959857261 0.0002532542713674323
    endloop
  endfacet
  facet normal 0.0 0.0 0.0
    outer loop
      vertex -0.013023277954887369 -0.0002463334471060139 -8.473782840606639e-05
      vertex -0.01302327795488737 -0.00024668950368223386 -0.00025421536389019263
      vertex -0.013689598755668622 -0.0003846344529844452 -0.00025378378016142943
    endloop
  endfacet
  facet normal 0.0 0.0 0.0
    outer loop
      vertex -0.013023277954887369 -0.0002463334471060139 -8.473782840606639e-05
      vertex -0.013689598755668622 -0.0003846344529844452 -0.00025378378016142943
      vertex -0.013689598755668619 -0.00038427569900992053 -8.459486629590579e-05
    endloop
  endfacet
  facet normal 0.0 0.0 0.0
    outer loop
      vertex -0.013023277954887365 -0.00024633344710601394 8.473970707805983e-05
      vertex -0.013689598755668613 -0.00038463175558614066 0.00025378296143514144
      vertex -0.013023277954887362 -0.000246689503682234 0.00025421724256218604
    endloop
  endfacet
  facet normal 0.0 0.0 0.0
    outer loop
      vertex -0.013023277954887365 -0.00024633344710601394 8.473970707805983e-05
      vertex -0.013689598755668617 -0.00038427839640822525 8.45940475696178e-05
      vertex -0.013689598755668613 -0.00038463175558614066 0.00025378296143514144
    endloop
  endfacet
  facet normal 0.0 0.0 0.0
    outer loop
      vertex -0.013023277954887365 -0.00024633344710601394 8.473970707805983e-05
      vertex -0.013689598755668619 -0.00038427569900992053 -8.459486629590579e-05
      vertex -0.013689598755668617 -0.00038427839640822525 8.45940475696178e-05
    endloop
  endfacet
  facet normal 0.0 0.0 0.0
    outer loop
      vertex -0.013023277954887365 -0.00024633344710601394 8.473970707805983e-05
      vertex -0.013023277954887369 -0.0002463334471060139 -8.473782840606639e-05
      vertex -0.013689598755668619 -0.00038427569900992053 -8.459486629590579e-05
    endloop
  endfacet
  facet normal 0.0 0.0 0.0
    outer loop
      vertex -0.01235140295488737 -0.00013875041312147446 -8.485111913487542e-05
      vertex -0.012351402954887371 -0.00013910646969769448 -0.0002545552360765962
      vertex -0.01302327795488737 -0.00024668950368223386 -0.00025421536389019263
    endloop
  endfacet
  facet normal 0.0 0.0 0.0
    outer loop
      vertex -0.01235140295488737 -0.00013875041312147446 -8.485111913487542e-05
      vertex -0.01302327795488737 -0.00024668950368223386 -0.00025421536389019263
      vertex -0.013023277954887369 -0.0002463334471060139 -8.473782840606639e-05
    endloop
  endfacet
  facet normal 0.0 0.0 0.0
    outer loop
      vertex -0.012351402954887365 -0.00013875041312147451 8.485299780684535e-05
      vertex -0.013023277954887362 -0.000246689503682234 0.00025421724256218604
      vertex -0.012351402954887363 -0.00013910377229938987 0.0002545544173502614
    endloop
  endfacet
  facet normal 0.0 0.0 0.0
    outer loop
      vertex -0.012351402954887365 -0.00013875041312147451 8.485299780684535e-05
      vertex -0.01235140295488737 -0.00013875041312147446 -8.485111913487542e-05
      vertex -0.013023277954887369 -0.0002463334471060139 -8.473782840606639e-05
    endloop
  endfacet
  facet normal 0.0 0.0 0.0
    outer loop
      vertex -0.012351402954887365 -0.00013875041312147451 8.485299780684535e-05
      vertex -0.013023277954887369 -0.0002463334471060139 -8.473782840606639e-05
      vertex -0.013023277954887365 -0.00024633344710601394 8.473970707805983e-05
    endloop
  endfacet
  facet normal 0.0 0.0 0.0
    outer loop
      vertex -0.012351402954887365 -0.00013875041312147451 8.485299780684535e-05
      vertex -0.013023277954887365 -0.00024633344710601394 8.473970707805983e-05
      vertex -0.013023277954887362 -0.000246689503682234 0.00025421724256218604
    endloop
  endfacet
  facet normal 0.0 0.0 0.0
    outer loop
      vertex -0.011675377564262367 -6.174508631898275e-05 -8.493204108402817e-05
      vertex -0.01167537756426237 -6.210114289520276e-05 -0.0002547980019240308
      vertex -0.012351402954887371 -0.00013910646969769448 -0.0002545552360765962
    endloop
  endfacet
  facet normal 0.0 0.0 0.0
    outer loop
      vertex -0.011675377564262367 -6.174508631898275e-05 -8.493204108402817e-05
      vertex -0.012351402954887371 -0.00013910646969769448 -0.0002545552360765962
      vertex -0.01235140295488737 -0.00013875041312147446 -8.485111913487542e-05
    endloop
  endfacet
  facet normal 0.0 0.0 0.0
    outer loop
      vertex -0.011675377564262363 -6.174508631898279e-05 8.493391975597443e-05
      vertex -0.012351402954887363 -0.00013910377229938987 0.0002545544173502614
      vertex -0.01167537756426236 -6.210114289520288e-05 0.00025479988059597705
    endloop
  endfacet
  facet normal 0.0 0.0 0.0
    outer loop
      vertex -0.011675377564262363 -6.174508631898279e-05 8.493391975597443e-05
      vertex -0.012351402954887365 -0.00013875041312147451 8.485299780684535e-05
      vertex -0.012351402954887363 -0.00013910377229938987 0.0002545544173502614
    endloop
  endfacet
  facet normal 0.0 0.0 0.0
    outer loop
      vertex -0.011675377564262363 -6.174508631898279e-05 8.493391975597443e-05
      vertex -0.01235140295488737 -0.00013875041312147446 -8.485111913487542e-05
      vertex -0.012351402954887365 -0.00013875041312147451 8.485299780684535e-05
    endloop
  endfacet
  facet normal 0.0 0.0 0.0
    outer loop
      vertex -0.011675377564262363 -6.174508631898279e-05 8.493391975597443e-05
      vertex -0.011675377564262367 -6.174508631898275e-05 -8.493204108402817e-05
      vertex -0.01235140295488737 -0.00013875041312147446 -8.485111913487542e-05
    endloop
  endfacet
  facet normal 0.0 0.0 0.0
    outer loop
      vertex -0.010996483521293616 -1.5476613198515848e-05 -8.49832916518293e-05
      vertex -0.010996483521293619 -1.5835367173040544e-05 -0.00025494366143249633
      vertex -0.01167537756426237 -6.210114289520276e-05 -0.0002547980019240308
    endloop
  endfacet
  facet normal 0.0 0.0 0.0
    outer loop
      vertex -0.010996483521293616 -1.5476613198515848e-05 -8.49832916518293e-05
      vertex -0.01167537756426237 -6.210114289520276e-05 -0.0002547980019240308
      vertex -0.011675377564262367 -6.174508631898275e-05 -8.493204108402817e-05
    endloop
  endfacet
  facet normal 0.0 0.0 0.0
    outer loop
      vertex -0.010996483521293616 -1.5476613198515848e-05 -8.49832916518293e-05
      vertex -0.010316246704887367 -4.479749734755123e-08 -8.49967786433647e-05
      vertex -0.010996483521293619 -1.5835367173040544e-05 -0.00025494366143249633
    endloop
  endfacet
  facet normal 0.0 0.0 0.0
    outer loop
      vertex -0.010996483521293614 -1.5476613198515892e-05 8.497977552714241e-05
      vertex -0.01167537756426236 -6.210114289520288e-05 0.00025479988059597705
      vertex -0.010996483521293609 -1.583266977473595e-05 0.0002549428427061141
    endloop
  endfacet
  facet normal 0.0 0.0 0.0
    outer loop
      vertex -0.010996483521293614 -1.5476613198515892e-05 8.497977552714241e-05
      vertex -0.010316246704887361 -4.47974973475998e-08 8.499865731526338e-05
      vertex -0.010316246704887367 -4.479749734755123e-08 -8.49967786433647e-05
    endloop
  endfacet
  facet normal 0.0 0.0 0.0
    outer loop
      vertex -0.010996483521293614 -1.5476613198515892e-05 8.497977552714241e-05
      vertex -0.010316246704887367 -4.479749734755123e-08 -8.49967786433647e-05
      vertex -0.010996483521293616 -1.5476613198515848e-05 -8.49832916518293e-05
    endloop
  endfacet
  facet normal 0.0 0.0 0.0
    outer loop
      vertex -0.010996483521293614 -1.5476613198515892e-05 8.497977552714241e-05
      vertex -0.010996483521293609 -1.583266977473595e-05 0.0002549428427061141
      vertex -0.010316246704887361 -4.47974973475998e-08 8.499865731526338e-05
    endloop
  endfacet
  facet normal 0.0 0.0 0.0
    outer loop
      vertex -0.010996483521293614 -1.5476613198515892e-05 8.497977552714241e-05
      vertex -0.011675377564262363 -6.174508631898279e-05 8.493391975597443e-05
      vertex -0.01167537756426236 -6.210114289520288e-05 0.00025479988059597705
    endloop
  endfacet
  facet normal 0.0 0.0 0.0
    outer loop
      vertex -0.010996483521293614 -1.5476613198515892e-05 8.497977552714241e-05
      vertex -0.011675377564262367 -6.174508631898275e-05 -8.493204108402817e-05
      vertex -0.011675377564262363 -6.174508631898279e-05 8.493391975597443e-05
    endloop
  endfacet
  facet normal 0.0 0.0 0.0
    outer loop
      vertex -0.010996483521293614 -1.5476613198515892e-05 8.497977552714241e-05
      vertex -0.010996483521293616 -1.5476613198515848e-05 -8.49832916518293e-05
      vertex -0.011675377564262367 -6.174508631898275e-05 -8.493204108402817e-05
    endloop
  endfacet
  facet normal 0.0 0.0 0.0
    outer loop
      vertex -0.014999657349418615 -0.0007507334430928573 0.0003431747412528301
      vertex -0.014348961548637365 -0.0005526526959857261 0.0002532542713674323
      vertex -0.015000023560356115 -0.0007503962683047702 0.0002526311723590585
    endloop
  endfacet
  facet normal 0.0 0.0 0.0
    outer loop
      vertex -0.014999657349418615 -0.0007507334430928573 0.0003431747412528301
      vertex -0.014348595337699862 -0.0005529601993924615 0.0003374940204231264
      vertex -0.014348961548637365 -0.0005526526959857261 0.0002532542713674323
    endloop
  endfacet
  facet normal 0.0 0.0 0.0
    outer loop
      vertex -0.014348595337699862 -0.0005529601993924615 0.0003374940204231264
      vertex -0.013689598755668613 -0.00038463175558614066 0.00025378296143514144
      vertex -0.014348961548637365 -0.0005526526959857261 0.0002532542713674323
    endloop
  endfacet
  facet normal 0.0 0.0 0.0
    outer loop
      vertex -0.014348595337699862 -0.0005529601993924615 0.0003374940204231264
      vertex -0.013689293579887362 -0.00038491767980643855 0.00033162448171209375
      vertex -0.013689598755668613 -0.00038463175558614066 0.00025378296143514144
    endloop
  endfacet
  facet normal 0.0 0.0 0.0
    outer loop
      vertex -0.01302297277910611 -0.0002469457565211802 0.00032557151991634146
      vertex -0.012351402954887363 -0.00013910377229938987 0.0002545544173502614
      vertex -0.013023277954887362 -0.000246689503682234 0.00025421724256218604
    endloop
  endfacet
  facet normal 0.0 0.0 0.0
    outer loop
      vertex -0.01302297277910611 -0.0002469457565211802 0.00032557151991634146
      vertex -0.012351158814262362 -0.00013933305115528915 0.00031935401682400274
      vertex -0.012351402954887363 -0.00013910377229938987 0.0002545544173502614
    endloop
  endfacet
  facet normal 0.0 0.0 0.0
    outer loop
      vertex -0.011675133423637359 -6.230344776805518e-05 0.00031298006462999133
      vertex -0.010996483521293609 -1.583266977473595e-05 0.0002549428427061141
      vertex -0.01167537756426236 -6.210114289520288e-05 0.00025479988059597705
    endloop
  endfacet
  facet normal 0.0 0.0 0.0
    outer loop
      vertex -0.011675133423637359 -6.230344776805518e-05 0.00031298006462999133
      vertex -0.01099630041582486 -1.6013395461150687e-05 0.00030646584772413564
      vertex -0.010996483521293609 -1.583266977473595e-05 0.0002549428427061141
    endloop
  endfacet
  facet normal 0.0 0.0 0.0
    outer loop
      vertex -0.01099630041582486 -1.6013395461150687e-05 0.00030646584772413564
      vertex -0.010316246704887358 -4.0085407356765803e-07 0.00025499409327389146
      vertex -0.010996483521293609 -1.583266977473595e-05 0.0002549428427061141
    endloop
  endfacet
  facet normal 0.0 0.0 0.0
    outer loop
      vertex -0.01099630041582486 -1.6013395461150687e-05 0.00030646584772413564
      vertex -0.010316063599418609 -5.573031752401092e-07 0.00029982485309795927
      vertex -0.010316246704887358 -4.0085407356765803e-07 0.00025499409327389146
    endloop
  endfacet
  facet normal 0.0 0.0 0.0
    outer loop
      vertex -0.013689598755668613 -0.00038463175558614066 0.00025378296143514144
      vertex -0.013468102173637362 -0.0003356847659491063 0.00027919245346538535
      vertex -0.013023277954887362 -0.000246689503682234 0.00025421724256218604
    endloop
  endfacet
  facet normal 0.0 0.0 0.0
    outer loop
      vertex -0.013689293579887362 -0.00038491767980643855 0.00033162448171209375
      vertex -0.013468102173637362 -0.0003356847659491063 0.00027919245346538535
      vertex -0.013689598755668613 -0.00038463175558614066 0.00025378296143514144
    endloop
  endfacet
  facet normal 0.0 0.0 0.0
    outer loop
      vertex -0.01302297277910611 -0.0002469457565211802 0.00032557151991634146
      vertex -0.013467980103324862 -0.00033577917488977077 0.0003044266146058278
      vertex -0.013689293579887362 -0.00038491767980643855 0.00033162448171209375
    endloop
  endfacet
  facet normal 0.0 0.0 0.0
    outer loop
      vertex -0.013689293579887362 -0.00038491767980643855 0.00033162448171209375
      vertex -0.013467980103324862 -0.00033577917488977077 0.0003044266146058278
      vertex -0.013468102173637362 -0.0003356847659491063 0.00027919245346538535
    endloop
  endfacet
  facet normal 0.0 0.0 0.0
    outer loop
      vertex -0.013023277954887362 -0.000246689503682234 0.00025421724256218604
      vertex -0.013467980103324862 -0.00033577917488977077 0.0003044266146058278
      vertex -0.01302297277910611 -0.0002469457565211802 0.00032557151991634146
    endloop
  endfacet
  facet normal 0.0 0.0 0.0
    outer loop
      vertex -0.013468102173637362 -0.0003356847659491063 0.00027919245346538535
      vertex -0.013467980103324862 -0.00033577917488977077 0.0003044266146058278
      vertex -0.013023277954887362 -0.000246689503682234 0.00025421724256218604
    endloop
  endfacet
  facet normal 0.0 0.0 0.0
    outer loop
      vertex -0.012351402954887363 -0.00013910377229938987 0.0002545544173502614
      vertex -0.01190102453691861 -8.473501206991574e-05 0.000274871221381233
      vertex -0.01167537756426236 -6.210114289520288e-05 0.00025479988059597705
    endloop
  endfacet
  facet normal 0.0 0.0 0.0
    outer loop
      vertex -0.012351158814262362 -0.00013933305115528915 0.00031935401682400274
      vertex -0.01190102453691861 -8.473501206991574e-05 0.000274871221381233
      vertex -0.012351402954887363 -0.00013910377229938987 0.0002545544173502614
    endloop
  endfacet
  facet normal 0.0 0.0 0.0
    outer loop
      vertex -0.011675133423637359 -6.230344776805518e-05 0.00031298006462999133
      vertex -0.011900963501762361 -8.480514442583786e-05 0.00029500460232749303
      vertex -0.012351158814262362 -0.00013933305115528915 0.00031935401682400274
    endloop
  endfacet
  facet normal 0.0 0.0 0.0
    outer loop
      vertex -0.012351158814262362 -0.00013933305115528915 0.00031935401682400274
      vertex -0.011900963501762361 -8.480514442583786e-05 0.00029500460232749303
      vertex -0.01190102453691861 -8.473501206991574e-05 0.000274871221381233
    endloop
  endfacet
  facet normal 0.0 0.0 0.0
    outer loop
      vertex -0.01190102453691861 -8.473501206991574e-05 0.000274871221381233
      vertex -0.011900963501762361 -8.480514442583786e-05 0.00029500460232749303
      vertex -0.01167537756426236 -6.210114289520288e-05 0.00025479988059597705
    endloop
  endfacet
  facet normal 0.0 0.0 0.0
    outer loop
      vertex -0.01167537756426236 -6.210114289520288e-05 0.00025479988059597705
      vertex -0.011900963501762361 -8.480514442583786e-05 0.00029500460232749303
      vertex -0.011675133423637359 -6.230344776805518e-05 0.00031298006462999133
    endloop
  endfacet
  facet normal 0.0 0.0 0.0
    outer loop
      vertex -0.014982384400199856 -0.0007548011197363409 0.0008671389671436549
      vertex -0.014348595337699862 -0.0005529601993924615 0.0003374940204231264
      vertex -0.014999657349418615 -0.0007507334430928573 0.0003431747412528301
    endloop
  endfacet
  facet normal 0.0 0.0 0.0
    outer loop
      vertex -0.014939781861137346 -0.0007623808089725403 0.001392106625203827
      vertex -0.014348595337699862 -0.0005529601993924615 0.0003374940204231264
      vertex -0.014982384400199856 -0.0007548011197363409 0.0008671389671436549
    endloop
  endfacet
  facet normal 0.0 0.0 0.0
    outer loop
      vertex -0.014939781861137346 -0.0007623808089725403 0.001392106625203827
      vertex -0.014872826294731087 -0.0007732486267421662 0.0019143903719508247
      vertex -0.014348595337699862 -0.0005529601993924615 0.0003374940204231264
    endloop
  endfacet
  facet normal 0.0 0.0 0.0
    outer loop
      vertex -0.01099630041582486 -1.6013395461150687e-05 0.00030646584772413564
      vertex -0.010313622193168608 -1.123756819226579e-06 0.00042557216726633407
      vertex -0.010316063599418609 -5.573031752401092e-07 0.00029982485309795927
    endloop
  endfacet
  facet normal 0.0 0.0 0.0
    outer loop
      vertex -0.01099630041582486 -1.6013395461150687e-05 0.00030646584772413564
      vertex -0.010308190064262354 -1.8898179377606627e-06 0.0005514327721635061
      vertex -0.010313622193168608 -1.123756819226579e-06 0.00042557216726633407
    endloop
  endfacet
  facet normal 0.0 0.0 0.0
    outer loop
      vertex -0.01099630041582486 -1.6013395461150687e-05 0.00030646584772413564
      vertex -0.010290672974418602 -3.82654992053344e-06 0.0007839107424521403
      vertex -0.010308190064262354 -1.8898179377606627e-06 0.0005514327721635061
    endloop
  endfacet
  facet normal 0.0 0.0 0.0
    outer loop
      vertex -0.01099630041582486 -1.6013395461150687e-05 0.00030646584772413564
      vertex -0.010263451294731097 -6.410657496433547e-06 0.001015428438944302
      vertex -0.010290672974418602 -3.82654992053344e-06 0.0007839107424521403
    endloop
  endfacet
  facet normal 0.0 0.0 0.0
    outer loop
      vertex -0.006166588501762181 -0.0015109924578735239 0.011026023816929765
      vertex -0.0053586661384809366 -0.0012694269526963699 0.01054649922810881
      vertex -0.006508019165824683 -0.0015008232662648132 0.010952320105652223
    endloop
  endfacet
  facet normal 0.0 0.0 0.0
    outer loop
      vertex -0.0058246085212934305 -0.0015196915674061753 0.011088584575810601
      vertex -0.0053586661384809366 -0.0012694269526963699 0.01054649922810881
      vertex -0.006166588501762181 -0.0015109924578735239 0.011026023816929765
    endloop
  endfacet
  facet normal 0.0 0.0 0.0
    outer loop
      vertex -0.005624962525199679 -0.0015240775370496137 0.011119987686873882
      vertex -0.0053586661384809366 -0.0012694269526963699 0.01054649922810881
      vertex -0.0058246085212934305 -0.0015196915674061753 0.011088584575810601
    endloop
  endfacet
  facet normal 0.0 0.0 0.0
    outer loop
      vertex -0.005425255493949678 -0.0015279590932100752 0.011147681875268205
      vertex -0.0053586661384809366 -0.0012694269526963699 0.01054649922810881
      vertex -0.005624962525199679 -0.0015240775370496137 0.011119987686873882
    endloop
  endfacet
  facet normal 0.0 0.0 0.0
    outer loop
      vertex -0.0053586661384809366 -0.0012694269526963699 0.01054649922810881
      vertex -0.005291161255668447 -0.0010376637929584813 0.00993460251488316
      vertex -0.006508019165824683 -0.0015008232662648132 0.010952320105652223
    endloop
  endfacet
  facet normal 0.0 0.0 0.0
    outer loop
      vertex -0.005014488892387236 -0.000386387761882558 0.0074036606595688035
      vertex -0.0049443594978559975 -0.00029408009449751436 0.006756169078314367
      vertex -0.00544539709551226 -0.00022285259486367614 0.00600469009501556
    endloop
  endfacet
  facet normal 0.0 0.0 0.0
    outer loop
      vertex -0.0049443594978559975 -0.00029408009449751436 0.006756169078314367
      vertex -0.0051603018806685086 -0.00022709290499866165 0.006061259932261665
      vertex -0.00544539709551226 -0.00022285259486367614 0.00600469009501556
    endloop
  endfacet
  facet normal 0.0 0.0 0.0
    outer loop
      vertex -0.0049443594978559975 -0.00029408009449751436 0.006756169078314367
      vertex -0.004874046997856009 -0.00023041609971005128 0.006105254498611271
      vertex -0.0051603018806685086 -0.00022709290499866165 0.006061259932261665
    endloop
  endfacet
  facet normal 0.0 0.0 0.0
    outer loop
      vertex -0.014782433228324829 -0.0007871725967910139 0.002430294771707213
      vertex -0.013384056763481091 -0.00034925537682003907 0.0014922313528758558
      vertex -0.014872826294731087 -0.0007732486267421662 0.0019143903719508247
    endloop
  endfacet
  facet normal 0.0 0.0 0.0
    outer loop
      vertex -0.013689293579887362 -0.00038491767980643855 0.00033162448171209375
      vertex -0.013384056763481091 -0.00034925537682003907 0.0014922313528758558
      vertex -0.01302297277910611 -0.0002469457565211802 0.00032557151991634146
    endloop
  endfacet
  facet normal 0.0 0.0 0.0
    outer loop
      vertex -0.014348595337699862 -0.0005529601993924615 0.0003374940204231264
      vertex -0.013384056763481091 -0.00034925537682003907 0.0014922313528758558
      vertex -0.013689293579887362 -0.00038491767980643855 0.00033162448171209375
    endloop
  endfacet
  facet normal 0.0 0.0 0.0
    outer loop
      vertex -0.014872826294731087 -0.0007732486267421662 0.0019143903719508247
      vertex -0.013384056763481091 -0.00034925537682003907 0.0014922313528758558
      vertex -0.014348595337699862 -0.0005529601993924615 0.0003374940204231264
    endloop
  endfacet
  facet normal 0.0 0.0 0.0
    outer loop
      vertex -0.014782433228324829 -0.0007871725967910139 0.002430294771707213
      vertex -0.013160851197074823 -0.00037803661673115995 0.002625796806035029
      vertex -0.013384056763481091 -0.00034925537682003907 0.0014922313528758558
    endloop
  endfacet
  facet normal 0.0 0.0 0.0
    outer loop
      vertex -0.014669640259574821 -0.0008039288350597938 0.0029361324809904707
      vertex -0.013160851197074823 -0.00037803661673115995 0.002625796806035029
      vertex -0.014782433228324829 -0.0007871725967910139 0.002430294771707213
    endloop
  endfacet
  facet normal 0.0 0.0 0.0
    outer loop
      vertex -0.01453548498613731 -0.0008232799704976925 0.003428396882004492
      vertex -0.013160851197074823 -0.00037803661673115995 0.002625796806035029
      vertex -0.014669640259574821 -0.0008039288350597938 0.0029361324809904707
    endloop
  endfacet
  facet normal 0.0 0.0 0.0
    outer loop
      vertex -0.014381127075981052 -0.0008449724476640685 0.00390563137966474
      vertex -0.013160851197074823 -0.00037803661673115995 0.002625796806035029
      vertex -0.01453548498613731 -0.0008232799704976925 0.003428396882004492
    endloop
  endfacet
  facet normal 0.0 0.0 0.0
    outer loop
      vertex -0.010263451294731097 -6.410657496433547e-06 0.001015428438944302
      vertex -0.011834496216606092 -9.393853508554328e-05 0.0012421636482422636
      vertex -0.010226830200981092 -9.609771885804808e-06 0.0012451119045892695
    endloop
  endfacet
  facet normal 0.0 0.0 0.0
    outer loop
      vertex -0.01099630041582486 -1.6013395461150687e-05 0.00030646584772413564
      vertex -0.011834496216606092 -9.393853508554328e-05 0.0012421636482422636
      vertex -0.010263451294731097 -6.410657496433547e-06 0.001015428438944302
    endloop
  endfacet
  facet normal 0.0 0.0 0.0
    outer loop
      vertex -0.011675133423637359 -6.230344776805518e-05 0.00031298006462999133
      vertex -0.011834496216606092 -9.393853508554328e-05 0.0012421636482422636
      vertex -0.01099630041582486 -1.6013395461150687e-05 0.00030646584772413564
    endloop
  endfacet
  facet normal 0.0 0.0 0.0
    outer loop
      vertex -0.012351158814262362 -0.00013933305115528915 0.00031935401682400274
      vertex -0.011834496216606092 -9.393853508554328e-05 0.0012421636482422636
      vertex -0.011675133423637359 -6.230344776805518e-05 0.00031298006462999133
    endloop
  endfacet
  facet normal 0.0 0.0 0.0
    outer loop
      vertex -0.014207848267387295 -0.0008687257371352339 0.00436760399771701
      vertex -0.012813194947074804 -0.0004192960211998114 0.0036848277492388076
      vertex -0.014381127075981052 -0.0008449724476640685 0.00390563137966474
    endloop
  endfacet
  facet normal 0.0 0.0 0.0
    outer loop
      vertex -0.014016930298637285 -0.0008942727964790225 0.004814101641695233
      vertex -0.012813194947074804 -0.0004192960211998114 0.0036848277492388076
      vertex -0.014207848267387295 -0.0008687257371352339 0.00436760399771701
    endloop
  endfacet
  facet normal 0.0 0.0 0.0
    outer loop
      vertex -0.014381127075981052 -0.0008449724476640685 0.00390563137966474
      vertex -0.012813194947074804 -0.0004192960211998114 0.0036848277492388076
      vertex -0.013160851197074823 -0.00037803661673115995 0.002625796806035029
    endloop
  endfacet
  facet normal 0.0 0.0 0.0
    outer loop
      vertex -0.011834496216606092 -9.393853508554328e-05 0.0012421636482422636
      vertex -0.011656944947074827 -0.00011281492842181583 0.0021471030158919115
      vertex -0.010226830200981092 -9.609771885804808e-06 0.0012451119045892695
    endloop
  endfacet
  facet normal 0.0 0.0 0.0
    outer loop
      vertex -0.010126122193168585 -1.774242777446766e-05 0.0016954560385499917
      vertex -0.011656944947074827 -0.00011281492842181583 0.0021471030158919115
      vertex -0.01006252356035608 -2.2619323909360723e-05 0.0019145549132473269
    endloop
  endfacet
  facet normal 0.0 0.0 0.0
    outer loop
      vertex -0.010180992798637337 -1.3394221707295317e-05 0.0014720790901414068
      vertex -0.011656944947074827 -0.00011281492842181583 0.0021471030158919115
      vertex -0.010126122193168585 -1.774242777446766e-05 0.0016954560385499917
    endloop
  endfacet
  facet normal 0.0 0.0 0.0
    outer loop
      vertex -0.010226830200981092 -9.609771885804808e-06 0.0012451119045892695
      vertex -0.011656944947074827 -0.00011281492842181583 0.0021471030158919115
      vertex -0.010180992798637337 -1.3394221707295317e-05 0.0014720790901414068
    endloop
  endfacet
  facet normal 0.0 0.0 0.0
    outer loop
      vertex -0.013809715943168531 -0.0009213384910683557 0.005244913914531641
      vertex -0.012359520630668537 -0.0004696267761671593 0.004657042928005904
      vertex -0.014016930298637285 -0.0008942727964790225 0.004814101641695233
    endloop
  endfacet
  facet normal 0.0 0.0 0.0
    outer loop
      vertex -0.013587486939262273 -0.00094964498887785 0.005659827721760163
      vertex -0.012359520630668537 -0.0004696267761671593 0.004657042928005904
      vertex -0.013809715943168531 -0.0009213384910683557 0.005244913914531641
    endloop
  endfacet
  facet normal 0.0 0.0 0.0
    outer loop
      vertex -0.013351525025199767 -0.0009789198526787305 0.006058635363711338
      vertex -0.012359520630668537 -0.0004696267761671593 0.004657042928005904
      vertex -0.013587486939262273 -0.00094964498887785 0.005659827721760163
    endloop
  endfacet
  facet normal 0.0 0.0 0.0
    outer loop
      vertex -0.014016930298637285 -0.0008942727964790225 0.004814101641695233
      vertex -0.012359520630668537 -0.0004696267761671593 0.004657042928005904
      vertex -0.012813194947074804 -0.0004192960211998114 0.0036848277492388076
    endloop
  endfacet
  facet normal 0.0 0.0 0.0
    outer loop
      vertex -0.009880882935356071 -3.5885128771862896e-05 0.0024105902770913145
      vertex -0.011378624634574813 -0.00013979160886709474 0.0029973580277104306
      vertex -0.009768212036918567 -4.375074222836073e-05 0.002661086868055324
    endloop
  endfacet
  facet normal 0.0 0.0 0.0
    outer loop
      vertex -0.009981957154106076 -2.860754814578903e-05 0.0021527189991622617
      vertex -0.011378624634574813 -0.00013979160886709474 0.0029973580277104306
      vertex -0.009880882935356071 -3.5885128771862896e-05 0.0024105902770913145
    endloop
  endfacet
  facet normal 0.0 0.0 0.0
    outer loop
      vertex -0.01006252356035608 -2.2619323909360723e-05 0.0019145549132473269
      vertex -0.011378624634574813 -0.00013979160886709474 0.0029973580277104306
      vertex -0.009981957154106076 -2.860754814578903e-05 0.0021527189991622617
    endloop
  endfacet
  facet normal 0.0 0.0 0.0
    outer loop
      vertex -0.011656944947074827 -0.00011281492842181583 0.0021471030158919115
      vertex -0.011378624634574813 -0.00013979160886709474 0.0029973580277104306
      vertex -0.01006252356035608 -2.2619323909360723e-05 0.0019145549132473269
    endloop
  endfacet
  facet normal 0.0 0.0 0.0
    outer loop
      vertex -0.013103111939262259 -0.001008893342640528 0.0064411156537241806
      vertex -0.01181911535723102 -0.0005255384482269272 0.005538460982438586
      vertex -0.013351525025199767 -0.0009789198526787305 0.006058635363711338
    endloop
  endfacet
  facet normal 0.0 0.0 0.0
    outer loop
      vertex -0.012843590454887253 -0.0010392876267378579 0.006807066286925839
      vertex -0.01181911535723102 -0.0005255384482269272 0.005538460982438586
      vertex -0.013103111939262259 -0.001008893342640528 0.0064411156537241806
    endloop
  endfacet
  facet normal 0.0 0.0 0.0
    outer loop
      vertex -0.012574181275199749 -0.0010698248729453374 0.007156268774053631
      vertex -0.01181911535723102 -0.0005255384482269272 0.005538460982438586
      vertex -0.012843590454887253 -0.0010392876267378579 0.006807066286925839
    endloop
  endfacet
  facet normal 0.0 0.0 0.0
    outer loop
      vertex -0.013351525025199767 -0.0009789198526787305 0.006058635363711338
      vertex -0.01181911535723102 -0.0005255384482269272 0.005538460982438586
      vertex -0.012359520630668537 -0.0004696267761671593 0.004657042928005904
    endloop
  endfacet
  facet normal 0.0 0.0 0.0
    outer loop
      vertex -0.011378624634574813 -0.00013979160886709474 0.0029973580277104306
      vertex -0.0110131461189498 -0.00017278348753184901 0.0037832854847585293
      vertex -0.009768212036918567 -4.375074222836073e-05 0.002661086868055324
    endloop
  endfacet
  facet normal 0.0 0.0 0.0
    outer loop
      vertex -0.009644615845512315 -5.210997957461827e-05 0.002903930940028907
      vertex -0.0110131461189498 -0.00017278348753184901 0.0037832854847585293
      vertex -0.00951082678301231 -6.089270845471328e-05 0.003138847358384986
    endloop
  endfacet
  facet normal 0.0 0.0 0.0
    outer loop
      vertex -0.009768212036918567 -4.375074222836073e-05 0.002661086868055324
      vertex -0.0110131461189498 -0.00017278348753184901 0.0037832854847585293
      vertex -0.009644615845512315 -5.210997957461827e-05 0.002903930940028907
    endloop
  endfacet
  facet normal 0.0 0.0 0.0
    outer loop
      vertex -0.012574181275199749 -0.0010698248729453374 0.007156268774053631
      vertex -0.011211144165824758 -0.0005835163273880935 0.006325103250037424
      vertex -0.01181911535723102 -0.0005255384482269272 0.005538460982438586
    endloop
  endfacet
  facet normal 0.0 0.0 0.0
    outer loop
      vertex -0.012296288208793494 -0.0011002407362291052 0.007488512718039791
      vertex -0.011211144165824758 -0.0005835163273880935 0.006325103250037424
      vertex -0.012574181275199749 -0.0010698248729453374 0.007156268774053631
    endloop
  endfacet
  facet normal 0.0 0.0 0.0
    outer loop
      vertex -0.012010948853324738 -0.0011302897533434337 0.007803719894333485
      vertex -0.011211144165824758 -0.0005835163273880935 0.006325103250037424
      vertex -0.012296288208793494 -0.0011002407362291052 0.007488512718039791
    endloop
  endfacet
  facet normal 0.0 0.0 0.0
    outer loop
      vertex -0.009215233521293551 -7.937258424019622e-05 0.00358380209053292
      vertex -0.010574730591606038 -0.00020962455357740638 0.0045009660672994814
      vertex -0.009054772095512299 -8.89051898489972e-05 0.003793287437672312
    endloop
  endfacet
  facet normal 0.0 0.0 0.0
    outer loop
      vertex -0.009367455200981055 -7.000451992798173e-05 0.0033655636858947843
      vertex -0.010574730591606038 -0.00020962455357740638 0.0045009660672994814
      vertex -0.009215233521293551 -7.937258424019622e-05 0.00358380209053292
    endloop
  endfacet
  facet normal 0.0 0.0 0.0
    outer loop
      vertex -0.00951082678301231 -6.089270845471328e-05 0.003138847358384986
      vertex -0.010574730591606038 -0.00020962455357740638 0.0045009660672994814
      vertex -0.009367455200981055 -7.000451992798173e-05 0.0033655636858947843
    endloop
  endfacet
  facet normal 0.0 0.0 0.0
    outer loop
      vertex -0.0110131461189498 -0.00017278348753184901 0.0037832854847585293
      vertex -0.010574730591606038 -0.00020962455357740638 0.0045009660672994814
      vertex -0.00951082678301231 -6.089270845471328e-05 0.003138847358384986
    endloop
  endfacet
  facet normal 0.0 0.0 0.0
    outer loop
      vertex -0.01171883459551223 -0.0011598640283561363 0.008102251754307538
      vertex -0.010553124146293497 -0.0006404206420239907 0.007014606809887506
      vertex -0.012010948853324738 -0.0011302897533434337 0.007803719894333485
    endloop
  endfacet
  facet normal 0.0 0.0 0.0
    outer loop
      vertex -0.011420433716605975 -0.0011888745471231568 0.008384542579089011
      vertex -0.010553124146293497 -0.0006404206420239907 0.007014606809887506
      vertex -0.01171883459551223 -0.0011598640283561363 0.008102251754307538
    endloop
  endfacet
  facet normal 0.0 0.0 0.0
    outer loop
      vertex -0.011116234497855973 -0.0012172269007038308 0.008651042834194787
      vertex -0.010553124146293497 -0.0006404206420239907 0.007014606809887506
      vertex -0.011420433716605975 -0.0011888745471231568 0.008384542579089011
    endloop
  endfacet
  facet normal 0.0 0.0 0.0
    outer loop
      vertex -0.012010948853324738 -0.0011302897533434337 0.007803719894333485
      vertex -0.010553124146293497 -0.0006404206420239907 0.007014606809887506
      vertex -0.011211144165824758 -0.0005835163273880935 0.006325103250037424
    endloop
  endfacet
  facet normal 0.0 0.0 0.0
    outer loop
      vertex -0.008886742310356044 -9.85241122035485e-05 0.003993741895287578
      vertex -0.010077599243949775 -0.0002481380065718768 0.005146485850393174
      vertex -0.008711754517387291 -0.00010815652154962407 0.0041850009220821315
    endloop
  endfacet
  facet normal 0.0 0.0 0.0
    outer loop
      vertex -0.009054772095512299 -8.89051898489972e-05 0.003793287437672312
      vertex -0.010077599243949775 -0.0002481380065718768 0.005146485850393174
      vertex -0.008886742310356044 -9.85241122035485e-05 0.003993741895287578
    endloop
  endfacet
  facet normal 0.0 0.0 0.0
    outer loop
      vertex -0.010574730591606038 -0.00020962455357740638 0.0045009660672994814
      vertex -0.010077599243949775 -0.0002481380065718768 0.005146485850393174
      vertex -0.009054772095512299 -8.89051898489972e-05 0.003793287437672312
    endloop
  endfacet
  facet normal 0.0 0.0 0.0
    outer loop
      vertex -0.011116234497855973 -0.0012172269007038308 0.008651042834194787
      vertex -0.009855370240043486 -0.0006945763077874018 0.007611101378793323
      vertex -0.010553124146293497 -0.0006404206420239907 0.007014606809887506
    endloop
  endfacet
  facet normal 0.0 0.0 0.0
    outer loop
      vertex -0.010806725220512216 -0.0012448428645473234 0.00890219219554853
      vertex -0.009855370240043486 -0.0006945763077874018 0.007611101378793323
      vertex -0.011116234497855973 -0.0012172269007038308 0.008651042834194787
    endloop
  endfacet
  facet normal 0.0 0.0 0.0
    outer loop
      vertex -0.010492455200980962 -0.0012716253323146645 0.00913843843126882
      vertex -0.009855370240043486 -0.0006945763077874018 0.007611101378793323
      vertex -0.010806725220512216 -0.0012448428645473234 0.00890219219554853
    endloop
  endfacet
  facet normal 0.0 0.0 0.0
    outer loop
      vertex -0.010173912720512207 -0.0012974852898617977 0.009360221217279325
      vertex -0.009855370240043486 -0.0006945763077874018 0.007611101378793323
      vertex -0.010492455200980962 -0.0012716253323146645 0.00913843843126882
    endloop
  endfacet
  facet normal 0.0 0.0 0.0
    outer loop
      vertex -0.009851586060355955 -0.001322341815239585 0.009567988321698624
      vertex -0.009855370240043486 -0.0006945763077874018 0.007611101378793323
      vertex -0.010173912720512207 -0.0012974852898617977 0.009360221217279325
    endloop
  endfacet
  facet normal 0.0 0.0 0.0
    outer loop
      vertex -0.008530296997856037 -0.00011774846992112797 0.00436708609724241
      vertex -0.009534813599418516 -0.00028636014054944024 0.005717120461751862
      vertex -0.008342735962699787 -0.00012725140414857793 0.004540040579141287
    endloop
  endfacet
  facet normal 0.0 0.0 0.0
    outer loop
      vertex -0.008711754517387291 -0.00010815652154962407 0.0041850009220821315
      vertex -0.009534813599418516 -0.00028636014054944024 0.005717120461751862
      vertex -0.008530296997856037 -0.00011774846992112797 0.00436708609724241
    endloop
  endfacet
  facet normal 0.0 0.0 0.0
    outer loop
      vertex -0.010077599243949775 -0.0002481380065718768 0.005146485850393174
      vertex -0.009534813599418516 -0.00028636014054944024 0.005717120461751862
      vertex -0.008711754517387291 -0.00010815652154962407 0.0041850009220821315
    endloop
  endfacet
  facet normal 0.0 0.0 0.0
    outer loop
      vertex -0.00788179846269978 -0.00014889263074716652 0.004910207245893183
      vertex -0.008954918579887257 -0.0003230906132645064 0.006214884857909151
      vertex -0.007628868775199776 -0.00015974696152527024 0.005085176684325668
    endloop
  endfacet
  facet normal 0.0 0.0 0.0
    outer loop
      vertex -0.008127892212699783 -0.000137639085019968 0.004721572787649102
      vertex -0.008954918579887257 -0.0003230906132645064 0.006214884857909151
      vertex -0.00788179846269978 -0.00014889263074716652 0.004910207245893183
    endloop
  endfacet
  facet normal 0.0 0.0 0.0
    outer loop
      vertex -0.008342735962699787 -0.00012725140414857793 0.004540040579141287
      vertex -0.008954918579887257 -0.0003230906132645064 0.006214884857909151
      vertex -0.008127892212699783 -0.000137639085019968 0.004721572787649102
    endloop
  endfacet
  facet normal 0.0 0.0 0.0
    outer loop
      vertex -0.009534813599418516 -0.00028636014054944024 0.005717120461751862
      vertex -0.008954918579887257 -0.0003230906132645064 0.006214884857909151
      vertex -0.008342735962699787 -0.00012725140414857793 0.004540040579141287
    endloop
  endfacet
  facet normal 0.0 0.0 0.0
    outer loop
      vertex -0.009851586060355955 -0.001322341815239585 0.009567988321698624
      vertex -0.00837380285723097 -0.0007893493972229488 0.00854805077212479
      vertex -0.009855370240043486 -0.0006945763077874018 0.007611101378793323
    endloop
  endfacet
  facet normal 0.0 0.0 0.0
    outer loop
      vertex -0.009525963501762203 -0.0013460951047107512 0.00976217942045038
      vertex -0.00837380285723097 -0.0007893493972229488 0.00854805077212479
      vertex -0.009851586060355955 -0.001322341815239585 0.009567988321698624
    endloop
  endfacet
  facet normal 0.0 0.0 0.0
    outer loop
      vertex -0.009197655396293448 -0.0013686669337244605 0.009943239584254868
      vertex -0.00837380285723097 -0.0007893493972229488 0.00854805077212479
      vertex -0.009525963501762203 -0.0013460951047107512 0.00976217942045038
    endloop
  endfacet
  facet normal 0.0 0.0 0.0
    outer loop
      vertex -0.008866966919730946 -0.001389962893340047 0.01011160848903576
      vertex -0.00837380285723097 -0.0007893493972229488 0.00854805077212479
      vertex -0.009197655396293448 -0.0013686669337244605 0.009943239584254868
    endloop
  endfacet
  facet normal 0.0 0.0 0.0
    outer loop
      vertex -0.008534447388480944 -0.0014099317329897235 0.01026759633559809
      vertex -0.00837380285723097 -0.0007893493972229488 0.00854805077212479
      vertex -0.008866966919730946 -0.001389962893340047 0.01011160848903576
    endloop
  endfacet
  facet normal 0.0 0.0 0.0
    outer loop
      vertex -0.008200157837699692 -0.0014285518734870495 0.01041135957304353
      vertex -0.00837380285723097 -0.0007893493972229488 0.00854805077212479
      vertex -0.008534447388480944 -0.0014099317329897235 0.01026759633559809
    endloop
  endfacet
  facet normal 0.0 0.0 0.0
    outer loop
      vertex -0.006836998658012269 -0.0001889759695549742 0.005529001206583925
      vertex -0.007713097290824744 -0.0003881060046026317 0.00700459406738042
      vertex -0.006564598755668516 -0.00019733790429953712 0.005650238470786841
    endloop
  endfacet
  facet normal 0.0 0.0 0.0
    outer loop
      vertex -0.007105614380668521 -0.00017988303986983789 0.005394479255730374
      vertex -0.007713097290824744 -0.0003881060046026317 0.00700459406738042
      vertex -0.006836998658012269 -0.0001889759695549742 0.005529001206583925
    endloop
  endfacet
  facet normal 0.0 0.0 0.0
    outer loop
      vertex -0.007369835572074774 -0.00017011036581191874 0.005246572814488917
      vertex -0.007713097290824744 -0.0003881060046026317 0.00700459406738042
      vertex -0.007105614380668521 -0.00017988303986983789 0.005394479255730374
    endloop
  endfacet
  facet normal 0.0 0.0 0.0
    outer loop
      vertex -0.007628868775199776 -0.00015974696152527024 0.005085176684325668
      vertex -0.007713097290824744 -0.0003881060046026317 0.00700459406738042
      vertex -0.007369835572074774 -0.00017011036581191874 0.005246572814488917
    endloop
  endfacet
  facet normal 0.0 0.0 0.0
    outer loop
      vertex -0.008954918579887257 -0.0003230906132645064 0.006214884857909151
      vertex -0.007713097290824744 -0.0003881060046026317 0.00700459406738042
      vertex -0.007628868775199776 -0.00015974696152527024 0.005085176684325668
    endloop
  endfacet
  facet normal 0.0 0.0 0.0
    outer loop
      vertex -0.005291161255668447 -0.0010376637929584813 0.00993460251488316
      vertex -0.006826683716605959 -0.0008586536518655441 0.009177237808483521
      vertex -0.006508019165824683 -0.0015008232662648132 0.010952320105652223
    endloop
  endfacet
  facet normal 0.0 0.0 0.0
    outer loop
      vertex -0.005153893189262216 -0.0006561626585302403 0.008683390034664612
      vertex -0.006826683716605959 -0.0008586536518655441 0.009177237808483521
      vertex -0.005222862915824706 -0.000833111987318377 0.0093131678012521
    endloop
  endfacet
  facet normal 0.0 0.0 0.0
    outer loop
      vertex -0.005222862915824706 -0.000833111987318377 0.0093131678012521
      vertex -0.006826683716605959 -0.0008586536518655441 0.009177237808483521
      vertex -0.005291161255668447 -0.0010376637929584813 0.00993460251488316
    endloop
  endfacet
  facet normal 0.0 0.0 0.0
    outer loop
      vertex -0.008200157837699692 -0.0014285518734870495 0.01041135957304353
      vertex -0.006826683716605959 -0.0008586536518655441 0.009177237808483521
      vertex -0.00837380285723097 -0.0007893493972229488 0.00854805077212479
    endloop
  endfacet
  facet normal 0.0 0.0 0.0
    outer loop
      vertex -0.00786422033769969 -0.0014458071304422004 0.010543065440066975
      vertex -0.006826683716605959 -0.0008586536518655441 0.009177237808483521
      vertex -0.008200157837699692 -0.0014285518734870495 0.01041135957304353
    endloop
  endfacet
  facet normal 0.0 0.0 0.0
    outer loop
      vertex -0.007526940064262187 -0.0014616786220670406 0.010662856898778572
      vertex -0.006826683716605959 -0.0008586536518655441 0.009177237808483521
      vertex -0.00786422033769969 -0.0014458071304422004 0.010543065440066975
    endloop
  endfacet
  facet normal 0.0 0.0 0.0
    outer loop
      vertex -0.007188317017387186 -0.0014761474665734387 0.0107708930956783
      vertex -0.006826683716605959 -0.0008586536518655441 0.009177237808483521
      vertex -0.007526940064262187 -0.0014616786220670406 0.010662856898778572
    endloop
  endfacet
  facet normal 0.0 0.0 0.0
    outer loop
      vertex -0.0068486563728559335 -0.0014892028743681749 0.010867330479867827
      vertex -0.006826683716605959 -0.0008586536518655441 0.009177237808483521
      vertex -0.007188317017387186 -0.0014761474665734387 0.0107708930956783
    endloop
  endfacet
  facet normal 0.0 0.0 0.0
    outer loop
      vertex -0.006508019165824683 -0.0015008232662648132 0.010952320105652223
      vertex -0.006826683716605959 -0.0008586536518655441 0.009177237808483521
      vertex -0.0068486563728559335 -0.0014892028743681749 0.010867330479867827
    endloop
  endfacet
  facet normal 0.0 0.0 0.0
    outer loop
      vertex -0.005728783325981011 -0.0002177275380847492 0.00593541551175433
      vertex -0.006404930786918485 -0.00043619522157878256 0.007539008014303621
      vertex -0.00544539709551226 -0.00022285259486367614 0.00600469009501556
    endloop
  endfacet
  facet normal 0.0 0.0 0.0
    outer loop
      vertex -0.006010033325981014 -0.00021174470864492888 0.00585332828654579
      vertex -0.006404930786918485 -0.00043619522157878256 0.007539008014303621
      vertex -0.005728783325981011 -0.0002177275380847492 0.00593541551175433
    endloop
  endfacet
  facet normal 0.0 0.0 0.0
    outer loop
      vertex -0.006288841919731014 -0.0002049391727221761 0.005758307036466226
      vertex -0.006404930786918485 -0.00043619522157878256 0.007539008014303621
      vertex -0.006010033325981014 -0.00021174470864492888 0.00585332828654579
    endloop
  endfacet
  facet normal 0.0 0.0 0.0
    outer loop
      vertex -0.006564598755668516 -0.00019733790429953712 0.005650238470786841
      vertex -0.006404930786918485 -0.00043619522157878256 0.007539008014303621
      vertex -0.006288841919731014 -0.0002049391727221761 0.005758307036466226
    endloop
  endfacet
  facet normal 0.0 0.0 0.0
    outer loop
      vertex -0.007713097290824744 -0.0003881060046026317 0.00700459406738042
      vertex -0.006404930786918485 -0.00043619522157878256 0.007539008014303621
      vertex -0.006564598755668516 -0.00019733790429953712 0.005650238470786841
    endloop
  endfacet
  facet normal 0.0 0.0 0.0
    outer loop
      vertex -0.005014488892387236 -0.000386387761882558 0.0074036606595688035
      vertex -0.006404930786918485 -0.00043619522157878256 0.007539008014303621
      vertex -0.005084435181449727 -0.0005071610735770702 0.0080464776495612
    endloop
  endfacet
  facet normal 0.0 0.0 0.0
    outer loop
      vertex -0.005084435181449727 -0.0005071610735770702 0.0080464776495612
      vertex -0.006404930786918485 -0.00043619522157878256 0.007539008014303621
      vertex -0.005153893189262216 -0.0006561626585302403 0.008683390034664612
    endloop
  endfacet
  facet normal 0.0 0.0 0.0
    outer loop
      vertex -0.00544539709551226 -0.00022285259486367614 0.00600469009501556
      vertex -0.006404930786918485 -0.00043619522157878256 0.007539008014303621
      vertex -0.005014488892387236 -0.000386387761882558 0.0074036606595688035
    endloop
  endfacet
  facet normal 0.0 0.0 0.0
    outer loop
      vertex -0.005153893189262216 -0.0006561626585302403 0.008683390034664612
      vertex -0.006404930786918485 -0.00043619522157878256 0.007539008014303621
      vertex -0.006826683716605959 -0.0008586536518655441 0.009177237808483521
    endloop
  endfacet
  facet normal 0.0 0.0 0.0
    outer loop
      vertex -0.011834496216606092 -9.393853508554328e-05 0.0012421636482422636
      vertex -0.012527245240043585 -0.0002112241107720787 0.0018840284566331116
      vertex -0.011656944947074827 -0.00011281492842181583 0.0021471030158919115
    endloop
  endfacet
  facet normal 0.0 0.0 0.0
    outer loop
      vertex -0.01302297277910611 -0.0002469457565211802 0.00032557151991634146
      vertex -0.012527245240043585 -0.0002112241107720787 0.0018840284566331116
      vertex -0.012351158814262362 -0.00013933305115528915 0.00031935401682400274
    endloop
  endfacet
  facet normal 0.0 0.0 0.0
    outer loop
      vertex -0.013160851197074823 -0.00037803661673115995 0.002625796806035029
      vertex -0.012527245240043585 -0.0002112241107720787 0.0018840284566331116
      vertex -0.013384056763481091 -0.00034925537682003907 0.0014922313528758558
    endloop
  endfacet
  facet normal 0.0 0.0 0.0
    outer loop
      vertex -0.012351158814262362 -0.00013933305115528915 0.00031935401682400274
      vertex -0.012527245240043585 -0.0002112241107720787 0.0018840284566331116
      vertex -0.011834496216606092 -9.393853508554328e-05 0.0012421636482422636
    endloop
  endfacet
  facet normal 0.0 0.0 0.0
    outer loop
      vertex -0.013384056763481091 -0.00034925537682003907 0.0014922313528758558
      vertex -0.012527245240043585 -0.0002112241107720787 0.0018840284566331116
      vertex -0.01302297277910611 -0.0002469457565211802 0.00032557151991634146
    endloop
  endfacet
  facet normal 0.0 0.0 0.0
    outer loop
      vertex -0.012813194947074804 -0.0004192960211998114 0.0036848277492388076
      vertex -0.012268700318168567 -0.0002402157477509661 0.0028747720643551764
      vertex -0.013160851197074823 -0.00037803661673115995 0.002625796806035029
    endloop
  endfacet
  facet normal 0.0 0.0 0.0
    outer loop
      vertex -0.013160851197074823 -0.00037803661673115995 0.002625796806035029
      vertex -0.012268700318168567 -0.0002402157477509661 0.0028747720643551764
      vertex -0.012527245240043585 -0.0002112241107720787 0.0018840284566331116
    endloop
  endfacet
  facet normal 0.0 0.0 0.0
    outer loop
      vertex -0.012527245240043585 -0.0002112241107720787 0.0018840284566331116
      vertex -0.012268700318168567 -0.0002402157477509661 0.0028747720643551764
      vertex -0.011656944947074827 -0.00011281492842181583 0.0021471030158919115
    endloop
  endfacet
  facet normal 0.0 0.0 0.0
    outer loop
      vertex -0.011656944947074827 -0.00011281492842181583 0.0021471030158919115
      vertex -0.012268700318168567 -0.0002402157477509661 0.0028747720643551764
      vertex -0.011378624634574813 -0.00013979160886709474 0.0029973580277104306
    endloop
  endfacet
  facet normal 0.0 0.0 0.0
    outer loop
      vertex -0.012268700318168567 -0.0002402157477509661 0.0028747720643551764
      vertex -0.0119052359626998 -0.00027807103555908965 0.0037927668397995553
      vertex -0.011378624634574813 -0.00013979160886709474 0.0029973580277104306
    endloop
  endfacet
  facet normal 0.0 0.0 0.0
    outer loop
      vertex -0.011378624634574813 -0.00013979160886709474 0.0029973580277104306
      vertex -0.0119052359626998 -0.00027807103555908965 0.0037927668397995553
      vertex -0.0110131461189498 -0.00017278348753184901 0.0037832854847585293
    endloop
  endfacet
  facet normal 0.0 0.0 0.0
    outer loop
      vertex -0.012813194947074804 -0.0004192960211998114 0.0036848277492388076
      vertex -0.0119052359626998 -0.00027807103555908965 0.0037927668397995553
      vertex -0.012268700318168567 -0.0002402157477509661 0.0028747720643551764
    endloop
  endfacet
  facet normal 0.0 0.0 0.0
    outer loop
      vertex -0.012359520630668537 -0.0004696267761671593 0.004657042928005904
      vertex -0.0119052359626998 -0.00027807103555908965 0.0037927668397995553
      vertex -0.012813194947074804 -0.0004192960211998114 0.0036848277492388076
    endloop
  endfacet
  facet normal 0.0 0.0 0.0
    outer loop
      vertex -0.0119052359626998 -0.00027807103555908965 0.0037927668397995553
      vertex -0.011453514771293536 -0.0003220062591460011 0.004633184440000841
      vertex -0.0110131461189498 -0.00017278348753184901 0.0037832854847585293
    endloop
  endfacet
  facet normal 0.0 0.0 0.0
    outer loop
      vertex -0.012359520630668537 -0.0004696267761671593 0.004657042928005904
      vertex -0.011453514771293536 -0.0003220062591460011 0.004633184440000841
      vertex -0.0119052359626998 -0.00027807103555908965 0.0037927668397995553
    endloop
  endfacet
  facet normal 0.0 0.0 0.0
    outer loop
      vertex -0.01181911535723102 -0.0005255384482269272 0.005538460982438586
      vertex -0.011453514771293536 -0.0003220062591460011 0.004633184440000841
      vertex -0.012359520630668537 -0.0004696267761671593 0.004657042928005904
    endloop
  endfacet
  facet normal 0.0 0.0 0.0
    outer loop
      vertex -0.0110131461189498 -0.00017278348753184901 0.0037832854847585293
      vertex -0.011453514771293536 -0.0003220062591460011 0.004633184440000841
      vertex -0.010574730591606038 -0.00020962455357740638 0.0045009660672994814
    endloop
  endfacet
  facet normal 0.0 0.0 0.0
    outer loop
      vertex -0.011211144165824758 -0.0005835163273880935 0.006325103250037424
      vertex -0.010930199341606021 -0.00036921342687651126 0.005392062386849433
      vertex -0.01181911535723102 -0.0005255384482269272 0.005538460982438586
    endloop
  endfacet
  facet normal 0.0 0.0 0.0
    outer loop
      vertex -0.010574730591606038 -0.00020962455357740638 0.0045009660672994814
      vertex -0.010930199341606021 -0.00036921342687651126 0.005392062386849433
      vertex -0.010077599243949775 -0.0002481380065718768 0.005146485850393174
    endloop
  endfacet
  facet normal 0.0 0.0 0.0
    outer loop
      vertex -0.01181911535723102 -0.0005255384482269272 0.005538460982438586
      vertex -0.010930199341606021 -0.00036921342687651126 0.005392062386849433
      vertex -0.011453514771293536 -0.0003220062591460011 0.004633184440000841
    endloop
  endfacet
  facet normal 0.0 0.0 0.0
    outer loop
      vertex -0.011453514771293536 -0.0003220062591460011 0.004633184440000841
      vertex -0.010930199341606021 -0.00036921342687651126 0.005392062386849433
      vertex -0.010574730591606038 -0.00020962455357740638 0.0045009660672994814
    endloop
  endfacet
  facet normal 0.0 0.0 0.0
    outer loop
      vertex -0.010077599243949775 -0.0002481380065718768 0.005146485850393174
      vertex -0.010352013306449762 -0.00041693040288660877 0.006065629717515365
      vertex -0.009534813599418516 -0.00028636014054944024 0.005717120461751862
    endloop
  endfacet
  facet normal 0.0 0.0 0.0
    outer loop
      vertex -0.010553124146293497 -0.0006404206420239907 0.007014606809887506
      vertex -0.010352013306449762 -0.00041693040288660877 0.006065629717515365
      vertex -0.011211144165824758 -0.0005835163273880935 0.006325103250037424
    endloop
  endfacet
  facet normal 0.0 0.0 0.0
    outer loop
      vertex -0.009855370240043486 -0.0006945763077874018 0.007611101378793323
      vertex -0.010352013306449762 -0.00041693040288660877 0.006065629717515365
      vertex -0.010553124146293497 -0.0006404206420239907 0.007014606809887506
    endloop
  endfacet
  facet normal 0.0 0.0 0.0
    outer loop
      vertex -0.010930199341606021 -0.00036921342687651126 0.005392062386849433
      vertex -0.010352013306449762 -0.00041693040288660877 0.006065629717515365
      vertex -0.010077599243949775 -0.0002481380065718768 0.005146485850393174
    endloop
  endfacet
  facet normal 0.0 0.0 0.0
    outer loop
      vertex -0.008954918579887257 -0.0003230906132645064 0.006214884857909151
      vertex -0.010352013306449762 -0.00041693040288660877 0.006065629717515365
      vertex -0.009855370240043486 -0.0006945763077874018 0.007611101378793323
    endloop
  endfacet
  facet normal 0.0 0.0 0.0
    outer loop
      vertex -0.009534813599418516 -0.00028636014054944024 0.005717120461751862
      vertex -0.010352013306449762 -0.00041693040288660877 0.006065629717515365
      vertex -0.008954918579887257 -0.0003230906132645064 0.006214884857909151
    endloop
  endfacet
  facet normal 0.0 0.0 0.0
    outer loop
      vertex -0.011211144165824758 -0.0005835163273880935 0.006325103250037424
      vertex -0.010352013306449762 -0.00041693040288660877 0.006065629717515365
      vertex -0.010930199341606021 -0.00036921342687651126 0.005392062386849433
    endloop
  endfacet
  facet normal 0.0 0.0 0.0
    outer loop
      vertex -0.008954918579887257 -0.0003230906132645064 0.006214884857909151
      vertex -0.00873757238848099 -0.0005272135325741649 0.0073868720525204325
      vertex -0.007713097290824744 -0.0003881060046026317 0.00700459406738042
    endloop
  endfacet
  facet normal 0.0 0.0 0.0
    outer loop
      vertex -0.00837380285723097 -0.0007893493972229488 0.00854805077212479
      vertex -0.00873757238848099 -0.0005272135325741649 0.0073868720525204325
      vertex -0.009855370240043486 -0.0006945763077874018 0.007611101378793323
    endloop
  endfacet
  facet normal 0.0 0.0 0.0
    outer loop
      vertex -0.009855370240043486 -0.0006945763077874018 0.007611101378793323
      vertex -0.00873757238848099 -0.0005272135325741649 0.0073868720525204325
      vertex -0.008954918579887257 -0.0003230906132645064 0.006214884857909151
    endloop
  endfacet
  facet normal 0.0 0.0 0.0
    outer loop
      vertex -0.007713097290824744 -0.0003881060046026317 0.00700459406738042
      vertex -0.00873757238848099 -0.0005272135325741649 0.0073868720525204325
      vertex -0.00837380285723097 -0.0007893493972229488 0.00854805077212479
    endloop
  endfacet
  facet normal 0.0 0.0 0.0
    outer loop
      vertex -0.006404930786918485 -0.00043619522157878256 0.007539008014303621
      vertex -0.0073368765876997265 -0.0005967146972930033 0.00810686160801019
      vertex -0.006826683716605959 -0.0008586536518655441 0.009177237808483521
    endloop
  endfacet
  facet normal 0.0 0.0 0.0
    outer loop
      vertex -0.007713097290824744 -0.0003881060046026317 0.00700459406738042
      vertex -0.0073368765876997265 -0.0005967146972930033 0.00810686160801019
      vertex -0.006404930786918485 -0.00043619522157878256 0.007539008014303621
    endloop
  endfacet
  facet normal 0.0 0.0 0.0
    outer loop
      vertex -0.006826683716605959 -0.0008586536518655441 0.009177237808483521
      vertex -0.0073368765876997265 -0.0005967146972930033 0.00810686160801019
      vertex -0.00837380285723097 -0.0007893493972229488 0.00854805077212479
    endloop
  endfacet
  facet normal 0.0 0.0 0.0
    outer loop
      vertex -0.00837380285723097 -0.0007893493972229488 0.00854805077212479
      vertex -0.0073368765876997265 -0.0005967146972930033 0.00810686160801019
      vertex -0.007713097290824744 -0.0003881060046026317 0.00700459406738042
    endloop
  endfacet
  facet normal 0.0 0.0 0.0
    outer loop
      vertex 0.3715699227287065 -7.265606246401224e-05 0.0034300503871585067
      vertex 0.37207523278730026 -6.667053562589231e-05 0.0029247872237141382
      vertex 0.37161087731855025 -7.093512234561561e-05 0.0033891308548762494
    endloop
  endfacet
  facet normal 0.0 0.0 0.0
    outer loop
      vertex 0.37144718102948776 -7.7951055336132e-05 0.0035528008918103648
      vertex 0.37205765466230023 -0.00010965627500954711 0.0031858899848122195
      vertex 0.3714881356193315 -7.616807505672729e-05 0.003511884056926412
    endloop
  endfacet
  facet normal 0.0 0.0 0.0
    outer loop
      vertex 0.3714881356193315 -7.616807505672729e-05 0.003511884056926412
      vertex 0.37205765466230023 -0.00010965627500954711 0.0031858899848122195
      vertex 0.371529029174019 -7.440127916715088e-05 0.0034709672220424597
    endloop
  endfacet
  facet normal 0.0 0.0 0.0
    outer loop
      vertex 0.371529029174019 -7.440127916715088e-05 0.0034709672220424597
      vertex 0.37205765466230023 -0.00010965627500954711 0.0031858899848122195
      vertex 0.3715699227287065 -7.265606246401224e-05 0.0034300503871585067
    endloop
  endfacet
  facet normal 0.0 0.0 0.0
    outer loop
      vertex 0.37207523278730026 -6.667053562589231e-05 0.0029247872237141382
      vertex 0.37205765466230023 -0.00010965627500954711 0.0031858899848122195
      vertex 0.37253897790448776 -9.268154747809043e-05 0.0024610154409926235
    endloop
  endfacet
  facet normal 0.0 0.0 0.0
    outer loop
      vertex 0.3715699227287065 -7.265606246401224e-05 0.0034300503871585067
      vertex 0.37205765466230023 -0.00010965627500954711 0.0031858899848122195
      vertex 0.37207523278730026 -6.667053562589231e-05 0.0029247872237141382
    endloop
  endfacet
  facet normal 0.0 0.0 0.0
    outer loop
      vertex 0.3743716195060502 -0.0004962285182506342 0.0006283760587982542
      vertex 0.3744307015373002 -0.0005655300754949157 0.0016788886181558036
      vertex 0.3746871712638627 -0.0006159579368012315 0.00031280473373341655
    endloop
  endfacet
  facet normal 0.0 0.0 0.0
    outer loop
      vertex 0.3746871712638627 -0.0006159579368012315 0.00031280473373341655
      vertex 0.37499997643964395 -0.000751162329425877 0.00043220237229252864
      vertex 0.37499997643964395 -0.0007499997507565523 9.393291981463214e-10
    endloop
  endfacet
  facet normal 0.0 0.0 0.0
    outer loop
      vertex 0.3744307015373002 -0.0005655300754949157 0.0016788886181558036
      vertex 0.37499997643964395 -0.0007546554602304599 0.0008643930156626403
      vertex 0.3746871712638627 -0.0006159579368012315 0.00031280473373341655
    endloop
  endfacet
  facet normal 0.0 0.0 0.0
    outer loop
      vertex 0.3746871712638627 -0.0006159579368012315 0.00031280473373341655
      vertex 0.37499997643964395 -0.0007546554602304599 0.0008643930156626403
      vertex 0.37499997643964395 -0.000751162329425877 0.00043220237229252864
    endloop
  endfacet
  facet normal 0.0 0.0 0.0
    outer loop
      vertex 0.3744307015373002 -0.0005655300754949157 0.0016788886181558036
      vertex 0.37499997643964395 -0.0007604737483736921 0.0012965566850497053
      vertex 0.37499997643964395 -0.0007546554602304599 0.0008643930156626403
    endloop
  endfacet
  facet normal 0.0 0.0 0.0
    outer loop
      vertex 0.37266263513105025 -0.00017445047968668259 0.0028141965906198466
      vertex 0.37274961022870645 -0.00015101278581716927 0.002480968096252465
      vertex 0.37205765466230023 -0.00010965627500954711 0.0031858899848122195
    endloop
  endfacet
  facet normal 0.0 0.0 0.0
    outer loop
      vertex 0.37253897790448776 -9.268154747809043e-05 0.0024610154409926235
      vertex 0.37274961022870645 -0.00015101278581716927 0.002480968096252465
      vertex 0.37300144128339396 -0.00014883328798697538 0.0019985653834404104
    endloop
  endfacet
  facet normal 0.0 0.0 0.0
    outer loop
      vertex 0.37205765466230023 -0.00010965627500954711 0.0031858899848122195
      vertex 0.37274961022870645 -0.00015101278581716927 0.002480968096252465
      vertex 0.37253897790448776 -9.268154747809043e-05 0.0024610154409926235
    endloop
  endfacet
  facet normal 0.0 0.0 0.0
    outer loop
      vertex 0.3744307015373002 -0.0005655300754949157 0.0016788886181558036
      vertex 0.3738992073966752 -0.0003780285245387991 0.001503671019079291
      vertex 0.37385044030683146 -0.00040264228406916103 0.0020598448781265068
    endloop
  endfacet
  facet normal 0.0 0.0 0.0
    outer loop
      vertex 0.37385044030683146 -0.00040264228406916103 0.0020598448781265068
      vertex 0.3738992073966752 -0.0003780285245387991 0.001503671019079291
      vertex 0.3732606575919877 -0.0002721853124607809 0.002438564994902616
    endloop
  endfacet
  facet normal 0.0 0.0 0.0
    outer loop
      vertex 0.3734618294669877 -0.00023499897943222626 0.0015381950199811186
      vertex 0.3738992073966752 -0.0003780285245387991 0.001503671019079291
      vertex 0.3739189217521439 -0.0003509142767799827 0.0010810966006654247
    endloop
  endfacet
  facet normal 0.0 0.0 0.0
    outer loop
      vertex 0.3739189217521439 -0.0003509142767799827 0.0010810966006654247
      vertex 0.3738992073966752 -0.0003780285245387991 0.001503671019079291
      vertex 0.3743716195060502 -0.0004962285182506342 0.0006283760587982542
    endloop
  endfacet
  facet normal 0.0 0.0 0.0
    outer loop
      vertex 0.3732606575919877 -0.0002721853124607809 0.002438564994902616
      vertex 0.3738992073966752 -0.0003780285245387991 0.001503671019079291
      vertex 0.3734618294669877 -0.00023499897943222626 0.0015381950199811186
    endloop
  endfacet
  facet normal 0.0 0.0 0.0
    outer loop
      vertex 0.3743716195060502 -0.0004962285182506342 0.0006283760587982542
      vertex 0.3738992073966752 -0.0003780285245387991 0.001503671019079291
      vertex 0.3744307015373002 -0.0005655300754949157 0.0016788886181558036
    endloop
  endfacet
  facet normal 0.0 0.0 0.0
    outer loop
      vertex 0.3732606575919877 -0.0002721853124607809 0.002438564994902616
      vertex 0.3731453011466752 -0.0002105039054272687 0.002141179529208054
      vertex 0.37266263513105025 -0.00017445047968668259 0.0028141965906198466
    endloop
  endfacet
  facet normal 0.0 0.0 0.0
    outer loop
      vertex 0.37300144128339396 -0.00014883328798697538 0.0019985653834404104
      vertex 0.3731453011466752 -0.0002105039054272687 0.002141179529208054
      vertex 0.3734618294669877 -0.00023499897943222626 0.0015381950199811186
    endloop
  endfacet
  facet normal 0.0 0.0 0.0
    outer loop
      vertex 0.3734618294669877 -0.00023499897943222626 0.0015381950199811186
      vertex 0.3731453011466752 -0.0002105039054272687 0.002141179529208054
      vertex 0.3732606575919877 -0.0002721853124607809 0.002438564994902616
    endloop
  endfacet
  facet normal 0.0 0.0 0.0
    outer loop
      vertex 0.37274961022870645 -0.00015101278581716927 0.002480968096252465
      vertex 0.3731453011466752 -0.0002105039054272687 0.002141179529208054
      vertex 0.37300144128339396 -0.00014883328798697538 0.0019985653834404104
    endloop
  endfacet
  facet normal 0.0 0.0 0.0
    outer loop
      vertex 0.37266263513105025 -0.00017445047968668259 0.0028141965906198466
      vertex 0.3731453011466752 -0.0002105039054272687 0.002141179529208054
      vertex 0.37274961022870645 -0.00015101278581716927 0.002480968096252465
    endloop
  endfacet
  facet normal 0.0 0.0 0.0
    outer loop
      vertex -0.005413780884574678 -0.0015281640954812313 0.01114916004953918
      vertex -0.0053586661384809366 -0.0012694269526963699 0.01054649922810881
      vertex -0.005425255493949678 -0.0015279590932100752 0.011147681875268205
    endloop
  endfacet
  facet normal 0.0 0.0 0.0
    outer loop
      vertex -0.005413780884574678 -0.0015281640954812313 0.01114916004953918
      vertex -0.0053477408455121864 -0.0012696130731793937 0.010547909967422168
      vertex -0.0053586661384809366 -0.0012694269526963699 0.01054649922810881
    endloop
  endfacet
  facet normal 0.0 0.0 0.0
    outer loop
      vertex -0.0053586661384809366 -0.0012694269526963699 0.01054649922810881
      vertex -0.0052808463142621975 -0.0010378283342550674 0.009935943121840594
      vertex -0.005291161255668447 -0.0010376637929584813 0.00993460251488316
    endloop
  endfacet
  facet normal 0.0 0.0 0.0
    outer loop
      vertex -0.0053477408455121864 -0.0012696130731793937 0.010547909967422168
      vertex -0.0052808463142621975 -0.0010378283342550674 0.009935943121840594
      vertex -0.0053586661384809366 -0.0012694269526963699 0.01054649922810881
    endloop
  endfacet
  facet normal 0.0 0.0 0.0
    outer loop
      vertex -0.005222862915824706 -0.000833111987318377 0.0093131678012521
      vertex -0.0051447379158247155 -0.0006562921336488649 0.008684582284715288
      vertex -0.005153893189262216 -0.0006561626585302403 0.008683390034664612
    endloop
  endfacet
  facet normal 0.0 0.0 0.0
    outer loop
      vertex -0.005213158325980956 -0.0008332576468268301 0.009314435578455307
      vertex -0.0051447379158247155 -0.0006562921336488649 0.008684582284715288
      vertex -0.005222862915824706 -0.000833111987318377 0.0093131678012521
    endloop
  endfacet
  facet normal 0.0 0.0 0.0
    outer loop
      vertex -0.005153893189262216 -0.0006561626585302403 0.008683390034664612
      vertex -0.0050758292244184764 -0.0005072716669075623 0.008047597069857648
      vertex -0.005084435181449727 -0.0005071610735770702 0.0080464776495612
    endloop
  endfacet
  facet normal 0.0 0.0 0.0
    outer loop
      vertex -0.0051447379158247155 -0.0006562921336488649 0.008684582284715288
      vertex -0.0050758292244184764 -0.0005072716669075623 0.008047597069857648
      vertex -0.005153893189262216 -0.0006561626585302403 0.008683390034664612
    endloop
  endfacet
  facet normal 0.0 0.0 0.0
    outer loop
      vertex -0.005014488892387236 -0.000386387761882558 0.0074036606595688035
      vertex -0.004936974243949748 -0.0002941610164466555 0.00675713474690745
      vertex -0.0049443594978559975 -0.00029408009449751436 0.006756169078314367
    endloop
  endfacet
  facet normal 0.0 0.0 0.0
    outer loop
      vertex -0.0050065543220747365 -0.00038648486822152693 0.007404701855314416
      vertex -0.004936974243949748 -0.0002941610164466555 0.00675713474690745
      vertex -0.005014488892387236 -0.000386387761882558 0.0074036606595688035
    endloop
  endfacet
  facet normal 0.0 0.0 0.0
    outer loop
      vertex -0.0049443594978559975 -0.00029408009449751436 0.006756169078314367
      vertex -0.004867211060356007 -0.00023048083726936362 0.006106144640051821
      vertex -0.004874046997856009 -0.00023041609971005128 0.006105254498611271
    endloop
  endfacet
  facet normal 0.0 0.0 0.0
    outer loop
      vertex -0.004936974243949748 -0.0002941610164466555 0.00675713474690745
      vertex -0.004867211060356007 -0.00023048083726936362 0.006106144640051821
      vertex -0.0049443594978559975 -0.00029408009449751436 0.006756169078314367
    endloop
  endfacet
  facet normal 0.0 0.0 0.0
    outer loop
      vertex -0.005291161255668447 -0.0010376637929584813 0.00993460251488316
      vertex -0.005242394165824702 -0.0008987477802665742 0.009521609255247577
      vertex -0.005222862915824706 -0.000833111987318377 0.0093131678012521
    endloop
  endfacet
  facet normal 0.0 0.0 0.0
    outer loop
      vertex -0.005213158325980956 -0.0008332576468268301 0.009314435578455307
      vertex -0.005242394165824702 -0.0008987477802665742 0.009521609255247577
      vertex -0.0052808463142621975 -0.0010378283342550674 0.009935943121840594
    endloop
  endfacet
  facet normal 0.0 0.0 0.0
    outer loop
      vertex -0.0052808463142621975 -0.0010378283342550674 0.009935943121840594
      vertex -0.005242394165824702 -0.0008987477802665742 0.009521609255247577
      vertex -0.005291161255668447 -0.0010376637929584813 0.00993460251488316
    endloop
  endfacet
  facet normal 0.0 0.0 0.0
    outer loop
      vertex -0.005222862915824706 -0.000833111987318377 0.0093131678012521
      vertex -0.005242394165824702 -0.0008987477802665742 0.009521609255247577
      vertex -0.005213158325980956 -0.0008332576468268301 0.009314435578455307
    endloop
  endfacet
  facet normal 0.0 0.0 0.0
    outer loop
      vertex -0.0050065543220747365 -0.00038648486822152693 0.007404701855314416
      vertex -0.005058373169730979 -0.0004642427691510327 0.007833056798295249
      vertex -0.0050758292244184764 -0.0005072716669075623 0.008047597069857648
    endloop
  endfacet
  facet normal 0.0 0.0 0.0
    outer loop
      vertex -0.005084435181449727 -0.0005071610735770702 0.0080464776495612
      vertex -0.005058373169730979 -0.0004642427691510327 0.007833056798295249
      vertex -0.005014488892387236 -0.000386387761882558 0.0074036606595688035
    endloop
  endfacet
  facet normal 0.0 0.0 0.0
    outer loop
      vertex -0.0050758292244184764 -0.0005072716669075623 0.008047597069857648
      vertex -0.005058373169730979 -0.0004642427691510327 0.007833056798295249
      vertex -0.005084435181449727 -0.0005071610735770702 0.0080464776495612
    endloop
  endfacet
  facet normal 0.0 0.0 0.0
    outer loop
      vertex -0.005014488892387236 -0.000386387761882558 0.0074036606595688035
      vertex -0.005058373169730979 -0.0004642427691510327 0.007833056798295249
      vertex -0.0050065543220747365 -0.00038648486822152693 0.007404701855314416
    endloop
  endfacet
  facet normal 0.0 0.0 0.0
    outer loop
      vertex 0.3714361336662065 -7.843928442928228e-05 0.0035638683170545376
      vertex 0.37205765466230023 -0.00010965627500954711 0.0031858899848122195
      vertex 0.37144718102948776 -7.7951055336132e-05 0.0035528008918103648
    endloop
  endfacet
  facet normal 0.0 0.0 0.0
    outer loop
      vertex 0.37142508630292526 -7.893021092073683e-05 0.0035749330449004056
      vertex 0.3720382454826128 -0.00011304150988194194 0.0032319912192378003
      vertex 0.37143057946698776 -7.868474767500965e-05 0.0035694006809774722
    endloop
  endfacet
  facet normal 0.0 0.0 0.0
    outer loop
      vertex 0.37143057946698776 -7.868474767500965e-05 0.0035694006809774722
      vertex 0.3720382454826128 -0.00011304150988194194 0.0032319912192378003
      vertex 0.3714361336662065 -7.843928442928228e-05 0.0035638683170545376
    endloop
  endfacet
  facet normal 0.0 0.0 0.0
    outer loop
      vertex 0.3714361336662065 -7.843928442928228e-05 0.0035638683170545376
      vertex 0.3720382454826128 -0.00011304150988194194 0.0032319912192378003
      vertex 0.37205765466230023 -0.00010965627500954711 0.0031858899848122195
    endloop
  endfacet
  facet normal 0.0 0.0 0.0
    outer loop
      vertex 0.3744307015373002 -0.0005655300754949157 0.0016788886181558036
      vertex 0.37499924401776896 -0.0007633626619580228 0.0014643753205764427
      vertex 0.37499997643964395 -0.0007604737483736921 0.0012965566850497053
    endloop
  endfacet
  facet normal 0.0 0.0 0.0
    outer loop
      vertex 0.37442539147870646 -0.0005701696005789948 0.001822368628779258
      vertex 0.37499924401776896 -0.0007633626619580228 0.0014643753205764427
      vertex 0.3744307015373002 -0.0005655300754949157 0.0016788886181558036
    endloop
  endfacet
  facet normal 0.0 0.0 0.0
    outer loop
      vertex 0.37266263513105025 -0.00017445047968668259 0.0028141965906198466
      vertex 0.3726573250724565 -0.00017631977671183808 0.00283737533425211
      vertex 0.3732606575919877 -0.0002721853124607809 0.002438564994902616
    endloop
  endfacet
  facet normal 0.0 0.0 0.0
    outer loop
      vertex 0.37205765466230023 -0.00010965627500954711 0.0031858899848122195
      vertex 0.3726573250724565 -0.00017631977671183808 0.00283737533425211
      vertex 0.37266263513105025 -0.00017445047968668259 0.0028141965906198466
    endloop
  endfacet
  facet normal 0.0 0.0 0.0
    outer loop
      vertex 0.3732475960685502 -0.0002778714280870829 0.0025332113066178323
      vertex 0.372651831908394 -0.00017796788707600796 0.002860813028121624
      vertex 0.372646216674019 -0.0001794056003724116 0.0028844934878385613
    endloop
  endfacet
  facet normal 0.0 0.0 0.0
    outer loop
      vertex 0.372646216674019 -0.0001794056003724116 0.0028844934878385613
      vertex 0.372651831908394 -0.00017796788707600796 0.002860813028121624
      vertex 0.3720382454826128 -0.00011304150988194194 0.0032319912192378003
    endloop
  endfacet
  facet normal 0.0 0.0 0.0
    outer loop
      vertex 0.37205765466230023 -0.00010965627500954711 0.0031858899848122195
      vertex 0.372651831908394 -0.00017796788707600796 0.002860813028121624
      vertex 0.3726573250724565 -0.00017631977671183808 0.00283737533425211
    endloop
  endfacet
  facet normal 0.0 0.0 0.0
    outer loop
      vertex 0.3726573250724565 -0.00017631977671183808 0.00283737533425211
      vertex 0.372651831908394 -0.00017796788707600796 0.002860813028121624
      vertex 0.3732606575919877 -0.0002721853124607809 0.002438564994902616
    endloop
  endfacet
  facet normal 0.0 0.0 0.0
    outer loop
      vertex 0.3720382454826128 -0.00011304150988194194 0.0032319912192378003
      vertex 0.372651831908394 -0.00017796788707600796 0.002860813028121624
      vertex 0.37205765466230023 -0.00010965627500954711 0.0031858899848122195
    endloop
  endfacet
  facet normal 0.0 0.0 0.0
    outer loop
      vertex 0.3732606575919877 -0.0002721853124607809 0.002438564994902616
      vertex 0.372651831908394 -0.00017796788707600796 0.002860813028121624
      vertex 0.3732475960685502 -0.0002778714280870829 0.0025332113066178323
    endloop
  endfacet
  facet normal 0.0 0.0 0.0
    outer loop
      vertex 0.37385044030683146 -0.00040264228406916103 0.0020598448781265068
      vertex 0.3738474495841752 -0.0004047084911705591 0.0020993293945106646
      vertex 0.3744307015373002 -0.0005655300754949157 0.0016788886181558036
    endloop
  endfacet
  facet normal 0.0 0.0 0.0
    outer loop
      vertex 0.3732606575919877 -0.0002721853124607809 0.002438564994902616
      vertex 0.3738474495841752 -0.0004047084911705591 0.0020993293945106646
      vertex 0.37385044030683146 -0.00040264228406916103 0.0020598448781265068
    endloop
  endfacet
  facet normal 0.0 0.0 0.0
    outer loop
      vertex 0.37442539147870646 -0.0005701696005789948 0.001822368628779258
      vertex 0.37384433679120643 -0.00040656430120419076 0.0021390297027591982
      vertex 0.3738411019279252 -0.0004082205037632747 0.002178908039295842
    endloop
  endfacet
  facet normal 0.0 0.0 0.0
    outer loop
      vertex 0.3738411019279252 -0.0004082205037632747 0.002178908039295842
      vertex 0.37384433679120643 -0.00040656430120419076 0.0021390297027591982
      vertex 0.3732475960685502 -0.0002778714280870829 0.0025332113066178323
    endloop
  endfacet
  facet normal 0.0 0.0 0.0
    outer loop
      vertex 0.3738474495841752 -0.0004047084911705591 0.0020993293945106646
      vertex 0.37384433679120643 -0.00040656430120419076 0.0021390297027591982
      vertex 0.3744307015373002 -0.0005655300754949157 0.0016788886181558036
    endloop
  endfacet
  facet normal 0.0 0.0 0.0
    outer loop
      vertex 0.3732606575919877 -0.0002721853124607809 0.002438564994902616
      vertex 0.37384433679120643 -0.00040656430120419076 0.0021390297027591982
      vertex 0.3738474495841752 -0.0004047084911705591 0.0020993293945106646
    endloop
  endfacet
  facet normal 0.0 0.0 0.0
    outer loop
      vertex 0.3732475960685502 -0.0002778714280870829 0.0025332113066178323
      vertex 0.37384433679120643 -0.00040656430120419076 0.0021390297027591982
      vertex 0.3732606575919877 -0.0002721853124607809 0.002438564994902616
    endloop
  endfacet
  facet normal 0.0 0.0 0.0
    outer loop
      vertex 0.3744307015373002 -0.0005655300754949157 0.0016788886181558036
      vertex 0.37384433679120643 -0.00040656430120419076 0.0021390297027591982
      vertex 0.37442539147870646 -0.0005701696005789948 0.001822368628779258
    endloop
  endfacet
  facet normal 0.0 0.0 0.0
    outer loop
      vertex 0.05004795007245668 -0.0024990737334692286 0.01666253159100883
      vertex 0.046464515013862895 -0.0017052590837781665 0.01480378409062339
      vertex 0.04297849206464416 -0.002388496587366425 0.016133005329813842
    endloop
  endfacet
  facet normal 0.0 0.0 0.0
    outer loop
      vertex 0.07503629235761286 -0.0010815504633764341 0.01319460797358289
      vertex 0.08537967614667541 -0.0015537030626307047 0.015351943979306669
      vertex 0.08916074304120665 -0.0011803480710826735 0.013777815158439531
    endloop
  endfacet
  facet normal 0.0 0.0 0.0
    outer loop
      vertex 0.08916074304120665 -0.0011803480710826735 0.013777815158439531
      vertex 0.09832608727948794 -0.0016337861208989449 0.01575867118268021
      vertex 0.10203684167401916 -0.0012435076523872439 0.014137310917497828
    endloop
  endfacet
  facet normal 0.0 0.0 0.0
    outer loop
      vertex 0.11713626794355049 -0.0030989670242394193 0.019275061652844185
      vertex 0.11125852136151922 -0.0022895074643810966 0.017650189375069254
      vertex 0.10991348962323799 -0.003079901813021772 0.019197441319228344
    endloop
  endfacet
  facet normal 0.0 0.0 0.0
    outer loop
      vertex 0.10203684167401916 -0.0012435076523872439 0.014137310917497828
      vertex 0.11127567224042544 -0.0016825955432225276 0.01600329014273806
      vertex 0.11560336999433166 -0.0012802974678650996 0.014344662622577971
    endloop
  endfacet
  facet normal 0.0 0.0 0.0
    outer loop
      vertex 0.11560336999433166 -0.0012802974678650996 0.014344662622577971
      vertex 0.12422153405683169 -0.0017017308867961337 0.016098492118503817
      vertex 0.12678928308026916 -0.0012893310547876045 0.01439507429949426
    endloop
  endfacet
  facet normal 0.0 0.0 0.0
    outer loop
      vertex -0.0052808463142621975 -0.0010378283342550674 0.009935943121840594
      vertex -0.00289955969316845 -0.0008687554085166606 0.009610965968887242
      vertex -0.005213158325980956 -0.0008332576468268301 0.009314435578455307
    endloop
  endfacet
  facet normal 0.0 0.0 0.0
    outer loop
      vertex -0.0053477408455121864 -0.0012696130731793937 0.010547909967422168
      vertex -0.00289955969316845 -0.0008687554085166606 0.009610965968887242
      vertex -0.0052808463142621975 -0.0010378283342550674 0.009935943121840594
    endloop
  endfacet
  facet normal 0.0 0.0 0.0
    outer loop
      vertex -0.005413780884574678 -0.0015281640954812313 0.01114916004953918
      vertex -0.00289955969316845 -0.0008687554085166606 0.009610965968887242
      vertex -0.0053477408455121864 -0.0012696130731793937 0.010547909967422168
    endloop
  endfacet
  facet normal 0.0 0.0 0.0
    outer loop
      vertex -0.005213158325980956 -0.0008332576468268301 0.009314435578455307
      vertex -0.002854881958793457 -0.0007461910243478291 0.009192248830049092
      vertex -0.0051447379158247155 -0.0006562921336488649 0.008684582284715288
    endloop
  endfacet
  facet normal 0.0 0.0 0.0
    outer loop
      vertex -0.00289955969316845 -0.0008687554085166606 0.009610965968887242
      vertex -0.002854881958793457 -0.0007461910243478291 0.009192248830049092
      vertex -0.005213158325980956 -0.0008332576468268301 0.009314435578455307
    endloop
  endfacet
  facet normal 0.0 0.0 0.0
    outer loop
      vertex -0.0051447379158247155 -0.0006562921336488649 0.008684582284715288
      vertex -0.002809960083793464 -0.0006359240790501124 0.008770151851135156
      vertex -0.0050758292244184764 -0.0005072716669075623 0.008047597069857648
    endloop
  endfacet
  facet normal 0.0 0.0 0.0
    outer loop
      vertex -0.002854881958793457 -0.0007461910243478291 0.009192248830049092
      vertex -0.002809960083793464 -0.0006359240790501124 0.008770151851135156
      vertex -0.0051447379158247155 -0.0006562921336488649 0.008684582284715288
    endloop
  endfacet
  facet normal 0.0 0.0 0.0
    outer loop
      vertex -0.004936974243949748 -0.0002941610164466555 0.00675713474690745
      vertex -0.0027647940681684705 -0.0005380543763607823 0.008345033786119959
      vertex -0.004867211060356007 -0.00023048083726936362 0.006106144640051821
    endloop
  endfacet
  facet normal 0.0 0.0 0.0
    outer loop
      vertex -0.0050065543220747365 -0.00038648486822152693 0.007404701855314416
      vertex -0.0027647940681684705 -0.0005380543763607823 0.008345033786119959
      vertex -0.004936974243949748 -0.0002941610164466555 0.00675713474690745
    endloop
  endfacet
  facet normal 0.0 0.0 0.0
    outer loop
      vertex -0.0050758292244184764 -0.0005072716669075623 0.008047597069857648
      vertex -0.0027647940681684705 -0.0005380543763607823 0.008345033786119959
      vertex -0.0050065543220747365 -0.00038648486822152693 0.007404701855314416
    endloop
  endfacet
  facet normal 0.0 0.0 0.0
    outer loop
      vertex -0.002809960083793464 -0.0006359240790501124 0.008770151851135156
      vertex -0.0027647940681684705 -0.0005380543763607823 0.008345033786119959
      vertex -0.0050758292244184764 -0.0005072716669075623 0.008047597069857648
    endloop
  endfacet
  facet normal 0.0 0.0 0.0
    outer loop
      vertex -0.00289955969316845 -0.0008687554085166606 0.009610965968887242
      vertex -0.001676048950980958 -0.0007059997896078487 0.00912803456600745
      vertex -0.002854881958793457 -0.0007461910243478291 0.009192248830049092
    endloop
  endfacet
  facet normal 0.0 0.0 0.0
    outer loop
      vertex -0.002854881958793457 -0.0007461910243478291 0.009192248830049092
      vertex -0.001676048950980958 -0.0007059997896078487 0.00912803456600745
      vertex -0.002809960083793464 -0.0006359240790501124 0.008770151851135156
    endloop
  endfacet
  facet normal 0.0 0.0 0.0
    outer loop
      vertex -0.002809960083793464 -0.0006359240790501124 0.008770151851135156
      vertex -0.0016426627205122129 -0.0006261945633650772 0.008810680260663211
      vertex -0.0027647940681684705 -0.0005380543763607823 0.008345033786119959
    endloop
  endfacet
  facet normal 0.0 0.0 0.0
    outer loop
      vertex -0.001676048950980958 -0.0007059997896078487 0.00912803456600745
      vertex -0.0016426627205122129 -0.0006261945633650772 0.008810680260663211
      vertex -0.002809960083793464 -0.0006359240790501124 0.008770151851135156
    endloop
  endfacet
  facet normal 0.0 0.0 0.0
    outer loop
      vertex -0.0016426627205122129 -0.0006261945633650772 0.008810680260663211
      vertex -0.001609093384574718 -0.0005533729013331659 0.008491667055361585
      vertex -0.0027647940681684705 -0.0005380543763607823 0.008345033786119959
    endloop
  endfacet
  facet normal 0.0 0.0 0.0
    outer loop
      vertex -0.001609093384574718 -0.0005533729013331659 0.008491667055361585
      vertex -0.001575401978324723 -0.0004875725670883817 0.008171140609611022
      vertex -0.0027647940681684705 -0.0005380543763607823 0.008345033786119959
    endloop
  endfacet
  facet normal 0.0 0.0 0.0
    outer loop
      vertex -0.004867211060356007 -0.00023048083726936362 0.006106144640051821
      vertex -0.0015417105720747285 -0.0004288367190036007 0.0078492573725132
      vertex 0.002055884642769008 -0.000301433202276165 0.00698338172711211
    endloop
  endfacet
  facet normal 0.0 0.0 0.0
    outer loop
      vertex -0.0027647940681684705 -0.0005380543763607823 0.008345033786119959
      vertex -0.0015417105720747285 -0.0004288367190036007 0.0078492573725132
      vertex -0.004867211060356007 -0.00023048083726936362 0.006106144640051821
    endloop
  endfacet
  facet normal 0.0 0.0 0.0
    outer loop
      vertex -0.001575401978324723 -0.0004875725670883817 0.008171140609611022
      vertex -0.0015417105720747285 -0.0004288367190036007 0.0078492573725132
      vertex -0.0027647940681684705 -0.0005380543763607823 0.008345033786119959
    endloop
  endfacet
  facet normal 0.0 0.0 0.0
    outer loop
      vertex -0.005413780884574678 -0.0015281640954812313 0.01114916004953918
      vertex 0.0014366219474565537 -0.0008293922750562439 0.009798858642597458
      vertex -0.00289955969316845 -0.0008687554085166606 0.009610965968887242
    endloop
  endfacet
  facet normal 0.0 0.0 0.0
    outer loop
      vertex -0.00289955969316845 -0.0008687554085166606 0.009610965968887242
      vertex 0.0014366219474565537 -0.0008293922750562439 0.009798858642597458
      vertex -0.001676048950980958 -0.0007059997896078487 0.00912803456600745
    endloop
  endfacet
  facet normal 0.0 0.0 0.0
    outer loop
      vertex -0.001676048950980958 -0.0007059997896078487 0.00912803456600745
      vertex 0.0014366219474565537 -0.0008293922750562439 0.009798858642597458
      vertex -0.0016426627205122129 -0.0006261945633650772 0.008810680260663211
    endloop
  endfacet
  facet normal 0.0 0.0 0.0
    outer loop
      vertex -0.0016426627205122129 -0.0006261945633650772 0.008810680260663211
      vertex 0.0014366219474565537 -0.0008293922750562439 0.009798858642597458
      vertex -0.001609093384574718 -0.0005533729013331659 0.008491667055361585
    endloop
  endfacet
  facet normal 0.0 0.0 0.0
    outer loop
      vertex 0.002055884642769008 -0.000301433202276165 0.00698338172711211
      vertex 0.004856848998237793 -0.000593823086310449 0.009069692538075038
      vertex 0.008983619017769022 -0.00037690101204503003 0.007809540879874653
    endloop
  endfacet
  facet normal 0.0 0.0 0.0
    outer loop
      vertex 0.00783383874433155 -0.0006340251106436758 0.009420359712482234
      vertex 0.005849097533394045 -0.0006071698131220966 0.009187622791956382
      vertex 0.007669837279487826 -0.0011020668748815182 0.01110239255773211
    endloop
  endfacet
  facet normal 0.0 0.0 0.0
    outer loop
      vertex 0.008983619017769022 -0.00037690101204503003 0.007809540879874653
      vertex 0.005849097533394045 -0.0006071698131220966 0.009187622791956382
      vertex 0.00783383874433155 -0.0006340251106436758 0.009420359712482234
    endloop
  endfacet
  facet normal 0.0 0.0 0.0
    outer loop
      vertex 0.004856848998237793 -0.000593823086310449 0.009069692538075038
      vertex 0.005849097533394045 -0.0006071698131220966 0.009187622791956382
      vertex 0.008983619017769022 -0.00037690101204503003 0.007809540879874653
    endloop
  endfacet
  facet normal 0.0 0.0 0.0
    outer loop
      vertex 0.007669837279487826 -0.0011020668748815182 0.01110239255773211
      vertex 0.008296485228706567 -0.0009329373037787016 0.010613998923285316
      vertex 0.00783383874433155 -0.0006340251106436758 0.009420359712482234
    endloop
  endfacet
  facet normal 0.0 0.0 0.0
    outer loop
      vertex 0.008609778685737814 -0.000856169348027021 0.010367273295151264
      vertex 0.008162146849800302 -0.0006384866074396474 0.009458457766137773
      vertex 0.008296485228706567 -0.0009329373037787016 0.010613998923285316
    endloop
  endfacet
  facet normal 0.0 0.0 0.0
    outer loop
      vertex 0.008296485228706567 -0.0009329373037787016 0.010613998923285316
      vertex 0.008162146849800302 -0.0006384866074396474 0.009458457766137773
      vertex 0.00783383874433155 -0.0006340251106436758 0.009420359712482234
    endloop
  endfacet
  facet normal 0.0 0.0 0.0
    outer loop
      vertex 0.008609778685737814 -0.000856169348027021 0.010367273295151264
      vertex 0.008326331420112802 -0.0006407200532359374 0.009477463634592667
      vertex 0.008162146849800302 -0.0006384866074396474 0.009458457766137773
    endloop
  endfacet
  facet normal 0.0 0.0 0.0
    outer loop
      vertex 0.008983619017769022 -0.00037690101204503003 0.007809540879874653
      vertex 0.014775672240425315 -0.0007292216916130956 0.010201477708352943
      vertex 0.021470191283394047 -0.0005201004932448781 0.009169957530458645
    endloop
  endfacet
  facet normal 0.0 0.0 0.0
    outer loop
      vertex 0.014775672240425315 -0.0007292216916130956 0.010201477708352943
      vertex 0.01676193933026907 -0.0007567000881430604 0.010415621462364516
      vertex 0.021470191283394047 -0.0005201004932448781 0.009169957530458645
    endloop
  endfacet
  facet normal 0.0 0.0 0.0
    outer loop
      vertex 0.021470191283394047 -0.0005201004932448781 0.009169957530458645
      vertex 0.01676193933026907 -0.0007567000881430604 0.010415621462364516
      vertex 0.020735389037300326 -0.0008117971459148307 0.010831598044525024
    endloop
  endfacet
  facet normal 0.0 0.0 0.0
    outer loop
      vertex 0.021916358275581627 -0.00202636277276577 0.014260403991735785
      vertex 0.0210787117912066 -0.0013174379451218509 0.012556775775658521
      vertex 0.0205905526115191 -0.0013096235822331402 0.012507119370267357
    endloop
  endfacet
  facet normal 0.0 0.0 0.0
    outer loop
      vertex 0.0210787117912066 -0.0013174379451218509 0.012556775775658521
      vertex 0.021370887084175335 -0.0009659183928503206 0.011466223035866039
      vertex 0.0205905526115191 -0.0013096235822331402 0.012507119370267357
    endloop
  endfacet
  facet normal 0.0 0.0 0.0
    outer loop
      vertex 0.0205905526115191 -0.0013096235822331402 0.012507119370267357
      vertex 0.021370887084175335 -0.0009659183928503206 0.011466223035866039
      vertex 0.020735389037300326 -0.0008117971459148307 0.010831598044525024
    endloop
  endfacet
  facet normal 0.0 0.0 0.0
    outer loop
      vertex 0.0213228524162066 -0.0013213464752653587 0.012581508220714284
      vertex 0.02168894128339409 -0.0010515688812193736 0.011781076852981815
      vertex 0.0210787117912066 -0.0013174379451218509 0.012556775775658521
    endloop
  endfacet
  facet normal 0.0 0.0 0.0
    outer loop
      vertex 0.0210787117912066 -0.0013174379451218509 0.012556775775658521
      vertex 0.02168894128339409 -0.0010515688812193736 0.011781076852981815
      vertex 0.021370887084175335 -0.0009659183928503206 0.011466223035866039
    endloop
  endfacet
  facet normal 0.0 0.0 0.0
    outer loop
      vertex 0.021916358275581627 -0.00202636277276577 0.014260403991735785
      vertex 0.029699622435737868 -0.001454042287466689 0.013393203923767015
      vertex 0.027788184447456614 -0.0014240418235218328 0.013214328652589358
    endloop
  endfacet
  facet normal 0.0 0.0 0.0
    outer loop
      vertex 0.0359106820060504 -0.00227158595004419 0.015554278523541177
      vertex 0.029699622435737868 -0.001454042287466689 0.013393203923767015
      vertex 0.021916358275581627 -0.00202636277276577 0.014260403991735785
    endloop
  endfacet
  facet normal 0.0 0.0 0.0
    outer loop
      vertex 0.03352316979901913 -0.001513398537161577 0.013739843882505284
      vertex 0.029699622435737868 -0.001454042287466689 0.013393203923767015
      vertex 0.0359106820060504 -0.00227158595004419 0.015554278523541177
    endloop
  endfacet
  facet normal 0.0 0.0 0.0
    outer loop
      vertex 0.0359106820060504 -0.00227158595004419 0.015554278523541177
      vertex 0.03435868005292538 -0.0015262327582953308 0.013813617726138738
      vertex 0.03352316979901913 -0.001513398537161577 0.013739843882505284
    endloop
  endfacet
  facet normal 0.0 0.0 0.0
    outer loop
      vertex 0.0359106820060504 -0.00227158595004419 0.015554278523541177
      vertex 0.03477640466230038 -0.001532630987074076 0.013850237605523301
      vertex 0.03435868005292538 -0.0015262327582953308 0.013813617726138738
    endloop
  endfacet
  facet normal 0.0 0.0 0.0
    outer loop
      vertex 0.03435868005292538 -0.0015262327582953308 0.013813617726138738
      vertex 0.03454086999433161 -0.0011555832572468887 0.012716407807330268
      vertex 0.03352316979901913 -0.001513398537161577 0.013739843882505284
    endloop
  endfacet
  facet normal 0.0 0.0 0.0
    outer loop
      vertex 0.03352316979901913 -0.001513398537161577 0.013739843882505284
      vertex 0.03454086999433161 -0.0011555832572468887 0.012716407807330268
      vertex 0.033649146361519104 -0.0009894370086690571 0.012070523875465448
    endloop
  endfacet
  facet normal 0.0 0.0 0.0
    outer loop
      vertex 0.03477640466230038 -0.001532630987074076 0.013850237605523301
      vertex 0.03498722009198787 -0.0012472624308269395 0.013036588986097818
      vertex 0.03435868005292538 -0.0015262327582953308 0.013813617726138738
    endloop
  endfacet
  facet normal 0.0 0.0 0.0
    outer loop
      vertex 0.03435868005292538 -0.0015262327582953308 0.013813617726138738
      vertex 0.03498722009198787 -0.0012472624308269395 0.013036588986097818
      vertex 0.03454086999433161 -0.0011555832572468887 0.012716407807330268
    endloop
  endfacet
  facet normal 0.0 0.0 0.0
    outer loop
      vertex 0.03477640466230038 -0.001532630987074076 0.013850237605523301
      vertex 0.03764597253339413 -0.0015762101540847838 0.014097027971216609
      vertex 0.03498722009198787 -0.0012472624308269395 0.013036588986097818
    endloop
  endfacet
  facet normal 0.0 0.0 0.0
    outer loop
      vertex 0.0359106820060504 -0.00227158595004419 0.015554278523541177
      vertex 0.03764597253339413 -0.0015762101540847838 0.014097027971216609
      vertex 0.03477640466230038 -0.001532630987074076 0.013850237605523301
    endloop
  endfacet
  facet normal 0.0 0.0 0.0
    outer loop
      vertex 0.034074256224800314 -0.0006675079158000558 0.010378208547878062
      vertex 0.041272193236519115 -0.0010908510927308086 0.012721840367515808
      vertex 0.04678061608808159 -0.0008112576662540629 0.011431833904879011
    endloop
  endfacet
  facet normal 0.0 0.0 0.0
    outer loop
      vertex 0.046464515013862895 -0.0017052590837781665 0.01480378409062339
      vertex 0.045338904662300394 -0.0016892500248397804 0.014717890836406936
      vertex 0.04297849206464416 -0.002388496587366425 0.016133005329813842
    endloop
  endfacet
  facet normal 0.0 0.0 0.0
    outer loop
      vertex 0.04297849206464416 -0.002388496587366425 0.016133005329813842
      vertex 0.045338904662300394 -0.0016892500248397804 0.014717890836406936
      vertex 0.044776099486519144 -0.0016811955935019504 0.014674468118497931
    endloop
  endfacet
  facet normal 0.0 0.0 0.0
    outer loop
      vertex 0.045338904662300394 -0.0016892500248397804 0.014717890836406936
      vertex 0.04488053063886288 -0.0013856902144257618 0.013854081398107317
      vertex 0.044776099486519144 -0.0016811955935019504 0.014674468118497931
    endloop
  endfacet
  facet normal 0.0 0.0 0.0
    outer loop
      vertex 0.045338904662300394 -0.0016892500248397804 0.014717890836406936
      vertex 0.04544461755292537 -0.0013049247143865214 0.013617956545310722
      vertex 0.04488053063886288 -0.0013856902144257618 0.013854081398107317
    endloop
  endfacet
  facet normal 0.0 0.0 0.0
    outer loop
      vertex 0.046464515013862895 -0.0017052590837781665 0.01480378409062339
      vertex 0.04544461755292537 -0.0013049247143865214 0.013617956545310722
      vertex 0.045338904662300394 -0.0016892500248397804 0.014717890836406936
    endloop
  endfacet
  facet normal 0.0 0.0 0.0
    outer loop
      vertex 0.046572242064644116 -0.0011587392132634627 0.01314016368620138
      vertex 0.04544461755292537 -0.0013049247143865214 0.013617956545310722
      vertex 0.046464515013862895 -0.0017052590837781665 0.01480378409062339
    endloop
  endfacet
  facet normal 0.0 0.0 0.0
    outer loop
      vertex 0.05004795007245668 -0.0024990737334692286 0.01666253159100883
      vertex 0.047692237181831645 -0.0017225413147163682 0.014896043204838928
      vertex 0.046464515013862895 -0.0017052590837781665 0.01480378409062339
    endloop
  endfacet
  facet normal 0.0 0.0 0.0
    outer loop
      vertex 0.05004795007245668 -0.0024990737334692286 0.01666253159100883
      vertex 0.04830612878339415 -0.0017311163439270051 0.014941615749196778
      vertex 0.047692237181831645 -0.0017225413147163682 0.014896043204838928
    endloop
  endfacet
  facet normal 0.0 0.0 0.0
    outer loop
      vertex 0.047692237181831645 -0.0017225413147163682 0.014896043204838928
      vertex 0.04779581384198788 -0.0013357047264414366 0.013796737407547706
      vertex 0.046464515013862895 -0.0017052590837781665 0.01480378409062339
    endloop
  endfacet
  facet normal 0.0 0.0 0.0
    outer loop
      vertex 0.046464515013862895 -0.0017052590837781665 0.01480378409062339
      vertex 0.04779581384198788 -0.0013357047264414366 0.013796737407547706
      vertex 0.046572242064644116 -0.0011587392132634627 0.01314016368620138
    endloop
  endfacet
  facet normal 0.0 0.0 0.0
    outer loop
      vertex 0.04830612878339415 -0.0017311163439270051 0.014941615749196778
      vertex 0.048408118529487884 -0.0014327867888257995 0.014121868312204378
      vertex 0.047692237181831645 -0.0017225413147163682 0.014896043204838928
    endloop
  endfacet
  facet normal 0.0 0.0 0.0
    outer loop
      vertex 0.047692237181831645 -0.0017225413147163682 0.014896043204838928
      vertex 0.048408118529487884 -0.0014327867888257995 0.014121868312204378
      vertex 0.04779581384198788 -0.0013357047264414366 0.013796737407547706
    endloop
  endfacet
  facet normal 0.0 0.0 0.0
    outer loop
      vertex 0.04678061608808159 -0.0008112576662540629 0.011431833904879011
      vertex 0.052107276244331646 -0.001390564413162398 0.014110288381282246
      vertex 0.06090732507245661 -0.0009567903969874853 0.012412772469763259
    endloop
  endfacet
  facet normal 0.0 0.0 0.0
    outer loop
      vertex 0.06090732507245661 -0.0009567903969874853 0.012412772469763259
      vertex 0.052107276244331646 -0.001390564413162398 0.014110288381282246
      vertex 0.059502234740425396 -0.001312213084605906 0.01404311507130024
    endloop
  endfacet
  facet normal 0.0 0.0 0.0
    outer loop
      vertex 0.052107276244331646 -0.001390564413162398 0.014110288381282246
      vertex 0.054779517455269156 -0.0018186064579399028 0.015399469440037663
      vertex 0.059502234740425396 -0.001312213084605906 0.01404311507130024
    endloop
  endfacet
  facet normal 0.0 0.0 0.0
    outer loop
      vertex 0.06285398034589419 -0.0026803281099517483 0.017497095836888705
      vertex 0.057468055052925425 -0.0020838955812068917 0.016116551200154934
      vertex 0.05004795007245668 -0.0024990737334692286 0.01666253159100883
    endloop
  endfacet
  facet normal 0.0 0.0 0.0
    outer loop
      vertex 0.05004795007245668 -0.0024990737334692286 0.01666253159100883
      vertex 0.057468055052925425 -0.0020838955812068917 0.016116551200154934
      vertex 0.054779517455269156 -0.0018186064579399028 0.015399469440037663
    endloop
  endfacet
  facet normal 0.0 0.0 0.0
    outer loop
      vertex 0.054779517455269156 -0.0018186064579399028 0.015399469440037663
      vertex 0.057468055052925425 -0.0020838955812068917 0.016116551200154934
      vertex 0.059502234740425396 -0.001312213084605906 0.01404311507130024
    endloop
  endfacet
  facet normal 0.0 0.0 0.0
    outer loop
      vertex 0.057468055052925425 -0.0020838955812068917 0.016116551200154934
      vertex 0.061174536986519173 -0.0018994798539113766 0.015811130184910614
      vertex 0.059502234740425396 -0.001312213084605906 0.01404311507130024
    endloop
  endfacet
  facet normal 0.0 0.0 0.0
    outer loop
      vertex 0.06285398034589419 -0.0026803281099517483 0.017497095836888705
      vertex 0.061174536986519173 -0.0018994798539113766 0.015811130184910614
      vertex 0.057468055052925425 -0.0020838955812068917 0.016116551200154934
    endloop
  endfacet
  facet normal 0.0 0.0 0.0
    outer loop
      vertex 0.061174536986519173 -0.0018994798539113766 0.015811130184910614
      vertex 0.06108463220136289 -0.0014976727050453745 0.014703899431400198
      vertex 0.059502234740425396 -0.001312213084605906 0.01404311507130024
    endloop
  endfacet
  facet normal 0.0 0.0 0.0
    outer loop
      vertex 0.061174536986519173 -0.0018994798539113766 0.015811130184910614
      vertex 0.06187644128339416 -0.0015989357348020184 0.01503065416983629
      vertex 0.06108463220136289 -0.0014976727050453745 0.014703899431400198
    endloop
  endfacet
  facet normal 0.0 0.0 0.0
    outer loop
      vertex 0.07503629235761286 -0.0010815504633764341 0.01319460797358289
      vertex 0.0653981087638629 -0.001545413957640239 0.01496069984220221
      vertex 0.07243820886151914 -0.0014451894262309554 0.014780233106024625
    endloop
  endfacet
  facet normal 0.0 0.0 0.0
    outer loop
      vertex 0.06090732507245661 -0.0009567903969874853 0.012412772469763259
      vertex 0.0653981087638629 -0.001545413957640239 0.01496069984220221
      vertex 0.07503629235761286 -0.0010815504633764341 0.01319460797358289
    endloop
  endfacet
  facet normal 0.0 0.0 0.0
    outer loop
      vertex 0.0653981087638629 -0.001545413957640239 0.01496069984220221
      vertex 0.06765079431073792 -0.0019752632592818873 0.016186929019322612
      vertex 0.07243820886151914 -0.0014451894262309554 0.014780233106024625
    endloop
  endfacet
  facet normal 0.0 0.0 0.0
    outer loop
      vertex 0.0756592781974567 -0.002833775007311144 0.018171636928342418
      vertex 0.07031742028730043 -0.0022402098129641807 0.016866217531792765
      vertex 0.06285398034589419 -0.0026803281099517483 0.017497095836888705
    endloop
  endfacet
  facet normal 0.0 0.0 0.0
    outer loop
      vertex 0.06765079431073792 -0.0019752632592818873 0.016186929019322612
      vertex 0.07031742028730043 -0.0022402098129641807 0.016866217531792765
      vertex 0.07243820886151914 -0.0014451894262309554 0.014780233106024625
    endloop
  endfacet
  facet normal 0.0 0.0 0.0
    outer loop
      vertex 0.06285398034589419 -0.0026803281099517483 0.017497095836888705
      vertex 0.07031742028730043 -0.0022402098129641807 0.016866217531792765
      vertex 0.06765079431073792 -0.0019752632592818873 0.016186929019322612
    endloop
  endfacet
  facet normal 0.0 0.0 0.0
    outer loop
      vertex 0.0756592781974567 -0.002833775007311144 0.018171636928342418
      vertex 0.07404550866620667 -0.002043582963543301 0.01651751136595297
      vertex 0.07031742028730043 -0.0022402098129641807 0.016866217531792765
    endloop
  endfacet
  facet normal 0.0 0.0 0.0
    outer loop
      vertex 0.07031742028730043 -0.0022402098129641807 0.016866217531792765
      vertex 0.07404550866620667 -0.002043582963543301 0.01651751136595297
      vertex 0.07243820886151914 -0.0014451894262309554 0.014780233106024625
    endloop
  endfacet
  facet normal 0.0 0.0 0.0
    outer loop
      vertex 0.07404550866620667 -0.002043582963543301 0.01651751136595297
      vertex 0.07437576989667542 -0.0016362083845764062 0.01543616484657442
      vertex 0.07243820886151914 -0.0014451894262309554 0.014780233106024625
    endloop
  endfacet
  facet normal 0.0 0.0 0.0
    outer loop
      vertex 0.07404550866620667 -0.002043582963543301 0.01651751136595297
      vertex 0.07534531335370667 -0.0017401202594682647 0.015759957841671952
      vertex 0.07437576989667542 -0.0016362083845764062 0.01543616484657442
    endloop
  endfacet
  facet normal 0.0 0.0 0.0
    outer loop
      vertex 0.07503629235761286 -0.0010815504633764341 0.01319460797358289
      vertex 0.07869126061933167 -0.0016754393455199494 0.01563639811752863
      vertex 0.08537967614667541 -0.0015537030626307047 0.015351943979306669
    endloop
  endfacet
  facet normal 0.0 0.0 0.0
    outer loop
      vertex 0.07869126061933167 -0.0016754393455199494 0.01563639811752863
      vertex 0.08052469567792542 -0.0021057121386954354 0.01681153047856316
      vertex 0.08537967614667541 -0.0015537030626307047 0.015351943979306669
    endloop
  endfacet
  facet normal 0.0 0.0 0.0
    outer loop
      vertex 0.0884629891349567 -0.002955675831497105 0.018686915531691894
      vertex 0.08316788415448795 -0.0023684845893441418 0.017454172137665702
      vertex 0.0756592781974567 -0.002833775007311144 0.018171636928342418
    endloop
  endfacet
  facet normal 0.0 0.0 0.0
    outer loop
      vertex 0.08052469567792542 -0.0021057121386954354 0.01681153047856316
      vertex 0.08316788415448795 -0.0023684845893441418 0.017454172137665702
      vertex 0.08537967614667541 -0.0015537030626307047 0.015351943979306669
    endloop
  endfacet
  facet normal 0.0 0.0 0.0
    outer loop
      vertex 0.0756592781974567 -0.002833775007311144 0.018171636928342418
      vertex 0.08316788415448795 -0.0023684845893441418 0.017454172137665702
      vertex 0.08052469567792542 -0.0021057121386954354 0.01681153047856316
    endloop
  endfacet
  facet normal 0.0 0.0 0.0
    outer loop
      vertex 0.08316788415448795 -0.0023684845893441418 0.017454172137665702
      vertex 0.08691831140058169 -0.002159554906255539 0.01706136620694241
      vertex 0.08537967614667541 -0.0015537030626307047 0.015351943979306669
    endloop
  endfacet
  facet normal 0.0 0.0 0.0
    outer loop
      vertex 0.0884629891349567 -0.002955675831497105 0.018686915531691894
      vertex 0.08691831140058169 -0.002159554906255539 0.01706136620694241
      vertex 0.08316788415448795 -0.0023684845893441418 0.017454172137665702
    endloop
  endfacet
  facet normal 0.0 0.0 0.0
    outer loop
      vertex 0.08691831140058169 -0.002159554906255539 0.01706136620694241
      vertex 0.08766678552167542 -0.0017470363887215905 0.015994102804112675
      vertex 0.08537967614667541 -0.0015537030626307047 0.015351943979306669
    endloop
  endfacet
  facet normal 0.0 0.0 0.0
    outer loop
      vertex 0.08537967614667541 -0.0015537030626307047 0.015351943979306669
      vertex 0.08766678552167542 -0.0017470363887215905 0.015994102804112675
      vertex 0.08916074304120665 -0.0011803480710826735 0.013777815158439531
    endloop
  endfacet
  facet normal 0.0 0.0 0.0
    outer loop
      vertex 0.08916074304120665 -0.0011803480710826735 0.013777815158439531
      vertex 0.09198410729901917 -0.0017763625030902857 0.016137949660905496
      vertex 0.09832608727948794 -0.0016337861208989449 0.01575867118268021
    endloop
  endfacet
  facet normal 0.0 0.0 0.0
    outer loop
      vertex 0.09198410729901917 -0.0017763625030902857 0.016137949660905496
      vertex 0.09340055017011294 -0.002206090421808218 0.01727387803497956
      vertex 0.09832608727948794 -0.0016337861208989449 0.01575867118268021
    endloop
  endfacet
  facet normal 0.0 0.0 0.0
    outer loop
      vertex 0.0884629891349567 -0.002955675831497105 0.018686915531691894
      vertex 0.09649253015058172 -0.002467816281914704 0.01789376444198367
      vertex 0.09340055017011294 -0.002206090421808218 0.01727387803497956
    endloop
  endfacet
  facet normal 0.0 0.0 0.0
    outer loop
      vertex 0.09340055017011294 -0.002206090421808218 0.01727387803497956
      vertex 0.09649253015058172 -0.002467816281914704 0.01789376444198367
      vertex 0.09832608727948794 -0.0016337861208989449 0.01575867118268021
    endloop
  endfacet
  facet normal 0.0 0.0 0.0
    outer loop
      vertex 0.10268717126386298 -0.003049645096237935 0.019073789883542844
      vertex 0.09649253015058172 -0.002467816281914704 0.01789376444198367
      vertex 0.0884629891349567 -0.002955675831497105 0.018686915531691894
    endloop
  endfacet
  facet normal 0.0 0.0 0.0
    outer loop
      vertex 0.09649253015058172 -0.002467816281914704 0.01789376444198367
      vertex 0.10050278405683172 -0.002247187982378631 0.017459707198986638
      vertex 0.09832608727948794 -0.0016337861208989449 0.01575867118268021
    endloop
  endfacet
  facet normal 0.0 0.0 0.0
    outer loop
      vertex 0.10268717126386298 -0.003049645096237935 0.019073789883542844
      vertex 0.10050278405683172 -0.002247187982378631 0.017459707198986638
      vertex 0.09649253015058172 -0.002467816281914704 0.01789376444198367
    endloop
  endfacet
  facet normal 0.0 0.0 0.0
    outer loop
      vertex 0.10050278405683172 -0.002247187982378631 0.017459707198986638
      vertex 0.10101493005292543 -0.0018261807523797975 0.016379747142336698
      vertex 0.09832608727948794 -0.0016337861208989449 0.01575867118268021
    endloop
  endfacet
  facet normal 0.0 0.0 0.0
    outer loop
      vertex 0.09832608727948794 -0.0016337861208989449 0.01575867118268021
      vertex 0.10101493005292543 -0.0018261807523797975 0.016379747142336698
      vertex 0.10203684167401916 -0.0012435076523872439 0.014137310917497828
    endloop
  endfacet
  facet normal 0.0 0.0 0.0
    outer loop
      vertex 0.10050278405683172 -0.002247187982378631 0.017459707198986638
      vertex 0.10236045007245669 -0.0019302490763733306 0.01668484716718267
      vertex 0.10101493005292543 -0.0018261807523797975 0.016379747142336698
    endloop
  endfacet
  facet normal 0.0 0.0 0.0
    outer loop
      vertex 0.10773660974042544 -0.0018529011799861728 0.01650880686162312
      vertex 0.11059531335370672 -0.0022875680350000166 0.017641484870740003
      vertex 0.11127567224042544 -0.0016825955432225276 0.01600329014273806
    endloop
  endfacet
  facet normal 0.0 0.0 0.0
    outer loop
      vertex 0.10991348962323799 -0.003079901813021772 0.019197441319228344
      vertex 0.11081638268964421 -0.0022882235027880597 0.017644427732290423
      vertex 0.11059531335370672 -0.0022875680350000166 0.017641484870740003
    endloop
  endfacet
  facet normal 0.0 0.0 0.0
    outer loop
      vertex 0.11059531335370672 -0.0022875680350000166 0.017641484870740003
      vertex 0.11081638268964421 -0.0022882235027880597 0.017644427732290423
      vertex 0.11127567224042544 -0.0016825955432225276 0.01600329014273806
    endloop
  endfacet
  facet normal 0.0 0.0 0.0
    outer loop
      vertex 0.11125852136151922 -0.0022895074643810966 0.017650189375069254
      vertex 0.11081638268964421 -0.0022882235027880597 0.017644427732290423
      vertex 0.10991348962323799 -0.003079901813021772 0.019197441319228344
    endloop
  endfacet
  facet normal 0.0 0.0 0.0
    outer loop
      vertex 0.11127567224042544 -0.0016825955432225276 0.01600329014273806
      vertex 0.11081638268964421 -0.0022882235027880597 0.017644427732290423
      vertex 0.11125852136151922 -0.0022895074643810966 0.017650189375069254
    endloop
  endfacet
  facet normal 0.0 0.0 0.0
    outer loop
      vertex 0.11125852136151922 -0.0022895074643810966 0.017650189375069254
      vertex 0.11271445397870669 -0.0016861399245949099 0.01602096889122702
      vertex 0.11127567224042544 -0.0016825955432225276 0.01600329014273806
    endloop
  endfacet
  facet normal 0.0 0.0 0.0
    outer loop
      vertex 0.11127567224042544 -0.0016825955432225276 0.01600329014273806
      vertex 0.11271445397870669 -0.0016861399245949099 0.01602096889122702
      vertex 0.11560336999433166 -0.0012802974678650996 0.014344662622577971
    endloop
  endfacet
  facet normal 0.0 0.0 0.0
    outer loop
      vertex 0.11271445397870669 -0.0016861399245949099 0.01602096889122702
      vertex 0.11343381433026918 -0.00168776915317095 0.01602912582370041
      vertex 0.11560336999433166 -0.0012802974678650996 0.014344662622577971
    endloop
  endfacet
  facet normal 0.0 0.0 0.0
    outer loop
      vertex 0.11125852136151922 -0.0022895074643810966 0.017650189375069254
      vertex 0.1146658699943317 -0.0020742631718611956 0.017147909534149828
      vertex 0.11271445397870669 -0.0016861399245949099 0.01602096889122702
    endloop
  endfacet
  facet normal 0.0 0.0 0.0
    outer loop
      vertex 0.11271445397870669 -0.0016861399245949099 0.01602096889122702
      vertex 0.1146658699943317 -0.0020742631718611956 0.017147909534149828
      vertex 0.11343381433026918 -0.00168776915317095 0.01602912582370041
    endloop
  endfacet
  facet normal 0.0 0.0 0.0
    outer loop
      vertex 0.11713626794355049 -0.0030989670242394193 0.019275061652844185
      vertex 0.1146658699943317 -0.0020742631718611956 0.017147909534149828
      vertex 0.11125852136151922 -0.0022895074643810966 0.017650189375069254
    endloop
  endfacet
  facet normal 0.0 0.0 0.0
    outer loop
      vertex 0.11560336999433166 -0.0012802974678650996 0.014344662622577971
      vertex 0.11898734216230043 -0.0018788474542791294 0.016633596599393133
      vertex 0.12422153405683169 -0.0017017308867961337 0.016098492118503817
    endloop
  endfacet
  facet normal 0.0 0.0 0.0
    outer loop
      vertex 0.11898734216230043 -0.0018788474542791294 0.016633596599393133
      vertex 0.12068289880292546 -0.0023079792479717264 0.017732880817497885
      vertex 0.12422153405683169 -0.0017017308867961337 0.016098492118503817
    endloop
  endfacet
  facet normal 0.0 0.0 0.0
    outer loop
      vertex 0.12736704186933173 -0.0031080140981534416 0.019311600610279433
      vertex 0.12291062097089421 -0.0025550204717074347 0.018273226343293095
      vertex 0.11713626794355049 -0.0030989670242394193 0.019275061652844185
    endloop
  endfacet
  facet normal 0.0 0.0 0.0
    outer loop
      vertex 0.11713626794355049 -0.0030989670242394193 0.019275061652844185
      vertex 0.12291062097089421 -0.0025550204717074347 0.018273226343293095
      vertex 0.12068289880292546 -0.0023079792479717264 0.017732880817497885
    endloop
  endfacet
  facet normal 0.0 0.0 0.0
    outer loop
      vertex 0.12068289880292546 -0.0023079792479717264 0.017732880817497885
      vertex 0.12291062097089421 -0.0025550204717074347 0.018273226343293095
      vertex 0.12422153405683169 -0.0017017308867961337 0.016098492118503817
    endloop
  endfacet
  facet normal 0.0 0.0 0.0
    outer loop
      vertex 0.12736704186933173 -0.0031080140981534416 0.019311600610279433
      vertex 0.12579343347089422 -0.0023111594805729965 0.017747001697622885
      vertex 0.12291062097089421 -0.0025550204717074347 0.018273226343293095
    endloop
  endfacet
  facet normal 0.0 0.0 0.0
    outer loop
      vertex 0.12291062097089421 -0.0025550204717074347 0.018273226343293095
      vertex 0.12579343347089422 -0.0023111594805729965 0.017747001697622885
      vertex 0.12422153405683169 -0.0017017308867961337 0.016098492118503817
    endloop
  endfacet
  facet normal 0.0 0.0 0.0
    outer loop
      vertex 0.12579343347089422 -0.0023111594805729965 0.017747001697622885
      vertex 0.12612564782636293 -0.0018838430359394741 0.016657420021220094
      vertex 0.12422153405683169 -0.0017017308867961337 0.016098492118503817
    endloop
  endfacet
  facet normal 0.0 0.0 0.0
    outer loop
      vertex 0.12579343347089422 -0.0023111594805729965 0.017747001697622885
      vertex 0.1270778572990192 -0.0019827970927473004 0.016933215510883844
      vertex 0.12612564782636293 -0.0018838430359394741 0.016657420021220094
    endloop
  endfacet
  facet normal 0.0 0.0 0.0
    outer loop
      vertex 0.12678928308026916 -0.0012893310547876045 0.01439507429949426
      vertex 0.13475070886151921 -0.0018816905120923844 0.016646894773035017
      vertex 0.15008676843183166 -0.0016972720873986412 0.01607610101517607
    endloop
  endfacet
  facet normal 0.0 0.0 0.0
    outer loop
      vertex 0.13475070886151921 -0.0018816905120923844 0.016646894773035017
      vertex 0.14251779870526923 -0.002306492981505982 0.01772580554174428
      vertex 0.15008676843183166 -0.0016972720873986412 0.01607610101517607
    endloop
  endfacet
  facet normal 0.0 0.0 0.0
    outer loop
      vertex 0.13873191003339422 -0.0023073669385566785 0.017729743743269202
      vertex 0.14251779870526923 -0.002306492981505982 0.01772580554174428
      vertex 0.13475070886151921 -0.0018816905120923844 0.016646894773035017
    endloop
  endfacet
  facet normal 0.0 0.0 0.0
    outer loop
      vertex 0.12736704186933173 -0.0031080140981534416 0.019311600610279433
      vertex 0.14251779870526923 -0.002306492981505982 0.01772580554174428
      vertex 0.13873191003339422 -0.0023073669385566785 0.017729743743269202
    endloop
  endfacet
  facet normal 0.0 0.0 0.0
    outer loop
      vertex 0.15008817224042548 -0.0023057889605485045 0.017722684651905615
      vertex 0.14251779870526923 -0.002306492981505982 0.01772580554174428
      vertex 0.12736704186933173 -0.0031080140981534416 0.019311600610279433
    endloop
  endfacet
  facet normal 0.0 0.0 0.0
    outer loop
      vertex 0.15008676843183166 -0.0016972720873986412 0.01607610101517607
      vertex 0.14251779870526923 -0.002306492981505982 0.01772580554174428
      vertex 0.15008817224042548 -0.0023057889605485045 0.017722684651905615
    endloop
  endfacet
  facet normal 0.0 0.0 0.0
    outer loop
      vertex 0.15008676843183166 -0.0016972720873986412 0.01607610101517607
      vertex 0.16541025475995666 -0.0016964304991276763 0.016072022548939104
      vertex 0.12678928308026916 -0.0012893310547876045 0.01439507429949426
    endloop
  endfacet
  facet normal 0.0 0.0 0.0
    outer loop
      vertex 0.12678928308026916 -0.0012893310547876045 0.01439507429949426
      vertex 0.16541025475995666 -0.0016964304991276763 0.016072022548939104
      vertex 0.1960614998771442 -0.0012824931500856529 0.014356935784862933
    endloop
  endfacet
  facet normal 0.0 0.0 0.0
    outer loop
      vertex 0.15008817224042548 -0.0023057889605485045 0.017722684651905615
      vertex 0.16541025475995666 -0.0016964304991276763 0.016072022548939104
      vertex 0.15008676843183166 -0.0016972720873986412 0.01607610101517607
    endloop
  endfacet
  facet normal 0.0 0.0 0.0
    outer loop
      vertex 0.15008817224042548 -0.0023057889605485045 0.017722684651905615
      vertex 0.17307248620526916 -0.0016959935206023679 0.016069880814685036
      vertex 0.16541025475995666 -0.0016964304991276763 0.016072022548939104
    endloop
  endfacet
  facet normal 0.0 0.0 0.0
    outer loop
      vertex 0.16541025475995666 -0.0016964304991276763 0.016072022548939104
      vertex 0.17307248620526916 -0.0016959935206023679 0.016069880814685036
      vertex 0.1960614998771442 -0.0012824931500856529 0.014356935784862933
    endloop
  endfacet
  facet normal 0.0 0.0 0.0
    outer loop
      vertex 0.23707694177167551 -0.00309656633974903 0.019264514825470716
      vertex 0.19440537194745672 -0.0020790213824712074 0.017169672143670732
      vertex 0.12736704186933173 -0.0031080140981534416 0.019311600610279433
    endloop
  endfacet
  facet normal 0.0 0.0 0.0
    outer loop
      vertex 0.15008817224042548 -0.0023057889605485045 0.017722684651905615
      vertex 0.19440537194745672 -0.0020790213824712074 0.017169672143670732
      vertex 0.17307248620526916 -0.0016959935206023679 0.016069880814685036
    endloop
  endfacet
  facet normal 0.0 0.0 0.0
    outer loop
      vertex 0.12736704186933173 -0.0031080140981534416 0.019311600610279433
      vertex 0.19440537194745672 -0.0020790213824712074 0.017169672143670732
      vertex 0.15008817224042548 -0.0023057889605485045 0.017722684651905615
    endloop
  endfacet
  facet normal 0.0 0.0 0.0
    outer loop
      vertex 0.1960614998771442 -0.0012824931500856529 0.014356935784862933
      vertex 0.26338034753339423 -0.0016916938677052754 0.01604853360450008
      vertex 0.3570018685294879 -0.0012784713292144118 0.014334485338770119
    endloop
  endfacet
  facet normal 0.0 0.0 0.0
    outer loop
      vertex 0.35700247888105047 -0.003093704400148539 0.019252859367394015
      vertex 0.29704117517011297 -0.002480715240609089 0.01809238466874823
      vertex 0.23707694177167551 -0.00309656633974903 0.019264514825470716
    endloop
  endfacet
  facet normal 0.0 0.0 0.0
    outer loop
      vertex 0.2970410530998005 -0.002212620823105233 0.01749077313525839
      vertex 0.31702847985761295 -0.002212375359859637 0.01748966450455481
      vertex 0.29704099206464424 -0.0020885081323095056 0.017185708176590354
    endloop
  endfacet
  facet normal 0.0 0.0 0.0
    outer loop
      vertex 0.35700229577558173 -0.0022111102800549984 0.017486360191630853
      vertex 0.31702847985761295 -0.002212375359859637 0.01748966450455481
      vertex 0.357002356810738 -0.002479344962270699 0.01808792856674782
    endloop
  endfacet
  facet normal 0.0 0.0 0.0
    outer loop
      vertex 0.357002356810738 -0.002479344962270699 0.01808792856674782
      vertex 0.31702847985761295 -0.002212375359859637 0.01748966450455481
      vertex 0.3570024178458942 -0.0027737309210504398 0.018677140160230966
    endloop
  endfacet
  facet normal 0.0 0.0 0.0
    outer loop
      vertex 0.3570024178458942 -0.0027737309210504398 0.018677140160230966
      vertex 0.31702847985761295 -0.002212375359859637 0.01748966450455481
      vertex 0.35700247888105047 -0.003093704400148539 0.019252859367394015
    endloop
  endfacet
  facet normal 0.0 0.0 0.0
    outer loop
      vertex 0.2970411141349567 -0.0023433745085271267 0.01779304898407937
      vertex 0.31702847985761295 -0.002212375359859637 0.01748966450455481
      vertex 0.2970410530998005 -0.002212620823105233 0.01749077313525839
    endloop
  endfacet
  facet normal 0.0 0.0 0.0
    outer loop
      vertex 0.35700247888105047 -0.003093704400148539 0.019252859367394015
      vertex 0.31702847985761295 -0.002212375359859637 0.01748966450455481
      vertex 0.29704117517011297 -0.002480715240609089 0.01809238466874823
    endloop
  endfacet
  facet normal 0.0 0.0 0.0
    outer loop
      vertex 0.29704117517011297 -0.002480715240609089 0.01809238466874823
      vertex 0.31702847985761295 -0.002212375359859637 0.01748966450455481
      vertex 0.2970411141349567 -0.0023433745085271267 0.01779304898407937
    endloop
  endfacet
  facet normal 0.0 0.0 0.0
    outer loop
      vertex 0.31702847985761295 -0.002212375359859637 0.01748966450455481
      vertex 0.31702841882245675 -0.0020483762403323506 0.017082316899570963
      vertex 0.29704099206464424 -0.0020885081323095056 0.017185708176590354
    endloop
  endfacet
  facet normal 0.0 0.0 0.0
    outer loop
      vertex 0.3570021737052692 -0.001969539380081229 0.01687359491615109
      vertex 0.31702841882245675 -0.0020483762403323506 0.017082316899570963
      vertex 0.35700229577558173 -0.0022111102800549984 0.017486360191630853
    endloop
  endfacet
  facet normal 0.0 0.0 0.0
    outer loop
      vertex 0.29704099206464424 -0.0020885081323095056 0.017185708176590354
      vertex 0.31702841882245675 -0.0020483762403323506 0.017082316899570963
      vertex 0.2970408699943317 -0.0019710903841060343 0.016878005162380326
    endloop
  endfacet
  facet normal 0.0 0.0 0.0
    outer loop
      vertex 0.35700229577558173 -0.0022111102800549984 0.017486360191630853
      vertex 0.31702841882245675 -0.0020483762403323506 0.017082316899570963
      vertex 0.31702847985761295 -0.002212375359859637 0.01748966450455481
    endloop
  endfacet
  facet normal 0.0 0.0 0.0
    outer loop
      vertex 0.357002112670113 -0.0017551043070527159 0.016250816898164294
      vertex 0.3170283577873005 -0.001896318503099959 0.016670359440884384
      vertex 0.3570021737052692 -0.001969539380081229 0.01687359491615109
    endloop
  endfacet
  facet normal 0.0 0.0 0.0
    outer loop
      vertex 0.31702841882245675 -0.0020483762403323506 0.017082316899570963
      vertex 0.3170283577873005 -0.001896318503099959 0.016670359440884384
      vertex 0.2970408699943317 -0.0019710903841060343 0.016878005162380326
    endloop
  endfacet
  facet normal 0.0 0.0 0.0
    outer loop
      vertex 0.3570021737052692 -0.001969539380081229 0.01687359491615109
      vertex 0.3170283577873005 -0.001896318503099959 0.016670359440884384
      vertex 0.31702841882245675 -0.0020483762403323506 0.017082316899570963
    endloop
  endfacet
  facet normal 0.0 0.0 0.0
    outer loop
      vertex 0.3570018685294879 -0.0012784713292144118 0.014334485338770119
      vertex 0.3170282967521442 -0.0017563181362895647 0.016254156277266212
      vertex 0.3570019905998005 -0.0014092385016278275 0.01498003479324517
    endloop
  endfacet
  facet normal 0.0 0.0 0.0
    outer loop
      vertex 0.3570019905998005 -0.0014092385016278275 0.01498003479324517
      vertex 0.3170282967521442 -0.0017563181362895647 0.016254156277266212
      vertex 0.35700205163495674 -0.0015682177629100734 0.015619226479916051
    endloop
  endfacet
  facet normal 0.0 0.0 0.0
    outer loop
      vertex 0.35700205163495674 -0.0015682177629100734 0.015619226479916051
      vertex 0.3170282967521442 -0.0017563181362895647 0.016254156277266212
      vertex 0.357002112670113 -0.0017551043070527159 0.016250816898164294
    endloop
  endfacet
  facet normal 0.0 0.0 0.0
    outer loop
      vertex 0.357002112670113 -0.0017551043070527159 0.016250816898164294
      vertex 0.3170282967521442 -0.0017563181362895647 0.016254156277266212
      vertex 0.3170283577873005 -0.001896318503099959 0.016670359440884384
    endloop
  endfacet
  facet normal 0.0 0.0 0.0
    outer loop
      vertex 0.2970408699943317 -0.0019710903841060343 0.016878005162380326
      vertex 0.3170282967521442 -0.0017563181362895647 0.016254156277266212
      vertex 0.26338034753339423 -0.0016916938677052754 0.01604853360450008
    endloop
  endfacet
  facet normal 0.0 0.0 0.0
    outer loop
      vertex 0.3170283577873005 -0.001896318503099959 0.016670359440884384
      vertex 0.3170282967521442 -0.0017563181362895647 0.016254156277266212
      vertex 0.2970408699943317 -0.0019710903841060343 0.016878005162380326
    endloop
  endfacet
  facet normal 0.0 0.0 0.0
    outer loop
      vertex 0.26338034753339423 -0.0016916938677052754 0.01604853360450008
      vertex 0.3170282967521442 -0.0017563181362895647 0.016254156277266212
      vertex 0.3570018685294879 -0.0012784713292144118 0.014334485338770119
    endloop
  endfacet
  facet normal 0.0 0.0 0.0
    outer loop
      vertex -0.001609093384574718 -0.0005533729013331659 0.008491667055361585
      vertex 0.0017457650138627816 -0.0004958562772821296 0.008404036676636828
      vertex -0.001575401978324723 -0.0004875725670883817 0.008171140609611022
    endloop
  endfacet
  facet normal 0.0 0.0 0.0
    outer loop
      vertex -0.0015417105720747285 -0.0004288367190036007 0.0078492573725132
      vertex 0.0017457650138627816 -0.0004958562772821296 0.008404036676636828
      vertex 0.002055884642769008 -0.000301433202276165 0.00698338172711211
    endloop
  endfacet
  facet normal 0.0 0.0 0.0
    outer loop
      vertex -0.001575401978324723 -0.0004875725670883817 0.008171140609611022
      vertex 0.0017457650138627816 -0.0004958562772821296 0.008404036676636828
      vertex -0.0015417105720747285 -0.0004288367190036007 0.0078492573725132
    endloop
  endfacet
  facet normal 0.0 0.0 0.0
    outer loop
      vertex 0.0014366219474565537 -0.0008293922750562439 0.009798858642597458
      vertex 0.0017457650138627816 -0.0004958562772821296 0.008404036676636828
      vertex -0.001609093384574718 -0.0005533729013331659 0.008491667055361585
    endloop
  endfacet
  facet normal 0.0 0.0 0.0
    outer loop
      vertex 0.004856848998237793 -0.000593823086310449 0.009069692538075038
      vertex 0.0017457650138627816 -0.0004958562772821296 0.008404036676636828
      vertex 0.0014366219474565537 -0.0008293922750562439 0.009798858642597458
    endloop
  endfacet
  facet normal 0.0 0.0 0.0
    outer loop
      vertex 0.002055884642769008 -0.000301433202276165 0.00698338172711211
      vertex 0.0017457650138627816 -0.0004958562772821296 0.008404036676636828
      vertex 0.004856848998237793 -0.000593823086310449 0.009069692538075038
    endloop
  endfacet
  facet normal 0.0 0.0 0.0
    outer loop
      vertex 0.008242957396675353 -0.0017771366564031802 0.012802150007242137
      vertex 0.004834571166206578 -0.0012547692903087135 0.011324946799657813
      vertex -0.005413780884574678 -0.0015281640954812313 0.01114916004953918
    endloop
  endfacet
  facet normal 0.0 0.0 0.0
    outer loop
      vertex 0.007669837279487826 -0.0011020668748815182 0.01110239255773211
      vertex 0.004834571166206578 -0.0012547692903087135 0.011324946799657813
      vertex 0.008242957396675353 -0.0017771366564031802 0.012802150007242137
    endloop
  endfacet
  facet normal 0.0 0.0 0.0
    outer loop
      vertex -0.005413780884574678 -0.0015281640954812313 0.01114916004953918
      vertex 0.004834571166206578 -0.0012547692903087135 0.011324946799657813
      vertex 0.0014366219474565537 -0.0008293922750562439 0.009798858642597458
    endloop
  endfacet
  facet normal 0.0 0.0 0.0
    outer loop
      vertex 0.005849097533394045 -0.0006071698131220966 0.009187622791956382
      vertex 0.004834571166206578 -0.0012547692903087135 0.011324946799657813
      vertex 0.007669837279487826 -0.0011020668748815182 0.01110239255773211
    endloop
  endfacet
  facet normal 0.0 0.0 0.0
    outer loop
      vertex 0.0014366219474565537 -0.0008293922750562439 0.009798858642597458
      vertex 0.004834571166206578 -0.0012547692903087135 0.011324946799657813
      vertex 0.004856848998237793 -0.000593823086310449 0.009069692538075038
    endloop
  endfacet
  facet normal 0.0 0.0 0.0
    outer loop
      vertex 0.004856848998237793 -0.000593823086310449 0.009069692538075038
      vertex 0.004834571166206578 -0.0012547692903087135 0.011324946799657813
      vertex 0.005849097533394045 -0.0006071698131220966 0.009187622791956382
    endloop
  endfacet
  facet normal 0.0 0.0 0.0
    outer loop
      vertex 0.008242957396675353 -0.0017771366564031802 0.012802150007242137
      vertex 0.008425025267769084 -0.0012627886554686016 0.01160489628271075
      vertex 0.007669837279487826 -0.0011020668748815182 0.01110239255773211
    endloop
  endfacet
  facet normal 0.0 0.0 0.0
    outer loop
      vertex 0.007669837279487826 -0.0011020668748815182 0.01110239255773211
      vertex 0.008425025267769084 -0.0012627886554686016 0.01160489628271075
      vertex 0.008296485228706567 -0.0009329373037787016 0.010613998923285316
    endloop
  endfacet
  facet normal 0.0 0.0 0.0
    outer loop
      vertex 0.008296485228706567 -0.0009329373037787016 0.010613998923285316
      vertex 0.008425025267769084 -0.0012627886554686016 0.01160489628271075
      vertex 0.008609778685737814 -0.000856169348027021 0.010367273295151264
    endloop
  endfacet
  facet normal 0.0 0.0 0.0
    outer loop
      vertex 0.012599952025581578 -0.000998691782252334 0.01109983542413917
      vertex 0.008425025267769084 -0.0012627886554686016 0.01160489628271075
      vertex 0.008242957396675353 -0.0017771366564031802 0.012802150007242137
    endloop
  endfacet
  facet normal 0.0 0.0 0.0
    outer loop
      vertex 0.00783383874433155 -0.0006340251106436758 0.009420359712482234
      vertex 0.008796302123237796 -0.0005599707375865241 0.009098937730494498
      vertex 0.008983619017769022 -0.00037690101204503003 0.007809540879874653
    endloop
  endfacet
  facet normal 0.0 0.0 0.0
    outer loop
      vertex 0.008162146849800302 -0.0006384866074396474 0.009458457766137773
      vertex 0.008796302123237796 -0.0005599707375865241 0.009098937730494498
      vertex 0.00783383874433155 -0.0006340251106436758 0.009420359712482234
    endloop
  endfacet
  facet normal 0.0 0.0 0.0
    outer loop
      vertex 0.008609778685737814 -0.000856169348027021 0.010367273295151264
      vertex 0.008796302123237796 -0.0005599707375865241 0.009098937730494498
      vertex 0.008326331420112802 -0.0006407200532359374 0.009477463634592667
    endloop
  endfacet
  facet normal 0.0 0.0 0.0
    outer loop
      vertex 0.008326331420112802 -0.0006407200532359374 0.009477463634592667
      vertex 0.008796302123237796 -0.0005599707375865241 0.009098937730494498
      vertex 0.008162146849800302 -0.0006384866074396474 0.009458457766137773
    endloop
  endfacet
  facet normal 0.0 0.0 0.0
    outer loop
      vertex 0.008425025267769084 -0.0012627886554686016 0.01160489628271075
      vertex 0.010062598509956555 -0.000685645222000681 0.009772475389779064
      vertex 0.008609778685737814 -0.000856169348027021 0.010367273295151264
    endloop
  endfacet
  facet normal 0.0 0.0 0.0
    outer loop
      vertex 0.012599952025581578 -0.000998691782252334 0.01109983542413917
      vertex 0.010062598509956555 -0.000685645222000681 0.009772475389779064
      vertex 0.008425025267769084 -0.0012627886554686016 0.01160489628271075
    endloop
  endfacet
  facet normal 0.0 0.0 0.0
    outer loop
      vertex 0.008609778685737814 -0.000856169348027021 0.010367273295151264
      vertex 0.010062598509956555 -0.000685645222000681 0.009772475389779064
      vertex 0.008796302123237796 -0.0005599707375865241 0.009098937730494498
    endloop
  endfacet
  facet normal 0.0 0.0 0.0
    outer loop
      vertex 0.008796302123237796 -0.0005599707375865241 0.009098937730494498
      vertex 0.010062598509956555 -0.000685645222000681 0.009772475389779064
      vertex 0.008983619017769022 -0.00037690101204503003 0.007809540879874653
    endloop
  endfacet
  facet normal 0.0 0.0 0.0
    outer loop
      vertex 0.010062598509956555 -0.000685645222000681 0.009772475389779064
      vertex 0.010788550658394052 -0.0006140346918075838 0.009471068103212186
      vertex 0.008983619017769022 -0.00037690101204503003 0.007809540879874653
    endloop
  endfacet
  facet normal 0.0 0.0 0.0
    outer loop
      vertex 0.012599952025581578 -0.000998691782252334 0.01109983542413917
      vertex 0.010788550658394052 -0.0006140346918075838 0.009471068103212186
      vertex 0.010062598509956555 -0.000685645222000681 0.009772475389779064
    endloop
  endfacet
  facet normal 0.0 0.0 0.0
    outer loop
      vertex 0.010788550658394052 -0.0006140346918075838 0.009471068103212186
      vertex 0.012117224974800306 -0.0006513990531242583 0.009716590691702314
      vertex 0.008983619017769022 -0.00037690101204503003 0.007809540879874653
    endloop
  endfacet
  facet normal 0.0 0.0 0.0
    outer loop
      vertex 0.012599952025581578 -0.000998691782252334 0.01109983542413917
      vertex 0.012117224974800306 -0.0006513990531242583 0.009716590691702314
      vertex 0.010788550658394052 -0.0006140346918075838 0.009471068103212186
    endloop
  endfacet
  facet normal 0.0 0.0 0.0
    outer loop
      vertex 0.008983619017769022 -0.00037690101204503003 0.007809540879874653
      vertex 0.012117224974800306 -0.0006513990531242583 0.009716590691702314
      vertex 0.014775672240425315 -0.0007292216916130956 0.010201477708352943
    endloop
  endfacet
  facet normal 0.0 0.0 0.0
    outer loop
      vertex 0.014775672240425315 -0.0007292216916130956 0.010201477708352943
      vertex 0.012117224974800306 -0.0006513990531242583 0.009716590691702314
      vertex 0.012599952025581578 -0.000998691782252334 0.01109983542413917
    endloop
  endfacet
  facet normal 0.0 0.0 0.0
    outer loop
      vertex 0.021916358275581627 -0.00202636277276577 0.014260403991735785
      vertex 0.017251685424019104 -0.001463526339905922 0.012710988734136432
      vertex 0.008242957396675353 -0.0017771366564031802 0.012802150007242137
    endloop
  endfacet
  facet normal 0.0 0.0 0.0
    outer loop
      vertex 0.0205905526115191 -0.0013096235822331402 0.012507119370267357
      vertex 0.017251685424019104 -0.001463526339905922 0.012710988734136432
      vertex 0.021916358275581627 -0.00202636277276577 0.014260403991735785
    endloop
  endfacet
  facet normal 0.0 0.0 0.0
    outer loop
      vertex 0.008242957396675353 -0.0017771366564031802 0.012802150007242137
      vertex 0.017251685424019104 -0.001463526339905922 0.012710988734136432
      vertex 0.012599952025581578 -0.000998691782252334 0.01109983542413917
    endloop
  endfacet
  facet normal 0.0 0.0 0.0
    outer loop
      vertex 0.012599952025581578 -0.000998691782252334 0.01109983542413917
      vertex 0.017251685424019104 -0.001463526339905922 0.012710988734136432
      vertex 0.014775672240425315 -0.0007292216916130956 0.010201477708352943
    endloop
  endfacet
  facet normal 0.0 0.0 0.0
    outer loop
      vertex 0.014775672240425315 -0.0007292216916130956 0.010201477708352943
      vertex 0.017251685424019104 -0.001463526339905922 0.012710988734136432
      vertex 0.01676193933026907 -0.0007567000881430604 0.010415621462364516
    endloop
  endfacet
  facet normal 0.0 0.0 0.0
    outer loop
      vertex 0.01676193933026907 -0.0007567000881430604 0.010415621462364516
      vertex 0.017251685424019104 -0.001463526339905922 0.012710988734136432
      vertex 0.020735389037300326 -0.0008117971459148307 0.010831598044525024
    endloop
  endfacet
  facet normal 0.0 0.0 0.0
    outer loop
      vertex 0.020735389037300326 -0.0008117971459148307 0.010831598044525024
      vertex 0.017251685424019104 -0.001463526339905922 0.012710988734136432
      vertex 0.0205905526115191 -0.0013096235822331402 0.012507119370267357
    endloop
  endfacet
  facet normal 0.0 0.0 0.0
    outer loop
      vertex 0.0213228524162066 -0.0013213464752653587 0.012581508220714284
      vertex 0.021801184935737856 -0.0014850057226062558 0.013042086283843023
      vertex 0.02168894128339409 -0.0010515688812193736 0.011781076852981815
    endloop
  endfacet
  facet normal 0.0 0.0 0.0
    outer loop
      vertex 0.021916358275581627 -0.00202636277276577 0.014260403991735785
      vertex 0.021801184935737856 -0.0014850057226062558 0.013042086283843023
      vertex 0.0210787117912066 -0.0013174379451218509 0.012556775775658521
    endloop
  endfacet
  facet normal 0.0 0.0 0.0
    outer loop
      vertex 0.0210787117912066 -0.0013174379451218509 0.012556775775658521
      vertex 0.021801184935737856 -0.0014850057226062558 0.013042086283843023
      vertex 0.0213228524162066 -0.0013213464752653587 0.012581508220714284
    endloop
  endfacet
  facet normal 0.0 0.0 0.0
    outer loop
      vertex 0.021916358275581627 -0.00202636277276577 0.014260403991735785
      vertex 0.023093665404487852 -0.0013164426051474312 0.012666956404210453
      vertex 0.021801184935737856 -0.0014850057226062558 0.013042086283843023
    endloop
  endfacet
  facet normal 0.0 0.0 0.0
    outer loop
      vertex 0.021801184935737856 -0.0014850057226062558 0.013042086283843023
      vertex 0.023093665404487852 -0.0013164426051474312 0.012666956404210453
      vertex 0.02168894128339409 -0.0010515688812193736 0.011781076852981815
    endloop
  endfacet
  facet normal 0.0 0.0 0.0
    outer loop
      vertex 0.027788184447456614 -0.0014240418235218328 0.013214328652589358
      vertex 0.02379703454511286 -0.001464187202490617 0.013103818941444289
      vertex 0.021916358275581627 -0.00202636277276577 0.014260403991735785
    endloop
  endfacet
  facet normal 0.0 0.0 0.0
    outer loop
      vertex 0.023093665404487852 -0.0013164426051474312 0.012666956404210453
      vertex 0.02379703454511286 -0.001464187202490617 0.013103818941444289
      vertex 0.025676551146675348 -0.0010285708632735515 0.011894577978846797
    endloop
  endfacet
  facet normal 0.0 0.0 0.0
    outer loop
      vertex 0.025676551146675348 -0.0010285708632735515 0.011894577978846797
      vertex 0.02379703454511286 -0.001464187202490617 0.013103818941444289
      vertex 0.027788184447456614 -0.0014240418235218328 0.013214328652589358
    endloop
  endfacet
  facet normal 0.0 0.0 0.0
    outer loop
      vertex 0.021916358275581627 -0.00202636277276577 0.014260403991735785
      vertex 0.02379703454511286 -0.001464187202490617 0.013103818941444289
      vertex 0.023093665404487852 -0.0013164426051474312 0.012666956404210453
    endloop
  endfacet
  facet normal 0.0 0.0 0.0
    outer loop
      vertex 0.025676551146675348 -0.0010285708632735515 0.011894577978846797
      vertex 0.02157889489667532 -0.0007289654387741936 0.010487118701828734
      vertex 0.023093665404487852 -0.0013164426051474312 0.012666956404210453
    endloop
  endfacet
  facet normal 0.0 0.0 0.0
    outer loop
      vertex 0.023093665404487852 -0.0013164426051474312 0.012666956404210453
      vertex 0.02157889489667532 -0.0007289654387741936 0.010487118701828734
      vertex 0.02168894128339409 -0.0010515688812193736 0.011781076852981815
    endloop
  endfacet
  facet normal 0.0 0.0 0.0
    outer loop
      vertex 0.021470191283394047 -0.0005201004932448781 0.009169957530458645
      vertex 0.02157889489667532 -0.0007289654387741936 0.010487118701828734
      vertex 0.025676551146675348 -0.0010285708632735515 0.011894577978846797
    endloop
  endfacet
  facet normal 0.0 0.0 0.0
    outer loop
      vertex 0.020735389037300326 -0.0008117971459148307 0.010831598044525024
      vertex 0.02157889489667532 -0.0007289654387741936 0.010487118701828734
      vertex 0.021470191283394047 -0.0005201004932448781 0.009169957530458645
    endloop
  endfacet
  facet normal 0.0 0.0 0.0
    outer loop
      vertex 0.021370887084175335 -0.0009659183928503206 0.011466223035866039
      vertex 0.02157889489667532 -0.0007289654387741936 0.010487118701828734
      vertex 0.020735389037300326 -0.0008117971459148307 0.010831598044525024
    endloop
  endfacet
  facet normal 0.0 0.0 0.0
    outer loop
      vertex 0.02168894128339409 -0.0010515688812193736 0.011781076852981815
      vertex 0.02157889489667532 -0.0007289654387741936 0.010487118701828734
      vertex 0.021370887084175335 -0.0009659183928503206 0.011466223035866039
    endloop
  endfacet
  facet normal 0.0 0.0 0.0
    outer loop
      vertex 0.029699622435737868 -0.001454042287466689 0.013393203923767015
      vertex 0.029818518920112846 -0.00098517511934761 0.011910794737454562
      vertex 0.027788184447456614 -0.0014240418235218328 0.013214328652589358
    endloop
  endfacet
  facet normal 0.0 0.0 0.0
    outer loop
      vertex 0.021470191283394047 -0.0005201004932448781 0.009169957530458645
      vertex 0.029818518920112846 -0.00098517511934761 0.011910794737454562
      vertex 0.034074256224800314 -0.0006675079158000558 0.010378208547878062
    endloop
  endfacet
  facet normal 0.0 0.0 0.0
    outer loop
      vertex 0.025676551146675348 -0.0010285708632735515 0.011894577978846797
      vertex 0.029818518920112846 -0.00098517511934761 0.011910794737454562
      vertex 0.021470191283394047 -0.0005201004932448781 0.009169957530458645
    endloop
  endfacet
  facet normal 0.0 0.0 0.0
    outer loop
      vertex 0.027788184447456614 -0.0014240418235218328 0.013214328652589358
      vertex 0.029818518920112846 -0.00098517511934761 0.011910794737454562
      vertex 0.025676551146675348 -0.0010285708632735515 0.011894577978846797
    endloop
  endfacet
  facet normal 0.0 0.0 0.0
    outer loop
      vertex 0.029699622435737868 -0.001454042287466689 0.013393203923767015
      vertex 0.031888892455269095 -0.0009655407570877328 0.011911736129462867
      vertex 0.029818518920112846 -0.00098517511934761 0.011910794737454562
    endloop
  endfacet
  facet normal 0.0 0.0 0.0
    outer loop
      vertex 0.03352316979901913 -0.001513398537161577 0.013739843882505284
      vertex 0.031888892455269095 -0.0009655407570877328 0.011911736129462867
      vertex 0.029699622435737868 -0.001454042287466689 0.013393203923767015
    endloop
  endfacet
  facet normal 0.0 0.0 0.0
    outer loop
      vertex 0.029818518920112846 -0.00098517511934761 0.011910794737454562
      vertex 0.031888892455269095 -0.0009655407570877328 0.011911736129462867
      vertex 0.034074256224800314 -0.0006675079158000558 0.010378208547878062
    endloop
  endfacet
  facet normal 0.0 0.0 0.0
    outer loop
      vertex 0.034074256224800314 -0.0006675079158000558 0.010378208547878062
      vertex 0.03247562341230035 -0.0009735223586713352 0.011965012443378931
      vertex 0.033649146361519104 -0.0009894370086690571 0.012070523875465448
    endloop
  endfacet
  facet normal 0.0 0.0 0.0
    outer loop
      vertex 0.033649146361519104 -0.0009894370086690571 0.012070523875465448
      vertex 0.03247562341230035 -0.0009735223586713352 0.011965012443378931
      vertex 0.03352316979901913 -0.001513398537161577 0.013739843882505284
    endloop
  endfacet
  facet normal 0.0 0.0 0.0
    outer loop
      vertex 0.03352316979901913 -0.001513398537161577 0.013739843882505284
      vertex 0.03247562341230035 -0.0009735223586713352 0.011965012443378931
      vertex 0.031888892455269095 -0.0009655407570877328 0.011911736129462867
    endloop
  endfacet
  facet normal 0.0 0.0 0.0
    outer loop
      vertex 0.031888892455269095 -0.0009655407570877328 0.011911736129462867
      vertex 0.03247562341230035 -0.0009735223586713352 0.011965012443378931
      vertex 0.034074256224800314 -0.0006675079158000558 0.010378208547878062
    endloop
  endfacet
  facet normal 0.0 0.0 0.0
    outer loop
      vertex 0.03454086999433161 -0.0011555832572468887 0.012716407807330268
      vertex 0.0345297615958941 -0.0009002610207157717 0.01172007788771917
      vertex 0.033649146361519104 -0.0009894370086690571 0.012070523875465448
    endloop
  endfacet
  facet normal 0.0 0.0 0.0
    outer loop
      vertex 0.033649146361519104 -0.0009894370086690571 0.012070523875465448
      vertex 0.0345297615958941 -0.0009002610207157717 0.01172007788771917
      vertex 0.034074256224800314 -0.0006675079158000558 0.010378208547878062
    endloop
  endfacet
  facet normal 0.0 0.0 0.0
    outer loop
      vertex 0.03498722009198787 -0.0012472624308269395 0.013036588986097818
      vertex 0.0358564217521441 -0.0010191758249783573 0.012265170834530664
      vertex 0.03454086999433161 -0.0011555832572468887 0.012716407807330268
    endloop
  endfacet
  facet normal 0.0 0.0 0.0
    outer loop
      vertex 0.03454086999433161 -0.0011555832572468887 0.012716407807330268
      vertex 0.0358564217521441 -0.0010191758249783573 0.012265170834530664
      vertex 0.0345297615958941 -0.0009002610207157717 0.01172007788771917
    endloop
  endfacet
  facet normal 0.0 0.0 0.0
    outer loop
      vertex 0.03764597253339413 -0.0015762101540847838 0.014097027971216609
      vertex 0.0358564217521441 -0.0010191758249783573 0.012265170834530664
      vertex 0.03498722009198787 -0.0012472624308269395 0.013036588986097818
    endloop
  endfacet
  facet normal 0.0 0.0 0.0
    outer loop
      vertex 0.0358564217521441 -0.0010191758249783573 0.012265170834530664
      vertex 0.0362907479240191 -0.0009231079843565704 0.01187444999269696
      vertex 0.0345297615958941 -0.0009002610207157717 0.01172007788771917
    endloop
  endfacet
  facet normal 0.0 0.0 0.0
    outer loop
      vertex 0.03764597253339413 -0.0015762101540847838 0.014097027971216609
      vertex 0.0362907479240191 -0.0009231079843565704 0.01187444999269696
      vertex 0.0358564217521441 -0.0010191758249783573 0.012265170834530664
    endloop
  endfacet
  facet normal 0.0 0.0 0.0
    outer loop
      vertex 0.038513282103706616 -0.0012975365404299098 0.013339253260274613
      vertex 0.0362907479240191 -0.0009231079843565704 0.01187444999269696
      vertex 0.03764597253339413 -0.0015762101540847838 0.014097027971216609
    endloop
  endfacet
  facet normal 0.0 0.0 0.0
    outer loop
      vertex 0.041272193236519115 -0.0010908510927308086 0.012721840367515808
      vertex 0.0362907479240191 -0.0009231079843565704 0.01187444999269696
      vertex 0.038513282103706616 -0.0012975365404299098 0.013339253260274613
    endloop
  endfacet
  facet normal 0.0 0.0 0.0
    outer loop
      vertex 0.034074256224800314 -0.0006675079158000558 0.010378208547878062
      vertex 0.0362907479240191 -0.0009231079843565704 0.01187444999269696
      vertex 0.041272193236519115 -0.0010908510927308086 0.012721840367515808
    endloop
  endfacet
  facet normal 0.0 0.0 0.0
    outer loop
      vertex 0.0345297615958941 -0.0009002610207157717 0.01172007788771917
      vertex 0.0362907479240191 -0.0009231079843565704 0.01187444999269696
      vertex 0.034074256224800314 -0.0006675079158000558 0.010378208547878062
    endloop
  endfacet
  facet normal 0.0 0.0 0.0
    outer loop
      vertex 0.0359106820060504 -0.00227158595004419 0.015554278523541177
      vertex 0.040742408080269146 -0.0017872168338680483 0.014762211787951496
      vertex 0.03764597253339413 -0.0015762101540847838 0.014097027971216609
    endloop
  endfacet
  facet normal 0.0 0.0 0.0
    outer loop
      vertex 0.04297849206464416 -0.002388496587366425 0.016133005329813842
      vertex 0.040742408080269146 -0.0017872168338680483 0.014762211787951496
      vertex 0.0359106820060504 -0.00227158595004419 0.015554278523541177
    endloop
  endfacet
  facet normal 0.0 0.0 0.0
    outer loop
      vertex 0.03764597253339413 -0.0015762101540847838 0.014097027971216609
      vertex 0.040742408080269146 -0.0017872168338680483 0.014762211787951496
      vertex 0.038513282103706616 -0.0012975365404299098 0.013339253260274613
    endloop
  endfacet
  facet normal 0.0 0.0 0.0
    outer loop
      vertex 0.038513282103706616 -0.0012975365404299098 0.013339253260274613
      vertex 0.04091867761151913 -0.0015217550771095781 0.014093683197318725
      vertex 0.041272193236519115 -0.0010908510927308086 0.012721840367515808
    endloop
  endfacet
  facet normal 0.0 0.0 0.0
    outer loop
      vertex 0.040742408080269146 -0.0017872168338680483 0.014762211787951496
      vertex 0.04091867761151913 -0.0015217550771095781 0.014093683197318725
      vertex 0.038513282103706616 -0.0012975365404299098 0.013339253260274613
    endloop
  endfacet
  facet normal 0.0 0.0 0.0
    outer loop
      vertex 0.04297849206464416 -0.002388496587366425 0.016133005329813842
      vertex 0.04212247399823789 -0.0016427279962786452 0.014465492579638169
      vertex 0.040742408080269146 -0.0017872168338680483 0.014762211787951496
    endloop
  endfacet
  facet normal 0.0 0.0 0.0
    outer loop
      vertex 0.040742408080269146 -0.0017872168338680483 0.014762211787951496
      vertex 0.04212247399823789 -0.0016427279962786452 0.014465492579638169
      vertex 0.04091867761151913 -0.0015217550771095781 0.014093683197318725
    endloop
  endfacet
  facet normal 0.0 0.0 0.0
    outer loop
      vertex 0.04091867761151913 -0.0015217550771095781 0.014093683197318725
      vertex 0.04212247399823789 -0.0016427279962786452 0.014465492579638169
      vertex 0.041272193236519115 -0.0010908510927308086 0.012721840367515808
    endloop
  endfacet
  facet normal 0.0 0.0 0.0
    outer loop
      vertex 0.044776099486519144 -0.0016811955935019504 0.014674468118497931
      vertex 0.043006995482612886 -0.001655635047166629 0.014535929741568712
      vertex 0.04297849206464416 -0.002388496587366425 0.016133005329813842
    endloop
  endfacet
  facet normal 0.0 0.0 0.0
    outer loop
      vertex 0.041272193236519115 -0.0010908510927308086 0.012721840367515808
      vertex 0.043006995482612886 -0.001655635047166629 0.014535929741568712
      vertex 0.04488053063886288 -0.0013856902144257618 0.013854081398107317
    endloop
  endfacet
  facet normal 0.0 0.0 0.0
    outer loop
      vertex 0.04488053063886288 -0.0013856902144257618 0.013854081398107317
      vertex 0.043006995482612886 -0.001655635047166629 0.014535929741568712
      vertex 0.044776099486519144 -0.0016811955935019504 0.014674468118497931
    endloop
  endfacet
  facet normal 0.0 0.0 0.0
    outer loop
      vertex 0.04297849206464416 -0.002388496587366425 0.016133005329813842
      vertex 0.043006995482612886 -0.001655635047166629 0.014535929741568712
      vertex 0.04212247399823789 -0.0016427279962786452 0.014465492579638169
    endloop
  endfacet
  facet normal 0.0 0.0 0.0
    outer loop
      vertex 0.04212247399823789 -0.0016427279962786452 0.014465492579638169
      vertex 0.043006995482612886 -0.001655635047166629 0.014535929741568712
      vertex 0.041272193236519115 -0.0010908510927308086 0.012721840367515808
    endloop
  endfacet
  facet normal 0.0 0.0 0.0
    outer loop
      vertex 0.041272193236519115 -0.0010908510927308086 0.012721840367515808
      vertex 0.04583115319745661 -0.001043379579966472 0.012656220758957358
      vertex 0.04678061608808159 -0.0008112576662540629 0.011431833904879011
    endloop
  endfacet
  facet normal 0.0 0.0 0.0
    outer loop
      vertex 0.04488053063886288 -0.0013856902144257618 0.013854081398107317
      vertex 0.04583115319745661 -0.001043379579966472 0.012656220758957358
      vertex 0.041272193236519115 -0.0010908510927308086 0.012721840367515808
    endloop
  endfacet
  facet normal 0.0 0.0 0.0
    outer loop
      vertex 0.04544461755292537 -0.0013049247143865214 0.013617956545310722
      vertex 0.04583115319745661 -0.001043379579966472 0.012656220758957358
      vertex 0.04488053063886288 -0.0013856902144257618 0.013854081398107317
    endloop
  endfacet
  facet normal 0.0 0.0 0.0
    outer loop
      vertex 0.046572242064644116 -0.0011587392132634627 0.01314016368620138
      vertex 0.04583115319745661 -0.001043379579966472 0.012656220758957358
      vertex 0.04544461755292537 -0.0013049247143865214 0.013617956545310722
    endloop
  endfacet
  facet normal 0.0 0.0 0.0
    outer loop
      vertex 0.04678061608808159 -0.0008112576662540629 0.011431833904879011
      vertex 0.04583115319745661 -0.001043379579966472 0.012656220758957358
      vertex 0.046572242064644116 -0.0011587392132634627 0.01314016368620138
    endloop
  endfacet
  facet normal 0.0 0.0 0.0
    outer loop
      vertex 0.04779581384198788 -0.0013357047264414366 0.013796737407547706
      vertex 0.047593116088081616 -0.0010647861329125608 0.012790594352904127
      vertex 0.046572242064644116 -0.0011587392132634627 0.01314016368620138
    endloop
  endfacet
  facet normal 0.0 0.0 0.0
    outer loop
      vertex 0.04678061608808159 -0.0008112576662540629 0.011431833904879011
      vertex 0.047593116088081616 -0.0010647861329125608 0.012790594352904127
      vertex 0.052107276244331646 -0.001390564413162398 0.014110288381282246
    endloop
  endfacet
  facet normal 0.0 0.0 0.0
    outer loop
      vertex 0.052107276244331646 -0.001390564413162398 0.014110288381282246
      vertex 0.047593116088081616 -0.0010647861329125608 0.012790594352904127
      vertex 0.048408118529487884 -0.0014327867888257995 0.014121868312204378
    endloop
  endfacet
  facet normal 0.0 0.0 0.0
    outer loop
      vertex 0.048408118529487884 -0.0014327867888257995 0.014121868312204378
      vertex 0.047593116088081616 -0.0010647861329125608 0.012790594352904127
      vertex 0.04779581384198788 -0.0013357047264414366 0.013796737407547706
    endloop
  endfacet
  facet normal 0.0 0.0 0.0
    outer loop
      vertex 0.046572242064644116 -0.0011587392132634627 0.01314016368620138
      vertex 0.047593116088081616 -0.0010647861329125608 0.012790594352904127
      vertex 0.04678061608808159 -0.0008112576662540629 0.011431833904879011
    endloop
  endfacet
  facet normal 0.0 0.0 0.0
    outer loop
      vertex 0.05004795007245668 -0.0024990737334692286 0.01666253159100883
      vertex 0.05107761315839416 -0.0018804389192784532 0.015414097431044101
      vertex 0.04830612878339415 -0.0017311163439270051 0.014941615749196778
    endloop
  endfacet
  facet normal 0.0 0.0 0.0
    outer loop
      vertex 0.04830612878339415 -0.0017311163439270051 0.014941615749196778
      vertex 0.05107761315839416 -0.0018804389192784532 0.015414097431044101
      vertex 0.048408118529487884 -0.0014327867888257995 0.014121868312204378
    endloop
  endfacet
  facet normal 0.0 0.0 0.0
    outer loop
      vertex 0.048408118529487884 -0.0014327867888257995 0.014121868312204378
      vertex 0.05107761315839416 -0.0018804389192784532 0.015414097431044101
      vertex 0.052107276244331646 -0.001390564413162398 0.014110288381282246
    endloop
  endfacet
  facet normal 0.0 0.0 0.0
    outer loop
      vertex 0.054779517455269156 -0.0018186064579399028 0.015399469440037663
      vertex 0.05107761315839416 -0.0018804389192784532 0.015414097431044101
      vertex 0.05004795007245668 -0.0024990737334692286 0.01666253159100883
    endloop
  endfacet
  facet normal 0.0 0.0 0.0
    outer loop
      vertex 0.052107276244331646 -0.001390564413162398 0.014110288381282246
      vertex 0.05107761315839416 -0.0018804389192784532 0.015414097431044101
      vertex 0.054779517455269156 -0.0018186064579399028 0.015399469440037663
    endloop
  endfacet
  facet normal 0.0 0.0 0.0
    outer loop
      vertex 0.06285398034589419 -0.0026803281099517483 0.017497095836888705
      vertex 0.06236392907636292 -0.0020863960694353797 0.016287649872020096
      vertex 0.061174536986519173 -0.0018994798539113766 0.015811130184910614
    endloop
  endfacet
  facet normal 0.0 0.0 0.0
    outer loop
      vertex 0.061174536986519173 -0.0018994798539113766 0.015811130184910614
      vertex 0.06236392907636292 -0.0020863960694353797 0.016287649872020096
      vertex 0.06187644128339416 -0.0015989357348020184 0.01503065416983629
    endloop
  endfacet
  facet normal 0.0 0.0 0.0
    outer loop
      vertex 0.06285398034589419 -0.0026803281099517483 0.017497095836888705
      vertex 0.06337589196698792 -0.0018891515158027045 0.01585299110920117
      vertex 0.06236392907636292 -0.0020863960694353797 0.016287649872020096
    endloop
  endfacet
  facet normal 0.0 0.0 0.0
    outer loop
      vertex 0.06187644128339416 -0.0015989357348020184 0.01503065416983629
      vertex 0.06337589196698792 -0.0018891515158027045 0.01585299110920117
      vertex 0.0653981087638629 -0.001545413957640239 0.01496069984220221
    endloop
  endfacet
  facet normal 0.0 0.0 0.0
    outer loop
      vertex 0.06236392907636292 -0.0020863960694353797 0.016287649872020096
      vertex 0.06337589196698792 -0.0018891515158027045 0.01585299110920117
      vertex 0.06187644128339416 -0.0015989357348020184 0.01503065416983629
    endloop
  endfacet
  facet normal 0.0 0.0 0.0
    outer loop
      vertex 0.059502234740425396 -0.001312213084605906 0.01404311507130024
      vertex 0.06139108972089413 -0.0012212918799494891 0.013735797785047752
      vertex 0.06090732507245661 -0.0009567903969874853 0.012412772469763259
    endloop
  endfacet
  facet normal 0.0 0.0 0.0
    outer loop
      vertex 0.06108463220136289 -0.0014976727050453745 0.014703899431400198
      vertex 0.06139108972089413 -0.0012212918799494891 0.013735797785047752
      vertex 0.059502234740425396 -0.001312213084605906 0.01404311507130024
    endloop
  endfacet
  facet normal 0.0 0.0 0.0
    outer loop
      vertex 0.06187644128339416 -0.0015989357348020184 0.01503065416983629
      vertex 0.06139108972089413 -0.0012212918799494891 0.013735797785047752
      vertex 0.06108463220136289 -0.0014976727050453745 0.014703899431400198
    endloop
  endfacet
  facet normal 0.0 0.0 0.0
    outer loop
      vertex 0.06090732507245661 -0.0009567903969874853 0.012412772469763259
      vertex 0.06139108972089413 -0.0012212918799494891 0.013735797785047752
      vertex 0.0653981087638629 -0.001545413957640239 0.01496069984220221
    endloop
  endfacet
  facet normal 0.0 0.0 0.0
    outer loop
      vertex 0.0653981087638629 -0.001545413957640239 0.01496069984220221
      vertex 0.06139108972089413 -0.0012212918799494891 0.013735797785047752
      vertex 0.06187644128339416 -0.0015989357348020184 0.01503065416983629
    endloop
  endfacet
  facet normal 0.0 0.0 0.0
    outer loop
      vertex 0.06337589196698792 -0.0018891515158027045 0.01585299110920117
      vertex 0.06412644128339418 -0.0020488725616187474 0.016257538814744735
      vertex 0.0653981087638629 -0.001545413957640239 0.01496069984220221
    endloop
  endfacet
  facet normal 0.0 0.0 0.0
    outer loop
      vertex 0.0653981087638629 -0.001545413957640239 0.01496069984220221
      vertex 0.06412644128339418 -0.0020488725616187474 0.016257538814744735
      vertex 0.06765079431073792 -0.0019752632592818873 0.016186929019322612
    endloop
  endfacet
  facet normal 0.0 0.0 0.0
    outer loop
      vertex 0.06765079431073792 -0.0019752632592818873 0.016186929019322612
      vertex 0.06412644128339418 -0.0020488725616187474 0.016257538814744735
      vertex 0.06285398034589419 -0.0026803281099517483 0.017497095836888705
    endloop
  endfacet
  facet normal 0.0 0.0 0.0
    outer loop
      vertex 0.06285398034589419 -0.0026803281099517483 0.017497095836888705
      vertex 0.06412644128339418 -0.0020488725616187474 0.016257538814744735
      vertex 0.06337589196698792 -0.0018891515158027045 0.01585299110920117
    endloop
  endfacet
  facet normal 0.0 0.0 0.0
    outer loop
      vertex 0.0756592781974567 -0.002833775007311144 0.018171636928342418
      vertex 0.07550150231855042 -0.0022342566549057477 0.01698979344032577
      vertex 0.07404550866620667 -0.002043582963543301 0.01651751136595297
    endloop
  endfacet
  facet normal 0.0 0.0 0.0
    outer loop
      vertex 0.07404550866620667 -0.002043582963543301 0.01651751136595297
      vertex 0.07550150231855042 -0.0022342566549057477 0.01698979344032577
      vertex 0.07534531335370667 -0.0017401202594682647 0.015759957841671952
    endloop
  endfacet
  facet normal 0.0 0.0 0.0
    outer loop
      vertex 0.07550150231855042 -0.0022342566549057477 0.01698979344032577
      vertex 0.07656540612714417 -0.0020310373640281716 0.016546624385855524
      vertex 0.07534531335370667 -0.0017401202594682647 0.015759957841671952
    endloop
  endfacet
  facet normal 0.0 0.0 0.0
    outer loop
      vertex 0.07550150231855042 -0.0022342566549057477 0.01698979344032577
      vertex 0.07717612390058168 -0.0021908582135814862 0.016933576962257547
      vertex 0.07656540612714417 -0.0020310373640281716 0.016546624385855524
    endloop
  endfacet
  facet normal 0.0 0.0 0.0
    outer loop
      vertex 0.07656540612714417 -0.0020310373640281716 0.016546624385855524
      vertex 0.07717612390058168 -0.0021908582135814862 0.016933576962257547
      vertex 0.07869126061933167 -0.0016754393455199494 0.01563639811752863
    endloop
  endfacet
  facet normal 0.0 0.0 0.0
    outer loop
      vertex 0.0756592781974567 -0.002833775007311144 0.018171636928342418
      vertex 0.07717612390058168 -0.0021908582135814862 0.016933576962257547
      vertex 0.07550150231855042 -0.0022342566549057477 0.01698979344032577
    endloop
  endfacet
  facet normal 0.0 0.0 0.0
    outer loop
      vertex 0.07869126061933167 -0.0016754393455199494 0.01563639811752863
      vertex 0.07717612390058168 -0.0021908582135814862 0.016933576962257547
      vertex 0.08052469567792542 -0.0021057121386954354 0.01681153047856316
    endloop
  endfacet
  facet normal 0.0 0.0 0.0
    outer loop
      vertex 0.08052469567792542 -0.0021057121386954354 0.01681153047856316
      vertex 0.07717612390058168 -0.0021908582135814862 0.016933576962257547
      vertex 0.0756592781974567 -0.002833775007311144 0.018171636928342418
    endloop
  endfacet
  facet normal 0.0 0.0 0.0
    outer loop
      vertex 0.07243820886151914 -0.0014451894262309554 0.014780233106024625
      vertex 0.07519040612714414 -0.0013547564506676934 0.014491703198964333
      vertex 0.07503629235761286 -0.0010815504633764341 0.01319460797358289
    endloop
  endfacet
  facet normal 0.0 0.0 0.0
    outer loop
      vertex 0.07869126061933167 -0.0016754393455199494 0.01563639811752863
      vertex 0.07519040612714414 -0.0013547564506676934 0.014491703198964333
      vertex 0.07656540612714417 -0.0020310373640281716 0.016546624385855524
    endloop
  endfacet
  facet normal 0.0 0.0 0.0
    outer loop
      vertex 0.07437576989667542 -0.0016362083845764062 0.01543616484657442
      vertex 0.07519040612714414 -0.0013547564506676934 0.014491703198964333
      vertex 0.07243820886151914 -0.0014451894262309554 0.014780233106024625
    endloop
  endfacet
  facet normal 0.0 0.0 0.0
    outer loop
      vertex 0.07503629235761286 -0.0010815504633764341 0.01319460797358289
      vertex 0.07519040612714414 -0.0013547564506676934 0.014491703198964333
      vertex 0.07869126061933167 -0.0016754393455199494 0.01563639811752863
    endloop
  endfacet
  facet normal 0.0 0.0 0.0
    outer loop
      vertex 0.07534531335370667 -0.0017401202594682647 0.015759957841671952
      vertex 0.07519040612714414 -0.0013547564506676934 0.014491703198964333
      vertex 0.07437576989667542 -0.0016362083845764062 0.01543616484657442
    endloop
  endfacet
  facet normal 0.0 0.0 0.0
    outer loop
      vertex 0.07656540612714417 -0.0020310373640281716 0.016546624385855524
      vertex 0.07519040612714414 -0.0013547564506676934 0.014491703198964333
      vertex 0.07534531335370667 -0.0017401202594682647 0.015759957841671952
    endloop
  endfacet
  facet normal 0.0 0.0 0.0
    outer loop
      vertex 0.0884629891349567 -0.002955675831497105 0.018686915531691894
      vertex 0.0886368172599567 -0.0023514586112449287 0.017522934215248948
      vertex 0.08691831140058169 -0.002159554906255539 0.01706136620694241
    endloop
  endfacet
  facet normal 0.0 0.0 0.0
    outer loop
      vertex 0.08691831140058169 -0.002159554906255539 0.01706136620694241
      vertex 0.0886368172599567 -0.0023514586112449287 0.017522934215248948
      vertex 0.08766678552167542 -0.0017470363887215905 0.015994102804112675
    endloop
  endfacet
  facet normal 0.0 0.0 0.0
    outer loop
      vertex 0.08766678552167542 -0.0017470363887215905 0.015994102804112675
      vertex 0.0886368172599567 -0.0023514586112449287 0.017522934215248948
      vertex 0.08881125573651917 -0.0018518761686302642 0.016310429400702802
    endloop
  endfacet
  facet normal 0.0 0.0 0.0
    outer loop
      vertex 0.0886368172599567 -0.0023514586112449287 0.017522934215248948
      vertex 0.08975339440839418 -0.002142760904410512 0.017069517744619154
      vertex 0.08881125573651917 -0.0018518761686302642 0.016310429400702802
    endloop
  endfacet
  facet normal 0.0 0.0 0.0
    outer loop
      vertex 0.0884629891349567 -0.002955675831497105 0.018686915531691894
      vertex 0.09022501306073795 -0.0023023875412858876 0.017442875433565503
      vertex 0.0886368172599567 -0.0023514586112449287 0.017522934215248948
    endloop
  endfacet
  facet normal 0.0 0.0 0.0
    outer loop
      vertex 0.09340055017011294 -0.002206090421808218 0.01727387803497956
      vertex 0.09022501306073795 -0.0023023875412858876 0.017442875433565503
      vertex 0.0884629891349567 -0.002955675831497105 0.018686915531691894
    endloop
  endfacet
  facet normal 0.0 0.0 0.0
    outer loop
      vertex 0.09198410729901917 -0.0017763625030902857 0.016137949660905496
      vertex 0.09022501306073795 -0.0023023875412858876 0.017442875433565503
      vertex 0.09340055017011294 -0.002206090421808218 0.01727387803497956
    endloop
  endfacet
  facet normal 0.0 0.0 0.0
    outer loop
      vertex 0.0886368172599567 -0.0023514586112449287 0.017522934215248948
      vertex 0.09022501306073795 -0.0023023875412858876 0.017442875433565503
      vertex 0.08975339440839418 -0.002142760904410512 0.017069517744619154
    endloop
  endfacet
  facet normal 0.0 0.0 0.0
    outer loop
      vertex 0.08975339440839418 -0.002142760904410512 0.017069517744619154
      vertex 0.09022501306073795 -0.0023023875412858876 0.017442875433565503
      vertex 0.09198410729901917 -0.0017763625030902857 0.016137949660905496
    endloop
  endfacet
  facet normal 0.0 0.0 0.0
    outer loop
      vertex 0.08766678552167542 -0.0017470363887215905 0.015994102804112675
      vertex 0.08898599938886291 -0.0014603649890932901 0.015058890535289384
      vertex 0.08916074304120665 -0.0011803480710826735 0.013777815158439531
    endloop
  endfacet
  facet normal 0.0 0.0 0.0
    outer loop
      vertex 0.08881125573651917 -0.0018518761686302642 0.016310429400702802
      vertex 0.08898599938886291 -0.0014603649890932901 0.015058890535289384
      vertex 0.08766678552167542 -0.0017470363887215905 0.015994102804112675
    endloop
  endfacet
  facet normal 0.0 0.0 0.0
    outer loop
      vertex 0.08916074304120665 -0.0011803480710826735 0.013777815158439531
      vertex 0.08898599938886291 -0.0014603649890932901 0.015058890535289384
      vertex 0.09198410729901917 -0.0017763625030902857 0.016137949660905496
    endloop
  endfacet
  facet normal 0.0 0.0 0.0
    outer loop
      vertex 0.09198410729901917 -0.0017763625030902857 0.016137949660905496
      vertex 0.08898599938886291 -0.0014603649890932901 0.015058890535289384
      vertex 0.08975339440839418 -0.002142760904410512 0.017069517744619154
    endloop
  endfacet
  facet normal 0.0 0.0 0.0
    outer loop
      vertex 0.08975339440839418 -0.002142760904410512 0.017069517744619154
      vertex 0.08898599938886291 -0.0014603649890932901 0.015058890535289384
      vertex 0.08881125573651917 -0.0018518761686302642 0.016310429400702802
    endloop
  endfacet
  facet normal 0.0 0.0 0.0
    outer loop
      vertex 0.10050278405683172 -0.002247187982378631 0.017459707198986638
      vertex 0.10252335290448797 -0.0024376108156987453 0.017903901264812616
      vertex 0.10236045007245669 -0.0019302490763733306 0.01668484716718267
    endloop
  endfacet
  facet normal 0.0 0.0 0.0
    outer loop
      vertex 0.10268717126386298 -0.003049645096237935 0.019073789883542844
      vertex 0.10252335290448797 -0.0024376108156987453 0.017903901264812616
      vertex 0.10050278405683172 -0.002247187982378631 0.017459707198986638
    endloop
  endfacet
  facet normal 0.0 0.0 0.0
    outer loop
      vertex 0.10487430505292547 -0.0022672215595876456 0.017549991817643083
      vertex 0.10252335290448797 -0.0024376108156987453 0.017903901264812616
      vertex 0.10268717126386298 -0.003049645096237935 0.019073789883542844
    endloop
  endfacet
  facet normal 0.0 0.0 0.0
    outer loop
      vertex 0.10236045007245669 -0.0019302490763733306 0.01668484716718267
      vertex 0.10252335290448797 -0.0024376108156987453 0.017903901264812616
      vertex 0.10487430505292547 -0.0022672215595876456 0.017549991817643083
    endloop
  endfacet
  facet normal 0.0 0.0 0.0
    outer loop
      vertex 0.10101493005292543 -0.0018261807523797975 0.016379747142336698
      vertex 0.10219834069745669 -0.0015310530090662747 0.015426141314473679
      vertex 0.10203684167401916 -0.0012435076523872439 0.014137310917497828
    endloop
  endfacet
  facet normal 0.0 0.0 0.0
    outer loop
      vertex 0.10236045007245669 -0.0019302490763733306 0.01668484716718267
      vertex 0.10219834069745669 -0.0015310530090662747 0.015426141314473679
      vertex 0.10101493005292543 -0.0018261807523797975 0.016379747142336698
    endloop
  endfacet
  facet normal 0.0 0.0 0.0
    outer loop
      vertex 0.10487430505292547 -0.0022672215595876456 0.017549991817643083
      vertex 0.10345316247480044 -0.0016568353894126178 0.01587435989857028
      vertex 0.10236045007245669 -0.0019302490763733306 0.01668484716718267
    endloop
  endfacet
  facet normal 0.0 0.0 0.0
    outer loop
      vertex 0.10236045007245669 -0.0019302490763733306 0.01668484716718267
      vertex 0.10345316247480044 -0.0016568353894126178 0.01587435989857028
      vertex 0.10219834069745669 -0.0015310530090662747 0.015426141314473679
    endloop
  endfacet
  facet normal 0.0 0.0 0.0
    outer loop
      vertex 0.10345316247480044 -0.0016568353894126178 0.01587435989857028
      vertex 0.10399887780683169 -0.0015381984171754278 0.015463022841493772
      vertex 0.10219834069745669 -0.0015310530090662747 0.015426141314473679
    endloop
  endfacet
  facet normal 0.0 0.0 0.0
    outer loop
      vertex 0.10219834069745669 -0.0015310530090662747 0.015426141314473679
      vertex 0.10399887780683169 -0.0015381984171754278 0.015463022841493772
      vertex 0.10203684167401916 -0.0012435076523872439 0.014137310917497828
    endloop
  endfacet
  facet normal 0.0 0.0 0.0
    outer loop
      vertex 0.10773660974042544 -0.0018529011799861728 0.01650880686162312
      vertex 0.10399887780683169 -0.0015381984171754278 0.015463022841493772
      vertex 0.10596573571698795 -0.0019449633841254785 0.016754653137909865
    endloop
  endfacet
  facet normal 0.0 0.0 0.0
    outer loop
      vertex 0.11127567224042544 -0.0016825955432225276 0.01600329014273806
      vertex 0.10399887780683169 -0.0015381984171754278 0.015463022841493772
      vertex 0.10773660974042544 -0.0018529011799861728 0.01650880686162312
    endloop
  endfacet
  facet normal 0.0 0.0 0.0
    outer loop
      vertex 0.10487430505292547 -0.0022672215595876456 0.017549991817643083
      vertex 0.10399887780683169 -0.0015381984171754278 0.015463022841493772
      vertex 0.10345316247480044 -0.0016568353894126178 0.01587435989857028
    endloop
  endfacet
  facet normal 0.0 0.0 0.0
    outer loop
      vertex 0.10596573571698795 -0.0019449633841254785 0.016754653137909865
      vertex 0.10399887780683169 -0.0015381984171754278 0.015463022841493772
      vertex 0.10487430505292547 -0.0022672215595876456 0.017549991817643083
    endloop
  endfacet
  facet normal 0.0 0.0 0.0
    outer loop
      vertex 0.10203684167401916 -0.0012435076523872439 0.014137310917497828
      vertex 0.10399887780683169 -0.0015381984171754278 0.015463022841493772
      vertex 0.11127567224042544 -0.0016825955432225276 0.01600329014273806
    endloop
  endfacet
  facet normal 0.0 0.0 0.0
    outer loop
      vertex 0.10991348962323799 -0.003079901813021772 0.019197441319228344
      vertex 0.10793735436933172 -0.0024600963279667364 0.018002636832357657
      vertex 0.10268717126386298 -0.003049645096237935 0.019073789883542844
    endloop
  endfacet
  facet normal 0.0 0.0 0.0
    outer loop
      vertex 0.10268717126386298 -0.003049645096237935 0.019073789883542844
      vertex 0.10793735436933172 -0.0024600963279667364 0.018002636832357657
      vertex 0.10487430505292547 -0.0022672215595876456 0.017549991817643083
    endloop
  endfacet
  facet normal 0.0 0.0 0.0
    outer loop
      vertex 0.10487430505292547 -0.0022672215595876456 0.017549991817643083
      vertex 0.10793735436933172 -0.0024600963279667364 0.018002636832357657
      vertex 0.10596573571698795 -0.0019449633841254785 0.016754653137909865
    endloop
  endfacet
  facet normal 0.0 0.0 0.0
    outer loop
      vertex 0.10596573571698795 -0.0019449633841254785 0.016754653137909865
      vertex 0.10787033776776922 -0.0022400236924814054 0.017512015146911197
      vertex 0.10773660974042544 -0.0018529011799861728 0.01650880686162312
    endloop
  endfacet
  facet normal 0.0 0.0 0.0
    outer loop
      vertex 0.10793735436933172 -0.0024600963279667364 0.018002636832357657
      vertex 0.10787033776776922 -0.0022400236924814054 0.017512015146911197
      vertex 0.10596573571698795 -0.0019449633841254785 0.016754653137909865
    endloop
  endfacet
  facet normal 0.0 0.0 0.0
    outer loop
      vertex 0.10991348962323799 -0.003079901813021772 0.019197441319228344
      vertex 0.10882358483808172 -0.002401492652398891 0.017883525118018825
      vertex 0.10793735436933172 -0.0024600963279667364 0.018002636832357657
    endloop
  endfacet
  facet normal 0.0 0.0 0.0
    outer loop
      vertex 0.11059531335370672 -0.0022875680350000166 0.017641484870740003
      vertex 0.10882358483808172 -0.002401492652398891 0.017883525118018825
      vertex 0.10991348962323799 -0.003079901813021772 0.019197441319228344
    endloop
  endfacet
  facet normal 0.0 0.0 0.0
    outer loop
      vertex 0.10773660974042544 -0.0018529011799861728 0.01650880686162312
      vertex 0.10882358483808172 -0.002401492652398891 0.017883525118018825
      vertex 0.11059531335370672 -0.0022875680350000166 0.017641484870740003
    endloop
  endfacet
  facet normal 0.0 0.0 0.0
    outer loop
      vertex 0.10787033776776922 -0.0022400236924814054 0.017512015146911197
      vertex 0.10882358483808172 -0.002401492652398891 0.017883525118018825
      vertex 0.10773660974042544 -0.0018529011799861728 0.01650880686162312
    endloop
  endfacet
  facet normal 0.0 0.0 0.0
    outer loop
      vertex 0.10793735436933172 -0.0024600963279667364 0.018002636832357657
      vertex 0.10882358483808172 -0.002401492652398891 0.017883525118018825
      vertex 0.10787033776776922 -0.0022400236924814054 0.017512015146911197
    endloop
  endfacet
  facet normal 0.0 0.0 0.0
    outer loop
      vertex 0.1146658699943317 -0.0020742631718611956 0.017147909534149828
      vertex 0.11675180749433171 -0.002484008763937936 0.018107255425605182
      vertex 0.11636820153730044 -0.0019735665957485546 0.016889911478500424
    endloop
  endfacet
  facet normal 0.0 0.0 0.0
    outer loop
      vertex 0.11713626794355049 -0.0030989670242394193 0.019275061652844185
      vertex 0.11675180749433171 -0.002484008763937936 0.018107255425605182
      vertex 0.1146658699943317 -0.0020742631718611956 0.017147909534149828
    endloop
  endfacet
  facet normal 0.0 0.0 0.0
    outer loop
      vertex 0.11343381433026918 -0.00168776915317095 0.01602912582370041
      vertex 0.11513504724042543 -0.0016088109099958662 0.015765751853229745
      vertex 0.11560336999433166 -0.0012802974678650996 0.014344662622577971
    endloop
  endfacet
  facet normal 0.0 0.0 0.0
    outer loop
      vertex 0.1146658699943317 -0.0020742631718611956 0.017147909534149828
      vertex 0.11513504724042543 -0.0016088109099958662 0.015765751853229745
      vertex 0.11343381433026918 -0.00168776915317095 0.01602912582370041
    endloop
  endfacet
  facet normal 0.0 0.0 0.0
    outer loop
      vertex 0.11636820153730044 -0.0019735665957485546 0.016889911478500424
      vertex 0.11554587487714418 -0.0017207583344374128 0.016143716698480522
      vertex 0.1146658699943317 -0.0020742631718611956 0.017147909534149828
    endloop
  endfacet
  facet normal 0.0 0.0 0.0
    outer loop
      vertex 0.1146658699943317 -0.0020742631718611956 0.017147909534149828
      vertex 0.11554587487714418 -0.0017207583344374128 0.016143716698480522
      vertex 0.11513504724042543 -0.0016088109099958662 0.015765751853229745
    endloop
  endfacet
  facet normal 0.0 0.0 0.0
    outer loop
      vertex 0.11636820153730044 -0.0019735665957485546 0.016889911478500424
      vertex 0.11749753503339422 -0.0022648073881050257 0.017623816911844118
      vertex 0.11898734216230043 -0.0018788474542791294 0.016633596599393133
    endloop
  endfacet
  facet normal 0.0 0.0 0.0
    outer loop
      vertex 0.11675180749433171 -0.002484008763937936 0.018107255425605182
      vertex 0.11749753503339422 -0.0022648073881050257 0.017623816911844118
      vertex 0.11636820153730044 -0.0019735665957485546 0.016889911478500424
    endloop
  endfacet
  facet normal 0.0 0.0 0.0
    outer loop
      vertex 0.11713626794355049 -0.0030989670242394193 0.019275061652844185
      vertex 0.11806259850995672 -0.0024243881692092213 0.01798447255217365
      vertex 0.11675180749433171 -0.002484008763937936 0.018107255425605182
    endloop
  endfacet
  facet normal 0.0 0.0 0.0
    outer loop
      vertex 0.11749753503339422 -0.0022648073881050257 0.017623816911844118
      vertex 0.11806259850995672 -0.0024243881692092213 0.01798447255217365
      vertex 0.11898734216230043 -0.0018788474542791294 0.016633596599393133
    endloop
  endfacet
  facet normal 0.0 0.0 0.0
    outer loop
      vertex 0.12068289880292546 -0.0023079792479717264 0.017732880817497885
      vertex 0.11806259850995672 -0.0024243881692092213 0.01798447255217365
      vertex 0.11713626794355049 -0.0030989670242394193 0.019275061652844185
    endloop
  endfacet
  facet normal 0.0 0.0 0.0
    outer loop
      vertex 0.11898734216230043 -0.0018788474542791294 0.016633596599393133
      vertex 0.11806259850995672 -0.0024243881692092213 0.01798447255217365
      vertex 0.12068289880292546 -0.0023079792479717264 0.017732880817497885
    endloop
  endfacet
  facet normal 0.0 0.0 0.0
    outer loop
      vertex 0.11675180749433171 -0.002484008763937936 0.018107255425605182
      vertex 0.11806259850995672 -0.0024243881692092213 0.01798447255217365
      vertex 0.11749753503339422 -0.0022648073881050257 0.017623816911844118
    endloop
  endfacet
  facet normal 0.0 0.0 0.0
    outer loop
      vertex 0.11636820153730044 -0.0019735665957485546 0.016889911478500424
      vertex 0.11598538903730043 -0.0015711552296622973 0.015632543535350565
      vertex 0.11554587487714418 -0.0017207583344374128 0.016143716698480522
    endloop
  endfacet
  facet normal 0.0 0.0 0.0
    outer loop
      vertex 0.11898734216230043 -0.0018788474542791294 0.016633596599393133
      vertex 0.11598538903730043 -0.0015711552296622973 0.015632543535350565
      vertex 0.11636820153730044 -0.0019735665957485546 0.016889911478500424
    endloop
  endfacet
  facet normal 0.0 0.0 0.0
    outer loop
      vertex 0.11560336999433166 -0.0012802974678650996 0.014344662622577971
      vertex 0.11598538903730043 -0.0015711552296622973 0.015632543535350565
      vertex 0.11898734216230043 -0.0018788474542791294 0.016633596599393133
    endloop
  endfacet
  facet normal 0.0 0.0 0.0
    outer loop
      vertex 0.11513504724042543 -0.0016088109099958662 0.015765751853229745
      vertex 0.11598538903730043 -0.0015711552296622973 0.015632543535350565
      vertex 0.11560336999433166 -0.0012802974678650996 0.014344662622577971
    endloop
  endfacet
  facet normal 0.0 0.0 0.0
    outer loop
      vertex 0.11554587487714418 -0.0017207583344374128 0.016143716698480522
      vertex 0.11598538903730043 -0.0015711552296622973 0.015632543535350565
      vertex 0.11513504724042543 -0.0016088109099958662 0.015765751853229745
    endloop
  endfacet
  facet normal 0.0 0.0 0.0
    outer loop
      vertex 0.12736704186933173 -0.0031080140981534416 0.019311600610279433
      vertex 0.1272223885490192 -0.0024931934051654983 0.018147125669946727
      vertex 0.12579343347089422 -0.0023111594805729965 0.017747001697622885
    endloop
  endfacet
  facet normal 0.0 0.0 0.0
    outer loop
      vertex 0.12579343347089422 -0.0023111594805729965 0.017747001697622885
      vertex 0.1272223885490192 -0.0024931934051654983 0.018147125669946727
      vertex 0.1270778572990192 -0.0019827970927473004 0.016933215510883844
    endloop
  endfacet
  facet normal 0.0 0.0 0.0
    outer loop
      vertex 0.12422153405683169 -0.0017017308867961337 0.016098492118503817
      vertex 0.12693350915448792 -0.0015803344760932534 0.01567936767252161
      vertex 0.12678928308026916 -0.0012893310547876045 0.01439507429949426
    endloop
  endfacet
  facet normal 0.0 0.0 0.0
    outer loop
      vertex 0.12612564782636293 -0.0018838430359394741 0.016657420021220094
      vertex 0.12693350915448792 -0.0015803344760932534 0.01567936767252161
      vertex 0.12422153405683169 -0.0017017308867961337 0.016098492118503817
    endloop
  endfacet
  facet normal 0.0 0.0 0.0
    outer loop
      vertex 0.1270778572990192 -0.0019827970927473004 0.016933215510883844
      vertex 0.12693350915448792 -0.0015803344760932534 0.01567936767252161
      vertex 0.12612564782636293 -0.0018838430359394741 0.016657420021220094
    endloop
  endfacet
  facet normal 0.0 0.0 0.0
    outer loop
      vertex 0.12736704186933173 -0.0031080140981534416 0.019311600610279433
      vertex 0.12973300866620674 -0.002272076876536267 0.017656269310847714
      vertex 0.1272223885490192 -0.0024931934051654983 0.018147125669946727
    endloop
  endfacet
  facet normal 0.0 0.0 0.0
    outer loop
      vertex 0.1272223885490192 -0.0024931934051654983 0.018147125669946727
      vertex 0.12973300866620674 -0.002272076876536267 0.017656269310847714
      vertex 0.1270778572990192 -0.0019827970927473004 0.016933215510883844
    endloop
  endfacet
  facet normal 0.0 0.0 0.0
    outer loop
      vertex 0.12736704186933173 -0.0031080140981534416 0.019311600610279433
      vertex 0.13106064538495674 -0.0024304600127931816 0.01801088277897471
      vertex 0.12973300866620674 -0.002272076876536267 0.017656269310847714
    endloop
  endfacet
  facet normal 0.0 0.0 0.0
    outer loop
      vertex 0.13475070886151921 -0.0018816905120923844 0.016646894773035017
      vertex 0.13106064538495674 -0.0024304600127931816 0.01801088277897471
      vertex 0.13873191003339422 -0.0023073669385566785 0.017729743743269202
    endloop
  endfacet
  facet normal 0.0 0.0 0.0
    outer loop
      vertex 0.13873191003339422 -0.0023073669385566785 0.017729743743269202
      vertex 0.13106064538495674 -0.0024304600127931816 0.01801088277897471
      vertex 0.12736704186933173 -0.0031080140981534416 0.019311600610279433
    endloop
  endfacet
  facet normal 0.0 0.0 0.0
    outer loop
      vertex 0.17307248620526916 -0.0016959935206023679 0.016069880814685036
      vertex 0.19523343591230044 -0.001612174565682351 0.015782710396369973
      vertex 0.1960614998771442 -0.0012824931500856529 0.014356935784862933
    endloop
  endfacet
  facet normal 0.0 0.0 0.0
    outer loop
      vertex 0.19440537194745672 -0.0020790213824712074 0.017169672143670732
      vertex 0.19523343591230044 -0.001612174565682351 0.015782710396369973
      vertex 0.17307248620526916 -0.0016959935206023679 0.016069880814685036
    endloop
  endfacet
  facet normal 0.0 0.0 0.0
    outer loop
      vertex 0.19523343591230044 -0.001612174565682351 0.015782710396369973
      vertex 0.2023448250724567 -0.0017230349386071486 0.016154851558680794
      vertex 0.1960614998771442 -0.0012824931500856529 0.014356935784862933
    endloop
  endfacet
  facet normal 0.0 0.0 0.0
    outer loop
      vertex 0.19440537194745672 -0.0020790213824712074 0.017169672143670732
      vertex 0.2023448250724567 -0.0017230349386071486 0.016154851558680794
      vertex 0.19523343591230044 -0.001612174565682351 0.015782710396369973
    endloop
  endfacet
  facet normal 0.0 0.0 0.0
    outer loop
      vertex 0.21656827477948798 -0.0019736421229017472 0.016890051743210514
      vertex 0.2023448250724567 -0.0017230349386071486 0.016154851558680794
      vertex 0.19440537194745672 -0.0020790213824712074 0.017169672143670732
    endloop
  endfacet
  facet normal 0.0 0.0 0.0
    outer loop
      vertex 0.2023448250724567 -0.0017230349386071486 0.016154851558680794
      vertex 0.2063146737052692 -0.0015723528745101784 0.01563860728673794
      vertex 0.1960614998771442 -0.0012824931500856529 0.014356935784862933
    endloop
  endfacet
  facet normal 0.0 0.0 0.0
    outer loop
      vertex 0.21656827477948798 -0.0019736421229017472 0.016890051743210514
      vertex 0.2063146737052692 -0.0015723528745101784 0.01563860728673794
      vertex 0.2023448250724567 -0.0017230349386071486 0.016154851558680794
    endloop
  endfacet
  facet normal 0.0 0.0 0.0
    outer loop
      vertex 0.1960614998771442 -0.0012824931500856529 0.014356935784862933
      vertex 0.2063146737052692 -0.0015723528745101784 0.01563860728673794
      vertex 0.26338034753339423 -0.0016916938677052754 0.01604853360450008
    endloop
  endfacet
  facet normal 0.0 0.0 0.0
    outer loop
      vertex 0.23707694177167551 -0.00309656633974903 0.019264514825470716
      vertex 0.22682236413495677 -0.0024828731592523843 0.01810183635240912
      vertex 0.19440537194745672 -0.0020790213824712074 0.017169672143670732
    endloop
  endfacet
  facet normal 0.0 0.0 0.0
    outer loop
      vertex 0.19440537194745672 -0.0020790213824712074 0.017169672143670732
      vertex 0.22682236413495677 -0.0024828731592523843 0.01810183635240912
      vertex 0.21656827477948798 -0.0019736421229017472 0.016890051743210514
    endloop
  endfacet
  facet normal 0.0 0.0 0.0
    outer loop
      vertex 0.23707694177167551 -0.00309656633974903 0.019264514825470716
      vertex 0.23900846032636297 -0.002185959738261224 0.017430027725437624
      vertex 0.22682236413495677 -0.0024828731592523843 0.01810183635240912
    endloop
  endfacet
  facet normal 0.0 0.0 0.0
    outer loop
      vertex 0.21656827477948798 -0.0019736421229017472 0.016890051743210514
      vertex 0.23900846032636297 -0.002185959738261224 0.017430027725437624
      vertex 0.2063146737052692 -0.0015723528745101784 0.01563860728673794
    endloop
  endfacet
  facet normal 0.0 0.0 0.0
    outer loop
      vertex 0.2063146737052692 -0.0015723528745101784 0.01563860728673794
      vertex 0.23900846032636297 -0.002185959738261224 0.017430027725437624
      vertex 0.26338034753339423 -0.0016916938677052754 0.01604853360450008
    endloop
  endfacet
  facet normal 0.0 0.0 0.0
    outer loop
      vertex 0.22682236413495677 -0.0024828731592523843 0.01810183635240912
      vertex 0.23900846032636297 -0.002185959738261224 0.017430027725437624
      vertex 0.21656827477948798 -0.0019736421229017472 0.016890051743210514
    endloop
  endfacet
  facet normal 0.0 0.0 0.0
    outer loop
      vertex 0.23707694177167551 -0.00309656633974903 0.019264514825470716
      vertex 0.2502288582755818 -0.0023001082397194734 0.017697323713043098
      vertex 0.23900846032636297 -0.002185959738261224 0.017430027725437624
    endloop
  endfacet
  facet normal 0.0 0.0 0.0
    outer loop
      vertex 0.23900846032636297 -0.002185959738261224 0.017430027725437624
      vertex 0.2502288582755818 -0.0023001082397194734 0.017697323713043098
      vertex 0.26338034753339423 -0.0016916938677052754 0.01604853360450008
    endloop
  endfacet
  facet normal 0.0 0.0 0.0
    outer loop
      vertex 0.29704099206464424 -0.0020885081323095056 0.017185708176590354
      vertex 0.26583322839276924 -0.002358881851380625 0.01782898102689679
      vertex 0.2970410530998005 -0.002212620823105233 0.01749077313525839
    endloop
  endfacet
  facet normal 0.0 0.0 0.0
    outer loop
      vertex 0.2970408699943317 -0.0019710903841060343 0.016878005162380326
      vertex 0.26583322839276924 -0.002358881851380625 0.01782898102689679
      vertex 0.29704099206464424 -0.0020885081323095056 0.017185708176590354
    endloop
  endfacet
  facet normal 0.0 0.0 0.0
    outer loop
      vertex 0.26338034753339423 -0.0016916938677052754 0.01604853360450008
      vertex 0.26583322839276924 -0.002358881851380625 0.01782898102689679
      vertex 0.2970408699943317 -0.0019710903841060343 0.016878005162380326
    endloop
  endfacet
  facet normal 0.0 0.0 0.0
    outer loop
      vertex 0.2970410530998005 -0.002212620823105233 0.01749077313525839
      vertex 0.26583322839276924 -0.002358881851380625 0.01782898102689679
      vertex 0.2970411141349567 -0.0023433745085271267 0.01779304898407937
    endloop
  endfacet
  facet normal 0.0 0.0 0.0
    outer loop
      vertex 0.23707694177167551 -0.00309656633974903 0.019264514825470716
      vertex 0.26583322839276924 -0.002358881851380625 0.01782898102689679
      vertex 0.2502288582755818 -0.0023001082397194734 0.017697323713043098
    endloop
  endfacet
  facet normal 0.0 0.0 0.0
    outer loop
      vertex 0.29704117517011297 -0.002480715240609089 0.01809238466874823
      vertex 0.26583322839276924 -0.002358881851380625 0.01782898102689679
      vertex 0.23707694177167551 -0.00309656633974903 0.019264514825470716
    endloop
  endfacet
  facet normal 0.0 0.0 0.0
    outer loop
      vertex 0.2970411141349567 -0.0023433745085271267 0.01779304898407937
      vertex 0.26583322839276924 -0.002358881851380625 0.01782898102689679
      vertex 0.29704117517011297 -0.002480715240609089 0.01809238466874823
    endloop
  endfacet
  facet normal 0.0 0.0 0.0
    outer loop
      vertex 0.2502288582755818 -0.0023001082397194734 0.017697323713043098
      vertex 0.26583322839276924 -0.002358881851380625 0.01782898102689679
      vertex 0.26338034753339423 -0.0016916938677052754 0.01604853360450008
    endloop
  endfacet
  facet normal 0.0 0.0 0.0
    outer loop
      vertex 0.12693350915448792 -0.0015803344760932534 0.01567936767252161
      vertex 0.12781815270917543 -0.001651092628422079 0.015929610708044967
      vertex 0.12678928308026916 -0.0012893310547876045 0.01439507429949426
    endloop
  endfacet
  facet normal 0.0 0.0 0.0
    outer loop
      vertex 0.1270778572990192 -0.0019827970927473004 0.016933215510883844
      vertex 0.12781815270917543 -0.001651092628422079 0.015929610708044967
      vertex 0.12693350915448792 -0.0015803344760932534 0.01567936767252161
    endloop
  endfacet
  facet normal 0.0 0.0 0.0
    outer loop
      vertex 0.1270778572990192 -0.0019827970927473004 0.016933215510883844
      vertex 0.12826053552167543 -0.0016880577747896508 0.016054111824196565
      vertex 0.12781815270917543 -0.001651092628422079 0.015929610708044967
    endloop
  endfacet
  facet normal 0.0 0.0 0.0
    outer loop
      vertex 0.12781815270917543 -0.001651092628422079 0.015929610708044967
      vertex 0.12826053552167543 -0.0016880577747896508 0.016054111824196565
      vertex 0.12678928308026916 -0.0012893310547876045 0.01439507429949426
    endloop
  endfacet
  facet normal 0.0 0.0 0.0
    outer loop
      vertex 0.12973300866620674 -0.002272076876536267 0.017656269310847714
      vertex 0.12826053552167543 -0.0016880577747896508 0.016054111824196565
      vertex 0.1270778572990192 -0.0019827970927473004 0.016933215510883844
    endloop
  endfacet
  facet normal 0.0 0.0 0.0
    outer loop
      vertex 0.12973300866620674 -0.002272076876536267 0.017656269310847714
      vertex 0.13042404870526916 -0.0017500358956366925 0.01625377594410852
      vertex 0.12826053552167543 -0.0016880577747896508 0.016054111824196565
    endloop
  endfacet
  facet normal 0.0 0.0 0.0
    outer loop
      vertex 0.12678928308026916 -0.0012893310547876045 0.01439507429949426
      vertex 0.13042404870526916 -0.0017500358956366925 0.01625377594410852
      vertex 0.13475070886151921 -0.0018816905120923844 0.016646894773035017
    endloop
  endfacet
  facet normal 0.0 0.0 0.0
    outer loop
      vertex 0.12826053552167543 -0.0016880577747896508 0.016054111824196565
      vertex 0.13042404870526916 -0.0017500358956366925 0.01625377594410852
      vertex 0.12678928308026916 -0.0012893310547876045 0.01439507429949426
    endloop
  endfacet
  facet normal 0.0 0.0 0.0
    outer loop
      vertex 0.13106064538495674 -0.0024304600127931816 0.01801088277897471
      vertex 0.13042404870526916 -0.0017500358956366925 0.01625377594410852
      vertex 0.12973300866620674 -0.002272076876536267 0.017656269310847714
    endloop
  endfacet
  facet normal 0.0 0.0 0.0
    outer loop
      vertex 0.13475070886151921 -0.0018816905120923844 0.016646894773035017
      vertex 0.13042404870526916 -0.0017500358956366925 0.01625377594410852
      vertex 0.13106064538495674 -0.0024304600127931816 0.01801088277897471
    endloop
  endfacet
  facet normal 0.0 0.0 0.0
    outer loop
      vertex 0.36970011071698783 -0.0001735738252376371 0.005299873404983128
      vertex 0.37034104089276904 -0.00020576997140250784 0.005549420511743875
      vertex 0.37013114099042527 -0.00014646497227543254 0.004868834550689114
    endloop
  endfacet
  facet normal 0.0 0.0 0.0
    outer loop
      vertex 0.37442539147870646 -0.0005701696005789948 0.001822368628779258
      vertex 0.37497959069745646 -0.000779271917159127 0.002168342330136323
      vertex 0.37499924401776896 -0.0007633626619580228 0.0014643753205764427
    endloop
  endfacet
  facet normal 0.0 0.0 0.0
    outer loop
      vertex 0.3734984505607378 -0.0008351377334477021 0.006747944710876714
      vertex 0.37411118249433156 -0.0010528258688316857 0.006974269915632324
      vertex 0.3743490364982378 -0.0009869904684089428 0.006170437128637635
    endloop
  endfacet
  facet normal 0.0 0.0 0.0
    outer loop
      vertex 0.3722502816154253 -0.0004905828635988905 0.006280420847113397
      vertex 0.37176261071698774 -0.00026288738050448047 0.004925428664519938
      vertex 0.3716174691154253 -0.00036444442667633 0.006040209435885206
    endloop
  endfacet
  facet normal 0.0 0.0 0.0
    outer loop
      vertex 0.3716174691154253 -0.00036444442667633 0.006040209435885206
      vertex 0.37176261071698774 -0.00026288738050448047 0.004925428664519938
      vertex 0.37098056725995654 -0.0002694393609865848 0.005796372721335503
    endloop
  endfacet
  facet normal 0.0 0.0 0.0
    outer loop
      vertex 0.37098056725995654 -0.0002694393609865848 0.005796372721335503
      vertex 0.37176261071698774 -0.00026288738050448047 0.004925428664519938
      vertex 0.37034104089276904 -0.00020576997140250784 0.005549420511743875
    endloop
  endfacet
  facet normal 0.0 0.0 0.0
    outer loop
      vertex 0.37034104089276904 -0.00020576997140250784 0.005549420511743875
      vertex 0.37176261071698774 -0.00026288738050448047 0.004925428664519938
      vertex 0.37013114099042527 -0.00014646497227543254 0.004868834550689114
    endloop
  endfacet
  facet normal 0.0 0.0 0.0
    outer loop
      vertex 0.3734984505607378 -0.0008351377334477021 0.006747944710876714
      vertex 0.37316562585370655 -0.0005299352074661239 0.0051796854287206725
      vertex 0.3728777230216753 -0.000647590326720405 0.00651649984413879
    endloop
  endfacet
  facet normal 0.0 0.0 0.0
    outer loop
      vertex 0.3728777230216753 -0.000647590326720405 0.00651649984413879
      vertex 0.37316562585370655 -0.0005299352074661239 0.0051796854287206725
      vertex 0.3722502816154253 -0.0004905828635988905 0.006280420847113397
    endloop
  endfacet
  facet normal 0.0 0.0 0.0
    outer loop
      vertex 0.3722502816154253 -0.0004905828635988905 0.006280420847113397
      vertex 0.37316562585370655 -0.0005299352074661239 0.0051796854287206725
      vertex 0.37176261071698774 -0.00026288738050448047 0.004925428664519938
    endloop
  endfacet
  facet normal 0.0 0.0 0.0
    outer loop
      vertex 0.370993628783394 -9.914181641783037e-05 0.004006352232355382
      vertex 0.37156619958417525 -0.00010524333138305942 0.003646503114118935
      vertex 0.37142508630292526 -7.893021092073683e-05 0.0035749330449004056
    endloop
  endfacet
  facet normal 0.0 0.0 0.0
    outer loop
      vertex 0.37142508630292526 -7.893021092073683e-05 0.0035749330449004056
      vertex 0.37156619958417525 -0.00010524333138305942 0.003646503114118935
      vertex 0.3720382454826128 -0.00011304150988194194 0.0032319912192378003
    endloop
  endfacet
  facet normal 0.0 0.0 0.0
    outer loop
      vertex 0.3720382454826128 -0.00011304150988194194 0.0032319912192378003
      vertex 0.37216678552167526 -0.00016734553255210715 0.0035039429163173717
      vertex 0.372646216674019 -0.0001794056003724116 0.0028844934878385613
    endloop
  endfacet
  facet normal 0.0 0.0 0.0
    outer loop
      vertex 0.37156619958417525 -0.00010524333138305942 0.003646503114118935
      vertex 0.37216678552167526 -0.00016734553255210715 0.0035039429163173717
      vertex 0.3720382454826128 -0.00011304150988194194 0.0032319912192378003
    endloop
  endfacet
  facet normal 0.0 0.0 0.0
    outer loop
      vertex 0.370993628783394 -9.914181641783037e-05 0.004006352232355382
      vertex 0.37216678552167526 -0.00016734553255210715 0.0035039429163173717
      vertex 0.37156619958417525 -0.00010524333138305942 0.003646503114118935
    endloop
  endfacet
  facet normal 0.0 0.0 0.0
    outer loop
      vertex 0.372646216674019 -0.0001794056003724116 0.0028844934878385613
      vertex 0.3727977059318315 -0.00025621671449697046 0.0033106176824214063
      vertex 0.3732475960685502 -0.0002778714280870829 0.0025332113066178323
    endloop
  endfacet
  facet normal 0.0 0.0 0.0
    outer loop
      vertex 0.37216678552167526 -0.00016734553255210715 0.0035039429163173717
      vertex 0.3727977059318315 -0.00025621671449697046 0.0033106176824214063
      vertex 0.372646216674019 -0.0001794056003724116 0.0028844934878385613
    endloop
  endfacet
  facet normal 0.0 0.0 0.0
    outer loop
      vertex 0.37222757653730026 -0.00023223954096651344 0.00401976099932801
      vertex 0.3727977059318315 -0.00025621671449697046 0.0033106176824214063
      vertex 0.37216678552167526 -0.00016734553255210715 0.0035039429163173717
    endloop
  endfacet
  facet normal 0.0 0.0 0.0
    outer loop
      vertex 0.37354300622480024 -0.0004783447674904866 0.003921964126392885
      vertex 0.3727977059318315 -0.00025621671449697046 0.0033106176824214063
      vertex 0.37222757653730026 -0.00023223954096651344 0.00401976099932801
    endloop
  endfacet
  facet normal 0.0 0.0 0.0
    outer loop
      vertex 0.37013114099042527 -0.00014646497227543254 0.004868834550689114
      vertex 0.37141678552167523 -0.00016162704814614459 0.004281656795527686
      vertex 0.3705623543693315 -0.0001216516052705261 0.00443765812908156
    endloop
  endfacet
  facet normal 0.0 0.0 0.0
    outer loop
      vertex 0.3705623543693315 -0.0001216516052705261 0.00443765812908156
      vertex 0.37141678552167523 -0.00016162704814614459 0.004281656795527686
      vertex 0.370993628783394 -9.914181641783037e-05 0.004006352232355382
    endloop
  endfacet
  facet normal 0.0 0.0 0.0
    outer loop
      vertex 0.37222757653730026 -0.00023223954096651344 0.00401976099932801
      vertex 0.37141678552167523 -0.00016162704814614459 0.004281656795527686
      vertex 0.37176261071698774 -0.00026288738050448047 0.004925428664519938
    endloop
  endfacet
  facet normal 0.0 0.0 0.0
    outer loop
      vertex 0.37176261071698774 -0.00026288738050448047 0.004925428664519938
      vertex 0.37141678552167523 -0.00016162704814614459 0.004281656795527686
      vertex 0.37013114099042527 -0.00014646497227543254 0.004868834550689114
    endloop
  endfacet
  facet normal 0.0 0.0 0.0
    outer loop
      vertex 0.37216678552167526 -0.00016734553255210715 0.0035039429163173717
      vertex 0.37141678552167523 -0.00016162704814614459 0.004281656795527686
      vertex 0.37222757653730026 -0.00023223954096651344 0.00401976099932801
    endloop
  endfacet
  facet normal 0.0 0.0 0.0
    outer loop
      vertex 0.370993628783394 -9.914181641783037e-05 0.004006352232355382
      vertex 0.37141678552167523 -0.00016162704814614459 0.004281656795527686
      vertex 0.37216678552167526 -0.00016734553255210715 0.0035039429163173717
    endloop
  endfacet
  facet normal 0.0 0.0 0.0
    outer loop
      vertex 0.3732475960685502 -0.0002778714280870829 0.0025332113066178323
      vertex 0.3734229500724565 -0.00037390150513260957 0.0031143307051868835
      vertex 0.3738411019279252 -0.0004082205037632747 0.002178908039295842
    endloop
  endfacet
  facet normal 0.0 0.0 0.0
    outer loop
      vertex 0.37354300622480024 -0.0004783447674904866 0.003921964126392885
      vertex 0.3734229500724565 -0.00037390150513260957 0.0031143307051868835
      vertex 0.3727977059318315 -0.00025621671449697046 0.0033106176824214063
    endloop
  endfacet
  facet normal 0.0 0.0 0.0
    outer loop
      vertex 0.3727977059318315 -0.00025621671449697046 0.0033106176824214063
      vertex 0.3734229500724565 -0.00037390150513260957 0.0031143307051868835
      vertex 0.3732475960685502 -0.0002778714280870829 0.0025332113066178323
    endloop
  endfacet
  facet normal 0.0 0.0 0.0
    outer loop
      vertex 0.37497959069745646 -0.000779271917159127 0.002168342330136323
      vertex 0.3740413582755815 -0.0005201625334082107 0.00291546501517307
      vertex 0.37493344811933144 -0.0008012125549695341 0.0028692720692051147
    endloop
  endfacet
  facet normal 0.0 0.0 0.0
    outer loop
      vertex 0.3738411019279252 -0.0004082205037632747 0.002178908039295842
      vertex 0.3740413582755815 -0.0005201625334082107 0.00291546501517307
      vertex 0.37442539147870646 -0.0005701696005789948 0.001822368628779258
    endloop
  endfacet
  facet normal 0.0 0.0 0.0
    outer loop
      vertex 0.37354300622480024 -0.0004783447674904866 0.003921964126392885
      vertex 0.3740413582755815 -0.0005201625334082107 0.00291546501517307
      vertex 0.3734229500724565 -0.00037390150513260957 0.0031143307051868835
    endloop
  endfacet
  facet normal 0.0 0.0 0.0
    outer loop
      vertex 0.3734229500724565 -0.00037390150513260957 0.0031143307051868835
      vertex 0.3740413582755815 -0.0005201625334082107 0.00291546501517307
      vertex 0.3738411019279252 -0.0004082205037632747 0.002178908039295842
    endloop
  endfacet
  facet normal 0.0 0.0 0.0
    outer loop
      vertex 0.37442539147870646 -0.0005701696005789948 0.001822368628779258
      vertex 0.3740413582755815 -0.0005201625334082107 0.00291546501517307
      vertex 0.37497959069745646 -0.000779271917159127 0.002168342330136323
    endloop
  endfacet
  facet normal 0.0 0.0 0.0
    outer loop
      vertex 0.37176261071698774 -0.00026288738050448047 0.004925428664519938
      vertex 0.37269376306073776 -0.0003596403602956713 0.004506784355435998
      vertex 0.37222757653730026 -0.00023223954096651344 0.00401976099932801
    endloop
  endfacet
  facet normal 0.0 0.0 0.0
    outer loop
      vertex 0.37354300622480024 -0.0004783447674904866 0.003921964126392885
      vertex 0.37269376306073776 -0.0003596403602956713 0.004506784355435998
      vertex 0.37316562585370655 -0.0005299352074661239 0.0051796854287206725
    endloop
  endfacet
  facet normal 0.0 0.0 0.0
    outer loop
      vertex 0.37316562585370655 -0.0005299352074661239 0.0051796854287206725
      vertex 0.37269376306073776 -0.0003596403602956713 0.004506784355435998
      vertex 0.37176261071698774 -0.00026288738050448047 0.004925428664519938
    endloop
  endfacet
  facet normal 0.0 0.0 0.0
    outer loop
      vertex 0.37222757653730026 -0.00023223954096651344 0.00401976099932801
      vertex 0.37269376306073776 -0.0003596403602956713 0.004506784355435998
      vertex 0.37354300622480024 -0.0004783447674904866 0.003921964126392885
    endloop
  endfacet
  facet normal 0.0 0.0 0.0
    outer loop
      vertex 0.3748434212638628 -0.0008353697097019144 0.0037054466618731204
      vertex 0.37426187829511276 -0.0006278399763334211 0.0034511116731215344
      vertex 0.3747159188224566 -0.0008779076809669894 0.00453513401161833
    endloop
  endfacet
  facet normal 0.0 0.0 0.0
    outer loop
      vertex 0.37493344811933144 -0.0008012125549695341 0.0028692720692051147
      vertex 0.37426187829511276 -0.0006278399763334211 0.0034511116731215344
      vertex 0.3748434212638628 -0.0008353697097019144 0.0037054466618731204
    endloop
  endfacet
  facet normal 0.0 0.0 0.0
    outer loop
      vertex 0.37354300622480024 -0.0004783447674904866 0.003921964126392885
      vertex 0.37426187829511276 -0.0006278399763334211 0.0034511116731215344
      vertex 0.3740413582755815 -0.0005201625334082107 0.00291546501517307
    endloop
  endfacet
  facet normal 0.0 0.0 0.0
    outer loop
      vertex 0.3740413582755815 -0.0005201625334082107 0.00291546501517307
      vertex 0.37426187829511276 -0.0006278399763334211 0.0034511116731215344
      vertex 0.37493344811933144 -0.0008012125549695341 0.0028692720692051147
    endloop
  endfacet
  facet normal 0.0 0.0 0.0
    outer loop
      vertex 0.37455106286542533 -0.000928562123730897 0.0053571688423731155
      vertex 0.3739618294669878 -0.0006933921499341707 0.00490591568518372
      vertex 0.3743490364982378 -0.0009869904684089428 0.006170437128637635
    endloop
  endfacet
  facet normal 0.0 0.0 0.0
    outer loop
      vertex 0.3747159188224566 -0.0008779076809669894 0.00453513401161833
      vertex 0.3739618294669878 -0.0006933921499341707 0.00490591568518372
      vertex 0.37455106286542533 -0.000928562123730897 0.0053571688423731155
    endloop
  endfacet
  facet normal 0.0 0.0 0.0
    outer loop
      vertex 0.37426187829511276 -0.0006278399763334211 0.0034511116731215344
      vertex 0.3739618294669878 -0.0006933921499341707 0.00490591568518372
      vertex 0.3747159188224566 -0.0008779076809669894 0.00453513401161833
    endloop
  endfacet
  facet normal 0.0 0.0 0.0
    outer loop
      vertex 0.37316562585370655 -0.0005299352074661239 0.0051796854287206725
      vertex 0.3739618294669878 -0.0006933921499341707 0.00490591568518372
      vertex 0.37354300622480024 -0.0004783447674904866 0.003921964126392885
    endloop
  endfacet
  facet normal 0.0 0.0 0.0
    outer loop
      vertex 0.3734984505607378 -0.0008351377334477021 0.006747944710876714
      vertex 0.3739618294669878 -0.0006933921499341707 0.00490591568518372
      vertex 0.37316562585370655 -0.0005299352074661239 0.0051796854287206725
    endloop
  endfacet
  facet normal 0.0 0.0 0.0
    outer loop
      vertex 0.3743490364982378 -0.0009869904684089428 0.006170437128637635
      vertex 0.3739618294669878 -0.0006933921499341707 0.00490591568518372
      vertex 0.3734984505607378 -0.0008351377334477021 0.006747944710876714
    endloop
  endfacet
  facet normal 0.0 0.0 0.0
    outer loop
      vertex 0.37354300622480024 -0.0004783447674904866 0.003921964126392885
      vertex 0.3739618294669878 -0.0006933921499341707 0.00490591568518372
      vertex 0.37426187829511276 -0.0006278399763334211 0.0034511116731215344
    endloop
  endfacet
  facet normal 0.0 0.0 0.0
    outer loop
      vertex 0.35700247888105047 -0.003093704400148539 0.019252859367394015
      vertex 0.35786582116620674 -0.003088549671988266 0.019233063161235825
      vertex 0.3570024178458942 -0.0027737309210504398 0.018677140160230966
    endloop
  endfacet
  facet normal 0.0 0.0 0.0
    outer loop
      vertex 0.35786582116620674 -0.003088549671988266 0.019233063161235825
      vertex 0.357002356810738 -0.002479344962270699 0.01808792856674782
      vertex 0.3570024178458942 -0.0027737309210504398 0.018677140160230966
    endloop
  endfacet
  facet normal 0.0 0.0 0.0
    outer loop
      vertex 0.3570019905998005 -0.0014092385016278275 0.01498003479324517
      vertex 0.35739774255292545 -0.0012773923698925361 0.014328842381516684
      vertex 0.3570018685294879 -0.0012784713292144118 0.014334485338770119
    endloop
  endfacet
  facet normal 0.0 0.0 0.0
    outer loop
      vertex 0.3570019905998005 -0.0014092385016278275 0.01498003479324517
      vertex 0.35779343347089415 -0.0012742121372913006 0.014311980944714016
      vertex 0.35739774255292545 -0.0012773923698925361 0.014328842381516684
    endloop
  endfacet
  facet normal 0.0 0.0 0.0
    outer loop
      vertex 0.35700205163495674 -0.0015682177629100734 0.015619226479916051
      vertex 0.35779343347089415 -0.0012742121372913006 0.014311980944714016
      vertex 0.3570019905998005 -0.0014092385016278275 0.01498003479324517
    endloop
  endfacet
  facet normal 0.0 0.0 0.0
    outer loop
      vertex 0.37411118249433156 -0.0010528258688316857 0.006974269915632324
      vertex 0.3734984505607378 -0.0008351377334477021 0.006747944710876714
      vertex 0.3739110482169878 -0.0011057569157647577 0.007557083280336732
    endloop
  endfacet
  facet normal 0.0 0.0 0.0
    outer loop
      vertex 0.37034104089276904 -0.00020576997140250784 0.005549420511743875
      vertex 0.36970011071698783 -0.0001735738252376371 0.005299873404983128
      vertex 0.3695137093498003 -0.00021080871143567626 0.005839730701685232
    endloop
  endfacet
  facet normal 0.0 0.0 0.0
    outer loop
      vertex 0.35872849206464424 -0.0030733012793718187 0.019173491119676575
      vertex 0.35900961999433173 -0.002270593307470194 0.01757003348704253
      vertex 0.35786582116620674 -0.003088549671988266 0.019233063161235825
    endloop
  endfacet
  facet normal 0.0 0.0 0.0
    outer loop
      vertex 0.359589270873238 -0.003048158829773742 0.019073544420292615
      vertex 0.35900961999433173 -0.002270593307470194 0.01757003348704253
      vertex 0.35872849206464424 -0.0030733012793718187 0.019173491119676575
    endloop
  endfacet
  facet normal 0.0 0.0 0.0
    outer loop
      vertex 0.3604470589591755 -0.0030133435098550223 0.018932613451067084
      vertex 0.35900961999433173 -0.002270593307470194 0.01757003348704253
      vertex 0.359589270873238 -0.003048158829773742 0.019073544420292615
    endloop
  endfacet
  facet normal 0.0 0.0 0.0
    outer loop
      vertex 0.35700229577558173 -0.0022111102800549984 0.017486360191630853
      vertex 0.35900961999433173 -0.002270593307470194 0.01757003348704253
      vertex 0.3570021737052692 -0.001969539380081229 0.01687359491615109
    endloop
  endfacet
  facet normal 0.0 0.0 0.0
    outer loop
      vertex 0.357002356810738 -0.002479344962270699 0.01808792856674782
      vertex 0.35900961999433173 -0.002270593307470194 0.01757003348704253
      vertex 0.35700229577558173 -0.0022111102800549984 0.017486360191630853
    endloop
  endfacet
  facet normal 0.0 0.0 0.0
    outer loop
      vertex 0.35786582116620674 -0.003088549671988266 0.019233063161235825
      vertex 0.35900961999433173 -0.002270593307470194 0.01757003348704253
      vertex 0.357002356810738 -0.002479344962270699 0.01808792856674782
    endloop
  endfacet
  facet normal 0.0 0.0 0.0
    outer loop
      vertex 0.35900961999433173 -0.002270593307470194 0.01757003348704253
      vertex 0.3588374398185505 -0.0016673633349975363 0.01593210310407446
      vertex 0.3570021737052692 -0.001969539380081229 0.01687359491615109
    endloop
  endfacet
  facet normal 0.0 0.0 0.0
    outer loop
      vertex 0.357002112670113 -0.0017551043070527159 0.016250816898164294
      vertex 0.3588374398185505 -0.0016673633349975363 0.01593210310407446
      vertex 0.35700205163495674 -0.0015682177629100734 0.015619226479916051
    endloop
  endfacet
  facet normal 0.0 0.0 0.0
    outer loop
      vertex 0.3570021737052692 -0.001969539380081229 0.01687359491615109
      vertex 0.3588374398185505 -0.0016673633349975363 0.01593210310407446
      vertex 0.357002112670113 -0.0017551043070527159 0.016250816898164294
    endloop
  endfacet
  facet normal 0.0 0.0 0.0
    outer loop
      vertex 0.35921378259198794 -0.0012458516915157221 0.014157544102176855
      vertex 0.3588374398185505 -0.0016673633349975363 0.01593210310407446
      vertex 0.3596842415763629 -0.00123071658962807 0.014073161391011006
    endloop
  endfacet
  facet normal 0.0 0.0 0.0
    outer loop
      vertex 0.3587415535880817 -0.0012581868939631003 0.01422541334092135
      vertex 0.3588374398185505 -0.0016673633349975363 0.01593210310407446
      vertex 0.35921378259198794 -0.0012458516915157221 0.014157544102176855
    endloop
  endfacet
  facet normal 0.0 0.0 0.0
    outer loop
      vertex 0.35826798181073793 -0.001267662854207498 0.014276860818786851
      vertex 0.3588374398185505 -0.0016673633349975363 0.01593210310407446
      vertex 0.3587415535880817 -0.0012581868939631003 0.01422541334092135
    endloop
  endfacet
  facet normal 0.0 0.0 0.0
    outer loop
      vertex 0.35779343347089415 -0.0012742121372913006 0.014311980944714016
      vertex 0.3588374398185505 -0.0016673633349975363 0.01593210310407446
      vertex 0.35826798181073793 -0.001267662854207498 0.014276860818786851
    endloop
  endfacet
  facet normal 0.0 0.0 0.0
    outer loop
      vertex 0.35700205163495674 -0.0015682177629100734 0.015619226479916051
      vertex 0.3588374398185505 -0.0016673633349975363 0.01593210310407446
      vertex 0.35779343347089415 -0.0012742121372913006 0.014311980944714016
    endloop
  endfacet
  facet normal 0.0 0.0 0.0
    outer loop
      vertex 0.36130063561933173 -0.0029690657166834217 0.018750099389576343
      vertex 0.36100119714276924 -0.0021905776841596703 0.01721140898763639
      vertex 0.3604470589591755 -0.0030133435098550223 0.018932613451067084
    endloop
  endfacet
  facet normal 0.0 0.0 0.0
    outer loop
      vertex 0.362148841185738 -0.002915538544725016 0.01852538453160861
      vertex 0.36100119714276924 -0.0021905776841596703 0.01721140898763639
      vertex 0.36130063561933173 -0.0029690657166834217 0.018750099389576343
    endloop
  endfacet
  facet normal 0.0 0.0 0.0
    outer loop
      vertex 0.3604470589591755 -0.0030133435098550223 0.018932613451067084
      vertex 0.36100119714276924 -0.0021905776841596703 0.01721140898763639
      vertex 0.35900961999433173 -0.002270593307470194 0.01757003348704253
    endloop
  endfacet
  facet normal 0.0 0.0 0.0
    outer loop
      vertex 0.36061807946698793 -0.001192305637769187 0.013854488705245792
      vertex 0.36065708093183174 -0.0016010046393036906 0.015601852537435432
      vertex 0.36108066491620666 -0.0011691538681199737 0.013720009912765105
    endloop
  endfacet
  facet normal 0.0 0.0 0.0
    outer loop
      vertex 0.36015250329511295 -0.0012128490232577586 0.013972170798483133
      vertex 0.36065708093183174 -0.0016010046393036906 0.015601852537435432
      vertex 0.36061807946698793 -0.001192305637769187 0.013854488705245792
    endloop
  endfacet
  facet normal 0.0 0.0 0.0
    outer loop
      vertex 0.3596842415763629 -0.00123071658962807 0.014073161391011006
      vertex 0.36065708093183174 -0.0016010046393036906 0.015601852537435432
      vertex 0.36015250329511295 -0.0012128490232577586 0.013972170798483133
    endloop
  endfacet
  facet normal 0.0 0.0 0.0
    outer loop
      vertex 0.3588374398185505 -0.0016673633349975363 0.01593210310407446
      vertex 0.36065708093183174 -0.0016010046393036906 0.015601852537435432
      vertex 0.3596842415763629 -0.00123071658962807 0.014073161391011006
    endloop
  endfacet
  facet normal 0.0 0.0 0.0
    outer loop
      vertex 0.36299057702558174 -0.0028529777858441793 0.01825786465994364
      vertex 0.36295847253339425 -0.0020611807900850526 0.016604356801765943
      vertex 0.362148841185738 -0.002915538544725016 0.01852538453160861
    endloop
  endfacet
  facet normal 0.0 0.0 0.0
    outer loop
      vertex 0.3638245614005817 -0.002781599231905285 0.017946935557361175
      vertex 0.36295847253339425 -0.0020611807900850526 0.016604356801765943
      vertex 0.36299057702558174 -0.0028529777858441793 0.01825786465994364
    endloop
  endfacet
  facet normal 0.0 0.0 0.0
    outer loop
      vertex 0.3645676033927692 -0.0027099913991104944 0.01762948684307626
      vertex 0.36295847253339425 -0.0020611807900850526 0.016604356801765943
      vertex 0.3638245614005817 -0.002781599231905285 0.017946935557361175
    endloop
  endfacet
  facet normal 0.0 0.0 0.0
    outer loop
      vertex 0.362148841185738 -0.002915538544725016 0.01852538453160861
      vertex 0.36295847253339425 -0.0020611807900850526 0.016604356801765943
      vertex 0.36100119714276924 -0.0021905776841596703 0.01721140898763639
    endloop
  endfacet
  facet normal 0.0 0.0 0.0
    outer loop
      vertex 0.36244577722089416 -0.0010846362870389052 0.013214913988015614
      vertex 0.3624424813224567 -0.001494047401725849 0.015044408203786674
      vertex 0.3628919442130817 -0.0010516525005690696 0.013012350164926063
    endloop
  endfacet
  facet normal 0.0 0.0 0.0
    outer loop
      vertex 0.36199491052167543 -0.0011152517577972159 0.01340031696309068
      vertex 0.3624424813224567 -0.001494047401725849 0.015044408203786674
      vertex 0.36244577722089416 -0.0010846362870389052 0.013214913988015614
    endloop
  endfacet
  facet normal 0.0 0.0 0.0
    outer loop
      vertex 0.36153977136151916 -0.0011434476622762116 0.013568648104295316
      vertex 0.3624424813224567 -0.001494047401725849 0.015044408203786674
      vertex 0.36199491052167543 -0.0011152517577972159 0.01340031696309068
    endloop
  endfacet
  facet normal 0.0 0.0 0.0
    outer loop
      vertex 0.36108066491620666 -0.0011691538681199737 0.013720009912765105
      vertex 0.3624424813224567 -0.001494047401725849 0.015044408203786674
      vertex 0.36153977136151916 -0.0011434476622762116 0.013568648104295316
    endloop
  endfacet
  facet normal 0.0 0.0 0.0
    outer loop
      vertex 0.36065708093183174 -0.0016010046393036906 0.015601852537435432
      vertex 0.3624424813224567 -0.001494047401725849 0.015044408203786674
      vertex 0.36108066491620666 -0.0011691538681199737 0.013720009912765105
    endloop
  endfacet
  facet normal 0.0 0.0 0.0
    outer loop
      vertex 0.3652295296623005 -0.0026397133836799174 0.017312936362426815
      vertex 0.3648628304435505 -0.0018856206214238468 0.015741057171745867
      vertex 0.3645676033927692 -0.0027099913991104944 0.01762948684307626
    endloop
  endfacet
  facet normal 0.0 0.0 0.0
    outer loop
      vertex 0.3658843148185505 -0.002564035176843337 0.016966817001561274
      vertex 0.3648628304435505 -0.0018856206214238468 0.015741057171745867
      vertex 0.3652295296623005 -0.0026397133836799174 0.017312936362426815
    endloop
  endfacet
  facet normal 0.0 0.0 0.0
    outer loop
      vertex 0.3645676033927692 -0.0027099913991104944 0.01762948684307626
      vertex 0.3648628304435505 -0.0018856206214238468 0.015741057171745867
      vertex 0.36295847253339425 -0.0020611807900850526 0.016604356801765943
    endloop
  endfacet
  facet normal 0.0 0.0 0.0
    outer loop
      vertex 0.36653086022870673 -0.002483283163795619 0.016590602767810228
      vertex 0.366092688841988 -0.0017450106425965987 0.015018931276798743
      vertex 0.3658843148185505 -0.002564035176843337 0.016966817001561274
    endloop
  endfacet
  facet normal 0.0 0.0 0.0
    outer loop
      vertex 0.3671675789787067 -0.0023979536658248327 0.016183603127207676
      vertex 0.366092688841988 -0.0017450106425965987 0.015018931276798743
      vertex 0.36653086022870673 -0.002483283163795619 0.016590602767810228
    endloop
  endfacet
  facet normal 0.0 0.0 0.0
    outer loop
      vertex 0.36779306725995675 -0.0023085618860071706 0.01574511405879608
      vertex 0.366092688841988 -0.0017450106425965987 0.015018931276798743
      vertex 0.3671675789787067 -0.0023979536658248327 0.016183603127207676
    endloop
  endfacet
  facet normal 0.0 0.0 0.0
    outer loop
      vertex 0.3658843148185505 -0.002564035176843337 0.016966817001561274
      vertex 0.366092688841988 -0.0017450106425965987 0.015018931276798743
      vertex 0.3648628304435505 -0.0018856206214238468 0.015741057171745867
    endloop
  endfacet
  facet normal 0.0 0.0 0.0
    outer loop
      vertex 0.3624424813224567 -0.001494047401725849 0.015044408203786674
      vertex 0.36417539147870664 -0.0013494533656025665 0.014253884380027334
      vertex 0.3628919442130817 -0.0010516525005690696 0.013012350164926063
    endloop
  endfacet
  facet normal 0.0 0.0 0.0
    outer loop
      vertex 0.3637681649162066 -0.0009788497203252974 0.012555373128534076
      vertex 0.36417539147870664 -0.0013494533656025665 0.014253884380027334
      vertex 0.3641972420646441 -0.0009392546106106501 0.012300773794748612
    endloop
  endfacet
  facet normal 0.0 0.0 0.0
    outer loop
      vertex 0.36333286218183164 -0.0010163651359470247 0.01279253917707628
      vertex 0.36417539147870664 -0.0013494533656025665 0.014253884380027334
      vertex 0.3637681649162066 -0.0009788497203252974 0.012555373128534076
    endloop
  endfacet
  facet normal 0.0 0.0 0.0
    outer loop
      vertex 0.3628919442130817 -0.0010516525005690696 0.013012350164926063
      vertex 0.36417539147870664 -0.0013494533656025665 0.014253884380027334
      vertex 0.36333286218183164 -0.0010163651359470247 0.01279253917707628
    endloop
  endfacet
  facet normal 0.0 0.0 0.0
    outer loop
      vertex 0.36840567712323796 -0.0022156149352239173 0.015274434239016234
      vertex 0.36727811364667545 -0.0015892224035088179 0.014174885675877612
      vertex 0.36779306725995675 -0.0023085618860071706 0.01574511405879608
    endloop
  endfacet
  facet normal 0.0 0.0 0.0
    outer loop
      vertex 0.36900388268964424 -0.0021196145295597473 0.014770856949512298
      vertex 0.36727811364667545 -0.0015892224035088179 0.014174885675877612
      vertex 0.36840567712323796 -0.0022156149352239173 0.015274434239016234
    endloop
  endfacet
  facet normal 0.0 0.0 0.0
    outer loop
      vertex 0.36779306725995675 -0.0023085618860071706 0.01574511405879608
      vertex 0.36727811364667545 -0.0015892224035088179 0.014174885675877612
      vertex 0.366092688841988 -0.0017450106425965987 0.015018931276798743
    endloop
  endfacet
  facet normal 0.0 0.0 0.0
    outer loop
      vertex 0.36417539147870664 -0.0013494533656025665 0.014253884380027334
      vertex 0.3652913582755817 -0.0012340128103564458 0.01359428148038479
      vertex 0.3641972420646441 -0.0009392546106106501 0.012300773794748612
    endloop
  endfacet
  facet normal 0.0 0.0 0.0
    outer loop
      vertex 0.3648628304435505 -0.0018856206214238468 0.015741057171745867
      vertex 0.3652913582755817 -0.0012340128103564458 0.01359428148038479
      vertex 0.36417539147870664 -0.0013494533656025665 0.014253884380027334
    endloop
  endfacet
  facet normal 0.0 0.0 0.0
    outer loop
      vertex 0.3646191780998004 -0.0008978036908623705 0.012028630582389396
      vertex 0.3652913582755817 -0.0012340128103564458 0.01359428148038479
      vertex 0.36503324059980036 -0.0008547073581482252 0.01173885177991407
    endloop
  endfacet
  facet normal 0.0 0.0 0.0
    outer loop
      vertex 0.3641972420646441 -0.0009392546106106501 0.012300773794748612
      vertex 0.3652913582755817 -0.0012340128103564458 0.01359428148038479
      vertex 0.3646191780998004 -0.0008978036908623705 0.012028630582389396
    endloop
  endfacet
  facet normal 0.0 0.0 0.0
    outer loop
      vertex 0.366092688841988 -0.0017450106425965987 0.015018931276798743
      vertex 0.3652913582755817 -0.0012340128103564458 0.01359428148038479
      vertex 0.3648628304435505 -0.0018856206214238468 0.015741057171745867
    endloop
  endfacet
  facet normal 0.0 0.0 0.0
    outer loop
      vertex 0.3695862191154255 -0.0020210731746925534 0.01423368626152167
      vertex 0.3684064705802691 -0.0014221617369057063 0.013204356371050925
      vertex 0.36900388268964424 -0.0021196145295597473 0.014770856949512298
    endloop
  endfacet
  facet normal 0.0 0.0 0.0
    outer loop
      vertex 0.37015109948651914 -0.0019205033763002248 0.013662215456688503
      vertex 0.3684064705802691 -0.0014221617369057063 0.013204356371050925
      vertex 0.3695862191154255 -0.0020210731746925534 0.01423368626152167
    endloop
  endfacet
  facet normal 0.0 0.0 0.0
    outer loop
      vertex 0.36900388268964424 -0.0021196145295597473 0.014770856949512298
      vertex 0.3684064705802691 -0.0014221617369057063 0.013204356371050925
      vertex 0.36727811364667545 -0.0015892224035088179 0.014174885675877612
    endloop
  endfacet
  facet normal 0.0 0.0 0.0
    outer loop
      vertex 0.36727811364667545 -0.0015892224035088179 0.014174885675877612
      vertex 0.36636429528730036 -0.001106460936722235 0.012825579608910462
      vertex 0.366092688841988 -0.0017450106425965987 0.015018931276798743
    endloop
  endfacet
  facet normal 0.0 0.0 0.0
    outer loop
      vertex 0.366092688841988 -0.0017450106425965987 0.015018931276798743
      vertex 0.36636429528730036 -0.001106460936722235 0.012825579608910462
      vertex 0.3652913582755817 -0.0012340128103564458 0.01359428148038479
    endloop
  endfacet
  facet normal 0.0 0.0 0.0
    outer loop
      vertex 0.3654385140373004 -0.0008101814043325915 0.011431329491390448
      vertex 0.36636429528730036 -0.001106460936722235 0.012825579608910462
      vertex 0.36583426599042534 -0.0007644416212798424 0.011105977400072777
    endloop
  endfacet
  facet normal 0.0 0.0 0.0
    outer loop
      vertex 0.36503324059980036 -0.0008547073581482252 0.01173885177991407
      vertex 0.36636429528730036 -0.001106460936722235 0.012825579608910462
      vertex 0.3654385140373004 -0.0008101814043325915 0.011431329491390448
    endloop
  endfacet
  facet normal 0.0 0.0 0.0
    outer loop
      vertex 0.3652913582755817 -0.0012340128103564458 0.01359428148038479
      vertex 0.36636429528730036 -0.001106460936722235 0.012825579608910462
      vertex 0.36503324059980036 -0.0008547073581482252 0.01173885177991407
    endloop
  endfacet
  facet normal 0.0 0.0 0.0
    outer loop
      vertex 0.37015109948651914 -0.0019205033763002248 0.013662215456688503
      vertex 0.3694652474357379 -0.001247734475532468 0.012102779364387133
      vertex 0.3684064705802691 -0.0014221617369057063 0.013204356371050925
    endloop
  endfacet
  facet normal 0.0 0.0 0.0
    outer loop
      vertex 0.3706969979240191 -0.001818398758272525 0.013055751303648505
      vertex 0.3694652474357379 -0.001247734475532468 0.012102779364387133
      vertex 0.37015109948651914 -0.0019205033763002248 0.013662215456688503
    endloop
  endfacet
  facet normal 0.0 0.0 0.0
    outer loop
      vertex 0.3684064705802691 -0.0014221617369057063 0.013204356371050925
      vertex 0.36738260583417537 -0.0009701047550214934 0.011944881759825108
      vertex 0.36727811364667545 -0.0015892224035088179 0.014174885675877612
    endloop
  endfacet
  facet normal 0.0 0.0 0.0
    outer loop
      vertex 0.36659378747480037 -0.0006701783401238996 0.010401368409716366
      vertex 0.36738260583417537 -0.0009701047550214934 0.011944881759825108
      vertex 0.3669559700919879 -0.0006220837283511509 0.010021919995397992
    endloop
  endfacet
  facet normal 0.0 0.0 0.0
    outer loop
      vertex 0.3662195809318316 -0.0007176984060577478 0.010762693004825479
      vertex 0.36738260583417537 -0.0009701047550214934 0.011944881759825108
      vertex 0.36659378747480037 -0.0006701783401238996 0.010401368409716366
    endloop
  endfacet
  facet normal 0.0 0.0 0.0
    outer loop
      vertex 0.36583426599042534 -0.0007644416212798424 0.011105977400072777
      vertex 0.36738260583417537 -0.0009701047550214934 0.011944881759825108
      vertex 0.3662195809318316 -0.0007176984060577478 0.010762693004825479
    endloop
  endfacet
  facet normal 0.0 0.0 0.0
    outer loop
      vertex 0.36727811364667545 -0.0015892224035088179 0.014174885675877612
      vertex 0.36738260583417537 -0.0009701047550214934 0.011944881759825108
      vertex 0.36636429528730036 -0.001106460936722235 0.012825579608910462
    endloop
  endfacet
  facet normal 0.0 0.0 0.0
    outer loop
      vertex 0.36636429528730036 -0.001106460936722235 0.012825579608910462
      vertex 0.36738260583417537 -0.0009701047550214934 0.011944881759825108
      vertex 0.36583426599042534 -0.0007644416212798424 0.011105977400072777
    endloop
  endfacet
  facet normal 0.0 0.0 0.0
    outer loop
      vertex 0.3684064705802691 -0.0014221617369057063 0.013204356371050925
      vertex 0.36833487634198786 -0.0008282458807791686 0.010949307111739309
      vertex 0.36738260583417537 -0.0009701047550214934 0.011944881759825108
    endloop
  endfacet
  facet normal 0.0 0.0 0.0
    outer loop
      vertex 0.3669559700919879 -0.0006220837283511509 0.010021919995397992
      vertex 0.36833487634198786 -0.0008282458807791686 0.010949307111739309
      vertex 0.36730527429120663 -0.0005736384547987896 0.009624242563336475
    endloop
  endfacet
  facet normal 0.0 0.0 0.0
    outer loop
      vertex 0.36738260583417537 -0.0009701047550214934 0.011944881759825108
      vertex 0.36833487634198786 -0.0008282458807791686 0.010949307111739309
      vertex 0.3669559700919879 -0.0006220837283511509 0.010021919995397992
    endloop
  endfacet
  facet normal 0.0 0.0 0.0
    outer loop
      vertex 0.3694652474357379 -0.001247734475532468 0.012102779364387133
      vertex 0.36833487634198786 -0.0008282458807791686 0.010949307111739309
      vertex 0.3684064705802691 -0.0014221617369057063 0.013204356371050925
    endloop
  endfacet
  facet normal 0.0 0.0 0.0
    outer loop
      vertex 0.3588374398185505 -0.0016673633349975363 0.01593210310407446
      vertex 0.3598801033927692 -0.0019142777810129178 0.016616837663721826
      vertex 0.36065708093183174 -0.0016010046393036906 0.015601852537435432
    endloop
  endfacet
  facet normal 0.0 0.0 0.0
    outer loop
      vertex 0.35900961999433173 -0.002270593307470194 0.01757003348704253
      vertex 0.3598801033927692 -0.0019142777810129178 0.016616837663721826
      vertex 0.3588374398185505 -0.0016673633349975363 0.01593210310407446
    endloop
  endfacet
  facet normal 0.0 0.0 0.0
    outer loop
      vertex 0.36065708093183174 -0.0016010046393036906 0.015601852537435432
      vertex 0.3598801033927692 -0.0019142777810129178 0.016616837663721826
      vertex 0.36100119714276924 -0.0021905776841596703 0.01721140898763639
    endloop
  endfacet
  facet normal 0.0 0.0 0.0
    outer loop
      vertex 0.36100119714276924 -0.0021905776841596703 0.01721140898763639
      vertex 0.3598801033927692 -0.0019142777810129178 0.016616837663721826
      vertex 0.35900961999433173 -0.002270593307470194 0.01757003348704253
    endloop
  endfacet
  facet normal 0.0 0.0 0.0
    outer loop
      vertex 0.3624424813224567 -0.001494047401725849 0.015044408203786674
      vertex 0.3617713387443317 -0.0018183555998995918 0.0161540477339832
      vertex 0.36295847253339425 -0.0020611807900850526 0.016604356801765943
    endloop
  endfacet
  facet normal 0.0 0.0 0.0
    outer loop
      vertex 0.36065708093183174 -0.0016010046393036906 0.015601852537435432
      vertex 0.3617713387443317 -0.0018183555998995918 0.0161540477339832
      vertex 0.3624424813224567 -0.001494047401725849 0.015044408203786674
    endloop
  endfacet
  facet normal 0.0 0.0 0.0
    outer loop
      vertex 0.36295847253339425 -0.0020611807900850526 0.016604356801765943
      vertex 0.3617713387443317 -0.0018183555998995918 0.0161540477339832
      vertex 0.36100119714276924 -0.0021905776841596703 0.01721140898763639
    endloop
  endfacet
  facet normal 0.0 0.0 0.0
    outer loop
      vertex 0.36100119714276924 -0.0021905776841596703 0.01721140898763639
      vertex 0.3617713387443317 -0.0018183555998995918 0.0161540477339832
      vertex 0.36065708093183174 -0.0016010046393036906 0.015601852537435432
    endloop
  endfacet
  facet normal 0.0 0.0 0.0
    outer loop
      vertex 0.36295847253339425 -0.0020611807900850526 0.016604356801765943
      vertex 0.36361905602948796 -0.0016790673462416467 0.015449870327355519
      vertex 0.3624424813224567 -0.001494047401725849 0.015044408203786674
    endloop
  endfacet
  facet normal 0.0 0.0 0.0
    outer loop
      vertex 0.36417539147870664 -0.0013494533656025665 0.014253884380027334
      vertex 0.36361905602948796 -0.0016790673462416467 0.015449870327355519
      vertex 0.3648628304435505 -0.0018856206214238468 0.015741057171745867
    endloop
  endfacet
  facet normal 0.0 0.0 0.0
    outer loop
      vertex 0.3648628304435505 -0.0018856206214238468 0.015741057171745867
      vertex 0.36361905602948796 -0.0016790673462416467 0.015449870327355519
      vertex 0.36295847253339425 -0.0020611807900850526 0.016604356801765943
    endloop
  endfacet
  facet normal 0.0 0.0 0.0
    outer loop
      vertex 0.3624424813224567 -0.001494047401725849 0.015044408203786674
      vertex 0.36361905602948796 -0.0016790673462416467 0.015449870327355519
      vertex 0.36417539147870664 -0.0013494533656025665 0.014253884380027334
    endloop
  endfacet
  facet normal 0.0 0.0 0.0
    outer loop
      vertex 0.37122208337323787 -0.001715455249372063 0.012414137353299996
      vertex 0.3705862801505816 -0.0014183907740757543 0.011979516354057364
      vertex 0.3706969979240191 -0.001818398758272525 0.013055751303648505
    endloop
  endfacet
  facet normal 0.0 0.0 0.0
    outer loop
      vertex 0.3706969979240191 -0.001818398758272525 0.013055751303648505
      vertex 0.3705862801505816 -0.0014183907740757543 0.011979516354057364
      vertex 0.3694652474357379 -0.001247734475532468 0.012102779364387133
    endloop
  endfacet
  facet normal 0.0 0.0 0.0
    outer loop
      vertex 0.3717237313224566 -0.0016126520051834463 0.011738320392447928
      vertex 0.37082981042401914 -0.0013713238710570935 0.011662094613755506
      vertex 0.37122208337323787 -0.001715455249372063 0.012414137353299996
    endloop
  endfacet
  facet normal 0.0 0.0 0.0
    outer loop
      vertex 0.37219931725995664 -0.0015110437084438102 0.011029371288219264
      vertex 0.37082981042401914 -0.0013713238710570935 0.011662094613755506
      vertex 0.3717237313224566 -0.0016126520051834463 0.011738320392447928
    endloop
  endfacet
  facet normal 0.0 0.0 0.0
    outer loop
      vertex 0.37122208337323787 -0.001715455249372063 0.012414137353299996
      vertex 0.37082981042401914 -0.0013713238710570935 0.011662094613755506
      vertex 0.3705862801505816 -0.0014183907740757543 0.011979516354057364
    endloop
  endfacet
  facet normal 0.0 0.0 0.0
    outer loop
      vertex 0.3705862801505816 -0.0014183907740757543 0.011979516354057364
      vertex 0.3699845345451129 -0.0011553836497745528 0.011476149461621217
      vertex 0.3694652474357379 -0.001247734475532468 0.012102779364387133
    endloop
  endfacet
  facet normal 0.0 0.0 0.0
    outer loop
      vertex 0.3694652474357379 -0.001247734475532468 0.012102779364387133
      vertex 0.3699845345451129 -0.0011553836497745528 0.011476149461621217
      vertex 0.36833487634198786 -0.0008282458807791686 0.010949307111739309
    endloop
  endfacet
  facet normal 0.0 0.0 0.0
    outer loop
      vertex 0.3705862801505816 -0.0014183907740757543 0.011979516354057364
      vertex 0.37023490075605037 -0.0011091853090100052 0.011149443276354592
      vertex 0.3699845345451129 -0.0011553836497745528 0.011476149461621217
    endloop
  endfacet
  facet normal 0.0 0.0 0.0
    outer loop
      vertex 0.37082981042401914 -0.0013713238710570935 0.011662094613755506
      vertex 0.37023490075605037 -0.0011091853090100052 0.011149443276354592
      vertex 0.3705862801505816 -0.0014183907740757543 0.011979516354057364
    endloop
  endfacet
  facet normal 0.0 0.0 0.0
    outer loop
      vertex 0.37082981042401914 -0.0013713238710570935 0.011662094613755506
      vertex 0.37116525964276914 -0.0009275209279852623 0.009758783395978096
      vertex 0.37023490075605037 -0.0011091853090100052 0.011149443276354592
    endloop
  endfacet
  facet normal 0.0 0.0 0.0
    outer loop
      vertex 0.37264627770917536 -0.0014116661601021577 0.010288352815546055
      vertex 0.37116525964276914 -0.0009275209279852623 0.009758783395978096
      vertex 0.37219931725995664 -0.0015110437084438102 0.011029371288219264
    endloop
  endfacet
  facet normal 0.0 0.0 0.0
    outer loop
      vertex 0.37219931725995664 -0.0015110437084438102 0.011029371288219264
      vertex 0.37116525964276914 -0.0009275209279852623 0.009758783395978096
      vertex 0.37082981042401914 -0.0013713238710570935 0.011662094613755506
    endloop
  endfacet
  facet normal 0.0 0.0 0.0
    outer loop
      vertex 0.37023490075605037 -0.0011091853090100052 0.011149443276354592
      vertex 0.3697410653068316 -0.0007722155231940065 0.010014895970212512
      vertex 0.3699845345451129 -0.0011553836497745528 0.011476149461621217
    endloop
  endfacet
  facet normal 0.0 0.0 0.0
    outer loop
      vertex 0.3699845345451129 -0.0011553836497745528 0.011476149461621217
      vertex 0.3697410653068316 -0.0007722155231940065 0.010014895970212512
      vertex 0.36833487634198786 -0.0008282458807791686 0.010949307111739309
    endloop
  endfacet
  facet normal 0.0 0.0 0.0
    outer loop
      vertex 0.3730618660880816 -0.001315557858505798 0.009516341236351877
      vertex 0.37274802331464413 -0.0010196532644805116 0.008663720606220138
      vertex 0.37264627770917536 -0.0014116661601021577 0.010288352815546055
    endloop
  endfacet
  facet normal 0.0 0.0 0.0
    outer loop
      vertex 0.37340701989667535 -0.0012327180591702445 0.008795917399735032
      vertex 0.37274802331464413 -0.0010196532644805116 0.008663720606220138
      vertex 0.3730618660880816 -0.001315557858505798 0.009516341236351877
    endloop
  endfacet
  facet normal 0.0 0.0 0.0
    outer loop
      vertex 0.37264627770917536 -0.0014116661601021577 0.010288352815546055
      vertex 0.37274802331464413 -0.0010196532644805116 0.008663720606220138
      vertex 0.37116525964276914 -0.0009275209279852623 0.009758783395978096
    endloop
  endfacet
  facet normal 0.0 0.0 0.0
    outer loop
      vertex 0.37116525964276914 -0.0009275209279852623 0.009758783395978096
      vertex 0.3704245980216754 -0.0007438308008336812 0.009452528884657701
      vertex 0.37023490075605037 -0.0011091853090100052 0.011149443276354592
    endloop
  endfacet
  facet normal 0.0 0.0 0.0
    outer loop
      vertex 0.37023490075605037 -0.0011091853090100052 0.011149443276354592
      vertex 0.3704245980216754 -0.0007438308008336812 0.009452528884657701
      vertex 0.3697410653068316 -0.0007722155231940065 0.010014895970212512
    endloop
  endfacet
  facet normal 0.0 0.0 0.0
    outer loop
      vertex 0.3676408455802691 -0.0005251014697040715 0.009208497957430097
      vertex 0.3683595955802691 -0.000594578357838162 0.009619870080684541
      vertex 0.3679616463615191 -0.0004768045530584688 0.008775228354738101
    endloop
  endfacet
  facet normal 0.0 0.0 0.0
    outer loop
      vertex 0.36730527429120663 -0.0005736384547987896 0.009624242563336475
      vertex 0.3683595955802691 -0.000594578357838162 0.009619870080684541
      vertex 0.3676408455802691 -0.0005251014697040715 0.009208497957430097
    endloop
  endfacet
  facet normal 0.0 0.0 0.0
    outer loop
      vertex 0.3697410653068316 -0.0007722155231940065 0.010014895970212512
      vertex 0.3683595955802691 -0.000594578357838162 0.009619870080684541
      vertex 0.36833487634198786 -0.0008282458807791686 0.010949307111739309
    endloop
  endfacet
  facet normal 0.0 0.0 0.0
    outer loop
      vertex 0.36833487634198786 -0.0008282458807791686 0.010949307111739309
      vertex 0.3683595955802691 -0.000594578357838162 0.009619870080684541
      vertex 0.36730527429120663 -0.0005736384547987896 0.009624242563336475
    endloop
  endfacet
  facet normal 0.0 0.0 0.0
    outer loop
      vertex 0.37116525964276914 -0.0009275209279852623 0.009758783395978096
      vertex 0.37061502770917537 -0.0007067334819491817 0.009132096847847802
      vertex 0.3704245980216754 -0.0007438308008336812 0.009452528884657701
    endloop
  endfacet
  facet normal 0.0 0.0 0.0
    outer loop
      vertex 0.3734984505607378 -0.0008351377334477021 0.006747944710876714
      vertex 0.3730386116935503 -0.0009504676953633337 0.007999974502781592
      vertex 0.3739110482169878 -0.0011057569157647577 0.007557083280336732
    endloop
  endfacet
  facet normal 0.0 0.0 0.0
    outer loop
      vertex 0.37340701989667535 -0.0012327180591702445 0.008795917399735032
      vertex 0.3730386116935503 -0.0009504676953633337 0.007999974502781592
      vertex 0.37274802331464413 -0.0010196532644805116 0.008663720606220138
    endloop
  endfacet
  facet normal 0.0 0.0 0.0
    outer loop
      vertex 0.3736925423576128 -0.0011617737863584042 0.008127456244059876
      vertex 0.3730386116935503 -0.0009504676953633337 0.007999974502781592
      vertex 0.37340701989667535 -0.0012327180591702445 0.008795917399735032
    endloop
  endfacet
  facet normal 0.0 0.0 0.0
    outer loop
      vertex 0.3739110482169878 -0.0011057569157647577 0.007557083280336732
      vertex 0.3730386116935503 -0.0009504676953633337 0.007999974502781592
      vertex 0.3736925423576128 -0.0011617737863584042 0.008127456244059876
    endloop
  endfacet
  facet normal 0.0 0.0 0.0
    outer loop
      vertex 0.3730386116935503 -0.0009504676953633337 0.007999974502781592
      vertex 0.3725738900138629 -0.0008874618657622127 0.008246117492881832
      vertex 0.37274802331464413 -0.0010196532644805116 0.008663720606220138
    endloop
  endfacet
  facet normal 0.0 0.0 0.0
    outer loop
      vertex 0.37274802331464413 -0.0010196532644805116 0.008663720606220138
      vertex 0.3725738900138629 -0.0008874618657622127 0.008246117492881832
      vertex 0.37116525964276914 -0.0009275209279852623 0.009758783395978096
    endloop
  endfacet
  facet normal 0.0 0.0 0.0
    outer loop
      vertex 0.3683595955802691 -0.000594578357838162 0.009619870080684541
      vertex 0.36853012780683164 -0.0005672375286217512 0.009388093433955127
      vertex 0.3679616463615191 -0.0004768045530584688 0.008775228354738101
    endloop
  endfacet
  facet normal 0.0 0.0 0.0
    outer loop
      vertex 0.3697410653068316 -0.0007722155231940065 0.010014895970212512
      vertex 0.36853012780683164 -0.0005672375286217512 0.009388093433955127
      vertex 0.3683595955802691 -0.000594578357838162 0.009619870080684541
    endloop
  endfacet
  facet normal 0.0 0.0 0.0
    outer loop
      vertex 0.3679616463615191 -0.0004768045530584688 0.008775228354738101
      vertex 0.36853012780683164 -0.0005672375286217512 0.009388093433955127
      vertex 0.3682664559318316 -0.00042907948485346246 0.008325002906302777
    endloop
  endfacet
  facet normal 0.0 0.0 0.0
    outer loop
      vertex 0.37116525964276914 -0.0009275209279852623 0.009758783395978096
      vertex 0.3707786019279254 -0.0006742325297758862 0.008841800144897978
      vertex 0.37061502770917537 -0.0007067334819491817 0.009132096847847802
    endloop
  endfacet
  facet normal 0.0 0.0 0.0
    outer loop
      vertex 0.3734984505607378 -0.0008351377334477021 0.006747944710876714
      vertex 0.3727394173576128 -0.0008484601836745975 0.007858385368369736
      vertex 0.3730386116935503 -0.0009504676953633337 0.007999974502781592
    endloop
  endfacet
  facet normal 0.0 0.0 0.0
    outer loop
      vertex 0.3730386116935503 -0.0009504676953633337 0.007999974502781592
      vertex 0.3727394173576128 -0.0008484601836745975 0.007858385368369736
      vertex 0.3725738900138629 -0.0008874618657622127 0.008246117492881832
    endloop
  endfacet
  facet normal 0.0 0.0 0.0
    outer loop
      vertex 0.3728777230216753 -0.000647590326720405 0.00651649984413879
      vertex 0.3727394173576128 -0.0008484601836745975 0.007858385368369736
      vertex 0.3734984505607378 -0.0008351377334477021 0.006747944710876714
    endloop
  endfacet
  facet normal 0.0 0.0 0.0
    outer loop
      vertex 0.3722502816154253 -0.0004905828635988905 0.006280420847113397
      vertex 0.3727394173576128 -0.0008484601836745975 0.007858385368369736
      vertex 0.3728777230216753 -0.000647590326720405 0.00651649984413879
    endloop
  endfacet
  facet normal 0.0 0.0 0.0
    outer loop
      vertex 0.3704245980216754 -0.0007438308008336812 0.009452528884657701
      vertex 0.37003256921308164 -0.0005360232354398046 0.008537177559551924
      vertex 0.3697410653068316 -0.0007722155231940065 0.010014895970212512
    endloop
  endfacet
  facet normal 0.0 0.0 0.0
    outer loop
      vertex 0.37061502770917537 -0.0007067334819491817 0.009132096847847802
      vertex 0.37003256921308164 -0.0005360232354398046 0.008537177559551924
      vertex 0.3704245980216754 -0.0007438308008336812 0.009452528884657701
    endloop
  endfacet
  facet normal 0.0 0.0 0.0
    outer loop
      vertex 0.3685542977287066 -0.00038226343987714007 0.00785840155275964
      vertex 0.37003256921308164 -0.0005360232354398046 0.008537177559551924
      vertex 0.3688240120841753 -0.0003366908955192818 0.007375996142549278
    endloop
  endfacet
  facet normal 0.0 0.0 0.0
    outer loop
      vertex 0.3682664559318316 -0.00042907948485346246 0.008325002906302777
      vertex 0.37003256921308164 -0.0005360232354398046 0.008537177559551924
      vertex 0.3685542977287066 -0.00038226343987714007 0.00785840155275964
    endloop
  endfacet
  facet normal 0.0 0.0 0.0
    outer loop
      vertex 0.36853012780683164 -0.0005672375286217512 0.009388093433955127
      vertex 0.37003256921308164 -0.0005360232354398046 0.008537177559551924
      vertex 0.3682664559318316 -0.00042907948485346246 0.008325002906302777
    endloop
  endfacet
  facet normal 0.0 0.0 0.0
    outer loop
      vertex 0.3707786019279254 -0.0006742325297758862 0.008841800144897978
      vertex 0.37003256921308164 -0.0005360232354398046 0.008537177559551924
      vertex 0.37061502770917537 -0.0007067334819491817 0.009132096847847802
    endloop
  endfacet
  facet normal 0.0 0.0 0.0
    outer loop
      vertex 0.3697410653068316 -0.0007722155231940065 0.010014895970212512
      vertex 0.37003256921308164 -0.0005360232354398046 0.008537177559551924
      vertex 0.36853012780683164 -0.0005672375286217512 0.009388093433955127
    endloop
  endfacet
  facet normal 0.0 0.0 0.0
    outer loop
      vertex 0.37116525964276914 -0.0009275209279852623 0.009758783395978096
      vertex 0.3713139412833941 -0.0006084483799209339 0.008040926403843537
      vertex 0.3707786019279254 -0.0006742325297758862 0.008841800144897978
    endloop
  endfacet
  facet normal 0.0 0.0 0.0
    outer loop
      vertex 0.3725738900138629 -0.0008874618657622127 0.008246117492881832
      vertex 0.3713139412833941 -0.0006084483799209339 0.008040926403843537
      vertex 0.37116525964276914 -0.0009275209279852623 0.009758783395978096
    endloop
  endfacet
  facet normal 0.0 0.0 0.0
    outer loop
      vertex 0.3727394173576128 -0.0008484601836745975 0.007858385368369736
      vertex 0.3713139412833941 -0.0006084483799209339 0.008040926403843537
      vertex 0.3725738900138629 -0.0008874618657622127 0.008246117492881832
    endloop
  endfacet
  facet normal 0.0 0.0 0.0
    outer loop
      vertex 0.3722502816154253 -0.0004905828635988905 0.006280420847113397
      vertex 0.3713139412833941 -0.0006084483799209339 0.008040926403843537
      vertex 0.3727394173576128 -0.0008484601836745975 0.007858385368369736
    endloop
  endfacet
  facet normal 0.0 0.0 0.0
    outer loop
      vertex 0.3707786019279254 -0.0006742325297758862 0.008841800144897978
      vertex 0.3713139412833941 -0.0006084483799209339 0.008040926403843537
      vertex 0.37003256921308164 -0.0005360232354398046 0.008537177559551924
    endloop
  endfacet
  facet normal 0.0 0.0 0.0
    outer loop
      vertex 0.3713139412833941 -0.0006084483799209339 0.008040926403843537
      vertex 0.37053562097089404 -0.000364719561303402 0.006993966318053286
      vertex 0.37003256921308164 -0.0005360232354398046 0.008537177559551924
    endloop
  endfacet
  facet normal 0.0 0.0 0.0
    outer loop
      vertex 0.3722502816154253 -0.0004905828635988905 0.006280420847113397
      vertex 0.3709023201896441 -0.0003619169644648239 0.006698102185002565
      vertex 0.3713139412833941 -0.0006084483799209339 0.008040926403843537
    endloop
  endfacet
  facet normal 0.0 0.0 0.0
    outer loop
      vertex 0.3713139412833941 -0.0006084483799209339 0.008040926403843537
      vertex 0.3709023201896441 -0.0003619169644648239 0.006698102185002565
      vertex 0.37053562097089404 -0.000364719561303402 0.006993966318053286
    endloop
  endfacet
  facet normal 0.0 0.0 0.0
    outer loop
      vertex 0.3716174691154253 -0.00036444442667633 0.006040209435885206
      vertex 0.3709023201896441 -0.0003619169644648239 0.006698102185002565
      vertex 0.3722502816154253 -0.0004905828635988905 0.006280420847113397
    endloop
  endfacet
  facet normal 0.0 0.0 0.0
    outer loop
      vertex 0.37098056725995654 -0.0002694393609865848 0.005796372721335503
      vertex 0.3709023201896441 -0.0003619169644648239 0.006698102185002565
      vertex 0.3716174691154253 -0.00036444442667633 0.006040209435885206
    endloop
  endfacet
  facet normal 0.0 0.0 0.0
    outer loop
      vertex 0.37053562097089404 -0.000364719561303402 0.006993966318053286
      vertex 0.37022849206464403 -0.000324231612749895 0.006838240119126512
      vertex 0.37003256921308164 -0.0005360232354398046 0.008537177559551924
    endloop
  endfacet
  facet normal 0.0 0.0 0.0
    outer loop
      vertex 0.36907456140058154 -0.000292704421364586 0.006878366616307208
      vertex 0.37022849206464403 -0.000324231612749895 0.006838240119126512
      vertex 0.3693048470451128 -0.00025063040260792004 0.006366087519872327
    endloop
  endfacet
  facet normal 0.0 0.0 0.0
    outer loop
      vertex 0.3688240120841753 -0.0003366908955192818 0.007375996142549278
      vertex 0.37022849206464403 -0.000324231612749895 0.006838240119126512
      vertex 0.36907456140058154 -0.000292704421364586 0.006878366616307208
    endloop
  endfacet
  facet normal 0.0 0.0 0.0
    outer loop
      vertex 0.37003256921308164 -0.0005360232354398046 0.008537177559551924
      vertex 0.37022849206464403 -0.000324231612749895 0.006838240119126512
      vertex 0.3688240120841753 -0.0003366908955192818 0.007375996142549278
    endloop
  endfacet
  facet normal 0.0 0.0 0.0
    outer loop
      vertex 0.37053562097089404 -0.000364719561303402 0.006993966318053286
      vertex 0.37034567956464404 -0.00030051069205838844 0.006552763666947185
      vertex 0.37022849206464403 -0.000324231612749895 0.006838240119126512
    endloop
  endfacet
  facet normal 0.0 0.0 0.0
    outer loop
      vertex 0.3709023201896441 -0.0003619169644648239 0.006698102185002565
      vertex 0.37034567956464404 -0.00030051069205838844 0.006552763666947185
      vertex 0.37053562097089404 -0.000364719561303402 0.006993966318053286
    endloop
  endfacet
  facet normal 0.0 0.0 0.0
    outer loop
      vertex 0.37098056725995654 -0.0002694393609865848 0.005796372721335503
      vertex 0.37034567956464404 -0.00030051069205838844 0.006552763666947185
      vertex 0.3709023201896441 -0.0003619169644648239 0.006698102185002565
    endloop
  endfacet
  facet normal 0.0 0.0 0.0
    outer loop
      vertex 0.37034104089276904 -0.00020576997140250784 0.005549420511743875
      vertex 0.37034567956464404 -0.00030051069205838844 0.006552763666947185
      vertex 0.37098056725995654 -0.0002694393609865848 0.005796372721335503
    endloop
  endfacet
  facet normal 0.0 0.0 0.0
    outer loop
      vertex 0.3695137093498003 -0.00021080871143567626 0.005839730701685232
      vertex 0.37003476647870653 -0.0002691723185544137 0.006404126230765154
      vertex 0.37034104089276904 -0.00020576997140250784 0.005549420511743875
    endloop
  endfacet
  facet normal 0.0 0.0 0.0
    outer loop
      vertex 0.37022849206464403 -0.000324231612749895 0.006838240119126512
      vertex 0.37003476647870653 -0.0002691723185544137 0.006404126230765154
      vertex 0.3693048470451128 -0.00025063040260792004 0.006366087519872327
    endloop
  endfacet
  facet normal 0.0 0.0 0.0
    outer loop
      vertex 0.3693048470451128 -0.00025063040260792004 0.006366087519872327
      vertex 0.37003476647870653 -0.0002691723185544137 0.006404126230765154
      vertex 0.3695137093498003 -0.00021080871143567626 0.005839730701685232
    endloop
  endfacet
  facet normal 0.0 0.0 0.0
    outer loop
      vertex 0.37034567956464404 -0.00030051069205838844 0.006552763666947185
      vertex 0.37003476647870653 -0.0002691723185544137 0.006404126230765154
      vertex 0.37022849206464403 -0.000324231612749895 0.006838240119126512
    endloop
  endfacet
  facet normal 0.0 0.0 0.0
    outer loop
      vertex 0.37034104089276904 -0.00020576997140250784 0.005549420511743875
      vertex 0.37003476647870653 -0.0002691723185544137 0.006404126230765154
      vertex 0.37034567956464404 -0.00030051069205838844 0.006552763666947185
    endloop
  endfacet
  facet normal 0.0 0.0 0.0
    outer loop
      vertex -0.015000023560356127 -0.0010003048264383579 -0.00022125315660675822
      vertex -0.015000023560356126 -0.0007503989657030746 -0.00025263199108530086
      vertex -0.014999657349418627 -0.0007507334430928572 -0.0003431782573773771
    endloop
  endfacet
  facet normal 0.0 0.0 0.0
    outer loop
      vertex -0.014986901001762386 -0.0010036819691158388 -0.0007624375732747706
      vertex -0.014999657349418627 -0.0007507334430928572 -0.0003431782573773771
      vertex -0.014982384400199885 -0.0007547984223380358 -0.0008671397858698979
    endloop
  endfacet
  facet normal 0.0 0.0 0.0
    outer loop
      vertex -0.014986901001762386 -0.0010036819691158388 -0.0007624375732747706
      vertex -0.015000023560356127 -0.0010003048264383579 -0.00022125315660675822
      vertex -0.014999657349418627 -0.0007507334430928572 -0.0003431782573773771
    endloop
  endfacet
  facet normal 0.0 0.0 0.0
    outer loop
      vertex -0.014947594361137396 -0.0010107194812927938 -0.0013012132132566888
      vertex -0.014982384400199885 -0.0007547984223380358 -0.0008671397858698979
      vertex -0.014939781861137397 -0.0007623808089725397 -0.0013921101413283759
    endloop
  endfacet
  facet normal 0.0 0.0 0.0
    outer loop
      vertex -0.014947594361137396 -0.0010107194812927938 -0.0013012132132566888
      vertex -0.014986901001762386 -0.0010036819691158388 -0.0007624375732747706
      vertex -0.014982384400199885 -0.0007547984223380358 -0.0008671397858698979
    endloop
  endfacet
  facet normal 0.0 0.0 0.0
    outer loop
      vertex -0.014882225708793655 -0.0010212986774438167 -0.0018366521715356971
      vertex -0.014939781861137397 -0.0007623808089725397 -0.0013921101413283759
      vertex -0.014872826294731155 -0.0007732486267421651 -0.0019143884932787665
    endloop
  endfacet
  facet normal 0.0 0.0 0.0
    outer loop
      vertex -0.014882225708793655 -0.0010212986774438167 -0.0018366521715356971
      vertex -0.014947594361137396 -0.0010107194812927938 -0.0013012132132566888
      vertex -0.014939781861137397 -0.0007623808089725397 -0.0013921101413283759
    endloop
  endfacet
  facet normal 0.0 0.0 0.0
    outer loop
      vertex -0.014791039185356163 -0.0010352900824502815 -0.0023678265430949795
      vertex -0.014872826294731155 -0.0007732486267421651 -0.0019143884932787665
      vertex -0.014782433228324914 -0.0007871752941893174 -0.002430295590433463
    endloop
  endfacet
  facet normal 0.0 0.0 0.0
    outer loop
      vertex -0.014791039185356163 -0.0010352900824502815 -0.0023678265430949795
      vertex -0.014882225708793655 -0.0010212986774438167 -0.0018366521715356971
      vertex -0.014872826294731155 -0.0007732486267421651 -0.0019143884932787665
    endloop
  endfacet
  facet normal 0.0 0.0 0.0
    outer loop
      vertex -0.014674034790824924 -0.0010525642211935632 -0.002893803028121111
      vertex -0.014782433228324914 -0.0007871752941893174 -0.002430295590433463
      vertex -0.014669640259574923 -0.0008039288350597925 -0.0029361306023184194
    endloop
  endfacet
  facet normal 0.0 0.0 0.0
    outer loop
      vertex -0.014674034790824924 -0.0010525642211935632 -0.002893803028121111
      vertex -0.014791039185356163 -0.0010352900824502815 -0.0023678265430949795
      vertex -0.014782433228324914 -0.0007871752941893174 -0.002430295590433463
    endloop
  endfacet
  facet normal 0.0 0.0 0.0
    outer loop
      vertex -0.014531395630668681 -0.0010729970133516455 -0.003413659116393885
      vertex -0.014669640259574923 -0.0008039288350597925 -0.0029361306023184194
      vertex -0.014535484986137432 -0.000823279970497691 -0.0034283950033324453
    endloop
  endfacet
  facet normal 0.0 0.0 0.0
    outer loop
      vertex -0.014531395630668681 -0.0010729970133516455 -0.003413659116393885
      vertex -0.014674034790824924 -0.0010525642211935632 -0.002893803028121111
      vertex -0.014669640259574923 -0.0008039288350597925 -0.0029361306023184194
    endloop
  endfacet
  facet normal 0.0 0.0 0.0
    outer loop
      vertex -0.014381127075981189 -0.000844972447664067 -0.003905629500992699
      vertex -0.014531395630668681 -0.0010729970133516455 -0.003413659116393885
      vertex -0.014535484986137432 -0.000823279970497691 -0.0034283950033324453
    endloop
  endfacet
  facet normal 0.0 0.0 0.0
    outer loop
      vertex -0.014363243775199942 -0.0010964562864075982 -0.003926464205498181
      vertex -0.014531395630668681 -0.0010729970133516455 -0.003413659116393885
      vertex -0.014381127075981189 -0.000844972447664067 -0.003905629500992699
    endloop
  endfacet
  facet normal 0.0 0.0 0.0
    outer loop
      vertex -0.014207848267387448 -0.0008687257371352317 -0.004367602119044976
      vertex -0.014363243775199942 -0.0010964562864075982 -0.003926464205498181
      vertex -0.014381127075981189 -0.000844972447664067 -0.003905629500992699
    endloop
  endfacet
  facet normal 0.0 0.0 0.0
    outer loop
      vertex -0.014169701294731201 -0.0011228233548360145 -0.004431284995620574
      vertex -0.014363243775199942 -0.0010964562864075982 -0.003926464205498181
      vertex -0.014207848267387448 -0.0008687257371352317 -0.004367602119044976
    endloop
  endfacet
  facet normal 0.0 0.0 0.0
    outer loop
      vertex -0.014016930298637457 -0.0008942727964790204 -0.004814099763023205
      vertex -0.014169701294731201 -0.0011228233548360145 -0.004431284995620574
      vertex -0.014207848267387448 -0.0008687257371352317 -0.004367602119044976
    endloop
  endfacet
  facet normal 0.0 0.0 0.0
    outer loop
      vertex -0.01395162268144996 -0.001151812294416597 -0.00492573698665971
      vertex -0.014169701294731201 -0.0011228233548360145 -0.004431284995620574
      vertex -0.014016930298637457 -0.0008942727964790204 -0.004814099763023205
    endloop
  endfacet
  facet normal 0.0 0.0 0.0
    outer loop
      vertex -0.013809715943168713 -0.0009213357936700489 -0.005244914733257925
      vertex -0.01395162268144996 -0.001151812294416597 -0.00492573698665971
      vertex -0.014016930298637457 -0.0008942727964790204 -0.004814099763023205
    endloop
  endfacet
  facet normal 0.0 0.0 0.0
    outer loop
      vertex -0.01370992346269997 -0.001183048166784992 -0.005407789037692154
      vertex -0.013809715943168713 -0.0009213357936700489 -0.005244914733257925
      vertex -0.013587486939262471 -0.0009496449888778474 -0.005659831237884759
    endloop
  endfacet
  facet normal 0.0 0.0 0.0
    outer loop
      vertex -0.01370992346269997 -0.001183048166784992 -0.005407789037692154
      vertex -0.01395162268144996 -0.001151812294416597 -0.00492573698665971
      vertex -0.013809715943168713 -0.0009213357936700489 -0.005244914733257925
    endloop
  endfacet
  facet normal 0.0 0.0 0.0
    outer loop
      vertex -0.013445091919731226 -0.0012162288633310744 -0.005876642718819715
      vertex -0.013587486939262471 -0.0009496449888778474 -0.005659831237884759
      vertex -0.013351525025199979 -0.0009789198526787275 -0.006058633485039333
    endloop
  endfacet
  facet normal 0.0 0.0 0.0
    outer loop
      vertex -0.013445091919731226 -0.0012162288633310744 -0.005876642718819715
      vertex -0.01370992346269997 -0.001183048166784992 -0.005407789037692154
      vertex -0.013587486939262471 -0.0009496449888778474 -0.005659831237884759
    endloop
  endfacet
  facet normal 0.0 0.0 0.0
    outer loop
      vertex -0.013157738404106235 -0.0012510441832498031 -0.006331513087135725
      vertex -0.013351525025199979 -0.0009789198526787275 -0.006058633485039333
      vertex -0.013103111939262484 -0.0010088933426405245 -0.006441119169848793
    endloop
  endfacet
  facet normal 0.0 0.0 0.0
    outer loop
      vertex -0.013157738404106235 -0.0012510441832498031 -0.006331513087135725
      vertex -0.013445091919731226 -0.0012162288633310744 -0.005876642718819715
      vertex -0.013351525025199979 -0.0009789198526787275 -0.006058633485039333
    endloop
  endfacet
  facet normal 0.0 0.0 0.0
    outer loop
      vertex -0.012848290161918744 -0.0012871893205327477 -0.006771604410140301
      vertex -0.013103111939262484 -0.0010088933426405245 -0.006441119169848793
      vertex -0.012843590454887492 -0.00103928492933955 -0.006807067105652155
    endloop
  endfacet
  facet normal 0.0 0.0 0.0
    outer loop
      vertex -0.012848290161918744 -0.0012871893205327477 -0.006771604410140301
      vertex -0.013157738404106235 -0.0012510441832498031 -0.006331513087135725
      vertex -0.013103111939262484 -0.0010088933426405245 -0.006441119169848793
    endloop
  endfacet
  facet normal 0.0 0.0 0.0
    outer loop
      vertex -0.012574181275199998 -0.0010698275703436377 -0.007156269592779959
      vertex -0.012848290161918744 -0.0012871893205327477 -0.006771604410140301
      vertex -0.012843590454887492 -0.00103928492933955 -0.006807067105652155
    endloop
  endfacet
  facet normal 0.0 0.0 0.0
    outer loop
      vertex -0.012517296509575001 -0.0013243567717731723 -0.007196134442325078
      vertex -0.012848290161918744 -0.0012871893205327477 -0.006771604410140301
      vertex -0.012574181275199998 -0.0010698275703436377 -0.007156269592779959
    endloop
  endfacet
  facet normal 0.0 0.0 0.0
    outer loop
      vertex -0.012296288208793754 -0.001100238038830796 -0.0074885135367661285
      vertex -0.012517296509575001 -0.0013243567717731723 -0.007196134442325078
      vertex -0.012574181275199998 -0.0010698275703436377 -0.007156269592779959
    endloop
  endfacet
  facet normal 0.0 0.0 0.0
    outer loop
      vertex -0.012165306763481258 -0.0013622417309626473 -0.007604302056393565
      vertex -0.012296288208793754 -0.001100238038830796 -0.0074885135367661285
      vertex -0.012010948853325008 -0.0011302897533434306 -0.0078037234104581365
    endloop
  endfacet
  facet normal 0.0 0.0 0.0
    outer loop
      vertex -0.012165306763481258 -0.0013622417309626473 -0.007604302056393565
      vertex -0.012517296509575001 -0.0013243567717731723 -0.007196134442325078
      vertex -0.012296288208793754 -0.001100238038830796 -0.0074885135367661285
    endloop
  endfacet
  facet normal 0.0 0.0 0.0
    outer loop
      vertex -0.011792870240043763 -0.0014005312998978266 -0.007995298032854346
      vertex -0.012010948853325008 -0.0011302897533434306 -0.0078037234104581365
      vertex -0.011718834595512513 -0.0011598640283561324 -0.00810224987563559
    endloop
  endfacet
  facet normal 0.0 0.0 0.0
    outer loop
      vertex -0.011792870240043763 -0.0014005312998978266 -0.007995298032854346
      vertex -0.012165306763481258 -0.0013622417309626473 -0.007604302056393565
      vertex -0.012010948853325008 -0.0011302897533434306 -0.0078037234104581365
    endloop
  endfacet
  facet normal 0.0 0.0 0.0
    outer loop
      vertex -0.011401695923637519 -0.0014387561312736933 -0.008367234192894138
      vertex -0.011718834595512513 -0.0011598640283561324 -0.00810224987563559
      vertex -0.011420433716606268 -0.001188871849724848 -0.008384543397815379
    endloop
  endfacet
  facet normal 0.0 0.0 0.0
    outer loop
      vertex -0.011401695923637519 -0.0014387561312736933 -0.008367234192894138
      vertex -0.011792870240043763 -0.0014005312998978266 -0.007995298032854346
      vertex -0.011718834595512513 -0.0011598640283561324 -0.00810224987563559
    endloop
  endfacet
  facet normal 0.0 0.0 0.0
    outer loop
      vertex -0.011116234497856274 -0.0012172295981021319 -0.008651043652921164
      vertex -0.011401695923637519 -0.0014387561312736933 -0.008367234192894138
      vertex -0.011420433716606268 -0.001188871849724848 -0.008384543397815379
    endloop
  endfacet
  facet normal 0.0 0.0 0.0
    outer loop
      vertex -0.010993187622856275 -0.0014765089179462384 -0.008718937168250396
      vertex -0.011116234497856274 -0.0012172295981021319 -0.008651043652921164
      vertex -0.010806725220512528 -0.0012448401671490141 -0.008902193014274919
    endloop
  endfacet
  facet normal 0.0 0.0 0.0
    outer loop
      vertex -0.010993187622856275 -0.0014765089179462384 -0.008718937168250396
      vertex -0.011401695923637519 -0.0014387561312736933 -0.008367234192894138
      vertex -0.011116234497856274 -0.0012172295981021319 -0.008651043652921164
    endloop
  endfacet
  facet normal 0.0 0.0 0.0
    outer loop
      vertex -0.010568077759575032 -0.0015134794591104214 -0.009049864781863879
      vertex -0.010806725220512528 -0.0012448401671490141 -0.008902193014274919
      vertex -0.010492455200981281 -0.0012716226349163548 -0.00913843924999522
    endloop
  endfacet
  facet normal 0.0 0.0 0.0
    outer loop
      vertex -0.010568077759575032 -0.0015134794591104214 -0.009049864781863879
      vertex -0.010993187622856275 -0.0014765089179462384 -0.008718937168250396
      vertex -0.010806725220512528 -0.0012448401671490141 -0.008902193014274919
    endloop
  endfacet
  facet normal 0.0 0.0 0.0
    outer loop
      vertex -0.010127159790825038 -0.0015493413695713736 -0.009359474856675338
      vertex -0.010492455200981281 -0.0012716226349163548 -0.00913843924999522
      vertex -0.010173912720512537 -0.001297487987260099 -0.009360222036005738
    endloop
  endfacet
  facet normal 0.0 0.0 0.0
    outer loop
      vertex -0.010127159790825038 -0.0015493413695713736 -0.009359474856675338
      vertex -0.010568077759575032 -0.0015134794591104214 -0.009049864781863879
      vertex -0.010492455200981281 -0.0012716226349163548 -0.00913843924999522
    endloop
  endfacet
  facet normal 0.0 0.0 0.0
    outer loop
      vertex -0.00985158606035629 -0.0013223391178412767 -0.009567989140425046
      vertex -0.010127159790825038 -0.0015493413695713736 -0.009359474856675338
      vertex -0.010173912720512537 -0.001297487987260099 -0.009360222036005738
    endloop
  endfacet
  facet normal 0.0 0.0 0.0
    outer loop
      vertex -0.009671288208793793 -0.0015837871459223605 -0.009647217123430614
      vertex -0.00985158606035629 -0.0013223391178412767 -0.009567989140425046
      vertex -0.009525963501762543 -0.0013460978021090516 -0.009762180239176814
    endloop
  endfacet
  facet normal 0.0 0.0 0.0
    outer loop
      vertex -0.009671288208793793 -0.0015837871459223605 -0.009647217123430614
      vertex -0.010127159790825038 -0.0015493413695713736 -0.009359474856675338
      vertex -0.00985158606035629 -0.0013223391178412767 -0.009567989140425046
    endloop
  endfacet
  facet normal 0.0 0.0 0.0
    outer loop
      vertex -0.009201195435356297 -0.001616485008171903 -0.00991254940507047
      vertex -0.009525963501762543 -0.0013460978021090516 -0.009762180239176814
      vertex -0.009197655396293797 -0.0013686669337244562 -0.009943237705583013
    endloop
  endfacet
  facet normal 0.0 0.0 0.0
    outer loop
      vertex -0.009201195435356297 -0.001616485008171903 -0.00991254940507047
      vertex -0.009671288208793793 -0.0015837871459223605 -0.009647217123430614
      vertex -0.009525963501762543 -0.0013460978021090516 -0.009762180239176814
    endloop
  endfacet
  facet normal 0.0 0.0 0.0
    outer loop
      vertex -0.0088669669197313 -0.0013899655907383464 -0.010111609307762217
      vertex -0.009201195435356297 -0.001616485008171903 -0.00991254940507047
      vertex -0.009197655396293797 -0.0013686669337244562 -0.009943237705583013
    endloop
  endfacet
  facet normal 0.0 0.0 0.0
    outer loop
      vertex -0.008717858033012553 -0.0016471193607183522 -0.010154859392179734
      vertex -0.0088669669197313 -0.0013899655907383464 -0.010111609307762217
      vertex -0.008534447388481302 -0.001409931732989718 -0.010267594456926253
    endloop
  endfacet
  facet normal 0.0 0.0 0.0
    outer loop
      vertex -0.008717858033012553 -0.0016471193607183522 -0.010154859392179734
      vertex -0.009201195435356297 -0.001616485008171903 -0.00991254940507047
      vertex -0.0088669669197313 -0.0013899655907383464 -0.010111609307762217
    endloop
  endfacet
  facet normal 0.0 0.0 0.0
    outer loop
      vertex -0.008223595337700057 -0.0016752936860109174 -0.010372984506089082
      vertex -0.008534447388481302 -0.001409931732989718 -0.010267594456926253
      vertex -0.008200157837700056 -0.001428551873487044 -0.010411363089168315
    endloop
  endfacet
  facet normal 0.0 0.0 0.0
    outer loop
      vertex -0.008223595337700057 -0.0016752936860109174 -0.010372984506089082
      vertex -0.008717858033012553 -0.0016471193607183522 -0.010154859392179734
      vertex -0.008534447388481302 -0.001409931732989718 -0.010267594456926253
    endloop
  endfacet
  facet normal 0.0 0.0 0.0
    outer loop
      vertex -0.007864220337700057 -0.0014458071304421951 -0.010543063561395163
      vertex -0.008223595337700057 -0.0016752936860109174 -0.010372984506089082
      vertex -0.008200157837700056 -0.001428551873487044 -0.010411363089168315
    endloop
  endfacet
  facet normal 0.0 0.0 0.0
    outer loop
      vertex -0.007719750122856309 -0.00170078409999031 -0.010566468886485023
      vertex -0.007864220337700057 -0.0014458071304421951 -0.010543063561395163
      vertex -0.00752694006426256 -0.0014616786220670362 -0.010662855020106773
    endloop
  endfacet
  facet normal 0.0 0.0 0.0
    outer loop
      vertex -0.007719750122856309 -0.00170078409999031 -0.010566468886485023
      vertex -0.008223595337700057 -0.0016752936860109174 -0.010372984506089082
      vertex -0.007864220337700057 -0.0014458071304421951 -0.010543063561395163
    endloop
  endfacet
  facet normal 0.0 0.0 0.0
    outer loop
      vertex -0.007207176880668813 -0.001723407179571808 -0.010735042793537087
      vertex -0.00752694006426256 -0.0014616786220670362 -0.010662855020106773
      vertex -0.007188317017387562 -0.0014761501639717388 -0.010770893914404816
    endloop
  endfacet
  facet normal 0.0 0.0 0.0
    outer loop
      vertex -0.007207176880668813 -0.001723407179571808 -0.010735042793537087
      vertex -0.007719750122856309 -0.00170078409999031 -0.010566468886485023
      vertex -0.00752694006426256 -0.0014616786220670362 -0.010662855020106773
    endloop
  endfacet
  facet normal 0.0 0.0 0.0
    outer loop
      vertex -0.006848656372856314 -0.0014892028743681705 -0.010867328601196054
      vertex -0.007207176880668813 -0.001723407179571808 -0.010735042793537087
      vertex -0.007188317017387562 -0.0014761501639717388 -0.010770893914404816
    endloop
  endfacet
  facet normal 0.0 0.0 0.0
    outer loop
      vertex -0.006686913208793816 -0.0017429768042723905 -0.010878449974406323
      vertex -0.006848656372856314 -0.0014892028743681705 -0.010867328601196054
      vertex -0.006508019165825066 -0.0015008259636631136 -0.010952320924378764
    endloop
  endfacet
  facet normal 0.0 0.0 0.0
    outer loop
      vertex -0.006686913208793816 -0.0017429768042723905 -0.010878449974406323
      vertex -0.007207176880668813 -0.001723407179571808 -0.010735042793537087
      vertex -0.006848656372856314 -0.0014892028743681705 -0.010867328601196054
    endloop
  endfacet
  facet normal 0.0 0.0 0.0
    outer loop
      vertex -0.006159874634575068 -0.001759306853609031 -0.010996412597067351
      vertex -0.006508019165825066 -0.0015008259636631136 -0.010952320924378764
      vertex -0.006166588501762566 -0.0015109924578735185 -0.011026021938258012
    endloop
  endfacet
  facet normal 0.0 0.0 0.0
    outer loop
      vertex -0.006159874634575068 -0.001759306853609031 -0.010996412597067351
      vertex -0.006686913208793816 -0.0017429768042723905 -0.010878449974406323
      vertex -0.006508019165825066 -0.0015008259636631136 -0.010952320924378764
    endloop
  endfacet
  facet normal 0.0 0.0 0.0
    outer loop
      vertex -0.005824608521293817 -0.0015196888700078652 -0.011088590789333773
      vertex -0.006159874634575068 -0.001759306853609031 -0.010996412597067351
      vertex -0.006166588501762566 -0.0015109924578735185 -0.011026021938258012
    endloop
  endfacet
  facet normal 0.0 0.0 0.0
    outer loop
      vertex -0.005786400513481318 -0.0017687342606839502 -0.01106386643647292
      vertex -0.006159874634575068 -0.001759306853609031 -0.010996412597067351
      vertex -0.005824608521293817 -0.0015196888700078652 -0.011088590789333773
    endloop
  endfacet
  facet normal 0.0 0.0 0.0
    outer loop
      vertex -0.005786400513481318 -0.0017687342606839502 -0.01106386643647292
      vertex -0.005824608521293817 -0.0015196888700078652 -0.011088590789333773
      vertex -0.005624962525200067 -0.0015240775370496085 -0.011119985808202148
    endloop
  endfacet
  facet normal 0.0 0.0 0.0
    outer loop
      vertex -0.005410423950981318 -0.0017764083588608158 -0.01111857237149049
      vertex -0.005786400513481318 -0.0017687342606839502 -0.01106386643647292
      vertex -0.005624962525200067 -0.0015240775370496085 -0.011119985808202148
    endloop
  endfacet
  facet normal 0.0 0.0 0.0
    outer loop
      vertex -0.005410423950981318 -0.0017764083588608158 -0.01111857237149049
      vertex -0.005624962525200067 -0.0015240775370496085 -0.011119985808202148
      vertex -0.005425255493950069 -0.0015279536984134606 -0.011147685391393087
    endloop
  endfacet
  facet normal 0.0 0.0 0.0
    outer loop
      vertex -0.005410423950981318 -0.0017764083588608158 -0.01111857237149049
      vertex -0.005425255493950069 -0.0015279536984134606 -0.011147685391393087
      vertex -0.0054137808845750686 -0.0015281640954812267 -0.011149158170867451
    endloop
  endfacet
  facet normal 0.0 0.0 0.0
    outer loop
      vertex 0.35700266198651853 -0.0033366833420373503 -0.019193975981141753
      vertex 0.23707694177167485 -0.003096566339749019 -0.019264512946807484
      vertex 0.3570024788810498 -0.003093699005351921 -0.019252862883531598
    endloop
  endfacet
  facet normal 0.0 0.0 0.0
    outer loop
      vertex 0.16333579186933106 -0.003345053368975547 -0.0192278202376674
      vertex 0.12736704186933107 -0.003108014098153433 -0.019311598731612357
      vertex 0.23707694177167485 -0.003096566339749019 -0.019264512946807484
    endloop
  endfacet
  facet normal 0.0 0.0 0.0
    outer loop
      vertex 0.11909848718183107 -0.003346299566992026 -0.019232950689242155
      vertex 0.11713626794354981 -0.003098961629442801 -0.01927506516897336
      vertex 0.12736704186933107 -0.003108014098153433 -0.019311598731612357
    endloop
  endfacet
  facet normal 0.0 0.0 0.0
    outer loop
      vertex 0.11909848718183107 -0.003346299566992026 -0.019232950689242155
      vertex 0.10991348962323731 -0.003079904510420066 -0.01919744213795896
      vertex 0.11713626794354981 -0.003098961629442801 -0.01927506516897336
    endloop
  endfacet
  facet normal 0.0 0.0 0.0
    outer loop
      vertex 0.11909848718183107 -0.003346299566992026 -0.019232950689242155
      vertex 0.10508194665448731 -0.0033057522756757248 -0.019068430971841816
      vertex 0.10991348962323731 -0.003079904510420066 -0.01919744213795896
    endloop
  endfacet
  facet normal 0.0 0.0 0.0
    outer loop
      vertex 0.10508194665448731 -0.0033057522756757248 -0.019068430971841816
      vertex 0.10268717126386231 -0.003049645096237926 -0.019073788004874907
      vertex 0.10991348962323731 -0.003079904510420066 -0.01919744213795896
    endloop
  endfacet
  facet normal 0.0 0.0 0.0
    outer loop
      vertex 0.10508194665448731 -0.0033057522756757248 -0.019068430971841816
      vertex 0.09217197350995604 -0.0032289007005765107 -0.018752535958980198
      vertex 0.10268717126386231 -0.003049645096237926 -0.019073788004874907
    endloop
  endfacet
  facet normal 0.0 0.0 0.0
    outer loop
      vertex 0.09217197350995604 -0.0032289007005765107 -0.018752535958980198
      vertex 0.08846298913495607 -0.0029556758314970956 -0.018686913653023458
      vertex 0.10268717126386231 -0.003049645096237926 -0.019073788004874907
    endloop
  endfacet
  facet normal 0.0 0.0 0.0
    outer loop
      vertex 0.09217197350995604 -0.0032289007005765107 -0.018752535958980198
      vertex 0.07863693933026857 -0.0031099508301358847 -0.018252303443373863
      vertex 0.08846298913495607 -0.0029556758314970956 -0.018686913653023458
    endloop
  endfacet
  facet normal 0.0 0.0 0.0
    outer loop
      vertex 0.07863693933026857 -0.0031099508301358847 -0.018252303443373863
      vertex 0.07565927819745606 -0.0028337777047094405 -0.01817163774707184
      vertex 0.08846298913495607 -0.0029556758314970956 -0.018686913653023458
    endloop
  endfacet
  facet normal 0.0 0.0 0.0
    outer loop
      vertex 0.07863693933026857 -0.0031099508301358847 -0.018252303443373863
      vertex 0.06435410241620608 -0.002945155978108618 -0.017535178524883416
      vertex 0.07565927819745606 -0.0028337777047094405 -0.01817163774707184
    endloop
  endfacet
  facet normal 0.0 0.0 0.0
    outer loop
      vertex 0.06435410241620608 -0.002945155978108618 -0.017535178524883416
      vertex 0.06285398034589358 -0.002680322715155131 -0.017497099353015983
      vertex 0.07565927819745606 -0.0028337777047094405 -0.01817163774707184
    endloop
  endfacet
  facet normal 0.0 0.0 0.0
    outer loop
      vertex 0.06285398034589358 -0.002680322715155131 -0.017497099353015983
      vertex 0.05015579919354984 -0.0027467218718234747 -0.016626465497005246
      vertex 0.0500479500724561 -0.0024990764308675272 -0.01666253240973735
    endloop
  endfacet
  facet normal 0.0 0.0 0.0
    outer loop
      vertex 0.06435410241620608 -0.002945155978108618 -0.017535178524883416
      vertex 0.05015579919354984 -0.0027467218718234747 -0.016626465497005246
      vertex 0.06285398034589358 -0.002680322715155131 -0.017497099353015983
    endloop
  endfacet
  facet normal 0.0 0.0 0.0
    outer loop
      vertex 0.05015579919354984 -0.0027467218718234747 -0.016626465497005246
      vertex 0.042978492064643596 -0.0023884992847647223 -0.016133006148542114
      vertex 0.0500479500724561 -0.0024990764308675272 -0.01666253240973735
    endloop
  endfacet
  facet normal 0.0 0.0 0.0
    outer loop
      vertex 0.042978492064643596 -0.0023884992847647223 -0.016133006148542114
      vertex 0.03606961755292486 -0.0025214162836269373 -0.015528443661306816
      vertex 0.03591068200604986 -0.002271585950044185 -0.015554276644870899
    endloop
  endfacet
  facet normal 0.0 0.0 0.0
    outer loop
      vertex 0.05015579919354984 -0.0027467218718234747 -0.016626465497005246
      vertex 0.03606961755292486 -0.0025214162836269373 -0.015528443661306816
      vertex 0.042978492064643596 -0.0023884992847647223 -0.016133006148542114
    endloop
  endfacet
  facet normal 0.0 0.0 0.0
    outer loop
      vertex 0.03591068200604986 -0.002271585950044185 -0.015554276644870899
      vertex 0.02208792809979988 -0.002277158774941598 -0.014240908015516971
      vertex 0.021916358275581128 -0.002026365470164068 -0.01426040481046332
    endloop
  endfacet
  facet normal 0.0 0.0 0.0
    outer loop
      vertex 0.03606961755292486 -0.0025214162836269373 -0.015528443661306816
      vertex 0.02208792809979988 -0.002277158774941598 -0.014240908015516971
      vertex 0.03591068200604986 -0.002271585950044185 -0.015554276644870899
    endloop
  endfacet
  facet normal 0.0 0.0 0.0
    outer loop
      vertex 0.021916358275581128 -0.002026365470164068 -0.01426040481046332
      vertex 0.008330786986518653 -0.0020266594865791907 -0.012777895820413358
      vertex 0.008242957396674903 -0.001777139353801478 -0.012802150825969194
    endloop
  endfacet
  facet normal 0.0 0.0 0.0
    outer loop
      vertex 0.02208792809979988 -0.002277158774941598 -0.014240908015516971
      vertex 0.008330786986518653 -0.0020266594865791907 -0.012777895820413358
      vertex 0.021916358275581128 -0.002026365470164068 -0.01426040481046332
    endloop
  endfacet
  facet normal 0.0 0.0 0.0
    outer loop
      vertex 0.008242957396674903 -0.001777139353801478 -0.012802150825969194
      vertex -0.005410423950981318 -0.0017764083588608158 -0.01111857237149049
      vertex -0.0054137808845750686 -0.0015281640954812267 -0.011149158170867451
    endloop
  endfacet
  facet normal 0.0 0.0 0.0
    outer loop
      vertex 0.008330786986518653 -0.0020266594865791907 -0.012777895820413358
      vertex -0.005410423950981318 -0.0017764083588608158 -0.01111857237149049
      vertex 0.008242957396674903 -0.001777139353801478 -0.012802150825969194
    endloop
  endfacet
  facet normal 0.0 0.0 0.0
    outer loop
      vertex 0.16333579186933106 -0.003345053368975547 -0.0192278202376674
      vertex 0.11909848718183107 -0.003346299566992026 -0.019232950689242155
      vertex 0.12736704186933107 -0.003108014098153433 -0.019311598731612357
    endloop
  endfacet
  facet normal 0.0 0.0 0.0
    outer loop
      vertex 0.35700266198651853 -0.0033366833420373503 -0.019193975981141753
      vertex 0.16333579186933106 -0.003345053368975547 -0.0192278202376674
      vertex 0.23707694177167485 -0.003096566339749019 -0.019264512946807484
    endloop
  endfacet
  facet normal 0.0 0.0 0.0
    outer loop
      vertex 0.37499924401776896 -0.0007633626619580221 -0.0014643734419180464
      vertex 0.37499997643964395 -0.000760476445771996 -0.0012965575037896136
      vertex 0.37499997643964395 -0.001009548810431128 -0.0012359847274593329
    endloop
  endfacet
  facet normal 0.0 0.0 0.0
    outer loop
      vertex 0.3749908822013626 -0.0010207807769718868 -0.001822755175476728
      vertex 0.37499924401776896 -0.0007633626619580221 -0.0014643734419180464
      vertex 0.37499997643964395 -0.001009548810431128 -0.0012359847274593329
    endloop
  endfacet
  facet normal 0.0 0.0 0.0
    outer loop
      vertex 0.3749795906974564 -0.000779271917159126 -0.002168345846274535
      vertex 0.37499924401776896 -0.0007633626619580221 -0.0014643734419180464
      vertex 0.3749908822013626 -0.0010207807769718868 -0.001822755175476728
    endloop
  endfacet
  facet normal 0.0 0.0 0.0
    outer loop
      vertex 0.37496353845136265 -0.0010362989094188095 -0.0024084331771807204
      vertex 0.3749795906974564 -0.000779271917159126 -0.002168345846274535
      vertex 0.3749908822013626 -0.0010207807769718868 -0.001822755175476728
    endloop
  endfacet
  facet normal 0.0 0.0 0.0
    outer loop
      vertex 0.3749334481193314 -0.0008012152523678373 -0.0028692728879450213
      vertex 0.3749795906974564 -0.000779271917159126 -0.002168345846274535
      vertex 0.37496353845136265 -0.0010362989094188095 -0.0024084331771807204
    endloop
  endfacet
  facet normal 0.0 0.0 0.0
    outer loop
      vertex 0.37489102868573765 -0.001066391084906011 -0.003257352976838418
      vertex 0.3749334481193314 -0.0008012152523678373 -0.0028692728879450213
      vertex 0.37496353845136265 -0.0010362989094188095 -0.0024084331771807204
    endloop
  endfacet
  facet normal 0.0 0.0 0.0
    outer loop
      vertex 0.37484342126386266 -0.0008353724071002175 -0.003705447480613024
      vertex 0.3749334481193314 -0.0008012152523678373 -0.0028692728879450213
      vertex 0.37489102868573765 -0.001066391084906011 -0.003257352976838418
    endloop
  endfacet
  facet normal 0.0 0.0 0.0
    outer loop
      vertex 0.3747797615958939 -0.0011052471074851735 -0.004101776213522185
      vertex 0.37484342126386266 -0.0008353724071002175 -0.003705447480613024
      vertex 0.37489102868573765 -0.001066391084906011 -0.003257352976838418
    endloop
  endfacet
  facet normal 0.0 0.0 0.0
    outer loop
      vertex 0.37471591882245636 -0.0008779103783652915 -0.00453513483035823
      vertex 0.37484342126386266 -0.0008353724071002175 -0.003705447480613024
      vertex 0.3747797615958939 -0.0011052471074851735 -0.004101776213522185
    endloop
  endfacet
  facet normal 0.0 0.0 0.0
    outer loop
      vertex 0.3746294930412064 -0.001152691646266492 -0.004940400043850852
      vertex 0.37471591882245636 -0.0008779103783652915 -0.00453513483035823
      vertex 0.3747797615958939 -0.0011052471074851735 -0.004101776213522185
    endloop
  endfacet
  facet normal 0.0 0.0 0.0
    outer loop
      vertex 0.3745510628654251 -0.0009285621237308943 -0.0053571669637147035
      vertex 0.37471591882245636 -0.0008779103783652915 -0.00453513483035823
      vertex 0.3746294930412064 -0.001152691646266492 -0.004940400043850852
    endloop
  endfacet
  facet normal 0.0 0.0 0.0
    outer loop
      vertex 0.3744404061271439 -0.001208414500444925 -0.005770583714884121
      vertex 0.3745510628654251 -0.0009285621237308943 -0.0053571669637147035
      vertex 0.3746294930412064 -0.001152691646266492 -0.004940400043850852
    endloop
  endfacet
  facet normal 0.0 0.0 0.0
    outer loop
      vertex 0.3743490364982376 -0.0009869904684089393 -0.006170435249979216
      vertex 0.3745510628654251 -0.0009285621237308943 -0.0053571669637147035
      vertex 0.3744404061271439 -0.001208414500444925 -0.005770583714884121
    endloop
  endfacet
  facet normal 0.0 0.0 0.0
    outer loop
      vertex 0.3742130501701125 -0.0012719004669442776 -0.006589681078885084
      vertex 0.3743490364982376 -0.0009869904684089393 -0.006170435249979216
      vertex 0.3744404061271439 -0.001208414500444925 -0.005770583714884121
    endloop
  endfacet
  facet normal 0.0 0.0 0.0
    outer loop
      vertex 0.3741111824943313 -0.0010528258688316829 -0.0069742680369738975
      vertex 0.3743490364982376 -0.0009869904684089393 -0.006170435249979216
      vertex 0.3742130501701125 -0.0012719004669442776 -0.006589681078885084
    endloop
  endfacet
  facet normal 0.0 0.0 0.0
    outer loop
      vertex 0.37364395837323755 -0.0014202978346771911 -0.008189650975511142
      vertex 0.3739110482169875 -0.0011057569157647547 -0.007557081401678298
      vertex 0.3739474862052688 -0.00134268559325614 -0.00739645133263358
    endloop
  endfacet
  facet normal 0.0 0.0 0.0
    outer loop
      vertex 0.3736925423576125 -0.0011617764837567055 -0.00812745706279974
      vertex 0.3739110482169875 -0.0011057569157647547 -0.007557081401678298
      vertex 0.37364395837323755 -0.0014202978346771911 -0.008189650975511142
    endloop
  endfacet
  facet normal 0.0 0.0 0.0
    outer loop
      vertex 0.373407019896675 -0.0012327207565685447 -0.008795918218474886
      vertex 0.3736925423576125 -0.0011617764837567055 -0.00812745706279974
      vertex 0.37364395837323755 -0.0014202978346771911 -0.008189650975511142
    endloop
  endfacet
  facet normal 0.0 0.0 0.0
    outer loop
      vertex 0.3733030770255813 -0.0015041842245549675 -0.008967259656187556
      vertex 0.373407019896675 -0.0012327207565685447 -0.008795918218474886
      vertex 0.37364395837323755 -0.0014202978346771911 -0.008189650975511142
    endloop
  endfacet
  facet normal 0.0 0.0 0.0
    outer loop
      vertex 0.3730618660880813 -0.0013155605559040983 -0.009516342055091716
      vertex 0.373407019896675 -0.0012327207565685447 -0.008795918218474886
      vertex 0.3733030770255813 -0.0015041842245549675 -0.008967259656187556
    endloop
  endfacet
  facet normal 0.0 0.0 0.0
    outer loop
      vertex 0.37292642907636253 -0.0015934600162455278 -0.009725484832646413
      vertex 0.3730618660880813 -0.0013155605559040983 -0.009516342055091716
      vertex 0.3733030770255813 -0.0015041842245549675 -0.008967259656187556
    endloop
  endfacet
  facet normal 0.0 0.0 0.0
    outer loop
      vertex 0.372646277709175 -0.0014116661601021522 -0.010288350936887578
      vertex 0.3730618660880813 -0.0013155605559040983 -0.009516342055091716
      vertex 0.37292642907636253 -0.0015934600162455278 -0.009725484832646413
    endloop
  endfacet
  facet normal 0.0 0.0 0.0
    outer loop
      vertex 0.3725148690177687 -0.0016873591486303407 -0.010463037148498071
      vertex 0.372646277709175 -0.0014116661601021522 -0.010288350936887578
      vertex 0.37292642907636253 -0.0015934600162455278 -0.009725484832646413
    endloop
  endfacet
  facet normal 0.0 0.0 0.0
    outer loop
      vertex 0.3721993172599562 -0.0015110464058421087 -0.011029366712162465
      vertex 0.372646277709175 -0.0014116661601021522 -0.010288350936887578
      vertex 0.3725148690177687 -0.0016873591486303407 -0.010463037148498071
    endloop
  endfacet
  facet normal 0.0 0.0 0.0
    outer loop
      vertex 0.3720690682365187 -0.0017851236527857831 -0.011178856526208782
      vertex 0.3721993172599562 -0.0015110464058421087 -0.011029366712162465
      vertex 0.3725148690177687 -0.0016873591486303407 -0.010463037148498071
    endloop
  endfacet
  facet normal 0.0 0.0 0.0
    outer loop
      vertex 0.37172373132245623 -0.0016126547025817456 -0.011738321211187723
      vertex 0.3721993172599562 -0.0015110464058421087 -0.011029366712162465
      vertex 0.3720690682365187 -0.0017851236527857831 -0.011178856526208782
    endloop
  endfacet
  facet normal 0.0 0.0 0.0
    outer loop
      vertex 0.37158975915448744 -0.0018860117441780648 -0.011871877493448191
      vertex 0.37172373132245623 -0.0016126547025817456 -0.011738321211187723
      vertex 0.3720690682365187 -0.0017851236527857831 -0.011178856526208782
    endloop
  endfacet
  facet normal 0.0 0.0 0.0
    outer loop
      vertex 0.3712220833732375 -0.0017154498545754481 -0.01241414086943808
      vertex 0.37172373132245623 -0.0016126547025817456 -0.011738321211187723
      vertex 0.37158975915448744 -0.0018860117441780648 -0.011871877493448191
    endloop
  endfacet
  facet normal 0.0 0.0 0.0
    outer loop
      vertex 0.37107767419355 -0.0019892654538835658 -0.012541045367479166
      vertex 0.3712220833732375 -0.0017154498545754481 -0.01241414086943808
      vertex 0.37158975915448744 -0.0018860117441780648 -0.011871877493448191
    endloop
  endfacet
  facet normal 0.0 0.0 0.0
    outer loop
      vertex 0.3706969979240187 -0.0018184014556708226 -0.013055752122388263
      vertex 0.3712220833732375 -0.0017154498545754481 -0.01241414086943808
      vertex 0.37107767419355 -0.0019892654538835658 -0.012541045367479166
    endloop
  endfacet
  facet normal 0.0 0.0 0.0
    outer loop
      vertex 0.37053354577558123 -0.0020941376025718854 -0.013185300070767953
      vertex 0.3706969979240187 -0.0018184014556708226 -0.013055752122388263
      vertex 0.37107767419355 -0.0019892654538835658 -0.012541045367479166
    endloop
  endfacet
  facet normal 0.0 0.0 0.0
    outer loop
      vertex 0.3701510994865187 -0.0019204979815036092 -0.013662218972826547
      vertex 0.3706969979240187 -0.0018184014556708226 -0.013055752122388263
      vertex 0.37053354577558123 -0.0020941376025718854 -0.013185300070767953
    endloop
  endfacet
  facet normal 0.0 0.0 0.0
    outer loop
      vertex 0.36995810632245624 -0.0021998729187177072 -0.013803573433585896
      vertex 0.3701510994865187 -0.0019204979815036092 -0.013662218972826547
      vertex 0.37053354577558123 -0.0020941376025718854 -0.013185300070767953
    endloop
  endfacet
  facet normal 0.0 0.0 0.0
    outer loop
      vertex 0.36958621911542494 -0.002021075872090849 -0.014233687080261386
      vertex 0.3701510994865187 -0.0019204979815036092 -0.013662218972826547
      vertex 0.36995810632245624 -0.0021998729187177072 -0.013803573433585896
    endloop
  endfacet
  facet normal 0.0 0.0 0.0
    outer loop
      vertex 0.3693523934318312 -0.0023056486958381007 -0.01439447090100947
      vertex 0.36958621911542494 -0.002021075872090849 -0.014233687080261386
      vertex 0.36995810632245624 -0.0021998729187177072 -0.013803573433585896
    endloop
  endfacet
  facet normal 0.0 0.0 0.0
    outer loop
      vertex 0.3690038826896437 -0.002119617226958045 -0.014770857768252
      vertex 0.36958621911542494 -0.002021075872090849 -0.014233687080261386
      vertex 0.3693523934318312 -0.0023056486958381007 -0.01439447090100947
    endloop
  endfacet
  facet normal 0.0 0.0 0.0
    outer loop
      vertex 0.3687197030021437 -0.0024101324191705435 -0.014954847306615391
      vertex 0.3690038826896437 -0.002119617226958045 -0.014770857768252
      vertex 0.3693523934318312 -0.0023056486958381007 -0.01439447090100947
    endloop
  endfacet
  facet normal 0.0 0.0 0.0
    outer loop
      vertex 0.3684056771232374 -0.0022156149352239095 -0.015274432360357608
      vertex 0.3690038826896437 -0.002119617226958045 -0.014770857768252
      vertex 0.3687197030021437 -0.0024101324191705435 -0.014954847306615391
    endloop
  endfacet
  facet normal 0.0 0.0 0.0
    outer loop
      vertex 0.36806174401776864 -0.002512490592638884 -0.015483610204090262
      vertex 0.3684056771232374 -0.0022156149352239095 -0.015274432360357608
      vertex 0.3687197030021437 -0.0024101324191705435 -0.014954847306615391
    endloop
  endfacet
  facet normal 0.0 0.0 0.0
    outer loop
      vertex 0.36779306725995614 -0.0023085645834054675 -0.015745114877535736
      vertex 0.3684056771232374 -0.0022156149352239095 -0.015274432360357608
      vertex 0.36806174401776864 -0.002512490592638884 -0.015483610204090262
    endloop
  endfacet
  facet normal 0.0 0.0 0.0
    outer loop
      vertex 0.3673796151115187 -0.0026119949187008553 -0.015980106823044342
      vertex 0.36779306725995614 -0.0023085645834054675 -0.015745114877535736
      vertex 0.36806174401776864 -0.002512490592638884 -0.015483610204090262
    endloop
  endfacet
  facet normal 0.0 0.0 0.0
    outer loop
      vertex 0.36716757897870617 -0.002397956363223129 -0.016183603945947308
      vertex 0.36779306725995614 -0.0023085645834054675 -0.015745114877535736
      vertex 0.3673796151115187 -0.0026119949187008553 -0.015980106823044342
    endloop
  endfacet
  facet normal 0.0 0.0 0.0
    outer loop
      vertex 0.3666745980216749 -0.0027079117050175785 -0.01644368978788451
      vertex 0.36716757897870617 -0.002397956363223129 -0.016183603945947308
      vertex 0.3673796151115187 -0.0026119949187008553 -0.015980106823044342
    endloop
  endfacet
  facet normal 0.0 0.0 0.0
    outer loop
      vertex 0.3665308602287062 -0.0024832831637956127 -0.016590600889151534
      vertex 0.36716757897870617 -0.002397956363223129 -0.016183603945947308
      vertex 0.3666745980216749 -0.0027079117050175785 -0.01644368978788451
    endloop
  endfacet
  facet normal 0.0 0.0 0.0
    outer loop
      vertex 0.3659477303458937 -0.002799515351445091 -0.016873698236026108
      vertex 0.3665308602287062 -0.0024832831637956127 -0.016590600889151534
      vertex 0.3666745980216749 -0.0027079117050175785 -0.01644368978788451
    endloop
  endfacet
  facet normal 0.0 0.0 0.0
    outer loop
      vertex 0.3658843148185499 -0.002564035176843329 -0.01696681512290256
      vertex 0.3665308602287062 -0.0024832831637956127 -0.016590600889151534
      vertex 0.3659477303458937 -0.002799515351445091 -0.016873698236026108
    endloop
  endfacet
  facet normal 0.0 0.0 0.0
    outer loop
      vertex 0.36520035485761243 -0.002886066770847906 -0.01726950097626584
      vertex 0.3658843148185499 -0.002564035176843329 -0.01696681512290256
      vertex 0.3659477303458937 -0.002799515351445091 -0.016873698236026108
    endloop
  endfacet
  facet normal 0.0 0.0 0.0
    outer loop
      vertex 0.36522952966229993 -0.0026397133836799096 -0.017312934483768076
      vertex 0.3658843148185499 -0.002564035176843329 -0.01696681512290256
      vertex 0.36520035485761243 -0.002886066770847906 -0.01726950097626584
    endloop
  endfacet
  facet normal 0.0 0.0 0.0
    outer loop
      vertex 0.36382456140058117 -0.002781601929303582 -0.017946936376100696
      vertex 0.36443363122479994 -0.0029668457578786683 -0.01763043175122245
      vertex 0.3636487191154249 -0.0030410997384103682 -0.017955813513921448
    endloop
  endfacet
  facet normal 0.0 0.0 0.0
    outer loop
      vertex 0.36382456140058117 -0.002781601929303582 -0.017946936376100696
      vertex 0.36456760339276867 -0.0027099940965087904 -0.01762948766181581
      vertex 0.36443363122479994 -0.0029668457578786683 -0.01763043175122245
    endloop
  endfacet
  facet normal 0.0 0.0 0.0
    outer loop
      vertex 0.3629905770255812 -0.002852980483242475 -0.01825786547868313
      vertex 0.36382456140058117 -0.002781601929303582 -0.017946936376100696
      vertex 0.3636487191154249 -0.0030410997384103682 -0.017955813513921448
    endloop
  endfacet
  facet normal 0.0 0.0 0.0
    outer loop
      vertex 0.36214884118573737 -0.002915538544725007 -0.018525382652949767
      vertex 0.3628495858146436 -0.0031078981100278844 -0.01824413302391391
      vertex 0.36203861169354984 -0.0031667742228245047 -0.018494729418615182
    endloop
  endfacet
  facet normal 0.0 0.0 0.0
    outer loop
      vertex 0.36130063561933107 -0.0029690657166834126 -0.018750097510917465
      vertex 0.36203861169354984 -0.0031667742228245047 -0.018494729418615182
      vertex 0.36121720056073736 -0.0032174124811985808 -0.018707384208762584
    endloop
  endfacet
  facet normal 0.0 0.0 0.0
    outer loop
      vertex 0.36130063561933107 -0.0029690657166834126 -0.018750097510917465
      vertex 0.36214884118573737 -0.002915538544725007 -0.018525382652949767
      vertex 0.36203861169354984 -0.0031667742228245047 -0.018494729418615182
    endloop
  endfacet
  facet normal 0.0 0.0 0.0
    outer loop
      vertex 0.3604470589591748 -0.0030133408124567076 -0.018932619664603093
      vertex 0.36121720056073736 -0.0032174124811985808 -0.018707384208762584
      vertex 0.3603867562247999 -0.0032595242635315084 -0.018881884299890038
    endloop
  endfacet
  facet normal 0.0 0.0 0.0
    outer loop
      vertex 0.3604470589591748 -0.0030133408124567076 -0.018932619664603093
      vertex 0.36130063561933107 -0.0029690657166834126 -0.018750097510917465
      vertex 0.36121720056073736 -0.0032174124811985808 -0.018707384208762584
    endloop
  endfacet
  facet normal 0.0 0.0 0.0
    outer loop
      vertex 0.3595892708732373 -0.003048161527172038 -0.019073545239031986
      vertex 0.3604470589591748 -0.0030133408124567076 -0.018932619664603093
      vertex 0.3603867562247999 -0.0032595242635315084 -0.018881884299890038
    endloop
  endfacet
  facet normal 0.0 0.0 0.0
    outer loop
      vertex 0.3595892708732373 -0.003048161527172038 -0.019073545239031986
      vertex 0.3603867562247999 -0.0032595242635315084 -0.018881884299890038
      vertex 0.35954868249433103 -0.0032928101586114666 -0.019018005807938266
    endloop
  endfacet
  facet normal 0.0 0.0 0.0
    outer loop
      vertex 0.357865821166206 -0.003088552369386562 -0.019233063979975134
      vertex 0.3587284920646435 -0.0030732958845752006 -0.01917349463581422
      vertex 0.3587043831779248 -0.003316965360430024 -0.0191155410332378
    endloop
  endfacet
  facet normal 0.0 0.0 0.0
    outer loop
      vertex 0.357865821166206 -0.003088552369386562 -0.019233063979975134
      vertex 0.3587043831779248 -0.003316965360430024 -0.0191155410332378
      vertex 0.3578552620841748 -0.003331685062978751 -0.019174271486525958
    endloop
  endfacet
  facet normal 0.0 0.0 0.0
    outer loop
      vertex 0.3570024788810498 -0.003093699005351921 -0.019252862883531598
      vertex 0.3578552620841748 -0.003331685062978751 -0.019174271486525958
      vertex 0.35700266198651853 -0.0033366833420373503 -0.019193975981141753
    endloop
  endfacet
  facet normal 0.0 0.0 0.0
    outer loop
      vertex 0.3570024788810498 -0.003093699005351921 -0.019252862883531598
      vertex 0.357865821166206 -0.003088552369386562 -0.019233063979975134
      vertex 0.3578552620841748 -0.003331685062978751 -0.019174271486525958
    endloop
  endfacet
  facet normal 0.0 0.0 0.0
    outer loop
      vertex 0.37398856286542503 -0.0012610029777932988 -0.007292596103106128
      vertex 0.3741111824943313 -0.0010528258688316829 -0.0069742680369738975
      vertex 0.3742130501701125 -0.0012719004669442776 -0.006589681078885084
    endloop
  endfacet
  facet normal 0.0 0.0 0.0
    outer loop
      vertex 0.37398856286542503 -0.0012610029777932988 -0.007292596103106128
      vertex 0.3742130501701125 -0.0012719004669442776 -0.006589681078885084
      vertex 0.3739474862052688 -0.00134268559325614 -0.00739645133263358
    endloop
  endfacet
  facet normal 0.0 0.0 0.0
    outer loop
      vertex 0.37398856286542503 -0.0012610029777932988 -0.007292596103106128
      vertex 0.3739110482169875 -0.0011057569157647547 -0.007557081401678298
      vertex 0.3741111824943313 -0.0010528258688316829 -0.0069742680369738975
    endloop
  endfacet
  facet normal 0.0 0.0 0.0
    outer loop
      vertex 0.37398856286542503 -0.0012610029777932988 -0.007292596103106128
      vertex 0.3739474862052688 -0.00134268559325614 -0.00739645133263358
      vertex 0.3739110482169875 -0.0011057569157647547 -0.007557081401678298
    endloop
  endfacet
  facet normal 0.0 0.0 0.0
    outer loop
      vertex 0.36481052331464364 -0.0027333238944461193 -0.01750370528146947
      vertex 0.36520035485761243 -0.002886066770847906 -0.01726950097626584
      vertex 0.36443363122479994 -0.0029668457578786683 -0.01763043175122245
    endloop
  endfacet
  facet normal 0.0 0.0 0.0
    outer loop
      vertex 0.36481052331464364 -0.0027333238944461193 -0.01750370528146947
      vertex 0.36456760339276867 -0.0027099940965087904 -0.01762948766181581
      vertex 0.36522952966229993 -0.0026397133836799096 -0.017312934483768076
    endloop
  endfacet
  facet normal 0.0 0.0 0.0
    outer loop
      vertex 0.36481052331464364 -0.0027333238944461193 -0.01750370528146947
      vertex 0.36522952966229993 -0.0026397133836799096 -0.017312934483768076
      vertex 0.36520035485761243 -0.002886066770847906 -0.01726950097626584
    endloop
  endfacet
  facet normal 0.0 0.0 0.0
    outer loop
      vertex 0.36481052331464364 -0.0027333238944461193 -0.01750370528146947
      vertex 0.36443363122479994 -0.0029668457578786683 -0.01763043175122245
      vertex 0.36456760339276867 -0.0027099940965087904 -0.01762948766181581
    endloop
  endfacet
  facet normal 0.0 0.0 0.0
    outer loop
      vertex 0.36294553308026867 -0.0029149100509200184 -0.018253093781082117
      vertex 0.3636487191154249 -0.0030410997384103682 -0.017955813513921448
      vertex 0.3628495858146436 -0.0031078981100278844 -0.01824413302391391
    endloop
  endfacet
  facet normal 0.0 0.0 0.0
    outer loop
      vertex 0.36294553308026867 -0.0029149100509200184 -0.018253093781082117
      vertex 0.36214884118573737 -0.002915538544725007 -0.018525382652949767
      vertex 0.3629905770255812 -0.002852980483242475 -0.01825786547868313
    endloop
  endfacet
  facet normal 0.0 0.0 0.0
    outer loop
      vertex 0.36294553308026867 -0.0029149100509200184 -0.018253093781082117
      vertex 0.3629905770255812 -0.002852980483242475 -0.01825786547868313
      vertex 0.3636487191154249 -0.0030410997384103682 -0.017955813513921448
    endloop
  endfacet
  facet normal 0.0 0.0 0.0
    outer loop
      vertex 0.36294553308026867 -0.0029149100509200184 -0.018253093781082117
      vertex 0.3628495858146436 -0.0031078981100278844 -0.01824413302391391
      vertex 0.36214884118573737 -0.002915538544725007 -0.018525382652949767
    endloop
  endfacet
  facet normal 0.0 0.0 0.0
    outer loop
      vertex 0.3590172493888623 -0.0031265748958895826 -0.019126613853278584
      vertex 0.3595892708732373 -0.003048161527172038 -0.019073545239031986
      vertex 0.35954868249433103 -0.0032928101586114666 -0.019018005807938266
    endloop
  endfacet
  facet normal 0.0 0.0 0.0
    outer loop
      vertex 0.3590172493888623 -0.0031265748958895826 -0.019126613853278584
      vertex 0.3587043831779248 -0.003316965360430024 -0.0191155410332378
      vertex 0.3587284920646435 -0.0030732958845752006 -0.01917349463581422
    endloop
  endfacet
  facet normal 0.0 0.0 0.0
    outer loop
      vertex 0.3590172493888623 -0.0031265748958895826 -0.019126613853278584
      vertex 0.35954868249433103 -0.0032928101586114666 -0.019018005807938266
      vertex 0.3587043831779248 -0.003316965360430024 -0.0191155410332378
    endloop
  endfacet
  facet normal 0.0 0.0 0.0
    outer loop
      vertex 0.3590172493888623 -0.0031265748958895826 -0.019126613853278584
      vertex 0.3587284920646435 -0.0030732958845752006 -0.01917349463581422
      vertex 0.3595892708732373 -0.003048161527172038 -0.019073545239031986
    endloop
  endfacet
  facet normal 0.0 0.0 0.0
    outer loop
      vertex -0.014348961548637374 -0.0005526499985874212 -0.00025325509009369723
      vertex -0.014999657349418627 -0.0007507334430928572 -0.0003431782573773771
      vertex -0.015000023560356126 -0.0007503989657030746 -0.00025263199108530086
    endloop
  endfacet
  facet normal 0.0 0.0 0.0
    outer loop
      vertex -0.014348595337699875 -0.0005529601993924613 -0.00033749753654769605
      vertex -0.014999657349418627 -0.0007507334430928572 -0.0003431782573773771
      vertex -0.014348961548637374 -0.0005526499985874212 -0.00025325509009369723
    endloop
  endfacet
  facet normal 0.0 0.0 0.0
    outer loop
      vertex -0.013689598755668622 -0.0003846344529844452 -0.00025378378016142943
      vertex -0.014348595337699875 -0.0005529601993924613 -0.00033749753654769605
      vertex -0.014348961548637374 -0.0005526499985874212 -0.00025325509009369723
    endloop
  endfacet
  facet normal 0.0 0.0 0.0
    outer loop
      vertex -0.013689293579887374 -0.0003849149824081337 -0.00033162530043838174
      vertex -0.014348595337699875 -0.0005529601993924613 -0.00033749753654769605
      vertex -0.013689598755668622 -0.0003846344529844452 -0.00025378378016142943
    endloop
  endfacet
  facet normal 0.0 0.0 0.0
    outer loop
      vertex -0.012351402954887371 -0.00013910646969769448 -0.0002545552360765962
      vertex -0.013022972779106122 -0.0002469457565211801 -0.0003255750360409575
      vertex -0.01302327795488737 -0.00024668950368223386 -0.00025421536389019263
    endloop
  endfacet
  facet normal 0.0 0.0 0.0
    outer loop
      vertex -0.012351158814262374 -0.00013933574855359374 -0.00031935483555033746
      vertex -0.013022972779106122 -0.0002469457565211801 -0.0003255750360409575
      vertex -0.012351402954887371 -0.00013910646969769448 -0.0002545552360765962
    endloop
  endfacet
  facet normal 0.0 0.0 0.0
    outer loop
      vertex -0.010996483521293619 -1.5835367173040544e-05 -0.00025494366143249633
      vertex -0.01167513342363737 -6.230614516635974e-05 -0.0003129808833563498
      vertex -0.01167537756426237 -6.210114289520276e-05 -0.0002547980019240308
    endloop
  endfacet
  facet normal 0.0 0.0 0.0
    outer loop
      vertex -0.01099630041582487 -1.601069806284583e-05 -0.0003064666664505179
      vertex -0.01167513342363737 -6.230614516635974e-05 -0.0003129808833563498
      vertex -0.010996483521293619 -1.5835367173040544e-05 -0.00025494366143249633
    endloop
  endfacet
  facet normal 0.0 0.0 0.0
    outer loop
      vertex -0.01031624670488737 -4.00854073567547e-07 -0.0002549922146019928
      vertex -0.01099630041582487 -1.601069806284583e-05 -0.0003064666664505179
      vertex -0.010996483521293619 -1.5835367173040544e-05 -0.00025494366143249633
    endloop
  endfacet
  facet normal 0.0 0.0 0.0
    outer loop
      vertex -0.01031606359941862 -5.546057769352796e-07 -0.0002998256718243653
      vertex -0.01099630041582487 -1.601069806284583e-05 -0.0003064666664505179
      vertex -0.01031624670488737 -4.00854073567547e-07 -0.0002549922146019928
    endloop
  endfacet
  facet normal 0.0 0.0 0.0
    outer loop
      vertex -0.013468102173637373 -0.00033568746334741094 -0.0002791932721916811
      vertex -0.013689598755668622 -0.0003846344529844452 -0.00025378378016142943
      vertex -0.01302327795488737 -0.00024668950368223386 -0.00025421536389019263
    endloop
  endfacet
  facet normal 0.0 0.0 0.0
    outer loop
      vertex -0.013468102173637373 -0.00033568746334741094 -0.0002791932721916811
      vertex -0.013689293579887374 -0.0003849149824081337 -0.00033162530043838174
      vertex -0.013689598755668622 -0.0003846344529844452 -0.00025378378016142943
    endloop
  endfacet
  facet normal 0.0 0.0 0.0
    outer loop
      vertex -0.013467980103324872 -0.00033577917488977066 -0.00030443013073042823
      vertex -0.013022972779106122 -0.0002469457565211801 -0.0003255750360409575
      vertex -0.013689293579887374 -0.0003849149824081337 -0.00033162530043838174
    endloop
  endfacet
  facet normal 0.0 0.0 0.0
    outer loop
      vertex -0.013467980103324872 -0.00033577917488977066 -0.00030443013073042823
      vertex -0.013689293579887374 -0.0003849149824081337 -0.00033162530043838174
      vertex -0.013468102173637373 -0.00033568746334741094 -0.0002791932721916811
    endloop
  endfacet
  facet normal 0.0 0.0 0.0
    outer loop
      vertex -0.013467980103324872 -0.00033577917488977066 -0.00030443013073042823
      vertex -0.01302327795488737 -0.00024668950368223386 -0.00025421536389019263
      vertex -0.013022972779106122 -0.0002469457565211801 -0.0003255750360409575
    endloop
  endfacet
  facet normal 0.0 0.0 0.0
    outer loop
      vertex -0.013467980103324872 -0.00033577917488977066 -0.00030443013073042823
      vertex -0.013468102173637373 -0.00033568746334741094 -0.0002791932721916811
      vertex -0.01302327795488737 -0.00024668950368223386 -0.00025421536389019263
    endloop
  endfacet
  facet normal 0.0 0.0 0.0
    outer loop
      vertex -0.011901024536918619 -8.473501206991563e-05 -0.00027486934270927883
      vertex -0.012351402954887371 -0.00013910646969769448 -0.0002545552360765962
      vertex -0.01167537756426237 -6.210114289520276e-05 -0.0002547980019240308
    endloop
  endfacet
  facet normal 0.0 0.0 0.0
    outer loop
      vertex -0.011901024536918619 -8.473501206991563e-05 -0.00027486934270927883
      vertex -0.012351158814262374 -0.00013933574855359374 -0.00031935483555033746
      vertex -0.012351402954887371 -0.00013910646969769448 -0.0002545552360765962
    endloop
  endfacet
  facet normal 0.0 0.0 0.0
    outer loop
      vertex -0.011900963501762372 -8.480784182414245e-05 -0.0002950054210538435
      vertex -0.01167513342363737 -6.230614516635974e-05 -0.0003129808833563498
      vertex -0.012351158814262374 -0.00013933574855359374 -0.00031935483555033746
    endloop
  endfacet
  facet normal 0.0 0.0 0.0
    outer loop
      vertex -0.011900963501762372 -8.480784182414245e-05 -0.0002950054210538435
      vertex -0.012351158814262374 -0.00013933574855359374 -0.00031935483555033746
      vertex -0.011901024536918619 -8.473501206991563e-05 -0.00027486934270927883
    endloop
  endfacet
  facet normal 0.0 0.0 0.0
    outer loop
      vertex -0.011900963501762372 -8.480784182414245e-05 -0.0002950054210538435
      vertex -0.011901024536918619 -8.473501206991563e-05 -0.00027486934270927883
      vertex -0.01167537756426237 -6.210114289520276e-05 -0.0002547980019240308
    endloop
  endfacet
  facet normal 0.0 0.0 0.0
    outer loop
      vertex -0.011900963501762372 -8.480784182414245e-05 -0.0002950054210538435
      vertex -0.01167537756426237 -6.210114289520276e-05 -0.0002547980019240308
      vertex -0.01167513342363737 -6.230614516635974e-05 -0.0003129808833563498
    endloop
  endfacet
  facet normal 0.0 0.0 0.0
    outer loop
      vertex -0.014348595337699875 -0.0005529601993924613 -0.00033749753654769605
      vertex -0.014982384400199885 -0.0007547984223380358 -0.0008671397858698979
      vertex -0.014999657349418627 -0.0007507334430928572 -0.0003431782573773771
    endloop
  endfacet
  facet normal 0.0 0.0 0.0
    outer loop
      vertex -0.014348595337699875 -0.0005529601993924613 -0.00033749753654769605
      vertex -0.014939781861137397 -0.0007623808089725397 -0.0013921101413283759
      vertex -0.014982384400199885 -0.0007547984223380358 -0.0008671397858698979
    endloop
  endfacet
  facet normal 0.0 0.0 0.0
    outer loop
      vertex -0.014872826294731155 -0.0007732486267421651 -0.0019143884932787665
      vertex -0.014939781861137397 -0.0007623808089725397 -0.0013921101413283759
      vertex -0.014348595337699875 -0.0005529601993924613 -0.00033749753654769605
    endloop
  endfacet
  facet normal 0.0 0.0 0.0
    outer loop
      vertex -0.010313622193168621 -1.1237568192263847e-06 -0.0004255702885944355
      vertex -0.01099630041582487 -1.601069806284583e-05 -0.0003064666664505179
      vertex -0.01031606359941862 -5.546057769352796e-07 -0.0002998256718243653
    endloop
  endfacet
  facet normal 0.0 0.0 0.0
    outer loop
      vertex -0.010308190064262375 -1.8925153360650481e-06 -0.0005514335908899123
      vertex -0.01099630041582487 -1.601069806284583e-05 -0.0003064666664505179
      vertex -0.010313622193168621 -1.1237568192263847e-06 -0.0004255702885944355
    endloop
  endfacet
  facet normal 0.0 0.0 0.0
    outer loop
      vertex -0.010290672974418626 -3.829247318837769e-06 -0.0007839115611785472
      vertex -0.01099630041582487 -1.601069806284583e-05 -0.0003064666664505179
      vertex -0.010308190064262375 -1.8925153360650481e-06 -0.0005514335908899123
    endloop
  endfacet
  facet normal 0.0 0.0 0.0
    outer loop
      vertex -0.010263451294731132 -6.407960098128385e-06 -0.0010154292576707098
      vertex -0.01099630041582487 -1.601069806284583e-05 -0.0003064666664505179
      vertex -0.010290672974418626 -3.829247318837769e-06 -0.0007839115611785472
    endloop
  endfacet
  facet normal 0.0 0.0 0.0
    outer loop
      vertex -0.005358666138481306 -0.0012694269526963647 -0.010546502744233695
      vertex -0.006166588501762566 -0.0015109924578735185 -0.011026021938258012
      vertex -0.006508019165825066 -0.0015008259636631136 -0.010952320924378764
    endloop
  endfacet
  facet normal 0.0 0.0 0.0
    outer loop
      vertex -0.005358666138481306 -0.0012694269526963647 -0.010546502744233695
      vertex -0.005824608521293817 -0.0015196888700078652 -0.011088590789333773
      vertex -0.006166588501762566 -0.0015109924578735185 -0.011026021938258012
    endloop
  endfacet
  facet normal 0.0 0.0 0.0
    outer loop
      vertex -0.005358666138481306 -0.0012694269526963647 -0.010546502744233695
      vertex -0.005624962525200067 -0.0015240775370496085 -0.011119985808202148
      vertex -0.005824608521293817 -0.0015196888700078652 -0.011088590789333773
    endloop
  endfacet
  facet normal 0.0 0.0 0.0
    outer loop
      vertex -0.005358666138481306 -0.0012694269526963647 -0.010546502744233695
      vertex -0.005425255493950069 -0.0015279536984134606 -0.011147685391393087
      vertex -0.005624962525200067 -0.0015240775370496085 -0.011119985808202148
    endloop
  endfacet
  facet normal 0.0 0.0 0.0
    outer loop
      vertex -0.005291161255668793 -0.0010376610955601714 -0.009934603333609744
      vertex -0.005358666138481306 -0.0012694269526963647 -0.010546502744233695
      vertex -0.006508019165825066 -0.0015008259636631136 -0.010952320924378764
    endloop
  endfacet
  facet normal 0.0 0.0 0.0
    outer loop
      vertex -0.004944359497856233 -0.000294082791895816 -0.006756169897040963
      vertex -0.005014488892387495 -0.0003863877618825544 -0.007403658780897091
      vertex -0.005445397095512469 -0.00022285259486367305 -0.006004688216343832
    endloop
  endfacet
  facet normal 0.0 0.0 0.0
    outer loop
      vertex -0.005160301880668721 -0.00022709290499865897 -0.006061263448386557
      vertex -0.004944359497856233 -0.000294082791895816 -0.006756169897040963
      vertex -0.005445397095512469 -0.00022285259486367305 -0.006004688216343832
    endloop
  endfacet
  facet normal 0.0 0.0 0.0
    outer loop
      vertex -0.004874046997856221 -0.00023041340231174347 -0.006105255317337868
      vertex -0.004944359497856233 -0.000294082791895816 -0.006756169897040963
      vertex -0.005160301880668721 -0.00022709290499865897 -0.006061263448386557
    endloop
  endfacet
  facet normal 0.0 0.0 0.0
    outer loop
      vertex -0.013384056763481145 -0.00034925537682003826 -0.0014922348690004589
      vertex -0.013689293579887374 -0.0003849149824081337 -0.00033162530043838174
      vertex -0.013022972779106122 -0.0002469457565211801 -0.0003255750360409575
    endloop
  endfacet
  facet normal 0.0 0.0 0.0
    outer loop
      vertex -0.013384056763481145 -0.00034925537682003826 -0.0014922348690004589
      vertex -0.014348595337699875 -0.0005529601993924613 -0.00033749753654769605
      vertex -0.013689293579887374 -0.0003849149824081337 -0.00033162530043838174
    endloop
  endfacet
  facet normal 0.0 0.0 0.0
    outer loop
      vertex -0.013384056763481145 -0.00034925537682003826 -0.0014922348690004589
      vertex -0.014782433228324914 -0.0007871752941893174 -0.002430295590433463
      vertex -0.014872826294731155 -0.0007732486267421651 -0.0019143884932787665
    endloop
  endfacet
  facet normal 0.0 0.0 0.0
    outer loop
      vertex -0.013384056763481145 -0.00034925537682003826 -0.0014922348690004589
      vertex -0.014872826294731155 -0.0007732486267421651 -0.0019143884932787665
      vertex -0.014348595337699875 -0.0005529601993924613 -0.00033749753654769605
    endloop
  endfacet
  facet normal 0.0 0.0 0.0
    outer loop
      vertex -0.013160851197074913 -0.00037803931412946337 -0.002625797624761336
      vertex -0.014782433228324914 -0.0007871752941893174 -0.002430295590433463
      vertex -0.013384056763481145 -0.00034925537682003826 -0.0014922348690004589
    endloop
  endfacet
  facet normal 0.0 0.0 0.0
    outer loop
      vertex -0.013160851197074913 -0.00037803931412946337 -0.002625797624761336
      vertex -0.014669640259574923 -0.0008039288350597925 -0.0029361306023184194
      vertex -0.014782433228324914 -0.0007871752941893174 -0.002430295590433463
    endloop
  endfacet
  facet normal 0.0 0.0 0.0
    outer loop
      vertex -0.013160851197074913 -0.00037803931412946337 -0.002625797624761336
      vertex -0.014535484986137432 -0.000823279970497691 -0.0034283950033324453
      vertex -0.014669640259574923 -0.0008039288350597925 -0.0029361306023184194
    endloop
  endfacet
  facet normal 0.0 0.0 0.0
    outer loop
      vertex -0.013160851197074913 -0.00037803931412946337 -0.002625797624761336
      vertex -0.014381127075981189 -0.000844972447664067 -0.003905629500992699
      vertex -0.014535484986137432 -0.000823279970497691 -0.0034283950033324453
    endloop
  endfacet
  facet normal 0.0 0.0 0.0
    outer loop
      vertex -0.011834496216606137 -9.393853508554284e-05 -0.0012421617695703119
      vertex -0.01167513342363737 -6.230614516635974e-05 -0.0003129808833563498
      vertex -0.01099630041582487 -1.601069806284583e-05 -0.0003064666664505179
    endloop
  endfacet
  facet normal 0.0 0.0 0.0
    outer loop
      vertex -0.011834496216606137 -9.393853508554284e-05 -0.0012421617695703119
      vertex -0.012351158814262374 -0.00013933574855359374 -0.00031935483555033746
      vertex -0.01167513342363737 -6.230614516635974e-05 -0.0003129808833563498
    endloop
  endfacet
  facet normal 0.0 0.0 0.0
    outer loop
      vertex -0.011834496216606137 -9.393853508554284e-05 -0.0012421617695703119
      vertex -0.010263451294731132 -6.407960098128385e-06 -0.0010154292576707098
      vertex -0.010226830200981136 -9.609771885804142e-06 -0.001245110025917374
    endloop
  endfacet
  facet normal 0.0 0.0 0.0
    outer loop
      vertex -0.011834496216606137 -9.393853508554284e-05 -0.0012421617695703119
      vertex -0.01099630041582487 -1.601069806284583e-05 -0.0003064666664505179
      vertex -0.010263451294731132 -6.407960098128385e-06 -0.0010154292576707098
    endloop
  endfacet
  facet normal 0.0 0.0 0.0
    outer loop
      vertex -0.012813194947074934 -0.00041929332380150465 -0.003684828567965126
      vertex -0.014381127075981189 -0.000844972447664067 -0.003905629500992699
      vertex -0.013160851197074913 -0.00037803931412946337 -0.002625797624761336
    endloop
  endfacet
  facet normal 0.0 0.0 0.0
    outer loop
      vertex -0.012813194947074934 -0.00041929332380150465 -0.003684828567965126
      vertex -0.014207848267387448 -0.0008687257371352317 -0.004367602119044976
      vertex -0.014381127075981189 -0.000844972447664067 -0.003905629500992699
    endloop
  endfacet
  facet normal 0.0 0.0 0.0
    outer loop
      vertex -0.012813194947074934 -0.00041929332380150465 -0.003684828567965126
      vertex -0.014016930298637457 -0.0008942727964790204 -0.004814099763023205
      vertex -0.014207848267387448 -0.0008687257371352317 -0.004367602119044976
    endloop
  endfacet
  facet normal 0.0 0.0 0.0
    outer loop
      vertex -0.011656944947074902 -0.00011281762582011967 -0.00214710383461827
      vertex -0.010126122193168644 -1.774512517277149e-05 -0.0016954568572764045
      vertex -0.010062523560356147 -2.2622021307664442e-05 -0.0019145557319737417
    endloop
  endfacet
  facet normal 0.0 0.0 0.0
    outer loop
      vertex -0.011656944947074902 -0.00011281762582011967 -0.00214710383461827
      vertex -0.010180992798637389 -1.339691910559937e-05 -0.0014720799088678174
      vertex -0.010126122193168644 -1.774512517277149e-05 -0.0016954568572764045
    endloop
  endfacet
  facet normal 0.0 0.0 0.0
    outer loop
      vertex -0.011656944947074902 -0.00011281762582011967 -0.00214710383461827
      vertex -0.010226830200981136 -9.609771885804142e-06 -0.001245110025917374
      vertex -0.010180992798637389 -1.339691910559937e-05 -0.0014720799088678174
    endloop
  endfacet
  facet normal 0.0 0.0 0.0
    outer loop
      vertex -0.011656944947074902 -0.00011281762582011967 -0.00214710383461827
      vertex -0.011834496216606137 -9.393853508554284e-05 -0.0012421617695703119
      vertex -0.010226830200981136 -9.609771885804142e-06 -0.001245110025917374
    endloop
  endfacet
  facet normal 0.0 0.0 0.0
    outer loop
      vertex -0.012359520630668702 -0.00046962947356546223 -0.004657043746732238
      vertex -0.014016930298637457 -0.0008942727964790204 -0.004814099763023205
      vertex -0.012813194947074934 -0.00041929332380150465 -0.003684828567965126
    endloop
  endfacet
  facet normal 0.0 0.0 0.0
    outer loop
      vertex -0.012359520630668702 -0.00046962947356546223 -0.004657043746732238
      vertex -0.013809715943168713 -0.0009213357936700489 -0.005244914733257925
      vertex -0.014016930298637457 -0.0008942727964790204 -0.004814099763023205
    endloop
  endfacet
  facet normal 0.0 0.0 0.0
    outer loop
      vertex -0.012359520630668702 -0.00046962947356546223 -0.004657043746732238
      vertex -0.013587486939262471 -0.0009496449888778474 -0.005659831237884759
      vertex -0.013809715943168713 -0.0009213357936700489 -0.005244914733257925
    endloop
  endfacet
  facet normal 0.0 0.0 0.0
    outer loop
      vertex -0.012359520630668702 -0.00046962947356546223 -0.004657043746732238
      vertex -0.013351525025199979 -0.0009789198526787275 -0.006058633485039333
      vertex -0.013587486939262471 -0.0009496449888778474 -0.005659831237884759
    endloop
  endfacet
  facet normal 0.0 0.0 0.0
    outer loop
      vertex -0.011378624634574917 -0.0001397916088670934 -0.002997361543835104
      vertex -0.011656944947074902 -0.00011281762582011967 -0.00214710383461827
      vertex -0.010062523560356147 -2.2622021307664442e-05 -0.0019145557319737417
    endloop
  endfacet
  facet normal 0.0 0.0 0.0
    outer loop
      vertex -0.011378624634574917 -0.0001397916088670934 -0.002997361543835104
      vertex -0.009880882935356156 -3.58878261701665e-05 -0.0024105910958177354
      vertex -0.009768212036918661 -4.37480448300549e-05 -0.002661087686781749
    endloop
  endfacet
  facet normal 0.0 0.0 0.0
    outer loop
      vertex -0.011378624634574917 -0.0001397916088670934 -0.002997361543835104
      vertex -0.009981957154106153 -2.8604850747483423e-05 -0.002152719817888679
      vertex -0.009880882935356156 -3.58878261701665e-05 -0.0024105910958177354
    endloop
  endfacet
  facet normal 0.0 0.0 0.0
    outer loop
      vertex -0.011378624634574917 -0.0001397916088670934 -0.002997361543835104
      vertex -0.010062523560356147 -2.2622021307664442e-05 -0.0019145557319737417
      vertex -0.009981957154106153 -2.8604850747483423e-05 -0.002152719817888679
    endloop
  endfacet
  facet normal 0.0 0.0 0.0
    outer loop
      vertex -0.011819115357231213 -0.0005255357508286198 -0.005538461801164939
      vertex -0.013103111939262484 -0.0010088933426405245 -0.006441119169848793
      vertex -0.013351525025199979 -0.0009789198526787275 -0.006058633485039333
    endloop
  endfacet
  facet normal 0.0 0.0 0.0
    outer loop
      vertex -0.011819115357231213 -0.0005255357508286198 -0.005538461801164939
      vertex -0.012843590454887492 -0.00103928492933955 -0.006807067105652155
      vertex -0.013103111939262484 -0.0010088933426405245 -0.006441119169848793
    endloop
  endfacet
  facet normal 0.0 0.0 0.0
    outer loop
      vertex -0.011819115357231213 -0.0005255357508286198 -0.005538461801164939
      vertex -0.012574181275199998 -0.0010698275703436377 -0.007156269592779959
      vertex -0.012843590454887492 -0.00103928492933955 -0.006807067105652155
    endloop
  endfacet
  facet normal 0.0 0.0 0.0
    outer loop
      vertex -0.011819115357231213 -0.0005255357508286198 -0.005538461801164939
      vertex -0.013351525025199979 -0.0009789198526787275 -0.006058633485039333
      vertex -0.012359520630668702 -0.00046962947356546223 -0.004657043746732238
    endloop
  endfacet
  facet normal 0.0 0.0 0.0
    outer loop
      vertex -0.011013146118949931 -0.00017278348753184725 -0.0037832836060866064
      vertex -0.011378624634574917 -0.0001397916088670934 -0.002997361543835104
      vertex -0.009768212036918661 -4.37480448300549e-05 -0.002661087686781749
    endloop
  endfacet
  facet normal 0.0 0.0 0.0
    outer loop
      vertex -0.011013146118949931 -0.00017278348753184725 -0.0037832836060866064
      vertex -0.009644615845512416 -5.2112676972921655e-05 -0.002903931758755337
      vertex -0.009510826783012419 -6.0890011056407236e-05 -0.0031388481771114202
    endloop
  endfacet
  facet normal 0.0 0.0 0.0
    outer loop
      vertex -0.011013146118949931 -0.00017278348753184725 -0.0037832836060866064
      vertex -0.009768212036918661 -4.37480448300549e-05 -0.002661087686781749
      vertex -0.009644615845512416 -5.2112676972921655e-05 -0.002903931758755337
    endloop
  endfacet
  facet normal 0.0 0.0 0.0
    outer loop
      vertex -0.01121114416582498 -0.0005835136299897856 -0.0063251040687638
      vertex -0.012574181275199998 -0.0010698275703436377 -0.007156269592779959
      vertex -0.011819115357231213 -0.0005255357508286198 -0.005538461801164939
    endloop
  endfacet
  facet normal 0.0 0.0 0.0
    outer loop
      vertex -0.01121114416582498 -0.0005835136299897856 -0.0063251040687638
      vertex -0.012296288208793754 -0.001100238038830796 -0.0074885135367661285
      vertex -0.012574181275199998 -0.0010698275703436377 -0.007156269592779959
    endloop
  endfacet
  facet normal 0.0 0.0 0.0
    outer loop
      vertex -0.01121114416582498 -0.0005835136299897856 -0.0063251040687638
      vertex -0.012010948853325008 -0.0011302897533434306 -0.0078037234104581365
      vertex -0.012296288208793754 -0.001100238038830796 -0.0074885135367661285
    endloop
  endfacet
  facet normal 0.0 0.0 0.0
    outer loop
      vertex -0.010574730591606194 -0.00020962455357740462 -0.004500964188627575
      vertex -0.009215233521293678 -7.936988684188972e-05 -0.003583802909259364
      vertex -0.00905477209551243 -8.890518984899543e-05 -0.003793285559000458
    endloop
  endfacet
  facet normal 0.0 0.0 0.0
    outer loop
      vertex -0.010574730591606194 -0.00020962455357740462 -0.004500964188627575
      vertex -0.009367455200981173 -7.00072173262849e-05 -0.003365564504621224
      vertex -0.009215233521293678 -7.936988684188972e-05 -0.003583802909259364
    endloop
  endfacet
  facet normal 0.0 0.0 0.0
    outer loop
      vertex -0.010574730591606194 -0.00020962455357740462 -0.004500964188627575
      vertex -0.009510826783012419 -6.0890011056407236e-05 -0.0031388481771114202
      vertex -0.009367455200981173 -7.00072173262849e-05 -0.003365564504621224
    endloop
  endfacet
  facet normal 0.0 0.0 0.0
    outer loop
      vertex -0.010574730591606194 -0.00020962455357740462 -0.004500964188627575
      vertex -0.011013146118949931 -0.00017278348753184725 -0.0037832836060866064
      vertex -0.009510826783012419 -6.0890011056407236e-05 -0.0031388481771114202
    endloop
  endfacet
  facet normal 0.0 0.0 0.0
    outer loop
      vertex -0.010553124146293742 -0.0006404233394222922 -0.007014607628613905
      vertex -0.012010948853325008 -0.0011302897533434306 -0.0078037234104581365
      vertex -0.01121114416582498 -0.0005835136299897856 -0.0063251040687638
    endloop
  endfacet
  facet normal 0.0 0.0 0.0
    outer loop
      vertex -0.010553124146293742 -0.0006404233394222922 -0.007014607628613905
      vertex -0.011718834595512513 -0.0011598640283561324 -0.00810224987563559
      vertex -0.012010948853325008 -0.0011302897533434306 -0.0078037234104581365
    endloop
  endfacet
  facet normal 0.0 0.0 0.0
    outer loop
      vertex -0.010553124146293742 -0.0006404233394222922 -0.007014607628613905
      vertex -0.011420433716606268 -0.001188871849724848 -0.008384543397815379
      vertex -0.011718834595512513 -0.0011598640283561324 -0.00810224987563559
    endloop
  endfacet
  facet normal 0.0 0.0 0.0
    outer loop
      vertex -0.010553124146293742 -0.0006404233394222922 -0.007014607628613905
      vertex -0.011116234497856274 -0.0012172295981021319 -0.008651043652921164
      vertex -0.011420433716606268 -0.001188871849724848 -0.008384543397815379
    endloop
  endfacet
  facet normal 0.0 0.0 0.0
    outer loop
      vertex -0.010077599243949955 -0.00024814070397017886 -0.0051464866691195875
      vertex -0.008886742310356185 -9.852411220354696e-05 -0.003993745411412339
      vertex -0.008711754517387439 -0.00010815652154962185 -0.004184999043410289
    endloop
  endfacet
  facet normal 0.0 0.0 0.0
    outer loop
      vertex -0.010077599243949955 -0.00024814070397017886 -0.0051464866691195875
      vertex -0.00905477209551243 -8.890518984899543e-05 -0.003793285559000458
      vertex -0.008886742310356185 -9.852411220354696e-05 -0.003993745411412339
    endloop
  endfacet
  facet normal 0.0 0.0 0.0
    outer loop
      vertex -0.010077599243949955 -0.00024814070397017886 -0.0051464866691195875
      vertex -0.010574730591606194 -0.00020962455357740462 -0.004500964188627575
      vertex -0.00905477209551243 -8.890518984899543e-05 -0.003793285559000458
    endloop
  endfacet
  facet normal 0.0 0.0 0.0
    outer loop
      vertex -0.009855370240043751 -0.0006945736103890932 -0.007611102197519745
      vertex -0.010806725220512528 -0.0012448401671490141 -0.008902193014274919
      vertex -0.011116234497856274 -0.0012172295981021319 -0.008651043652921164
    endloop
  endfacet
  facet normal 0.0 0.0 0.0
    outer loop
      vertex -0.009855370240043751 -0.0006945736103890932 -0.007611102197519745
      vertex -0.010492455200981281 -0.0012716226349163548 -0.00913843924999522
      vertex -0.010806725220512528 -0.0012448401671490141 -0.008902193014274919
    endloop
  endfacet
  facet normal 0.0 0.0 0.0
    outer loop
      vertex -0.009855370240043751 -0.0006945736103890932 -0.007611102197519745
      vertex -0.010173912720512537 -0.001297487987260099 -0.009360222036005738
      vertex -0.010492455200981281 -0.0012716226349163548 -0.00913843924999522
    endloop
  endfacet
  facet normal 0.0 0.0 0.0
    outer loop
      vertex -0.009855370240043751 -0.0006945736103890932 -0.007611102197519745
      vertex -0.00985158606035629 -0.0013223391178412767 -0.009567989140425046
      vertex -0.010173912720512537 -0.001297487987260099 -0.009360222036005738
    endloop
  endfacet
  facet normal 0.0 0.0 0.0
    outer loop
      vertex -0.009855370240043751 -0.0006945736103890932 -0.007611102197519745
      vertex -0.011116234497856274 -0.0012172295981021319 -0.008651043652921164
      vertex -0.010553124146293742 -0.0006404233394222922 -0.007014607628613905
    endloop
  endfacet
  facet normal 0.0 0.0 0.0
    outer loop
      vertex -0.009534813599418717 -0.00028635744315113243 -0.005717121280478295
      vertex -0.00853029699785619 -0.0001177484699211262 -0.004367084218570573
      vertex -0.008342735962699946 -0.000127248706750271 -0.004540041397867762
    endloop
  endfacet
  facet normal 0.0 0.0 0.0
    outer loop
      vertex -0.009534813599418717 -0.00028635744315113243 -0.005717121280478295
      vertex -0.008711754517387439 -0.00010815652154962185 -0.004184999043410289
      vertex -0.00853029699785619 -0.0001177484699211262 -0.004367084218570573
    endloop
  endfacet
  facet normal 0.0 0.0 0.0
    outer loop
      vertex -0.009534813599418717 -0.00028635744315113243 -0.005717121280478295
      vertex -0.010077599243949955 -0.00024814070397017886 -0.0051464866691195875
      vertex -0.008711754517387439 -0.00010815652154962185 -0.004184999043410289
    endloop
  endfacet
  facet normal 0.0 0.0 0.0
    outer loop
      vertex -0.008954918579887474 -0.0003230906132645033 -0.006214882979237301
      vertex -0.00788179846269995 -0.0001488926307471643 -0.00491020536722137
      vertex -0.007628868775199954 -0.00015974696152526801 -0.0050851748056538635
    endloop
  endfacet
  facet normal 0.0 0.0 0.0
    outer loop
      vertex -0.008954918579887474 -0.0003230906132645033 -0.006214882979237301
      vertex -0.008127892212699947 -0.00013763908501996625 -0.004721570908977279
      vertex -0.00788179846269995 -0.0001488926307471643 -0.00491020536722137
    endloop
  endfacet
  facet normal 0.0 0.0 0.0
    outer loop
      vertex -0.008954918579887474 -0.0003230906132645033 -0.006214882979237301
      vertex -0.008342735962699946 -0.000127248706750271 -0.004540041397867762
      vertex -0.008127892212699947 -0.00013763908501996625 -0.004721570908977279
    endloop
  endfacet
  facet normal 0.0 0.0 0.0
    outer loop
      vertex -0.008954918579887474 -0.0003230906132645033 -0.006214882979237301
      vertex -0.009534813599418717 -0.00028635744315113243 -0.005717121280478295
      vertex -0.008342735962699946 -0.000127248706750271 -0.004540041397867762
    endloop
  endfacet
  facet normal 0.0 0.0 0.0
    outer loop
      vertex -0.008373802857231268 -0.0007893520946212495 -0.008548051590851265
      vertex -0.00985158606035629 -0.0013223391178412767 -0.009567989140425046
      vertex -0.009855370240043751 -0.0006945736103890932 -0.007611102197519745
    endloop
  endfacet
  facet normal 0.0 0.0 0.0
    outer loop
      vertex -0.008373802857231268 -0.0007893520946212495 -0.008548051590851265
      vertex -0.009525963501762543 -0.0013460978021090516 -0.009762180239176814
      vertex -0.00985158606035629 -0.0013223391178412767 -0.009567989140425046
    endloop
  endfacet
  facet normal 0.0 0.0 0.0
    outer loop
      vertex -0.008373802857231268 -0.0007893520946212495 -0.008548051590851265
      vertex -0.009197655396293797 -0.0013686669337244562 -0.009943237705583013
      vertex -0.009525963501762543 -0.0013460978021090516 -0.009762180239176814
    endloop
  endfacet
  facet normal 0.0 0.0 0.0
    outer loop
      vertex -0.008373802857231268 -0.0007893520946212495 -0.008548051590851265
      vertex -0.0088669669197313 -0.0013899655907383464 -0.010111609307762217
      vertex -0.009197655396293797 -0.0013686669337244562 -0.009943237705583013
    endloop
  endfacet
  facet normal 0.0 0.0 0.0
    outer loop
      vertex -0.008373802857231268 -0.0007893520946212495 -0.008548051590851265
      vertex -0.008534447388481302 -0.001409931732989718 -0.010267594456926253
      vertex -0.0088669669197313 -0.0013899655907383464 -0.010111609307762217
    endloop
  endfacet
  facet normal 0.0 0.0 0.0
    outer loop
      vertex -0.008373802857231268 -0.0007893520946212495 -0.008548051590851265
      vertex -0.008200157837700056 -0.001428551873487044 -0.010411363089168315
      vertex -0.008534447388481302 -0.001409931732989718 -0.010267594456926253
    endloop
  endfacet
  facet normal 0.0 0.0 0.0
    outer loop
      vertex -0.0077130972908249894 -0.0003881087020009328 -0.007004594886106918
      vertex -0.006836998658012462 -0.00018897596955497155 -0.005528999327912148
      vertex -0.006564598755668714 -0.0001973379042995349 -0.005650236592115075
    endloop
  endfacet
  facet normal 0.0 0.0 0.0
    outer loop
      vertex -0.0077130972908249894 -0.0003881087020009328 -0.007004594886106918
      vertex -0.007105614380668709 -0.00017988303986983566 -0.005394482771855199
      vertex -0.006836998658012462 -0.00018897596955497155 -0.005528999327912148
    endloop
  endfacet
  facet normal 0.0 0.0 0.0
    outer loop
      vertex -0.0077130972908249894 -0.0003881087020009328 -0.007004594886106918
      vertex -0.007369835572074957 -0.00017011036581191652 -0.005246570935817122
      vertex -0.007105614380668709 -0.00017988303986983566 -0.005394482771855199
    endloop
  endfacet
  facet normal 0.0 0.0 0.0
    outer loop
      vertex -0.0077130972908249894 -0.0003881087020009328 -0.007004594886106918
      vertex -0.007628868775199954 -0.00015974696152526801 -0.0050851748056538635
      vertex -0.007369835572074957 -0.00017011036581191652 -0.005246570935817122
    endloop
  endfacet
  facet normal 0.0 0.0 0.0
    outer loop
      vertex -0.0077130972908249894 -0.0003881087020009328 -0.007004594886106918
      vertex -0.008954918579887474 -0.0003230906132645033 -0.006214882979237301
      vertex -0.007628868775199954 -0.00015974696152526801 -0.0050851748056538635
    endloop
  endfacet
  facet normal 0.0 0.0 0.0
    outer loop
      vertex -0.0068266837166062804 -0.0008586563492638444 -0.009177238627210049
      vertex -0.0051538931892625185 -0.0006561626585302358 -0.008683388155992894
      vertex -0.005222862915825031 -0.0008331092899200678 -0.009313168619978687
    endloop
  endfacet
  facet normal 0.0 0.0 0.0
    outer loop
      vertex -0.0068266837166062804 -0.0008586563492638444 -0.009177238627210049
      vertex -0.005222862915825031 -0.0008331092899200678 -0.009313168619978687
      vertex -0.005291161255668793 -0.0010376610955601714 -0.009934603333609744
    endloop
  endfacet
  facet normal 0.0 0.0 0.0
    outer loop
      vertex -0.0068266837166062804 -0.0008586563492638444 -0.009177238627210049
      vertex -0.008200157837700056 -0.001428551873487044 -0.010411363089168315
      vertex -0.008373802857231268 -0.0007893520946212495 -0.008548051590851265
    endloop
  endfacet
  facet normal 0.0 0.0 0.0
    outer loop
      vertex -0.0068266837166062804 -0.0008586563492638444 -0.009177238627210049
      vertex -0.005291161255668793 -0.0010376610955601714 -0.009934603333609744
      vertex -0.006508019165825066 -0.0015008259636631136 -0.010952320924378764
    endloop
  endfacet
  facet normal 0.0 0.0 0.0
    outer loop
      vertex -0.0068266837166062804 -0.0008586563492638444 -0.009177238627210049
      vertex -0.007864220337700057 -0.0014458071304421951 -0.010543063561395163
      vertex -0.008200157837700056 -0.001428551873487044 -0.010411363089168315
    endloop
  endfacet
  facet normal 0.0 0.0 0.0
    outer loop
      vertex -0.0068266837166062804 -0.0008586563492638444 -0.009177238627210049
      vertex -0.00752694006426256 -0.0014616786220670362 -0.010662855020106773
      vertex -0.007864220337700057 -0.0014458071304421951 -0.010543063561395163
    endloop
  endfacet
  facet normal 0.0 0.0 0.0
    outer loop
      vertex -0.0068266837166062804 -0.0008586563492638444 -0.009177238627210049
      vertex -0.007188317017387562 -0.0014761501639717388 -0.010770893914404816
      vertex -0.00752694006426256 -0.0014616786220670362 -0.010662855020106773
    endloop
  endfacet
  facet normal 0.0 0.0 0.0
    outer loop
      vertex -0.0068266837166062804 -0.0008586563492638444 -0.009177238627210049
      vertex -0.006848656372856314 -0.0014892028743681705 -0.010867328601196054
      vertex -0.007188317017387562 -0.0014761501639717388 -0.010770893914404816
    endloop
  endfacet
  facet normal 0.0 0.0 0.0
    outer loop
      vertex -0.0068266837166062804 -0.0008586563492638444 -0.009177238627210049
      vertex -0.006508019165825066 -0.0015008259636631136 -0.010952320924378764
      vertex -0.006848656372856314 -0.0014892028743681705 -0.010867328601196054
    endloop
  endfacet
  facet normal 0.0 0.0 0.0
    outer loop
      vertex -0.006404930786918749 -0.000436195221578779 -0.007539006135631858
      vertex -0.0051538931892625185 -0.0006561626585302358 -0.008683388155992894
      vertex -0.0068266837166062804 -0.0008586563492638444 -0.009177238627210049
    endloop
  endfacet
  facet normal 0.0 0.0 0.0
    outer loop
      vertex -0.006404930786918749 -0.000436195221578779 -0.007539006135631858
      vertex -0.005728783325981218 -0.00021772484068644183 -0.005935416330480898
      vertex -0.005445397095512469 -0.00022285259486367305 -0.006004688216343832
    endloop
  endfacet
  facet normal 0.0 0.0 0.0
    outer loop
      vertex -0.006404930786918749 -0.000436195221578779 -0.007539006135631858
      vertex -0.0077130972908249894 -0.0003881087020009328 -0.007004594886106918
      vertex -0.006564598755668714 -0.0001973379042995349 -0.005650236592115075
    endloop
  endfacet
  facet normal 0.0 0.0 0.0
    outer loop
      vertex -0.006404930786918749 -0.000436195221578779 -0.007539006135631858
      vertex -0.006010033325981218 -0.00021174470864492622 -0.005853326407874043
      vertex -0.005728783325981218 -0.00021772484068644183 -0.005935416330480898
    endloop
  endfacet
  facet normal 0.0 0.0 0.0
    outer loop
      vertex -0.006404930786918749 -0.000436195221578779 -0.007539006135631858
      vertex -0.006288841919731216 -0.00020493647532386915 -0.005758307855192774
      vertex -0.006010033325981218 -0.00021174470864492622 -0.005853326407874043
    endloop
  endfacet
  facet normal 0.0 0.0 0.0
    outer loop
      vertex -0.006404930786918749 -0.000436195221578779 -0.007539006135631858
      vertex -0.006564598755668714 -0.0001973379042995349 -0.005650236592115075
      vertex -0.006288841919731216 -0.00020493647532386915 -0.005758307855192774
    endloop
  endfacet
  facet normal 0.0 0.0 0.0
    outer loop
      vertex -0.006404930786918749 -0.000436195221578779 -0.007539006135631858
      vertex -0.005014488892387495 -0.0003863877618825544 -0.007403658780897091
      vertex -0.005084435181450007 -0.0005071583761787615 -0.008046478468287788
    endloop
  endfacet
  facet normal 0.0 0.0 0.0
    outer loop
      vertex -0.006404930786918749 -0.000436195221578779 -0.007539006135631858
      vertex -0.005084435181450007 -0.0005071583761787615 -0.008046478468287788
      vertex -0.0051538931892625185 -0.0006561626585302358 -0.008683388155992894
    endloop
  endfacet
  facet normal 0.0 0.0 0.0
    outer loop
      vertex -0.006404930786918749 -0.000436195221578779 -0.007539006135631858
      vertex -0.005445397095512469 -0.00022285259486367305 -0.006004688216343832
      vertex -0.005014488892387495 -0.0003863877618825544 -0.007403658780897091
    endloop
  endfacet
  facet normal 0.0 0.0 0.0
    outer loop
      vertex -0.01252724524004365 -0.00021122141337377297 -0.0018840292753594403
      vertex -0.013022972779106122 -0.0002469457565211801 -0.0003255750360409575
      vertex -0.012351158814262374 -0.00013933574855359374 -0.00031935483555033746
    endloop
  endfacet
  facet normal 0.0 0.0 0.0
    outer loop
      vertex -0.01252724524004365 -0.00021122141337377297 -0.0018840292753594403
      vertex -0.013384056763481145 -0.00034925537682003826 -0.0014922348690004589
      vertex -0.013022972779106122 -0.0002469457565211801 -0.0003255750360409575
    endloop
  endfacet
  facet normal 0.0 0.0 0.0
    outer loop
      vertex -0.01252724524004365 -0.00021122141337377297 -0.0018840292753594403
      vertex -0.012351158814262374 -0.00013933574855359374 -0.00031935483555033746
      vertex -0.011834496216606137 -9.393853508554284e-05 -0.0012421617695703119
    endloop
  endfacet
  facet normal 0.0 0.0 0.0
    outer loop
      vertex -0.01252724524004365 -0.00021122141337377297 -0.0018840292753594403
      vertex -0.011834496216606137 -9.393853508554284e-05 -0.0012421617695703119
      vertex -0.011656944947074902 -0.00011281762582011967 -0.00214710383461827
    endloop
  endfacet
  facet normal 0.0 0.0 0.0
    outer loop
      vertex -0.01252724524004365 -0.00021122141337377297 -0.0018840292753594403
      vertex -0.013160851197074913 -0.00037803931412946337 -0.002625797624761336
      vertex -0.013384056763481145 -0.00034925537682003826 -0.0014922348690004589
    endloop
  endfacet
  facet normal 0.0 0.0 0.0
    outer loop
      vertex -0.012268700318168667 -0.00024021574775096477 -0.0028747701856832097
      vertex -0.011656944947074902 -0.00011281762582011967 -0.00214710383461827
      vertex -0.011378624634574917 -0.0001397916088670934 -0.002997361543835104
    endloop
  endfacet
  facet normal 0.0 0.0 0.0
    outer loop
      vertex -0.012268700318168667 -0.00024021574775096477 -0.0028747701856832097
      vertex -0.012813194947074934 -0.00041929332380150465 -0.003684828567965126
      vertex -0.013160851197074913 -0.00037803931412946337 -0.002625797624761336
    endloop
  endfacet
  facet normal 0.0 0.0 0.0
    outer loop
      vertex -0.012268700318168667 -0.00024021574775096477 -0.0028747701856832097
      vertex -0.013160851197074913 -0.00037803931412946337 -0.002625797624761336
      vertex -0.01252724524004365 -0.00021122141337377297 -0.0018840292753594403
    endloop
  endfacet
  facet normal 0.0 0.0 0.0
    outer loop
      vertex -0.012268700318168667 -0.00024021574775096477 -0.0028747701856832097
      vertex -0.01252724524004365 -0.00021122141337377297 -0.0018840292753594403
      vertex -0.011656944947074902 -0.00011281762582011967 -0.00214710383461827
    endloop
  endfacet
  facet normal 0.0 0.0 0.0
    outer loop
      vertex -0.011905235962699934 -0.0002780737329573926 -0.0037927676585259064
      vertex -0.011378624634574917 -0.0001397916088670934 -0.002997361543835104
      vertex -0.011013146118949931 -0.00017278348753184725 -0.0037832836060866064
    endloop
  endfacet
  facet normal 0.0 0.0 0.0
    outer loop
      vertex -0.011905235962699934 -0.0002780737329573926 -0.0037927676585259064
      vertex -0.012268700318168667 -0.00024021574775096477 -0.0028747701856832097
      vertex -0.011378624634574917 -0.0001397916088670934 -0.002997361543835104
    endloop
  endfacet
  facet normal 0.0 0.0 0.0
    outer loop
      vertex -0.011905235962699934 -0.0002780737329573926 -0.0037927676585259064
      vertex -0.012359520630668702 -0.00046962947356546223 -0.004657043746732238
      vertex -0.012813194947074934 -0.00041929332380150465 -0.003684828567965126
    endloop
  endfacet
  facet normal 0.0 0.0 0.0
    outer loop
      vertex -0.011905235962699934 -0.0002780737329573926 -0.0037927676585259064
      vertex -0.012813194947074934 -0.00041929332380150465 -0.003684828567965126
      vertex -0.012268700318168667 -0.00024021574775096477 -0.0028747701856832097
    endloop
  endfacet
  facet normal 0.0 0.0 0.0
    outer loop
      vertex -0.011453514771293697 -0.0003220062591459989 -0.004633182561328903
      vertex -0.012359520630668702 -0.00046962947356546223 -0.004657043746732238
      vertex -0.011905235962699934 -0.0002780737329573926 -0.0037927676585259064
    endloop
  endfacet
  facet normal 0.0 0.0 0.0
    outer loop
      vertex -0.011453514771293697 -0.0003220062591459989 -0.004633182561328903
      vertex -0.011819115357231213 -0.0005255357508286198 -0.005538461801164939
      vertex -0.012359520630668702 -0.00046962947356546223 -0.004657043746732238
    endloop
  endfacet
  facet normal 0.0 0.0 0.0
    outer loop
      vertex -0.011453514771293697 -0.0003220062591459989 -0.004633182561328903
      vertex -0.011905235962699934 -0.0002780737329573926 -0.0037927676585259064
      vertex -0.011013146118949931 -0.00017278348753184725 -0.0037832836060866064
    endloop
  endfacet
  facet normal 0.0 0.0 0.0
    outer loop
      vertex -0.011453514771293697 -0.0003220062591459989 -0.004633182561328903
      vertex -0.011013146118949931 -0.00017278348753184725 -0.0037832836060866064
      vertex -0.010574730591606194 -0.00020962455357740462 -0.004500964188627575
    endloop
  endfacet
  facet normal 0.0 0.0 0.0
    outer loop
      vertex -0.01093019934160621 -0.0003692161242748133 -0.0053920632055758175
      vertex -0.010574730591606194 -0.00020962455357740462 -0.004500964188627575
      vertex -0.010077599243949955 -0.00024814070397017886 -0.0051464866691195875
    endloop
  endfacet
  facet normal 0.0 0.0 0.0
    outer loop
      vertex -0.01093019934160621 -0.0003692161242748133 -0.0053920632055758175
      vertex -0.011453514771293697 -0.0003220062591459989 -0.004633182561328903
      vertex -0.010574730591606194 -0.00020962455357740462 -0.004500964188627575
    endloop
  endfacet
  facet normal 0.0 0.0 0.0
    outer loop
      vertex -0.01093019934160621 -0.0003692161242748133 -0.0053920632055758175
      vertex -0.01121114416582498 -0.0005835136299897856 -0.0063251040687638
      vertex -0.011819115357231213 -0.0005255357508286198 -0.005538461801164939
    endloop
  endfacet
  facet normal 0.0 0.0 0.0
    outer loop
      vertex -0.01093019934160621 -0.0003692161242748133 -0.0053920632055758175
      vertex -0.011819115357231213 -0.0005255357508286198 -0.005538461801164939
      vertex -0.011453514771293697 -0.0003220062591459989 -0.004633182561328903
    endloop
  endfacet
  facet normal 0.0 0.0 0.0
    outer loop
      vertex -0.010352013306449973 -0.0004169304028866052 -0.006065627838843466
      vertex -0.010077599243949955 -0.00024814070397017886 -0.0051464866691195875
      vertex -0.009534813599418717 -0.00028635744315113243 -0.005717121280478295
    endloop
  endfacet
  facet normal 0.0 0.0 0.0
    outer loop
      vertex -0.010352013306449973 -0.0004169304028866052 -0.006065627838843466
      vertex -0.009855370240043751 -0.0006945736103890932 -0.007611102197519745
      vertex -0.010553124146293742 -0.0006404233394222922 -0.007014607628613905
    endloop
  endfacet
  facet normal 0.0 0.0 0.0
    outer loop
      vertex -0.010352013306449973 -0.0004169304028866052 -0.006065627838843466
      vertex -0.01093019934160621 -0.0003692161242748133 -0.0053920632055758175
      vertex -0.010077599243949955 -0.00024814070397017886 -0.0051464866691195875
    endloop
  endfacet
  facet normal 0.0 0.0 0.0
    outer loop
      vertex -0.010352013306449973 -0.0004169304028866052 -0.006065627838843466
      vertex -0.009534813599418717 -0.00028635744315113243 -0.005717121280478295
      vertex -0.008954918579887474 -0.0003230906132645033 -0.006214882979237301
    endloop
  endfacet
  facet normal 0.0 0.0 0.0
    outer loop
      vertex -0.010352013306449973 -0.0004169304028866052 -0.006065627838843466
      vertex -0.01121114416582498 -0.0005835136299897856 -0.0063251040687638
      vertex -0.01093019934160621 -0.0003692161242748133 -0.0053920632055758175
    endloop
  endfacet
  facet normal 0.0 0.0 0.0
    outer loop
      vertex -0.010352013306449973 -0.0004169304028866052 -0.006065627838843466
      vertex -0.008954918579887474 -0.0003230906132645033 -0.006214882979237301
      vertex -0.009855370240043751 -0.0006945736103890932 -0.007611102197519745
    endloop
  endfacet
  facet normal 0.0 0.0 0.0
    outer loop
      vertex -0.010352013306449973 -0.0004169304028866052 -0.006065627838843466
      vertex -0.010553124146293742 -0.0006404233394222922 -0.007014607628613905
      vertex -0.01121114416582498 -0.0005835136299897856 -0.0063251040687638
    endloop
  endfacet
  facet normal 0.0 0.0 0.0
    outer loop
      vertex -0.008737572388481248 -0.0005272108351758566 -0.007386872871246894
      vertex -0.008373802857231268 -0.0007893520946212495 -0.008548051590851265
      vertex -0.009855370240043751 -0.0006945736103890932 -0.007611102197519745
    endloop
  endfacet
  facet normal 0.0 0.0 0.0
    outer loop
      vertex -0.008737572388481248 -0.0005272108351758566 -0.007386872871246894
      vertex -0.0077130972908249894 -0.0003881087020009328 -0.007004594886106918
      vertex -0.008373802857231268 -0.0007893520946212495 -0.008548051590851265
    endloop
  endfacet
  facet normal 0.0 0.0 0.0
    outer loop
      vertex -0.008737572388481248 -0.0005272108351758566 -0.007386872871246894
      vertex -0.008954918579887474 -0.0003230906132645033 -0.006214882979237301
      vertex -0.0077130972908249894 -0.0003881087020009328 -0.007004594886106918
    endloop
  endfacet
  facet normal 0.0 0.0 0.0
    outer loop
      vertex -0.008737572388481248 -0.0005272108351758566 -0.007386872871246894
      vertex -0.009855370240043751 -0.0006945736103890932 -0.007611102197519745
      vertex -0.008954918579887474 -0.0003230906132645033 -0.006214882979237301
    endloop
  endfacet
  facet normal 0.0 0.0 0.0
    outer loop
      vertex -0.007336876587700009 -0.0005967146972929997 -0.008106859729338396
      vertex -0.0068266837166062804 -0.0008586563492638444 -0.009177238627210049
      vertex -0.008373802857231268 -0.0007893520946212495 -0.008548051590851265
    endloop
  endfacet
  facet normal 0.0 0.0 0.0
    outer loop
      vertex -0.007336876587700009 -0.0005967146972929997 -0.008106859729338396
      vertex -0.008373802857231268 -0.0007893520946212495 -0.008548051590851265
      vertex -0.0077130972908249894 -0.0003881087020009328 -0.007004594886106918
    endloop
  endfacet
  facet normal 0.0 0.0 0.0
    outer loop
      vertex -0.007336876587700009 -0.0005967146972929997 -0.008106859729338396
      vertex -0.006404930786918749 -0.000436195221578779 -0.007539006135631858
      vertex -0.0068266837166062804 -0.0008586563492638444 -0.009177238627210049
    endloop
  endfacet
  facet normal 0.0 0.0 0.0
    outer loop
      vertex -0.007336876587700009 -0.0005967146972929997 -0.008106859729338396
      vertex -0.0077130972908249894 -0.0003881087020009328 -0.007004594886106918
      vertex -0.006404930786918749 -0.000436195221578779 -0.007539006135631858
    endloop
  endfacet
  facet normal 0.0 0.0 0.0
    outer loop
      vertex 0.37207523278730015 -6.666783822758626e-05 -0.002924788042453944
      vertex 0.37156992272870637 -7.265606246401068e-05 -0.0034300485084999897
      vertex 0.37161087731855014 -7.093242494730933e-05 -0.0033891316736160385
    endloop
  endfacet
  facet normal 0.0 0.0 0.0
    outer loop
      vertex 0.3720576546623001 -0.00010965627500954555 -0.0031858881061537204
      vertex 0.37207523278730015 -6.666783822758626e-05 -0.002924788042453944
      vertex 0.37253897790448764 -9.26815474780891e-05 -0.0024610135623341404
    endloop
  endfacet
  facet normal 0.0 0.0 0.0
    outer loop
      vertex 0.3720576546623001 -0.00010965627500954555 -0.0031858881061537204
      vertex 0.37144718102948765 -7.795375273443494e-05 -0.003552801710550149
      vertex 0.37148813561933136 -7.616537765842102e-05 -0.0035118848756661974
    endloop
  endfacet
  facet normal 0.0 0.0 0.0
    outer loop
      vertex 0.3720576546623001 -0.00010965627500954555 -0.0031858881061537204
      vertex 0.37148813561933136 -7.616537765842102e-05 -0.0035118848756661974
      vertex 0.37152902917401887 -7.440397656545383e-05 -0.003470968040782246
    endloop
  endfacet
  facet normal 0.0 0.0 0.0
    outer loop
      vertex 0.3720576546623001 -0.00010965627500954555 -0.0031858881061537204
      vertex 0.37152902917401887 -7.440397656545383e-05 -0.003470968040782246
      vertex 0.37156992272870637 -7.265606246401068e-05 -0.0034300485084999897
    endloop
  endfacet
  facet normal 0.0 0.0 0.0
    outer loop
      vertex 0.3720576546623001 -0.00010965627500954555 -0.0031858881061537204
      vertex 0.37156992272870637 -7.265606246401068e-05 -0.0034300485084999897
      vertex 0.37207523278730015 -6.666783822758626e-05 -0.002924788042453944
    endloop
  endfacet
  facet normal 0.0 0.0 0.0
    outer loop
      vertex 0.3744307015373002 -0.00056552737809661 -0.001678889436895692
      vertex 0.3743716195060502 -0.0004962258208523291 -0.0006283768775381406
      vertex 0.3746871712638627 -0.0006159552394029267 -0.00031280555247331393
    endloop
  endfacet
  facet normal 0.0 0.0 0.0
    outer loop
      vertex 0.37499997643964395 -0.0007511650268241814 -0.0004322031910324371
      vertex 0.3746871712638627 -0.0006159552394029267 -0.00031280555247331393
      vertex 0.37499997643964395 -0.0007499997507565523 9.393291981463214e-10
    endloop
  endfacet
  facet normal 0.0 0.0 0.0
    outer loop
      vertex 0.37499997643964395 -0.0007546554602304596 -0.0008643911370042442
      vertex 0.3744307015373002 -0.00056552737809661 -0.001678889436895692
      vertex 0.3746871712638627 -0.0006159552394029267 -0.00031280555247331393
    endloop
  endfacet
  facet normal 0.0 0.0 0.0
    outer loop
      vertex 0.37499997643964395 -0.0007546554602304596 -0.0008643911370042442
      vertex 0.3746871712638627 -0.0006159552394029267 -0.00031280555247331393
      vertex 0.37499997643964395 -0.0007511650268241814 -0.0004322031910324371
    endloop
  endfacet
  facet normal 0.0 0.0 0.0
    outer loop
      vertex 0.37499997643964395 -0.000760476445771996 -0.0012965575037896136
      vertex 0.3744307015373002 -0.00056552737809661 -0.001678889436895692
      vertex 0.37499997643964395 -0.0007546554602304596 -0.0008643911370042442
    endloop
  endfacet
  facet normal 0.0 0.0 0.0
    outer loop
      vertex 0.3727496102287064 -0.00015101278581716816 -0.0024809662175939895
      vertex 0.37253897790448764 -9.26815474780891e-05 -0.0024610135623341404
      vertex 0.37300144128339396 -0.00014883328798697437 -0.0019985635047819438
    endloop
  endfacet
  facet normal 0.0 0.0 0.0
    outer loop
      vertex 0.3727496102287064 -0.00015101278581716816 -0.0024809662175939895
      vertex 0.37266263513105014 -0.00017444778228837676 -0.002814197409359673
      vertex 0.3720576546623001 -0.00010965627500954555 -0.0031858881061537204
    endloop
  endfacet
  facet normal 0.0 0.0 0.0
    outer loop
      vertex 0.3727496102287064 -0.00015101278581716816 -0.0024809662175939895
      vertex 0.3720576546623001 -0.00010965627500954555 -0.0031858881061537204
      vertex 0.37253897790448764 -9.26815474780891e-05 -0.0024610135623341404
    endloop
  endfacet
  facet normal 0.0 0.0 0.0
    outer loop
      vertex 0.3738992073966752 -0.00037802852453879844 -0.0015036691404208562
      vertex 0.3734618294669877 -0.00023499897943222547 -0.001538193141322668
      vertex 0.3739189217521439 -0.0003509115793816775 -0.0010810974194052948
    endloop
  endfacet
  facet normal 0.0 0.0 0.0
    outer loop
      vertex 0.3738992073966752 -0.00037802852453879844 -0.0015036691404208562
      vertex 0.3739189217521439 -0.0003509115793816775 -0.0010810974194052948
      vertex 0.3743716195060502 -0.0004962258208523291 -0.0006283768775381406
    endloop
  endfacet
  facet normal 0.0 0.0 0.0
    outer loop
      vertex 0.3738992073966752 -0.00037802852453879844 -0.0015036691404208562
      vertex 0.3744307015373002 -0.00056552737809661 -0.001678889436895692
      vertex 0.3738504403068314 -0.0004026449814674649 -0.0020598456968663743
    endloop
  endfacet
  facet normal 0.0 0.0 0.0
    outer loop
      vertex 0.3738992073966752 -0.00037802852453879844 -0.0015036691404208562
      vertex 0.3738504403068314 -0.0004026449814674649 -0.0020598456968663743
      vertex 0.3732606575919876 -0.00027218531246077984 -0.002438568511040768
    endloop
  endfacet
  facet normal 0.0 0.0 0.0
    outer loop
      vertex 0.3738992073966752 -0.00037802852453879844 -0.0015036691404208562
      vertex 0.3732606575919876 -0.00027218531246077984 -0.002438568511040768
      vertex 0.3734618294669877 -0.00023499897943222547 -0.001538193141322668
    endloop
  endfacet
  facet normal 0.0 0.0 0.0
    outer loop
      vertex 0.3738992073966752 -0.00037802852453879844 -0.0015036691404208562
      vertex 0.3743716195060502 -0.0004962258208523291 -0.0006283768775381406
      vertex 0.3744307015373002 -0.00056552737809661 -0.001678889436895692
    endloop
  endfacet
  facet normal 0.0 0.0 0.0
    outer loop
      vertex 0.3731453011466752 -0.00021050120802896331 -0.0021411803479478974
      vertex 0.37300144128339396 -0.00014883328798697437 -0.0019985635047819438
      vertex 0.3734618294669877 -0.00023499897943222547 -0.001538193141322668
    endloop
  endfacet
  facet normal 0.0 0.0 0.0
    outer loop
      vertex 0.3731453011466752 -0.00021050120802896331 -0.0021411803479478974
      vertex 0.3732606575919876 -0.00027218531246077984 -0.002438568511040768
      vertex 0.37266263513105014 -0.00017444778228837676 -0.002814197409359673
    endloop
  endfacet
  facet normal 0.0 0.0 0.0
    outer loop
      vertex 0.3731453011466752 -0.00021050120802896331 -0.0021411803479478974
      vertex 0.3727496102287064 -0.00015101278581716816 -0.0024809662175939895
      vertex 0.37300144128339396 -0.00014883328798697437 -0.0019985635047819438
    endloop
  endfacet
  facet normal 0.0 0.0 0.0
    outer loop
      vertex 0.3731453011466752 -0.00021050120802896331 -0.0021411803479478974
      vertex 0.37266263513105014 -0.00017444778228837676 -0.002814197409359673
      vertex 0.3727496102287064 -0.00015101278581716816 -0.0024809662175939895
    endloop
  endfacet
  facet normal 0.0 0.0 0.0
    outer loop
      vertex 0.3731453011466752 -0.00021050120802896331 -0.0021411803479478974
      vertex 0.3734618294669877 -0.00023499897943222547 -0.001538193141322668
      vertex 0.3732606575919876 -0.00027218531246077984 -0.002438568511040768
    endloop
  endfacet
  facet normal 0.0 0.0 0.0
    outer loop
      vertex -0.005347740845512556 -0.0012696130731793894 -0.010547908088750444
      vertex -0.005425255493950069 -0.0015279536984134606 -0.011147685391393087
      vertex -0.005358666138481306 -0.0012694269526963647 -0.010546502744233695
    endloop
  endfacet
  facet normal 0.0 0.0 0.0
    outer loop
      vertex -0.005347740845512556 -0.0012696130731793894 -0.010547908088750444
      vertex -0.0054137808845750686 -0.0015281640954812267 -0.011149158170867451
      vertex -0.005425255493950069 -0.0015279536984134606 -0.011147685391393087
    endloop
  endfacet
  facet normal 0.0 0.0 0.0
    outer loop
      vertex -0.005280846314262544 -0.0010378283342550628 -0.009935941243168872
      vertex -0.005358666138481306 -0.0012694269526963647 -0.010546502744233695
      vertex -0.005291161255668793 -0.0010376610955601714 -0.009934603333609744
    endloop
  endfacet
  facet normal 0.0 0.0 0.0
    outer loop
      vertex -0.005280846314262544 -0.0010378283342550628 -0.009935941243168872
      vertex -0.005347740845512556 -0.0012696130731793894 -0.010547908088750444
      vertex -0.005358666138481306 -0.0012694269526963647 -0.010546502744233695
    endloop
  endfacet
  facet normal 0.0 0.0 0.0
    outer loop
      vertex -0.005144737915825018 -0.0006562894362505567 -0.008684583103441876
      vertex -0.005222862915825031 -0.0008331092899200678 -0.009313168619978687
      vertex -0.0051538931892625185 -0.0006561626585302358 -0.008683388155992894
    endloop
  endfacet
  facet normal 0.0 0.0 0.0
    outer loop
      vertex -0.005144737915825018 -0.0006562894362505567 -0.008684583103441876
      vertex -0.005213158325981281 -0.0008332576468268256 -0.00931443369978359
      vertex -0.005222862915825031 -0.0008331092899200678 -0.009313168619978687
    endloop
  endfacet
  facet normal 0.0 0.0 0.0
    outer loop
      vertex -0.0050758292244187575 -0.0005072716669075597 -0.008047595191185933
      vertex -0.0051538931892625185 -0.0006561626585302358 -0.008683388155992894
      vertex -0.005084435181450007 -0.0005071583761787615 -0.008046478468287788
    endloop
  endfacet
  facet normal 0.0 0.0 0.0
    outer loop
      vertex -0.0050758292244187575 -0.0005072716669075597 -0.008047595191185933
      vertex -0.005144737915825018 -0.0006562894362505567 -0.008684583103441876
      vertex -0.0051538931892625185 -0.0006561626585302358 -0.008683388155992894
    endloop
  endfacet
  facet normal 0.0 0.0 0.0
    outer loop
      vertex -0.004936974243949983 -0.00029416101644665196 -0.006757138263032348
      vertex -0.005014488892387495 -0.0003863877618825544 -0.007403658780897091
      vertex -0.004944359497856233 -0.000294082791895816 -0.006756169897040963
    endloop
  endfacet
  facet normal 0.0 0.0 0.0
    outer loop
      vertex -0.004936974243949983 -0.00029416101644665196 -0.006757138263032348
      vertex -0.005006554322074995 -0.0003864821708232187 -0.007404702674041008
      vertex -0.005014488892387495 -0.0003863877618825544 -0.007403658780897091
    endloop
  endfacet
  facet normal 0.0 0.0 0.0
    outer loop
      vertex -0.0048672110603562215 -0.00023048083726936097 -0.006106142761380114
      vertex -0.004944359497856233 -0.000294082791895816 -0.006756169897040963
      vertex -0.004874046997856221 -0.00023041340231174347 -0.006105255317337868
    endloop
  endfacet
  facet normal 0.0 0.0 0.0
    outer loop
      vertex -0.0048672110603562215 -0.00023048083726936097 -0.006106142761380114
      vertex -0.004936974243949983 -0.00029416101644665196 -0.006757138263032348
      vertex -0.004944359497856233 -0.000294082791895816 -0.006756169897040963
    endloop
  endfacet
  facet normal 0.0 0.0 0.0
    outer loop
      vertex -0.005242394165825035 -0.000898745082868265 -0.009521610073974163
      vertex -0.005291161255668793 -0.0010376610955601714 -0.009934603333609744
      vertex -0.005222862915825031 -0.0008331092899200678 -0.009313168619978687
    endloop
  endfacet
  facet normal 0.0 0.0 0.0
    outer loop
      vertex -0.005242394165825035 -0.000898745082868265 -0.009521610073974163
      vertex -0.005213158325981281 -0.0008332576468268256 -0.00931443369978359
      vertex -0.005280846314262544 -0.0010378283342550628 -0.009935941243168872
    endloop
  endfacet
  facet normal 0.0 0.0 0.0
    outer loop
      vertex -0.005242394165825035 -0.000898745082868265 -0.009521610073974163
      vertex -0.005280846314262544 -0.0010378283342550628 -0.009935941243168872
      vertex -0.005291161255668793 -0.0010376610955601714 -0.009934603333609744
    endloop
  endfacet
  facet normal 0.0 0.0 0.0
    outer loop
      vertex -0.005242394165825035 -0.000898745082868265 -0.009521610073974163
      vertex -0.005222862915825031 -0.0008331092899200678 -0.009313168619978687
      vertex -0.005213158325981281 -0.0008332576468268256 -0.00931443369978359
    endloop
  endfacet
  facet normal 0.0 0.0 0.0
    outer loop
      vertex -0.005058373169731253 -0.00046424276915102913 -0.007833054919623536
      vertex -0.005084435181450007 -0.0005071583761787615 -0.008046478468287788
      vertex -0.005014488892387495 -0.0003863877618825544 -0.007403658780897091
    endloop
  endfacet
  facet normal 0.0 0.0 0.0
    outer loop
      vertex -0.005058373169731253 -0.00046424276915102913 -0.007833054919623536
      vertex -0.005006554322074995 -0.0003864821708232187 -0.007404702674041008
      vertex -0.0050758292244187575 -0.0005072716669075597 -0.008047595191185933
    endloop
  endfacet
  facet normal 0.0 0.0 0.0
    outer loop
      vertex -0.005058373169731253 -0.00046424276915102913 -0.007833054919623536
      vertex -0.0050758292244187575 -0.0005072716669075597 -0.008047595191185933
      vertex -0.005084435181450007 -0.0005071583761787615 -0.008046478468287788
    endloop
  endfacet
  facet normal 0.0 0.0 0.0
    outer loop
      vertex -0.005058373169731253 -0.00046424276915102913 -0.007833054919623536
      vertex -0.005014488892387495 -0.0003863877618825544 -0.007403658780897091
      vertex -0.005006554322074995 -0.0003864821708232187 -0.007404702674041008
    endloop
  endfacet
  facet normal 0.0 0.0 0.0
    outer loop
      vertex 0.3720576546623001 -0.00010965627500954555 -0.0031858881061537204
      vertex 0.37143613366620637 -7.84392844292805e-05 -0.0035638664383960163
      vertex 0.37144718102948765 -7.795375273443494e-05 -0.003552801710550149
    endloop
  endfacet
  facet normal 0.0 0.0 0.0
    outer loop
      vertex 0.37203824548261266 -0.00011304420728024533 -0.0032319920379776045
      vertex 0.37142508630292514 -7.892751352243055e-05 -0.0035749338636401886
      vertex 0.37143057946698765 -7.868474767500788e-05 -0.0035693988023189505
    endloop
  endfacet
  facet normal 0.0 0.0 0.0
    outer loop
      vertex 0.37203824548261266 -0.00011304420728024533 -0.0032319920379776045
      vertex 0.37143057946698765 -7.868474767500788e-05 -0.0035693988023189505
      vertex 0.37143613366620637 -7.84392844292805e-05 -0.0035638664383960163
    endloop
  endfacet
  facet normal 0.0 0.0 0.0
    outer loop
      vertex 0.37203824548261266 -0.00011304420728024533 -0.0032319920379776045
      vertex 0.37143613366620637 -7.84392844292805e-05 -0.0035638664383960163
      vertex 0.3720576546623001 -0.00010965627500954555 -0.0031858881061537204
    endloop
  endfacet
  facet normal 0.0 0.0 0.0
    outer loop
      vertex 0.37499924401776896 -0.0007633626619580221 -0.0014643734419180464
      vertex 0.3744307015373002 -0.00056552737809661 -0.001678889436895692
      vertex 0.37499997643964395 -0.000760476445771996 -0.0012965575037896136
    endloop
  endfacet
  facet normal 0.0 0.0 0.0
    outer loop
      vertex 0.37499924401776896 -0.0007633626619580221 -0.0014643734419180464
      vertex 0.3744253914787064 -0.000570169600578994 -0.0018223667501208415
      vertex 0.3744307015373002 -0.00056552737809661 -0.001678889436895692
    endloop
  endfacet
  facet normal 0.0 0.0 0.0
    outer loop
      vertex 0.3726573250724564 -0.00017631707931353203 -0.0028373761529919364
      vertex 0.37266263513105014 -0.00017444778228837676 -0.002814197409359673
      vertex 0.3732606575919876 -0.00027218531246077984 -0.002438568511040768
    endloop
  endfacet
  facet normal 0.0 0.0 0.0
    outer loop
      vertex 0.3726573250724564 -0.00017631707931353203 -0.0028373761529919364
      vertex 0.3720576546623001 -0.00010965627500954555 -0.0031858881061537204
      vertex 0.37266263513105014 -0.00017444778228837676 -0.002814197409359673
    endloop
  endfacet
  facet normal 0.0 0.0 0.0
    outer loop
      vertex 0.3726518319083939 -0.0001779651896777019 -0.0028608138468614506
      vertex 0.3732475960685501 -0.0002778714280870815 -0.002533209427959374
      vertex 0.37264621667401887 -0.00017940829777071476 -0.002884494306578387
    endloop
  endfacet
  facet normal 0.0 0.0 0.0
    outer loop
      vertex 0.3726518319083939 -0.0001779651896777019 -0.0028608138468614506
      vertex 0.37264621667401887 -0.00017940829777071476 -0.002884494306578387
      vertex 0.37203824548261266 -0.00011304420728024533 -0.0032319920379776045
    endloop
  endfacet
  facet normal 0.0 0.0 0.0
    outer loop
      vertex 0.3726518319083939 -0.0001779651896777019 -0.0028608138468614506
      vertex 0.3720576546623001 -0.00010965627500954555 -0.0031858881061537204
      vertex 0.3726573250724564 -0.00017631707931353203 -0.0028373761529919364
    endloop
  endfacet
  facet normal 0.0 0.0 0.0
    outer loop
      vertex 0.3726518319083939 -0.0001779651896777019 -0.0028608138468614506
      vertex 0.3726573250724564 -0.00017631707931353203 -0.0028373761529919364
      vertex 0.3732606575919876 -0.00027218531246077984 -0.002438568511040768
    endloop
  endfacet
  facet normal 0.0 0.0 0.0
    outer loop
      vertex 0.3726518319083939 -0.0001779651896777019 -0.0028608138468614506
      vertex 0.37203824548261266 -0.00011304420728024533 -0.0032319920379776045
      vertex 0.3720576546623001 -0.00010965627500954555 -0.0031858881061537204
    endloop
  endfacet
  facet normal 0.0 0.0 0.0
    outer loop
      vertex 0.3726518319083939 -0.0001779651896777019 -0.0028608138468614506
      vertex 0.3732606575919876 -0.00027218531246077984 -0.002438568511040768
      vertex 0.3732475960685501 -0.0002778714280870815 -0.002533209427959374
    endloop
  endfacet
  facet normal 0.0 0.0 0.0
    outer loop
      vertex 0.37384744958417515 -0.0004047084911705582 -0.002099327515852228
      vertex 0.3738504403068314 -0.0004026449814674649 -0.0020598456968663743
      vertex 0.3744307015373002 -0.00056552737809661 -0.001678889436895692
    endloop
  endfacet
  facet normal 0.0 0.0 0.0
    outer loop
      vertex 0.37384744958417515 -0.0004047084911705582 -0.002099327515852228
      vertex 0.3732606575919876 -0.00027218531246077984 -0.002438568511040768
      vertex 0.3738504403068314 -0.0004026449814674649 -0.0020598456968663743
    endloop
  endfacet
  facet normal 0.0 0.0 0.0
    outer loop
      vertex 0.3738443367912064 -0.00040656430120418973 -0.0021390278241007615
      vertex 0.3744253914787064 -0.000570169600578994 -0.0018223667501208415
      vertex 0.37384110192792513 -0.00040822050376327365 -0.0021789061606374053
    endloop
  endfacet
  facet normal 0.0 0.0 0.0
    outer loop
      vertex 0.3738443367912064 -0.00040656430120418973 -0.0021390278241007615
      vertex 0.37384110192792513 -0.00040822050376327365 -0.0021789061606374053
      vertex 0.3732475960685501 -0.0002778714280870815 -0.002533209427959374
    endloop
  endfacet
  facet normal 0.0 0.0 0.0
    outer loop
      vertex 0.3738443367912064 -0.00040656430120418973 -0.0021390278241007615
      vertex 0.37384744958417515 -0.0004047084911705582 -0.002099327515852228
      vertex 0.3744307015373002 -0.00056552737809661 -0.001678889436895692
    endloop
  endfacet
  facet normal 0.0 0.0 0.0
    outer loop
      vertex 0.3738443367912064 -0.00040656430120418973 -0.0021390278241007615
      vertex 0.3732606575919876 -0.00027218531246077984 -0.002438568511040768
      vertex 0.37384744958417515 -0.0004047084911705582 -0.002099327515852228
    endloop
  endfacet
  facet normal 0.0 0.0 0.0
    outer loop
      vertex 0.3738443367912064 -0.00040656430120418973 -0.0021390278241007615
      vertex 0.3732475960685501 -0.0002778714280870815 -0.002533209427959374
      vertex 0.3732606575919876 -0.00027218531246077984 -0.002438568511040768
    endloop
  endfacet
  facet normal 0.0 0.0 0.0
    outer loop
      vertex 0.3738443367912064 -0.00040656430120418973 -0.0021390278241007615
      vertex 0.3744307015373002 -0.00056552737809661 -0.001678889436895692
      vertex 0.3744253914787064 -0.000570169600578994 -0.0018223667501208415
    endloop
  endfacet
  facet normal 0.0 0.0 0.0
    outer loop
      vertex 0.046464515013862374 -0.001705253688981549 -0.014803787606750092
      vertex 0.0500479500724561 -0.0024990764308675272 -0.01666253240973735
      vertex 0.042978492064643596 -0.0023884992847647223 -0.016133006148542114
    endloop
  endfacet
  facet normal 0.0 0.0 0.0
    outer loop
      vertex 0.08537967614667488 -0.0015537030626306984 -0.015351942100638123
      vertex 0.07503629235761242 -0.0010815504633764287 -0.01319460609491398
      vertex 0.08916074304120615 -0.001180342676286057 -0.013777818674567729
    endloop
  endfacet
  facet normal 0.0 0.0 0.0
    outer loop
      vertex 0.09832608727948738 -0.0016337888182972433 -0.015758672001410425
      vertex 0.08916074304120615 -0.001180342676286057 -0.013777818674567729
      vertex 0.10203684167401866 -0.0012435022575906284 -0.014137314433626475
    endloop
  endfacet
  facet normal 0.0 0.0 0.0
    outer loop
      vertex 0.11125852136151859 -0.0022895074643810897 -0.017650187496401615
      vertex 0.11713626794354981 -0.003098961629442801 -0.01927506516897336
      vertex 0.10991348962323731 -0.003079904510420066 -0.01919744213795896
    endloop
  endfacet
  facet normal 0.0 0.0 0.0
    outer loop
      vertex 0.11127567224042488 -0.0016825955432225213 -0.016003288264070423
      vertex 0.10203684167401866 -0.0012435022575906284 -0.014137314433626475
      vertex 0.11560336999433116 -0.0012803001652633972 -0.014344663441308789
    endloop
  endfacet
  facet normal 0.0 0.0 0.0
    outer loop
      vertex 0.12422153405683112 -0.001701725491999519 -0.016098495634633243
      vertex 0.11560336999433116 -0.0012803001652633972 -0.014344663441308789
      vertex 0.12678928308026866 -0.0012893310547875964 -0.014395072420827167
    endloop
  endfacet
  facet normal 0.0 0.0 0.0
    outer loop
      vertex -0.002899559693168786 -0.0008687581059149609 -0.009610966787613908
      vertex -0.005280846314262544 -0.0010378283342550628 -0.009935941243168872
      vertex -0.005213158325981281 -0.0008332576468268256 -0.00931443369978359
    endloop
  endfacet
  facet normal 0.0 0.0 0.0
    outer loop
      vertex -0.002899559693168786 -0.0008687581059149609 -0.009610966787613908
      vertex -0.005347740845512556 -0.0012696130731793894 -0.010547908088750444
      vertex -0.005280846314262544 -0.0010378283342550628 -0.009935941243168872
    endloop
  endfacet
  facet normal 0.0 0.0 0.0
    outer loop
      vertex -0.002899559693168786 -0.0008687581059149609 -0.009610966787613908
      vertex -0.0054137808845750686 -0.0015281640954812267 -0.011149158170867451
      vertex -0.005347740845512556 -0.0012696130731793894 -0.010547908088750444
    endloop
  endfacet
  facet normal 0.0 0.0 0.0
    outer loop
      vertex -0.0028548819587937784 -0.0007461883269495199 -0.00919224964877576
      vertex -0.005213158325981281 -0.0008332576468268256 -0.00931443369978359
      vertex -0.005144737915825018 -0.0006562894362505567 -0.008684583103441876
    endloop
  endfacet
  facet normal 0.0 0.0 0.0
    outer loop
      vertex -0.0028548819587937784 -0.0007461883269495199 -0.00919224964877576
      vertex -0.002899559693168786 -0.0008687581059149609 -0.009610966787613908
      vertex -0.005213158325981281 -0.0008332576468268256 -0.00931443369978359
    endloop
  endfacet
  facet normal 0.0 0.0 0.0
    outer loop
      vertex -0.0028099600837937703 -0.0006359267764484127 -0.008770152669861826
      vertex -0.005144737915825018 -0.0006562894362505567 -0.008684583103441876
      vertex -0.0050758292244187575 -0.0005072716669075597 -0.008047595191185933
    endloop
  endfacet
  facet normal 0.0 0.0 0.0
    outer loop
      vertex -0.0028099600837937703 -0.0006359267764484127 -0.008770152669861826
      vertex -0.0028548819587937784 -0.0007461883269495199 -0.00919224964877576
      vertex -0.005144737915825018 -0.0006562894362505567 -0.008684583103441876
    endloop
  endfacet
  facet normal 0.0 0.0 0.0
    outer loop
      vertex -0.002764794068168762 -0.000538057073759084 -0.008345034604846632
      vertex -0.004936974243949983 -0.00029416101644665196 -0.006757138263032348
      vertex -0.0048672110603562215 -0.00023048083726936097 -0.006106142761380114
    endloop
  endfacet
  facet normal 0.0 0.0 0.0
    outer loop
      vertex -0.002764794068168762 -0.000538057073759084 -0.008345034604846632
      vertex -0.005006554322074995 -0.0003864821708232187 -0.007404702674041008
      vertex -0.004936974243949983 -0.00029416101644665196 -0.006757138263032348
    endloop
  endfacet
  facet normal 0.0 0.0 0.0
    outer loop
      vertex -0.002764794068168762 -0.000538057073759084 -0.008345034604846632
      vertex -0.0050758292244187575 -0.0005072716669075597 -0.008047595191185933
      vertex -0.005006554322074995 -0.0003864821708232187 -0.007404702674041008
    endloop
  endfacet
  facet normal 0.0 0.0 0.0
    outer loop
      vertex -0.002764794068168762 -0.000538057073759084 -0.008345034604846632
      vertex -0.0028099600837937703 -0.0006359267764484127 -0.008770152669861826
      vertex -0.0050758292244187575 -0.0005072716669075597 -0.008047595191185933
    endloop
  endfacet
  facet normal 0.0 0.0 0.0
    outer loop
      vertex -0.0016760489509812769 -0.0007059997896078452 -0.009128038082132462
      vertex -0.002899559693168786 -0.0008687581059149609 -0.009610966787613908
      vertex -0.0028548819587937784 -0.0007461883269495199 -0.00919224964877576
    endloop
  endfacet
  facet normal 0.0 0.0 0.0
    outer loop
      vertex -0.0016760489509812769 -0.0007059997896078452 -0.009128038082132462
      vertex -0.0028548819587937784 -0.0007461883269495199 -0.00919224964877576
      vertex -0.0028099600837937703 -0.0006359267764484127 -0.008770152669861826
    endloop
  endfacet
  facet normal 0.0 0.0 0.0
    outer loop
      vertex -0.0016426627205125208 -0.0006261945633650727 -0.008810683776788227
      vertex -0.0028099600837937703 -0.0006359267764484127 -0.008770152669861826
      vertex -0.002764794068168762 -0.000538057073759084 -0.008345034604846632
    endloop
  endfacet
  facet normal 0.0 0.0 0.0
    outer loop
      vertex -0.0016426627205125208 -0.0006261945633650727 -0.008810683776788227
      vertex -0.0016760489509812769 -0.0007059997896078452 -0.009128038082132462
      vertex -0.0028099600837937703 -0.0006359267764484127 -0.008770152669861826
    endloop
  endfacet
  facet normal 0.0 0.0 0.0
    outer loop
      vertex -0.0016090933845750149 -0.0005533729013331623 -0.008491665176689991
      vertex -0.0016426627205125208 -0.0006261945633650727 -0.008810683776788227
      vertex -0.002764794068168762 -0.000538057073759084 -0.008345034604846632
    endloop
  endfacet
  facet normal 0.0 0.0 0.0
    outer loop
      vertex -0.0015754019783250088 -0.00048757256708837905 -0.00817114412573604
      vertex -0.0016090933845750149 -0.0005533729013331623 -0.008491665176689991
      vertex -0.002764794068168762 -0.000538057073759084 -0.008345034604846632
    endloop
  endfacet
  facet normal 0.0 0.0 0.0
    outer loop
      vertex -0.0015417105720750026 -0.0004288340216052924 -0.007849258191239914
      vertex -0.0048672110603562215 -0.00023048083726936097 -0.006106142761380114
      vertex 0.0020558846427687644 -0.0003014305048778572 -0.00698338254583895
    endloop
  endfacet
  facet normal 0.0 0.0 0.0
    outer loop
      vertex -0.0015417105720750026 -0.0004288340216052924 -0.007849258191239914
      vertex -0.002764794068168762 -0.000538057073759084 -0.008345034604846632
      vertex -0.0048672110603562215 -0.00023048083726936097 -0.006106142761380114
    endloop
  endfacet
  facet normal 0.0 0.0 0.0
    outer loop
      vertex -0.0015417105720750026 -0.0004288340216052924 -0.007849258191239914
      vertex -0.0015754019783250088 -0.00048757256708837905 -0.00817114412573604
      vertex -0.002764794068168762 -0.000538057073759084 -0.008345034604846632
    endloop
  endfacet
  facet normal 0.0 0.0 0.0
    outer loop
      vertex 0.0014366219474562115 -0.0008293922750562395 -0.009798856763925974
      vertex -0.0054137808845750686 -0.0015281640954812267 -0.011149158170867451
      vertex -0.002899559693168786 -0.0008687581059149609 -0.009610966787613908
    endloop
  endfacet
  facet normal 0.0 0.0 0.0
    outer loop
      vertex 0.0014366219474562115 -0.0008293922750562395 -0.009798856763925974
      vertex -0.002899559693168786 -0.0008687581059149609 -0.009610966787613908
      vertex -0.0016760489509812769 -0.0007059997896078452 -0.009128038082132462
    endloop
  endfacet
  facet normal 0.0 0.0 0.0
    outer loop
      vertex 0.0014366219474562115 -0.0008293922750562395 -0.009798856763925974
      vertex -0.0016760489509812769 -0.0007059997896078452 -0.009128038082132462
      vertex -0.0016426627205125208 -0.0006261945633650727 -0.008810683776788227
    endloop
  endfacet
  facet normal 0.0 0.0 0.0
    outer loop
      vertex 0.0014366219474562115 -0.0008293922750562395 -0.009798856763925974
      vertex -0.0016426627205125208 -0.0006261945633650727 -0.008810683776788227
      vertex -0.0016090933845750149 -0.0005533729013331623 -0.008491665176689991
    endloop
  endfacet
  facet normal 0.0 0.0 0.0
    outer loop
      vertex 0.004856848998237476 -0.0005938230863104445 -0.009069696054200282
      vertex 0.0020558846427687644 -0.0003014305048778572 -0.00698338254583895
      vertex 0.008983619017768752 -0.00037689831464672173 -0.007809541698601736
    endloop
  endfacet
  facet normal 0.0 0.0 0.0
    outer loop
      vertex 0.0058490975333937234 -0.0006071671157237875 -0.009187623610683357
      vertex 0.007833838744331221 -0.0006340251106436714 -0.00942035783381097
      vertex 0.007669837279487439 -0.001102066874881512 -0.01110239067906084
    endloop
  endfacet
  facet normal 0.0 0.0 0.0
    outer loop
      vertex 0.0058490975333937234 -0.0006071671157237875 -0.009187623610683357
      vertex 0.008983619017768752 -0.00037689831464672173 -0.007809541698601736
      vertex 0.007833838744331221 -0.0006340251106436714 -0.00942035783381097
    endloop
  endfacet
  facet normal 0.0 0.0 0.0
    outer loop
      vertex 0.0058490975333937234 -0.0006071671157237875 -0.009187623610683357
      vertex 0.004856848998237476 -0.0005938230863104445 -0.009069696054200282
      vertex 0.008983619017768752 -0.00037689831464672173 -0.007809541698601736
    endloop
  endfacet
  facet normal 0.0 0.0 0.0
    outer loop
      vertex 0.008296485228706197 -0.000932940001177001 -0.010613999742012374
      vertex 0.007669837279487439 -0.001102066874881512 -0.01110239067906084
      vertex 0.007833838744331221 -0.0006340251106436714 -0.00942035783381097
    endloop
  endfacet
  facet normal 0.0 0.0 0.0
    outer loop
      vertex 0.00816214684979997 -0.0006384866074396429 -0.00945845588746652
      vertex 0.008609778685737453 -0.0008561693480270147 -0.01036727141648003
      vertex 0.008296485228706197 -0.000932940001177001 -0.010613999742012374
    endloop
  endfacet
  facet normal 0.0 0.0 0.0
    outer loop
      vertex 0.00816214684979997 -0.0006384866074396429 -0.00945845588746652
      vertex 0.008296485228706197 -0.000932940001177001 -0.010613999742012374
      vertex 0.007833838744331221 -0.0006340251106436714 -0.00942035783381097
    endloop
  endfacet
  facet normal 0.0 0.0 0.0
    outer loop
      vertex 0.00832633142011247 -0.0006407200532359329 -0.009477461755921422
      vertex 0.008609778685737453 -0.0008561693480270147 -0.01036727141648003
      vertex 0.00816214684979997 -0.0006384866074396429 -0.00945845588746652
    endloop
  endfacet
  facet normal 0.0 0.0 0.0
    outer loop
      vertex 0.014775672240424958 -0.0007292243890113959 -0.010201473132283619
      vertex 0.008983619017768752 -0.00037689831464672173 -0.007809541698601736
      vertex 0.021470191283393728 -0.0005201004932448737 -0.009169955651787864
    endloop
  endfacet
  facet normal 0.0 0.0 0.0
    outer loop
      vertex 0.0167619393302687 -0.000756700088143055 -0.010415619583693567
      vertex 0.014775672240424958 -0.0007292243890113959 -0.010201473132283619
      vertex 0.021470191283393728 -0.0005201004932448737 -0.009169955651787864
    endloop
  endfacet
  facet normal 0.0 0.0 0.0
    outer loop
      vertex 0.0167619393302687 -0.000756700088143055 -0.010415619583693567
      vertex 0.021470191283393728 -0.0005201004932448737 -0.009169955651787864
      vertex 0.020735389037299948 -0.0008117971459148263 -0.010831596165854211
    endloop
  endfacet
  facet normal 0.0 0.0 0.0
    outer loop
      vertex 0.021078711791206163 -0.0013174379451218457 -0.01255677389698772
      vertex 0.021916358275581128 -0.002026365470164068 -0.01426040481046332
      vertex 0.020590552611518664 -0.0013096235822331339 -0.012507117491596543
    endloop
  endfacet
  facet normal 0.0 0.0 0.0
    outer loop
      vertex 0.021370887084174936 -0.0009659210902486199 -0.011466223854593557
      vertex 0.021078711791206163 -0.0013174379451218457 -0.01255677389698772
      vertex 0.020590552611518664 -0.0013096235822331339 -0.012507117491596543
    endloop
  endfacet
  facet normal 0.0 0.0 0.0
    outer loop
      vertex 0.021370887084174936 -0.0009659210902486199 -0.011466223854593557
      vertex 0.020590552611518664 -0.0013096235822331339 -0.012507117491596543
      vertex 0.020735389037299948 -0.0008117971459148263 -0.010831596165854211
    endloop
  endfacet
  facet normal 0.0 0.0 0.0
    outer loop
      vertex 0.021688941283393683 -0.0010515688812193673 -0.011781074974311039
      vertex 0.021322852416206163 -0.0013213464752653526 -0.012581506342043497
      vertex 0.021078711791206163 -0.0013174379451218457 -0.01255677389698772
    endloop
  endfacet
  facet normal 0.0 0.0 0.0
    outer loop
      vertex 0.021688941283393683 -0.0010515688812193673 -0.011781074974311039
      vertex 0.021078711791206163 -0.0013174379451218457 -0.01255677389698772
      vertex 0.021370887084174936 -0.0009659210902486199 -0.011466223854593557
    endloop
  endfacet
  facet normal 0.0 0.0 0.0
    outer loop
      vertex 0.029699622435737403 -0.0014540449848649884 -0.013393204742494823
      vertex 0.021916358275581128 -0.002026365470164068 -0.01426040481046332
      vertex 0.027788184447456152 -0.0014240418235218276 -0.013214326773918796
    endloop
  endfacet
  facet normal 0.0 0.0 0.0
    outer loop
      vertex 0.029699622435737403 -0.0014540449848649884 -0.013393204742494823
      vertex 0.03591068200604986 -0.002271585950044185 -0.015554276644870899
      vertex 0.021916358275581128 -0.002026365470164068 -0.01426040481046332
    endloop
  endfacet
  facet normal 0.0 0.0 0.0
    outer loop
      vertex 0.029699622435737403 -0.0014540449848649884 -0.013393204742494823
      vertex 0.03352316979901865 -0.0015134012345598747 -0.013739844701233225
      vertex 0.03591068200604986 -0.002271585950044185 -0.015554276644870899
    endloop
  endfacet
  facet normal 0.0 0.0 0.0
    outer loop
      vertex 0.034358680052924896 -0.0015262327582953245 -0.013813615847468406
      vertex 0.03591068200604986 -0.002271585950044185 -0.015554276644870899
      vertex 0.03352316979901865 -0.0015134012345598747 -0.013739844701233225
    endloop
  endfacet
  facet normal 0.0 0.0 0.0
    outer loop
      vertex 0.0347764046622999 -0.0015326336844723744 -0.013850238424251288
      vertex 0.03591068200604986 -0.002271585950044185 -0.015554276644870899
      vertex 0.034358680052924896 -0.0015262327582953245 -0.013813615847468406
    endloop
  endfacet
  facet normal 0.0 0.0 0.0
    outer loop
      vertex 0.03454086999433117 -0.0011555805598485777 -0.012716414020854853
      vertex 0.034358680052924896 -0.0015262327582953245 -0.013813615847468406
      vertex 0.03352316979901865 -0.0015134012345598747 -0.013739844701233225
    endloop
  endfacet
  facet normal 0.0 0.0 0.0
    outer loop
      vertex 0.03454086999433117 -0.0011555805598485777 -0.012716414020854853
      vertex 0.03352316979901865 -0.0015134012345598747 -0.013739844701233225
      vertex 0.033649146361518674 -0.0009894370086690508 -0.01207052199679509
    endloop
  endfacet
  facet normal 0.0 0.0 0.0
    outer loop
      vertex 0.03498722009198741 -0.0012472651282252382 -0.013036589804825813
      vertex 0.0347764046622999 -0.0015326336844723744 -0.013850238424251288
      vertex 0.034358680052924896 -0.0015262327582953245 -0.013813615847468406
    endloop
  endfacet
  facet normal 0.0 0.0 0.0
    outer loop
      vertex 0.03498722009198741 -0.0012472651282252382 -0.013036589804825813
      vertex 0.034358680052924896 -0.0015262327582953245 -0.013813615847468406
      vertex 0.03454086999433117 -0.0011555805598485777 -0.012716414020854853
    endloop
  endfacet
  facet normal 0.0 0.0 0.0
    outer loop
      vertex 0.037645972533393635 -0.0015762128514830822 -0.014097028789944694
      vertex 0.0347764046622999 -0.0015326336844723744 -0.013850238424251288
      vertex 0.03498722009198741 -0.0012472651282252382 -0.013036589804825813
    endloop
  endfacet
  facet normal 0.0 0.0 0.0
    outer loop
      vertex 0.037645972533393635 -0.0015762128514830822 -0.014097028789944694
      vertex 0.03591068200604986 -0.002271585950044185 -0.015554276644870899
      vertex 0.0347764046622999 -0.0015326336844723744 -0.013850238424251288
    endloop
  endfacet
  facet normal 0.0 0.0 0.0
    outer loop
      vertex 0.041272193236518664 -0.001090853790129107 -0.012721841186244023
      vertex 0.03407425622479996 -0.0006675106131983552 -0.010378209366606023
      vertex 0.04678061608808119 -0.0008112549688557529 -0.011431840118404025
    endloop
  endfacet
  facet normal 0.0 0.0 0.0
    outer loop
      vertex 0.045338904662299874 -0.0016892500248397732 -0.014717888957736987
      vertex 0.046464515013862374 -0.001705253688981549 -0.014803787606750092
      vertex 0.042978492064643596 -0.0023884992847647223 -0.016133006148542114
    endloop
  endfacet
  facet normal 0.0 0.0 0.0
    outer loop
      vertex 0.045338904662299874 -0.0016892500248397732 -0.014717888957736987
      vertex 0.042978492064643596 -0.0023884992847647223 -0.016133006148542114
      vertex 0.044776099486518624 -0.0016811955935019435 -0.014674466239827962
    endloop
  endfacet
  facet normal 0.0 0.0 0.0
    outer loop
      vertex 0.04488053063886239 -0.001385690214425755 -0.013854079519437353
      vertex 0.045338904662299874 -0.0016892500248397732 -0.014717888957736987
      vertex 0.044776099486518624 -0.0016811955935019435 -0.014674466239827962
    endloop
  endfacet
  facet normal 0.0 0.0 0.0
    outer loop
      vertex 0.0454446175529249 -0.0013049274117848198 -0.013617957364039082
      vertex 0.045338904662299874 -0.0016892500248397732 -0.014717888957736987
      vertex 0.04488053063886239 -0.001385690214425755 -0.013854079519437353
    endloop
  endfacet
  facet normal 0.0 0.0 0.0
    outer loop
      vertex 0.0454446175529249 -0.0013049274117848198 -0.013617957364039082
      vertex 0.046464515013862374 -0.001705253688981549 -0.014803787606750092
      vertex 0.045338904662299874 -0.0016892500248397732 -0.014717888957736987
    endloop
  endfacet
  facet normal 0.0 0.0 0.0
    outer loop
      vertex 0.0454446175529249 -0.0013049274117848198 -0.013617957364039082
      vertex 0.04657224206464366 -0.0011587392132634564 -0.013140161807531473
      vertex 0.046464515013862374 -0.001705253688981549 -0.014803787606750092
    endloop
  endfacet
  facet normal 0.0 0.0 0.0
    outer loop
      vertex 0.047692237181831125 -0.0017225386173180572 -0.014896049418363975
      vertex 0.0500479500724561 -0.0024990764308675272 -0.01666253240973735
      vertex 0.046464515013862374 -0.001705253688981549 -0.014803787606750092
    endloop
  endfacet
  facet normal 0.0 0.0 0.0
    outer loop
      vertex 0.04830612878339363 -0.0017311109491303905 -0.014941619265323542
      vertex 0.0500479500724561 -0.0024990764308675272 -0.01666253240973735
      vertex 0.047692237181831125 -0.0017225386173180572 -0.014896049418363975
    endloop
  endfacet
  facet normal 0.0 0.0 0.0
    outer loop
      vertex 0.04779581384198739 -0.001335707423839735 -0.013796738226276152
      vertex 0.047692237181831125 -0.0017225386173180572 -0.014896049418363975
      vertex 0.046464515013862374 -0.001705253688981549 -0.014803787606750092
    endloop
  endfacet
  facet normal 0.0 0.0 0.0
    outer loop
      vertex 0.04779581384198739 -0.001335707423839735 -0.013796738226276152
      vertex 0.046464515013862374 -0.001705253688981549 -0.014803787606750092
      vertex 0.04657224206464366 -0.0011587392132634564 -0.013140161807531473
    endloop
  endfacet
  facet normal 0.0 0.0 0.0
    outer loop
      vertex 0.0484081185294874 -0.001432781394029183 -0.014121871828331144
      vertex 0.04830612878339363 -0.0017311109491303905 -0.014941619265323542
      vertex 0.047692237181831125 -0.0017225386173180572 -0.014896049418363975
    endloop
  endfacet
  facet normal 0.0 0.0 0.0
    outer loop
      vertex 0.0484081185294874 -0.001432781394029183 -0.014121871828331144
      vertex 0.047692237181831125 -0.0017225386173180572 -0.014896049418363975
      vertex 0.04779581384198739 -0.001335707423839735 -0.013796738226276152
    endloop
  endfacet
  facet normal 0.0 0.0 0.0
    outer loop
      vertex 0.05210727624433115 -0.001390564413162391 -0.014110286502612535
      vertex 0.04678061608808119 -0.0008112549688557529 -0.011431840118404025
      vertex 0.06090732507245617 -0.0009567876995891753 -0.012412778683288767
    endloop
  endfacet
  facet normal 0.0 0.0 0.0
    outer loop
      vertex 0.05210727624433115 -0.001390564413162391 -0.014110286502612535
      vertex 0.06090732507245617 -0.0009567876995891753 -0.012412778683288767
      vertex 0.059502234740424896 -0.0013122130846058991 -0.01404311319263079
    endloop
  endfacet
  facet normal 0.0 0.0 0.0
    outer loop
      vertex 0.05477951745526863 -0.0018186064579398958 -0.015399467561368048
      vertex 0.05210727624433115 -0.001390564413162391 -0.014110286502612535
      vertex 0.059502234740424896 -0.0013122130846058991 -0.01404311319263079
    endloop
  endfacet
  facet normal 0.0 0.0 0.0
    outer loop
      vertex 0.057468055052924856 -0.0020838982786051882 -0.016116552018883717
      vertex 0.06285398034589358 -0.002680322715155131 -0.017497099353015983
      vertex 0.0500479500724561 -0.0024990764308675272 -0.01666253240973735
    endloop
  endfacet
  facet normal 0.0 0.0 0.0
    outer loop
      vertex 0.057468055052924856 -0.0020838982786051882 -0.016116552018883717
      vertex 0.0500479500724561 -0.0024990764308675272 -0.01666253240973735
      vertex 0.05477951745526863 -0.0018186064579398958 -0.015399467561368048
    endloop
  endfacet
  facet normal 0.0 0.0 0.0
    outer loop
      vertex 0.057468055052924856 -0.0020838982786051882 -0.016116552018883717
      vertex 0.05477951745526863 -0.0018186064579398958 -0.015399467561368048
      vertex 0.059502234740424896 -0.0013122130846058991 -0.01404311319263079
    endloop
  endfacet
  facet normal 0.0 0.0 0.0
    outer loop
      vertex 0.06117453698651861 -0.0018994798539113695 -0.01581112830624122
      vertex 0.057468055052924856 -0.0020838982786051882 -0.016116552018883717
      vertex 0.059502234740424896 -0.0013122130846058991 -0.01404311319263079
    endloop
  endfacet
  facet normal 0.0 0.0 0.0
    outer loop
      vertex 0.06117453698651861 -0.0018994798539113695 -0.01581112830624122
      vertex 0.06285398034589358 -0.002680322715155131 -0.017497099353015983
      vertex 0.057468055052924856 -0.0020838982786051882 -0.016116552018883717
    endloop
  endfacet
  facet normal 0.0 0.0 0.0
    outer loop
      vertex 0.06108463220136239 -0.0014976727050453685 -0.0147038975527308
      vertex 0.06117453698651861 -0.0018994798539113695 -0.01581112830624122
      vertex 0.059502234740424896 -0.0013122130846058991 -0.01404311319263079
    endloop
  endfacet
  facet normal 0.0 0.0 0.0
    outer loop
      vertex 0.06187644128339363 -0.001598938432200315 -0.015030654988565227
      vertex 0.06117453698651861 -0.0018994798539113695 -0.01581112830624122
      vertex 0.06108463220136239 -0.0014976727050453685 -0.0147038975527308
    endloop
  endfacet
  facet normal 0.0 0.0 0.0
    outer loop
      vertex 0.06539810876386239 -0.0015454139576402328 -0.014960697963532965
      vertex 0.07503629235761242 -0.0010815504633764287 -0.01319460609491398
      vertex 0.07243820886151864 -0.0014451894262309485 -0.014780231227355625
    endloop
  endfacet
  facet normal 0.0 0.0 0.0
    outer loop
      vertex 0.06539810876386239 -0.0015454139576402328 -0.014960697963532965
      vertex 0.06090732507245617 -0.0009567876995891753 -0.012412778683288767
      vertex 0.07503629235761242 -0.0010815504633764287 -0.01319460609491398
    endloop
  endfacet
  facet normal 0.0 0.0 0.0
    outer loop
      vertex 0.06765079431073737 -0.0019752632592818795 -0.016186927140653444
      vertex 0.06539810876386239 -0.0015454139576402328 -0.014960697963532965
      vertex 0.07243820886151864 -0.0014451894262309485 -0.014780231227355625
    endloop
  endfacet
  facet normal 0.0 0.0 0.0
    outer loop
      vertex 0.07031742028729984 -0.002240204418167563 -0.016866221047920304
      vertex 0.07565927819745606 -0.0028337777047094405 -0.01817163774707184
      vertex 0.06285398034589358 -0.002680322715155131 -0.017497099353015983
    endloop
  endfacet
  facet normal 0.0 0.0 0.0
    outer loop
      vertex 0.07031742028729984 -0.002240204418167563 -0.016866221047920304
      vertex 0.06765079431073737 -0.0019752632592818795 -0.016186927140653444
      vertex 0.07243820886151864 -0.0014451894262309485 -0.014780231227355625
    endloop
  endfacet
  facet normal 0.0 0.0 0.0
    outer loop
      vertex 0.07031742028729984 -0.002240204418167563 -0.016866221047920304
      vertex 0.06285398034589358 -0.002680322715155131 -0.017497099353015983
      vertex 0.06765079431073737 -0.0019752632592818795 -0.016186927140653444
    endloop
  endfacet
  facet normal 0.0 0.0 0.0
    outer loop
      vertex 0.07404550866620609 -0.0020435829635432937 -0.01651750948728403
      vertex 0.07565927819745606 -0.0028337777047094405 -0.01817163774707184
      vertex 0.07031742028729984 -0.002240204418167563 -0.016866221047920304
    endloop
  endfacet
  facet normal 0.0 0.0 0.0
    outer loop
      vertex 0.07404550866620609 -0.0020435829635432937 -0.01651750948728403
      vertex 0.07031742028729984 -0.002240204418167563 -0.016866221047920304
      vertex 0.07243820886151864 -0.0014451894262309485 -0.014780231227355625
    endloop
  endfacet
  facet normal 0.0 0.0 0.0
    outer loop
      vertex 0.07437576989667488 -0.0016362110819747038 -0.015436165665303796
      vertex 0.07404550866620609 -0.0020435829635432937 -0.01651750948728403
      vertex 0.07243820886151864 -0.0014451894262309485 -0.014780231227355625
    endloop
  endfacet
  facet normal 0.0 0.0 0.0
    outer loop
      vertex 0.07534531335370612 -0.0017401202594682559 -0.015759955963003055
      vertex 0.07404550866620609 -0.0020435829635432937 -0.01651750948728403
      vertex 0.07437576989667488 -0.0016362110819747038 -0.015436165665303796
    endloop
  endfacet
  facet normal 0.0 0.0 0.0
    outer loop
      vertex 0.07869126061933111 -0.0016754393455199433 -0.01563639623885985
      vertex 0.07503629235761242 -0.0010815504633764287 -0.01319460609491398
      vertex 0.08537967614667488 -0.0015537030626306984 -0.015351942100638123
    endloop
  endfacet
  facet normal 0.0 0.0 0.0
    outer loop
      vertex 0.08052469567792483 -0.002105714836093732 -0.01681153129729275
      vertex 0.07869126061933111 -0.0016754393455199433 -0.01563639623885985
      vertex 0.08537967614667488 -0.0015537030626306984 -0.015351942100638123
    endloop
  endfacet
  facet normal 0.0 0.0 0.0
    outer loop
      vertex 0.08316788415448732 -0.002368487286742438 -0.017454172956395387
      vertex 0.08846298913495607 -0.0029556758314970956 -0.018686913653023458
      vertex 0.07565927819745606 -0.0028337777047094405 -0.01817163774707184
    endloop
  endfacet
  facet normal 0.0 0.0 0.0
    outer loop
      vertex 0.08316788415448732 -0.002368487286742438 -0.017454172956395387
      vertex 0.08052469567792483 -0.002105714836093732 -0.01681153129729275
      vertex 0.08537967614667488 -0.0015537030626306984 -0.015351942100638123
    endloop
  endfacet
  facet normal 0.0 0.0 0.0
    outer loop
      vertex 0.08316788415448732 -0.002368487286742438 -0.017454172956395387
      vertex 0.07565927819745606 -0.0028337777047094405 -0.01817163774707184
      vertex 0.08052469567792483 -0.002105714836093732 -0.01681153129729275
    endloop
  endfacet
  facet normal 0.0 0.0 0.0
    outer loop
      vertex 0.0869183114005811 -0.002159554906255531 -0.017061364328273917
      vertex 0.08316788415448732 -0.002368487286742438 -0.017454172956395387
      vertex 0.08537967614667488 -0.0015537030626306984 -0.015351942100638123
    endloop
  endfacet
  facet normal 0.0 0.0 0.0
    outer loop
      vertex 0.0869183114005811 -0.002159554906255531 -0.017061364328273917
      vertex 0.08846298913495607 -0.0029556758314970956 -0.018686913653023458
      vertex 0.08316788415448732 -0.002368487286742438 -0.017454172956395387
    endloop
  endfacet
  facet normal 0.0 0.0 0.0
    outer loop
      vertex 0.08766678552167487 -0.0017470363887215807 -0.015994100925444208
      vertex 0.0869183114005811 -0.002159554906255531 -0.017061364328273917
      vertex 0.08537967614667488 -0.0015537030626306984 -0.015351942100638123
    endloop
  endfacet
  facet normal 0.0 0.0 0.0
    outer loop
      vertex 0.08766678552167487 -0.0017470363887215807 -0.015994100925444208
      vertex 0.08537967614667488 -0.0015537030626306984 -0.015351942100638123
      vertex 0.08916074304120615 -0.001180342676286057 -0.013777818674567729
    endloop
  endfacet
  facet normal 0.0 0.0 0.0
    outer loop
      vertex 0.0919841072990186 -0.0017763625030902785 -0.01613794778223718
      vertex 0.08916074304120615 -0.001180342676286057 -0.013777818674567729
      vertex 0.09832608727948738 -0.0016337888182972433 -0.015758672001410425
    endloop
  endfacet
  facet normal 0.0 0.0 0.0
    outer loop
      vertex 0.09340055017011234 -0.0022060877244099056 -0.01727388424850621
      vertex 0.0919841072990186 -0.0017763625030902785 -0.01613794778223718
      vertex 0.09832608727948738 -0.0016337888182972433 -0.015758672001410425
    endloop
  endfacet
  facet normal 0.0 0.0 0.0
    outer loop
      vertex 0.0964925301505811 -0.0024678162819146967 -0.017893762563315513
      vertex 0.08846298913495607 -0.0029556758314970956 -0.018686913653023458
      vertex 0.09340055017011234 -0.0022060877244099056 -0.01727388424850621
    endloop
  endfacet
  facet normal 0.0 0.0 0.0
    outer loop
      vertex 0.0964925301505811 -0.0024678162819146967 -0.017893762563315513
      vertex 0.09340055017011234 -0.0022060877244099056 -0.01727388424850621
      vertex 0.09832608727948738 -0.0016337888182972433 -0.015758672001410425
    endloop
  endfacet
  facet normal 0.0 0.0 0.0
    outer loop
      vertex 0.0964925301505811 -0.0024678162819146967 -0.017893762563315513
      vertex 0.10268717126386231 -0.003049645096237926 -0.019073788004874907
      vertex 0.08846298913495607 -0.0029556758314970956 -0.018686913653023458
    endloop
  endfacet
  facet normal 0.0 0.0 0.0
    outer loop
      vertex 0.1005027840568311 -0.002247187982378623 -0.01745970532031862
      vertex 0.0964925301505811 -0.0024678162819146967 -0.017893762563315513
      vertex 0.09832608727948738 -0.0016337888182972433 -0.015758672001410425
    endloop
  endfacet
  facet normal 0.0 0.0 0.0
    outer loop
      vertex 0.1005027840568311 -0.002247187982378623 -0.01745970532031862
      vertex 0.10268717126386231 -0.003049645096237926 -0.019073788004874907
      vertex 0.0964925301505811 -0.0024678162819146967 -0.017893762563315513
    endloop
  endfacet
  facet normal 0.0 0.0 0.0
    outer loop
      vertex 0.10101493005292486 -0.0018261807523797895 -0.016379745263668703
      vertex 0.1005027840568311 -0.002247187982378623 -0.01745970532031862
      vertex 0.09832608727948738 -0.0016337888182972433 -0.015758672001410425
    endloop
  endfacet
  facet normal 0.0 0.0 0.0
    outer loop
      vertex 0.10101493005292486 -0.0018261807523797895 -0.016379745263668703
      vertex 0.09832608727948738 -0.0016337888182972433 -0.015758672001410425
      vertex 0.10203684167401866 -0.0012435022575906284 -0.014137314433626475
    endloop
  endfacet
  facet normal 0.0 0.0 0.0
    outer loop
      vertex 0.1023604500724561 -0.0019302490763733217 -0.016684845288514723
      vertex 0.1005027840568311 -0.002247187982378623 -0.01745970532031862
      vertex 0.10101493005292486 -0.0018261807523797895 -0.016379745263668703
    endloop
  endfacet
  facet normal 0.0 0.0 0.0
    outer loop
      vertex 0.11059531335370609 -0.0022875680350000066 -0.017641482992072344
      vertex 0.10773660974042486 -0.0018529011799861639 -0.01650880498295536
      vertex 0.11127567224042488 -0.0016825955432225213 -0.016003288264070423
    endloop
  endfacet
  facet normal 0.0 0.0 0.0
    outer loop
      vertex 0.11081638268964358 -0.0022882262001863544 -0.01764442855102108
      vertex 0.10991348962323731 -0.003079904510420066 -0.01919744213795896
      vertex 0.11059531335370609 -0.0022875680350000066 -0.017641482992072344
    endloop
  endfacet
  facet normal 0.0 0.0 0.0
    outer loop
      vertex 0.11081638268964358 -0.0022882262001863544 -0.01764442855102108
      vertex 0.11059531335370609 -0.0022875680350000066 -0.017641482992072344
      vertex 0.11127567224042488 -0.0016825955432225213 -0.016003288264070423
    endloop
  endfacet
  facet normal 0.0 0.0 0.0
    outer loop
      vertex 0.11081638268964358 -0.0022882262001863544 -0.01764442855102108
      vertex 0.11125852136151859 -0.0022895074643810897 -0.017650187496401615
      vertex 0.10991348962323731 -0.003079904510420066 -0.01919744213795896
    endloop
  endfacet
  facet normal 0.0 0.0 0.0
    outer loop
      vertex 0.11081638268964358 -0.0022882262001863544 -0.01764442855102108
      vertex 0.11127567224042488 -0.0016825955432225213 -0.016003288264070423
      vertex 0.11125852136151859 -0.0022895074643810897 -0.017650187496401615
    endloop
  endfacet
  facet normal 0.0 0.0 0.0
    outer loop
      vertex 0.11271445397870614 -0.0016861399245949027 -0.01602096701255943
      vertex 0.11125852136151859 -0.0022895074643810897 -0.017650187496401615
      vertex 0.11127567224042488 -0.0016825955432225213 -0.016003288264070423
    endloop
  endfacet
  facet normal 0.0 0.0 0.0
    outer loop
      vertex 0.11271445397870614 -0.0016861399245949027 -0.01602096701255943
      vertex 0.11127567224042488 -0.0016825955432225213 -0.016003288264070423
      vertex 0.11560336999433116 -0.0012803001652633972 -0.014344663441308789
    endloop
  endfacet
  facet normal 0.0 0.0 0.0
    outer loop
      vertex 0.11343381433026861 -0.0016877718505692494 -0.016029126642431155
      vertex 0.11271445397870614 -0.0016861399245949027 -0.01602096701255943
      vertex 0.11560336999433116 -0.0012803001652633972 -0.014344663441308789
    endloop
  endfacet
  facet normal 0.0 0.0 0.0
    outer loop
      vertex 0.11466586999433111 -0.002074260474462883 -0.017147915747677225
      vertex 0.11125852136151859 -0.0022895074643810897 -0.017650187496401615
      vertex 0.11271445397870614 -0.0016861399245949027 -0.01602096701255943
    endloop
  endfacet
  facet normal 0.0 0.0 0.0
    outer loop
      vertex 0.11466586999433111 -0.002074260474462883 -0.017147915747677225
      vertex 0.11271445397870614 -0.0016861399245949027 -0.01602096701255943
      vertex 0.11343381433026861 -0.0016877718505692494 -0.016029126642431155
    endloop
  endfacet
  facet normal 0.0 0.0 0.0
    outer loop
      vertex 0.11466586999433111 -0.002074260474462883 -0.017147915747677225
      vertex 0.11713626794354981 -0.003098961629442801 -0.01927506516897336
      vertex 0.11125852136151859 -0.0022895074643810897 -0.017650187496401615
    endloop
  endfacet
  facet normal 0.0 0.0 0.0
    outer loop
      vertex 0.11898734216229985 -0.0018788474542791222 -0.01663359472072577
      vertex 0.11560336999433116 -0.0012803001652633972 -0.014344663441308789
      vertex 0.12422153405683112 -0.001701725491999519 -0.016098495634633243
    endloop
  endfacet
  facet normal 0.0 0.0 0.0
    outer loop
      vertex 0.12068289880292483 -0.0023079792479717173 -0.017732878938830576
      vertex 0.11898734216229985 -0.0018788474542791222 -0.01663359472072577
      vertex 0.12422153405683112 -0.001701725491999519 -0.016098495634633243
    endloop
  endfacet
  facet normal 0.0 0.0 0.0
    outer loop
      vertex 0.12291062097089357 -0.002555020471707427 -0.01827322446462587
      vertex 0.12736704186933107 -0.003108014098153433 -0.019311598731612357
      vertex 0.11713626794354981 -0.003098961629442801 -0.01927506516897336
    endloop
  endfacet
  facet normal 0.0 0.0 0.0
    outer loop
      vertex 0.12291062097089357 -0.002555020471707427 -0.01827322446462587
      vertex 0.11713626794354981 -0.003098961629442801 -0.01927506516897336
      vertex 0.12068289880292483 -0.0023079792479717173 -0.017732878938830576
    endloop
  endfacet
  facet normal 0.0 0.0 0.0
    outer loop
      vertex 0.12291062097089357 -0.002555020471707427 -0.01827322446462587
      vertex 0.12068289880292483 -0.0023079792479717173 -0.017732878938830576
      vertex 0.12422153405683112 -0.001701725491999519 -0.016098495634633243
    endloop
  endfacet
  facet normal 0.0 0.0 0.0
    outer loop
      vertex 0.12579343347089358 -0.002311162177971295 -0.017747002516354058
      vertex 0.12736704186933107 -0.003108014098153433 -0.019311598731612357
      vertex 0.12291062097089357 -0.002555020471707427 -0.01827322446462587
    endloop
  endfacet
  facet normal 0.0 0.0 0.0
    outer loop
      vertex 0.12579343347089358 -0.002311162177971295 -0.017747002516354058
      vertex 0.12291062097089357 -0.002555020471707427 -0.01827322446462587
      vertex 0.12422153405683112 -0.001701725491999519 -0.016098495634633243
    endloop
  endfacet
  facet normal 0.0 0.0 0.0
    outer loop
      vertex 0.12612564782636235 -0.0018838457333377736 -0.01665742083995128
      vertex 0.12579343347089358 -0.002311162177971295 -0.017747002516354058
      vertex 0.12422153405683112 -0.001701725491999519 -0.016098495634633243
    endloop
  endfacet
  facet normal 0.0 0.0 0.0
    outer loop
      vertex 0.1270778572990186 -0.001982797092747292 -0.01693321363221676
      vertex 0.12579343347089358 -0.002311162177971295 -0.017747002516354058
      vertex 0.12612564782636235 -0.0018838457333377736 -0.01665742083995128
    endloop
  endfacet
  facet normal 0.0 0.0 0.0
    outer loop
      vertex 0.1347507088615186 -0.0018816905120923764 -0.0166468928943682
      vertex 0.12678928308026866 -0.0012893310547875964 -0.014395072420827167
      vertex 0.1500867684318311 -0.0016972720873986331 -0.016076099136509796
    endloop
  endfacet
  facet normal 0.0 0.0 0.0
    outer loop
      vertex 0.1425177987052686 -0.002306492981505974 -0.01772580366307774
      vertex 0.1347507088615186 -0.0018816905120923764 -0.0166468928943682
      vertex 0.1500867684318311 -0.0016972720873986331 -0.016076099136509796
    endloop
  endfacet
  facet normal 0.0 0.0 0.0
    outer loop
      vertex 0.1425177987052686 -0.002306492981505974 -0.01772580366307774
      vertex 0.1387319100333936 -0.0023073696359549745 -0.017729744562000837
      vertex 0.1347507088615186 -0.0018816905120923764 -0.0166468928943682
    endloop
  endfacet
  facet normal 0.0 0.0 0.0
    outer loop
      vertex 0.1425177987052686 -0.002306492981505974 -0.01772580366307774
      vertex 0.12736704186933107 -0.003108014098153433 -0.019311598731612357
      vertex 0.1387319100333936 -0.0023073696359549745 -0.017729744562000837
    endloop
  endfacet
  facet normal 0.0 0.0 0.0
    outer loop
      vertex 0.1425177987052686 -0.002306492981505974 -0.01772580366307774
      vertex 0.15008817224042487 -0.0023057889605484975 -0.017722682773239334
      vertex 0.12736704186933107 -0.003108014098153433 -0.019311598731612357
    endloop
  endfacet
  facet normal 0.0 0.0 0.0
    outer loop
      vertex 0.1425177987052686 -0.002306492981505974 -0.01772580366307774
      vertex 0.1500867684318311 -0.0016972720873986331 -0.016076099136509796
      vertex 0.15008817224042487 -0.0023057889605484975 -0.017722682773239334
    endloop
  endfacet
  facet normal 0.0 0.0 0.0
    outer loop
      vertex 0.1654102547599561 -0.0016964331965259741 -0.016072023367671665
      vertex 0.1500867684318311 -0.0016972720873986331 -0.016076099136509796
      vertex 0.12678928308026866 -0.0012893310547875964 -0.014395072420827167
    endloop
  endfacet
  facet normal 0.0 0.0 0.0
    outer loop
      vertex 0.1654102547599561 -0.0016964331965259741 -0.016072023367671665
      vertex 0.12678928308026866 -0.0012893310547875964 -0.014395072420827167
      vertex 0.19606149987714366 -0.0012824958474839505 -0.014356936603596571
    endloop
  endfacet
  facet normal 0.0 0.0 0.0
    outer loop
      vertex 0.1654102547599561 -0.0016964331965259741 -0.016072023367671665
      vertex 0.15008817224042487 -0.0023057889605484975 -0.017722682773239334
      vertex 0.1500867684318311 -0.0016972720873986331 -0.016076099136509796
    endloop
  endfacet
  facet normal 0.0 0.0 0.0
    outer loop
      vertex 0.1730724862052686 -0.0016959962180006637 -0.01606988163341787
      vertex 0.15008817224042487 -0.0023057889605484975 -0.017722682773239334
      vertex 0.1654102547599561 -0.0016964331965259741 -0.016072023367671665
    endloop
  endfacet
  facet normal 0.0 0.0 0.0
    outer loop
      vertex 0.1730724862052686 -0.0016959962180006637 -0.01606988163341787
      vertex 0.1654102547599561 -0.0016964331965259741 -0.016072023367671665
      vertex 0.19606149987714366 -0.0012824958474839505 -0.014356936603596571
    endloop
  endfacet
  facet normal 0.0 0.0 0.0
    outer loop
      vertex 0.19440537194745613 -0.0020790213824711987 -0.017169670265006005
      vertex 0.23707694177167485 -0.003096566339749019 -0.019264512946807484
      vertex 0.12736704186933107 -0.003108014098153433 -0.019311598731612357
    endloop
  endfacet
  facet normal 0.0 0.0 0.0
    outer loop
      vertex 0.19440537194745613 -0.0020790213824711987 -0.017169670265006005
      vertex 0.15008817224042487 -0.0023057889605484975 -0.017722682773239334
      vertex 0.1730724862052686 -0.0016959962180006637 -0.01606988163341787
    endloop
  endfacet
  facet normal 0.0 0.0 0.0
    outer loop
      vertex 0.19440537194745613 -0.0020790213824711987 -0.017169670265006005
      vertex 0.12736704186933107 -0.003108014098153433 -0.019311598731612357
      vertex 0.15008817224042487 -0.0023057889605484975 -0.017722682773239334
    endloop
  endfacet
  facet normal 0.0 0.0 0.0
    outer loop
      vertex 0.2633803475333937 -0.0016916938677052676 -0.016048531725837777
      vertex 0.19606149987714366 -0.0012824958474839505 -0.014356936603596571
      vertex 0.35700186852948745 -0.0012784713292144049 -0.014334483460111092
    endloop
  endfacet
  facet normal 0.0 0.0 0.0
    outer loop
      vertex 0.2970411751701124 -0.002480715240609082 -0.018092382790087104
      vertex 0.3570024788810498 -0.003093699005351921 -0.019252862883531598
      vertex 0.23707694177167485 -0.003096566339749019 -0.019264512946807484
    endloop
  endfacet
  facet normal 0.0 0.0 0.0
    outer loop
      vertex 0.3170284798576124 -0.00221237535985963 -0.01748966262589438
      vertex 0.2970410530997999 -0.0022126208231052252 -0.017490771256597263
      vertex 0.2970409920646437 -0.002088508132309497 -0.017185706297929225
    endloop
  endfacet
  facet normal 0.0 0.0 0.0
    outer loop
      vertex 0.3170284798576124 -0.00221237535985963 -0.01748966262589438
      vertex 0.3570022957755812 -0.0022111102800549906 -0.01748635831297183
      vertex 0.3570023568107374 -0.0024793449622706907 -0.01808792668808879
    endloop
  endfacet
  facet normal 0.0 0.0 0.0
    outer loop
      vertex 0.3170284798576124 -0.00221237535985963 -0.01748966262589438
      vertex 0.3570023568107374 -0.0024793449622706907 -0.01808792668808879
      vertex 0.35700241784589354 -0.002773733618448736 -0.018677140978970243
    endloop
  endfacet
  facet normal 0.0 0.0 0.0
    outer loop
      vertex 0.3170284798576124 -0.00221237535985963 -0.01748966262589438
      vertex 0.35700241784589354 -0.002773733618448736 -0.018677140978970243
      vertex 0.3570024788810498 -0.003093699005351921 -0.019252862883531598
    endloop
  endfacet
  facet normal 0.0 0.0 0.0
    outer loop
      vertex 0.3170284798576124 -0.00221237535985963 -0.01748966262589438
      vertex 0.29704111413495615 -0.002343374508527118 -0.017793047105418246
      vertex 0.2970410530997999 -0.0022126208231052252 -0.017490771256597263
    endloop
  endfacet
  facet normal 0.0 0.0 0.0
    outer loop
      vertex 0.3170284798576124 -0.00221237535985963 -0.01748966262589438
      vertex 0.3570024788810498 -0.003093699005351921 -0.019252862883531598
      vertex 0.2970411751701124 -0.002480715240609082 -0.018092382790087104
    endloop
  endfacet
  facet normal 0.0 0.0 0.0
    outer loop
      vertex 0.3170284798576124 -0.00221237535985963 -0.01748966262589438
      vertex 0.2970411751701124 -0.002480715240609082 -0.018092382790087104
      vertex 0.29704111413495615 -0.002343374508527118 -0.017793047105418246
    endloop
  endfacet
  facet normal 0.0 0.0 0.0
    outer loop
      vertex 0.31702841882245614 -0.0020483789377306475 -0.017082317718308836
      vertex 0.35700217370526866 -0.0019695420774795275 -0.016873595734890372
      vertex 0.3570022957755812 -0.0022111102800549906 -0.01748635831297183
    endloop
  endfacet
  facet normal 0.0 0.0 0.0
    outer loop
      vertex 0.31702841882245614 -0.0020483789377306475 -0.017082317718308836
      vertex 0.2970409920646437 -0.002088508132309497 -0.017185706297929225
      vertex 0.29704086999433116 -0.0019710903841060282 -0.016878003283719197
    endloop
  endfacet
  facet normal 0.0 0.0 0.0
    outer loop
      vertex 0.31702841882245614 -0.0020483789377306475 -0.017082317718308836
      vertex 0.3170284798576124 -0.00221237535985963 -0.01748966262589438
      vertex 0.2970409920646437 -0.002088508132309497 -0.017185706297929225
    endloop
  endfacet
  facet normal 0.0 0.0 0.0
    outer loop
      vertex 0.31702841882245614 -0.0020483789377306475 -0.017082317718308836
      vertex 0.3570022957755812 -0.0022111102800549906 -0.01748635831297183
      vertex 0.3170284798576124 -0.00221237535985963 -0.01748966262589438
    endloop
  endfacet
  facet normal 0.0 0.0 0.0
    outer loop
      vertex 0.31702835778729993 -0.0018963212004982565 -0.01667036025962226
      vertex 0.3570021126701124 -0.0017551070044510117 -0.016250817716903572
      vertex 0.35700217370526866 -0.0019695420774795275 -0.016873595734890372
    endloop
  endfacet
  facet normal 0.0 0.0 0.0
    outer loop
      vertex 0.31702835778729993 -0.0018963212004982565 -0.01667036025962226
      vertex 0.31702841882245614 -0.0020483789377306475 -0.017082317718308836
      vertex 0.29704086999433116 -0.0019710903841060282 -0.016878003283719197
    endloop
  endfacet
  facet normal 0.0 0.0 0.0
    outer loop
      vertex 0.31702835778729993 -0.0018963212004982565 -0.01667036025962226
      vertex 0.35700217370526866 -0.0019695420774795275 -0.016873595734890372
      vertex 0.31702841882245614 -0.0020483789377306475 -0.017082317718308836
    endloop
  endfacet
  facet normal 0.0 0.0 0.0
    outer loop
      vertex 0.31702829675214367 -0.0017563208336878616 -0.016254157096004085
      vertex 0.35700186852948745 -0.0012784713292144049 -0.014334483460111092
      vertex 0.3570019905998 -0.0014092331068312118 -0.014980038309382753
    endloop
  endfacet
  facet normal 0.0 0.0 0.0
    outer loop
      vertex 0.31702829675214367 -0.0017563208336878616 -0.016254157096004085
      vertex 0.3570019905998 -0.0014092331068312118 -0.014980038309382753
      vertex 0.3570020516349562 -0.0015682177629100656 -0.015619224601257024
    endloop
  endfacet
  facet normal 0.0 0.0 0.0
    outer loop
      vertex 0.31702829675214367 -0.0017563208336878616 -0.016254157096004085
      vertex 0.3570020516349562 -0.0015682177629100656 -0.015619224601257024
      vertex 0.3570021126701124 -0.0017551070044510117 -0.016250817716903572
    endloop
  endfacet
  facet normal 0.0 0.0 0.0
    outer loop
      vertex 0.31702829675214367 -0.0017563208336878616 -0.016254157096004085
      vertex 0.3570021126701124 -0.0017551070044510117 -0.016250817716903572
      vertex 0.31702835778729993 -0.0018963212004982565 -0.01667036025962226
    endloop
  endfacet
  facet normal 0.0 0.0 0.0
    outer loop
      vertex 0.31702829675214367 -0.0017563208336878616 -0.016254157096004085
      vertex 0.29704086999433116 -0.0019710903841060282 -0.016878003283719197
      vertex 0.2633803475333937 -0.0016916938677052676 -0.016048531725837777
    endloop
  endfacet
  facet normal 0.0 0.0 0.0
    outer loop
      vertex 0.31702829675214367 -0.0017563208336878616 -0.016254157096004085
      vertex 0.31702835778729993 -0.0018963212004982565 -0.01667036025962226
      vertex 0.29704086999433116 -0.0019710903841060282 -0.016878003283719197
    endloop
  endfacet
  facet normal 0.0 0.0 0.0
    outer loop
      vertex 0.31702829675214367 -0.0017563208336878616 -0.016254157096004085
      vertex 0.2633803475333937 -0.0016916938677052676 -0.016048531725837777
      vertex 0.35700186852948745 -0.0012784713292144049 -0.014334483460111092
    endloop
  endfacet
  facet normal 0.0 0.0 0.0
    outer loop
      vertex 0.001745765013862488 -0.0004958562772821256 -0.008404034797965351
      vertex -0.0016090933845750149 -0.0005533729013331623 -0.008491665176689991
      vertex -0.0015754019783250088 -0.00048757256708837905 -0.00817114412573604
    endloop
  endfacet
  facet normal 0.0 0.0 0.0
    outer loop
      vertex 0.001745765013862488 -0.0004958562772821256 -0.008404034797965351
      vertex -0.0015417105720750026 -0.0004288340216052924 -0.007849258191239914
      vertex 0.0020558846427687644 -0.0003014305048778572 -0.00698338254583895
    endloop
  endfacet
  facet normal 0.0 0.0 0.0
    outer loop
      vertex 0.001745765013862488 -0.0004958562772821256 -0.008404034797965351
      vertex -0.0015754019783250088 -0.00048757256708837905 -0.00817114412573604
      vertex -0.0015417105720750026 -0.0004288340216052924 -0.007849258191239914
    endloop
  endfacet
  facet normal 0.0 0.0 0.0
    outer loop
      vertex 0.001745765013862488 -0.0004958562772821256 -0.008404034797965351
      vertex 0.0014366219474562115 -0.0008293922750562395 -0.009798856763925974
      vertex -0.0016090933845750149 -0.0005533729013331623 -0.008491665176689991
    endloop
  endfacet
  facet normal 0.0 0.0 0.0
    outer loop
      vertex 0.001745765013862488 -0.0004958562772821256 -0.008404034797965351
      vertex 0.004856848998237476 -0.0005938230863104445 -0.009069696054200282
      vertex 0.0014366219474562115 -0.0008293922750562395 -0.009798856763925974
    endloop
  endfacet
  facet normal 0.0 0.0 0.0
    outer loop
      vertex 0.001745765013862488 -0.0004958562772821256 -0.008404034797965351
      vertex 0.0020558846427687644 -0.0003014305048778572 -0.00698338254583895
      vertex 0.004856848998237476 -0.0005938230863104445 -0.009069696054200282
    endloop
  endfacet
  facet normal 0.0 0.0 0.0
    outer loop
      vertex 0.004834571166206183 -0.0012547692903087074 -0.011324944920986445
      vertex 0.008242957396674903 -0.001777139353801478 -0.012802150825969194
      vertex -0.0054137808845750686 -0.0015281640954812267 -0.011149158170867451
    endloop
  endfacet
  facet normal 0.0 0.0 0.0
    outer loop
      vertex 0.004834571166206183 -0.0012547692903087074 -0.011324944920986445
      vertex 0.007669837279487439 -0.001102066874881512 -0.01110239067906084
      vertex 0.008242957396674903 -0.001777139353801478 -0.012802150825969194
    endloop
  endfacet
  facet normal 0.0 0.0 0.0
    outer loop
      vertex 0.004834571166206183 -0.0012547692903087074 -0.011324944920986445
      vertex -0.0054137808845750686 -0.0015281640954812267 -0.011149158170867451
      vertex 0.0014366219474562115 -0.0008293922750562395 -0.009798856763925974
    endloop
  endfacet
  facet normal 0.0 0.0 0.0
    outer loop
      vertex 0.004834571166206183 -0.0012547692903087074 -0.011324944920986445
      vertex 0.0058490975333937234 -0.0006071671157237875 -0.009187623610683357
      vertex 0.007669837279487439 -0.001102066874881512 -0.01110239067906084
    endloop
  endfacet
  facet normal 0.0 0.0 0.0
    outer loop
      vertex 0.004834571166206183 -0.0012547692903087074 -0.011324944920986445
      vertex 0.0014366219474562115 -0.0008293922750562395 -0.009798856763925974
      vertex 0.004856848998237476 -0.0005938230863104445 -0.009069696054200282
    endloop
  endfacet
  facet normal 0.0 0.0 0.0
    outer loop
      vertex 0.004834571166206183 -0.0012547692903087074 -0.011324944920986445
      vertex 0.004856848998237476 -0.0005938230863104445 -0.009069696054200282
      vertex 0.0058490975333937234 -0.0006071671157237875 -0.009187623610683357
    endloop
  endfacet
  facet normal 0.0 0.0 0.0
    outer loop
      vertex 0.008425025267768678 -0.0012627886554685962 -0.01160489440403951
      vertex 0.008242957396674903 -0.001777139353801478 -0.012802150825969194
      vertex 0.007669837279487439 -0.001102066874881512 -0.01110239067906084
    endloop
  endfacet
  facet normal 0.0 0.0 0.0
    outer loop
      vertex 0.008425025267768678 -0.0012627886554685962 -0.01160489440403951
      vertex 0.007669837279487439 -0.001102066874881512 -0.01110239067906084
      vertex 0.008296485228706197 -0.000932940001177001 -0.010613999742012374
    endloop
  endfacet
  facet normal 0.0 0.0 0.0
    outer loop
      vertex 0.008425025267768678 -0.0012627886554685962 -0.01160489440403951
      vertex 0.008296485228706197 -0.000932940001177001 -0.010613999742012374
      vertex 0.008609778685737453 -0.0008561693480270147 -0.01036727141648003
    endloop
  endfacet
  facet normal 0.0 0.0 0.0
    outer loop
      vertex 0.008425025267768678 -0.0012627886554685962 -0.01160489440403951
      vertex 0.012599952025581191 -0.0009986917822523288 -0.011099833545468075
      vertex 0.008242957396674903 -0.001777139353801478 -0.012802150825969194
    endloop
  endfacet
  facet normal 0.0 0.0 0.0
    outer loop
      vertex 0.008796302123237478 -0.0005599707375865198 -0.009098935851823269
      vertex 0.007833838744331221 -0.0006340251106436714 -0.00942035783381097
      vertex 0.008983619017768752 -0.00037689831464672173 -0.007809541698601736
    endloop
  endfacet
  facet normal 0.0 0.0 0.0
    outer loop
      vertex 0.008796302123237478 -0.0005599707375865198 -0.009098935851823269
      vertex 0.00816214684979997 -0.0006384866074396429 -0.00945845588746652
      vertex 0.007833838744331221 -0.0006340251106436714 -0.00942035783381097
    endloop
  endfacet
  facet normal 0.0 0.0 0.0
    outer loop
      vertex 0.008796302123237478 -0.0005599707375865198 -0.009098935851823269
      vertex 0.008609778685737453 -0.0008561693480270147 -0.01036727141648003
      vertex 0.00832633142011247 -0.0006407200532359329 -0.009477461755921422
    endloop
  endfacet
  facet normal 0.0 0.0 0.0
    outer loop
      vertex 0.008796302123237478 -0.0005599707375865198 -0.009098935851823269
      vertex 0.00832633142011247 -0.0006407200532359329 -0.009477461755921422
      vertex 0.00816214684979997 -0.0006384866074396429 -0.00945845588746652
    endloop
  endfacet
  facet normal 0.0 0.0 0.0
    outer loop
      vertex 0.010062598509956213 -0.0006856452220006765 -0.009772473511107884
      vertex 0.008425025267768678 -0.0012627886554685962 -0.01160489440403951
      vertex 0.008609778685737453 -0.0008561693480270147 -0.01036727141648003
    endloop
  endfacet
  facet normal 0.0 0.0 0.0
    outer loop
      vertex 0.010062598509956213 -0.0006856452220006765 -0.009772473511107884
      vertex 0.012599952025581191 -0.0009986917822523288 -0.011099833545468075
      vertex 0.008425025267768678 -0.0012627886554685962 -0.01160489440403951
    endloop
  endfacet
  facet normal 0.0 0.0 0.0
    outer loop
      vertex 0.010062598509956213 -0.0006856452220006765 -0.009772473511107884
      vertex 0.008609778685737453 -0.0008561693480270147 -0.01036727141648003
      vertex 0.008796302123237478 -0.0005599707375865198 -0.009098935851823269
    endloop
  endfacet
  facet normal 0.0 0.0 0.0
    outer loop
      vertex 0.010062598509956213 -0.0006856452220006765 -0.009772473511107884
      vertex 0.008796302123237478 -0.0005599707375865198 -0.009098935851823269
      vertex 0.008983619017768752 -0.00037689831464672173 -0.007809541698601736
    endloop
  endfacet
  facet normal 0.0 0.0 0.0
    outer loop
      vertex 0.01078855065839372 -0.0006140346918075794 -0.009471066224541027
      vertex 0.010062598509956213 -0.0006856452220006765 -0.009772473511107884
      vertex 0.008983619017768752 -0.00037689831464672173 -0.007809541698601736
    endloop
  endfacet
  facet normal 0.0 0.0 0.0
    outer loop
      vertex 0.01078855065839372 -0.0006140346918075794 -0.009471066224541027
      vertex 0.012599952025581191 -0.0009986917822523288 -0.011099833545468075
      vertex 0.010062598509956213 -0.0006856452220006765 -0.009772473511107884
    endloop
  endfacet
  facet normal 0.0 0.0 0.0
    outer loop
      vertex 0.012117224974799968 -0.0006514017505225586 -0.009716591510429506
      vertex 0.01078855065839372 -0.0006140346918075794 -0.009471066224541027
      vertex 0.008983619017768752 -0.00037689831464672173 -0.007809541698601736
    endloop
  endfacet
  facet normal 0.0 0.0 0.0
    outer loop
      vertex 0.012117224974799968 -0.0006514017505225586 -0.009716591510429506
      vertex 0.012599952025581191 -0.0009986917822523288 -0.011099833545468075
      vertex 0.01078855065839372 -0.0006140346918075794 -0.009471066224541027
    endloop
  endfacet
  facet normal 0.0 0.0 0.0
    outer loop
      vertex 0.012117224974799968 -0.0006514017505225586 -0.009716591510429506
      vertex 0.008983619017768752 -0.00037689831464672173 -0.007809541698601736
      vertex 0.014775672240424958 -0.0007292243890113959 -0.010201473132283619
    endloop
  endfacet
  facet normal 0.0 0.0 0.0
    outer loop
      vertex 0.012117224974799968 -0.0006514017505225586 -0.009716591510429506
      vertex 0.014775672240424958 -0.0007292243890113959 -0.010201473132283619
      vertex 0.012599952025581191 -0.0009986917822523288 -0.011099833545468075
    endloop
  endfacet
  facet normal 0.0 0.0 0.0
    outer loop
      vertex 0.01725168542401866 -0.0014635290373042214 -0.012710989552863804
      vertex 0.021916358275581128 -0.002026365470164068 -0.01426040481046332
      vertex 0.008242957396674903 -0.001777139353801478 -0.012802150825969194
    endloop
  endfacet
  facet normal 0.0 0.0 0.0
    outer loop
      vertex 0.01725168542401866 -0.0014635290373042214 -0.012710989552863804
      vertex 0.020590552611518664 -0.0013096235822331339 -0.012507117491596543
      vertex 0.021916358275581128 -0.002026365470164068 -0.01426040481046332
    endloop
  endfacet
  facet normal 0.0 0.0 0.0
    outer loop
      vertex 0.01725168542401866 -0.0014635290373042214 -0.012710989552863804
      vertex 0.008242957396674903 -0.001777139353801478 -0.012802150825969194
      vertex 0.012599952025581191 -0.0009986917822523288 -0.011099833545468075
    endloop
  endfacet
  facet normal 0.0 0.0 0.0
    outer loop
      vertex 0.01725168542401866 -0.0014635290373042214 -0.012710989552863804
      vertex 0.012599952025581191 -0.0009986917822523288 -0.011099833545468075
      vertex 0.014775672240424958 -0.0007292243890113959 -0.010201473132283619
    endloop
  endfacet
  facet normal 0.0 0.0 0.0
    outer loop
      vertex 0.01725168542401866 -0.0014635290373042214 -0.012710989552863804
      vertex 0.014775672240424958 -0.0007292243890113959 -0.010201473132283619
      vertex 0.0167619393302687 -0.000756700088143055 -0.010415619583693567
    endloop
  endfacet
  facet normal 0.0 0.0 0.0
    outer loop
      vertex 0.01725168542401866 -0.0014635290373042214 -0.012710989552863804
      vertex 0.0167619393302687 -0.000756700088143055 -0.010415619583693567
      vertex 0.020735389037299948 -0.0008117971459148263 -0.010831596165854211
    endloop
  endfacet
  facet normal 0.0 0.0 0.0
    outer loop
      vertex 0.01725168542401866 -0.0014635290373042214 -0.012710989552863804
      vertex 0.020735389037299948 -0.0008117971459148263 -0.010831596165854211
      vertex 0.020590552611518664 -0.0013096235822331339 -0.012507117491596543
    endloop
  endfacet
  facet normal 0.0 0.0 0.0
    outer loop
      vertex 0.021801184935737402 -0.0014850057226062495 -0.01304208440517225
      vertex 0.021322852416206163 -0.0013213464752653526 -0.012581506342043497
      vertex 0.021688941283393683 -0.0010515688812193673 -0.011781074974311039
    endloop
  endfacet
  facet normal 0.0 0.0 0.0
    outer loop
      vertex 0.021801184935737402 -0.0014850057226062495 -0.01304208440517225
      vertex 0.021916358275581128 -0.002026365470164068 -0.01426040481046332
      vertex 0.021078711791206163 -0.0013174379451218457 -0.01255677389698772
    endloop
  endfacet
  facet normal 0.0 0.0 0.0
    outer loop
      vertex 0.021801184935737402 -0.0014850057226062495 -0.01304208440517225
      vertex 0.021078711791206163 -0.0013174379451218457 -0.01255677389698772
      vertex 0.021322852416206163 -0.0013213464752653526 -0.012581506342043497
    endloop
  endfacet
  facet normal 0.0 0.0 0.0
    outer loop
      vertex 0.023093665404487415 -0.001316442605147425 -0.012666954525539726
      vertex 0.021916358275581128 -0.002026365470164068 -0.01426040481046332
      vertex 0.021801184935737402 -0.0014850057226062495 -0.01304208440517225
    endloop
  endfacet
  facet normal 0.0 0.0 0.0
    outer loop
      vertex 0.023093665404487415 -0.001316442605147425 -0.012666954525539726
      vertex 0.021801184935737402 -0.0014850057226062495 -0.01304208440517225
      vertex 0.021688941283393683 -0.0010515688812193673 -0.011781074974311039
    endloop
  endfacet
  facet normal 0.0 0.0 0.0
    outer loop
      vertex 0.023797034545112405 -0.0014641898998889156 -0.013103819760171888
      vertex 0.027788184447456152 -0.0014240418235218276 -0.013214326773918796
      vertex 0.021916358275581128 -0.002026365470164068 -0.01426040481046332
    endloop
  endfacet
  facet normal 0.0 0.0 0.0
    outer loop
      vertex 0.023797034545112405 -0.0014641898998889156 -0.013103819760171888
      vertex 0.023093665404487415 -0.001316442605147425 -0.012666954525539726
      vertex 0.025676551146674928 -0.0010285681658752405 -0.011894584192371074
    endloop
  endfacet
  facet normal 0.0 0.0 0.0
    outer loop
      vertex 0.023797034545112405 -0.0014641898998889156 -0.013103819760171888
      vertex 0.025676551146674928 -0.0010285681658752405 -0.011894584192371074
      vertex 0.027788184447456152 -0.0014240418235218276 -0.013214326773918796
    endloop
  endfacet
  facet normal 0.0 0.0 0.0
    outer loop
      vertex 0.023797034545112405 -0.0014641898998889156 -0.013103819760171888
      vertex 0.021916358275581128 -0.002026365470164068 -0.01426040481046332
      vertex 0.023093665404487415 -0.001316442605147425 -0.012666954525539726
    endloop
  endfacet
  facet normal 0.0 0.0 0.0
    outer loop
      vertex 0.021578894896674954 -0.0007289654387741891 -0.010487116823157954
      vertex 0.025676551146674928 -0.0010285681658752405 -0.011894584192371074
      vertex 0.023093665404487415 -0.001316442605147425 -0.012666954525539726
    endloop
  endfacet
  facet normal 0.0 0.0 0.0
    outer loop
      vertex 0.021578894896674954 -0.0007289654387741891 -0.010487116823157954
      vertex 0.023093665404487415 -0.001316442605147425 -0.012666954525539726
      vertex 0.021688941283393683 -0.0010515688812193673 -0.011781074974311039
    endloop
  endfacet
  facet normal 0.0 0.0 0.0
    outer loop
      vertex 0.021578894896674954 -0.0007289654387741891 -0.010487116823157954
      vertex 0.021470191283393728 -0.0005201004932448737 -0.009169955651787864
      vertex 0.025676551146674928 -0.0010285681658752405 -0.011894584192371074
    endloop
  endfacet
  facet normal 0.0 0.0 0.0
    outer loop
      vertex 0.021578894896674954 -0.0007289654387741891 -0.010487116823157954
      vertex 0.020735389037299948 -0.0008117971459148263 -0.010831596165854211
      vertex 0.021470191283393728 -0.0005201004932448737 -0.009169955651787864
    endloop
  endfacet
  facet normal 0.0 0.0 0.0
    outer loop
      vertex 0.021578894896674954 -0.0007289654387741891 -0.010487116823157954
      vertex 0.021370887084174936 -0.0009659210902486199 -0.011466223854593557
      vertex 0.020735389037299948 -0.0008117971459148263 -0.010831596165854211
    endloop
  endfacet
  facet normal 0.0 0.0 0.0
    outer loop
      vertex 0.021578894896674954 -0.0007289654387741891 -0.010487116823157954
      vertex 0.021688941283393683 -0.0010515688812193673 -0.011781074974311039
      vertex 0.021370887084174936 -0.0009659210902486199 -0.011466223854593557
    endloop
  endfacet
  facet normal 0.0 0.0 0.0
    outer loop
      vertex 0.02981851892011243 -0.0009851751193476037 -0.01191079285878407
      vertex 0.029699622435737403 -0.0014540449848649884 -0.013393204742494823
      vertex 0.027788184447456152 -0.0014240418235218276 -0.013214326773918796
    endloop
  endfacet
  facet normal 0.0 0.0 0.0
    outer loop
      vertex 0.02981851892011243 -0.0009851751193476037 -0.01191079285878407
      vertex 0.021470191283393728 -0.0005201004932448737 -0.009169955651787864
      vertex 0.03407425622479996 -0.0006675106131983552 -0.010378209366606023
    endloop
  endfacet
  facet normal 0.0 0.0 0.0
    outer loop
      vertex 0.02981851892011243 -0.0009851751193476037 -0.01191079285878407
      vertex 0.025676551146674928 -0.0010285681658752405 -0.011894584192371074
      vertex 0.021470191283393728 -0.0005201004932448737 -0.009169955651787864
    endloop
  endfacet
  facet normal 0.0 0.0 0.0
    outer loop
      vertex 0.02981851892011243 -0.0009851751193476037 -0.01191079285878407
      vertex 0.027788184447456152 -0.0014240418235218276 -0.013214326773918796
      vertex 0.025676551146674928 -0.0010285681658752405 -0.011894584192371074
    endloop
  endfacet
  facet normal 0.0 0.0 0.0
    outer loop
      vertex 0.03188889245526868 -0.0009655407570877266 -0.011911734250792448
      vertex 0.029699622435737403 -0.0014540449848649884 -0.013393204742494823
      vertex 0.02981851892011243 -0.0009851751193476037 -0.01191079285878407
    endloop
  endfacet
  facet normal 0.0 0.0 0.0
    outer loop
      vertex 0.03188889245526868 -0.0009655407570877266 -0.011911734250792448
      vertex 0.03352316979901865 -0.0015134012345598747 -0.013739844701233225
      vertex 0.029699622435737403 -0.0014540449848649884 -0.013393204742494823
    endloop
  endfacet
  facet normal 0.0 0.0 0.0
    outer loop
      vertex 0.03188889245526868 -0.0009655407570877266 -0.011911734250792448
      vertex 0.02981851892011243 -0.0009851751193476037 -0.01191079285878407
      vertex 0.03407425622479996 -0.0006675106131983552 -0.010378209366606023
    endloop
  endfacet
  facet normal 0.0 0.0 0.0
    outer loop
      vertex 0.03247562341229993 -0.0009735223586713291 -0.011965010564708532
      vertex 0.03407425622479996 -0.0006675106131983552 -0.010378209366606023
      vertex 0.033649146361518674 -0.0009894370086690508 -0.01207052199679509
    endloop
  endfacet
  facet normal 0.0 0.0 0.0
    outer loop
      vertex 0.03247562341229993 -0.0009735223586713291 -0.011965010564708532
      vertex 0.033649146361518674 -0.0009894370086690508 -0.01207052199679509
      vertex 0.03352316979901865 -0.0015134012345598747 -0.013739844701233225
    endloop
  endfacet
  facet normal 0.0 0.0 0.0
    outer loop
      vertex 0.03247562341229993 -0.0009735223586713291 -0.011965010564708532
      vertex 0.03352316979901865 -0.0015134012345598747 -0.013739844701233225
      vertex 0.03188889245526868 -0.0009655407570877266 -0.011911734250792448
    endloop
  endfacet
  facet normal 0.0 0.0 0.0
    outer loop
      vertex 0.03247562341229993 -0.0009735223586713291 -0.011965010564708532
      vertex 0.03188889245526868 -0.0009655407570877266 -0.011911734250792448
      vertex 0.03407425622479996 -0.0006675106131983552 -0.010378209366606023
    endloop
  endfacet
  facet normal 0.0 0.0 0.0
    outer loop
      vertex 0.03452976159589369 -0.0009002637181140711 -0.011720078706447147
      vertex 0.03454086999433117 -0.0011555805598485777 -0.012716414020854853
      vertex 0.033649146361518674 -0.0009894370086690508 -0.01207052199679509
    endloop
  endfacet
  facet normal 0.0 0.0 0.0
    outer loop
      vertex 0.03452976159589369 -0.0009002637181140711 -0.011720078706447147
      vertex 0.033649146361518674 -0.0009894370086690508 -0.01207052199679509
      vertex 0.03407425622479996 -0.0006675106131983552 -0.010378209366606023
    endloop
  endfacet
  facet normal 0.0 0.0 0.0
    outer loop
      vertex 0.03585642175214367 -0.0010191785223766568 -0.012265171653258689
      vertex 0.03498722009198741 -0.0012472651282252382 -0.013036589804825813
      vertex 0.03454086999433117 -0.0011555805598485777 -0.012716414020854853
    endloop
  endfacet
  facet normal 0.0 0.0 0.0
    outer loop
      vertex 0.03585642175214367 -0.0010191785223766568 -0.012265171653258689
      vertex 0.03454086999433117 -0.0011555805598485777 -0.012716414020854853
      vertex 0.03452976159589369 -0.0009002637181140711 -0.011720078706447147
    endloop
  endfacet
  facet normal 0.0 0.0 0.0
    outer loop
      vertex 0.03585642175214367 -0.0010191785223766568 -0.012265171653258689
      vertex 0.037645972533393635 -0.0015762128514830822 -0.014097028789944694
      vertex 0.03498722009198741 -0.0012472651282252382 -0.013036589804825813
    endloop
  endfacet
  facet normal 0.0 0.0 0.0
    outer loop
      vertex 0.03629074792401868 -0.0009231106817548689 -0.011874450811425
      vertex 0.03585642175214367 -0.0010191785223766568 -0.012265171653258689
      vertex 0.03452976159589369 -0.0009002637181140711 -0.011720078706447147
    endloop
  endfacet
  facet normal 0.0 0.0 0.0
    outer loop
      vertex 0.03629074792401868 -0.0009231106817548689 -0.011874450811425
      vertex 0.037645972533393635 -0.0015762128514830822 -0.014097028789944694
      vertex 0.03585642175214367 -0.0010191785223766568 -0.012265171653258689
    endloop
  endfacet
  facet normal 0.0 0.0 0.0
    outer loop
      vertex 0.03629074792401868 -0.0009231106817548689 -0.011874450811425
      vertex 0.03851328210370615 -0.0012975365404299035 -0.013339251381604425
      vertex 0.037645972533393635 -0.0015762128514830822 -0.014097028789944694
    endloop
  endfacet
  facet normal 0.0 0.0 0.0
    outer loop
      vertex 0.03629074792401868 -0.0009231106817548689 -0.011874450811425
      vertex 0.041272193236518664 -0.001090853790129107 -0.012721841186244023
      vertex 0.03851328210370615 -0.0012975365404299035 -0.013339251381604425
    endloop
  endfacet
  facet normal 0.0 0.0 0.0
    outer loop
      vertex 0.03629074792401868 -0.0009231106817548689 -0.011874450811425
      vertex 0.03407425622479996 -0.0006675106131983552 -0.010378209366606023
      vertex 0.041272193236518664 -0.001090853790129107 -0.012721841186244023
    endloop
  endfacet
  facet normal 0.0 0.0 0.0
    outer loop
      vertex 0.03629074792401868 -0.0009231106817548689 -0.011874450811425
      vertex 0.03452976159589369 -0.0009002637181140711 -0.011720078706447147
      vertex 0.03407425622479996 -0.0006675106131983552 -0.010378209366606023
    endloop
  endfacet
  facet normal 0.0 0.0 0.0
    outer loop
      vertex 0.040742408080268626 -0.0017872195312663459 -0.014762212606679693
      vertex 0.03591068200604986 -0.002271585950044185 -0.015554276644870899
      vertex 0.037645972533393635 -0.0015762128514830822 -0.014097028789944694
    endloop
  endfacet
  facet normal 0.0 0.0 0.0
    outer loop
      vertex 0.040742408080268626 -0.0017872195312663459 -0.014762212606679693
      vertex 0.042978492064643596 -0.0023884992847647223 -0.016133006148542114
      vertex 0.03591068200604986 -0.002271585950044185 -0.015554276644870899
    endloop
  endfacet
  facet normal 0.0 0.0 0.0
    outer loop
      vertex 0.040742408080268626 -0.0017872195312663459 -0.014762212606679693
      vertex 0.037645972533393635 -0.0015762128514830822 -0.014097028789944694
      vertex 0.03851328210370615 -0.0012975365404299035 -0.013339251381604425
    endloop
  endfacet
  facet normal 0.0 0.0 0.0
    outer loop
      vertex 0.04091867761151864 -0.0015217577745078757 -0.014093684016046926
      vertex 0.03851328210370615 -0.0012975365404299035 -0.013339251381604425
      vertex 0.041272193236518664 -0.001090853790129107 -0.012721841186244023
    endloop
  endfacet
  facet normal 0.0 0.0 0.0
    outer loop
      vertex 0.04091867761151864 -0.0015217577745078757 -0.014093684016046926
      vertex 0.040742408080268626 -0.0017872195312663459 -0.014762212606679693
      vertex 0.03851328210370615 -0.0012975365404299035 -0.013339251381604425
    endloop
  endfacet
  facet normal 0.0 0.0 0.0
    outer loop
      vertex 0.04212247399823738 -0.00164272799627864 -0.014465490700968107
      vertex 0.042978492064643596 -0.0023884992847647223 -0.016133006148542114
      vertex 0.040742408080268626 -0.0017872195312663459 -0.014762212606679693
    endloop
  endfacet
  facet normal 0.0 0.0 0.0
    outer loop
      vertex 0.04212247399823738 -0.00164272799627864 -0.014465490700968107
      vertex 0.040742408080268626 -0.0017872195312663459 -0.014762212606679693
      vertex 0.04091867761151864 -0.0015217577745078757 -0.014093684016046926
    endloop
  endfacet
  facet normal 0.0 0.0 0.0
    outer loop
      vertex 0.04212247399823738 -0.00164272799627864 -0.014465490700968107
      vertex 0.04091867761151864 -0.0015217577745078757 -0.014093684016046926
      vertex 0.041272193236518664 -0.001090853790129107 -0.012721841186244023
    endloop
  endfacet
  facet normal 0.0 0.0 0.0
    outer loop
      vertex 0.04300699548261238 -0.0016556350471666219 -0.014535927862898682
      vertex 0.044776099486518624 -0.0016811955935019435 -0.014674466239827962
      vertex 0.042978492064643596 -0.0023884992847647223 -0.016133006148542114
    endloop
  endfacet
  facet normal 0.0 0.0 0.0
    outer loop
      vertex 0.04300699548261238 -0.0016556350471666219 -0.014535927862898682
      vertex 0.041272193236518664 -0.001090853790129107 -0.012721841186244023
      vertex 0.04488053063886239 -0.001385690214425755 -0.013854079519437353
    endloop
  endfacet
  facet normal 0.0 0.0 0.0
    outer loop
      vertex 0.04300699548261238 -0.0016556350471666219 -0.014535927862898682
      vertex 0.04488053063886239 -0.001385690214425755 -0.013854079519437353
      vertex 0.044776099486518624 -0.0016811955935019435 -0.014674466239827962
    endloop
  endfacet
  facet normal 0.0 0.0 0.0
    outer loop
      vertex 0.04300699548261238 -0.0016556350471666219 -0.014535927862898682
      vertex 0.042978492064643596 -0.0023884992847647223 -0.016133006148542114
      vertex 0.04212247399823738 -0.00164272799627864 -0.014465490700968107
    endloop
  endfacet
  facet normal 0.0 0.0 0.0
    outer loop
      vertex 0.04300699548261238 -0.0016556350471666219 -0.014535927862898682
      vertex 0.04212247399823738 -0.00164272799627864 -0.014465490700968107
      vertex 0.041272193236518664 -0.001090853790129107 -0.012721841186244023
    endloop
  endfacet
  facet normal 0.0 0.0 0.0
    outer loop
      vertex 0.04583115319745617 -0.0010433822773647705 -0.012656221577685735
      vertex 0.041272193236518664 -0.001090853790129107 -0.012721841186244023
      vertex 0.04678061608808119 -0.0008112549688557529 -0.011431840118404025
    endloop
  endfacet
  facet normal 0.0 0.0 0.0
    outer loop
      vertex 0.04583115319745617 -0.0010433822773647705 -0.012656221577685735
      vertex 0.04488053063886239 -0.001385690214425755 -0.013854079519437353
      vertex 0.041272193236518664 -0.001090853790129107 -0.012721841186244023
    endloop
  endfacet
  facet normal 0.0 0.0 0.0
    outer loop
      vertex 0.04583115319745617 -0.0010433822773647705 -0.012656221577685735
      vertex 0.0454446175529249 -0.0013049274117848198 -0.013617957364039082
      vertex 0.04488053063886239 -0.001385690214425755 -0.013854079519437353
    endloop
  endfacet
  facet normal 0.0 0.0 0.0
    outer loop
      vertex 0.04583115319745617 -0.0010433822773647705 -0.012656221577685735
      vertex 0.04657224206464366 -0.0011587392132634564 -0.013140161807531473
      vertex 0.0454446175529249 -0.0013049274117848198 -0.013617957364039082
    endloop
  endfacet
  facet normal 0.0 0.0 0.0
    outer loop
      vertex 0.04583115319745617 -0.0010433822773647705 -0.012656221577685735
      vertex 0.04678061608808119 -0.0008112549688557529 -0.011431840118404025
      vertex 0.04657224206464366 -0.0011587392132634564 -0.013140161807531473
    endloop
  endfacet
  facet normal 0.0 0.0 0.0
    outer loop
      vertex 0.047593116088081165 -0.001064780738115945 -0.012790597869030865
      vertex 0.04779581384198739 -0.001335707423839735 -0.013796738226276152
      vertex 0.04657224206464366 -0.0011587392132634564 -0.013140161807531473
    endloop
  endfacet
  facet normal 0.0 0.0 0.0
    outer loop
      vertex 0.047593116088081165 -0.001064780738115945 -0.012790597869030865
      vertex 0.04678061608808119 -0.0008112549688557529 -0.011431840118404025
      vertex 0.05210727624433115 -0.001390564413162391 -0.014110286502612535
    endloop
  endfacet
  facet normal 0.0 0.0 0.0
    outer loop
      vertex 0.047593116088081165 -0.001064780738115945 -0.012790597869030865
      vertex 0.05210727624433115 -0.001390564413162391 -0.014110286502612535
      vertex 0.0484081185294874 -0.001432781394029183 -0.014121871828331144
    endloop
  endfacet
  facet normal 0.0 0.0 0.0
    outer loop
      vertex 0.047593116088081165 -0.001064780738115945 -0.012790597869030865
      vertex 0.0484081185294874 -0.001432781394029183 -0.014121871828331144
      vertex 0.04779581384198739 -0.001335707423839735 -0.013796738226276152
    endloop
  endfacet
  facet normal 0.0 0.0 0.0
    outer loop
      vertex 0.047593116088081165 -0.001064780738115945 -0.012790597869030865
      vertex 0.04657224206464366 -0.0011587392132634564 -0.013140161807531473
      vertex 0.04678061608808119 -0.0008112549688557529 -0.011431840118404025
    endloop
  endfacet
  facet normal 0.0 0.0 0.0
    outer loop
      vertex 0.051077613158393625 -0.0018804389192784443 -0.015414095552374356
      vertex 0.0500479500724561 -0.0024990764308675272 -0.01666253240973735
      vertex 0.04830612878339363 -0.0017311109491303905 -0.014941619265323542
    endloop
  endfacet
  facet normal 0.0 0.0 0.0
    outer loop
      vertex 0.051077613158393625 -0.0018804389192784443 -0.015414095552374356
      vertex 0.04830612878339363 -0.0017311109491303905 -0.014941619265323542
      vertex 0.0484081185294874 -0.001432781394029183 -0.014121871828331144
    endloop
  endfacet
  facet normal 0.0 0.0 0.0
    outer loop
      vertex 0.051077613158393625 -0.0018804389192784443 -0.015414095552374356
      vertex 0.0484081185294874 -0.001432781394029183 -0.014121871828331144
      vertex 0.05210727624433115 -0.001390564413162391 -0.014110286502612535
    endloop
  endfacet
  facet normal 0.0 0.0 0.0
    outer loop
      vertex 0.051077613158393625 -0.0018804389192784443 -0.015414095552374356
      vertex 0.05477951745526863 -0.0018186064579398958 -0.015399467561368048
      vertex 0.0500479500724561 -0.0024990764308675272 -0.01666253240973735
    endloop
  endfacet
  facet normal 0.0 0.0 0.0
    outer loop
      vertex 0.051077613158393625 -0.0018804389192784443 -0.015414095552374356
      vertex 0.05210727624433115 -0.001390564413162391 -0.014110286502612535
      vertex 0.05477951745526863 -0.0018186064579398958 -0.015399467561368048
    endloop
  endfacet
  facet normal 0.0 0.0 0.0
    outer loop
      vertex 0.06236392907636235 -0.0020863987668336757 -0.01628765069074905
      vertex 0.06285398034589358 -0.002680322715155131 -0.017497099353015983
      vertex 0.06117453698651861 -0.0018994798539113695 -0.01581112830624122
    endloop
  endfacet
  facet normal 0.0 0.0 0.0
    outer loop
      vertex 0.06236392907636235 -0.0020863987668336757 -0.01628765069074905
      vertex 0.06117453698651861 -0.0018994798539113695 -0.01581112830624122
      vertex 0.06187644128339363 -0.001598938432200315 -0.015030654988565227
    endloop
  endfacet
  facet normal 0.0 0.0 0.0
    outer loop
      vertex 0.06337589196698735 -0.001889154213201004 -0.01585299192793016
      vertex 0.06285398034589358 -0.002680322715155131 -0.017497099353015983
      vertex 0.06236392907636235 -0.0020863987668336757 -0.01628765069074905
    endloop
  endfacet
  facet normal 0.0 0.0 0.0
    outer loop
      vertex 0.06337589196698735 -0.001889154213201004 -0.01585299192793016
      vertex 0.06187644128339363 -0.001598938432200315 -0.015030654988565227
      vertex 0.06539810876386239 -0.0015454139576402328 -0.014960697963532965
    endloop
  endfacet
  facet normal 0.0 0.0 0.0
    outer loop
      vertex 0.06337589196698735 -0.001889154213201004 -0.01585299192793016
      vertex 0.06236392907636235 -0.0020863987668336757 -0.01628765069074905
      vertex 0.06187644128339363 -0.001598938432200315 -0.015030654988565227
    endloop
  endfacet
  facet normal 0.0 0.0 0.0
    outer loop
      vertex 0.06139108972089365 -0.0012212918799494829 -0.013735795906378363
      vertex 0.059502234740424896 -0.0013122130846058991 -0.01404311319263079
      vertex 0.06090732507245617 -0.0009567876995891753 -0.012412778683288767
    endloop
  endfacet
  facet normal 0.0 0.0 0.0
    outer loop
      vertex 0.06139108972089365 -0.0012212918799494829 -0.013735795906378363
      vertex 0.06108463220136239 -0.0014976727050453685 -0.0147038975527308
      vertex 0.059502234740424896 -0.0013122130846058991 -0.01404311319263079
    endloop
  endfacet
  facet normal 0.0 0.0 0.0
    outer loop
      vertex 0.06139108972089365 -0.0012212918799494829 -0.013735795906378363
      vertex 0.06187644128339363 -0.001598938432200315 -0.015030654988565227
      vertex 0.06108463220136239 -0.0014976727050453685 -0.0147038975527308
    endloop
  endfacet
  facet normal 0.0 0.0 0.0
    outer loop
      vertex 0.06139108972089365 -0.0012212918799494829 -0.013735795906378363
      vertex 0.06090732507245617 -0.0009567876995891753 -0.012412778683288767
      vertex 0.06539810876386239 -0.0015454139576402328 -0.014960697963532965
    endloop
  endfacet
  facet normal 0.0 0.0 0.0
    outer loop
      vertex 0.06139108972089365 -0.0012212918799494829 -0.013735795906378363
      vertex 0.06539810876386239 -0.0015454139576402328 -0.014960697963532965
      vertex 0.06187644128339363 -0.001598938432200315 -0.015030654988565227
    endloop
  endfacet
  facet normal 0.0 0.0 0.0
    outer loop
      vertex 0.06412644128339362 -0.002048875259017044 -0.016257539633473747
      vertex 0.06337589196698735 -0.001889154213201004 -0.01585299192793016
      vertex 0.06539810876386239 -0.0015454139576402328 -0.014960697963532965
    endloop
  endfacet
  facet normal 0.0 0.0 0.0
    outer loop
      vertex 0.06412644128339362 -0.002048875259017044 -0.016257539633473747
      vertex 0.06539810876386239 -0.0015454139576402328 -0.014960697963532965
      vertex 0.06765079431073737 -0.0019752632592818795 -0.016186927140653444
    endloop
  endfacet
  facet normal 0.0 0.0 0.0
    outer loop
      vertex 0.06412644128339362 -0.002048875259017044 -0.016257539633473747
      vertex 0.06765079431073737 -0.0019752632592818795 -0.016186927140653444
      vertex 0.06285398034589358 -0.002680322715155131 -0.017497099353015983
    endloop
  endfacet
  facet normal 0.0 0.0 0.0
    outer loop
      vertex 0.06412644128339362 -0.002048875259017044 -0.016257539633473747
      vertex 0.06285398034589358 -0.002680322715155131 -0.017497099353015983
      vertex 0.06337589196698735 -0.001889154213201004 -0.01585299192793016
    endloop
  endfacet
  facet normal 0.0 0.0 0.0
    outer loop
      vertex 0.07550150231854984 -0.0022342512601091313 -0.016989796956453494
      vertex 0.07565927819745606 -0.0028337777047094405 -0.01817163774707184
      vertex 0.07404550866620609 -0.0020435829635432937 -0.01651750948728403
    endloop
  endfacet
  facet normal 0.0 0.0 0.0
    outer loop
      vertex 0.07550150231854984 -0.0022342512601091313 -0.016989796956453494
      vertex 0.07404550866620609 -0.0020435829635432937 -0.01651750948728403
      vertex 0.07534531335370612 -0.0017401202594682559 -0.015759955963003055
    endloop
  endfacet
  facet normal 0.0 0.0 0.0
    outer loop
      vertex 0.07656540612714359 -0.002031037364028164 -0.01654662250718667
      vertex 0.07550150231854984 -0.0022342512601091313 -0.016989796956453494
      vertex 0.07534531335370612 -0.0017401202594682559 -0.015759955963003055
    endloop
  endfacet
  facet normal 0.0 0.0 0.0
    outer loop
      vertex 0.0771761239005811 -0.0021908609109797823 -0.016933577780987023
      vertex 0.07550150231854984 -0.0022342512601091313 -0.016989796956453494
      vertex 0.07656540612714359 -0.002031037364028164 -0.01654662250718667
    endloop
  endfacet
  facet normal 0.0 0.0 0.0
    outer loop
      vertex 0.0771761239005811 -0.0021908609109797823 -0.016933577780987023
      vertex 0.07656540612714359 -0.002031037364028164 -0.01654662250718667
      vertex 0.07869126061933111 -0.0016754393455199433 -0.01563639623885985
    endloop
  endfacet
  facet normal 0.0 0.0 0.0
    outer loop
      vertex 0.0771761239005811 -0.0021908609109797823 -0.016933577780987023
      vertex 0.07565927819745606 -0.0028337777047094405 -0.01817163774707184
      vertex 0.07550150231854984 -0.0022342512601091313 -0.016989796956453494
    endloop
  endfacet
  facet normal 0.0 0.0 0.0
    outer loop
      vertex 0.0771761239005811 -0.0021908609109797823 -0.016933577780987023
      vertex 0.07869126061933111 -0.0016754393455199433 -0.01563639623885985
      vertex 0.08052469567792483 -0.002105714836093732 -0.01681153129729275
    endloop
  endfacet
  facet normal 0.0 0.0 0.0
    outer loop
      vertex 0.0771761239005811 -0.0021908609109797823 -0.016933577780987023
      vertex 0.08052469567792483 -0.002105714836093732 -0.01681153129729275
      vertex 0.07565927819745606 -0.0028337777047094405 -0.01817163774707184
    endloop
  endfacet
  facet normal 0.0 0.0 0.0
    outer loop
      vertex 0.07519040612714364 -0.001354759148065992 -0.014491704017693735
      vertex 0.07243820886151864 -0.0014451894262309485 -0.014780231227355625
      vertex 0.07503629235761242 -0.0010815504633764287 -0.01319460609491398
    endloop
  endfacet
  facet normal 0.0 0.0 0.0
    outer loop
      vertex 0.07519040612714364 -0.001354759148065992 -0.014491704017693735
      vertex 0.07869126061933111 -0.0016754393455199433 -0.01563639623885985
      vertex 0.07656540612714359 -0.002031037364028164 -0.01654662250718667
    endloop
  endfacet
  facet normal 0.0 0.0 0.0
    outer loop
      vertex 0.07519040612714364 -0.001354759148065992 -0.014491704017693735
      vertex 0.07437576989667488 -0.0016362110819747038 -0.015436165665303796
      vertex 0.07243820886151864 -0.0014451894262309485 -0.014780231227355625
    endloop
  endfacet
  facet normal 0.0 0.0 0.0
    outer loop
      vertex 0.07519040612714364 -0.001354759148065992 -0.014491704017693735
      vertex 0.07503629235761242 -0.0010815504633764287 -0.01319460609491398
      vertex 0.07869126061933111 -0.0016754393455199433 -0.01563639623885985
    endloop
  endfacet
  facet normal 0.0 0.0 0.0
    outer loop
      vertex 0.07519040612714364 -0.001354759148065992 -0.014491704017693735
      vertex 0.07534531335370612 -0.0017401202594682559 -0.015759955963003055
      vertex 0.07437576989667488 -0.0016362110819747038 -0.015436165665303796
    endloop
  endfacet
  facet normal 0.0 0.0 0.0
    outer loop
      vertex 0.07519040612714364 -0.001354759148065992 -0.014491704017693735
      vertex 0.07656540612714359 -0.002031037364028164 -0.01654662250718667
      vertex 0.07534531335370612 -0.0017401202594682559 -0.015759955963003055
    endloop
  endfacet
  facet normal 0.0 0.0 0.0
    outer loop
      vertex 0.08863681725995608 -0.002351461308643226 -0.017522935033978823
      vertex 0.08846298913495607 -0.0029556758314970956 -0.018686913653023458
      vertex 0.0869183114005811 -0.002159554906255531 -0.017061364328273917
    endloop
  endfacet
  facet normal 0.0 0.0 0.0
    outer loop
      vertex 0.08863681725995608 -0.002351461308643226 -0.017522935033978823
      vertex 0.0869183114005811 -0.002159554906255531 -0.017061364328273917
      vertex 0.08766678552167487 -0.0017470363887215807 -0.015994100925444208
    endloop
  endfacet
  facet normal 0.0 0.0 0.0
    outer loop
      vertex 0.08863681725995608 -0.002351461308643226 -0.017522935033978823
      vertex 0.08766678552167487 -0.0017470363887215807 -0.015994100925444208
      vertex 0.0888112557365186 -0.00185187886602856 -0.01631043021943268
    endloop
  endfacet
  facet normal 0.0 0.0 0.0
    outer loop
      vertex 0.08975339440839358 -0.0021427636018088096 -0.017069518563349068
      vertex 0.08863681725995608 -0.002351461308643226 -0.017522935033978823
      vertex 0.0888112557365186 -0.00185187886602856 -0.01631043021943268
    endloop
  endfacet
  facet normal 0.0 0.0 0.0
    outer loop
      vertex 0.09022501306073732 -0.0023023902386841836 -0.017442876252295438
      vertex 0.09340055017011234 -0.0022060877244099056 -0.01727388424850621
      vertex 0.08846298913495607 -0.0029556758314970956 -0.018686913653023458
    endloop
  endfacet
  facet normal 0.0 0.0 0.0
    outer loop
      vertex 0.09022501306073732 -0.0023023902386841836 -0.017442876252295438
      vertex 0.0919841072990186 -0.0017763625030902785 -0.01613794778223718
      vertex 0.09340055017011234 -0.0022060877244099056 -0.01727388424850621
    endloop
  endfacet
  facet normal 0.0 0.0 0.0
    outer loop
      vertex 0.09022501306073732 -0.0023023902386841836 -0.017442876252295438
      vertex 0.08975339440839358 -0.0021427636018088096 -0.017069518563349068
      vertex 0.0919841072990186 -0.0017763625030902785 -0.01613794778223718
    endloop
  endfacet
  facet normal 0.0 0.0 0.0
    outer loop
      vertex 0.09022501306073732 -0.0023023902386841836 -0.017442876252295438
      vertex 0.08863681725995608 -0.002351461308643226 -0.017522935033978823
      vertex 0.08975339440839358 -0.0021427636018088096 -0.017069518563349068
    endloop
  endfacet
  facet normal 0.0 0.0 0.0
    outer loop
      vertex 0.09022501306073732 -0.0023023902386841836 -0.017442876252295438
      vertex 0.08846298913495607 -0.0029556758314970956 -0.018686913653023458
      vertex 0.08863681725995608 -0.002351461308643226 -0.017522935033978823
    endloop
  endfacet
  facet normal 0.0 0.0 0.0
    outer loop
      vertex 0.08898599938886238 -0.001460364989093283 -0.015058888656620965
      vertex 0.08766678552167487 -0.0017470363887215807 -0.015994100925444208
      vertex 0.08916074304120615 -0.001180342676286057 -0.013777818674567729
    endloop
  endfacet
  facet normal 0.0 0.0 0.0
    outer loop
      vertex 0.08898599938886238 -0.001460364989093283 -0.015058888656620965
      vertex 0.0888112557365186 -0.00185187886602856 -0.01631043021943268
      vertex 0.08766678552167487 -0.0017470363887215807 -0.015994100925444208
    endloop
  endfacet
  facet normal 0.0 0.0 0.0
    outer loop
      vertex 0.08898599938886238 -0.001460364989093283 -0.015058888656620965
      vertex 0.0919841072990186 -0.0017763625030902785 -0.01613794778223718
      vertex 0.08975339440839358 -0.0021427636018088096 -0.017069518563349068
    endloop
  endfacet
  facet normal 0.0 0.0 0.0
    outer loop
      vertex 0.08898599938886238 -0.001460364989093283 -0.015058888656620965
      vertex 0.08975339440839358 -0.0021427636018088096 -0.017069518563349068
      vertex 0.0888112557365186 -0.00185187886602856 -0.01631043021943268
    endloop
  endfacet
  facet normal 0.0 0.0 0.0
    outer loop
      vertex 0.08898599938886238 -0.001460364989093283 -0.015058888656620965
      vertex 0.08916074304120615 -0.001180342676286057 -0.013777818674567729
      vertex 0.0919841072990186 -0.0017763625030902785 -0.01613794778223718
    endloop
  endfacet
  facet normal 0.0 0.0 0.0
    outer loop
      vertex 0.10252335290448734 -0.0024376108156987384 -0.017903899386144673
      vertex 0.1005027840568311 -0.002247187982378623 -0.01745970532031862
      vertex 0.1023604500724561 -0.0019302490763733217 -0.016684845288514723
    endloop
  endfacet
  facet normal 0.0 0.0 0.0
    outer loop
      vertex 0.10252335290448734 -0.0024376108156987384 -0.017903899386144673
      vertex 0.10268717126386231 -0.003049645096237926 -0.019073788004874907
      vertex 0.1005027840568311 -0.002247187982378623 -0.01745970532031862
    endloop
  endfacet
  facet normal 0.0 0.0 0.0
    outer loop
      vertex 0.10252335290448734 -0.0024376108156987384 -0.017903899386144673
      vertex 0.10487430505292485 -0.0022672215595876378 -0.01754998993897522
      vertex 0.10268717126386231 -0.003049645096237926 -0.019073788004874907
    endloop
  endfacet
  facet normal 0.0 0.0 0.0
    outer loop
      vertex 0.10252335290448734 -0.0024376108156987384 -0.017903899386144673
      vertex 0.1023604500724561 -0.0019302490763733217 -0.016684845288514723
      vertex 0.10487430505292485 -0.0022672215595876378 -0.01754998993897522
    endloop
  endfacet
  facet normal 0.0 0.0 0.0
    outer loop
      vertex 0.10219834069745615 -0.0015310530090662659 -0.015426139435805723
      vertex 0.10101493005292486 -0.0018261807523797895 -0.016379745263668703
      vertex 0.10203684167401866 -0.0012435022575906284 -0.014137314433626475
    endloop
  endfacet
  facet normal 0.0 0.0 0.0
    outer loop
      vertex 0.10219834069745615 -0.0015310530090662659 -0.015426139435805723
      vertex 0.1023604500724561 -0.0019302490763733217 -0.016684845288514723
      vertex 0.10101493005292486 -0.0018261807523797895 -0.016379745263668703
    endloop
  endfacet
  facet normal 0.0 0.0 0.0
    outer loop
      vertex 0.10345316247479988 -0.0016568353894126097 -0.015874358019902366
      vertex 0.10487430505292485 -0.0022672215595876378 -0.01754998993897522
      vertex 0.1023604500724561 -0.0019302490763733217 -0.016684845288514723
    endloop
  endfacet
  facet normal 0.0 0.0 0.0
    outer loop
      vertex 0.10345316247479988 -0.0016568353894126097 -0.015874358019902366
      vertex 0.1023604500724561 -0.0019302490763733217 -0.016684845288514723
      vertex 0.10219834069745615 -0.0015310530090662659 -0.015426139435805723
    endloop
  endfacet
  facet normal 0.0 0.0 0.0
    outer loop
      vertex 0.10399887780683115 -0.0015382011145737247 -0.015463023660224185
      vertex 0.10219834069745615 -0.0015310530090662659 -0.015426139435805723
      vertex 0.10203684167401866 -0.0012435022575906284 -0.014137314433626475
    endloop
  endfacet
  facet normal 0.0 0.0 0.0
    outer loop
      vertex 0.10399887780683115 -0.0015382011145737247 -0.015463023660224185
      vertex 0.10487430505292485 -0.0022672215595876378 -0.01754998993897522
      vertex 0.10345316247479988 -0.0016568353894126097 -0.015874358019902366
    endloop
  endfacet
  facet normal 0.0 0.0 0.0
    outer loop
      vertex 0.10399887780683115 -0.0015382011145737247 -0.015463023660224185
      vertex 0.10596573571698735 -0.0019449633841254687 -0.016754651259242047
      vertex 0.10487430505292485 -0.0022672215595876378 -0.01754998993897522
    endloop
  endfacet
  facet normal 0.0 0.0 0.0
    outer loop
      vertex 0.10399887780683115 -0.0015382011145737247 -0.015463023660224185
      vertex 0.10773660974042486 -0.0018529011799861639 -0.01650880498295536
      vertex 0.10596573571698735 -0.0019449633841254687 -0.016754651259242047
    endloop
  endfacet
  facet normal 0.0 0.0 0.0
    outer loop
      vertex 0.10399887780683115 -0.0015382011145737247 -0.015463023660224185
      vertex 0.11127567224042488 -0.0016825955432225213 -0.016003288264070423
      vertex 0.10773660974042486 -0.0018529011799861639 -0.01650880498295536
    endloop
  endfacet
  facet normal 0.0 0.0 0.0
    outer loop
      vertex 0.10399887780683115 -0.0015382011145737247 -0.015463023660224185
      vertex 0.10345316247479988 -0.0016568353894126097 -0.015874358019902366
      vertex 0.10219834069745615 -0.0015310530090662659 -0.015426139435805723
    endloop
  endfacet
  facet normal 0.0 0.0 0.0
    outer loop
      vertex 0.10399887780683115 -0.0015382011145737247 -0.015463023660224185
      vertex 0.10203684167401866 -0.0012435022575906284 -0.014137314433626475
      vertex 0.11127567224042488 -0.0016825955432225213 -0.016003288264070423
    endloop
  endfacet
  facet normal 0.0 0.0 0.0
    outer loop
      vertex 0.10793735436933109 -0.0024600963279667295 -0.0180026349536899
      vertex 0.10991348962323731 -0.003079904510420066 -0.01919744213795896
      vertex 0.10268717126386231 -0.003049645096237926 -0.019073788004874907
    endloop
  endfacet
  facet normal 0.0 0.0 0.0
    outer loop
      vertex 0.10793735436933109 -0.0024600963279667295 -0.0180026349536899
      vertex 0.10268717126386231 -0.003049645096237926 -0.019073788004874907
      vertex 0.10487430505292485 -0.0022672215595876378 -0.01754998993897522
    endloop
  endfacet
  facet normal 0.0 0.0 0.0
    outer loop
      vertex 0.10793735436933109 -0.0024600963279667295 -0.0180026349536899
      vertex 0.10487430505292485 -0.0022672215595876378 -0.01754998993897522
      vertex 0.10596573571698735 -0.0019449633841254687 -0.016754651259242047
    endloop
  endfacet
  facet normal 0.0 0.0 0.0
    outer loop
      vertex 0.1078703377677686 -0.002240023692481396 -0.01751201326824344
      vertex 0.10596573571698735 -0.0019449633841254687 -0.016754651259242047
      vertex 0.10773660974042486 -0.0018529011799861639 -0.01650880498295536
    endloop
  endfacet
  facet normal 0.0 0.0 0.0
    outer loop
      vertex 0.1078703377677686 -0.002240023692481396 -0.01751201326824344
      vertex 0.10793735436933109 -0.0024600963279667295 -0.0180026349536899
      vertex 0.10596573571698735 -0.0019449633841254687 -0.016754651259242047
    endloop
  endfacet
  facet normal 0.0 0.0 0.0
    outer loop
      vertex 0.10882358483808109 -0.0024014953497971873 -0.017883525936749405
      vertex 0.11059531335370609 -0.0022875680350000066 -0.017641482992072344
      vertex 0.10991348962323731 -0.003079904510420066 -0.01919744213795896
    endloop
  endfacet
  facet normal 0.0 0.0 0.0
    outer loop
      vertex 0.10882358483808109 -0.0024014953497971873 -0.017883525936749405
      vertex 0.10991348962323731 -0.003079904510420066 -0.01919744213795896
      vertex 0.10793735436933109 -0.0024600963279667295 -0.0180026349536899
    endloop
  endfacet
  facet normal 0.0 0.0 0.0
    outer loop
      vertex 0.10882358483808109 -0.0024014953497971873 -0.017883525936749405
      vertex 0.10773660974042486 -0.0018529011799861639 -0.01650880498295536
      vertex 0.11059531335370609 -0.0022875680350000066 -0.017641482992072344
    endloop
  endfacet
  facet normal 0.0 0.0 0.0
    outer loop
      vertex 0.10882358483808109 -0.0024014953497971873 -0.017883525936749405
      vertex 0.1078703377677686 -0.002240023692481396 -0.01751201326824344
      vertex 0.10773660974042486 -0.0018529011799861639 -0.01650880498295536
    endloop
  endfacet
  facet normal 0.0 0.0 0.0
    outer loop
      vertex 0.10882358483808109 -0.0024014953497971873 -0.017883525936749405
      vertex 0.10793735436933109 -0.0024600963279667295 -0.0180026349536899
      vertex 0.1078703377677686 -0.002240023692481396 -0.01751201326824344
    endloop
  endfacet
  facet normal 0.0 0.0 0.0
    outer loop
      vertex 0.11675180749433109 -0.0024840087639379275 -0.018107253546937742
      vertex 0.11713626794354981 -0.003098961629442801 -0.01927506516897336
      vertex 0.11466586999433111 -0.002074260474462883 -0.017147915747677225
    endloop
  endfacet
  facet normal 0.0 0.0 0.0
    outer loop
      vertex 0.11675180749433109 -0.0024840087639379275 -0.018107253546937742
      vertex 0.11466586999433111 -0.002074260474462883 -0.017147915747677225
      vertex 0.11636820153729985 -0.001973561200951938 -0.016889914994629576
    endloop
  endfacet
  facet normal 0.0 0.0 0.0
    outer loop
      vertex 0.11513504724042488 -0.0016088109099958582 -0.015765749974562242
      vertex 0.11343381433026861 -0.0016877718505692494 -0.016029126642431155
      vertex 0.11560336999433116 -0.0012803001652633972 -0.014344663441308789
    endloop
  endfacet
  facet normal 0.0 0.0 0.0
    outer loop
      vertex 0.11513504724042488 -0.0016088109099958582 -0.015765749974562242
      vertex 0.11466586999433111 -0.002074260474462883 -0.017147915747677225
      vertex 0.11343381433026861 -0.0016877718505692494 -0.016029126642431155
    endloop
  endfacet
  facet normal 0.0 0.0 0.0
    outer loop
      vertex 0.11554587487714361 -0.001720758334437404 -0.016143714819813033
      vertex 0.11636820153729985 -0.001973561200951938 -0.016889914994629576
      vertex 0.11466586999433111 -0.002074260474462883 -0.017147915747677225
    endloop
  endfacet
  facet normal 0.0 0.0 0.0
    outer loop
      vertex 0.11554587487714361 -0.001720758334437404 -0.016143714819813033
      vertex 0.11466586999433111 -0.002074260474462883 -0.017147915747677225
      vertex 0.11513504724042488 -0.0016088109099958582 -0.015765749974562242
    endloop
  endfacet
  facet normal 0.0 0.0 0.0
    outer loop
      vertex 0.1174975350333936 -0.0022648073881050184 -0.0176238150331767
      vertex 0.11636820153729985 -0.001973561200951938 -0.016889914994629576
      vertex 0.11898734216229985 -0.0018788474542791222 -0.01663359472072577
    endloop
  endfacet
  facet normal 0.0 0.0 0.0
    outer loop
      vertex 0.1174975350333936 -0.0022648073881050184 -0.0176238150331767
      vertex 0.11675180749433109 -0.0024840087639379275 -0.018107253546937742
      vertex 0.11636820153729985 -0.001973561200951938 -0.016889914994629576
    endloop
  endfacet
  facet normal 0.0 0.0 0.0
    outer loop
      vertex 0.1180625985099561 -0.0024243854718109087 -0.017984478765701167
      vertex 0.11713626794354981 -0.003098961629442801 -0.01927506516897336
      vertex 0.11675180749433109 -0.0024840087639379275 -0.018107253546937742
    endloop
  endfacet
  facet normal 0.0 0.0 0.0
    outer loop
      vertex 0.1180625985099561 -0.0024243854718109087 -0.017984478765701167
      vertex 0.11675180749433109 -0.0024840087639379275 -0.018107253546937742
      vertex 0.1174975350333936 -0.0022648073881050184 -0.0176238150331767
    endloop
  endfacet
  facet normal 0.0 0.0 0.0
    outer loop
      vertex 0.1180625985099561 -0.0024243854718109087 -0.017984478765701167
      vertex 0.12068289880292483 -0.0023079792479717173 -0.017732878938830576
      vertex 0.11713626794354981 -0.003098961629442801 -0.01927506516897336
    endloop
  endfacet
  facet normal 0.0 0.0 0.0
    outer loop
      vertex 0.1180625985099561 -0.0024243854718109087 -0.017984478765701167
      vertex 0.11898734216229985 -0.0018788474542791222 -0.01663359472072577
      vertex 0.12068289880292483 -0.0023079792479717173 -0.017732878938830576
    endloop
  endfacet
  facet normal 0.0 0.0 0.0
    outer loop
      vertex 0.1180625985099561 -0.0024243854718109087 -0.017984478765701167
      vertex 0.1174975350333936 -0.0022648073881050184 -0.0176238150331767
      vertex 0.11898734216229985 -0.0018788474542791222 -0.01663359472072577
    endloop
  endfacet
  facet normal 0.0 0.0 0.0
    outer loop
      vertex 0.11598538903729988 -0.0015711579270605957 -0.015632544354081398
      vertex 0.11898734216229985 -0.0018788474542791222 -0.01663359472072577
      vertex 0.11636820153729985 -0.001973561200951938 -0.016889914994629576
    endloop
  endfacet
  facet normal 0.0 0.0 0.0
    outer loop
      vertex 0.11598538903729988 -0.0015711579270605957 -0.015632544354081398
      vertex 0.11560336999433116 -0.0012803001652633972 -0.014344663441308789
      vertex 0.11898734216229985 -0.0018788474542791222 -0.01663359472072577
    endloop
  endfacet
  facet normal 0.0 0.0 0.0
    outer loop
      vertex 0.11598538903729988 -0.0015711579270605957 -0.015632544354081398
      vertex 0.11513504724042488 -0.0016088109099958582 -0.015765749974562242
      vertex 0.11560336999433116 -0.0012803001652633972 -0.014344663441308789
    endloop
  endfacet
  facet normal 0.0 0.0 0.0
    outer loop
      vertex 0.11598538903729988 -0.0015711579270605957 -0.015632544354081398
      vertex 0.11636820153729985 -0.001973561200951938 -0.016889914994629576
      vertex 0.11554587487714361 -0.001720758334437404 -0.016143714819813033
    endloop
  endfacet
  facet normal 0.0 0.0 0.0
    outer loop
      vertex 0.11598538903729988 -0.0015711579270605957 -0.015632544354081398
      vertex 0.11554587487714361 -0.001720758334437404 -0.016143714819813033
      vertex 0.11513504724042488 -0.0016088109099958582 -0.015765749974562242
    endloop
  endfacet
  facet normal 0.0 0.0 0.0
    outer loop
      vertex 0.1272223885490186 -0.0024931934051654905 -0.018147123791279654
      vertex 0.12736704186933107 -0.003108014098153433 -0.019311598731612357
      vertex 0.12579343347089358 -0.002311162177971295 -0.017747002516354058
    endloop
  endfacet
  facet normal 0.0 0.0 0.0
    outer loop
      vertex 0.1272223885490186 -0.0024931934051654905 -0.018147123791279654
      vertex 0.12579343347089358 -0.002311162177971295 -0.017747002516354058
      vertex 0.1270778572990186 -0.001982797092747292 -0.01693321363221676
    endloop
  endfacet
  facet normal 0.0 0.0 0.0
    outer loop
      vertex 0.1269335091544874 -0.001580334476093248 -0.01567936579385452
      vertex 0.12422153405683112 -0.001701725491999519 -0.016098495634633243
      vertex 0.12678928308026866 -0.0012893310547875964 -0.014395072420827167
    endloop
  endfacet
  facet normal 0.0 0.0 0.0
    outer loop
      vertex 0.1269335091544874 -0.001580334476093248 -0.01567936579385452
      vertex 0.12612564782636235 -0.0018838457333377736 -0.01665742083995128
      vertex 0.12422153405683112 -0.001701725491999519 -0.016098495634633243
    endloop
  endfacet
  facet normal 0.0 0.0 0.0
    outer loop
      vertex 0.1269335091544874 -0.001580334476093248 -0.01567936579385452
      vertex 0.1270778572990186 -0.001982797092747292 -0.01693321363221676
      vertex 0.12612564782636235 -0.0018838457333377736 -0.01665742083995128
    endloop
  endfacet
  facet normal 0.0 0.0 0.0
    outer loop
      vertex 0.1297330086662061 -0.002272079573934563 -0.017656270129579026
      vertex 0.12736704186933107 -0.003108014098153433 -0.019311598731612357
      vertex 0.1272223885490186 -0.0024931934051654905 -0.018147123791279654
    endloop
  endfacet
  facet normal 0.0 0.0 0.0
    outer loop
      vertex 0.1297330086662061 -0.002272079573934563 -0.017656270129579026
      vertex 0.1272223885490186 -0.0024931934051654905 -0.018147123791279654
      vertex 0.1270778572990186 -0.001982797092747292 -0.01693321363221676
    endloop
  endfacet
  facet normal 0.0 0.0 0.0
    outer loop
      vertex 0.13106064538495607 -0.002430460012793173 -0.01801088090030777
      vertex 0.12736704186933107 -0.003108014098153433 -0.019311598731612357
      vertex 0.1297330086662061 -0.002272079573934563 -0.017656270129579026
    endloop
  endfacet
  facet normal 0.0 0.0 0.0
    outer loop
      vertex 0.13106064538495607 -0.002430460012793173 -0.01801088090030777
      vertex 0.1347507088615186 -0.0018816905120923764 -0.0166468928943682
      vertex 0.1387319100333936 -0.0023073696359549745 -0.017729744562000837
    endloop
  endfacet
  facet normal 0.0 0.0 0.0
    outer loop
      vertex 0.13106064538495607 -0.002430460012793173 -0.01801088090030777
      vertex 0.1387319100333936 -0.0023073696359549745 -0.017729744562000837
      vertex 0.12736704186933107 -0.003108014098153433 -0.019311598731612357
    endloop
  endfacet
  facet normal 0.0 0.0 0.0
    outer loop
      vertex 0.1952334359122999 -0.0016121772630806489 -0.015782711215103582
      vertex 0.1730724862052686 -0.0016959962180006637 -0.01606988163341787
      vertex 0.19606149987714366 -0.0012824958474839505 -0.014356936603596571
    endloop
  endfacet
  facet normal 0.0 0.0 0.0
    outer loop
      vertex 0.1952334359122999 -0.0016121772630806489 -0.015782711215103582
      vertex 0.19440537194745613 -0.0020790213824711987 -0.017169670265006005
      vertex 0.1730724862052686 -0.0016959962180006637 -0.01606988163341787
    endloop
  endfacet
  facet normal 0.0 0.0 0.0
    outer loop
      vertex 0.20234482507245613 -0.0017230376360054453 -0.016154852377414652
      vertex 0.1952334359122999 -0.0016121772630806489 -0.015782711215103582
      vertex 0.19606149987714366 -0.0012824958474839505 -0.014356936603596571
    endloop
  endfacet
  facet normal 0.0 0.0 0.0
    outer loop
      vertex 0.20234482507245613 -0.0017230376360054453 -0.016154852377414652
      vertex 0.19440537194745613 -0.0020790213824711987 -0.017169670265006005
      vertex 0.1952334359122999 -0.0016121772630806489 -0.015782711215103582
    endloop
  endfacet
  facet normal 0.0 0.0 0.0
    outer loop
      vertex 0.20234482507245613 -0.0017230376360054453 -0.016154852377414652
      vertex 0.21656827477948737 -0.001973644820300045 -0.01689005256194487
      vertex 0.19440537194745613 -0.0020790213824711987 -0.017169670265006005
    endloop
  endfacet
  facet normal 0.0 0.0 0.0
    outer loop
      vertex 0.20631467370526865 -0.0015723528745101723 -0.015638605408073634
      vertex 0.20234482507245613 -0.0017230376360054453 -0.016154852377414652
      vertex 0.19606149987714366 -0.0012824958474839505 -0.014356936603596571
    endloop
  endfacet
  facet normal 0.0 0.0 0.0
    outer loop
      vertex 0.20631467370526865 -0.0015723528745101723 -0.015638605408073634
      vertex 0.21656827477948737 -0.001973644820300045 -0.01689005256194487
      vertex 0.20234482507245613 -0.0017230376360054453 -0.016154852377414652
    endloop
  endfacet
  facet normal 0.0 0.0 0.0
    outer loop
      vertex 0.20631467370526865 -0.0015723528745101723 -0.015638605408073634
      vertex 0.19606149987714366 -0.0012824958474839505 -0.014356936603596571
      vertex 0.2633803475333937 -0.0016916938677052676 -0.016048531725837777
    endloop
  endfacet
  facet normal 0.0 0.0 0.0
    outer loop
      vertex 0.2268223641349561 -0.002482875856650682 -0.018101837171143834
      vertex 0.23707694177167485 -0.003096566339749019 -0.019264512946807484
      vertex 0.19440537194745613 -0.0020790213824711987 -0.017169670265006005
    endloop
  endfacet
  facet normal 0.0 0.0 0.0
    outer loop
      vertex 0.2268223641349561 -0.002482875856650682 -0.018101837171143834
      vertex 0.19440537194745613 -0.0020790213824711987 -0.017169670265006005
      vertex 0.21656827477948737 -0.001973644820300045 -0.01689005256194487
    endloop
  endfacet
  facet normal 0.0 0.0 0.0
    outer loop
      vertex 0.2390084603263624 -0.0021859597382612142 -0.017430025846774465
      vertex 0.23707694177167485 -0.003096566339749019 -0.019264512946807484
      vertex 0.2268223641349561 -0.002482875856650682 -0.018101837171143834
    endloop
  endfacet
  facet normal 0.0 0.0 0.0
    outer loop
      vertex 0.2390084603263624 -0.0021859597382612142 -0.017430025846774465
      vertex 0.21656827477948737 -0.001973644820300045 -0.01689005256194487
      vertex 0.20631467370526865 -0.0015723528745101723 -0.015638605408073634
    endloop
  endfacet
  facet normal 0.0 0.0 0.0
    outer loop
      vertex 0.2390084603263624 -0.0021859597382612142 -0.017430025846774465
      vertex 0.20631467370526865 -0.0015723528745101723 -0.015638605408073634
      vertex 0.2633803475333937 -0.0016916938677052676 -0.016048531725837777
    endloop
  endfacet
  facet normal 0.0 0.0 0.0
    outer loop
      vertex 0.2390084603263624 -0.0021859597382612142 -0.017430025846774465
      vertex 0.2268223641349561 -0.002482875856650682 -0.018101837171143834
      vertex 0.21656827477948737 -0.001973644820300045 -0.01689005256194487
    endloop
  endfacet
  facet normal 0.0 0.0 0.0
    outer loop
      vertex 0.2502288582755811 -0.0023001082397194656 -0.017697321834380327
      vertex 0.23707694177167485 -0.003096566339749019 -0.019264512946807484
      vertex 0.2390084603263624 -0.0021859597382612142 -0.017430025846774465
    endloop
  endfacet
  facet normal 0.0 0.0 0.0
    outer loop
      vertex 0.2502288582755811 -0.0023001082397194656 -0.017697321834380327
      vertex 0.2390084603263624 -0.0021859597382612142 -0.017430025846774465
      vertex 0.2633803475333937 -0.0016916938677052676 -0.016048531725837777
    endloop
  endfacet
  facet normal 0.0 0.0 0.0
    outer loop
      vertex 0.2658332283927687 -0.0023588845487789224 -0.01782898184563287
      vertex 0.2970409920646437 -0.002088508132309497 -0.017185706297929225
      vertex 0.2970410530997999 -0.0022126208231052252 -0.017490771256597263
    endloop
  endfacet
  facet normal 0.0 0.0 0.0
    outer loop
      vertex 0.2658332283927687 -0.0023588845487789224 -0.01782898184563287
      vertex 0.29704086999433116 -0.0019710903841060282 -0.016878003283719197
      vertex 0.2970409920646437 -0.002088508132309497 -0.017185706297929225
    endloop
  endfacet
  facet normal 0.0 0.0 0.0
    outer loop
      vertex 0.2658332283927687 -0.0023588845487789224 -0.01782898184563287
      vertex 0.2633803475333937 -0.0016916938677052676 -0.016048531725837777
      vertex 0.29704086999433116 -0.0019710903841060282 -0.016878003283719197
    endloop
  endfacet
  facet normal 0.0 0.0 0.0
    outer loop
      vertex 0.2658332283927687 -0.0023588845487789224 -0.01782898184563287
      vertex 0.2970410530997999 -0.0022126208231052252 -0.017490771256597263
      vertex 0.29704111413495615 -0.002343374508527118 -0.017793047105418246
    endloop
  endfacet
  facet normal 0.0 0.0 0.0
    outer loop
      vertex 0.2658332283927687 -0.0023588845487789224 -0.01782898184563287
      vertex 0.23707694177167485 -0.003096566339749019 -0.019264512946807484
      vertex 0.2502288582755811 -0.0023001082397194656 -0.017697321834380327
    endloop
  endfacet
  facet normal 0.0 0.0 0.0
    outer loop
      vertex 0.2658332283927687 -0.0023588845487789224 -0.01782898184563287
      vertex 0.2970411751701124 -0.002480715240609082 -0.018092382790087104
      vertex 0.23707694177167485 -0.003096566339749019 -0.019264512946807484
    endloop
  endfacet
  facet normal 0.0 0.0 0.0
    outer loop
      vertex 0.2658332283927687 -0.0023588845487789224 -0.01782898184563287
      vertex 0.29704111413495615 -0.002343374508527118 -0.017793047105418246
      vertex 0.2970411751701124 -0.002480715240609082 -0.018092382790087104
    endloop
  endfacet
  facet normal 0.0 0.0 0.0
    outer loop
      vertex 0.2658332283927687 -0.0023588845487789224 -0.01782898184563287
      vertex 0.2502288582755811 -0.0023001082397194656 -0.017697321834380327
      vertex 0.2633803475333937 -0.0016916938677052676 -0.016048531725837777
    endloop
  endfacet
  facet normal 0.0 0.0 0.0
    outer loop
      vertex 0.12781815270917488 -0.0016510872336254606 -0.015929614224174517
      vertex 0.1269335091544874 -0.001580334476093248 -0.01567936579385452
      vertex 0.12678928308026866 -0.0012893310547875964 -0.014395072420827167
    endloop
  endfacet
  facet normal 0.0 0.0 0.0
    outer loop
      vertex 0.12781815270917488 -0.0016510872336254606 -0.015929614224174517
      vertex 0.1270778572990186 -0.001982797092747292 -0.01693321363221676
      vertex 0.1269335091544874 -0.001580334476093248 -0.01567936579385452
    endloop
  endfacet
  facet normal 0.0 0.0 0.0
    outer loop
      vertex 0.12826053552167485 -0.0016880577747896445 -0.016054109945529523
      vertex 0.1270778572990186 -0.001982797092747292 -0.01693321363221676
      vertex 0.12781815270917488 -0.0016510872336254606 -0.015929614224174517
    endloop
  endfacet
  facet normal 0.0 0.0 0.0
    outer loop
      vertex 0.12826053552167485 -0.0016880577747896445 -0.016054109945529523
      vertex 0.12781815270917488 -0.0016510872336254606 -0.015929614224174517
      vertex 0.12678928308026866 -0.0012893310547875964 -0.014395072420827167
    endloop
  endfacet
  facet normal 0.0 0.0 0.0
    outer loop
      vertex 0.12826053552167485 -0.0016880577747896445 -0.016054109945529523
      vertex 0.1297330086662061 -0.002272079573934563 -0.017656270129579026
      vertex 0.1270778572990186 -0.001982797092747292 -0.01693321363221676
    endloop
  endfacet
  facet normal 0.0 0.0 0.0
    outer loop
      vertex 0.1304240487052686 -0.0017500305008400776 -0.01625377946023816
      vertex 0.1297330086662061 -0.002272079573934563 -0.017656270129579026
      vertex 0.12826053552167485 -0.0016880577747896445 -0.016054109945529523
    endloop
  endfacet
  facet normal 0.0 0.0 0.0
    outer loop
      vertex 0.1304240487052686 -0.0017500305008400776 -0.01625377946023816
      vertex 0.12678928308026866 -0.0012893310547875964 -0.014395072420827167
      vertex 0.1347507088615186 -0.0018816905120923764 -0.0166468928943682
    endloop
  endfacet
  facet normal 0.0 0.0 0.0
    outer loop
      vertex 0.1304240487052686 -0.0017500305008400776 -0.01625377946023816
      vertex 0.12826053552167485 -0.0016880577747896445 -0.016054109945529523
      vertex 0.12678928308026866 -0.0012893310547875964 -0.014395072420827167
    endloop
  endfacet
  facet normal 0.0 0.0 0.0
    outer loop
      vertex 0.1304240487052686 -0.0017500305008400776 -0.01625377946023816
      vertex 0.13106064538495607 -0.002430460012793173 -0.01801088090030777
      vertex 0.1297330086662061 -0.002272079573934563 -0.017656270129579026
    endloop
  endfacet
  facet normal 0.0 0.0 0.0
    outer loop
      vertex 0.1304240487052686 -0.0017500305008400776 -0.01625377946023816
      vertex 0.1347507088615186 -0.0018816905120923764 -0.0166468928943682
      vertex 0.13106064538495607 -0.002430460012793173 -0.01801088090030777
    endloop
  endfacet
  facet normal 0.0 0.0 0.0
    outer loop
      vertex 0.3703410408927688 -0.0002057726688008099 -0.005549421330483619
      vertex 0.36970011071698766 -0.00017357112783933015 -0.00529987422372285
      vertex 0.37013114099042516 -0.00014646227487712603 -0.0048688353694288505
    endloop
  endfacet
  facet normal 0.0 0.0 0.0
    outer loop
      vertex 0.3749795906974564 -0.000779271917159126 -0.002168345846274535
      vertex 0.3744253914787064 -0.000570169600578994 -0.0018223667501208415
      vertex 0.37499924401776896 -0.0007633626619580221 -0.0014643734419180464
    endloop
  endfacet
  facet normal 0.0 0.0 0.0
    outer loop
      vertex 0.3741111824943313 -0.0010528258688316829 -0.0069742680369738975
      vertex 0.37349845056073755 -0.0008351377334476991 -0.006747942832218267
      vertex 0.3743490364982376 -0.0009869904684089393 -0.006170435249979216
    endloop
  endfacet
  facet normal 0.0 0.0 0.0
    outer loop
      vertex 0.37176261071698763 -0.00026289007790278253 -0.004925429483259732
      vertex 0.37225028161542506 -0.0004905828635988873 -0.006280424363251513
      vertex 0.3716174691154251 -0.00036444442667632736 -0.006040212952023299
    endloop
  endfacet
  facet normal 0.0 0.0 0.0
    outer loop
      vertex 0.37176261071698763 -0.00026289007790278253 -0.004925429483259732
      vertex 0.3716174691154251 -0.00036444442667632736 -0.006040212952023299
      vertex 0.3709805672599563 -0.0002694420583848869 -0.005796373540075271
    endloop
  endfacet
  facet normal 0.0 0.0 0.0
    outer loop
      vertex 0.37176261071698763 -0.00026289007790278253 -0.004925429483259732
      vertex 0.3709805672599563 -0.0002694420583848869 -0.005796373540075271
      vertex 0.3703410408927688 -0.0002057726688008099 -0.005549421330483619
    endloop
  endfacet
  facet normal 0.0 0.0 0.0
    outer loop
      vertex 0.37176261071698763 -0.00026289007790278253 -0.004925429483259732
      vertex 0.3703410408927688 -0.0002057726688008099 -0.005549421330483619
      vertex 0.37013114099042516 -0.00014646227487712603 -0.0048688353694288505
    endloop
  endfacet
  facet normal 0.0 0.0 0.0
    outer loop
      vertex 0.3731656258537064 -0.0005299352074661217 -0.005179683550062213
      vertex 0.37349845056073755 -0.0008351377334476991 -0.006747942832218267
      vertex 0.37287772302167504 -0.0006475903267204024 -0.00651649796548032
    endloop
  endfacet
  facet normal 0.0 0.0 0.0
    outer loop
      vertex 0.3731656258537064 -0.0005299352074661217 -0.005179683550062213
      vertex 0.37287772302167504 -0.0006475903267204024 -0.00651649796548032
      vertex 0.37225028161542506 -0.0004905828635988873 -0.006280424363251513
    endloop
  endfacet
  facet normal 0.0 0.0 0.0
    outer loop
      vertex 0.3731656258537064 -0.0005299352074661217 -0.005179683550062213
      vertex 0.37225028161542506 -0.0004905828635988873 -0.006280424363251513
      vertex 0.37176261071698763 -0.00026289007790278253 -0.004925429483259732
    endloop
  endfacet
  facet normal 0.0 0.0 0.0
    outer loop
      vertex 0.37156619958417514 -0.00010524333138305764 -0.003646501235460418
      vertex 0.37099362878339387 -9.913911901952388e-05 -0.0040063530510951505
      vertex 0.37142508630292514 -7.892751352243055e-05 -0.0035749338636401886
    endloop
  endfacet
  facet normal 0.0 0.0 0.0
    outer loop
      vertex 0.37156619958417514 -0.00010524333138305764 -0.003646501235460418
      vertex 0.37142508630292514 -7.892751352243055e-05 -0.0035749338636401886
      vertex 0.37203824548261266 -0.00011304420728024533 -0.0032319920379776045
    endloop
  endfacet
  facet normal 0.0 0.0 0.0
    outer loop
      vertex 0.37216678552167515 -0.0001673455325521054 -0.0035039410376588756
      vertex 0.37203824548261266 -0.00011304420728024533 -0.0032319920379776045
      vertex 0.37264621667401887 -0.00017940829777071476 -0.002884494306578387
    endloop
  endfacet
  facet normal 0.0 0.0 0.0
    outer loop
      vertex 0.37216678552167515 -0.0001673455325521054 -0.0035039410376588756
      vertex 0.37156619958417514 -0.00010524333138305764 -0.003646501235460418
      vertex 0.37203824548261266 -0.00011304420728024533 -0.0032319920379776045
    endloop
  endfacet
  facet normal 0.0 0.0 0.0
    outer loop
      vertex 0.37216678552167515 -0.0001673455325521054 -0.0035039410376588756
      vertex 0.37099362878339387 -9.913911901952388e-05 -0.0040063530510951505
      vertex 0.37156619958417514 -0.00010524333138305764 -0.003646501235460418
    endloop
  endfacet
  facet normal 0.0 0.0 0.0
    outer loop
      vertex 0.37279770593183137 -0.00025621941189527366 -0.003310618501161237
      vertex 0.37264621667401887 -0.00017940829777071476 -0.002884494306578387
      vertex 0.3732475960685501 -0.0002778714280870815 -0.002533209427959374
    endloop
  endfacet
  facet normal 0.0 0.0 0.0
    outer loop
      vertex 0.37279770593183137 -0.00025621941189527366 -0.003310618501161237
      vertex 0.37216678552167515 -0.0001673455325521054 -0.0035039410376588756
      vertex 0.37264621667401887 -0.00017940829777071476 -0.002884494306578387
    endloop
  endfacet
  facet normal 0.0 0.0 0.0
    outer loop
      vertex 0.37279770593183137 -0.00025621941189527366 -0.003310618501161237
      vertex 0.37222757653730015 -0.00023223684356820672 -0.00401976181806782
      vertex 0.37216678552167515 -0.0001673455325521054 -0.0035039410376588756
    endloop
  endfacet
  facet normal 0.0 0.0 0.0
    outer loop
      vertex 0.37279770593183137 -0.00025621941189527366 -0.003310618501161237
      vertex 0.37354300622480013 -0.0004783447674904848 -0.003921967642531047
      vertex 0.37222757653730015 -0.00023223684356820672 -0.00401976181806782
    endloop
  endfacet
  facet normal 0.0 0.0 0.0
    outer loop
      vertex 0.3714167855216751 -0.00016162974554444754 -0.00428165761426747
      vertex 0.37013114099042516 -0.00014646227487712603 -0.0048688353694288505
      vertex 0.3705623543693314 -0.00012165160527052433 -0.004437656250423009
    endloop
  endfacet
  facet normal 0.0 0.0 0.0
    outer loop
      vertex 0.3714167855216751 -0.00016162974554444754 -0.00428165761426747
      vertex 0.3705623543693314 -0.00012165160527052433 -0.004437656250423009
      vertex 0.37099362878339387 -9.913911901952388e-05 -0.0040063530510951505
    endloop
  endfacet
  facet normal 0.0 0.0 0.0
    outer loop
      vertex 0.3714167855216751 -0.00016162974554444754 -0.00428165761426747
      vertex 0.37222757653730015 -0.00023223684356820672 -0.00401976181806782
      vertex 0.37176261071698763 -0.00026289007790278253 -0.004925429483259732
    endloop
  endfacet
  facet normal 0.0 0.0 0.0
    outer loop
      vertex 0.3714167855216751 -0.00016162974554444754 -0.00428165761426747
      vertex 0.37176261071698763 -0.00026289007790278253 -0.004925429483259732
      vertex 0.37013114099042516 -0.00014646227487712603 -0.0048688353694288505
    endloop
  endfacet
  facet normal 0.0 0.0 0.0
    outer loop
      vertex 0.3714167855216751 -0.00016162974554444754 -0.00428165761426747
      vertex 0.37216678552167515 -0.0001673455325521054 -0.0035039410376588756
      vertex 0.37222757653730015 -0.00023223684356820672 -0.00401976181806782
    endloop
  endfacet
  facet normal 0.0 0.0 0.0
    outer loop
      vertex 0.3714167855216751 -0.00016162974554444754 -0.00428165761426747
      vertex 0.37099362878339387 -9.913911901952388e-05 -0.0040063530510951505
      vertex 0.37216678552167515 -0.0001673455325521054 -0.0035039410376588756
    endloop
  endfacet
  facet normal 0.0 0.0 0.0
    outer loop
      vertex 0.3734229500724564 -0.0003738988077343035 -0.0031143315239267368
      vertex 0.3732475960685501 -0.0002778714280870815 -0.002533209427959374
      vertex 0.37384110192792513 -0.00040822050376327365 -0.0021789061606374053
    endloop
  endfacet
  facet normal 0.0 0.0 0.0
    outer loop
      vertex 0.3734229500724564 -0.0003738988077343035 -0.0031143315239267368
      vertex 0.37354300622480013 -0.0004783447674904848 -0.003921967642531047
      vertex 0.37279770593183137 -0.00025621941189527366 -0.003310618501161237
    endloop
  endfacet
  facet normal 0.0 0.0 0.0
    outer loop
      vertex 0.3734229500724564 -0.0003738988077343035 -0.0031143315239267368
      vertex 0.37279770593183137 -0.00025621941189527366 -0.003310618501161237
      vertex 0.3732475960685501 -0.0002778714280870815 -0.002533209427959374
    endloop
  endfacet
  facet normal 0.0 0.0 0.0
    outer loop
      vertex 0.3740413582755814 -0.0005201625334082094 -0.00291546853131125
      vertex 0.3749795906974564 -0.000779271917159126 -0.002168345846274535
      vertex 0.3749334481193314 -0.0008012152523678373 -0.0028692728879450213
    endloop
  endfacet
  facet normal 0.0 0.0 0.0
    outer loop
      vertex 0.3740413582755814 -0.0005201625334082094 -0.00291546853131125
      vertex 0.37384110192792513 -0.00040822050376327365 -0.0021789061606374053
      vertex 0.3744253914787064 -0.000570169600578994 -0.0018223667501208415
    endloop
  endfacet
  facet normal 0.0 0.0 0.0
    outer loop
      vertex 0.3740413582755814 -0.0005201625334082094 -0.00291546853131125
      vertex 0.37354300622480013 -0.0004783447674904848 -0.003921967642531047
      vertex 0.3734229500724564 -0.0003738988077343035 -0.0031143315239267368
    endloop
  endfacet
  facet normal 0.0 0.0 0.0
    outer loop
      vertex 0.3740413582755814 -0.0005201625334082094 -0.00291546853131125
      vertex 0.3734229500724564 -0.0003738988077343035 -0.0031143315239267368
      vertex 0.37384110192792513 -0.00040822050376327365 -0.0021789061606374053
    endloop
  endfacet
  facet normal 0.0 0.0 0.0
    outer loop
      vertex 0.3740413582755814 -0.0005201625334082094 -0.00291546853131125
      vertex 0.3744253914787064 -0.000570169600578994 -0.0018223667501208415
      vertex 0.3749795906974564 -0.000779271917159126 -0.002168345846274535
    endloop
  endfacet
  facet normal 0.0 0.0 0.0
    outer loop
      vertex 0.37269376306073765 -0.00035964036029566905 -0.004506787871574131
      vertex 0.37176261071698763 -0.00026289007790278253 -0.004925429483259732
      vertex 0.37222757653730015 -0.00023223684356820672 -0.00401976181806782
    endloop
  endfacet
  facet normal 0.0 0.0 0.0
    outer loop
      vertex 0.37269376306073765 -0.00035964036029566905 -0.004506787871574131
      vertex 0.37354300622480013 -0.0004783447674904848 -0.003921967642531047
      vertex 0.3731656258537064 -0.0005299352074661217 -0.005179683550062213
    endloop
  endfacet
  facet normal 0.0 0.0 0.0
    outer loop
      vertex 0.37269376306073765 -0.00035964036029566905 -0.004506787871574131
      vertex 0.3731656258537064 -0.0005299352074661217 -0.005179683550062213
      vertex 0.37176261071698763 -0.00026289007790278253 -0.004925429483259732
    endloop
  endfacet
  facet normal 0.0 0.0 0.0
    outer loop
      vertex 0.37269376306073765 -0.00035964036029566905 -0.004506787871574131
      vertex 0.37222757653730015 -0.00023223684356820672 -0.00401976181806782
      vertex 0.37354300622480013 -0.0004783447674904848 -0.003921967642531047
    endloop
  endfacet
  facet normal 0.0 0.0 0.0
    outer loop
      vertex 0.37426187829511265 -0.0006278372789351145 -0.0034511124918614176
      vertex 0.37484342126386266 -0.0008353724071002175 -0.003705447480613024
      vertex 0.37471591882245636 -0.0008779103783652915 -0.00453513483035823
    endloop
  endfacet
  facet normal 0.0 0.0 0.0
    outer loop
      vertex 0.37426187829511265 -0.0006278372789351145 -0.0034511124918614176
      vertex 0.3749334481193314 -0.0008012152523678373 -0.0028692728879450213
      vertex 0.37484342126386266 -0.0008353724071002175 -0.003705447480613024
    endloop
  endfacet
  facet normal 0.0 0.0 0.0
    outer loop
      vertex 0.37426187829511265 -0.0006278372789351145 -0.0034511124918614176
      vertex 0.37354300622480013 -0.0004783447674904848 -0.003921967642531047
      vertex 0.3740413582755814 -0.0005201625334082094 -0.00291546853131125
    endloop
  endfacet
  facet normal 0.0 0.0 0.0
    outer loop
      vertex 0.37426187829511265 -0.0006278372789351145 -0.0034511124918614176
      vertex 0.3740413582755814 -0.0005201625334082094 -0.00291546853131125
      vertex 0.3749334481193314 -0.0008012152523678373 -0.0028692728879450213
    endloop
  endfacet
  facet normal 0.0 0.0 0.0
    outer loop
      vertex 0.37396182946698764 -0.0006933921499341684 -0.004905919201321896
      vertex 0.3745510628654251 -0.0009285621237308943 -0.0053571669637147035
      vertex 0.3743490364982376 -0.0009869904684089393 -0.006170435249979216
    endloop
  endfacet
  facet normal 0.0 0.0 0.0
    outer loop
      vertex 0.37396182946698764 -0.0006933921499341684 -0.004905919201321896
      vertex 0.37471591882245636 -0.0008779103783652915 -0.00453513483035823
      vertex 0.3745510628654251 -0.0009285621237308943 -0.0053571669637147035
    endloop
  endfacet
  facet normal 0.0 0.0 0.0
    outer loop
      vertex 0.37396182946698764 -0.0006933921499341684 -0.004905919201321896
      vertex 0.37426187829511265 -0.0006278372789351145 -0.0034511124918614176
      vertex 0.37471591882245636 -0.0008779103783652915 -0.00453513483035823
    endloop
  endfacet
  facet normal 0.0 0.0 0.0
    outer loop
      vertex 0.37396182946698764 -0.0006933921499341684 -0.004905919201321896
      vertex 0.3731656258537064 -0.0005299352074661217 -0.005179683550062213
      vertex 0.37354300622480013 -0.0004783447674904848 -0.003921967642531047
    endloop
  endfacet
  facet normal 0.0 0.0 0.0
    outer loop
      vertex 0.37396182946698764 -0.0006933921499341684 -0.004905919201321896
      vertex 0.37349845056073755 -0.0008351377334476991 -0.006747942832218267
      vertex 0.3731656258537064 -0.0005299352074661217 -0.005179683550062213
    endloop
  endfacet
  facet normal 0.0 0.0 0.0
    outer loop
      vertex 0.37396182946698764 -0.0006933921499341684 -0.004905919201321896
      vertex 0.3743490364982376 -0.0009869904684089393 -0.006170435249979216
      vertex 0.37349845056073755 -0.0008351377334476991 -0.006747942832218267
    endloop
  endfacet
  facet normal 0.0 0.0 0.0
    outer loop
      vertex 0.37396182946698764 -0.0006933921499341684 -0.004905919201321896
      vertex 0.37354300622480013 -0.0004783447674904848 -0.003921967642531047
      vertex 0.37426187829511265 -0.0006278372789351145 -0.0034511124918614176
    endloop
  endfacet
  facet normal 0.0 0.0 0.0
    outer loop
      vertex 0.357865821166206 -0.003088552369386562 -0.019233063979975134
      vertex 0.3570024788810498 -0.003093699005351921 -0.019252862883531598
      vertex 0.35700241784589354 -0.002773733618448736 -0.018677140978970243
    endloop
  endfacet
  facet normal 0.0 0.0 0.0
    outer loop
      vertex 0.3570023568107374 -0.0024793449622706907 -0.01808792668808879
      vertex 0.357865821166206 -0.003088552369386562 -0.019233063979975134
      vertex 0.35700241784589354 -0.002773733618448736 -0.018677140978970243
    endloop
  endfacet
  facet normal 0.0 0.0 0.0
    outer loop
      vertex 0.35739774255292495 -0.0012773950672908328 -0.014328843200255974
      vertex 0.3570019905998 -0.0014092331068312118 -0.014980038309382753
      vertex 0.35700186852948745 -0.0012784713292144049 -0.014334483460111092
    endloop
  endfacet
  facet normal 0.0 0.0 0.0
    outer loop
      vertex 0.3577934334708937 -0.0012742094398929887 -0.01431198715824993
      vertex 0.3570019905998 -0.0014092331068312118 -0.014980038309382753
      vertex 0.35739774255292495 -0.0012773950672908328 -0.014328843200255974
    endloop
  endfacet
  facet normal 0.0 0.0 0.0
    outer loop
      vertex 0.3577934334708937 -0.0012742094398929887 -0.01431198715824993
      vertex 0.3570020516349562 -0.0015682177629100656 -0.015619224601257024
      vertex 0.3570019905998 -0.0014092331068312118 -0.014980038309382753
    endloop
  endfacet
  facet normal 0.0 0.0 0.0
    outer loop
      vertex 0.37349845056073755 -0.0008351377334476991 -0.006747942832218267
      vertex 0.3739110482169875 -0.0011057569157647547 -0.007557081401678298
      vertex 0.3736925423576125 -0.0011617764837567055 -0.00812745706279974
    endloop
  endfacet
  facet normal 0.0 0.0 0.0
    outer loop
      vertex 0.37349845056073755 -0.0008351377334476991 -0.006747942832218267
      vertex 0.3741111824943313 -0.0010528258688316829 -0.0069742680369738975
      vertex 0.3739110482169875 -0.0011057569157647547 -0.007557081401678298
    endloop
  endfacet
  facet normal 0.0 0.0 0.0
    outer loop
      vertex 0.3695137093498001 -0.00021080601403736888 -0.005839731520424948
      vertex 0.3703410408927688 -0.0002057726688008099 -0.005549421330483619
      vertex 0.36930484704511257 -0.00025063040260791733 -0.006366085641213731
    endloop
  endfacet
  facet normal 0.0 0.0 0.0
    outer loop
      vertex 0.36970011071698766 -0.00017357112783933015 -0.00529987422372285
      vertex 0.3703410408927688 -0.0002057726688008099 -0.005549421330483619
      vertex 0.3695137093498001 -0.00021080601403736888 -0.005839731520424948
    endloop
  endfacet
  facet normal 0.0 0.0 0.0
    outer loop
      vertex 0.3590096199943312 -0.002270593307470186 -0.017570031608383573
      vertex 0.3587284920646435 -0.0030732958845752006 -0.01917349463581422
      vertex 0.357865821166206 -0.003088552369386562 -0.019233063979975134
    endloop
  endfacet
  facet normal 0.0 0.0 0.0
    outer loop
      vertex 0.3590096199943312 -0.002270593307470186 -0.017570031608383573
      vertex 0.3595892708732373 -0.003048161527172038 -0.019073545239031986
      vertex 0.3587284920646435 -0.0030732958845752006 -0.01917349463581422
    endloop
  endfacet
  facet normal 0.0 0.0 0.0
    outer loop
      vertex 0.3590096199943312 -0.002270593307470186 -0.017570031608383573
      vertex 0.3604470589591748 -0.0030133408124567076 -0.018932619664603093
      vertex 0.3595892708732373 -0.003048161527172038 -0.019073545239031986
    endloop
  endfacet
  facet normal 0.0 0.0 0.0
    outer loop
      vertex 0.3590096199943312 -0.002270593307470186 -0.017570031608383573
      vertex 0.3570022957755812 -0.0022111102800549906 -0.01748635831297183
      vertex 0.35700217370526866 -0.0019695420774795275 -0.016873595734890372
    endloop
  endfacet
  facet normal 0.0 0.0 0.0
    outer loop
      vertex 0.3590096199943312 -0.002270593307470186 -0.017570031608383573
      vertex 0.3570023568107374 -0.0024793449622706907 -0.01808792668808879
      vertex 0.3570022957755812 -0.0022111102800549906 -0.01748635831297183
    endloop
  endfacet
  facet normal 0.0 0.0 0.0
    outer loop
      vertex 0.3590096199943312 -0.002270593307470186 -0.017570031608383573
      vertex 0.357865821166206 -0.003088552369386562 -0.019233063979975134
      vertex 0.3570023568107374 -0.0024793449622706907 -0.01808792668808879
    endloop
  endfacet
  facet normal 0.0 0.0 0.0
    outer loop
      vertex 0.35883743981854993 -0.0016673633349975274 -0.015932101225415496
      vertex 0.3570020516349562 -0.0015682177629100656 -0.015619224601257024
      vertex 0.3577934334708937 -0.0012742094398929887 -0.01431198715824993
    endloop
  endfacet
  facet normal 0.0 0.0 0.0
    outer loop
      vertex 0.35883743981854993 -0.0016673633349975274 -0.015932101225415496
      vertex 0.3570021126701124 -0.0017551070044510117 -0.016250817716903572
      vertex 0.3570020516349562 -0.0015682177629100656 -0.015619224601257024
    endloop
  endfacet
  facet normal 0.0 0.0 0.0
    outer loop
      vertex 0.35883743981854993 -0.0016673633349975274 -0.015932101225415496
      vertex 0.35700217370526866 -0.0019695420774795275 -0.016873595734890372
      vertex 0.3570021126701124 -0.0017551070044510117 -0.016250817716903572
    endloop
  endfacet
  facet normal 0.0 0.0 0.0
    outer loop
      vertex 0.35883743981854993 -0.0016673633349975274 -0.015932101225415496
      vertex 0.35921378259198744 -0.0012458516915157159 -0.014157542223517908
      vertex 0.3596842415763625 -0.0012307192870263685 -0.014073162209750375
    endloop
  endfacet
  facet normal 0.0 0.0 0.0
    outer loop
      vertex 0.35883743981854993 -0.0016673633349975274 -0.015932101225415496
      vertex 0.35874155358808124 -0.001258186893963094 -0.014225411462262387
      vertex 0.35921378259198744 -0.0012458516915157159 -0.014157542223517908
    endloop
  endfacet
  facet normal 0.0 0.0 0.0
    outer loop
      vertex 0.35883743981854993 -0.0016673633349975274 -0.015932101225415496
      vertex 0.3582679818107375 -0.0012676574594108817 -0.014276864334924476
      vertex 0.35874155358808124 -0.001258186893963094 -0.014225411462262387
    endloop
  endfacet
  facet normal 0.0 0.0 0.0
    outer loop
      vertex 0.35883743981854993 -0.0016673633349975274 -0.015932101225415496
      vertex 0.3577934334708937 -0.0012742094398929887 -0.01431198715824993
      vertex 0.3582679818107375 -0.0012676574594108817 -0.014276864334924476
    endloop
  endfacet
  facet normal 0.0 0.0 0.0
    outer loop
      vertex 0.35883743981854993 -0.0016673633349975274 -0.015932101225415496
      vertex 0.3590096199943312 -0.002270593307470186 -0.017570031608383573
      vertex 0.35700217370526866 -0.0019695420774795275 -0.016873595734890372
    endloop
  endfacet
  facet normal 0.0 0.0 0.0
    outer loop
      vertex 0.3610011971427687 -0.0021905803815579655 -0.017211409806375807
      vertex 0.36130063561933107 -0.0029690657166834126 -0.018750097510917465
      vertex 0.3604470589591748 -0.0030133408124567076 -0.018932619664603093
    endloop
  endfacet
  facet normal 0.0 0.0 0.0
    outer loop
      vertex 0.3610011971427687 -0.0021905803815579655 -0.017211409806375807
      vertex 0.36214884118573737 -0.002915538544725007 -0.018525382652949767
      vertex 0.36130063561933107 -0.0029690657166834126 -0.018750097510917465
    endloop
  endfacet
  facet normal 0.0 0.0 0.0
    outer loop
      vertex 0.3610011971427687 -0.0021905803815579655 -0.017211409806375807
      vertex 0.3604470589591748 -0.0030133408124567076 -0.018932619664603093
      vertex 0.3590096199943312 -0.002270593307470186 -0.017570031608383573
    endloop
  endfacet
  facet normal 0.0 0.0 0.0
    outer loop
      vertex 0.3606570809318312 -0.0016009992445070748 -0.015601856053573143
      vertex 0.35883743981854993 -0.0016673633349975274 -0.015932101225415496
      vertex 0.3596842415763625 -0.0012307192870263685 -0.014073162209750375
    endloop
  endfacet
  facet normal 0.0 0.0 0.0
    outer loop
      vertex 0.3606570809318312 -0.0016009992445070748 -0.015601856053573143
      vertex 0.3606180794669875 -0.0011923056377691808 -0.013854486826586894
      vertex 0.3610806649162062 -0.0011691538681199677 -0.013720008034106222
    endloop
  endfacet
  facet normal 0.0 0.0 0.0
    outer loop
      vertex 0.3606570809318312 -0.0016009992445070748 -0.015601856053573143
      vertex 0.36015250329511245 -0.0012128517206560563 -0.013972171617222522
      vertex 0.3606180794669875 -0.0011923056377691808 -0.013854486826586894
    endloop
  endfacet
  facet normal 0.0 0.0 0.0
    outer loop
      vertex 0.3606570809318312 -0.0016009992445070748 -0.015601856053573143
      vertex 0.3596842415763625 -0.0012307192870263685 -0.014073162209750375
      vertex 0.36015250329511245 -0.0012128517206560563 -0.013972171617222522
    endloop
  endfacet
  facet normal 0.0 0.0 0.0
    outer loop
      vertex 0.36295847253339364 -0.002061180790085045 -0.016604354923107124
      vertex 0.3629905770255812 -0.002852980483242475 -0.01825786547868313
      vertex 0.36214884118573737 -0.002915538544725007 -0.018525382652949767
    endloop
  endfacet
  facet normal 0.0 0.0 0.0
    outer loop
      vertex 0.36295847253339364 -0.002061180790085045 -0.016604354923107124
      vertex 0.36382456140058117 -0.002781601929303582 -0.017946936376100696
      vertex 0.3629905770255812 -0.002852980483242475 -0.01825786547868313
    endloop
  endfacet
  facet normal 0.0 0.0 0.0
    outer loop
      vertex 0.36295847253339364 -0.002061180790085045 -0.016604354923107124
      vertex 0.36456760339276867 -0.0027099940965087904 -0.01762948766181581
      vertex 0.36382456140058117 -0.002781601929303582 -0.017946936376100696
    endloop
  endfacet
  facet normal 0.0 0.0 0.0
    outer loop
      vertex 0.36295847253339364 -0.002061180790085045 -0.016604354923107124
      vertex 0.36214884118573737 -0.002915538544725007 -0.018525382652949767
      vertex 0.3610011971427687 -0.0021905803815579655 -0.017211409806375807
    endloop
  endfacet
  facet normal 0.0 0.0 0.0
    outer loop
      vertex 0.3624424813224562 -0.0014940474017258421 -0.015044406325127838
      vertex 0.3606570809318312 -0.0016009992445070748 -0.015601856053573143
      vertex 0.3610806649162062 -0.0011691538681199677 -0.013720008034106222
    endloop
  endfacet
  facet normal 0.0 0.0 0.0
    outer loop
      vertex 0.3624424813224562 -0.0014940474017258421 -0.015044406325127838
      vertex 0.3624457772208937 -0.0010846362870388982 -0.013214912109356778
      vertex 0.36289194421308124 -0.0010516525005690633 -0.013012348286267244
    endloop
  endfacet
  facet normal 0.0 0.0 0.0
    outer loop
      vertex 0.3624424813224562 -0.0014940474017258421 -0.015044406325127838
      vertex 0.361994910521675 -0.0011152544551955134 -0.013400317781830132
      vertex 0.3624457772208937 -0.0010846362870388982 -0.013214912109356778
    endloop
  endfacet
  facet normal 0.0 0.0 0.0
    outer loop
      vertex 0.3624424813224562 -0.0014940474017258421 -0.015044406325127838
      vertex 0.3615397713615187 -0.0011434449648779009 -0.013568654317831363
      vertex 0.361994910521675 -0.0011152544551955134 -0.013400317781830132
    endloop
  endfacet
  facet normal 0.0 0.0 0.0
    outer loop
      vertex 0.3624424813224562 -0.0014940474017258421 -0.015044406325127838
      vertex 0.3610806649162062 -0.0011691538681199677 -0.013720008034106222
      vertex 0.3615397713615187 -0.0011434449648779009 -0.013568654317831363
    endloop
  endfacet
  facet normal 0.0 0.0 0.0
    outer loop
      vertex 0.3648628304435499 -0.001885620621423839 -0.015741055293087114
      vertex 0.36522952966229993 -0.0026397133836799096 -0.017312934483768076
      vertex 0.36456760339276867 -0.0027099940965087904 -0.01762948766181581
    endloop
  endfacet
  facet normal 0.0 0.0 0.0
    outer loop
      vertex 0.3648628304435499 -0.001885620621423839 -0.015741055293087114
      vertex 0.3658843148185499 -0.002564035176843329 -0.01696681512290256
      vertex 0.36522952966229993 -0.0026397133836799096 -0.017312934483768076
    endloop
  endfacet
  facet normal 0.0 0.0 0.0
    outer loop
      vertex 0.3648628304435499 -0.001885620621423839 -0.015741055293087114
      vertex 0.36456760339276867 -0.0027099940965087904 -0.01762948766181581
      vertex 0.36295847253339364 -0.002061180790085045 -0.016604354923107124
    endloop
  endfacet
  facet normal 0.0 0.0 0.0
    outer loop
      vertex 0.3660926888419874 -0.0017450133399948946 -0.01501893209553834
      vertex 0.3665308602287062 -0.0024832831637956127 -0.016590600889151534
      vertex 0.3658843148185499 -0.002564035176843329 -0.01696681512290256
    endloop
  endfacet
  facet normal 0.0 0.0 0.0
    outer loop
      vertex 0.3660926888419874 -0.0017450133399948946 -0.01501893209553834
      vertex 0.36716757897870617 -0.002397956363223129 -0.016183603945947308
      vertex 0.3665308602287062 -0.0024832831637956127 -0.016590600889151534
    endloop
  endfacet
  facet normal 0.0 0.0 0.0
    outer loop
      vertex 0.3660926888419874 -0.0017450133399948946 -0.01501893209553834
      vertex 0.36779306725995614 -0.0023085645834054675 -0.015745114877535736
      vertex 0.36716757897870617 -0.002397956363223129 -0.016183603945947308
    endloop
  endfacet
  facet normal 0.0 0.0 0.0
    outer loop
      vertex 0.3660926888419874 -0.0017450133399948946 -0.01501893209553834
      vertex 0.3658843148185499 -0.002564035176843329 -0.01696681512290256
      vertex 0.3648628304435499 -0.001885620621423839 -0.015741055293087114
    endloop
  endfacet
  facet normal 0.0 0.0 0.0
    outer loop
      vertex 0.3641753914787062 -0.0013494533656025593 -0.014253882501368558
      vertex 0.3624424813224562 -0.0014940474017258421 -0.015044406325127838
      vertex 0.36289194421308124 -0.0010516525005690633 -0.013012348286267244
    endloop
  endfacet
  facet normal 0.0 0.0 0.0
    outer loop
      vertex 0.3641753914787062 -0.0013494533656025593 -0.014253882501368558
      vertex 0.3637681649162062 -0.000978852417723597 -0.01255537394727359
      vertex 0.3641972420646437 -0.0009392573080089486 -0.012300774613488141
    endloop
  endfacet
  facet normal 0.0 0.0 0.0
    outer loop
      vertex 0.3641753914787062 -0.0013494533656025593 -0.014253882501368558
      vertex 0.3633328621818312 -0.0010163651359470186 -0.012792537298417474
      vertex 0.3637681649162062 -0.000978852417723597 -0.01255537394727359
    endloop
  endfacet
  facet normal 0.0 0.0 0.0
    outer loop
      vertex 0.3641753914787062 -0.0013494533656025593 -0.014253882501368558
      vertex 0.36289194421308124 -0.0010516525005690633 -0.013012348286267244
      vertex 0.3633328621818312 -0.0010163651359470186 -0.012792537298417474
    endloop
  endfacet
  facet normal 0.0 0.0 0.0
    outer loop
      vertex 0.36727811364667495 -0.0015892251009071154 -0.014174886494617251
      vertex 0.3684056771232374 -0.0022156149352239095 -0.015274432360357608
      vertex 0.36779306725995614 -0.0023085645834054675 -0.015745114877535736
    endloop
  endfacet
  facet normal 0.0 0.0 0.0
    outer loop
      vertex 0.36727811364667495 -0.0015892251009071154 -0.014174886494617251
      vertex 0.3690038826896437 -0.002119617226958045 -0.014770857768252
      vertex 0.3684056771232374 -0.0022156149352239095 -0.015274432360357608
    endloop
  endfacet
  facet normal 0.0 0.0 0.0
    outer loop
      vertex 0.36727811364667495 -0.0015892251009071154 -0.014174886494617251
      vertex 0.36779306725995614 -0.0023085645834054675 -0.015745114877535736
      vertex 0.3660926888419874 -0.0017450133399948946 -0.01501893209553834
    endloop
  endfacet
  facet normal 0.0 0.0 0.0
    outer loop
      vertex 0.36529135827558123 -0.0012340128103564395 -0.013594279601726053
      vertex 0.3641753914787062 -0.0013494533656025593 -0.014253882501368558
      vertex 0.3641972420646437 -0.0009392573080089486 -0.012300774613488141
    endloop
  endfacet
  facet normal 0.0 0.0 0.0
    outer loop
      vertex 0.36529135827558123 -0.0012340128103564395 -0.013594279601726053
      vertex 0.3648628304435499 -0.001885620621423839 -0.015741055293087114
      vertex 0.3641753914787062 -0.0013494533656025593 -0.014253882501368558
    endloop
  endfacet
  facet normal 0.0 0.0 0.0
    outer loop
      vertex 0.36529135827558123 -0.0012340128103564395 -0.013594279601726053
      vertex 0.3660926888419874 -0.0017450133399948946 -0.01501893209553834
      vertex 0.3648628304435499 -0.001885620621423839 -0.015741055293087114
    endloop
  endfacet
  facet normal 0.0 0.0 0.0
    outer loop
      vertex 0.36529135827558123 -0.0012340128103564395 -0.013594279601726053
      vertex 0.3646191780998 -0.0008978063882606699 -0.01202863140112894
      vertex 0.36503324059979997 -0.0008547073581482199 -0.011738849901255325
    endloop
  endfacet
  facet normal 0.0 0.0 0.0
    outer loop
      vertex 0.36529135827558123 -0.0012340128103564395 -0.013594279601726053
      vertex 0.3641972420646437 -0.0009392573080089486 -0.012300774613488141
      vertex 0.3646191780998 -0.0008978063882606699 -0.01202863140112894
    endloop
  endfacet
  facet normal 0.0 0.0 0.0
    outer loop
      vertex 0.3684064705802687 -0.0014221563421090914 -0.013204359887188908
      vertex 0.36958621911542494 -0.002021075872090849 -0.014233687080261386
      vertex 0.3690038826896437 -0.002119617226958045 -0.014770857768252
    endloop
  endfacet
  facet normal 0.0 0.0 0.0
    outer loop
      vertex 0.3684064705802687 -0.0014221563421090914 -0.013204359887188908
      vertex 0.3701510994865187 -0.0019204979815036092 -0.013662218972826547
      vertex 0.36958621911542494 -0.002021075872090849 -0.014233687080261386
    endloop
  endfacet
  facet normal 0.0 0.0 0.0
    outer loop
      vertex 0.3684064705802687 -0.0014221563421090914 -0.013204359887188908
      vertex 0.3690038826896437 -0.002119617226958045 -0.014770857768252
      vertex 0.36727811364667495 -0.0015892251009071154 -0.014174886494617251
    endloop
  endfacet
  facet normal 0.0 0.0 0.0
    outer loop
      vertex 0.36636429528729997 -0.0011064609367222298 -0.012825577730251765
      vertex 0.36727811364667495 -0.0015892251009071154 -0.014174886494617251
      vertex 0.3660926888419874 -0.0017450133399948946 -0.01501893209553834
    endloop
  endfacet
  facet normal 0.0 0.0 0.0
    outer loop
      vertex 0.36636429528729997 -0.0011064609367222298 -0.012825577730251765
      vertex 0.3660926888419874 -0.0017450133399948946 -0.01501893209553834
      vertex 0.36529135827558123 -0.0012340128103564395 -0.013594279601726053
    endloop
  endfacet
  facet normal 0.0 0.0 0.0
    outer loop
      vertex 0.36636429528729997 -0.0011064609367222298 -0.012825577730251765
      vertex 0.36529135827558123 -0.0012340128103564395 -0.013594279601726053
      vertex 0.36503324059979997 -0.0008547073581482199 -0.011738849901255325
    endloop
  endfacet
  facet normal 0.0 0.0 0.0
    outer loop
      vertex 0.36636429528729997 -0.0011064609367222298 -0.012825577730251765
      vertex 0.3654385140373 -0.0008101841017308899 -0.011431330310130022
      vertex 0.36583426599042496 -0.0007644416212798379 -0.01110597552141406
    endloop
  endfacet
  facet normal 0.0 0.0 0.0
    outer loop
      vertex 0.36636429528729997 -0.0011064609367222298 -0.012825577730251765
      vertex 0.36503324059979997 -0.0008547073581482199 -0.011738849901255325
      vertex 0.3654385140373 -0.0008101841017308899 -0.011431330310130022
    endloop
  endfacet
  facet normal 0.0 0.0 0.0
    outer loop
      vertex 0.36946524743573744 -0.0012477344755324627 -0.012102777485728541
      vertex 0.3706969979240187 -0.0018184014556708226 -0.013055752122388263
      vertex 0.3701510994865187 -0.0019204979815036092 -0.013662218972826547
    endloop
  endfacet
  facet normal 0.0 0.0 0.0
    outer loop
      vertex 0.36946524743573744 -0.0012477344755324627 -0.012102777485728541
      vertex 0.3712220833732375 -0.0017154498545754481 -0.01241414086943808
      vertex 0.3706969979240187 -0.0018184014556708226 -0.013055752122388263
    endloop
  endfacet
  facet normal 0.0 0.0 0.0
    outer loop
      vertex 0.36946524743573744 -0.0012477344755324627 -0.012102777485728541
      vertex 0.3701510994865187 -0.0019204979815036092 -0.013662218972826547
      vertex 0.3684064705802687 -0.0014221563421090914 -0.013204359887188908
    endloop
  endfacet
  facet normal 0.0 0.0 0.0
    outer loop
      vertex 0.367382605834175 -0.000970107452419792 -0.01194488257856475
      vertex 0.36636429528729997 -0.0011064609367222298 -0.012825577730251765
      vertex 0.36583426599042496 -0.0007644416212798379 -0.01110597552141406
    endloop
  endfacet
  facet normal 0.0 0.0 0.0
    outer loop
      vertex 0.367382605834175 -0.000970107452419792 -0.01194488257856475
      vertex 0.36659378747480004 -0.0006701729453272858 -0.010401371925854285
      vertex 0.36695597009198755 -0.0006220837283511455 -0.010021918116739314
    endloop
  endfacet
  facet normal 0.0 0.0 0.0
    outer loop
      vertex 0.367382605834175 -0.000970107452419792 -0.01194488257856475
      vertex 0.36621958093183127 -0.0007176984060577433 -0.010762691126166775
      vertex 0.36659378747480004 -0.0006701729453272858 -0.010401371925854285
    endloop
  endfacet
  facet normal 0.0 0.0 0.0
    outer loop
      vertex 0.367382605834175 -0.000970107452419792 -0.01194488257856475
      vertex 0.36583426599042496 -0.0007644416212798379 -0.01110597552141406
      vertex 0.36621958093183127 -0.0007176984060577433 -0.010762691126166775
    endloop
  endfacet
  facet normal 0.0 0.0 0.0
    outer loop
      vertex 0.367382605834175 -0.000970107452419792 -0.01194488257856475
      vertex 0.36727811364667495 -0.0015892251009071154 -0.014174886494617251
      vertex 0.36636429528729997 -0.0011064609367222298 -0.012825577730251765
    endloop
  endfacet
  facet normal 0.0 0.0 0.0
    outer loop
      vertex 0.367382605834175 -0.000970107452419792 -0.01194488257856475
      vertex 0.3684064705802687 -0.0014221563421090914 -0.013204359887188908
      vertex 0.36727811364667495 -0.0015892251009071154 -0.014174886494617251
    endloop
  endfacet
  facet normal 0.0 0.0 0.0
    outer loop
      vertex 0.37044040612714374 -0.0010704425771596356 -0.010867824922490728
      vertex 0.37172373132245623 -0.0016126547025817456 -0.011738321211187723
      vertex 0.3712220833732375 -0.0017154498545754481 -0.01241414086943808
    endloop
  endfacet
  facet normal 0.0 0.0 0.0
    outer loop
      vertex 0.37044040612714374 -0.0010704425771596356 -0.010867824922490728
      vertex 0.3721993172599562 -0.0015110464058421087 -0.011029366712162465
      vertex 0.37172373132245623 -0.0016126547025817456 -0.011738321211187723
    endloop
  endfacet
  facet normal 0.0 0.0 0.0
    outer loop
      vertex 0.37044040612714374 -0.0010704425771596356 -0.010867824922490728
      vertex 0.3712220833732375 -0.0017154498545754481 -0.01241414086943808
      vertex 0.36946524743573744 -0.0012477344755324627 -0.012102777485728541
    endloop
  endfacet
  facet normal 0.0 0.0 0.0
    outer loop
      vertex 0.3683348763419875 -0.0008282458807791624 -0.01094930523308068
      vertex 0.3673052742912063 -0.0005736384547987851 -0.009624246079474418
      vertex 0.36764084558026877 -0.0005251041671023717 -0.009208498776169747
    endloop
  endfacet
  facet normal 0.0 0.0 0.0
    outer loop
      vertex 0.3683348763419875 -0.0008282458807791624 -0.01094930523308068
      vertex 0.36695597009198755 -0.0006220837283511455 -0.010021918116739314
      vertex 0.3673052742912063 -0.0005736384547987851 -0.009624246079474418
    endloop
  endfacet
  facet normal 0.0 0.0 0.0
    outer loop
      vertex 0.3683348763419875 -0.0008282458807791624 -0.01094930523308068
      vertex 0.36946524743573744 -0.0012477344755324627 -0.012102777485728541
      vertex 0.3684064705802687 -0.0014221563421090914 -0.013204359887188908
    endloop
  endfacet
  facet normal 0.0 0.0 0.0
    outer loop
      vertex 0.3683348763419875 -0.0008282458807791624 -0.01094930523308068
      vertex 0.3684064705802687 -0.0014221563421090914 -0.013204359887188908
      vertex 0.367382605834175 -0.000970107452419792 -0.01194488257856475
    endloop
  endfacet
  facet normal 0.0 0.0 0.0
    outer loop
      vertex 0.3683348763419875 -0.0008282458807791624 -0.01094930523308068
      vertex 0.367382605834175 -0.000970107452419792 -0.01194488257856475
      vertex 0.36695597009198755 -0.0006220837283511455 -0.010021918116739314
    endloop
  endfacet
  facet normal 0.0 0.0 0.0
    outer loop
      vertex 0.37131296472089376 -0.0008971239464896268 -0.009506156679093148
      vertex 0.372646277709175 -0.0014116661601021522 -0.010288350936887578
      vertex 0.3721993172599562 -0.0015110464058421087 -0.011029366712162465
    endloop
  endfacet
  facet normal 0.0 0.0 0.0
    outer loop
      vertex 0.37131296472089376 -0.0008971239464896268 -0.009506156679093148
      vertex 0.3730618660880813 -0.0013155605559040983 -0.009516342055091716
      vertex 0.372646277709175 -0.0014116661601021522 -0.010288350936887578
    endloop
  endfacet
  facet normal 0.0 0.0 0.0
    outer loop
      vertex 0.37131296472089376 -0.0008971239464896268 -0.009506156679093148
      vertex 0.3721993172599562 -0.0015110464058421087 -0.011029366712162465
      vertex 0.37044040612714374 -0.0010704425771596356 -0.010867824922490728
    endloop
  endfacet
  facet normal 0.0 0.0 0.0
    outer loop
      vertex 0.36920859460370625 -0.000684593236664214 -0.009837793708460723
      vertex 0.3679616463615188 -0.00047680455305846523 -0.008775226476079456
      vertex 0.36826645593183127 -0.00042907948485345894 -0.008325001027644146
    endloop
  endfacet
  facet normal 0.0 0.0 0.0
    outer loop
      vertex 0.36920859460370625 -0.000684593236664214 -0.009837793708460723
      vertex 0.36764084558026877 -0.0005251041671023717 -0.009208498776169747
      vertex 0.3679616463615188 -0.00047680455305846523 -0.008775226476079456
    endloop
  endfacet
  facet normal 0.0 0.0 0.0
    outer loop
      vertex 0.36920859460370625 -0.000684593236664214 -0.009837793708460723
      vertex 0.36946524743573744 -0.0012477344755324627 -0.012102777485728541
      vertex 0.3683348763419875 -0.0008282458807791624 -0.01094930523308068
    endloop
  endfacet
  facet normal 0.0 0.0 0.0
    outer loop
      vertex 0.36920859460370625 -0.000684593236664214 -0.009837793708460723
      vertex 0.3683348763419875 -0.0008282458807791624 -0.01094930523308068
      vertex 0.36764084558026877 -0.0005251041671023717 -0.009208498776169747
    endloop
  endfacet
  facet normal 0.0 0.0 0.0
    outer loop
      vertex 0.36920859460370625 -0.000684593236664214 -0.009837793708460723
      vertex 0.37044040612714374 -0.0010704425771596356 -0.010867824922490728
      vertex 0.36946524743573744 -0.0012477344755324627 -0.012102777485728541
    endloop
  endfacet
  facet normal 0.0 0.0 0.0
    outer loop
      vertex 0.37206265954511253 -0.0007352207054450952 -0.008026666077746394
      vertex 0.37287772302167504 -0.0006475903267204024 -0.00651649796548032
      vertex 0.37349845056073755 -0.0008351377334476991 -0.006747942832218267
    endloop
  endfacet
  facet normal 0.0 0.0 0.0
    outer loop
      vertex 0.37206265954511253 -0.0007352207054450952 -0.008026666077746394
      vertex 0.37349845056073755 -0.0008351377334476991 -0.006747942832218267
      vertex 0.3736925423576125 -0.0011617764837567055 -0.00812745706279974
    endloop
  endfacet
  facet normal 0.0 0.0 0.0
    outer loop
      vertex 0.37206265954511253 -0.0007352207054450952 -0.008026666077746394
      vertex 0.37225028161542506 -0.0004905828635988873 -0.006280424363251513
      vertex 0.37287772302167504 -0.0006475903267204024 -0.00651649796548032
    endloop
  endfacet
  facet normal 0.0 0.0 0.0
    outer loop
      vertex 0.37206265954511253 -0.0007352207054450952 -0.008026666077746394
      vertex 0.3716174691154251 -0.00036444442667632736 -0.006040212952023299
      vertex 0.37225028161542506 -0.0004905828635988873 -0.006280424363251513
    endloop
  endfacet
  facet normal 0.0 0.0 0.0
    outer loop
      vertex 0.37206265954511253 -0.0007352207054450952 -0.008026666077746394
      vertex 0.3730618660880813 -0.0013155605559040983 -0.009516342055091716
      vertex 0.37131296472089376 -0.0008971239464896268 -0.009506156679093148
    endloop
  endfacet
  facet normal 0.0 0.0 0.0
    outer loop
      vertex 0.37206265954511253 -0.0007352207054450952 -0.008026666077746394
      vertex 0.373407019896675 -0.0012327207565685447 -0.008795918218474886
      vertex 0.3730618660880813 -0.0013155605559040983 -0.009516342055091716
    endloop
  endfacet
  facet normal 0.0 0.0 0.0
    outer loop
      vertex 0.37206265954511253 -0.0007352207054450952 -0.008026666077746394
      vertex 0.3736925423576125 -0.0011617764837567055 -0.00812745706279974
      vertex 0.373407019896675 -0.0012327207565685447 -0.008795918218474886
    endloop
  endfacet
  facet normal 0.0 0.0 0.0
    outer loop
      vertex 0.369987586302925 -0.0005444957635148544 -0.00861664373234804
      vertex 0.36920859460370625 -0.000684593236664214 -0.009837793708460723
      vertex 0.36826645593183127 -0.00042907948485345894 -0.008325001027644146
    endloop
  endfacet
  facet normal 0.0 0.0 0.0
    outer loop
      vertex 0.369987586302925 -0.0005444957635148544 -0.00861664373234804
      vertex 0.36882401208417503 -0.0003366935929175834 -0.007375996961288971
      vertex 0.36907456140058126 -0.00029270172396627856 -0.006878367435046909
    endloop
  endfacet
  facet normal 0.0 0.0 0.0
    outer loop
      vertex 0.369987586302925 -0.0005444957635148544 -0.00861664373234804
      vertex 0.3685542977287063 -0.0003822634398771365 -0.007858399674101017
      vertex 0.36882401208417503 -0.0003366935929175834 -0.007375996961288971
    endloop
  endfacet
  facet normal 0.0 0.0 0.0
    outer loop
      vertex 0.369987586302925 -0.0005444957635148544 -0.00861664373234804
      vertex 0.36826645593183127 -0.00042907948485345894 -0.008325001027644146
      vertex 0.3685542977287063 -0.0003822634398771365 -0.007858399674101017
    endloop
  endfacet
  facet normal 0.0 0.0 0.0
    outer loop
      vertex 0.37065482263105004 -0.0004136989197200913 -0.0072939960528262075
      vertex 0.3709805672599563 -0.0002694420583848869 -0.005796373540075271
      vertex 0.3716174691154251 -0.00036444442667632736 -0.006040212952023299
    endloop
  endfacet
  facet normal 0.0 0.0 0.0
    outer loop
      vertex 0.37065482263105004 -0.0004136989197200913 -0.0072939960528262075
      vertex 0.3703410408927688 -0.0002057726688008099 -0.005549421330483619
      vertex 0.3709805672599563 -0.0002694420583848869 -0.005796373540075271
    endloop
  endfacet
  facet normal 0.0 0.0 0.0
    outer loop
      vertex 0.37065482263105004 -0.0004136989197200913 -0.0072939960528262075
      vertex 0.3716174691154251 -0.00036444442667632736 -0.006040212952023299
      vertex 0.37206265954511253 -0.0007352207054450952 -0.008026666077746394
    endloop
  endfacet
  facet normal 0.0 0.0 0.0
    outer loop
      vertex 0.37065482263105004 -0.0004136989197200913 -0.0072939960528262075
      vertex 0.369987586302925 -0.0005444957635148544 -0.00861664373234804
      vertex 0.36907456140058126 -0.00029270172396627856 -0.006878367435046909
    endloop
  endfacet
  facet normal 0.0 0.0 0.0
    outer loop
      vertex 0.37065482263105004 -0.0004136989197200913 -0.0072939960528262075
      vertex 0.36930484704511257 -0.00025063040260791733 -0.006366085641213731
      vertex 0.3703410408927688 -0.0002057726688008099 -0.005549421330483619
    endloop
  endfacet
  facet normal 0.0 0.0 0.0
    outer loop
      vertex 0.37065482263105004 -0.0004136989197200913 -0.0072939960528262075
      vertex 0.36907456140058126 -0.00029270172396627856 -0.006878367435046909
      vertex 0.36930484704511257 -0.00025063040260791733 -0.006366085641213731
    endloop
  endfacet
  facet normal 0.0 0.0 0.0
    outer loop
      vertex 0.35988010339276866 -0.0019142777810129078 -0.016616835785062904
      vertex 0.3606570809318312 -0.0016009992445070748 -0.015601856053573143
      vertex 0.3610011971427687 -0.0021905803815579655 -0.017211409806375807
    endloop
  endfacet
  facet normal 0.0 0.0 0.0
    outer loop
      vertex 0.35988010339276866 -0.0019142777810129078 -0.016616835785062904
      vertex 0.35883743981854993 -0.0016673633349975274 -0.015932101225415496
      vertex 0.3606570809318312 -0.0016009992445070748 -0.015601856053573143
    endloop
  endfacet
  facet normal 0.0 0.0 0.0
    outer loop
      vertex 0.35988010339276866 -0.0019142777810129078 -0.016616835785062904
      vertex 0.3590096199943312 -0.002270593307470186 -0.017570031608383573
      vertex 0.35883743981854993 -0.0016673633349975274 -0.015932101225415496
    endloop
  endfacet
  facet normal 0.0 0.0 0.0
    outer loop
      vertex 0.35988010339276866 -0.0019142777810129078 -0.016616835785062904
      vertex 0.3610011971427687 -0.0021905803815579655 -0.017211409806375807
      vertex 0.3590096199943312 -0.002270593307470186 -0.017570031608383573
    endloop
  endfacet
  facet normal 0.0 0.0 0.0
    outer loop
      vertex 0.36177133874433115 -0.0018183555998995847 -0.01615404585532434
      vertex 0.3610011971427687 -0.0021905803815579655 -0.017211409806375807
      vertex 0.3606570809318312 -0.0016009992445070748 -0.015601856053573143
    endloop
  endfacet
  facet normal 0.0 0.0 0.0
    outer loop
      vertex 0.36177133874433115 -0.0018183555998995847 -0.01615404585532434
      vertex 0.3624424813224562 -0.0014940474017258421 -0.015044406325127838
      vertex 0.36295847253339364 -0.002061180790085045 -0.016604354923107124
    endloop
  endfacet
  facet normal 0.0 0.0 0.0
    outer loop
      vertex 0.36177133874433115 -0.0018183555998995847 -0.01615404585532434
      vertex 0.3606570809318312 -0.0016009992445070748 -0.015601856053573143
      vertex 0.3624424813224562 -0.0014940474017258421 -0.015044406325127838
    endloop
  endfacet
  facet normal 0.0 0.0 0.0
    outer loop
      vertex 0.36177133874433115 -0.0018183555998995847 -0.01615404585532434
      vertex 0.36295847253339364 -0.002061180790085045 -0.016604354923107124
      vertex 0.3610011971427687 -0.0021905803815579655 -0.017211409806375807
    endloop
  endfacet
  facet normal 0.0 0.0 0.0
    outer loop
      vertex 0.3636190560294874 -0.0016790673462416415 -0.015449868448696724
      vertex 0.3648628304435499 -0.001885620621423839 -0.015741055293087114
      vertex 0.36295847253339364 -0.002061180790085045 -0.016604354923107124
    endloop
  endfacet
  facet normal 0.0 0.0 0.0
    outer loop
      vertex 0.3636190560294874 -0.0016790673462416415 -0.015449868448696724
      vertex 0.36295847253339364 -0.002061180790085045 -0.016604354923107124
      vertex 0.3624424813224562 -0.0014940474017258421 -0.015044406325127838
    endloop
  endfacet
  facet normal 0.0 0.0 0.0
    outer loop
      vertex 0.3636190560294874 -0.0016790673462416415 -0.015449868448696724
      vertex 0.3641753914787062 -0.0013494533656025593 -0.014253882501368558
      vertex 0.3648628304435499 -0.001885620621423839 -0.015741055293087114
    endloop
  endfacet
  facet normal 0.0 0.0 0.0
    outer loop
      vertex 0.3636190560294874 -0.0016790673462416415 -0.015449868448696724
      vertex 0.3624424813224562 -0.0014940474017258421 -0.015044406325127838
      vertex 0.3641753914787062 -0.0013494533656025593 -0.014253882501368558
    endloop
  endfacet
  facet normal 0.0 0.0 0.0
    outer loop
      vertex 0.3702537606193313 -0.0007764882021086459 -0.009725846284019197
      vertex 0.37131296472089376 -0.0008971239464896268 -0.009506156679093148
      vertex 0.37044040612714374 -0.0010704425771596356 -0.010867824922490728
    endloop
  endfacet
  facet normal 0.0 0.0 0.0
    outer loop
      vertex 0.3702537606193313 -0.0007764882021086459 -0.009725846284019197
      vertex 0.36920859460370625 -0.000684593236664214 -0.009837793708460723
      vertex 0.369987586302925 -0.0005444957635148544 -0.00861664373234804
    endloop
  endfacet
  facet normal 0.0 0.0 0.0
    outer loop
      vertex 0.3702537606193313 -0.0007764882021086459 -0.009725846284019197
      vertex 0.37044040612714374 -0.0010704425771596356 -0.010867824922490728
      vertex 0.36920859460370625 -0.000684593236664214 -0.009837793708460723
    endloop
  endfacet
  facet normal 0.0 0.0 0.0
    outer loop
      vertex 0.3710234139396438 -0.0006244736232491341 -0.008377810691653557
      vertex 0.37131296472089376 -0.0008971239464896268 -0.009506156679093148
      vertex 0.3702537606193313 -0.0007764882021086459 -0.009725846284019197
    endloop
  endfacet
  facet normal 0.0 0.0 0.0
    outer loop
      vertex 0.3710234139396438 -0.0006244736232491341 -0.008377810691653557
      vertex 0.3702537606193313 -0.0007764882021086459 -0.009725846284019197
      vertex 0.369987586302925 -0.0005444957635148544 -0.00861664373234804
    endloop
  endfacet
  facet normal 0.0 0.0 0.0
    outer loop
      vertex 0.3710234139396438 -0.0006244736232491341 -0.008377810691653557
      vertex 0.369987586302925 -0.0005444957635148544 -0.00861664373234804
      vertex 0.37065482263105004 -0.0004136989197200913 -0.0072939960528262075
    endloop
  endfacet
  facet normal 0.0 0.0 0.0
    outer loop
      vertex 0.3710234139396438 -0.0006244736232491341 -0.008377810691653557
      vertex 0.37065482263105004 -0.0004136989197200913 -0.0072939960528262075
      vertex 0.37206265954511253 -0.0007352207054450952 -0.008026666077746394
    endloop
  endfacet
  facet normal 0.0 0.0 0.0
    outer loop
      vertex 0.3710234139396438 -0.0006244736232491341 -0.008377810691653557
      vertex 0.37206265954511253 -0.0007352207054450952 -0.008026666077746394
      vertex 0.37131296472089376 -0.0008971239464896268 -0.009506156679093148
    endloop
  endfacet
  facet normal 0.0 0.0 0.0
    outer loop
      vertex 0.37253897790448776 -9.268154747809043e-05 0.0024610154409926235
      vertex 0.37245780114667526 -3.9901554850079405e-05 0.00254217206378605
      vertex 0.37207523278730026 -6.667053562589231e-05 0.0029247872237141382
    endloop
  endfacet
  facet normal 0.0 0.0 0.0
    outer loop
      vertex 0.37300144128339396 -0.00014883328798697538 0.0019985653834404104
      vertex 0.37245780114667526 -3.9901554850079405e-05 0.00254217206378605
      vertex 0.37253897790448776 -9.268154747809043e-05 0.0024610154409926235
    endloop
  endfacet
  facet normal 0.0 0.0 0.0
    outer loop
      vertex 0.3733050911857377 -1.773433558208304e-05 0.0016949354406704674
      vertex 0.37245780114667526 -3.9901554850079405e-05 0.00254217206378605
      vertex 0.37300144128339396 -0.00014883328798697538 0.0019985653834404104
    endloop
  endfacet
  facet normal 0.0 0.0 0.0
    outer loop
      vertex 0.3734618294669877 -0.00023499897943222626 0.0015381950199811186
      vertex 0.3733050911857377 -1.773433558208304e-05 0.0016949354406704674
      vertex 0.37300144128339396 -0.00014883328798697538 0.0019985653834404104
    endloop
  endfacet
  facet normal 0.0 0.0 0.0
    outer loop
      vertex 0.3741525032951127 -4.43346454162652e-06 0.0008475126970718603
      vertex 0.3734618294669877 -0.00023499897943222626 0.0015381950199811186
      vertex 0.3739189217521439 -0.0003509142767799827 0.0010810966006654247
    endloop
  endfacet
  facet normal 0.0 0.0 0.0
    outer loop
      vertex 0.3741525032951127 -4.43346454162652e-06 0.0008475126970718603
      vertex 0.3739189217521439 -0.0003509142767799827 0.0010810966006654247
      vertex 0.3743716195060502 -0.0004962285182506342 0.0006283760587982542
    endloop
  endfacet
  facet normal 0.0 0.0 0.0
    outer loop
      vertex 0.3741525032951127 -4.43346454162652e-06 0.0008475126970718603
      vertex 0.3733050911857377 -1.773433558208304e-05 0.0016949354406704674
      vertex 0.3734618294669877 -0.00023499897943222626 0.0015381950199811186
    endloop
  endfacet
  facet normal 0.0 0.0 0.0
    outer loop
      vertex 0.37499997643964395 1.0582712902949257e-09 9.393291983191736e-10
      vertex 0.3743716195060502 -0.0004962285182506342 0.0006283760587982542
      vertex 0.3746871712638627 -0.0006159579368012315 0.00031280473373341655
    endloop
  endfacet
  facet normal 0.0 0.0 0.0
    outer loop
      vertex 0.37499997643964395 1.0582712902949257e-09 9.393291983191736e-10
      vertex 0.3746871712638627 -0.0006159579368012315 0.00031280473373341655
      vertex 0.37499997643964395 -0.0007499997507565523 9.393291981463214e-10
    endloop
  endfacet
  facet normal 0.0 0.0 0.0
    outer loop
      vertex 0.37499997643964395 1.0582712902949257e-09 9.393291983191736e-10
      vertex 0.3741525032951127 -4.43346454162652e-06 0.0008475126970718603
      vertex 0.3743716195060502 -0.0004962285182506342 0.0006283760587982542
    endloop
  endfacet
  facet normal 0.0 0.0 0.0
    outer loop
      vertex 0.37245780114667526 -3.9901554850079405e-05 0.00254217206378605
      vertex 0.37161087731855025 -7.093512234561561e-05 0.0033891308548762494
      vertex 0.37207523278730026 -6.667053562589231e-05 0.0029247872237141382
    endloop
  endfacet
  facet normal 0.0 0.0 0.0
    outer loop
      vertex 0.37245780114667515 -3.990425224838301e-05 -0.0025421728825258693
      vertex 0.37253897790448764 -9.26815474780891e-05 -0.0024610135623341404
      vertex 0.37207523278730015 -6.666783822758626e-05 -0.002924788042453944
    endloop
  endfacet
  facet normal 0.0 0.0 0.0
    outer loop
      vertex 0.37245780114667515 -3.990425224838301e-05 -0.0025421728825258693
      vertex 0.37300144128339396 -0.00014883328798697437 -0.0019985635047819438
      vertex 0.37253897790448764 -9.26815474780891e-05 -0.0024610135623341404
    endloop
  endfacet
  facet normal 0.0 0.0 0.0
    outer loop
      vertex 0.37245780114667515 -3.990425224838301e-05 -0.0025421728825258693
      vertex 0.3733050911857377 -1.773703298038698e-05 -0.0016949362594103157
      vertex 0.37300144128339396 -0.00014883328798697437 -0.0019985635047819438
    endloop
  endfacet
  facet normal 0.0 0.0 0.0
    outer loop
      vertex 0.3733050911857377 -1.773703298038698e-05 -0.0016949362594103157
      vertex 0.3734618294669877 -0.00023499897943222547 -0.001538193141322668
      vertex 0.37300144128339396 -0.00014883328798697437 -0.0019985635047819438
    endloop
  endfacet
  facet normal 0.0 0.0 0.0
    outer loop
      vertex 0.3734618294669877 -0.00023499897943222547 -0.001538193141322668
      vertex 0.3741525032951127 -4.433464541626186e-06 -0.0008475162132100434
      vertex 0.3739189217521439 -0.0003509115793816775 -0.0010810974194052948
    endloop
  endfacet
  facet normal 0.0 0.0 0.0
    outer loop
      vertex 0.3739189217521439 -0.0003509115793816775 -0.0010810974194052948
      vertex 0.3741525032951127 -4.433464541626186e-06 -0.0008475162132100434
      vertex 0.3743716195060502 -0.0004962258208523291 -0.0006283768775381406
    endloop
  endfacet
  facet normal 0.0 0.0 0.0
    outer loop
      vertex 0.3733050911857377 -1.773703298038698e-05 -0.0016949362594103157
      vertex 0.3741525032951127 -4.433464541626186e-06 -0.0008475162132100434
      vertex 0.3734618294669877 -0.00023499897943222547 -0.001538193141322668
    endloop
  endfacet
  facet normal 0.0 0.0 0.0
    outer loop
      vertex 0.3743716195060502 -0.0004962258208523291 -0.0006283768775381406
      vertex 0.37499997643964395 1.0582712902949257e-09 9.393291983191736e-10
      vertex 0.3746871712638627 -0.0006159552394029267 -0.00031280555247331393
    endloop
  endfacet
  facet normal 0.0 0.0 0.0
    outer loop
      vertex 0.3746871712638627 -0.0006159552394029267 -0.00031280555247331393
      vertex 0.37499997643964395 1.0582712902949257e-09 9.393291983191736e-10
      vertex 0.37499997643964395 -0.0007499997507565523 9.393291981463214e-10
    endloop
  endfacet
  facet normal 0.0 0.0 0.0
    outer loop
      vertex 0.3741525032951127 -4.433464541626186e-06 -0.0008475162132100434
      vertex 0.37499997643964395 1.0582712902949257e-09 9.393291983191736e-10
      vertex 0.3743716195060502 -0.0004962258208523291 -0.0006283768775381406
    endloop
  endfacet
  facet normal 0.0 0.0 0.0
    outer loop
      vertex 0.37161087731855014 -7.093242494730933e-05 -0.0033891316736160385
      vertex 0.37245780114667515 -3.990425224838301e-05 -0.0025421728825258693
      vertex 0.37207523278730015 -6.666783822758626e-05 -0.002924788042453944
    endloop
  endfacet
endsolid mesh
