solid mesh
  facet normal 0.0 0.0 0.0
    outer loop
      vertex 3.134929807103524e-09 0.001433332942370545 0.0015625010651733966
      vertex -7.788283833090807e-05 0.0014333329423705451 0.0015605588752061112
      vertex 3.1349298088597553e-09 0.002266666911486756 0.0015625010651733923
    endloop
  endfacet
  facet normal 0.0 0.0 0.0
    outer loop
      vertex 3.1349298088597553e-09 0.002266666911486756 0.0015625010651733923
      vertex -7.788283833090807e-05 0.0014333329423705451 0.0015605588752061112
      vertex -7.78828383309063e-05 0.002266666911486756 0.001560558875206107
    endloop
  endfacet
  facet normal 0.0 0.0 0.0
    outer loop
      vertex -7.78828383309063e-05 0.002266666911486756 0.001560558875206107
      vertex -0.00015557416051618664 0.0014333329423705454 0.0015547376027286515
      vertex -0.00015557416051618488 0.002266666911486756 0.0015547376027286472
    endloop
  endfacet
  facet normal 0.0 0.0 0.0
    outer loop
      vertex -7.788283833090807e-05 0.0014333329423705451 0.0015605588752061112
      vertex -0.00015557416051618664 0.0014333329423705454 0.0015547376027286515
      vertex -7.78828383309063e-05 0.002266666911486756 0.001560558875206107
    endloop
  endfacet
  facet normal 0.0 0.0 0.0
    outer loop
      vertex -0.00015557416051618488 0.002266666911486756 0.0015547376027286472
      vertex -0.00023287684726662768 0.0014333329423705454 0.0015450474057179338
      vertex -0.00023287684726662594 0.0022666669114867564 0.0015450474057179294
    endloop
  endfacet
  facet normal 0.0 0.0 0.0
    outer loop
      vertex -0.00015557416051618664 0.0014333329423705454 0.0015547376027286515
      vertex -0.00023287684726662768 0.0014333329423705454 0.0015450474057179338
      vertex -0.00015557416051618488 0.002266666911486756 0.0015547376027286472
    endloop
  endfacet
  facet normal 0.0 0.0 0.0
    outer loop
      vertex -0.00023287684726662594 0.0022666669114867564 0.0015450474057179294
      vertex -0.0003096056731514888 0.0014333329423705456 0.0015315195880752335
      vertex -0.00030960567315148704 0.0022666669114867564 0.0015315195880752292
    endloop
  endfacet
  facet normal 0.0 0.0 0.0
    outer loop
      vertex -0.00023287684726662768 0.0014333329423705454 0.0015450474057179338
      vertex -0.0003096056731514888 0.0014333329423705456 0.0015315195880752335
      vertex -0.00023287684726662594 0.0022666669114867564 0.0015450474057179294
    endloop
  endfacet
  facet normal 0.0 0.0 0.0
    outer loop
      vertex -0.00030960567315148704 0.0022666669114867564 0.0015315195880752292
      vertex -0.0003855583958142356 0.0014333329423705456 0.0015141842443461451
      vertex -0.0003855583958142338 0.0022666669114867564 0.0015141842443461408
    endloop
  endfacet
  facet normal 0.0 0.0 0.0
    outer loop
      vertex -0.0003096056731514888 0.0014333329423705456 0.0015315195880752335
      vertex -0.0003855583958142356 0.0014333329423705456 0.0015141842443461451
      vertex -0.00030960567315148704 0.0022666669114867564 0.0015315195880752292
    endloop
  endfacet
  facet normal 0.0 0.0 0.0
    outer loop
      vertex -0.0003855583958142338 0.0022666669114867564 0.0015141842443461408
      vertex -0.0004605541692884548 0.0014333329423705456 0.001493083251394123
      vertex -0.000460554169288453 0.0022666669114867564 0.0014930832513941187
    endloop
  endfacet
  facet normal 0.0 0.0 0.0
    outer loop
      vertex -0.0003855583958142356 0.0014333329423705456 0.0015141842443461451
      vertex -0.0004605541692884548 0.0014333329423705456 0.001493083251394123
      vertex -0.0003855583958142338 0.0022666669114867564 0.0015141842443461408
    endloop
  endfacet
  facet normal 0.0 0.0 0.0
    outer loop
      vertex -0.000460554169288453 0.0022666669114867564 0.0014930832513941187
      vertex -0.0005344080186091661 0.0014333329423705456 0.0014682684543669614
      vertex -0.0005344080186091643 0.0022666669114867564 0.001468268454366957
    endloop
  endfacet
  facet normal 0.0 0.0 0.0
    outer loop
      vertex -0.0005344080186091643 0.0022666669114867564 0.001468268454366957
      vertex -0.0005344080186091661 0.0014333329423705456 0.0014682684543669614
      vertex -0.0006069322996342639 0.0022666669114867564 0.0014398051910175145
    endloop
  endfacet
  facet normal 0.0 0.0 0.0
    outer loop
      vertex -0.0004605541692884548 0.0014333329423705456 0.001493083251394123
      vertex -0.0005344080186091661 0.0014333329423705456 0.0014682684543669614
      vertex -0.000460554169288453 0.0022666669114867564 0.0014930832513941187
    endloop
  endfacet
  facet normal 0.0 0.0 0.0
    outer loop
      vertex -0.0005344080186091661 0.0014333329423705456 0.0014682684543669614
      vertex -0.0006069322996342658 0.0014333329423705458 0.0014398051910175186
      vertex -0.0006069322996342639 0.0022666669114867564 0.0014398051910175145
    endloop
  endfacet
  facet normal 0.0 0.0 0.0
    outer loop
      vertex -0.0006069322996342639 0.0022666669114867564 0.0014398051910175145
      vertex -0.000677942287864536 0.0014333329423705456 0.0014077658477401067
      vertex -0.0006779422878645342 0.0022666669114867564 0.0014077658477401026
    endloop
  endfacet
  facet normal 0.0 0.0 0.0
    outer loop
      vertex -0.0006779422878645342 0.0022666669114867564 0.0014077658477401026
      vertex -0.000677942287864536 0.0014333329423705456 0.0014077658477401067
      vertex -0.0007472688159051061 0.0022666669114867564 0.0013722204959639873
    endloop
  endfacet
  facet normal 0.0 0.0 0.0
    outer loop
      vertex -0.0006069322996342658 0.0014333329423705458 0.0014398051910175186
      vertex -0.000677942287864536 0.0014333329423705456 0.0014077658477401067
      vertex -0.0006069322996342639 0.0022666669114867564 0.0014398051910175145
    endloop
  endfacet
  facet normal 0.0 0.0 0.0
    outer loop
      vertex -0.000677942287864536 0.0014333329423705456 0.0014077658477401067
      vertex -0.0007472688159051078 0.0014333329423705456 0.0013722204959639914
      vertex -0.0007472688159051061 0.0022666669114867564 0.0013722204959639873
    endloop
  endfacet
  facet normal 0.0 0.0 0.0
    outer loop
      vertex -0.0007472688159051078 0.0014333329423705456 0.0013722204959639914
      vertex -0.0008147458864697605 0.0014333329423705456 0.0013332667970064108
      vertex -0.0007472688159051061 0.0022666669114867564 0.0013722204959639873
    endloop
  endfacet
  facet normal 0.0 0.0 0.0
    outer loop
      vertex -0.0007472688159051061 0.0022666669114867564 0.0013722204959639873
      vertex -0.0008147458864697605 0.0014333329423705456 0.0013332667970064108
      vertex -0.0008147458864697588 0.0022666669114867564 0.0013332667970064065
    endloop
  endfacet
  facet normal 0.0 0.0 0.0
    outer loop
      vertex -0.0008147458864697588 0.0022666669114867564 0.0013332667970064065
      vertex -0.0008147458864697605 0.0014333329423705456 0.0013332667970064108
      vertex -0.000880189025525037 0.0022666669114867564 0.0012909976785081894
    endloop
  endfacet
  facet normal 0.0 0.0 0.0
    outer loop
      vertex -0.0008147458864697605 0.0014333329423705456 0.0013332667970064108
      vertex -0.0008801890255250388 0.0014333329423705456 0.0012909976785081935
      vertex -0.000880189025525037 0.0022666669114867564 0.0012909976785081894
    endloop
  endfacet
  facet normal 0.0 0.0 0.0
    outer loop
      vertex -0.0008801890255250388 0.0014333329423705456 0.0012909976785081935
      vertex -0.0009434436638905039 0.0014333329423705454 0.0012455184551058713
      vertex -0.000880189025525037 0.0022666669114867564 0.0012909976785081894
    endloop
  endfacet
  facet normal 0.0 0.0 0.0
    outer loop
      vertex -0.000880189025525037 0.0022666669114867564 0.0012909976785081894
      vertex -0.0009434436638905039 0.0014333329423705454 0.0012455184551058713
      vertex -0.000943443663890502 0.0022666669114867564 0.0012455184551058672
    endloop
  endfacet
  facet normal 0.0 0.0 0.0
    outer loop
      vertex -0.0009434436638905039 0.0014333329423705454 0.0012455184551058713
      vertex -0.0010043581520286031 0.0014333329423705454 0.0011969414900774272
      vertex -0.000943443663890502 0.0022666669114867564 0.0012455184551058672
    endloop
  endfacet
  facet normal 0.0 0.0 0.0
    outer loop
      vertex -0.000943443663890502 0.0022666669114867564 0.0012455184551058672
      vertex -0.0010043581520286031 0.0014333329423705454 0.0011969414900774272
      vertex -0.0010043581520286014 0.002266666911486756 0.0011969414900774228
    endloop
  endfacet
  facet normal 0.0 0.0 0.0
    outer loop
      vertex -0.0010043581520286031 0.0014333329423705454 0.0011969414900774272
      vertex -0.0010627696627617648 0.0014333329423705451 0.0011453920346280694
      vertex -0.0010043581520286014 0.002266666911486756 0.0011969414900774228
    endloop
  endfacet
  facet normal 0.0 0.0 0.0
    outer loop
      vertex -0.0010043581520286014 0.002266666911486756 0.0011969414900774228
      vertex -0.0010627696627617648 0.0014333329423705451 0.0011453920346280694
      vertex -0.001062769662761763 0.002266666911486756 0.001145392034628065
    endloop
  endfacet
  facet normal 0.0 0.0 0.0
    outer loop
      vertex -0.001062769662761763 0.002266666911486756 0.001145392034628065
      vertex -0.0010627696627617648 0.0014333329423705451 0.0011453920346280694
      vertex -0.001118540894301103 0.002266666911486756 0.0010909971539965228
    endloop
  endfacet
  facet normal 0.0 0.0 0.0
    outer loop
      vertex -0.0010627696627617648 0.0014333329423705451 0.0011453920346280694
      vertex -0.0011185408943011046 0.0014333329423705451 0.0010909971539965271
      vertex -0.001118540894301103 0.002266666911486756 0.0010909971539965228
    endloop
  endfacet
  facet normal 0.0 0.0 0.0
    outer loop
      vertex -0.0011185408943011046 0.0014333329423705451 0.0010909971539965271
      vertex -0.0011715345448577376 0.001433332942370545 0.00103388391342153
      vertex -0.001118540894301103 0.002266666911486756 0.0010909971539965228
    endloop
  endfacet
  facet normal 0.0 0.0 0.0
    outer loop
      vertex -0.001118540894301103 0.002266666911486756 0.0010909971539965228
      vertex -0.0011715345448577376 0.001433332942370545 0.00103388391342153
      vertex -0.0011715345448577359 0.0022666669114867555 0.001033883913421526
    endloop
  endfacet
  facet normal 0.0 0.0 0.0
    outer loop
      vertex -0.0011715345448577376 0.001433332942370545 0.00103388391342153
      vertex -0.0012216150229299853 0.0014333329423705447 0.0009742034437090522
      vertex -0.0011715345448577359 0.0022666669114867555 0.001033883913421526
    endloop
  endfacet
  facet normal 0.0 0.0 0.0
    outer loop
      vertex -0.0011715345448577359 0.0022666669114867555 0.001033883913421526
      vertex -0.0012216150229299853 0.0014333329423705447 0.0009742034437090522
      vertex -0.0012216150229299835 0.0022666669114867555 0.0009742034437090481
    endloop
  endfacet
  facet normal 0.0 0.0 0.0
    outer loop
      vertex -0.0012216150229299853 0.0014333329423705447 0.0009742034437090522
      vertex -0.001268652325836178 0.0014333329423705445 0.0009121004317014555
      vertex -0.0012216150229299835 0.0022666669114867555 0.0009742034437090481
    endloop
  endfacet
  facet normal 0.0 0.0 0.0
    outer loop
      vertex -0.0012216150229299835 0.0022666669114867555 0.0009742034437090481
      vertex -0.001268652325836178 0.0014333329423705445 0.0009121004317014555
      vertex -0.001268652325836176 0.002266666911486755 0.0009121004317014514
    endloop
  endfacet
  facet normal 0.0 0.0 0.0
    outer loop
      vertex -0.001268652325836178 0.0014333329423705445 0.0009121004317014555
      vertex -0.0013125378472847676 0.0014333329423705443 0.0008477313465589612
      vertex -0.001268652325836176 0.002266666911486755 0.0009121004317014514
    endloop
  endfacet
  facet normal 0.0 0.0 0.0
    outer loop
      vertex -0.001268652325836176 0.002266666911486755 0.0009121004317014514
      vertex -0.0013125378472847676 0.0014333329423705443 0.0008477313465589612
      vertex -0.001312537847284766 0.002266666911486755 0.0008477313465589571
    endloop
  endfacet
  facet normal 0.0 0.0 0.0
    outer loop
      vertex -0.001312537847284766 0.002266666911486755 0.0008477313465589571
      vertex -0.0013125378472847676 0.0014333329423705443 0.0008477313465589612
      vertex -0.0013531629809842047 0.0022666669114867546 0.0007812526574417871
    endloop
  endfacet
  facet normal 0.0 0.0 0.0
    outer loop
      vertex -0.0013125378472847676 0.0014333329423705443 0.0008477313465589612
      vertex -0.0013531629809842066 0.001433332942370544 0.0007812526574417912
      vertex -0.0013531629809842047 0.0022666669114867546 0.0007812526574417871
    endloop
  endfacet
  facet normal 0.0 0.0 0.0
    outer loop
      vertex -0.0013531629809842066 0.001433332942370544 0.0007812526574417912
      vertex -0.0013904235001072748 0.0014333329423705438 0.0007128314064723464
      vertex -0.0013531629809842047 0.0022666669114867546 0.0007812526574417871
    endloop
  endfacet
  facet normal 0.0 0.0 0.0
    outer loop
      vertex -0.0013531629809842047 0.0022666669114867546 0.0007812526574417871
      vertex -0.0013904235001072748 0.0014333329423705438 0.0007128314064723464
      vertex -0.001390423500107273 0.0022666669114867546 0.0007128314064723423
    endloop
  endfacet
  facet normal 0.0 0.0 0.0
    outer loop
      vertex -0.001390423500107273 0.0022666669114867546 0.0007128314064723423
      vertex -0.001424225146111093 0.0014333329423705434 0.0006426387647715945
      vertex -0.001424225146111091 0.002266666911486754 0.0006426387647715904
    endloop
  endfacet
  facet normal 0.0 0.0 0.0
    outer loop
      vertex -0.0013904235001072748 0.0014333329423705438 0.0007128314064723464
      vertex -0.001424225146111093 0.0014333329423705434 0.0006426387647715945
      vertex -0.001390423500107273 0.0022666669114867546 0.0007128314064723423
    endloop
  endfacet
  facet normal 0.0 0.0 0.0
    outer loop
      vertex -0.001424225146111091 0.002266666911486754 0.0006426387647715904
      vertex -0.001424225146111093 0.0014333329423705434 0.0006426387647715945
      vertex -0.0014544906773785705 0.0022666669114867538 0.0005708471128161797
    endloop
  endfacet
  facet normal 0.0 0.0 0.0
    outer loop
      vertex -0.001424225146111093 0.0014333329423705434 0.0006426387647715945
      vertex -0.0014544906773785722 0.0014333329423705432 0.0005708471128161837
      vertex -0.0014544906773785705 0.0022666669114867538 0.0005708471128161797
    endloop
  endfacet
  facet normal 0.0 0.0 0.0
    outer loop
      vertex -0.0014544906773785722 0.0014333329423705432 0.0005708471128161837
      vertex -0.0014811372634726148 0.001433332942370543 0.0004976352750463755
      vertex -0.0014544906773785705 0.0022666669114867538 0.0005708471128161797
    endloop
  endfacet
  facet normal 0.0 0.0 0.0
    outer loop
      vertex -0.0014544906773785705 0.0022666669114867538 0.0005708471128161797
      vertex -0.0014811372634726148 0.001433332942370543 0.0004976352750463755
      vertex -0.001481137263472613 0.0022666669114867538 0.0004976352750463713
    endloop
  endfacet
  facet normal 0.0 0.0 0.0
    outer loop
      vertex -0.001481137263472613 0.0022666669114867538 0.0004976352750463713
      vertex -0.0014811372634726148 0.001433332942370543 0.0004976352750463755
      vertex -0.0015041005507033555 0.0022666669114867533 0.00042318680957883326
    endloop
  endfacet
  facet normal 0.0 0.0 0.0
    outer loop
      vertex -0.0015041005507033555 0.0022666669114867533 0.00042318680957883326
      vertex -0.0015041005507033575 0.0014333329423705425 0.0004231868095788375
      vertex -0.0015233261536652738 0.002266666911486753 0.0003476894035288005
    endloop
  endfacet
  facet normal 0.0 0.0 0.0
    outer loop
      vertex -0.0014811372634726148 0.001433332942370543 0.0004976352750463755
      vertex -0.0015041005507033575 0.0014333329423705425 0.0004231868095788375
      vertex -0.0015041005507033555 0.0022666669114867533 0.00042318680957883326
    endloop
  endfacet
  facet normal 0.0 0.0 0.0
    outer loop
      vertex -0.0015041005507033575 0.0014333329423705425 0.0004231868095788375
      vertex -0.0015233261536652756 0.0014333329423705423 0.00034768940352880465
      vertex -0.0015233261536652738 0.002266666911486753 0.0003476894035288005
    endloop
  endfacet
  facet normal 0.0 0.0 0.0
    outer loop
      vertex -0.0015233261536652738 0.002266666911486753 0.0003476894035288005
      vertex -0.0015387652757728554 0.001433332942370542 0.0002713243000478995
      vertex -0.0015387652757728537 0.0022666669114867525 0.00027132430004789525
    endloop
  endfacet
  facet normal 0.0 0.0 0.0
    outer loop
      vertex -0.0015233261536652756 0.0014333329423705423 0.00034768940352880465
      vertex -0.0015387652757728554 0.001433332942370542 0.0002713243000478995
      vertex -0.0015233261536652738 0.002266666911486753 0.0003476894035288005
    endloop
  endfacet
  facet normal 0.0 0.0 0.0
    outer loop
      vertex -0.0015387652757728537 0.0022666669114867525 0.00027132430004789525
      vertex -0.0015503749597263537 0.0014333329423705415 0.0001942868395706502
      vertex -0.001550374959726352 0.0022666669114867525 0.00019428683957064603
    endloop
  endfacet
  facet normal 0.0 0.0 0.0
    outer loop
      vertex -0.0015387652757728554 0.001433332942370542 0.0002713243000478995
      vertex -0.0015503749597263537 0.0014333329423705415 0.0001942868395706502
      vertex -0.0015387652757728537 0.0022666669114867525 0.00027132430004789525
    endloop
  endfacet
  facet normal 0.0 0.0 0.0
    outer loop
      vertex -0.001550374959726352 0.0022666669114867525 0.00019428683957064603
      vertex -0.0015581333941503874 0.0014333329423705412 0.00011676360360292629
      vertex -0.0015581333941503857 0.002266666911486752 0.00011676360360292211
    endloop
  endfacet
  facet normal 0.0 0.0 0.0
    outer loop
      vertex -0.0015503749597263537 0.0014333329423705415 0.0001942868395706502
      vertex -0.0015581333941503874 0.0014333329423705412 0.00011676360360292629
      vertex -0.001550374959726352 0.0022666669114867525 0.00019428683957064603
    endloop
  endfacet
  facet normal 0.0 0.0 0.0
    outer loop
      vertex -0.0015581333941503857 0.002266666911486752 0.00011676360360292211
      vertex -0.0015620160984924493 0.0014333329423705408 3.895466625566338e-05
      vertex -0.0015620160984924475 0.0022666669114867516 3.8954666255659204e-05
    endloop
  endfacet
  facet normal 0.0 0.0 0.0
    outer loop
      vertex -0.0015620160984924475 0.0022666669114867516 3.8954666255659204e-05
      vertex -0.0015620160984924493 0.0014333329423705408 3.895466625566338e-05
      vertex -0.0015620168184815025 0.002266666911486751 -3.895570593031887e-05
    endloop
  endfacet
  facet normal 0.0 0.0 0.0
    outer loop
      vertex -0.0015581333941503874 0.0014333329423705412 0.00011676360360292629
      vertex -0.0015620160984924493 0.0014333329423705408 3.895466625566338e-05
      vertex -0.0015581333941503857 0.002266666911486752 0.00011676360360292211
    endloop
  endfacet
  facet normal 0.0 0.0 0.0
    outer loop
      vertex -0.0015620160984924493 0.0014333329423705408 3.895466625566338e-05
      vertex -0.0015620168184815042 0.0014333329423705404 -3.8955705930314694e-05
      vertex -0.0015620168184815025 0.002266666911486751 -3.895570593031887e-05
    endloop
  endfacet
  facet normal 0.0 0.0 0.0
    outer loop
      vertex -0.0015620168184815025 0.002266666911486751 -3.895570593031887e-05
      vertex -0.0015581280904908366 0.00143333294237054 -0.00011676622948839168
      vertex -0.0015581280904908349 0.0022666669114867507 -0.00011676622948839587
    endloop
  endfacet
  facet normal 0.0 0.0 0.0
    outer loop
      vertex -0.0015581280904908349 0.0022666669114867507 -0.00011676622948839587
      vertex -0.0015581280904908366 0.00143333294237054 -0.00011676622948839168
      vertex -0.0015503706454595406 0.0022666669114867503 -0.0001942872995235003
    endloop
  endfacet
  facet normal 0.0 0.0 0.0
    outer loop
      vertex -0.0015620168184815042 0.0014333329423705404 -3.8955705930314694e-05
      vertex -0.0015581280904908366 0.00143333294237054 -0.00011676622948839168
      vertex -0.0015620168184815025 0.002266666911486751 -3.895570593031887e-05
    endloop
  endfacet
  facet normal 0.0 0.0 0.0
    outer loop
      vertex -0.0015581280904908366 0.00143333294237054 -0.00011676622948839168
      vertex -0.0015503706454595423 0.0014333329423705395 -0.00019428729952349614
      vertex -0.0015503706454595406 0.0022666669114867503 -0.0001942872995235003
    endloop
  endfacet
  facet normal 0.0 0.0 0.0
    outer loop
      vertex -0.0015503706454595406 0.0022666669114867503 -0.0001942872995235003
      vertex -0.0015387596255067078 0.0014333329423705393 -0.0002713228671769439
      vertex -0.001538759625506706 0.00226666691148675 -0.00027132286717694814
    endloop
  endfacet
  facet normal 0.0 0.0 0.0
    outer loop
      vertex -0.0015503706454595423 0.0014333329423705395 -0.00019428729952349614
      vertex -0.0015387596255067078 0.0014333329423705393 -0.0002713228671769439
      vertex -0.0015503706454595406 0.0022666669114867503 -0.0001942872995235003
    endloop
  endfacet
  facet normal 0.0 0.0 0.0
    outer loop
      vertex -0.001538759625506706 0.00226666691148675 -0.00027132286717694814
      vertex -0.0015233228102128817 0.0014333329423705389 -0.00034768624719654957
      vertex -0.00152332281021288 0.0022666669114867494 -0.0003476862471965538
    endloop
  endfacet
  facet normal 0.0 0.0 0.0
    outer loop
      vertex -0.0015387596255067078 0.0014333329423705393 -0.0002713228671769439
      vertex -0.0015233228102128817 0.0014333329423705389 -0.00034768624719654957
      vertex -0.001538759625506706 0.00226666691148675 -0.00027132286717694814
    endloop
  endfacet
  facet normal 0.0 0.0 0.0
    outer loop
      vertex -0.0015233228102128817 0.0014333329423705389 -0.00034768624719654957
      vertex -0.0015040979474429516 0.0014333329423705384 -0.0004231866253315607
      vertex -0.00152332281021288 0.0022666669114867494 -0.0003476862471965538
    endloop
  endfacet
  facet normal 0.0 0.0 0.0
    outer loop
      vertex -0.00152332281021288 0.0022666669114867494 -0.0003476862471965538
      vertex -0.0015040979474429516 0.0014333329423705384 -0.0004231866253315607
      vertex -0.0015040979474429499 0.002266666911486749 -0.00042318662533156494
    endloop
  endfacet
  facet normal 0.0 0.0 0.0
    outer loop
      vertex -0.0015040979474429516 0.0014333329423705384 -0.0004231866253315607
      vertex -0.0014811383421661547 0.0014333329423705378 -0.0004976355022962707
      vertex -0.0015040979474429499 0.002266666911486749 -0.00042318662533156494
    endloop
  endfacet
  facet normal 0.0 0.0 0.0
    outer loop
      vertex -0.0015040979474429499 0.002266666911486749 -0.00042318662533156494
      vertex -0.0014811383421661547 0.0014333329423705378 -0.0004976355022962707
      vertex -0.0014811383421661527 0.0022666669114867486 -0.0004976355022962748
    endloop
  endfacet
  facet normal 0.0 0.0 0.0
    outer loop
      vertex -0.0014811383421661527 0.0022666669114867486 -0.0004976355022962748
      vertex -0.0014811383421661547 0.0014333329423705378 -0.0004976355022962707
      vertex -0.0014544887908888291 0.0022666669114867486 -0.0005708449834828176
    endloop
  endfacet
  facet normal 0.0 0.0 0.0
    outer loop
      vertex -0.0014811383421661547 0.0014333329423705378 -0.0004976355022962707
      vertex -0.0014544887908888309 0.0014333329423705373 -0.0005708449834828135
      vertex -0.0014544887908888291 0.0022666669114867486 -0.0005708449834828176
    endloop
  endfacet
  facet normal 0.0 0.0 0.0
    outer loop
      vertex -0.0014544887908888309 0.0014333329423705373 -0.0005708449834828135
      vertex -0.0014242307931460285 0.001433332942370537 -0.0006426382481770264
      vertex -0.0014544887908888291 0.0022666669114867486 -0.0005708449834828176
    endloop
  endfacet
  facet normal 0.0 0.0 0.0
    outer loop
      vertex -0.0014544887908888291 0.0022666669114867486 -0.0005708449834828176
      vertex -0.0014242307931460285 0.001433332942370537 -0.0006426382481770264
      vertex -0.0014242307931460268 0.002266666911486748 -0.0006426382481770305
    endloop
  endfacet
  facet normal 0.0 0.0 0.0
    outer loop
      vertex -0.0014242307931460285 0.001433332942370537 -0.0006426382481770264
      vertex -0.001390424702548437 0.0014333329423705365 -0.0007128297167360895
      vertex -0.0014242307931460268 0.002266666911486748 -0.0006426382481770305
    endloop
  endfacet
  facet normal 0.0 0.0 0.0
    outer loop
      vertex -0.0014242307931460268 0.002266666911486748 -0.0006426382481770305
      vertex -0.001390424702548437 0.0014333329423705365 -0.0007128297167360895
      vertex -0.0013904247025484354 0.0022666669114867477 -0.0007128297167360937
    endloop
  endfacet
  facet normal 0.0 0.0 0.0
    outer loop
      vertex -0.0013904247025484354 0.0022666669114867477 -0.0007128297167360937
      vertex -0.001390424702548437 0.0014333329423705365 -0.0007128297167360895
      vertex -0.001353164656092566 0.0022666669114867473 -0.0007812519320523429
    endloop
  endfacet
  facet normal 0.0 0.0 0.0
    outer loop
      vertex -0.001390424702548437 0.0014333329423705365 -0.0007128297167360895
      vertex -0.0013531646560925677 0.001433332942370536 -0.0007812519320523388
      vertex -0.001353164656092566 0.0022666669114867473 -0.0007812519320523429
    endloop
  endfacet
  facet normal 0.0 0.0 0.0
    outer loop
      vertex -0.0013531646560925677 0.001433332942370536 -0.0007812519320523388
      vertex -0.0013125406617763638 0.0014333329423705356 -0.0008477274687337719
      vertex -0.001353164656092566 0.0022666669114867473 -0.0007812519320523429
    endloop
  endfacet
  facet normal 0.0 0.0 0.0
    outer loop
      vertex -0.001353164656092566 0.0022666669114867473 -0.0007812519320523429
      vertex -0.0013125406617763638 0.0014333329423705356 -0.0008477274687337719
      vertex -0.001312540661776362 0.002266666911486747 -0.000847727468733776
    endloop
  endfacet
  facet normal 0.0 0.0 0.0
    outer loop
      vertex -0.001312540661776362 0.002266666911486747 -0.000847727468733776
      vertex -0.0013125406617763638 0.0014333329423705356 -0.0008477274687337719
      vertex -0.0012686509855949016 0.0022666669114867464 -0.0009120988379570682
    endloop
  endfacet
  facet normal 0.0 0.0 0.0
    outer loop
      vertex -0.0013125406617763638 0.0014333329423705356 -0.0008477274687337719
      vertex -0.0012686509855949033 0.0014333329423705352 -0.0009120988379570641
      vertex -0.0012686509855949016 0.0022666669114867464 -0.0009120988379570682
    endloop
  endfacet
  facet normal 0.0 0.0 0.0
    outer loop
      vertex -0.0012686509855949016 0.0022666669114867464 -0.0009120988379570682
      vertex -0.0012686509855949033 0.0014333329423705352 -0.0009120988379570641
      vertex -0.0012216123702904968 0.002266666911486746 -0.0009742038172224875
    endloop
  endfacet
  facet normal 0.0 0.0 0.0
    outer loop
      vertex -0.0012686509855949033 0.0014333329423705352 -0.0009120988379570641
      vertex -0.0012216123702904985 0.001433332942370535 -0.0009742038172224834
      vertex -0.0012216123702904968 0.002266666911486746 -0.0009742038172224875
    endloop
  endfacet
  facet normal 0.0 0.0 0.0
    outer loop
      vertex -0.0012216123702904985 0.001433332942370535 -0.0009742038172224834
      vertex -0.001171531590321123 0.0014333329423705345 -0.001033884313028865
      vertex -0.0012216123702904968 0.002266666911486746 -0.0009742038172224875
    endloop
  endfacet
  facet normal 0.0 0.0 0.0
    outer loop
      vertex -0.0012216123702904968 0.002266666911486746 -0.0009742038172224875
      vertex -0.001171531590321123 0.0014333329423705345 -0.001033884313028865
      vertex -0.0011715315903211214 0.0022666669114867455 -0.0010338843130288692
    endloop
  endfacet
  facet normal 0.0 0.0 0.0
    outer loop
      vertex -0.001171531590321123 0.0014333329423705345 -0.001033884313028865
      vertex -0.0011185436147105618 0.001433332942370534 -0.0010909939104465883
      vertex -0.0011715315903211214 0.0022666669114867455 -0.0010338843130288692
    endloop
  endfacet
  facet normal 0.0 0.0 0.0
    outer loop
      vertex -0.0011715315903211214 0.0022666669114867455 -0.0010338843130288692
      vertex -0.0011185436147105618 0.001433332942370534 -0.0010909939104465883
      vertex -0.00111854361471056 0.002266666911486745 -0.0010909939104465924
    endloop
  endfacet
  facet normal 0.0 0.0 0.0
    outer loop
      vertex -0.00111854361471056 0.002266666911486745 -0.0010909939104465924
      vertex -0.0011185436147105618 0.001433332942370534 -0.0010909939104465883
      vertex -0.0010627719843768163 0.0022666669114867447 -0.0011453938478653298
    endloop
  endfacet
  facet normal 0.0 0.0 0.0
    outer loop
      vertex -0.0011185436147105618 0.001433332942370534 -0.0010909939104465883
      vertex -0.001062771984376818 0.0014333329423705337 -0.0011453938478653257
      vertex -0.0010627719843768163 0.0022666669114867447 -0.0011453938478653298
    endloop
  endfacet
  facet normal 0.0 0.0 0.0
    outer loop
      vertex -0.001062771984376818 0.0014333329423705337 -0.0011453938478653257
      vertex -0.0010043572571636862 0.0014333329423705332 -0.001196944154319069
      vertex -0.0010627719843768163 0.0022666669114867447 -0.0011453938478653298
    endloop
  endfacet
  facet normal 0.0 0.0 0.0
    outer loop
      vertex -0.0010627719843768163 0.0022666669114867447 -0.0011453938478653298
      vertex -0.0010043572571636862 0.0014333329423705332 -0.001196944154319069
      vertex -0.0010043572571636842 0.0022666669114867442 -0.001196944154319073
    endloop
  endfacet
  facet normal 0.0 0.0 0.0
    outer loop
      vertex -0.0010043572571636862 0.0014333329423705332 -0.001196944154319069
      vertex -0.0009434426600920851 0.001433332942370533 -0.0012455183514468754
      vertex -0.0010043572571636842 0.0022666669114867442 -0.001196944154319073
    endloop
  endfacet
  facet normal 0.0 0.0 0.0
    outer loop
      vertex -0.0010043572571636842 0.0022666669114867442 -0.001196944154319073
      vertex -0.0009434426600920851 0.001433332942370533 -0.0012455183514468754
      vertex -0.0009434426600920834 0.002266666911486744 -0.0012455183514468798
    endloop
  endfacet
  facet normal 0.0 0.0 0.0
    outer loop
      vertex -0.0009434426600920834 0.002266666911486744 -0.0012455183514468798
      vertex -0.0009434426600920851 0.001433332942370533 -0.0012455183514468754
      vertex -0.0008801855174658369 0.002266666911486744 -0.0012909958001735792
    endloop
  endfacet
  facet normal 0.0 0.0 0.0
    outer loop
      vertex -0.0009434426600920851 0.001433332942370533 -0.0012455183514468754
      vertex -0.0008801855174658388 0.0014333329423705326 -0.0012909958001735748
      vertex -0.0008801855174658369 0.002266666911486744 -0.0012909958001735792
    endloop
  endfacet
  facet normal 0.0 0.0 0.0
    outer loop
      vertex -0.0008801855174658388 0.0014333329423705326 -0.0012909958001735748
      vertex -0.0008147387741244427 0.0014333329423705324 -0.0013332664343861755
      vertex -0.0008801855174658369 0.002266666911486744 -0.0012909958001735792
    endloop
  endfacet
  facet normal 0.0 0.0 0.0
    outer loop
      vertex -0.0008801855174658369 0.002266666911486744 -0.0012909958001735792
      vertex -0.0008147387741244427 0.0014333329423705324 -0.0013332664343861755
      vertex -0.000814738774124441 0.0022666669114867434 -0.0013332664343861799
    endloop
  endfacet
  facet normal 0.0 0.0 0.0
    outer loop
      vertex -0.0008147387741244427 0.0014333329423705324 -0.0013332664343861755
      vertex -0.0007472709320117406 0.001433332942370532 -0.0013722225029367322
      vertex -0.000814738774124441 0.0022666669114867434 -0.0013332664343861799
    endloop
  endfacet
  facet normal 0.0 0.0 0.0
    outer loop
      vertex -0.000814738774124441 0.0022666669114867434 -0.0013332664343861799
      vertex -0.0007472709320117406 0.001433332942370532 -0.0013722225029367322
      vertex -0.0007472709320117389 0.002266666911486743 -0.0013722225029367363
    endloop
  endfacet
  facet normal 0.0 0.0 0.0
    outer loop
      vertex -0.0007472709320117389 0.002266666911486743 -0.0013722225029367363
      vertex -0.0007472709320117406 0.001433332942370532 -0.0013722225029367322
      vertex -0.0006779461136072459 0.0022666669114867425 -0.0014077668276394825
    endloop
  endfacet
  facet normal 0.0 0.0 0.0
    outer loop
      vertex -0.0007472709320117406 0.001433332942370532 -0.0013722225029367322
      vertex -0.0006779461136072477 0.0014333329423705317 -0.0014077668276394784
      vertex -0.0006779461136072459 0.0022666669114867425 -0.0014077668276394825
    endloop
  endfacet
  facet normal 0.0 0.0 0.0
    outer loop
      vertex -0.0006779461136072477 0.0014333329423705317 -0.0014077668276394784
      vertex -0.0006069269815690358 0.0014333329423705313 -0.0014398057546293748
      vertex -0.0006779461136072459 0.0022666669114867425 -0.0014077668276394825
    endloop
  endfacet
  facet normal 0.0 0.0 0.0
    outer loop
      vertex -0.0006779461136072459 0.0022666669114867425 -0.0014077668276394825
      vertex -0.0006069269815690358 0.0014333329423705313 -0.0014398057546293748
      vertex -0.000606926981569034 0.0022666669114867425 -0.001439805754629379
    endloop
  endfacet
  facet normal 0.0 0.0 0.0
    outer loop
      vertex -0.0006069269815690358 0.0014333329423705313 -0.0014398057546293748
      vertex -0.0005344070622981114 0.001433332942370531 -0.0014682708012179909
      vertex -0.000606926981569034 0.0022666669114867425 -0.001439805754629379
    endloop
  endfacet
  facet normal 0.0 0.0 0.0
    outer loop
      vertex -0.000606926981569034 0.0022666669114867425 -0.001439805754629379
      vertex -0.0005344070622981114 0.001433332942370531 -0.0014682708012179909
      vertex -0.0005344070622981097 0.002266666911486742 -0.001468270801217995
    endloop
  endfacet
  facet normal 0.0 0.0 0.0
    outer loop
      vertex -0.0005344070622981097 0.002266666911486742 -0.001468270801217995
      vertex -0.0005344070622981114 0.001433332942370531 -0.0014682708012179909
      vertex -0.0004605516876296688 0.0022666669114867416 -0.0014930818061453565
    endloop
  endfacet
  facet normal 0.0 0.0 0.0
    outer loop
      vertex -0.0005344070622981114 0.001433332942370531 -0.0014682708012179909
      vertex -0.00046055168762967056 0.0014333329423705308 -0.0014930818061453523
      vertex -0.0004605516876296688 0.0022666669114867416 -0.0014930818061453565
    endloop
  endfacet
  facet normal 0.0 0.0 0.0
    outer loop
      vertex -0.0004605516876296688 0.0022666669114867416 -0.0014930818061453565
      vertex -0.0003855570531418441 0.0014333329423705304 -0.0015141837793280946
      vertex -0.0003855570531418423 0.0022666669114867416 -0.0015141837793280987
    endloop
  endfacet
  facet normal 0.0 0.0 0.0
    outer loop
      vertex -0.00046055168762967056 0.0014333329423705308 -0.0014930818061453523
      vertex -0.0003855570531418441 0.0014333329423705304 -0.0015141837793280946
      vertex -0.0004605516876296688 0.0022666669114867416 -0.0014930818061453565
    endloop
  endfacet
  facet normal 0.0 0.0 0.0
    outer loop
      vertex -0.0003855570531418423 0.0022666669114867416 -0.0015141837793280987
      vertex -0.00030960379730841383 0.0014333329423705302 -0.001531519415717808
      vertex -0.00030960379730841204 0.002266666911486741 -0.001531519415717812
    endloop
  endfacet
  facet normal 0.0 0.0 0.0
    outer loop
      vertex -0.0003855570531418441 0.0014333329423705304 -0.0015141837793280946
      vertex -0.00030960379730841383 0.0014333329423705302 -0.001531519415717808
      vertex -0.0003855570531418423 0.0022666669114867416 -0.0015141837793280987
    endloop
  endfacet
  facet normal 0.0 0.0 0.0
    outer loop
      vertex -0.00030960379730841204 0.002266666911486741 -0.001531519415717812
      vertex -0.0002328822764217384 0.00143333294237053 -0.0015450478225140323
      vertex -0.00023288227642173664 0.002266666911486741 -0.0015450478225140364
    endloop
  endfacet
  facet normal 0.0 0.0 0.0
    outer loop
      vertex -0.00023288227642173664 0.002266666911486741 -0.0015450478225140364
      vertex -0.0002328822764217384 0.00143333294237053 -0.0015450478225140323
      vertex -0.00015557141866839286 0.0022666669114867408 -0.0015547357602356071
    endloop
  endfacet
  facet normal 0.0 0.0 0.0
    outer loop
      vertex -0.00030960379730841383 0.0014333329423705302 -0.001531519415717808
      vertex -0.0002328822764217384 0.00143333294237053 -0.0015450478225140323
      vertex -0.00030960379730841204 0.002266666911486741 -0.001531519415717812
    endloop
  endfacet
  facet normal 0.0 0.0 0.0
    outer loop
      vertex -0.0002328822764217384 0.00143333294237053 -0.0015450478225140323
      vertex -0.0001555714186683946 0.0014333329423705298 -0.001554735760235603
      vertex -0.00015557141866839286 0.0022666669114867408 -0.0015547357602356071
    endloop
  endfacet
  facet normal 0.0 0.0 0.0
    outer loop
      vertex -0.0001555714186683946 0.0014333329423705298 -0.001554735760235603
      vertex -7.788831508510938e-05 0.0014333329423705295 -0.0015605575389743315
      vertex -0.00015557141866839286 0.0022666669114867408 -0.0015547357602356071
    endloop
  endfacet
  facet normal 0.0 0.0 0.0
    outer loop
      vertex -0.00015557141866839286 0.0022666669114867408 -0.0015547357602356071
      vertex -7.788831508510938e-05 0.0014333329423705295 -0.0015605575389743315
      vertex -7.788831508510763e-05 0.0022666669114867408 -0.0015605575389743358
    endloop
  endfacet
  facet normal 0.0 0.0 0.0
    outer loop
      vertex -7.788831508510938e-05 0.0014333329423705295 -0.0015605575389743315
      vertex -3.1349298010620937e-09 0.0014333329423705295 -0.0015625010651734107
      vertex -7.788831508510763e-05 0.0022666669114867408 -0.0015605575389743358
    endloop
  endfacet
  facet normal 0.0 0.0 0.0
    outer loop
      vertex -7.788831508510763e-05 0.0022666669114867408 -0.0015605575389743358
      vertex -3.1349298010620937e-09 0.0014333329423705295 -0.0015625010651734107
      vertex -3.1349297993058623e-09 0.0022666669114867403 -0.001562501065173415
    endloop
  endfacet
  facet normal 0.0 0.0 0.0
    outer loop
      vertex -3.1349298010620937e-09 0.0014333329423705295 -0.0015625010651734107
      vertex 7.788283833091411e-05 0.0014333329423705293 -0.0015605588752061255
      vertex -3.1349297993058623e-09 0.0022666669114867403 -0.001562501065173415
    endloop
  endfacet
  facet normal 0.0 0.0 0.0
    outer loop
      vertex -3.1349297993058623e-09 0.0022666669114867403 -0.001562501065173415
      vertex 7.788283833091411e-05 0.0014333329423705293 -0.0015605588752061255
      vertex 7.788283833091586e-05 0.0022666669114867403 -0.0015605588752061297
    endloop
  endfacet
  facet normal 0.0 0.0 0.0
    outer loop
      vertex 7.788283833091411e-05 0.0014333329423705293 -0.0015605588752061255
      vertex 0.0001555741605161927 0.001433332942370529 -0.0015547376027286656
      vertex 7.788283833091586e-05 0.0022666669114867403 -0.0015605588752061297
    endloop
  endfacet
  facet normal 0.0 0.0 0.0
    outer loop
      vertex 7.788283833091586e-05 0.0022666669114867403 -0.0015605588752061297
      vertex 0.0001555741605161927 0.001433332942370529 -0.0015547376027286656
      vertex 0.00015557416051619445 0.0022666669114867403 -0.00155473760272867
    endloop
  endfacet
  facet normal 0.0 0.0 0.0
    outer loop
      vertex 0.0001555741605161927 0.001433332942370529 -0.0015547376027286656
      vertex 0.00023287684726663375 0.001433332942370529 -0.0015450474057179479
      vertex 0.00015557416051619445 0.0022666669114867403 -0.00155473760272867
    endloop
  endfacet
  facet normal 0.0 0.0 0.0
    outer loop
      vertex 0.00015557416051619445 0.0022666669114867403 -0.00155473760272867
      vertex 0.00023287684726663375 0.001433332942370529 -0.0015450474057179479
      vertex 0.00023287684726663548 0.00226666691148674 -0.0015450474057179522
    endloop
  endfacet
  facet normal 0.0 0.0 0.0
    outer loop
      vertex 0.00023287684726663548 0.00226666691148674 -0.0015450474057179522
      vertex 0.00023287684726663375 0.001433332942370529 -0.0015450474057179479
      vertex 0.0003096056731514966 0.00226666691148674 -0.001531519588075252
    endloop
  endfacet
  facet normal 0.0 0.0 0.0
    outer loop
      vertex 0.00023287684726663375 0.001433332942370529 -0.0015450474057179479
      vertex 0.0003096056731514948 0.0014333329423705287 -0.0015315195880752476
      vertex 0.0003096056731514966 0.00226666691148674 -0.001531519588075252
    endloop
  endfacet
  facet normal 0.0 0.0 0.0
    outer loop
      vertex 0.0003096056731514948 0.0014333329423705287 -0.0015315195880752476
      vertex 0.00038555839581424156 0.0014333329423705287 -0.0015141842443461592
      vertex 0.0003096056731514966 0.00226666691148674 -0.001531519588075252
    endloop
  endfacet
  facet normal 0.0 0.0 0.0
    outer loop
      vertex 0.0003096056731514966 0.00226666691148674 -0.001531519588075252
      vertex 0.00038555839581424156 0.0014333329423705287 -0.0015141842443461592
      vertex 0.00038555839581424334 0.00226666691148674 -0.0015141842443461635
    endloop
  endfacet
  facet normal 0.0 0.0 0.0
    outer loop
      vertex 0.00038555839581424156 0.0014333329423705287 -0.0015141842443461592
      vertex 0.00046055416928846075 0.0014333329423705287 -0.0014930832513941371
      vertex 0.00038555839581424334 0.00226666691148674 -0.0015141842443461635
    endloop
  endfacet
  facet normal 0.0 0.0 0.0
    outer loop
      vertex 0.00038555839581424334 0.00226666691148674 -0.0015141842443461635
      vertex 0.00046055416928846075 0.0014333329423705287 -0.0014930832513941371
      vertex 0.00046055416928846254 0.00226666691148674 -0.0014930832513941415
    endloop
  endfacet
  facet normal 0.0 0.0 0.0
    outer loop
      vertex 0.00046055416928846075 0.0014333329423705287 -0.0014930832513941371
      vertex 0.000534408018609172 0.0014333329423705287 -0.0014682684543669755
      vertex 0.00046055416928846254 0.00226666691148674 -0.0014930832513941415
    endloop
  endfacet
  facet normal 0.0 0.0 0.0
    outer loop
      vertex 0.00046055416928846254 0.00226666691148674 -0.0014930832513941415
      vertex 0.000534408018609172 0.0014333329423705287 -0.0014682684543669755
      vertex 0.0005344080186091739 0.00226666691148674 -0.0014682684543669798
    endloop
  endfacet
  facet normal 0.0 0.0 0.0
    outer loop
      vertex 0.000534408018609172 0.0014333329423705287 -0.0014682684543669755
      vertex 0.0006069322996342717 0.0014333329423705285 -0.001439805191017533
      vertex 0.0005344080186091739 0.00226666691148674 -0.0014682684543669798
    endloop
  endfacet
  facet normal 0.0 0.0 0.0
    outer loop
      vertex 0.0005344080186091739 0.00226666691148674 -0.0014682684543669798
      vertex 0.0006069322996342717 0.0014333329423705285 -0.001439805191017533
      vertex 0.0006069322996342736 0.00226666691148674 -0.001439805191017537
    endloop
  endfacet
  facet normal 0.0 0.0 0.0
    outer loop
      vertex 0.0006069322996342717 0.0014333329423705285 -0.001439805191017533
      vertex 0.000677942287864542 0.0014333329423705287 -0.001407765847740121
      vertex 0.0006069322996342736 0.00226666691148674 -0.001439805191017537
    endloop
  endfacet
  facet normal 0.0 0.0 0.0
    outer loop
      vertex 0.0006069322996342736 0.00226666691148674 -0.001439805191017537
      vertex 0.000677942287864542 0.0014333329423705287 -0.001407765847740121
      vertex 0.0006779422878645438 0.00226666691148674 -0.0014077658477401251
    endloop
  endfacet
  facet normal 0.0 0.0 0.0
    outer loop
      vertex 0.000677942287864542 0.0014333329423705287 -0.001407765847740121
      vertex 0.0007472688159051138 0.0014333329423705287 -0.0013722204959640057
      vertex 0.0006779422878645438 0.00226666691148674 -0.0014077658477401251
    endloop
  endfacet
  facet normal 0.0 0.0 0.0
    outer loop
      vertex 0.0006779422878645438 0.00226666691148674 -0.0014077658477401251
      vertex 0.0007472688159051138 0.0014333329423705287 -0.0013722204959640057
      vertex 0.0007472688159051156 0.00226666691148674 -0.0013722204959640098
    endloop
  endfacet
  facet normal 0.0 0.0 0.0
    outer loop
      vertex 0.0007472688159051156 0.00226666691148674 -0.0013722204959640098
      vertex 0.0008147458864697665 0.0014333329423705287 -0.0013332667970064249
      vertex 0.0008147458864697683 0.00226666691148674 -0.0013332667970064292
    endloop
  endfacet
  facet normal 0.0 0.0 0.0
    outer loop
      vertex 0.0007472688159051138 0.0014333329423705287 -0.0013722204959640057
      vertex 0.0008147458864697665 0.0014333329423705287 -0.0013332667970064249
      vertex 0.0007472688159051156 0.00226666691148674 -0.0013722204959640098
    endloop
  endfacet
  facet normal 0.0 0.0 0.0
    outer loop
      vertex 0.0008147458864697683 0.00226666691148674 -0.0013332667970064292
      vertex 0.0008801890255250447 0.0014333329423705287 -0.0012909976785082078
      vertex 0.0008801890255250466 0.00226666691148674 -0.001290997678508212
    endloop
  endfacet
  facet normal 0.0 0.0 0.0
    outer loop
      vertex 0.0008147458864697665 0.0014333329423705287 -0.0013332667970064249
      vertex 0.0008801890255250447 0.0014333329423705287 -0.0012909976785082078
      vertex 0.0008147458864697683 0.00226666691148674 -0.0013332667970064292
    endloop
  endfacet
  facet normal 0.0 0.0 0.0
    outer loop
      vertex 0.0008801890255250466 0.00226666691148674 -0.001290997678508212
      vertex 0.0009434436638905098 0.001433332942370529 -0.0012455184551058856
      vertex 0.0009434436638905115 0.00226666691148674 -0.0012455184551058898
    endloop
  endfacet
  facet normal 0.0 0.0 0.0
    outer loop
      vertex 0.0008801890255250447 0.0014333329423705287 -0.0012909976785082078
      vertex 0.0009434436638905098 0.001433332942370529 -0.0012455184551058856
      vertex 0.0008801890255250466 0.00226666691148674 -0.001290997678508212
    endloop
  endfacet
  facet normal 0.0 0.0 0.0
    outer loop
      vertex 0.0009434436638905115 0.00226666691148674 -0.0012455184551058898
      vertex 0.0010043581520286094 0.001433332942370529 -0.0011969414900774413
      vertex 0.0010043581520286112 0.0022666669114867403 -0.0011969414900774456
    endloop
  endfacet
  facet normal 0.0 0.0 0.0
    outer loop
      vertex 0.0009434436638905098 0.001433332942370529 -0.0012455184551058856
      vertex 0.0010043581520286094 0.001433332942370529 -0.0011969414900774413
      vertex 0.0009434436638905115 0.00226666691148674 -0.0012455184551058898
    endloop
  endfacet
  facet normal 0.0 0.0 0.0
    outer loop
      vertex 0.0010043581520286112 0.0022666669114867403 -0.0011969414900774456
      vertex 0.0010627696627617711 0.0014333329423705293 -0.0011453920346280835
      vertex 0.0010627696627617728 0.0022666669114867403 -0.0011453920346280878
    endloop
  endfacet
  facet normal 0.0 0.0 0.0
    outer loop
      vertex 0.0010043581520286094 0.001433332942370529 -0.0011969414900774413
      vertex 0.0010627696627617711 0.0014333329423705293 -0.0011453920346280835
      vertex 0.0010043581520286112 0.0022666669114867403 -0.0011969414900774456
    endloop
  endfacet
  facet normal 0.0 0.0 0.0
    outer loop
      vertex 0.0010627696627617728 0.0022666669114867403 -0.0011453920346280878
      vertex 0.0011185408943011107 0.0014333329423705293 -0.0010909971539965412
      vertex 0.0011185408943011127 0.0022666669114867403 -0.0010909971539965456
    endloop
  endfacet
  facet normal 0.0 0.0 0.0
    outer loop
      vertex 0.0010627696627617711 0.0014333329423705293 -0.0011453920346280835
      vertex 0.0011185408943011107 0.0014333329423705293 -0.0010909971539965412
      vertex 0.0010627696627617728 0.0022666669114867403 -0.0011453920346280878
    endloop
  endfacet
  facet normal 0.0 0.0 0.0
    outer loop
      vertex 0.0011185408943011127 0.0022666669114867403 -0.0010909971539965456
      vertex 0.001171534544857744 0.0014333329423705295 -0.0010338839134215443
      vertex 0.0011715345448577456 0.0022666669114867408 -0.0010338839134215484
    endloop
  endfacet
  facet normal 0.0 0.0 0.0
    outer loop
      vertex 0.0011185408943011107 0.0014333329423705293 -0.0010909971539965412
      vertex 0.001171534544857744 0.0014333329423705295 -0.0010338839134215443
      vertex 0.0011185408943011127 0.0022666669114867403 -0.0010909971539965456
    endloop
  endfacet
  facet normal 0.0 0.0 0.0
    outer loop
      vertex 0.0011715345448577456 0.0022666669114867408 -0.0010338839134215484
      vertex 0.0012216150229299916 0.0014333329423705298 -0.0009742034437090667
      vertex 0.0012216150229299933 0.0022666669114867408 -0.0009742034437090708
    endloop
  endfacet
  facet normal 0.0 0.0 0.0
    outer loop
      vertex 0.001171534544857744 0.0014333329423705295 -0.0010338839134215443
      vertex 0.0012216150229299916 0.0014333329423705298 -0.0009742034437090667
      vertex 0.0011715345448577456 0.0022666669114867408 -0.0010338839134215484
    endloop
  endfacet
  facet normal 0.0 0.0 0.0
    outer loop
      vertex 0.0012216150229299933 0.0022666669114867408 -0.0009742034437090708
      vertex 0.001268652325836184 0.00143333294237053 -0.0009121004317014699
      vertex 0.0012686523258361858 0.002266666911486741 -0.000912100431701474
    endloop
  endfacet
  facet normal 0.0 0.0 0.0
    outer loop
      vertex 0.0012216150229299916 0.0014333329423705298 -0.0009742034437090667
      vertex 0.001268652325836184 0.00143333294237053 -0.0009121004317014699
      vertex 0.0012216150229299933 0.0022666669114867408 -0.0009742034437090708
    endloop
  endfacet
  facet normal 0.0 0.0 0.0
    outer loop
      vertex 0.0012686523258361858 0.002266666911486741 -0.000912100431701474
      vertex 0.001312537847284774 0.0014333329423705302 -0.0008477313465589756
      vertex 0.0013125378472847757 0.002266666911486741 -0.0008477313465589798
    endloop
  endfacet
  facet normal 0.0 0.0 0.0
    outer loop
      vertex 0.0013125378472847757 0.002266666911486741 -0.0008477313465589798
      vertex 0.001312537847284774 0.0014333329423705302 -0.0008477313465589756
      vertex 0.0013531629809842144 0.0022666669114867416 -0.0007812526574418097
    endloop
  endfacet
  facet normal 0.0 0.0 0.0
    outer loop
      vertex 0.001268652325836184 0.00143333294237053 -0.0009121004317014699
      vertex 0.001312537847284774 0.0014333329423705302 -0.0008477313465589756
      vertex 0.0012686523258361858 0.002266666911486741 -0.000912100431701474
    endloop
  endfacet
  facet normal 0.0 0.0 0.0
    outer loop
      vertex 0.001312537847284774 0.0014333329423705302 -0.0008477313465589756
      vertex 0.0013531629809842127 0.0014333329423705304 -0.0007812526574418056
      vertex 0.0013531629809842144 0.0022666669114867416 -0.0007812526574418097
    endloop
  endfacet
  facet normal 0.0 0.0 0.0
    outer loop
      vertex 0.0013531629809842144 0.0022666669114867416 -0.0007812526574418097
      vertex 0.0013904235001072811 0.0014333329423705306 -0.0007128314064723608
      vertex 0.0013904235001072828 0.0022666669114867416 -0.0007128314064723649
    endloop
  endfacet
  facet normal 0.0 0.0 0.0
    outer loop
      vertex 0.0013531629809842127 0.0014333329423705304 -0.0007812526574418056
      vertex 0.0013904235001072811 0.0014333329423705306 -0.0007128314064723608
      vertex 0.0013531629809842144 0.0022666669114867416 -0.0007812526574418097
    endloop
  endfacet
  facet normal 0.0 0.0 0.0
    outer loop
      vertex 0.0013904235001072828 0.0022666669114867416 -0.0007128314064723649
      vertex 0.001424225146111099 0.001433332942370531 -0.000642638764771609
      vertex 0.0014242251461111007 0.002266666911486742 -0.0006426387647716131
    endloop
  endfacet
  facet normal 0.0 0.0 0.0
    outer loop
      vertex 0.0014242251461111007 0.002266666911486742 -0.0006426387647716131
      vertex 0.001424225146111099 0.001433332942370531 -0.000642638764771609
      vertex 0.0014544906773785802 0.0022666669114867425 -0.0005708471128162022
    endloop
  endfacet
  facet normal 0.0 0.0 0.0
    outer loop
      vertex 0.0013904235001072811 0.0014333329423705306 -0.0007128314064723608
      vertex 0.001424225146111099 0.001433332942370531 -0.000642638764771609
      vertex 0.0013904235001072828 0.0022666669114867416 -0.0007128314064723649
    endloop
  endfacet
  facet normal 0.0 0.0 0.0
    outer loop
      vertex 0.001424225146111099 0.001433332942370531 -0.000642638764771609
      vertex 0.0014544906773785785 0.0014333329423705313 -0.0005708471128161982
      vertex 0.0014544906773785802 0.0022666669114867425 -0.0005708471128162022
    endloop
  endfacet
  facet normal 0.0 0.0 0.0
    outer loop
      vertex 0.0014544906773785785 0.0014333329423705313 -0.0005708471128161982
      vertex 0.0014811372634726209 0.0014333329423705315 -0.0004976352750463898
      vertex 0.0014544906773785802 0.0022666669114867425 -0.0005708471128162022
    endloop
  endfacet
  facet normal 0.0 0.0 0.0
    outer loop
      vertex 0.0014544906773785802 0.0022666669114867425 -0.0005708471128162022
      vertex 0.0014811372634726209 0.0014333329423705315 -0.0004976352750463898
      vertex 0.0014811372634726228 0.0022666669114867425 -0.000497635275046394
    endloop
  endfacet
  facet normal 0.0 0.0 0.0
    outer loop
      vertex 0.0014811372634726209 0.0014333329423705315 -0.0004976352750463898
      vertex 0.0015041005507033635 0.001433332942370532 -0.0004231868095788518
      vertex 0.0014811372634726228 0.0022666669114867425 -0.000497635275046394
    endloop
  endfacet
  facet normal 0.0 0.0 0.0
    outer loop
      vertex 0.0014811372634726228 0.0022666669114867425 -0.000497635275046394
      vertex 0.0015041005507033635 0.001433332942370532 -0.0004231868095788518
      vertex 0.0015041005507033653 0.002266666911486743 -0.00042318680957885603
    endloop
  endfacet
  facet normal 0.0 0.0 0.0
    outer loop
      vertex 0.0015041005507033653 0.002266666911486743 -0.00042318680957885603
      vertex 0.0015041005507033635 0.001433332942370532 -0.0004231868095788518
      vertex 0.0015233261536652836 0.0022666669114867434 -0.00034768940352882324
    endloop
  endfacet
  facet normal 0.0 0.0 0.0
    outer loop
      vertex 0.0015041005507033635 0.001433332942370532 -0.0004231868095788518
      vertex 0.0015233261536652819 0.0014333329423705321 -0.000347689403528819
      vertex 0.0015233261536652836 0.0022666669114867434 -0.00034768940352882324
    endloop
  endfacet
  facet normal 0.0 0.0 0.0
    outer loop
      vertex 0.0015233261536652819 0.0014333329423705321 -0.000347689403528819
      vertex 0.0015387652757728617 0.0014333329423705326 -0.0002713243000479138
      vertex 0.0015233261536652836 0.0022666669114867434 -0.00034768940352882324
    endloop
  endfacet
  facet normal 0.0 0.0 0.0
    outer loop
      vertex 0.0015233261536652836 0.0022666669114867434 -0.00034768940352882324
      vertex 0.0015387652757728617 0.0014333329423705326 -0.0002713243000479138
      vertex 0.0015387652757728634 0.002266666911486744 -0.000271324300047918
    endloop
  endfacet
  facet normal 0.0 0.0 0.0
    outer loop
      vertex 0.0015387652757728634 0.002266666911486744 -0.000271324300047918
      vertex 0.0015503749597263598 0.001433332942370533 -0.0001942868395706646
      vertex 0.0015503749597263617 0.002266666911486744 -0.00019428683957066877
    endloop
  endfacet
  facet normal 0.0 0.0 0.0
    outer loop
      vertex 0.0015387652757728617 0.0014333329423705326 -0.0002713243000479138
      vertex 0.0015503749597263598 0.001433332942370533 -0.0001942868395706646
      vertex 0.0015387652757728634 0.002266666911486744 -0.000271324300047918
    endloop
  endfacet
  facet normal 0.0 0.0 0.0
    outer loop
      vertex 0.0015503749597263617 0.002266666911486744 -0.00019428683957066877
      vertex 0.0015581333941503937 0.0014333329423705332 -0.00011676360360294067
      vertex 0.0015581333941503954 0.0022666669114867442 -0.00011676360360294484
    endloop
  endfacet
  facet normal 0.0 0.0 0.0
    outer loop
      vertex 0.0015503749597263598 0.001433332942370533 -0.0001942868395706646
      vertex 0.0015581333941503937 0.0014333329423705332 -0.00011676360360294067
      vertex 0.0015503749597263617 0.002266666911486744 -0.00019428683957066877
    endloop
  endfacet
  facet normal 0.0 0.0 0.0
    outer loop
      vertex 0.0015581333941503954 0.0022666669114867442 -0.00011676360360294484
      vertex 0.0015620160984924556 0.0014333329423705337 -3.895466625567776e-05
      vertex 0.0015620160984924573 0.0022666669114867447 -3.895466625568193e-05
    endloop
  endfacet
  facet normal 0.0 0.0 0.0
    outer loop
      vertex 0.0015620160984924573 0.0022666669114867447 -3.895466625568193e-05
      vertex 0.0015620160984924556 0.0014333329423705337 -3.895466625567776e-05
      vertex 0.0015620168184815122 0.002266666911486745 3.895570593029614e-05
    endloop
  endfacet
  facet normal 0.0 0.0 0.0
    outer loop
      vertex 0.0015581333941503937 0.0014333329423705332 -0.00011676360360294067
      vertex 0.0015620160984924556 0.0014333329423705337 -3.895466625567776e-05
      vertex 0.0015581333941503954 0.0022666669114867442 -0.00011676360360294484
    endloop
  endfacet
  facet normal 0.0 0.0 0.0
    outer loop
      vertex 0.0015620160984924556 0.0014333329423705337 -3.895466625567776e-05
      vertex 0.0015620168184815105 0.001433332942370534 3.8955705930300315e-05
      vertex 0.0015620168184815122 0.002266666911486745 3.895570593029614e-05
    endloop
  endfacet
  facet normal 0.0 0.0 0.0
    outer loop
      vertex 0.0015620168184815122 0.002266666911486745 3.895570593029614e-05
      vertex 0.0015581280904908427 0.0014333329423705345 0.00011676622948837732
      vertex 0.0015581280904908446 0.0022666669114867455 0.00011676622948837313
    endloop
  endfacet
  facet normal 0.0 0.0 0.0
    outer loop
      vertex 0.0015620168184815105 0.001433332942370534 3.8955705930300315e-05
      vertex 0.0015581280904908427 0.0014333329423705345 0.00011676622948837732
      vertex 0.0015620168184815122 0.002266666911486745 3.895570593029614e-05
    endloop
  endfacet
  facet normal 0.0 0.0 0.0
    outer loop
      vertex 0.0015581280904908446 0.0022666669114867455 0.00011676622948837313
      vertex 0.0015503706454595486 0.001433332942370535 0.00019428729952348175
      vertex 0.0015503706454595503 0.002266666911486746 0.00019428729952347757
    endloop
  endfacet
  facet normal 0.0 0.0 0.0
    outer loop
      vertex 0.0015581280904908427 0.0014333329423705345 0.00011676622948837732
      vertex 0.0015503706454595486 0.001433332942370535 0.00019428729952348175
      vertex 0.0015581280904908446 0.0022666669114867455 0.00011676622948837313
    endloop
  endfacet
  facet normal 0.0 0.0 0.0
    outer loop
      vertex 0.0015503706454595503 0.002266666911486746 0.00019428729952347757
      vertex 0.001538759625506714 0.0014333329423705352 0.0002713228671769296
      vertex 0.0015387596255067157 0.0022666669114867464 0.0002713228671769254
    endloop
  endfacet
  facet normal 0.0 0.0 0.0
    outer loop
      vertex 0.0015503706454595486 0.001433332942370535 0.00019428729952348175
      vertex 0.001538759625506714 0.0014333329423705352 0.0002713228671769296
      vertex 0.0015503706454595503 0.002266666911486746 0.00019428729952347757
    endloop
  endfacet
  facet normal 0.0 0.0 0.0
    outer loop
      vertex 0.0015387596255067157 0.0022666669114867464 0.0002713228671769254
      vertex 0.001523322810212888 0.0014333329423705356 0.00034768624719653526
      vertex 0.0015233228102128897 0.002266666911486747 0.00034768624719653103
    endloop
  endfacet
  facet normal 0.0 0.0 0.0
    outer loop
      vertex 0.001538759625506714 0.0014333329423705352 0.0002713228671769296
      vertex 0.001523322810212888 0.0014333329423705356 0.00034768624719653526
      vertex 0.0015387596255067157 0.0022666669114867464 0.0002713228671769254
    endloop
  endfacet
  facet normal 0.0 0.0 0.0
    outer loop
      vertex 0.0015233228102128897 0.002266666911486747 0.00034768624719653103
      vertex 0.0015040979474429579 0.001433332942370536 0.0004231866253315464
      vertex 0.0015040979474429596 0.0022666669114867473 0.0004231866253315422
    endloop
  endfacet
  facet normal 0.0 0.0 0.0
    outer loop
      vertex 0.001523322810212888 0.0014333329423705356 0.00034768624719653526
      vertex 0.0015040979474429579 0.001433332942370536 0.0004231866253315464
      vertex 0.0015233228102128897 0.002266666911486747 0.00034768624719653103
    endloop
  endfacet
  facet normal 0.0 0.0 0.0
    outer loop
      vertex 0.0015040979474429596 0.0022666669114867473 0.0004231866253315422
      vertex 0.0014811383421661608 0.0014333329423705365 0.0004976355022962563
      vertex 0.0014811383421661625 0.0022666669114867477 0.0004976355022962522
    endloop
  endfacet
  facet normal 0.0 0.0 0.0
    outer loop
      vertex 0.0014811383421661625 0.0022666669114867477 0.0004976355022962522
      vertex 0.0014811383421661608 0.0014333329423705365 0.0004976355022962563
      vertex 0.0014544887908888389 0.0022666669114867477 0.0005708449834827949
    endloop
  endfacet
  facet normal 0.0 0.0 0.0
    outer loop
      vertex 0.0015040979474429579 0.001433332942370536 0.0004231866253315464
      vertex 0.0014811383421661608 0.0014333329423705365 0.0004976355022962563
      vertex 0.0015040979474429596 0.0022666669114867473 0.0004231866253315422
    endloop
  endfacet
  facet normal 0.0 0.0 0.0
    outer loop
      vertex 0.0014811383421661608 0.0014333329423705365 0.0004976355022962563
      vertex 0.0014544887908888372 0.001433332942370537 0.000570844983482799
      vertex 0.0014544887908888389 0.0022666669114867477 0.0005708449834827949
    endloop
  endfacet
  facet normal 0.0 0.0 0.0
    outer loop
      vertex 0.0014544887908888389 0.0022666669114867477 0.0005708449834827949
      vertex 0.0014242307931460348 0.0014333329423705373 0.000642638248177012
      vertex 0.0014242307931460365 0.002266666911486748 0.0006426382481770079
    endloop
  endfacet
  facet normal 0.0 0.0 0.0
    outer loop
      vertex 0.0014544887908888372 0.001433332942370537 0.000570844983482799
      vertex 0.0014242307931460348 0.0014333329423705373 0.000642638248177012
      vertex 0.0014544887908888389 0.0022666669114867477 0.0005708449834827949
    endloop
  endfacet
  facet normal 0.0 0.0 0.0
    outer loop
      vertex 0.0014242307931460365 0.002266666911486748 0.0006426382481770079
      vertex 0.0013904247025484434 0.0014333329423705378 0.0007128297167360751
      vertex 0.0013904247025484451 0.0022666669114867486 0.000712829716736071
    endloop
  endfacet
  facet normal 0.0 0.0 0.0
    outer loop
      vertex 0.0014242307931460348 0.0014333329423705373 0.000642638248177012
      vertex 0.0013904247025484434 0.0014333329423705378 0.0007128297167360751
      vertex 0.0014242307931460365 0.002266666911486748 0.0006426382481770079
    endloop
  endfacet
  facet normal 0.0 0.0 0.0
    outer loop
      vertex 0.0013904247025484451 0.0022666669114867486 0.000712829716736071
      vertex 0.001353164656092574 0.0014333329423705384 0.0007812519320523244
      vertex 0.0013531646560925757 0.002266666911486749 0.0007812519320523203
    endloop
  endfacet
  facet normal 0.0 0.0 0.0
    outer loop
      vertex 0.0013904247025484434 0.0014333329423705378 0.0007128297167360751
      vertex 0.001353164656092574 0.0014333329423705384 0.0007812519320523244
      vertex 0.0013904247025484451 0.0022666669114867486 0.000712829716736071
    endloop
  endfacet
  facet normal 0.0 0.0 0.0
    outer loop
      vertex 0.0013531646560925757 0.002266666911486749 0.0007812519320523203
      vertex 0.0013125406617763699 0.0014333329423705389 0.0008477274687337575
      vertex 0.0013125406617763718 0.0022666669114867494 0.0008477274687337534
    endloop
  endfacet
  facet normal 0.0 0.0 0.0
    outer loop
      vertex 0.001353164656092574 0.0014333329423705384 0.0007812519320523244
      vertex 0.0013125406617763699 0.0014333329423705389 0.0008477274687337575
      vertex 0.0013531646560925757 0.002266666911486749 0.0007812519320523203
    endloop
  endfacet
  facet normal 0.0 0.0 0.0
    outer loop
      vertex 0.0013125406617763718 0.0022666669114867494 0.0008477274687337534
      vertex 0.0012686509855949096 0.0014333329423705393 0.0009120988379570496
      vertex 0.0012686509855949113 0.00226666691148675 0.0009120988379570455
    endloop
  endfacet
  facet normal 0.0 0.0 0.0
    outer loop
      vertex 0.0012686509855949113 0.00226666691148675 0.0009120988379570455
      vertex 0.0012686509855949096 0.0014333329423705393 0.0009120988379570496
      vertex 0.0012216123702905065 0.0022666669114867503 0.0009742038172224648
    endloop
  endfacet
  facet normal 0.0 0.0 0.0
    outer loop
      vertex 0.0013125406617763699 0.0014333329423705389 0.0008477274687337575
      vertex 0.0012686509855949096 0.0014333329423705393 0.0009120988379570496
      vertex 0.0013125406617763718 0.0022666669114867494 0.0008477274687337534
    endloop
  endfacet
  facet normal 0.0 0.0 0.0
    outer loop
      vertex 0.0012686509855949096 0.0014333329423705393 0.0009120988379570496
      vertex 0.0012216123702905048 0.0014333329423705395 0.0009742038172224689
      vertex 0.0012216123702905065 0.0022666669114867503 0.0009742038172224648
    endloop
  endfacet
  facet normal 0.0 0.0 0.0
    outer loop
      vertex 0.0012216123702905065 0.0022666669114867503 0.0009742038172224648
      vertex 0.0011715315903211294 0.00143333294237054 0.0010338843130288508
      vertex 0.0011715315903211311 0.0022666669114867507 0.0010338843130288467
    endloop
  endfacet
  facet normal 0.0 0.0 0.0
    outer loop
      vertex 0.0012216123702905048 0.0014333329423705395 0.0009742038172224689
      vertex 0.0011715315903211294 0.00143333294237054 0.0010338843130288508
      vertex 0.0012216123702905065 0.0022666669114867503 0.0009742038172224648
    endloop
  endfacet
  facet normal 0.0 0.0 0.0
    outer loop
      vertex 0.0011715315903211311 0.0022666669114867507 0.0010338843130288467
      vertex 0.001118543614710568 0.0014333329423705404 0.001090993910446574
      vertex 0.0011185436147105698 0.002266666911486751 0.0010909939104465699
    endloop
  endfacet
  facet normal 0.0 0.0 0.0
    outer loop
      vertex 0.0011715315903211294 0.00143333294237054 0.0010338843130288508
      vertex 0.001118543614710568 0.0014333329423705404 0.001090993910446574
      vertex 0.0011715315903211311 0.0022666669114867507 0.0010338843130288467
    endloop
  endfacet
  facet normal 0.0 0.0 0.0
    outer loop
      vertex 0.0011185436147105698 0.002266666911486751 0.0010909939104465699
      vertex 0.001062771984376824 0.0014333329423705408 0.0011453938478653114
      vertex 0.001062771984376826 0.0022666669114867516 0.0011453938478653072
    endloop
  endfacet
  facet normal 0.0 0.0 0.0
    outer loop
      vertex 0.001118543614710568 0.0014333329423705404 0.001090993910446574
      vertex 0.001062771984376824 0.0014333329423705408 0.0011453938478653114
      vertex 0.0011185436147105698 0.002266666911486751 0.0010909939104465699
    endloop
  endfacet
  facet normal 0.0 0.0 0.0
    outer loop
      vertex 0.001062771984376824 0.0014333329423705408 0.0011453938478653114
      vertex 0.0010043572571636922 0.0014333329423705412 0.0011969441543190546
      vertex 0.001062771984376826 0.0022666669114867516 0.0011453938478653072
    endloop
  endfacet
  facet normal 0.0 0.0 0.0
    outer loop
      vertex 0.001062771984376826 0.0022666669114867516 0.0011453938478653072
      vertex 0.0010043572571636922 0.0014333329423705412 0.0011969441543190546
      vertex 0.001004357257163694 0.002266666911486752 0.0011969441543190505
    endloop
  endfacet
  facet normal 0.0 0.0 0.0
    outer loop
      vertex 0.0010043572571636922 0.0014333329423705412 0.0011969441543190546
      vertex 0.0009434426600920911 0.0014333329423705415 0.0012455183514468613
      vertex 0.001004357257163694 0.002266666911486752 0.0011969441543190505
    endloop
  endfacet
  facet normal 0.0 0.0 0.0
    outer loop
      vertex 0.001004357257163694 0.002266666911486752 0.0011969441543190505
      vertex 0.0009434426600920911 0.0014333329423705415 0.0012455183514468613
      vertex 0.0009434426600920929 0.0022666669114867525 0.001245518351446857
    endloop
  endfacet
  facet normal 0.0 0.0 0.0
    outer loop
      vertex 0.0009434426600920911 0.0014333329423705415 0.0012455183514468613
      vertex 0.0008801855174658447 0.001433332942370542 0.0012909958001735607
      vertex 0.0009434426600920929 0.0022666669114867525 0.001245518351446857
    endloop
  endfacet
  facet normal 0.0 0.0 0.0
    outer loop
      vertex 0.0009434426600920929 0.0022666669114867525 0.001245518351446857
      vertex 0.0008801855174658447 0.001433332942370542 0.0012909958001735607
      vertex 0.0008801855174658464 0.0022666669114867525 0.0012909958001735564
    endloop
  endfacet
  facet normal 0.0 0.0 0.0
    outer loop
      vertex 0.0008801855174658447 0.001433332942370542 0.0012909958001735607
      vertex 0.0008147387741244488 0.0014333329423705421 0.0013332664343861614
      vertex 0.0008801855174658464 0.0022666669114867525 0.0012909958001735564
    endloop
  endfacet
  facet normal 0.0 0.0 0.0
    outer loop
      vertex 0.0008801855174658464 0.0022666669114867525 0.0012909958001735564
      vertex 0.0008147387741244488 0.0014333329423705421 0.0013332664343861614
      vertex 0.0008147387741244505 0.002266666911486753 0.001333266434386157
    endloop
  endfacet
  facet normal 0.0 0.0 0.0
    outer loop
      vertex 0.0008147387741244488 0.0014333329423705421 0.0013332664343861614
      vertex 0.0007472709320117466 0.0014333329423705425 0.0013722225029367179
      vertex 0.0008147387741244505 0.002266666911486753 0.001333266434386157
    endloop
  endfacet
  facet normal 0.0 0.0 0.0
    outer loop
      vertex 0.0008147387741244505 0.002266666911486753 0.001333266434386157
      vertex 0.0007472709320117466 0.0014333329423705425 0.0013722225029367179
      vertex 0.0007472709320117485 0.0022666669114867533 0.0013722225029367137
    endloop
  endfacet
  facet normal 0.0 0.0 0.0
    outer loop
      vertex 0.0007472709320117466 0.0014333329423705425 0.0013722225029367179
      vertex 0.0006779461136072536 0.0014333329423705428 0.001407766827639464
      vertex 0.0007472709320117485 0.0022666669114867533 0.0013722225029367137
    endloop
  endfacet
  facet normal 0.0 0.0 0.0
    outer loop
      vertex 0.0007472709320117485 0.0022666669114867533 0.0013722225029367137
      vertex 0.0006779461136072536 0.0014333329423705428 0.001407766827639464
      vertex 0.0006779461136072555 0.0022666669114867538 0.00140776682763946
    endloop
  endfacet
  facet normal 0.0 0.0 0.0
    outer loop
      vertex 0.0006779461136072536 0.0014333329423705428 0.001407766827639464
      vertex 0.0006069269815690418 0.0014333329423705432 0.0014398057546293605
      vertex 0.0006779461136072555 0.0022666669114867538 0.00140776682763946
    endloop
  endfacet
  facet normal 0.0 0.0 0.0
    outer loop
      vertex 0.0006779461136072555 0.0022666669114867538 0.00140776682763946
      vertex 0.0006069269815690418 0.0014333329423705432 0.0014398057546293605
      vertex 0.0006069269815690435 0.0022666669114867538 0.0014398057546293563
    endloop
  endfacet
  facet normal 0.0 0.0 0.0
    outer loop
      vertex 0.0006069269815690418 0.0014333329423705432 0.0014398057546293605
      vertex 0.0005344070622981174 0.0014333329423705434 0.0014682708012179765
      vertex 0.0006069269815690435 0.0022666669114867538 0.0014398057546293563
    endloop
  endfacet
  facet normal 0.0 0.0 0.0
    outer loop
      vertex 0.0006069269815690435 0.0022666669114867538 0.0014398057546293563
      vertex 0.0005344070622981174 0.0014333329423705434 0.0014682708012179765
      vertex 0.0005344070622981192 0.002266666911486754 0.0014682708012179724
    endloop
  endfacet
  facet normal 0.0 0.0 0.0
    outer loop
      vertex 0.0005344070622981174 0.0014333329423705434 0.0014682708012179765
      vertex 0.0004605516876296766 0.0014333329423705436 0.001493081806145338
      vertex 0.0005344070622981192 0.002266666911486754 0.0014682708012179724
    endloop
  endfacet
  facet normal 0.0 0.0 0.0
    outer loop
      vertex 0.0005344070622981192 0.002266666911486754 0.0014682708012179724
      vertex 0.0004605516876296766 0.0014333329423705436 0.001493081806145338
      vertex 0.00046055168762967837 0.0022666669114867546 0.001493081806145334
    endloop
  endfacet
  facet normal 0.0 0.0 0.0
    outer loop
      vertex 0.00046055168762967837 0.0022666669114867546 0.001493081806145334
      vertex 0.0004605516876296766 0.0014333329423705436 0.001493081806145338
      vertex 0.00038555705314185184 0.0022666669114867546 0.0015141837793280761
    endloop
  endfacet
  facet normal 0.0 0.0 0.0
    outer loop
      vertex 0.0004605516876296766 0.0014333329423705436 0.001493081806145338
      vertex 0.00038555705314185005 0.001433332942370544 0.0015141837793280803
      vertex 0.00038555705314185184 0.0022666669114867546 0.0015141837793280761
    endloop
  endfacet
  facet normal 0.0 0.0 0.0
    outer loop
      vertex 0.00038555705314185005 0.001433332942370544 0.0015141837793280803
      vertex 0.0003096037973084198 0.0014333329423705443 0.0015315194157177936
      vertex 0.00038555705314185184 0.0022666669114867546 0.0015141837793280761
    endloop
  endfacet
  facet normal 0.0 0.0 0.0
    outer loop
      vertex 0.00038555705314185184 0.0022666669114867546 0.0015141837793280761
      vertex 0.0003096037973084198 0.0014333329423705443 0.0015315194157177936
      vertex 0.0003096037973084216 0.002266666911486755 0.0015315194157177895
    endloop
  endfacet
  facet normal 0.0 0.0 0.0
    outer loop
      vertex 0.0003096037973084198 0.0014333329423705443 0.0015315194157177936
      vertex 0.00023288227642174445 0.0014333329423705445 0.001545047822514018
      vertex 0.0003096037973084216 0.002266666911486755 0.0015315194157177895
    endloop
  endfacet
  facet normal 0.0 0.0 0.0
    outer loop
      vertex 0.0003096037973084216 0.002266666911486755 0.0015315194157177895
      vertex 0.00023288227642174445 0.0014333329423705445 0.001545047822514018
      vertex 0.00023288227642174618 0.002266666911486755 0.0015450478225140138
    endloop
  endfacet
  facet normal 0.0 0.0 0.0
    outer loop
      vertex 0.00023288227642174618 0.002266666911486755 0.0015450478225140138
      vertex 0.00015557141866840067 0.0014333329423705447 0.0015547357602355887
      vertex 0.0001555714186684024 0.0022666669114867555 0.0015547357602355846
    endloop
  endfacet
  facet normal 0.0 0.0 0.0
    outer loop
      vertex 0.00023288227642174445 0.0014333329423705445 0.001545047822514018
      vertex 0.00015557141866840067 0.0014333329423705447 0.0015547357602355887
      vertex 0.00023288227642174618 0.002266666911486755 0.0015450478225140138
    endloop
  endfacet
  facet normal 0.0 0.0 0.0
    outer loop
      vertex 0.0001555714186684024 0.0022666669114867555 0.0015547357602355846
      vertex 7.788831508511543e-05 0.001433332942370545 0.0015605575389743174
      vertex 7.788831508511717e-05 0.0022666669114867555 0.001560557538974313
    endloop
  endfacet
  facet normal 0.0 0.0 0.0
    outer loop
      vertex 7.788831508511717e-05 0.0022666669114867555 0.001560557538974313
      vertex 7.788831508511543e-05 0.001433332942370545 0.0015605575389743174
      vertex 3.1349298088597553e-09 0.002266666911486756 0.0015625010651733923
    endloop
  endfacet
  facet normal 0.0 0.0 0.0
    outer loop
      vertex 0.00015557141866840067 0.0014333329423705447 0.0015547357602355887
      vertex 7.788831508511543e-05 0.001433332942370545 0.0015605575389743174
      vertex 0.0001555714186684024 0.0022666669114867555 0.0015547357602355846
    endloop
  endfacet
  facet normal 0.0 0.0 0.0
    outer loop
      vertex 7.788831508511543e-05 0.001433332942370545 0.0015605575389743174
      vertex 3.134929807103524e-09 0.001433332942370545 0.0015625010651733966
      vertex 3.1349298088597553e-09 0.002266666911486756 0.0015625010651733923
    endloop
  endfacet
  facet normal 0.0 0.0 0.0
    outer loop
      vertex -9.969437903415032e-05 0.0014333329423705473 0.001997513890423751
      vertex -1.2374902669023209e-09 0.001433332942370547 0.001999999684197559
      vertex -1.2374902651460897e-09 0.0022666669114867585 0.0019999996841975546
    endloop
  endfacet
  facet normal 0.0 0.0 0.0
    outer loop
      vertex -9.969437903415032e-05 0.0014333329423705473 0.001997513890423751
      vertex -1.2374902651460897e-09 0.0022666669114867585 0.0019999996841975546
      vertex -9.969437903414858e-05 0.0022666669114867585 0.0019975138904237467
    endloop
  endfacet
  facet normal 0.0 0.0 0.0
    outer loop
      vertex -0.00019913851232415645 0.0014333329423705478 0.0019900608290058246
      vertex -9.969437903414858e-05 0.0022666669114867585 0.0019975138904237467
      vertex -0.0001991385123241547 0.002266666911486759 0.0019900608290058202
    endloop
  endfacet
  facet normal 0.0 0.0 0.0
    outer loop
      vertex -0.00019913851232415645 0.0014333329423705478 0.0019900608290058246
      vertex -9.969437903415032e-05 0.0014333329423705473 0.001997513890423751
      vertex -9.969437903414858e-05 0.0022666669114867585 0.0019975138904237467
    endloop
  endfacet
  facet normal 0.0 0.0 0.0
    outer loop
      vertex -0.0002980859330463853 0.001433332942370548 0.0019776605224587195
      vertex -0.0001991385123241547 0.002266666911486759 0.0019900608290058202
      vertex -0.00029808593304638355 0.002266666911486759 0.001977660522458715
    endloop
  endfacet
  facet normal 0.0 0.0 0.0
    outer loop
      vertex -0.0002980859330463853 0.001433332942370548 0.0019776605224587195
      vertex -0.00019913851232415645 0.0014333329423705478 0.0019900608290058246
      vertex -0.0001991385123241547 0.002266666911486759 0.0019900608290058202
    endloop
  endfacet
  facet normal 0.0 0.0 0.0
    outer loop
      vertex -0.0003962933163512659 0.001433332942370548 0.0019603435662595555
      vertex -0.00029808593304638355 0.002266666911486759 0.001977660522458715
      vertex -0.0003962933163512641 0.002266666911486759 0.001960343566259551
    endloop
  endfacet
  facet normal 0.0 0.0 0.0
    outer loop
      vertex -0.0003962933163512659 0.001433332942370548 0.0019603435662595555
      vertex -0.0002980859330463853 0.001433332942370548 0.0019776605224587195
      vertex -0.00029808593304638355 0.002266666911486759 0.001977660522458715
    endloop
  endfacet
  facet normal 0.0 0.0 0.0
    outer loop
      vertex -0.0004935146682121036 0.0014333329423705482 0.001938154048490517
      vertex -0.0003962933163512641 0.002266666911486759 0.001960343566259551
      vertex -0.0004935146682121019 0.002266666911486759 0.001938154048490513
    endloop
  endfacet
  facet normal 0.0 0.0 0.0
    outer loop
      vertex -0.0004935146682121036 0.0014333329423705482 0.001938154048490517
      vertex -0.0003962933163512659 0.001433332942370548 0.0019603435662595555
      vertex -0.0003962933163512641 0.002266666911486759 0.001960343566259551
    endloop
  endfacet
  facet normal 0.0 0.0 0.0
    outer loop
      vertex -0.0005895083740665332 0.0014333329423705482 0.001911146630195968
      vertex -0.0004935146682121019 0.002266666911486759 0.001938154048490513
      vertex -0.0005895083740665313 0.0022666669114867594 0.0019111466301959636
    endloop
  endfacet
  facet normal 0.0 0.0 0.0
    outer loop
      vertex -0.0005895083740665332 0.0014333329423705482 0.001911146630195968
      vertex -0.0004935146682121036 0.0014333329423705482 0.001938154048490517
      vertex -0.0004935146682121019 0.002266666911486759 0.001938154048490513
    endloop
  endfacet
  facet normal 0.0 0.0 0.0
    outer loop
      vertex -0.0006840371988165179 0.0014333329423705482 0.0018793865453824515
      vertex -0.0005895083740665313 0.0022666669114867594 0.0019111466301959636
      vertex -0.0006840371988165162 0.0022666669114867594 0.0018793865453824471
    endloop
  endfacet
  facet normal 0.0 0.0 0.0
    outer loop
      vertex -0.0006840371988165179 0.0014333329423705482 0.0018793865453824515
      vertex -0.0006840371988165162 0.0022666669114867594 0.0018793865453824471
      vertex -0.0007768697466497921 0.0022666669114867594 0.0018429531253394123
    endloop
  endfacet
  facet normal 0.0 0.0 0.0
    outer loop
      vertex -0.0006840371988165179 0.0014333329423705482 0.0018793865453824515
      vertex -0.0005895083740665332 0.0014333329423705482 0.001911146630195968
      vertex -0.0005895083740665313 0.0022666669114867594 0.0019111466301959636
    endloop
  endfacet
  facet normal 0.0 0.0 0.0
    outer loop
      vertex -0.0007768697466497939 0.0014333329423705482 0.0018429531253394164
      vertex -0.0006840371988165179 0.0014333329423705482 0.0018793865453824515
      vertex -0.0007768697466497921 0.0022666669114867594 0.0018429531253394123
    endloop
  endfacet
  facet normal 0.0 0.0 0.0
    outer loop
      vertex -0.00086777049275553 0.0014333329423705482 0.0018019356696406513
      vertex -0.0007768697466497921 0.0022666669114867594 0.0018429531253394123
      vertex -0.0008677704927555282 0.0022666669114867594 0.001801935669640647
    endloop
  endfacet
  facet normal 0.0 0.0 0.0
    outer loop
      vertex -0.00086777049275553 0.0014333329423705482 0.0018019356696406513
      vertex -0.0008677704927555282 0.0022666669114867594 0.001801935669640647
      vertex -0.0009565112114301087 0.0022666669114867594 0.0017564410994635714
    endloop
  endfacet
  facet normal 0.0 0.0 0.0
    outer loop
      vertex -0.00086777049275553 0.0014333329423705482 0.0018019356696406513
      vertex -0.0007768697466497939 0.0014333329423705482 0.0018429531253394164
      vertex -0.0007768697466497921 0.0022666669114867594 0.0018429531253394123
    endloop
  endfacet
  facet normal 0.0 0.0 0.0
    outer loop
      vertex -0.0009565112114301106 0.0014333329423705482 0.0017564410994635755
      vertex -0.00086777049275553 0.0014333329423705482 0.0018019356696406513
      vertex -0.0009565112114301087 0.0022666669114867594 0.0017564410994635714
    endloop
  endfacet
  facet normal 0.0 0.0 0.0
    outer loop
      vertex -0.0010428736452542584 0.0014333329423705482 0.0017065804649841769
      vertex -0.0009565112114301106 0.0014333329423705482 0.0017564410994635755
      vertex -0.0009565112114301087 0.0022666669114867594 0.0017564410994635714
    endloop
  endfacet
  facet normal 0.0 0.0 0.0
    outer loop
      vertex -0.0010428736452542584 0.0014333329423705482 0.0017065804649841769
      vertex -0.0009565112114301087 0.0022666669114867594 0.0017564410994635714
      vertex -0.0010428736452542566 0.002266666911486759 0.0017065804649841728
    endloop
  endfacet
  facet normal 0.0 0.0 0.0
    outer loop
      vertex -0.0010428736452542584 0.0014333329423705482 0.0017065804649841769
      vertex -0.0010428736452542566 0.002266666911486759 0.0017065804649841728
      vertex -0.0011266368676315721 0.002266666911486759 0.0016524783089835028
    endloop
  endfacet
  facet normal 0.0 0.0 0.0
    outer loop
      vertex -0.0011266368676315739 0.001433332942370548 0.0016524783089835072
      vertex -0.0010428736452542584 0.0014333329423705482 0.0017065804649841769
      vertex -0.0011266368676315721 0.002266666911486759 0.0016524783089835028
    endloop
  endfacet
  facet normal 0.0 0.0 0.0
    outer loop
      vertex -0.0012076069371757864 0.001433332942370548 0.0015942645125968664
      vertex -0.0011266368676315739 0.001433332942370548 0.0016524783089835072
      vertex -0.0011266368676315721 0.002266666911486759 0.0016524783089835028
    endloop
  endfacet
  facet normal 0.0 0.0 0.0
    outer loop
      vertex -0.0012076069371757864 0.001433332942370548 0.0015942645125968664
      vertex -0.0011266368676315721 0.002266666911486759 0.0016524783089835028
      vertex -0.0012076069371757844 0.002266666911486759 0.0015942645125968623
    endloop
  endfacet
  facet normal 0.0 0.0 0.0
    outer loop
      vertex -0.001285573146040597 0.0014333329423705478 0.001532088288850392
      vertex -0.0012076069371757864 0.001433332942370548 0.0015942645125968664
      vertex -0.0012076069371757844 0.002266666911486759 0.0015942645125968623
    endloop
  endfacet
  facet normal 0.0 0.0 0.0
    outer loop
      vertex -0.001285573146040597 0.0014333329423705478 0.001532088288850392
      vertex -0.0012076069371757844 0.002266666911486759 0.0015942645125968623
      vertex -0.0012855731460405953 0.002266666911486759 0.0015320882888503876
    endloop
  endfacet
  facet normal 0.0 0.0 0.0
    outer loop
      vertex -0.0013603432631269414 0.0014333329423705473 0.0014661035844466283
      vertex -0.001285573146040597 0.0014333329423705478 0.001532088288850392
      vertex -0.0012855731460405953 0.002266666911486759 0.0015320882888503876
    endloop
  endfacet
  facet normal 0.0 0.0 0.0
    outer loop
      vertex -0.0013603432631269414 0.0014333329423705473 0.0014661035844466283
      vertex -0.0012855731460405953 0.002266666911486759 0.0015320882888503876
      vertex -0.0013603432631269397 0.0022666669114867585 0.0014661035844466242
    endloop
  endfacet
  facet normal 0.0 0.0 0.0
    outer loop
      vertex -0.0013603432631269414 0.0014333329423705473 0.0014661035844466283
      vertex -0.0013603432631269397 0.0022666669114867585 0.0014661035844466242
      vertex -0.0014317364854415356 0.0022666669114867585 0.0013964719994074095
    endloop
  endfacet
  facet normal 0.0 0.0 0.0
    outer loop
      vertex -0.0014317364854415373 0.001433332942370547 0.0013964719994074136
      vertex -0.0013603432631269414 0.0014333329423705473 0.0014661035844466283
      vertex -0.0014317364854415356 0.0022666669114867585 0.0013964719994074095
    endloop
  endfacet
  facet normal 0.0 0.0 0.0
    outer loop
      vertex -0.0014995622921725254 0.0014333329423705469 0.0013233715460025369
      vertex -0.0014317364854415373 0.001433332942370547 0.0013964719994074136
      vertex -0.0014317364854415356 0.0022666669114867585 0.0013964719994074095
    endloop
  endfacet
  facet normal 0.0 0.0 0.0
    outer loop
      vertex -0.0014995622921725254 0.0014333329423705469 0.0013233715460025369
      vertex -0.0014317364854415356 0.0022666669114867585 0.0013964719994074095
      vertex -0.0014995622921725237 0.002266666911486758 0.0013233715460025325
    endloop
  endfacet
  facet normal 0.0 0.0 0.0
    outer loop
      vertex -0.0015636627365381878 0.0014333329423705467 0.0012469791308924224
      vertex -0.0014995622921725254 0.0014333329423705469 0.0013233715460025369
      vertex -0.0014995622921725237 0.002266666911486758 0.0013233715460025325
    endloop
  endfacet
  facet normal 0.0 0.0 0.0
    outer loop
      vertex -0.0015636627365381878 0.0014333329423705467 0.0012469791308924224
      vertex -0.0014995622921725237 0.002266666911486758 0.0013233715460025325
      vertex -0.001563662736538186 0.002266666911486758 0.001246979130892418
    endloop
  endfacet
  facet normal 0.0 0.0 0.0
    outer loop
      vertex -0.0016238772025796821 0.0014333329423705464 0.0011674851533425594
      vertex -0.0015636627365381878 0.0014333329423705467 0.0012469791308924224
      vertex -0.001563662736538186 0.002266666911486758 0.001246979130892418
    endloop
  endfacet
  facet normal 0.0 0.0 0.0
    outer loop
      vertex -0.0016238772025796821 0.0014333329423705464 0.0011674851533425594
      vertex -0.001563662736538186 0.002266666911486758 0.001246979130892418
      vertex -0.0016238772025796804 0.0022666669114867577 0.0011674851533425552
    endloop
  endfacet
  facet normal 0.0 0.0 0.0
    outer loop
      vertex -0.0016800509136239389 0.0014333329423705462 0.0010850941099013439
      vertex -0.0016238772025796821 0.0014333329423705464 0.0011674851533425594
      vertex -0.0016238772025796804 0.0022666669114867577 0.0011674851533425552
    endloop
  endfacet
  facet normal 0.0 0.0 0.0
    outer loop
      vertex -0.0016800509136239389 0.0014333329423705462 0.0010850941099013439
      vertex -0.0016238772025796804 0.0022666669114867577 0.0011674851533425552
      vertex -0.001680050913623937 0.0022666669114867572 0.0010850941099013395
    endloop
  endfacet
  facet normal 0.0 0.0 0.0
    outer loop
      vertex -0.0016800509136239389 0.0014333329423705462 0.0010850941099013439
      vertex -0.001680050913623937 0.0022666669114867572 0.0010850941099013395
      vertex -0.001732050238922244 0.0022666669114867572 0.0010000017381885085
    endloop
  endfacet
  facet normal 0.0 0.0 0.0
    outer loop
      vertex -0.0017320502389222457 0.0014333329423705458 0.0010000017381885126
      vertex -0.0016800509136239389 0.0014333329423705462 0.0010850941099013439
      vertex -0.001732050238922244 0.0022666669114867572 0.0010000017381885085
    endloop
  endfacet
  facet normal 0.0 0.0 0.0
    outer loop
      vertex -0.0017797403383702118 0.0014333329423705456 0.0009124207927495945
      vertex -0.0017320502389222457 0.0014333329423705458 0.0010000017381885126
      vertex -0.001732050238922244 0.0022666669114867572 0.0010000017381885085
    endloop
  endfacet
  facet normal 0.0 0.0 0.0
    outer loop
      vertex -0.0017797403383702118 0.0014333329423705456 0.0009124207927495945
      vertex -0.001732050238922244 0.0022666669114867572 0.0010000017381885085
      vertex -0.00177974033837021 0.0022666669114867564 0.0009124207927495904
    endloop
  endfacet
  facet normal 0.0 0.0 0.0
    outer loop
      vertex -0.0018230148168950182 0.0014333329423705451 0.0008225728908050928
      vertex -0.00177974033837021 0.0022666669114867564 0.0009124207927495904
      vertex -0.0018230148168950164 0.002266666911486756 0.0008225728908050887
    endloop
  endfacet
  facet normal 0.0 0.0 0.0
    outer loop
      vertex -0.0018230148168950182 0.0014333329423705451 0.0008225728908050928
      vertex -0.0017797403383702118 0.0014333329423705456 0.0009124207927495945
      vertex -0.00177974033837021 0.0022666669114867564 0.0009124207927495904
    endloop
  endfacet
  facet normal 0.0 0.0 0.0
    outer loop
      vertex -0.0018230148168950182 0.0014333329423705451 0.0008225728908050928
      vertex -0.0018230148168950164 0.002266666911486756 0.0008225728908050887
      vertex -0.001861744673678044 0.0022666669114867555 0.0007306848841834379
    endloop
  endfacet
  facet normal 0.0 0.0 0.0
    outer loop
      vertex -0.0018617446736780457 0.001433332942370545 0.0007306848841834421
      vertex -0.0018230148168950182 0.0014333329423705451 0.0008225728908050928
      vertex -0.001861744673678044 0.0022666669114867555 0.0007306848841834379
    endloop
  endfacet
  facet normal 0.0 0.0 0.0
    outer loop
      vertex -0.0018958546278551734 0.0014333329423705445 0.0006369737601750534
      vertex -0.001861744673678044 0.0022666669114867555 0.0007306848841834379
      vertex -0.0018958546278551715 0.002266666911486755 0.0006369737601750494
    endloop
  endfacet
  facet normal 0.0 0.0 0.0
    outer loop
      vertex -0.0018958546278551734 0.0014333329423705445 0.0006369737601750534
      vertex -0.0018958546278551715 0.002266666911486755 0.0006369737601750494
      vertex -0.0019252470432822395 0.0022666669114867546 0.0005416822819247846
    endloop
  endfacet
  facet normal 0.0 0.0 0.0
    outer loop
      vertex -0.0018958546278551734 0.0014333329423705445 0.0006369737601750534
      vertex -0.0018617446736780457 0.001433332942370545 0.0007306848841834421
      vertex -0.001861744673678044 0.0022666669114867555 0.0007306848841834379
    endloop
  endfacet
  facet normal 0.0 0.0 0.0
    outer loop
      vertex -0.0019252470432822412 0.001433332942370544 0.0005416822819247887
      vertex -0.0019252470432822395 0.0022666669114867546 0.0005416822819247846
      vertex -0.0019498524783808993 0.002266666911486754 0.00044504153400596084
    endloop
  endfacet
  facet normal 0.0 0.0 0.0
    outer loop
      vertex -0.0019252470432822412 0.001433332942370544 0.0005416822819247887
      vertex -0.0018958546278551734 0.0014333329423705445 0.0006369737601750534
      vertex -0.0019252470432822395 0.0022666669114867546 0.0005416822819247846
    endloop
  endfacet
  facet normal 0.0 0.0 0.0
    outer loop
      vertex -0.001949852478380901 0.0014333329423705436 0.00044504153400596507
      vertex -0.0019252470432822412 0.001433332942370544 0.0005416822819247887
      vertex -0.0019498524783808993 0.002266666911486754 0.00044504153400596084
    endloop
  endfacet
  facet normal 0.0 0.0 0.0
    outer loop
      vertex -0.001969615839321473 0.0014333329423705432 0.00034729730295264587
      vertex -0.0019498524783808993 0.002266666911486754 0.00044504153400596084
      vertex -0.001969615839321471 0.0022666669114867538 0.00034729730295264164
    endloop
  endfacet
  facet normal 0.0 0.0 0.0
    outer loop
      vertex -0.001969615839321473 0.0014333329423705432 0.00034729730295264587
      vertex -0.001949852478380901 0.0014333329423705436 0.00044504153400596507
      vertex -0.0019498524783808993 0.002266666911486754 0.00044504153400596084
    endloop
  endfacet
  facet normal 0.0 0.0 0.0
    outer loop
      vertex -0.00198447911263139 0.0014333329423705428 0.00024868832665744117
      vertex -0.001969615839321471 0.0022666669114867538 0.00034729730295264164
      vertex -0.001984479112631388 0.0022666669114867533 0.00024868832665743694
    endloop
  endfacet
  facet normal 0.0 0.0 0.0
    outer loop
      vertex -0.00198447911263139 0.0014333329423705428 0.00024868832665744117
      vertex -0.001969615839321473 0.0014333329423705432 0.00034729730295264587
      vertex -0.001969615839321471 0.0022666669114867538 0.00034729730295264164
    endloop
  endfacet
  facet normal 0.0 0.0 0.0
    outer loop
      vertex -0.0019944042214067636 0.0014333329423705423 0.00014946160101009522
      vertex -0.001984479112631388 0.0022666669114867533 0.00024868832665743694
      vertex -0.001994404221406762 0.002266666911486753 0.00014946160101009104
    endloop
  endfacet
  facet normal 0.0 0.0 0.0
    outer loop
      vertex -0.0019944042214067636 0.0014333329423705423 0.00014946160101009522
      vertex -0.00198447911263139 0.0014333329423705428 0.00024868832665744117
      vertex -0.001984479112631388 0.0022666669114867533 0.00024868832665743694
    endloop
  endfacet
  facet normal 0.0 0.0 0.0
    outer loop
      vertex -0.0019993771543109504 0.0014333329423705417 4.986241161314667e-05
      vertex -0.001994404221406762 0.002266666911486753 0.00014946160101009104
      vertex -0.0019993771543109487 0.0022666669114867525 4.986241161314249e-05
    endloop
  endfacet
  facet normal 0.0 0.0 0.0
    outer loop
      vertex -0.0019993771543109504 0.0014333329423705417 4.986241161314667e-05
      vertex -0.0019993771543109487 0.0022666669114867525 4.986241161314249e-05
      vertex -0.0019993768513658517 0.002266666911486752 -4.986103628798426e-05
    endloop
  endfacet
  facet normal 0.0 0.0 0.0
    outer loop
      vertex -0.0019993771543109504 0.0014333329423705417 4.986241161314667e-05
      vertex -0.0019944042214067636 0.0014333329423705423 0.00014946160101009522
      vertex -0.001994404221406762 0.002266666911486753 0.00014946160101009104
    endloop
  endfacet
  facet normal 0.0 0.0 0.0
    outer loop
      vertex -0.0019993768513658534 0.0014333329423705412 -4.986103628798008e-05
      vertex -0.0019993771543109504 0.0014333329423705417 4.986241161314667e-05
      vertex -0.0019993768513658517 0.002266666911486752 -4.986103628798426e-05
    endloop
  endfacet
  facet normal 0.0 0.0 0.0
    outer loop
      vertex -0.0019944077779820647 0.0014333329423705408 -0.00014945872341433906
      vertex -0.0019993768513658517 0.002266666911486752 -4.986103628798426e-05
      vertex -0.001994407777982063 0.0022666669114867516 -0.00014945872341434323
    endloop
  endfacet
  facet normal 0.0 0.0 0.0
    outer loop
      vertex -0.0019944077779820647 0.0014333329423705408 -0.00014945872341433906
      vertex -0.001994407777982063 0.0022666669114867516 -0.00014945872341434323
      vertex -0.001984479988390182 0.002266666911486751 -0.0002486870744506013
    endloop
  endfacet
  facet normal 0.0 0.0 0.0
    outer loop
      vertex -0.0019944077779820647 0.0014333329423705408 -0.00014945872341433906
      vertex -0.0019993768513658534 0.0014333329423705412 -4.986103628798008e-05
      vertex -0.0019993768513658517 0.002266666911486752 -4.986103628798426e-05
    endloop
  endfacet
  facet normal 0.0 0.0 0.0
    outer loop
      vertex -0.001984479988390184 0.0014333329423705402 -0.00024868707445059715
      vertex -0.0019944077779820647 0.0014333329423705408 -0.00014945872341433906
      vertex -0.001984479988390182 0.002266666911486751 -0.0002486870744506013
    endloop
  endfacet
  facet normal 0.0 0.0 0.0
    outer loop
      vertex -0.001969614964926595 0.0014333329423705397 -0.00034729486076212797
      vertex -0.001984479988390182 0.002266666911486751 -0.0002486870744506013
      vertex -0.0019696149649265932 0.0022666669114867507 -0.0003472948607621322
    endloop
  endfacet
  facet normal 0.0 0.0 0.0
    outer loop
      vertex -0.001969614964926595 0.0014333329423705397 -0.00034729486076212797
      vertex -0.001984479988390184 0.0014333329423705402 -0.00024868707445059715
      vertex -0.001984479988390182 0.002266666911486751 -0.0002486870744506013
    endloop
  endfacet
  facet normal 0.0 0.0 0.0
    outer loop
      vertex -0.0019498553358520388 0.0014333329423705393 -0.0004450396126429631
      vertex -0.0019696149649265932 0.0022666669114867507 -0.0003472948607621322
      vertex -0.001949855335852037 0.00226666691148675 -0.00044503961264296733
    endloop
  endfacet
  facet normal 0.0 0.0 0.0
    outer loop
      vertex -0.0019498553358520388 0.0014333329423705393 -0.0004450396126429631
      vertex -0.001969614964926595 0.0014333329423705397 -0.00034729486076212797
      vertex -0.0019696149649265932 0.0022666669114867507 -0.0003472948607621322
    endloop
  endfacet
  facet normal 0.0 0.0 0.0
    outer loop
      vertex -0.0019252507780687105 0.0014333329423705386 -0.0005416817800300207
      vertex -0.0019498553358520388 0.0014333329423705393 -0.0004450396126429631
      vertex -0.001949855335852037 0.00226666691148675 -0.00044503961264296733
    endloop
  endfacet
  facet normal 0.0 0.0 0.0
    outer loop
      vertex -0.0019252507780687105 0.0014333329423705386 -0.0005416817800300207
      vertex -0.001949855335852037 0.00226666691148675 -0.00044503961264296733
      vertex -0.0019252507780687087 0.0022666669114867494 -0.0005416817800300249
    endloop
  endfacet
  facet normal 0.0 0.0 0.0
    outer loop
      vertex -0.0018958538881216902 0.001433332942370538 -0.0006369747642187659
      vertex -0.0019252507780687105 0.0014333329423705386 -0.0005416817800300207
      vertex -0.0019252507780687087 0.0022666669114867494 -0.0005416817800300249
    endloop
  endfacet
  facet normal 0.0 0.0 0.0
    outer loop
      vertex -0.0018958538881216902 0.001433332942370538 -0.0006369747642187659
      vertex -0.0019252507780687087 0.0022666669114867494 -0.0005416817800300249
      vertex -0.0018958538881216885 0.002266666911486749 -0.00063697476421877
    endloop
  endfacet
  facet normal 0.0 0.0 0.0
    outer loop
      vertex -0.0018958538881216902 0.001433332942370538 -0.0006369747642187659
      vertex -0.0018958538881216885 0.002266666911486749 -0.00063697476421877
      vertex -0.0018617469169433115 0.0022666669114867486 -0.0007306801207554854
    endloop
  endfacet
  facet normal 0.0 0.0 0.0
    outer loop
      vertex -0.0018617469169433132 0.0014333329423705373 -0.0007306801207554813
      vertex -0.0018958538881216902 0.001433332942370538 -0.0006369747642187659
      vertex -0.0018617469169433115 0.0022666669114867486 -0.0007306801207554854
    endloop
  endfacet
  facet normal 0.0 0.0 0.0
    outer loop
      vertex -0.0018230133248215952 0.001433332942370537 -0.0008225764221122419
      vertex -0.0018617469169433132 0.0014333329423705373 -0.0007306801207554813
      vertex -0.0018617469169433115 0.0022666669114867486 -0.0007306801207554854
    endloop
  endfacet
  facet normal 0.0 0.0 0.0
    outer loop
      vertex -0.0018230133248215952 0.001433332942370537 -0.0008225764221122419
      vertex -0.0018617469169433115 0.0022666669114867486 -0.0007306801207554854
      vertex -0.0018230133248215933 0.0022666669114867477 -0.0008225764221122459
    endloop
  endfacet
  facet normal 0.0 0.0 0.0
    outer loop
      vertex -0.0017797453309732103 0.0014333329423705363 -0.0009124210948367637
      vertex -0.0018230133248215952 0.001433332942370537 -0.0008225764221122419
      vertex -0.0018230133248215933 0.0022666669114867477 -0.0008225764221122459
    endloop
  endfacet
  facet normal 0.0 0.0 0.0
    outer loop
      vertex -0.0017797453309732103 0.0014333329423705363 -0.0009124210948367637
      vertex -0.0018230133248215933 0.0022666669114867477 -0.0008225764221122459
      vertex -0.0017797453309732086 0.0022666669114867473 -0.0009124210948367678
    endloop
  endfacet
  facet normal 0.0 0.0 0.0
    outer loop
      vertex -0.0017797453309732103 0.0014333329423705363 -0.0009124210948367637
      vertex -0.0017797453309732086 0.0022666669114867473 -0.0009124210948367678
      vertex -0.001732049001431974 0.002266666911486747 -0.0009999979460090576
    endloop
  endfacet
  facet normal 0.0 0.0 0.0
    outer loop
      vertex -0.001732049001431976 0.0014333329423705358 -0.0009999979460090535
      vertex -0.0017797453309732103 0.0014333329423705363 -0.0009124210948367637
      vertex -0.001732049001431974 0.002266666911486747 -0.0009999979460090576
    endloop
  endfacet
  facet normal 0.0 0.0 0.0
    outer loop
      vertex -0.0016800544677989541 0.0014333329423705354 -0.001085092492996323
      vertex -0.001732049001431976 0.0014333329423705358 -0.0009999979460090535
      vertex -0.001732049001431974 0.002266666911486747 -0.0009999979460090576
    endloop
  endfacet
  facet normal 0.0 0.0 0.0
    outer loop
      vertex -0.0016800544677989541 0.0014333329423705354 -0.001085092492996323
      vertex -0.001732049001431974 0.002266666911486747 -0.0009999979460090576
      vertex -0.0016800544677989524 0.0022666669114867464 -0.0010850924929963273
    endloop
  endfacet
  facet normal 0.0 0.0 0.0
    outer loop
      vertex -0.0016800544677989541 0.0014333329423705354 -0.001085092492996323
      vertex -0.0016800544677989524 0.0022666669114867464 -0.0010850924929963273
      vertex -0.0016238763045708568 0.002266666911486746 -0.001167487938200743
    endloop
  endfacet
  facet normal 0.0 0.0 0.0
    outer loop
      vertex -0.0016238763045708586 0.0014333329423705347 -0.001167487938200739
      vertex -0.0016800544677989541 0.0014333329423705354 -0.001085092492996323
      vertex -0.0016238763045708568 0.002266666911486746 -0.001167487938200743
    endloop
  endfacet
  facet normal 0.0 0.0 0.0
    outer loop
      vertex -0.0016238763045708586 0.0014333329423705347 -0.001167487938200739
      vertex -0.0016238763045708568 0.002266666911486746 -0.001167487938200743
      vertex -0.0015636643294516654 0.002266666911486745 -0.0012469820822389014
    endloop
  endfacet
  facet normal 0.0 0.0 0.0
    outer loop
      vertex -0.0015636643294516673 0.0014333329423705343 -0.0012469820822388973
      vertex -0.0016238763045708586 0.0014333329423705347 -0.001167487938200739
      vertex -0.0015636643294516654 0.002266666911486745 -0.0012469820822389014
    endloop
  endfacet
  facet normal 0.0 0.0 0.0
    outer loop
      vertex -0.0014995613115039044 0.0014333329423705337 -0.0013233698060845093
      vertex -0.0015636643294516673 0.0014333329423705343 -0.0012469820822388973
      vertex -0.0015636643294516654 0.002266666911486745 -0.0012469820822389014
    endloop
  endfacet
  facet normal 0.0 0.0 0.0
    outer loop
      vertex -0.0014995613115039044 0.0014333329423705337 -0.0013233698060845093
      vertex -0.0015636643294516654 0.002266666911486745 -0.0012469820822389014
      vertex -0.0014995613115039027 0.0022666669114867447 -0.0013233698060845136
    endloop
  endfacet
  facet normal 0.0 0.0 0.0
    outer loop
      vertex -0.0014317323750701347 0.0014333329423705332 -0.0013964717665657354
      vertex -0.0014995613115039044 0.0014333329423705337 -0.0013233698060845093
      vertex -0.0014995613115039027 0.0022666669114867447 -0.0013233698060845136
    endloop
  endfacet
  facet normal 0.0 0.0 0.0
    outer loop
      vertex -0.0014317323750701347 0.0014333329423705332 -0.0013964717665657354
      vertex -0.0014995613115039027 0.0022666669114867447 -0.0013233698060845136
      vertex -0.001431732375070133 0.0022666669114867442 -0.0013964717665657395
    endloop
  endfacet
  facet normal 0.0 0.0 0.0
    outer loop
      vertex -0.0014317323750701347 0.0014333329423705332 -0.0013964717665657354
      vertex -0.001431732375070133 0.0022666669114867442 -0.0013964717665657395
      vertex -0.0013603441043143634 0.002266666911486744 -0.0014661050961900142
    endloop
  endfacet
  facet normal 0.0 0.0 0.0
    outer loop
      vertex -0.0013603441043143652 0.0014333329423705328 -0.00146610509619001
      vertex -0.0014317323750701347 0.0014333329423705332 -0.0013964717665657354
      vertex -0.0013603441043143634 0.002266666911486744 -0.0014661050961900142
    endloop
  endfacet
  facet normal 0.0 0.0 0.0
    outer loop
      vertex -0.0012855786405049521 0.0014333329423705324 -0.0015320892424298127
      vertex -0.0013603441043143652 0.0014333329423705328 -0.00146610509619001
      vertex -0.0013603441043143634 0.002266666911486744 -0.0014661050961900142
    endloop
  endfacet
  facet normal 0.0 0.0 0.0
    outer loop
      vertex -0.0012855786405049521 0.0014333329423705324 -0.0015320892424298127
      vertex -0.0013603441043143634 0.002266666911486744 -0.0014661050961900142
      vertex -0.0012855786405049504 0.0022666669114867434 -0.0015320892424298168
    endloop
  endfacet
  facet normal 0.0 0.0 0.0
    outer loop
      vertex -0.001207609365981593 0.0014333329423705317 -0.0015942647986819823
      vertex -0.0012855786405049521 0.0014333329423705324 -0.0015320892424298127
      vertex -0.0012855786405049504 0.0022666669114867434 -0.0015320892424298168
    endloop
  endfacet
  facet normal 0.0 0.0 0.0
    outer loop
      vertex -0.001207609365981593 0.0014333329423705317 -0.0015942647986819823
      vertex -0.0012855786405049504 0.0022666669114867434 -0.0015320892424298168
      vertex -0.0012076093659815913 0.002266666911486743 -0.0015942647986819864
    endloop
  endfacet
  facet normal 0.0 0.0 0.0
    outer loop
      vertex -0.001207609365981593 0.0014333329423705317 -0.0015942647986819823
      vertex -0.0012076093659815913 0.002266666911486743 -0.0015942647986819864
      vertex -0.0011266407772926815 0.0022666669114867425 -0.001652476988273453
    endloop
  endfacet
  facet normal 0.0 0.0 0.0
    outer loop
      vertex -0.0011266407772926835 0.0014333329423705313 -0.001652476988273449
      vertex -0.001207609365981593 0.0014333329423705317 -0.0015942647986819823
      vertex -0.0011266407772926815 0.0022666669114867425 -0.001652476988273453
    endloop
  endfacet
  facet normal 0.0 0.0 0.0
    outer loop
      vertex -0.0010428729915222899 0.0014333329423705308 -0.001706581607493322
      vertex -0.0011266407772926835 0.0014333329423705313 -0.001652476988273449
      vertex -0.0011266407772926815 0.0022666669114867425 -0.001652476988273453
    endloop
  endfacet
  facet normal 0.0 0.0 0.0
    outer loop
      vertex -0.0010428729915222899 0.0014333329423705308 -0.001706581607493322
      vertex -0.0011266407772926815 0.0022666669114867425 -0.001652476988273453
      vertex -0.0010428729915222881 0.002266666911486742 -0.0017065816074933262
    endloop
  endfacet
  facet normal 0.0 0.0 0.0
    outer loop
      vertex -0.000956510254753045 0.0014333329423705304 -0.00175644442091505
      vertex -0.0010428729915222899 0.0014333329423705308 -0.001706581607493322
      vertex -0.0010428729915222881 0.002266666911486742 -0.0017065816074933262
    endloop
  endfacet
  facet normal 0.0 0.0 0.0
    outer loop
      vertex -0.000956510254753045 0.0014333329423705304 -0.00175644442091505
      vertex -0.0010428729915222881 0.002266666911486742 -0.0017065816074933262
      vertex -0.0009565102547530431 0.0022666669114867416 -0.0017564444209150543
    endloop
  endfacet
  facet normal 0.0 0.0 0.0
    outer loop
      vertex -0.000956510254753045 0.0014333329423705304 -0.00175644442091505
      vertex -0.0009565102547530431 0.0022666669114867416 -0.0017564444209150543
      vertex -0.0008677694505290429 0.002266666911486741 -0.0018019405567185837
    endloop
  endfacet
  facet normal 0.0 0.0 0.0
    outer loop
      vertex -0.0008677694505290446 0.00143333294237053 -0.0018019405567185796
      vertex -0.000956510254753045 0.0014333329423705304 -0.00175644442091505
      vertex -0.0008677694505290429 0.002266666911486741 -0.0018019405567185837
    endloop
  endfacet
  facet normal 0.0 0.0 0.0
    outer loop
      vertex -0.0007768715913929516 0.0014333329423705298 -0.0018429551113681969
      vertex -0.0008677694505290446 0.00143333294237053 -0.0018019405567185796
      vertex -0.0008677694505290429 0.002266666911486741 -0.0018019405567185837
    endloop
  endfacet
  facet normal 0.0 0.0 0.0
    outer loop
      vertex -0.0007768715913929516 0.0014333329423705298 -0.0018429551113681969
      vertex -0.0008677694505290429 0.002266666911486741 -0.0018019405567185837
      vertex -0.0007768715913929499 0.0022666669114867408 -0.001842955111368201
    endloop
  endfacet
  facet normal 0.0 0.0 0.0
    outer loop
      vertex -0.0006840403590645518 0.0014333329423705293 -0.0018793866739332534
      vertex -0.0007768715913929516 0.0014333329423705298 -0.0018429551113681969
      vertex -0.0007768715913929499 0.0022666669114867408 -0.001842955111368201
    endloop
  endfacet
  facet normal 0.0 0.0 0.0
    outer loop
      vertex -0.0006840403590645518 0.0014333329423705293 -0.0018793866739332534
      vertex -0.0007768715913929499 0.0022666669114867408 -0.001842955111368201
      vertex -0.0006840403590645499 0.0022666669114867403 -0.0018793866739332575
    endloop
  endfacet
  facet normal 0.0 0.0 0.0
    outer loop
      vertex -0.0006840403590645518 0.0014333329423705293 -0.0018793866739332534
      vertex -0.0006840403590645499 0.0022666669114867403 -0.0018793866739332575
      vertex -0.0005895106129036495 0.00226666691148674 -0.0019111467214103295
    endloop
  endfacet
  facet normal 0.0 0.0 0.0
    outer loop
      vertex -0.0005895106129036512 0.0014333329423705287 -0.0019111467214103252
      vertex -0.0006840403590645518 0.0014333329423705293 -0.0018793866739332534
      vertex -0.0005895106129036495 0.00226666691148674 -0.0019111467214103295
    endloop
  endfacet
  facet normal 0.0 0.0 0.0
    outer loop
      vertex -0.0004935142926271701 0.0014333329423705285 -0.0019381537794374414
      vertex -0.0005895106129036495 0.00226666691148674 -0.0019111467214103295
      vertex -0.0004935142926271684 0.0022666669114867395 -0.0019381537794374458
    endloop
  endfacet
  facet normal 0.0 0.0 0.0
    outer loop
      vertex -0.0004935142926271701 0.0014333329423705285 -0.0019381537794374414
      vertex -0.0005895106129036512 0.0014333329423705287 -0.0019111467214103252
      vertex -0.0005895106129036495 0.00226666691148674 -0.0019111467214103295
    endloop
  endfacet
  facet normal 0.0 0.0 0.0
    outer loop
      vertex -0.00039629159594916166 0.001433332942370528 -0.00196034631022131
      vertex -0.0004935142926271684 0.0022666669114867395 -0.0019381537794374458
      vertex -0.00039629159594915987 0.0022666669114867395 -0.0019603463102213143
    endloop
  endfacet
  facet normal 0.0 0.0 0.0
    outer loop
      vertex -0.00039629159594916166 0.001433332942370528 -0.00196034631022131
      vertex -0.0004935142926271701 0.0014333329423705285 -0.0019381537794374414
      vertex -0.0004935142926271684 0.0022666669114867395 -0.0019381537794374458
    endloop
  endfacet
  facet normal 0.0 0.0 0.0
    outer loop
      vertex -0.00029808272058367923 0.0014333329423705278 -0.001977662775968637
      vertex -0.00039629159594915987 0.0022666669114867395 -0.0019603463102213143
      vertex -0.00029808272058367744 0.002266666911486739 -0.001977662775968641
    endloop
  endfacet
  facet normal 0.0 0.0 0.0
    outer loop
      vertex -0.00029808272058367923 0.0014333329423705278 -0.001977662775968637
      vertex -0.00029808272058367744 0.002266666911486739 -0.001977662775968641
      vertex -0.00019913612224190812 0.002266666911486738 -0.0019900615754548127
    endloop
  endfacet
  facet normal 0.0 0.0 0.0
    outer loop
      vertex -0.00029808272058367923 0.0014333329423705278 -0.001977662775968637
      vertex -0.00039629159594916166 0.001433332942370528 -0.00196034631022131
      vertex -0.00039629159594915987 0.0022666669114867395 -0.0019603463102213143
    endloop
  endfacet
  facet normal 0.0 0.0 0.0
    outer loop
      vertex -0.00019913612224190988 0.0014333329423705276 -0.0019900615754548084
      vertex -0.00029808272058367923 0.0014333329423705278 -0.001977662775968637
      vertex -0.00019913612224190812 0.002266666911486738 -0.0019900615754548127
    endloop
  endfacet
  facet normal 0.0 0.0 0.0
    outer loop
      vertex -9.969441734926863e-05 0.0014333329423705274 -0.0019975152047381145
      vertex -0.00019913612224190988 0.0014333329423705276 -0.0019900615754548084
      vertex -0.00019913612224190812 0.002266666911486738 -0.0019900615754548127
    endloop
  endfacet
  facet normal 0.0 0.0 0.0
    outer loop
      vertex -9.969441734926863e-05 0.0014333329423705274 -0.0019975152047381145
      vertex -0.00019913612224190812 0.002266666911486738 -0.0019900615754548127
      vertex -9.969441734926688e-05 0.002266666911486738 -0.0019975152047381184
    endloop
  endfacet
  facet normal 0.0 0.0 0.0
    outer loop
      vertex 1.2374902729437513e-09 0.0014333329423705272 -0.0019999996841975733
      vertex -9.969441734926863e-05 0.0014333329423705274 -0.0019975152047381145
      vertex -9.969441734926688e-05 0.002266666911486738 -0.0019975152047381184
    endloop
  endfacet
  facet normal 0.0 0.0 0.0
    outer loop
      vertex 1.2374902729437513e-09 0.0014333329423705272 -0.0019999996841975733
      vertex -9.969441734926688e-05 0.002266666911486738 -0.0019975152047381184
      vertex 1.2374902746999825e-09 0.0022666669114867377 -0.001999999684197577
    endloop
  endfacet
  facet normal 0.0 0.0 0.0
    outer loop
      vertex 9.969437903415637e-05 0.001433332942370527 -0.001997513890423765
      vertex 1.2374902729437513e-09 0.0014333329423705272 -0.0019999996841975733
      vertex 1.2374902746999825e-09 0.0022666669114867377 -0.001999999684197577
    endloop
  endfacet
  facet normal 0.0 0.0 0.0
    outer loop
      vertex 9.969437903415637e-05 0.001433332942370527 -0.001997513890423765
      vertex 1.2374902746999825e-09 0.0022666669114867377 -0.001999999684197577
      vertex 9.969437903415812e-05 0.0022666669114867377 -0.0019975138904237692
    endloop
  endfacet
  facet normal 0.0 0.0 0.0
    outer loop
      vertex 0.0001991385123241625 0.0014333329423705267 -0.001990060829005839
      vertex 9.969437903415637e-05 0.001433332942370527 -0.001997513890423765
      vertex 9.969437903415812e-05 0.0022666669114867377 -0.0019975138904237692
    endloop
  endfacet
  facet normal 0.0 0.0 0.0
    outer loop
      vertex 0.0001991385123241625 0.0014333329423705267 -0.001990060829005839
      vertex 9.969437903415812e-05 0.0022666669114867377 -0.0019975138904237692
      vertex 0.00019913851232416423 0.0022666669114867373 -0.0019900608290058432
    endloop
  endfacet
  facet normal 0.0 0.0 0.0
    outer loop
      vertex 0.0002980859330463913 0.0014333329423705265 -0.001977660522458734
      vertex 0.0001991385123241625 0.0014333329423705267 -0.001990060829005839
      vertex 0.00019913851232416423 0.0022666669114867373 -0.0019900608290058432
    endloop
  endfacet
  facet normal 0.0 0.0 0.0
    outer loop
      vertex 0.0002980859330463913 0.0014333329423705265 -0.001977660522458734
      vertex 0.00019913851232416423 0.0022666669114867373 -0.0019900608290058432
      vertex 0.0002980859330463931 0.0022666669114867373 -0.001977660522458738
    endloop
  endfacet
  facet normal 0.0 0.0 0.0
    outer loop
      vertex 0.0002980859330463913 0.0014333329423705265 -0.001977660522458734
      vertex 0.0002980859330463931 0.0022666669114867373 -0.001977660522458738
      vertex 0.00039629331635127366 0.0022666669114867373 -0.001960343566259574
    endloop
  endfacet
  facet normal 0.0 0.0 0.0
    outer loop
      vertex 0.00039629331635127193 0.0014333329423705265 -0.00196034356625957
      vertex 0.0002980859330463913 0.0014333329423705265 -0.001977660522458734
      vertex 0.00039629331635127366 0.0022666669114867373 -0.001960343566259574
    endloop
  endfacet
  facet normal 0.0 0.0 0.0
    outer loop
      vertex 0.0004935146682121097 0.0014333329423705263 -0.0019381540484905313
      vertex 0.00039629331635127193 0.0014333329423705265 -0.00196034356625957
      vertex 0.00039629331635127366 0.0022666669114867373 -0.001960343566259574
    endloop
  endfacet
  facet normal 0.0 0.0 0.0
    outer loop
      vertex 0.0004935146682121097 0.0014333329423705263 -0.0019381540484905313
      vertex 0.00039629331635127366 0.0022666669114867373 -0.001960343566259574
      vertex 0.0004935146682121114 0.0022666669114867373 -0.0019381540484905355
    endloop
  endfacet
  facet normal 0.0 0.0 0.0
    outer loop
      vertex 0.0005895083740665391 0.0014333329423705263 -0.001911146630195982
      vertex 0.0004935146682121097 0.0014333329423705263 -0.0019381540484905313
      vertex 0.0004935146682121114 0.0022666669114867373 -0.0019381540484905355
    endloop
  endfacet
  facet normal 0.0 0.0 0.0
    outer loop
      vertex 0.0005895083740665391 0.0014333329423705263 -0.001911146630195982
      vertex 0.0004935146682121114 0.0022666669114867373 -0.0019381540484905355
      vertex 0.0005895083740665409 0.002266666911486737 -0.0019111466301959864
    endloop
  endfacet
  facet normal 0.0 0.0 0.0
    outer loop
      vertex 0.0006840371988165239 0.0014333329423705263 -0.0018793865453824656
      vertex 0.0005895083740665391 0.0014333329423705263 -0.001911146630195982
      vertex 0.0005895083740665409 0.002266666911486737 -0.0019111466301959864
    endloop
  endfacet
  facet normal 0.0 0.0 0.0
    outer loop
      vertex 0.0006840371988165239 0.0014333329423705263 -0.0018793865453824656
      vertex 0.0005895083740665409 0.002266666911486737 -0.0019111466301959864
      vertex 0.0006840371988165257 0.002266666911486737 -0.00187938654538247
    endloop
  endfacet
  facet normal 0.0 0.0 0.0
    outer loop
      vertex 0.0007768697466498 0.0014333329423705263 -0.0018429531253394307
      vertex 0.0006840371988165239 0.0014333329423705263 -0.0018793865453824656
      vertex 0.0006840371988165257 0.002266666911486737 -0.00187938654538247
    endloop
  endfacet
  facet normal 0.0 0.0 0.0
    outer loop
      vertex 0.0007768697466498 0.0014333329423705263 -0.0018429531253394307
      vertex 0.0006840371988165257 0.002266666911486737 -0.00187938654538247
      vertex 0.0007768697466498017 0.002266666911486737 -0.0018429531253394348
    endloop
  endfacet
  facet normal 0.0 0.0 0.0
    outer loop
      vertex 0.0008677704927555359 0.0014333329423705263 -0.0018019356696406654
      vertex 0.0007768697466498 0.0014333329423705263 -0.0018429531253394307
      vertex 0.0007768697466498017 0.002266666911486737 -0.0018429531253394348
    endloop
  endfacet
  facet normal 0.0 0.0 0.0
    outer loop
      vertex 0.0008677704927555359 0.0014333329423705263 -0.0018019356696406654
      vertex 0.0007768697466498017 0.002266666911486737 -0.0018429531253394348
      vertex 0.0008677704927555378 0.002266666911486737 -0.0018019356696406697
    endloop
  endfacet
  facet normal 0.0 0.0 0.0
    outer loop
      vertex 0.0009565112114301165 0.0014333329423705263 -0.0017564410994635898
      vertex 0.0008677704927555359 0.0014333329423705263 -0.0018019356696406654
      vertex 0.0008677704927555378 0.002266666911486737 -0.0018019356696406697
    endloop
  endfacet
  facet normal 0.0 0.0 0.0
    outer loop
      vertex 0.0009565112114301165 0.0014333329423705263 -0.0017564410994635898
      vertex 0.0008677704927555378 0.002266666911486737 -0.0018019356696406697
      vertex 0.0009565112114301183 0.002266666911486737 -0.001756441099463594
    endloop
  endfacet
  facet normal 0.0 0.0 0.0
    outer loop
      vertex 0.0010428736452542647 0.0014333329423705263 -0.0017065804649841912
      vertex 0.0009565112114301165 0.0014333329423705263 -0.0017564410994635898
      vertex 0.0009565112114301183 0.002266666911486737 -0.001756441099463594
    endloop
  endfacet
  facet normal 0.0 0.0 0.0
    outer loop
      vertex 0.0010428736452542647 0.0014333329423705263 -0.0017065804649841912
      vertex 0.0009565112114301183 0.002266666911486737 -0.001756441099463594
      vertex 0.0010428736452542664 0.0022666669114867373 -0.0017065804649841953
    endloop
  endfacet
  facet normal 0.0 0.0 0.0
    outer loop
      vertex 0.0011266368676315802 0.0014333329423705265 -0.0016524783089835213
      vertex 0.0010428736452542664 0.0022666669114867373 -0.0017065804649841953
      vertex 0.001126636867631582 0.0022666669114867373 -0.0016524783089835256
    endloop
  endfacet
  facet normal 0.0 0.0 0.0
    outer loop
      vertex 0.0011266368676315802 0.0014333329423705265 -0.0016524783089835213
      vertex 0.0010428736452542647 0.0014333329423705263 -0.0017065804649841912
      vertex 0.0010428736452542664 0.0022666669114867373 -0.0017065804649841953
    endloop
  endfacet
  facet normal 0.0 0.0 0.0
    outer loop
      vertex 0.0012076069371757924 0.0014333329423705265 -0.0015942645125968807
      vertex 0.001126636867631582 0.0022666669114867373 -0.0016524783089835256
      vertex 0.0012076069371757942 0.0022666669114867373 -0.0015942645125968848
    endloop
  endfacet
  facet normal 0.0 0.0 0.0
    outer loop
      vertex 0.0012076069371757924 0.0014333329423705265 -0.0015942645125968807
      vertex 0.0011266368676315802 0.0014333329423705265 -0.0016524783089835213
      vertex 0.001126636867631582 0.0022666669114867373 -0.0016524783089835256
    endloop
  endfacet
  facet normal 0.0 0.0 0.0
    outer loop
      vertex 0.0012855731460406031 0.0014333329423705267 -0.001532088288850406
      vertex 0.0012076069371757942 0.0022666669114867373 -0.0015942645125968848
      vertex 0.001285573146040605 0.0022666669114867373 -0.0015320882888504104
    endloop
  endfacet
  facet normal 0.0 0.0 0.0
    outer loop
      vertex 0.0012855731460406031 0.0014333329423705267 -0.001532088288850406
      vertex 0.0012076069371757924 0.0014333329423705265 -0.0015942645125968807
      vertex 0.0012076069371757942 0.0022666669114867373 -0.0015942645125968848
    endloop
  endfacet
  facet normal 0.0 0.0 0.0
    outer loop
      vertex 0.0013603432631269477 0.001433332942370527 -0.0014661035844466426
      vertex 0.001285573146040605 0.0022666669114867373 -0.0015320882888504104
      vertex 0.0013603432631269495 0.0022666669114867377 -0.0014661035844466467
    endloop
  endfacet
  facet normal 0.0 0.0 0.0
    outer loop
      vertex 0.0013603432631269477 0.001433332942370527 -0.0014661035844466426
      vertex 0.0012855731460406031 0.0014333329423705267 -0.001532088288850406
      vertex 0.001285573146040605 0.0022666669114867373 -0.0015320882888504104
    endloop
  endfacet
  facet normal 0.0 0.0 0.0
    outer loop
      vertex 0.0014317364854415436 0.0014333329423705272 -0.001396471999407428
      vertex 0.0013603432631269495 0.0022666669114867377 -0.0014661035844466467
      vertex 0.0014317364854415453 0.0022666669114867377 -0.001396471999407432
    endloop
  endfacet
  facet normal 0.0 0.0 0.0
    outer loop
      vertex 0.0014317364854415436 0.0014333329423705272 -0.001396471999407428
      vertex 0.0013603432631269477 0.001433332942370527 -0.0014661035844466426
      vertex 0.0013603432631269495 0.0022666669114867377 -0.0014661035844466467
    endloop
  endfacet
  facet normal 0.0 0.0 0.0
    outer loop
      vertex 0.0014995622921725315 0.0014333329423705274 -0.001323371546002551
      vertex 0.0014317364854415453 0.0022666669114867377 -0.001396471999407432
      vertex 0.0014995622921725334 0.002266666911486738 -0.0013233715460025553
    endloop
  endfacet
  facet normal 0.0 0.0 0.0
    outer loop
      vertex 0.0014995622921725315 0.0014333329423705274 -0.001323371546002551
      vertex 0.0014317364854415436 0.0014333329423705272 -0.001396471999407428
      vertex 0.0014317364854415453 0.0022666669114867377 -0.001396471999407432
    endloop
  endfacet
  facet normal 0.0 0.0 0.0
    outer loop
      vertex 0.001563662736538194 0.0014333329423705276 -0.0012469791308924365
      vertex 0.0014995622921725334 0.002266666911486738 -0.0013233715460025553
      vertex 0.0015636627365381958 0.002266666911486738 -0.0012469791308924408
    endloop
  endfacet
  facet normal 0.0 0.0 0.0
    outer loop
      vertex 0.001563662736538194 0.0014333329423705276 -0.0012469791308924365
      vertex 0.0014995622921725315 0.0014333329423705274 -0.001323371546002551
      vertex 0.0014995622921725334 0.002266666911486738 -0.0013233715460025553
    endloop
  endfacet
  facet normal 0.0 0.0 0.0
    outer loop
      vertex 0.0016238772025796884 0.0014333329423705278 -0.0011674851533425737
      vertex 0.0015636627365381958 0.002266666911486738 -0.0012469791308924408
      vertex 0.0016238772025796901 0.002266666911486739 -0.0011674851533425778
    endloop
  endfacet
  facet normal 0.0 0.0 0.0
    outer loop
      vertex 0.0016238772025796884 0.0014333329423705278 -0.0011674851533425737
      vertex 0.001563662736538194 0.0014333329423705276 -0.0012469791308924365
      vertex 0.0015636627365381958 0.002266666911486738 -0.0012469791308924408
    endloop
  endfacet
  facet normal 0.0 0.0 0.0
    outer loop
      vertex 0.001680050913623945 0.001433332942370528 -0.001085094109901358
      vertex 0.0016238772025796901 0.002266666911486739 -0.0011674851533425778
      vertex 0.0016800509136239467 0.0022666669114867395 -0.0010850941099013623
    endloop
  endfacet
  facet normal 0.0 0.0 0.0
    outer loop
      vertex 0.001680050913623945 0.001433332942370528 -0.001085094109901358
      vertex 0.0016800509136239467 0.0022666669114867395 -0.0010850941099013623
      vertex 0.0017320502389222537 0.0022666669114867395 -0.001000001738188531
    endloop
  endfacet
  facet normal 0.0 0.0 0.0
    outer loop
      vertex 0.001680050913623945 0.001433332942370528 -0.001085094109901358
      vertex 0.0016238772025796884 0.0014333329423705278 -0.0011674851533425737
      vertex 0.0016238772025796901 0.002266666911486739 -0.0011674851533425778
    endloop
  endfacet
  facet normal 0.0 0.0 0.0
    outer loop
      vertex 0.001732050238922252 0.0014333329423705285 -0.001000001738188527
      vertex 0.001680050913623945 0.001433332942370528 -0.001085094109901358
      vertex 0.0017320502389222537 0.0022666669114867395 -0.001000001738188531
    endloop
  endfacet
  facet normal 0.0 0.0 0.0
    outer loop
      vertex 0.0017797403383702178 0.0014333329423705287 -0.000912420792749609
      vertex 0.0017320502389222537 0.0022666669114867395 -0.001000001738188531
      vertex 0.0017797403383702198 0.00226666691148674 -0.0009124207927496131
    endloop
  endfacet
  facet normal 0.0 0.0 0.0
    outer loop
      vertex 0.0017797403383702178 0.0014333329423705287 -0.000912420792749609
      vertex 0.001732050238922252 0.0014333329423705285 -0.001000001738188527
      vertex 0.0017320502389222537 0.0022666669114867395 -0.001000001738188531
    endloop
  endfacet
  facet normal 0.0 0.0 0.0
    outer loop
      vertex 0.0018230148168950245 0.0014333329423705293 -0.0008225728908051072
      vertex 0.0017797403383702198 0.00226666691148674 -0.0009124207927496131
      vertex 0.0018230148168950262 0.0022666669114867403 -0.0008225728908051114
    endloop
  endfacet
  facet normal 0.0 0.0 0.0
    outer loop
      vertex 0.0018230148168950245 0.0014333329423705293 -0.0008225728908051072
      vertex 0.0018230148168950262 0.0022666669114867403 -0.0008225728908051114
      vertex 0.0018617446736780537 0.0022666669114867408 -0.0007306848841834606
    endloop
  endfacet
  facet normal 0.0 0.0 0.0
    outer loop
      vertex 0.0018230148168950245 0.0014333329423705293 -0.0008225728908051072
      vertex 0.0017797403383702178 0.0014333329423705287 -0.000912420792749609
      vertex 0.0017797403383702198 0.00226666691148674 -0.0009124207927496131
    endloop
  endfacet
  facet normal 0.0 0.0 0.0
    outer loop
      vertex 0.001861744673678052 0.0014333329423705295 -0.0007306848841834565
      vertex 0.0018230148168950245 0.0014333329423705293 -0.0008225728908051072
      vertex 0.0018617446736780537 0.0022666669114867408 -0.0007306848841834606
    endloop
  endfacet
  facet normal 0.0 0.0 0.0
    outer loop
      vertex 0.0018958546278551795 0.00143333294237053 -0.000636973760175068
      vertex 0.001861744673678052 0.0014333329423705295 -0.0007306848841834565
      vertex 0.0018617446736780537 0.0022666669114867408 -0.0007306848841834606
    endloop
  endfacet
  facet normal 0.0 0.0 0.0
    outer loop
      vertex 0.0018958546278551795 0.00143333294237053 -0.000636973760175068
      vertex 0.0018617446736780537 0.0022666669114867408 -0.0007306848841834606
      vertex 0.0018958546278551812 0.002266666911486741 -0.000636973760175072
    endloop
  endfacet
  facet normal 0.0 0.0 0.0
    outer loop
      vertex 0.0019252470432822475 0.0014333329423705304 -0.0005416822819248031
      vertex 0.0018958546278551795 0.00143333294237053 -0.000636973760175068
      vertex 0.0018958546278551812 0.002266666911486741 -0.000636973760175072
    endloop
  endfacet
  facet normal 0.0 0.0 0.0
    outer loop
      vertex 0.0019252470432822475 0.0014333329423705304 -0.0005416822819248031
      vertex 0.0018958546278551812 0.002266666911486741 -0.000636973760175072
      vertex 0.0019252470432822493 0.0022666669114867416 -0.0005416822819248072
    endloop
  endfacet
  facet normal 0.0 0.0 0.0
    outer loop
      vertex 0.0019252470432822475 0.0014333329423705304 -0.0005416822819248031
      vertex 0.0019252470432822493 0.0022666669114867416 -0.0005416822819248072
      vertex 0.001949852478380909 0.002266666911486742 -0.0004450415340059836
    endloop
  endfacet
  facet normal 0.0 0.0 0.0
    outer loop
      vertex 0.0019498524783809073 0.0014333329423705308 -0.0004450415340059794
      vertex 0.0019252470432822475 0.0014333329423705304 -0.0005416822819248031
      vertex 0.001949852478380909 0.002266666911486742 -0.0004450415340059836
    endloop
  endfacet
  facet normal 0.0 0.0 0.0
    outer loop
      vertex 0.001969615839321479 0.0014333329423705313 -0.0003472973029526602
      vertex 0.0019498524783809073 0.0014333329423705308 -0.0004450415340059794
      vertex 0.001949852478380909 0.002266666911486742 -0.0004450415340059836
    endloop
  endfacet
  facet normal 0.0 0.0 0.0
    outer loop
      vertex 0.001969615839321479 0.0014333329423705313 -0.0003472973029526602
      vertex 0.001949852478380909 0.002266666911486742 -0.0004450415340059836
      vertex 0.001969615839321481 0.0022666669114867425 -0.0003472973029526644
    endloop
  endfacet
  facet normal 0.0 0.0 0.0
    outer loop
      vertex 0.001984479112631396 0.0014333329423705317 -0.00024868832665745554
      vertex 0.001969615839321481 0.0022666669114867425 -0.0003472973029526644
      vertex 0.001984479112631398 0.002266666911486743 -0.0002486883266574597
    endloop
  endfacet
  facet normal 0.0 0.0 0.0
    outer loop
      vertex 0.001984479112631396 0.0014333329423705317 -0.00024868832665745554
      vertex 0.001969615839321479 0.0014333329423705313 -0.0003472973029526602
      vertex 0.001969615839321481 0.0022666669114867425 -0.0003472973029526644
    endloop
  endfacet
  facet normal 0.0 0.0 0.0
    outer loop
      vertex 0.00199440422140677 0.0014333329423705321 -0.0001494616010101096
      vertex 0.001984479112631398 0.002266666911486743 -0.0002486883266574597
      vertex 0.001994404221406772 0.0022666669114867434 -0.00014946160101011379
    endloop
  endfacet
  facet normal 0.0 0.0 0.0
    outer loop
      vertex 0.00199440422140677 0.0014333329423705321 -0.0001494616010101096
      vertex 0.001984479112631396 0.0014333329423705317 -0.00024868832665745554
      vertex 0.001984479112631398 0.002266666911486743 -0.0002486883266574597
    endloop
  endfacet
  facet normal 0.0 0.0 0.0
    outer loop
      vertex 0.0019993771543109565 0.0014333329423705328 -4.986241161316105e-05
      vertex 0.001994404221406772 0.0022666669114867434 -0.00014946160101011379
      vertex 0.001999377154310958 0.002266666911486744 -4.986241161316522e-05
    endloop
  endfacet
  facet normal 0.0 0.0 0.0
    outer loop
      vertex 0.0019993771543109565 0.0014333329423705328 -4.986241161316105e-05
      vertex 0.001999377154310958 0.002266666911486744 -4.986241161316522e-05
      vertex 0.0019993768513658617 0.0022666669114867442 4.986103628796153e-05
    endloop
  endfacet
  facet normal 0.0 0.0 0.0
    outer loop
      vertex 0.0019993771543109565 0.0014333329423705328 -4.986241161316105e-05
      vertex 0.00199440422140677 0.0014333329423705321 -0.0001494616010101096
      vertex 0.001994404221406772 0.0022666669114867434 -0.00014946160101011379
    endloop
  endfacet
  facet normal 0.0 0.0 0.0
    outer loop
      vertex 0.00199937685136586 0.0014333329423705332 4.9861036287965704e-05
      vertex 0.0019993771543109565 0.0014333329423705328 -4.986241161316105e-05
      vertex 0.0019993768513658617 0.0022666669114867442 4.986103628796153e-05
    endloop
  endfacet
  facet normal 0.0 0.0 0.0
    outer loop
      vertex 0.001994407777982071 0.0014333329423705337 0.00014945872341432466
      vertex 0.0019993768513658617 0.0022666669114867442 4.986103628796153e-05
      vertex 0.0019944077779820726 0.0022666669114867447 0.0001494587234143205
    endloop
  endfacet
  facet normal 0.0 0.0 0.0
    outer loop
      vertex 0.001994407777982071 0.0014333329423705337 0.00014945872341432466
      vertex 0.00199937685136586 0.0014333329423705332 4.9861036287965704e-05
      vertex 0.0019993768513658617 0.0022666669114867442 4.986103628796153e-05
    endloop
  endfacet
  facet normal 0.0 0.0 0.0
    outer loop
      vertex 0.0019844799883901904 0.0014333329423705343 0.0002486870744505828
      vertex 0.0019944077779820726 0.0022666669114867447 0.0001494587234143205
      vertex 0.001984479988390192 0.002266666911486745 0.0002486870744505786
    endloop
  endfacet
  facet normal 0.0 0.0 0.0
    outer loop
      vertex 0.0019844799883901904 0.0014333329423705343 0.0002486870744505828
      vertex 0.001994407777982071 0.0014333329423705337 0.00014945872341432466
      vertex 0.0019944077779820726 0.0022666669114867447 0.0001494587234143205
    endloop
  endfacet
  facet normal 0.0 0.0 0.0
    outer loop
      vertex 0.001969614964926601 0.0014333329423705347 0.00034729486076211366
      vertex 0.001984479988390192 0.002266666911486745 0.0002486870744505786
      vertex 0.0019696149649266028 0.0022666669114867455 0.00034729486076210943
    endloop
  endfacet
  facet normal 0.0 0.0 0.0
    outer loop
      vertex 0.001969614964926601 0.0014333329423705347 0.00034729486076211366
      vertex 0.0019844799883901904 0.0014333329423705343 0.0002486870744505828
      vertex 0.001984479988390192 0.002266666911486745 0.0002486870744505786
    endloop
  endfacet
  facet normal 0.0 0.0 0.0
    outer loop
      vertex 0.0019498553358520449 0.0014333329423705352 0.0004450396126429488
      vertex 0.0019696149649266028 0.0022666669114867455 0.00034729486076210943
      vertex 0.0019498553358520468 0.0022666669114867464 0.00044503961264294456
    endloop
  endfacet
  facet normal 0.0 0.0 0.0
    outer loop
      vertex 0.0019498553358520449 0.0014333329423705352 0.0004450396126429488
      vertex 0.001969614964926601 0.0014333329423705347 0.00034729486076211366
      vertex 0.0019696149649266028 0.0022666669114867455 0.00034729486076210943
    endloop
  endfacet
  facet normal 0.0 0.0 0.0
    outer loop
      vertex 0.0019252507780687168 0.0014333329423705358 0.0005416817800300063
      vertex 0.0019498553358520468 0.0022666669114867464 0.00044503961264294456
      vertex 0.0019252507780687185 0.002266666911486747 0.0005416817800300022
    endloop
  endfacet
  facet normal 0.0 0.0 0.0
    outer loop
      vertex 0.0019252507780687168 0.0014333329423705358 0.0005416817800300063
      vertex 0.0019498553358520449 0.0014333329423705352 0.0004450396126429488
      vertex 0.0019498553358520468 0.0022666669114867464 0.00044503961264294456
    endloop
  endfacet
  facet normal 0.0 0.0 0.0
    outer loop
      vertex 0.0018958538881216965 0.0014333329423705363 0.0006369747642187514
      vertex 0.0019252507780687185 0.002266666911486747 0.0005416817800300022
      vertex 0.0018958538881216982 0.0022666669114867473 0.0006369747642187473
    endloop
  endfacet
  facet normal 0.0 0.0 0.0
    outer loop
      vertex 0.0018958538881216965 0.0014333329423705363 0.0006369747642187514
      vertex 0.0018958538881216982 0.0022666669114867473 0.0006369747642187473
      vertex 0.0018617469169433212 0.0022666669114867477 0.0007306801207554627
    endloop
  endfacet
  facet normal 0.0 0.0 0.0
    outer loop
      vertex 0.0018958538881216965 0.0014333329423705363 0.0006369747642187514
      vertex 0.0019252507780687168 0.0014333329423705358 0.0005416817800300063
      vertex 0.0019252507780687185 0.002266666911486747 0.0005416817800300022
    endloop
  endfacet
  facet normal 0.0 0.0 0.0
    outer loop
      vertex 0.0018617469169433193 0.001433332942370537 0.0007306801207554669
      vertex 0.0018958538881216965 0.0014333329423705363 0.0006369747642187514
      vertex 0.0018617469169433212 0.0022666669114867477 0.0007306801207554627
    endloop
  endfacet
  facet normal 0.0 0.0 0.0
    outer loop
      vertex 0.0018230133248216013 0.0014333329423705373 0.0008225764221122273
      vertex 0.0018617469169433212 0.0022666669114867477 0.0007306801207554627
      vertex 0.0018230133248216033 0.0022666669114867486 0.0008225764221122232
    endloop
  endfacet
  facet normal 0.0 0.0 0.0
    outer loop
      vertex 0.0018230133248216013 0.0014333329423705373 0.0008225764221122273
      vertex 0.0018617469169433193 0.001433332942370537 0.0007306801207554669
      vertex 0.0018617469169433212 0.0022666669114867477 0.0007306801207554627
    endloop
  endfacet
  facet normal 0.0 0.0 0.0
    outer loop
      vertex 0.0017797453309732166 0.001433332942370538 0.0009124210948367493
      vertex 0.0018230133248216033 0.0022666669114867486 0.0008225764221122232
      vertex 0.0017797453309732183 0.002266666911486749 0.0009124210948367452
    endloop
  endfacet
  facet normal 0.0 0.0 0.0
    outer loop
      vertex 0.0017797453309732166 0.001433332942370538 0.0009124210948367493
      vertex 0.0018230133248216013 0.0014333329423705373 0.0008225764221122273
      vertex 0.0018230133248216033 0.0022666669114867486 0.0008225764221122232
    endloop
  endfacet
  facet normal 0.0 0.0 0.0
    outer loop
      vertex 0.001732049001431982 0.0014333329423705386 0.0009999979460090392
      vertex 0.0017797453309732183 0.002266666911486749 0.0009124210948367452
      vertex 0.001732049001431984 0.0022666669114867494 0.000999997946009035
    endloop
  endfacet
  facet normal 0.0 0.0 0.0
    outer loop
      vertex 0.001732049001431982 0.0014333329423705386 0.0009999979460090392
      vertex 0.0017797453309732166 0.001433332942370538 0.0009124210948367493
      vertex 0.0017797453309732183 0.002266666911486749 0.0009124210948367452
    endloop
  endfacet
  facet normal 0.0 0.0 0.0
    outer loop
      vertex 0.0016800544677989604 0.001433332942370539 0.0010850924929963089
      vertex 0.001732049001431984 0.0022666669114867494 0.000999997946009035
      vertex 0.0016800544677989622 0.00226666691148675 0.0010850924929963045
    endloop
  endfacet
  facet normal 0.0 0.0 0.0
    outer loop
      vertex 0.0016800544677989604 0.001433332942370539 0.0010850924929963089
      vertex 0.001732049001431982 0.0014333329423705386 0.0009999979460090392
      vertex 0.001732049001431984 0.0022666669114867494 0.000999997946009035
    endloop
  endfacet
  facet normal 0.0 0.0 0.0
    outer loop
      vertex 0.0016238763045708648 0.0014333329423705397 0.0011674879382007246
      vertex 0.0016800544677989622 0.00226666691148675 0.0010850924929963045
      vertex 0.0016238763045708666 0.0022666669114867503 0.0011674879382007205
    endloop
  endfacet
  facet normal 0.0 0.0 0.0
    outer loop
      vertex 0.0016238763045708648 0.0014333329423705397 0.0011674879382007246
      vertex 0.0016238763045708666 0.0022666669114867503 0.0011674879382007205
      vertex 0.0015636643294516751 0.002266666911486751 0.001246982082238879
    endloop
  endfacet
  facet normal 0.0 0.0 0.0
    outer loop
      vertex 0.0016238763045708648 0.0014333329423705397 0.0011674879382007246
      vertex 0.0016800544677989604 0.001433332942370539 0.0010850924929963089
      vertex 0.0016800544677989622 0.00226666691148675 0.0010850924929963045
    endloop
  endfacet
  facet normal 0.0 0.0 0.0
    outer loop
      vertex 0.0015636643294516734 0.0014333329423705402 0.001246982082238883
      vertex 0.0016238763045708648 0.0014333329423705397 0.0011674879382007246
      vertex 0.0015636643294516751 0.002266666911486751 0.001246982082238879
    endloop
  endfacet
  facet normal 0.0 0.0 0.0
    outer loop
      vertex 0.0014995613115039105 0.0014333329423705408 0.0013233698060844952
      vertex 0.0015636643294516751 0.002266666911486751 0.001246982082238879
      vertex 0.0014995613115039125 0.0022666669114867516 0.0013233698060844908
    endloop
  endfacet
  facet normal 0.0 0.0 0.0
    outer loop
      vertex 0.0014995613115039105 0.0014333329423705408 0.0013233698060844952
      vertex 0.0015636643294516734 0.0014333329423705402 0.001246982082238883
      vertex 0.0015636643294516751 0.002266666911486751 0.001246982082238879
    endloop
  endfacet
  facet normal 0.0 0.0 0.0
    outer loop
      vertex 0.001431732375070141 0.0014333329423705412 0.001396471766565721
      vertex 0.0014995613115039125 0.0022666669114867516 0.0013233698060844908
      vertex 0.0014317323750701427 0.002266666911486752 0.001396471766565717
    endloop
  endfacet
  facet normal 0.0 0.0 0.0
    outer loop
      vertex 0.001431732375070141 0.0014333329423705412 0.001396471766565721
      vertex 0.0014995613115039105 0.0014333329423705408 0.0013233698060844952
      vertex 0.0014995613115039125 0.0022666669114867516 0.0013233698060844908
    endloop
  endfacet
  facet normal 0.0 0.0 0.0
    outer loop
      vertex 0.0013603441043143713 0.0014333329423705417 0.0014661050961899957
      vertex 0.0014317323750701427 0.002266666911486752 0.001396471766565717
      vertex 0.0013603441043143732 0.0022666669114867525 0.0014661050961899916
    endloop
  endfacet
  facet normal 0.0 0.0 0.0
    outer loop
      vertex 0.0013603441043143713 0.0014333329423705417 0.0014661050961899957
      vertex 0.001431732375070141 0.0014333329423705412 0.001396471766565721
      vertex 0.0014317323750701427 0.002266666911486752 0.001396471766565717
    endloop
  endfacet
  facet normal 0.0 0.0 0.0
    outer loop
      vertex 0.0012855786405049582 0.0014333329423705421 0.0015320892424297984
      vertex 0.0013603441043143713 0.0014333329423705417 0.0014661050961899957
      vertex 0.0013603441043143732 0.0022666669114867525 0.0014661050961899916
    endloop
  endfacet
  facet normal 0.0 0.0 0.0
    outer loop
      vertex 0.0012855786405049582 0.0014333329423705421 0.0015320892424297984
      vertex 0.0013603441043143732 0.0022666669114867525 0.0014661050961899916
      vertex 0.0012855786405049602 0.002266666911486753 0.0015320892424297943
    endloop
  endfacet
  facet normal 0.0 0.0 0.0
    outer loop
      vertex 0.001207609365981599 0.0014333329423705428 0.001594264798681968
      vertex 0.0012855786405049582 0.0014333329423705421 0.0015320892424297984
      vertex 0.0012855786405049602 0.002266666911486753 0.0015320892424297943
    endloop
  endfacet
  facet normal 0.0 0.0 0.0
    outer loop
      vertex 0.001207609365981599 0.0014333329423705428 0.001594264798681968
      vertex 0.0012855786405049602 0.002266666911486753 0.0015320892424297943
      vertex 0.001207609365981601 0.0022666669114867533 0.0015942647986819638
    endloop
  endfacet
  facet normal 0.0 0.0 0.0
    outer loop
      vertex 0.0011266407772926896 0.0014333329423705432 0.0016524769882734346
      vertex 0.001207609365981599 0.0014333329423705428 0.001594264798681968
      vertex 0.001207609365981601 0.0022666669114867533 0.0015942647986819638
    endloop
  endfacet
  facet normal 0.0 0.0 0.0
    outer loop
      vertex 0.0011266407772926896 0.0014333329423705432 0.0016524769882734346
      vertex 0.001207609365981601 0.0022666669114867533 0.0015942647986819638
      vertex 0.0011266407772926915 0.0022666669114867538 0.0016524769882734305
    endloop
  endfacet
  facet normal 0.0 0.0 0.0
    outer loop
      vertex 0.0010428729915222962 0.0014333329423705436 0.0017065816074933078
      vertex 0.0011266407772926896 0.0014333329423705432 0.0016524769882734346
      vertex 0.0011266407772926915 0.0022666669114867538 0.0016524769882734305
    endloop
  endfacet
  facet normal 0.0 0.0 0.0
    outer loop
      vertex 0.0010428729915222962 0.0014333329423705436 0.0017065816074933078
      vertex 0.0011266407772926915 0.0022666669114867538 0.0016524769882734305
      vertex 0.0010428729915222979 0.002266666911486754 0.0017065816074933035
    endloop
  endfacet
  facet normal 0.0 0.0 0.0
    outer loop
      vertex 0.0009565102547530509 0.001433332942370544 0.001756444420915036
      vertex 0.0010428729915222962 0.0014333329423705436 0.0017065816074933078
      vertex 0.0010428729915222979 0.002266666911486754 0.0017065816074933035
    endloop
  endfacet
  facet normal 0.0 0.0 0.0
    outer loop
      vertex 0.0009565102547530509 0.001433332942370544 0.001756444420915036
      vertex 0.0010428729915222979 0.002266666911486754 0.0017065816074933035
      vertex 0.0009565102547530528 0.0022666669114867546 0.0017564444209150316
    endloop
  endfacet
  facet normal 0.0 0.0 0.0
    outer loop
      vertex 0.0008677694505290506 0.0014333329423705445 0.0018019405567185653
      vertex 0.0009565102547530509 0.001433332942370544 0.001756444420915036
      vertex 0.0009565102547530528 0.0022666669114867546 0.0017564444209150316
    endloop
  endfacet
  facet normal 0.0 0.0 0.0
    outer loop
      vertex 0.0008677694505290506 0.0014333329423705445 0.0018019405567185653
      vertex 0.0009565102547530528 0.0022666669114867546 0.0017564444209150316
      vertex 0.0008677694505290524 0.002266666911486755 0.0018019405567185611
    endloop
  endfacet
  facet normal 0.0 0.0 0.0
    outer loop
      vertex 0.0007768715913929576 0.0014333329423705447 0.0018429551113681825
      vertex 0.0008677694505290506 0.0014333329423705445 0.0018019405567185653
      vertex 0.0008677694505290524 0.002266666911486755 0.0018019405567185611
    endloop
  endfacet
  facet normal 0.0 0.0 0.0
    outer loop
      vertex 0.0007768715913929576 0.0014333329423705447 0.0018429551113681825
      vertex 0.0008677694505290524 0.002266666911486755 0.0018019405567185611
      vertex 0.0007768715913929594 0.0022666669114867555 0.0018429551113681784
    endloop
  endfacet
  facet normal 0.0 0.0 0.0
    outer loop
      vertex 0.0006840403590645577 0.0014333329423705451 0.0018793866739332391
      vertex 0.0007768715913929576 0.0014333329423705447 0.0018429551113681825
      vertex 0.0007768715913929594 0.0022666669114867555 0.0018429551113681784
    endloop
  endfacet
  facet normal 0.0 0.0 0.0
    outer loop
      vertex 0.0006840403590645577 0.0014333329423705451 0.0018793866739332391
      vertex 0.0007768715913929594 0.0022666669114867555 0.0018429551113681784
      vertex 0.0006840403590645595 0.002266666911486756 0.001879386673933235
    endloop
  endfacet
  facet normal 0.0 0.0 0.0
    outer loop
      vertex 0.0005895106129036572 0.0014333329423705456 0.0019111467214103111
      vertex 0.0006840403590645577 0.0014333329423705451 0.0018793866739332391
      vertex 0.0006840403590645595 0.002266666911486756 0.001879386673933235
    endloop
  endfacet
  facet normal 0.0 0.0 0.0
    outer loop
      vertex 0.0005895106129036572 0.0014333329423705456 0.0019111467214103111
      vertex 0.0006840403590645595 0.002266666911486756 0.001879386673933235
      vertex 0.000589510612903659 0.0022666669114867564 0.0019111467214103068
    endloop
  endfacet
  facet normal 0.0 0.0 0.0
    outer loop
      vertex 0.0005895106129036572 0.0014333329423705456 0.0019111467214103111
      vertex 0.000589510612903659 0.0022666669114867564 0.0019111467214103068
      vertex 0.0004935142926271779 0.0022666669114867572 0.001938153779437423
    endloop
  endfacet
  facet normal 0.0 0.0 0.0
    outer loop
      vertex 0.0004935142926271762 0.0014333329423705458 0.0019381537794374273
      vertex 0.0005895106129036572 0.0014333329423705456 0.0019111467214103111
      vertex 0.0004935142926271779 0.0022666669114867572 0.001938153779437423
    endloop
  endfacet
  facet normal 0.0 0.0 0.0
    outer loop
      vertex 0.0003962915959491676 0.0014333329423705462 0.0019603463102212957
      vertex 0.0004935142926271762 0.0014333329423705458 0.0019381537794374273
      vertex 0.0004935142926271779 0.0022666669114867572 0.001938153779437423
    endloop
  endfacet
  facet normal 0.0 0.0 0.0
    outer loop
      vertex 0.0003962915959491676 0.0014333329423705462 0.0019603463102212957
      vertex 0.0004935142926271779 0.0022666669114867572 0.001938153779437423
      vertex 0.0003962915959491694 0.0022666669114867572 0.0019603463102212913
    endloop
  endfacet
  facet normal 0.0 0.0 0.0
    outer loop
      vertex 0.00029808272058368525 0.0014333329423705464 0.0019776627759686225
      vertex 0.0003962915959491676 0.0014333329423705462 0.0019603463102212957
      vertex 0.0003962915959491694 0.0022666669114867572 0.0019603463102212913
    endloop
  endfacet
  facet normal 0.0 0.0 0.0
    outer loop
      vertex 0.00029808272058368525 0.0014333329423705464 0.0019776627759686225
      vertex 0.0003962915959491694 0.0022666669114867572 0.0019603463102212913
      vertex 0.00029808272058368704 0.0022666669114867577 0.0019776627759686186
    endloop
  endfacet
  facet normal 0.0 0.0 0.0
    outer loop
      vertex 0.00019913612224191593 0.0014333329423705467 0.001990061575454794
      vertex 0.00029808272058368704 0.0022666669114867577 0.0019776627759686186
      vertex 0.0001991361222419177 0.002266666911486758 0.0019900615754547897
    endloop
  endfacet
  facet normal 0.0 0.0 0.0
    outer loop
      vertex 0.00019913612224191593 0.0014333329423705467 0.001990061575454794
      vertex 0.00029808272058368525 0.0014333329423705464 0.0019776627759686225
      vertex 0.00029808272058368704 0.0022666669114867577 0.0019776627759686186
    endloop
  endfacet
  facet normal 0.0 0.0 0.0
    outer loop
      vertex 9.969441734927467e-05 0.0014333329423705469 0.0019975152047381002
      vertex 0.00019913612224191593 0.0014333329423705467 0.001990061575454794
      vertex 0.0001991361222419177 0.002266666911486758 0.0019900615754547897
    endloop
  endfacet
  facet normal 0.0 0.0 0.0
    outer loop
      vertex 9.969441734927467e-05 0.0014333329423705469 0.0019975152047381002
      vertex 0.0001991361222419177 0.002266666911486758 0.0019900615754547897
      vertex 9.969441734927642e-05 0.002266666911486758 0.001997515204738096
    endloop
  endfacet
  facet normal 0.0 0.0 0.0
    outer loop
      vertex 9.969441734927467e-05 0.0014333329423705469 0.0019975152047381002
      vertex 9.969441734927642e-05 0.002266666911486758 0.001997515204738096
      vertex -1.2374902651460897e-09 0.0022666669114867585 0.0019999996841975546
    endloop
  endfacet
  facet normal 0.0 0.0 0.0
    outer loop
      vertex -1.2374902669023209e-09 0.001433332942370547 0.001999999684197559
      vertex 9.969441734927467e-05 0.0014333329423705469 0.0019975152047381002
      vertex -1.2374902651460897e-09 0.0022666669114867585 0.0019999996841975546
    endloop
  endfacet
  facet normal 0.0 0.0 0.0
    outer loop
      vertex -0.0013603432631269397 0.0022666669114867585 0.0014661035844466242
      vertex -0.001062769662761763 0.002266666911486756 0.001145392034628065
      vertex -0.0014317364854415356 0.0022666669114867585 0.0013964719994074095
    endloop
  endfacet
  facet normal 0.0 0.0 0.0
    outer loop
      vertex -0.0014317364854415356 0.0022666669114867585 0.0013964719994074095
      vertex -0.001062769662761763 0.002266666911486756 0.001145392034628065
      vertex -0.001118540894301103 0.002266666911486756 0.0010909971539965228
    endloop
  endfacet
  facet normal 0.0 0.0 0.0
    outer loop
      vertex -0.0014317364854415356 0.0022666669114867585 0.0013964719994074095
      vertex -0.0011715345448577359 0.0022666669114867555 0.001033883913421526
      vertex -0.0014995622921725237 0.002266666911486758 0.0013233715460025325
    endloop
  endfacet
  facet normal 0.0 0.0 0.0
    outer loop
      vertex -0.001118540894301103 0.002266666911486756 0.0010909971539965228
      vertex -0.0011715345448577359 0.0022666669114867555 0.001033883913421526
      vertex -0.0014317364854415356 0.0022666669114867585 0.0013964719994074095
    endloop
  endfacet
  facet normal 0.0 0.0 0.0
    outer loop
      vertex -0.0013603432631269397 0.0022666669114867585 0.0014661035844466242
      vertex -0.0010043581520286014 0.002266666911486756 0.0011969414900774228
      vertex -0.001062769662761763 0.002266666911486756 0.001145392034628065
    endloop
  endfacet
  facet normal 0.0 0.0 0.0
    outer loop
      vertex -0.0012855731460405953 0.002266666911486759 0.0015320882888503876
      vertex -0.0010043581520286014 0.002266666911486756 0.0011969414900774228
      vertex -0.0013603432631269397 0.0022666669114867585 0.0014661035844466242
    endloop
  endfacet
  facet normal 0.0 0.0 0.0
    outer loop
      vertex -0.0011715345448577359 0.0022666669114867555 0.001033883913421526
      vertex -0.0012216150229299835 0.0022666669114867555 0.0009742034437090481
      vertex -0.0014995622921725237 0.002266666911486758 0.0013233715460025325
    endloop
  endfacet
  facet normal 0.0 0.0 0.0
    outer loop
      vertex -0.0014995622921725237 0.002266666911486758 0.0013233715460025325
      vertex -0.0012216150229299835 0.0022666669114867555 0.0009742034437090481
      vertex -0.001563662736538186 0.002266666911486758 0.001246979130892418
    endloop
  endfacet
  facet normal 0.0 0.0 0.0
    outer loop
      vertex -0.0012076069371757844 0.002266666911486759 0.0015942645125968623
      vertex -0.000943443663890502 0.0022666669114867564 0.0012455184551058672
      vertex -0.0012855731460405953 0.002266666911486759 0.0015320882888503876
    endloop
  endfacet
  facet normal 0.0 0.0 0.0
    outer loop
      vertex -0.0012855731460405953 0.002266666911486759 0.0015320882888503876
      vertex -0.000943443663890502 0.0022666669114867564 0.0012455184551058672
      vertex -0.0010043581520286014 0.002266666911486756 0.0011969414900774228
    endloop
  endfacet
  facet normal 0.0 0.0 0.0
    outer loop
      vertex -0.0012216150229299835 0.0022666669114867555 0.0009742034437090481
      vertex -0.001268652325836176 0.002266666911486755 0.0009121004317014514
      vertex -0.001563662736538186 0.002266666911486758 0.001246979130892418
    endloop
  endfacet
  facet normal 0.0 0.0 0.0
    outer loop
      vertex -0.001563662736538186 0.002266666911486758 0.001246979130892418
      vertex -0.001268652325836176 0.002266666911486755 0.0009121004317014514
      vertex -0.0016238772025796804 0.0022666669114867577 0.0011674851533425552
    endloop
  endfacet
  facet normal 0.0 0.0 0.0
    outer loop
      vertex -0.0011266368676315721 0.002266666911486759 0.0016524783089835028
      vertex -0.000880189025525037 0.0022666669114867564 0.0012909976785081894
      vertex -0.0012076069371757844 0.002266666911486759 0.0015942645125968623
    endloop
  endfacet
  facet normal 0.0 0.0 0.0
    outer loop
      vertex -0.0012076069371757844 0.002266666911486759 0.0015942645125968623
      vertex -0.000880189025525037 0.0022666669114867564 0.0012909976785081894
      vertex -0.000943443663890502 0.0022666669114867564 0.0012455184551058672
    endloop
  endfacet
  facet normal 0.0 0.0 0.0
    outer loop
      vertex -0.0016238772025796804 0.0022666669114867577 0.0011674851533425552
      vertex -0.001312537847284766 0.002266666911486755 0.0008477313465589571
      vertex -0.001680050913623937 0.0022666669114867572 0.0010850941099013395
    endloop
  endfacet
  facet normal 0.0 0.0 0.0
    outer loop
      vertex -0.001268652325836176 0.002266666911486755 0.0009121004317014514
      vertex -0.001312537847284766 0.002266666911486755 0.0008477313465589571
      vertex -0.0016238772025796804 0.0022666669114867577 0.0011674851533425552
    endloop
  endfacet
  facet normal 0.0 0.0 0.0
    outer loop
      vertex -0.0010428736452542566 0.002266666911486759 0.0017065804649841728
      vertex -0.0008147458864697588 0.0022666669114867564 0.0013332667970064065
      vertex -0.0011266368676315721 0.002266666911486759 0.0016524783089835028
    endloop
  endfacet
  facet normal 0.0 0.0 0.0
    outer loop
      vertex -0.0011266368676315721 0.002266666911486759 0.0016524783089835028
      vertex -0.0008147458864697588 0.0022666669114867564 0.0013332667970064065
      vertex -0.000880189025525037 0.0022666669114867564 0.0012909976785081894
    endloop
  endfacet
  facet normal 0.0 0.0 0.0
    outer loop
      vertex -0.001680050913623937 0.0022666669114867572 0.0010850941099013395
      vertex -0.0013531629809842047 0.0022666669114867546 0.0007812526574417871
      vertex -0.001732050238922244 0.0022666669114867572 0.0010000017381885085
    endloop
  endfacet
  facet normal 0.0 0.0 0.0
    outer loop
      vertex -0.001312537847284766 0.002266666911486755 0.0008477313465589571
      vertex -0.0013531629809842047 0.0022666669114867546 0.0007812526574417871
      vertex -0.001680050913623937 0.0022666669114867572 0.0010850941099013395
    endloop
  endfacet
  facet normal 0.0 0.0 0.0
    outer loop
      vertex -0.0009565112114301087 0.0022666669114867594 0.0017564410994635714
      vertex -0.0007472688159051061 0.0022666669114867564 0.0013722204959639873
      vertex -0.0010428736452542566 0.002266666911486759 0.0017065804649841728
    endloop
  endfacet
  facet normal 0.0 0.0 0.0
    outer loop
      vertex -0.0010428736452542566 0.002266666911486759 0.0017065804649841728
      vertex -0.0007472688159051061 0.0022666669114867564 0.0013722204959639873
      vertex -0.0008147458864697588 0.0022666669114867564 0.0013332667970064065
    endloop
  endfacet
  facet normal 0.0 0.0 0.0
    outer loop
      vertex -0.001732050238922244 0.0022666669114867572 0.0010000017381885085
      vertex -0.001390423500107273 0.0022666669114867546 0.0007128314064723423
      vertex -0.00177974033837021 0.0022666669114867564 0.0009124207927495904
    endloop
  endfacet
  facet normal 0.0 0.0 0.0
    outer loop
      vertex -0.0013531629809842047 0.0022666669114867546 0.0007812526574417871
      vertex -0.001390423500107273 0.0022666669114867546 0.0007128314064723423
      vertex -0.001732050238922244 0.0022666669114867572 0.0010000017381885085
    endloop
  endfacet
  facet normal 0.0 0.0 0.0
    outer loop
      vertex -0.0008677704927555282 0.0022666669114867594 0.001801935669640647
      vertex -0.0006779422878645342 0.0022666669114867564 0.0014077658477401026
      vertex -0.0009565112114301087 0.0022666669114867594 0.0017564410994635714
    endloop
  endfacet
  facet normal 0.0 0.0 0.0
    outer loop
      vertex -0.0009565112114301087 0.0022666669114867594 0.0017564410994635714
      vertex -0.0006779422878645342 0.0022666669114867564 0.0014077658477401026
      vertex -0.0007472688159051061 0.0022666669114867564 0.0013722204959639873
    endloop
  endfacet
  facet normal 0.0 0.0 0.0
    outer loop
      vertex -0.001390423500107273 0.0022666669114867546 0.0007128314064723423
      vertex -0.001424225146111091 0.002266666911486754 0.0006426387647715904
      vertex -0.00177974033837021 0.0022666669114867564 0.0009124207927495904
    endloop
  endfacet
  facet normal 0.0 0.0 0.0
    outer loop
      vertex -0.00177974033837021 0.0022666669114867564 0.0009124207927495904
      vertex -0.001424225146111091 0.002266666911486754 0.0006426387647715904
      vertex -0.0018230148168950164 0.002266666911486756 0.0008225728908050887
    endloop
  endfacet
  facet normal 0.0 0.0 0.0
    outer loop
      vertex -0.0007768697466497921 0.0022666669114867594 0.0018429531253394123
      vertex -0.0006069322996342639 0.0022666669114867564 0.0014398051910175145
      vertex -0.0008677704927555282 0.0022666669114867594 0.001801935669640647
    endloop
  endfacet
  facet normal 0.0 0.0 0.0
    outer loop
      vertex -0.0008677704927555282 0.0022666669114867594 0.001801935669640647
      vertex -0.0006069322996342639 0.0022666669114867564 0.0014398051910175145
      vertex -0.0006779422878645342 0.0022666669114867564 0.0014077658477401026
    endloop
  endfacet
  facet normal 0.0 0.0 0.0
    outer loop
      vertex -0.0018230148168950164 0.002266666911486756 0.0008225728908050887
      vertex -0.0014544906773785705 0.0022666669114867538 0.0005708471128161797
      vertex -0.001861744673678044 0.0022666669114867555 0.0007306848841834379
    endloop
  endfacet
  facet normal 0.0 0.0 0.0
    outer loop
      vertex -0.001424225146111091 0.002266666911486754 0.0006426387647715904
      vertex -0.0014544906773785705 0.0022666669114867538 0.0005708471128161797
      vertex -0.0018230148168950164 0.002266666911486756 0.0008225728908050887
    endloop
  endfacet
  facet normal 0.0 0.0 0.0
    outer loop
      vertex -0.0006840371988165162 0.0022666669114867594 0.0018793865453824471
      vertex -0.0005344080186091643 0.0022666669114867564 0.001468268454366957
      vertex -0.0007768697466497921 0.0022666669114867594 0.0018429531253394123
    endloop
  endfacet
  facet normal 0.0 0.0 0.0
    outer loop
      vertex -0.0007768697466497921 0.0022666669114867594 0.0018429531253394123
      vertex -0.0005344080186091643 0.0022666669114867564 0.001468268454366957
      vertex -0.0006069322996342639 0.0022666669114867564 0.0014398051910175145
    endloop
  endfacet
  facet normal 0.0 0.0 0.0
    outer loop
      vertex -0.001861744673678044 0.0022666669114867555 0.0007306848841834379
      vertex -0.001481137263472613 0.0022666669114867538 0.0004976352750463713
      vertex -0.0018958546278551715 0.002266666911486755 0.0006369737601750494
    endloop
  endfacet
  facet normal 0.0 0.0 0.0
    outer loop
      vertex -0.0014544906773785705 0.0022666669114867538 0.0005708471128161797
      vertex -0.001481137263472613 0.0022666669114867538 0.0004976352750463713
      vertex -0.001861744673678044 0.0022666669114867555 0.0007306848841834379
    endloop
  endfacet
  facet normal 0.0 0.0 0.0
    outer loop
      vertex -0.0006840371988165162 0.0022666669114867594 0.0018793865453824471
      vertex -0.000460554169288453 0.0022666669114867564 0.0014930832513941187
      vertex -0.0005344080186091643 0.0022666669114867564 0.001468268454366957
    endloop
  endfacet
  facet normal 0.0 0.0 0.0
    outer loop
      vertex -0.0005895083740665313 0.0022666669114867594 0.0019111466301959636
      vertex -0.000460554169288453 0.0022666669114867564 0.0014930832513941187
      vertex -0.0006840371988165162 0.0022666669114867594 0.0018793865453824471
    endloop
  endfacet
  facet normal 0.0 0.0 0.0
    outer loop
      vertex -0.0018958546278551715 0.002266666911486755 0.0006369737601750494
      vertex -0.0015041005507033555 0.0022666669114867533 0.00042318680957883326
      vertex -0.0019252470432822395 0.0022666669114867546 0.0005416822819247846
    endloop
  endfacet
  facet normal 0.0 0.0 0.0
    outer loop
      vertex -0.0019252470432822395 0.0022666669114867546 0.0005416822819247846
      vertex -0.0015041005507033555 0.0022666669114867533 0.00042318680957883326
      vertex -0.0019498524783808993 0.002266666911486754 0.00044504153400596084
    endloop
  endfacet
  facet normal 0.0 0.0 0.0
    outer loop
      vertex -0.001481137263472613 0.0022666669114867538 0.0004976352750463713
      vertex -0.0015041005507033555 0.0022666669114867533 0.00042318680957883326
      vertex -0.0018958546278551715 0.002266666911486755 0.0006369737601750494
    endloop
  endfacet
  facet normal 0.0 0.0 0.0
    outer loop
      vertex -0.0004935146682121019 0.002266666911486759 0.001938154048490513
      vertex -0.0003855583958142338 0.0022666669114867564 0.0015141842443461408
      vertex -0.0005895083740665313 0.0022666669114867594 0.0019111466301959636
    endloop
  endfacet
  facet normal 0.0 0.0 0.0
    outer loop
      vertex -0.0005895083740665313 0.0022666669114867594 0.0019111466301959636
      vertex -0.0003855583958142338 0.0022666669114867564 0.0015141842443461408
      vertex -0.000460554169288453 0.0022666669114867564 0.0014930832513941187
    endloop
  endfacet
  facet normal 0.0 0.0 0.0
    outer loop
      vertex -0.0015041005507033555 0.0022666669114867533 0.00042318680957883326
      vertex -0.0015233261536652738 0.002266666911486753 0.0003476894035288005
      vertex -0.0019498524783808993 0.002266666911486754 0.00044504153400596084
    endloop
  endfacet
  facet normal 0.0 0.0 0.0
    outer loop
      vertex -0.00029808593304638355 0.002266666911486759 0.001977660522458715
      vertex -0.00030960567315148704 0.0022666669114867564 0.0015315195880752292
      vertex -0.0003962933163512641 0.002266666911486759 0.001960343566259551
    endloop
  endfacet
  facet normal 0.0 0.0 0.0
    outer loop
      vertex -0.0003962933163512641 0.002266666911486759 0.001960343566259551
      vertex -0.00030960567315148704 0.0022666669114867564 0.0015315195880752292
      vertex -0.0004935146682121019 0.002266666911486759 0.001938154048490513
    endloop
  endfacet
  facet normal 0.0 0.0 0.0
    outer loop
      vertex -0.0004935146682121019 0.002266666911486759 0.001938154048490513
      vertex -0.00030960567315148704 0.0022666669114867564 0.0015315195880752292
      vertex -0.0003855583958142338 0.0022666669114867564 0.0015141842443461408
    endloop
  endfacet
  facet normal 0.0 0.0 0.0
    outer loop
      vertex -0.0019498524783808993 0.002266666911486754 0.00044504153400596084
      vertex -0.0015387652757728537 0.0022666669114867525 0.00027132430004789525
      vertex -0.001969615839321471 0.0022666669114867538 0.00034729730295264164
    endloop
  endfacet
  facet normal 0.0 0.0 0.0
    outer loop
      vertex -0.0015233261536652738 0.002266666911486753 0.0003476894035288005
      vertex -0.0015387652757728537 0.0022666669114867525 0.00027132430004789525
      vertex -0.0019498524783808993 0.002266666911486754 0.00044504153400596084
    endloop
  endfacet
  facet normal 0.0 0.0 0.0
    outer loop
      vertex -0.00029808593304638355 0.002266666911486759 0.001977660522458715
      vertex -0.00023287684726662594 0.0022666669114867564 0.0015450474057179294
      vertex -0.00030960567315148704 0.0022666669114867564 0.0015315195880752292
    endloop
  endfacet
  facet normal 0.0 0.0 0.0
    outer loop
      vertex -0.001969615839321471 0.0022666669114867538 0.00034729730295264164
      vertex -0.001550374959726352 0.0022666669114867525 0.00019428683957064603
      vertex -0.001984479112631388 0.0022666669114867533 0.00024868832665743694
    endloop
  endfacet
  facet normal 0.0 0.0 0.0
    outer loop
      vertex -0.0015387652757728537 0.0022666669114867525 0.00027132430004789525
      vertex -0.001550374959726352 0.0022666669114867525 0.00019428683957064603
      vertex -0.001969615839321471 0.0022666669114867538 0.00034729730295264164
    endloop
  endfacet
  facet normal 0.0 0.0 0.0
    outer loop
      vertex -0.0001991385123241547 0.002266666911486759 0.0019900608290058202
      vertex -0.00015557416051618488 0.002266666911486756 0.0015547376027286472
      vertex -0.00029808593304638355 0.002266666911486759 0.001977660522458715
    endloop
  endfacet
  facet normal 0.0 0.0 0.0
    outer loop
      vertex -0.00029808593304638355 0.002266666911486759 0.001977660522458715
      vertex -0.00015557416051618488 0.002266666911486756 0.0015547376027286472
      vertex -0.00023287684726662594 0.0022666669114867564 0.0015450474057179294
    endloop
  endfacet
  facet normal 0.0 0.0 0.0
    outer loop
      vertex -0.001984479112631388 0.0022666669114867533 0.00024868832665743694
      vertex -0.0015581333941503857 0.002266666911486752 0.00011676360360292211
      vertex -0.001994404221406762 0.002266666911486753 0.00014946160101009104
    endloop
  endfacet
  facet normal 0.0 0.0 0.0
    outer loop
      vertex -0.001550374959726352 0.0022666669114867525 0.00019428683957064603
      vertex -0.0015581333941503857 0.002266666911486752 0.00011676360360292211
      vertex -0.001984479112631388 0.0022666669114867533 0.00024868832665743694
    endloop
  endfacet
  facet normal 0.0 0.0 0.0
    outer loop
      vertex -9.969437903414858e-05 0.0022666669114867585 0.0019975138904237467
      vertex -7.78828383309063e-05 0.002266666911486756 0.001560558875206107
      vertex -0.0001991385123241547 0.002266666911486759 0.0019900608290058202
    endloop
  endfacet
  facet normal 0.0 0.0 0.0
    outer loop
      vertex -0.0001991385123241547 0.002266666911486759 0.0019900608290058202
      vertex -7.78828383309063e-05 0.002266666911486756 0.001560558875206107
      vertex -0.00015557416051618488 0.002266666911486756 0.0015547376027286472
    endloop
  endfacet
  facet normal 0.0 0.0 0.0
    outer loop
      vertex -0.001994404221406762 0.002266666911486753 0.00014946160101009104
      vertex -0.0015620160984924475 0.0022666669114867516 3.8954666255659204e-05
      vertex -0.0019993771543109487 0.0022666669114867525 4.986241161314249e-05
    endloop
  endfacet
  facet normal 0.0 0.0 0.0
    outer loop
      vertex -0.0019993771543109487 0.0022666669114867525 4.986241161314249e-05
      vertex -0.0015620160984924475 0.0022666669114867516 3.8954666255659204e-05
      vertex -0.0019993768513658517 0.002266666911486752 -4.986103628798426e-05
    endloop
  endfacet
  facet normal 0.0 0.0 0.0
    outer loop
      vertex -0.0015581333941503857 0.002266666911486752 0.00011676360360292211
      vertex -0.0015620160984924475 0.0022666669114867516 3.8954666255659204e-05
      vertex -0.001994404221406762 0.002266666911486753 0.00014946160101009104
    endloop
  endfacet
  facet normal 0.0 0.0 0.0
    outer loop
      vertex -1.2374902651460897e-09 0.0022666669114867585 0.0019999996841975546
      vertex 3.1349298088597553e-09 0.002266666911486756 0.0015625010651733923
      vertex -9.969437903414858e-05 0.0022666669114867585 0.0019975138904237467
    endloop
  endfacet
  facet normal 0.0 0.0 0.0
    outer loop
      vertex -9.969437903414858e-05 0.0022666669114867585 0.0019975138904237467
      vertex 3.1349298088597553e-09 0.002266666911486756 0.0015625010651733923
      vertex -7.78828383309063e-05 0.002266666911486756 0.001560558875206107
    endloop
  endfacet
  facet normal 0.0 0.0 0.0
    outer loop
      vertex -0.0015620160984924475 0.0022666669114867516 3.8954666255659204e-05
      vertex -0.0015620168184815025 0.002266666911486751 -3.895570593031887e-05
      vertex -0.0019993768513658517 0.002266666911486752 -4.986103628798426e-05
    endloop
  endfacet
  facet normal 0.0 0.0 0.0
    outer loop
      vertex 9.969441734927642e-05 0.002266666911486758 0.001997515204738096
      vertex 7.788831508511717e-05 0.0022666669114867555 0.001560557538974313
      vertex -1.2374902651460897e-09 0.0022666669114867585 0.0019999996841975546
    endloop
  endfacet
  facet normal 0.0 0.0 0.0
    outer loop
      vertex -1.2374902651460897e-09 0.0022666669114867585 0.0019999996841975546
      vertex 7.788831508511717e-05 0.0022666669114867555 0.001560557538974313
      vertex 3.1349298088597553e-09 0.002266666911486756 0.0015625010651733923
    endloop
  endfacet
  facet normal 0.0 0.0 0.0
    outer loop
      vertex -0.0019993768513658517 0.002266666911486752 -4.986103628798426e-05
      vertex -0.0015581280904908349 0.0022666669114867507 -0.00011676622948839587
      vertex -0.001994407777982063 0.0022666669114867516 -0.00014945872341434323
    endloop
  endfacet
  facet normal 0.0 0.0 0.0
    outer loop
      vertex -0.0015620168184815025 0.002266666911486751 -3.895570593031887e-05
      vertex -0.0015581280904908349 0.0022666669114867507 -0.00011676622948839587
      vertex -0.0019993768513658517 0.002266666911486752 -4.986103628798426e-05
    endloop
  endfacet
  facet normal 0.0 0.0 0.0
    outer loop
      vertex 0.0001991361222419177 0.002266666911486758 0.0019900615754547897
      vertex 0.0001555714186684024 0.0022666669114867555 0.0015547357602355846
      vertex 9.969441734927642e-05 0.002266666911486758 0.001997515204738096
    endloop
  endfacet
  facet normal 0.0 0.0 0.0
    outer loop
      vertex 9.969441734927642e-05 0.002266666911486758 0.001997515204738096
      vertex 0.0001555714186684024 0.0022666669114867555 0.0015547357602355846
      vertex 7.788831508511717e-05 0.0022666669114867555 0.001560557538974313
    endloop
  endfacet
  facet normal 0.0 0.0 0.0
    outer loop
      vertex -0.001994407777982063 0.0022666669114867516 -0.00014945872341434323
      vertex -0.0015503706454595406 0.0022666669114867503 -0.0001942872995235003
      vertex -0.001984479988390182 0.002266666911486751 -0.0002486870744506013
    endloop
  endfacet
  facet normal 0.0 0.0 0.0
    outer loop
      vertex -0.0015581280904908349 0.0022666669114867507 -0.00011676622948839587
      vertex -0.0015503706454595406 0.0022666669114867503 -0.0001942872995235003
      vertex -0.001994407777982063 0.0022666669114867516 -0.00014945872341434323
    endloop
  endfacet
  facet normal 0.0 0.0 0.0
    outer loop
      vertex 0.0003962915959491694 0.0022666669114867572 0.0019603463102212913
      vertex 0.00023288227642174618 0.002266666911486755 0.0015450478225140138
      vertex 0.00029808272058368704 0.0022666669114867577 0.0019776627759686186
    endloop
  endfacet
  facet normal 0.0 0.0 0.0
    outer loop
      vertex 0.00029808272058368704 0.0022666669114867577 0.0019776627759686186
      vertex 0.00023288227642174618 0.002266666911486755 0.0015450478225140138
      vertex 0.0001991361222419177 0.002266666911486758 0.0019900615754547897
    endloop
  endfacet
  facet normal 0.0 0.0 0.0
    outer loop
      vertex 0.0001991361222419177 0.002266666911486758 0.0019900615754547897
      vertex 0.00023288227642174618 0.002266666911486755 0.0015450478225140138
      vertex 0.0001555714186684024 0.0022666669114867555 0.0015547357602355846
    endloop
  endfacet
  facet normal 0.0 0.0 0.0
    outer loop
      vertex -0.001984479988390182 0.002266666911486751 -0.0002486870744506013
      vertex -0.001538759625506706 0.00226666691148675 -0.00027132286717694814
      vertex -0.0019696149649265932 0.0022666669114867507 -0.0003472948607621322
    endloop
  endfacet
  facet normal 0.0 0.0 0.0
    outer loop
      vertex -0.0015503706454595406 0.0022666669114867503 -0.0001942872995235003
      vertex -0.001538759625506706 0.00226666691148675 -0.00027132286717694814
      vertex -0.001984479988390182 0.002266666911486751 -0.0002486870744506013
    endloop
  endfacet
  facet normal 0.0 0.0 0.0
    outer loop
      vertex 0.0003962915959491694 0.0022666669114867572 0.0019603463102212913
      vertex 0.0003096037973084216 0.002266666911486755 0.0015315194157177895
      vertex 0.00023288227642174618 0.002266666911486755 0.0015450478225140138
    endloop
  endfacet
  facet normal 0.0 0.0 0.0
    outer loop
      vertex -0.0019696149649265932 0.0022666669114867507 -0.0003472948607621322
      vertex -0.00152332281021288 0.0022666669114867494 -0.0003476862471965538
      vertex -0.001949855335852037 0.00226666691148675 -0.00044503961264296733
    endloop
  endfacet
  facet normal 0.0 0.0 0.0
    outer loop
      vertex -0.001538759625506706 0.00226666691148675 -0.00027132286717694814
      vertex -0.00152332281021288 0.0022666669114867494 -0.0003476862471965538
      vertex -0.0019696149649265932 0.0022666669114867507 -0.0003472948607621322
    endloop
  endfacet
  facet normal 0.0 0.0 0.0
    outer loop
      vertex 0.0003962915959491694 0.0022666669114867572 0.0019603463102212913
      vertex 0.00038555705314185184 0.0022666669114867546 0.0015141837793280761
      vertex 0.0003096037973084216 0.002266666911486755 0.0015315194157177895
    endloop
  endfacet
  facet normal 0.0 0.0 0.0
    outer loop
      vertex 0.0004935142926271779 0.0022666669114867572 0.001938153779437423
      vertex 0.00038555705314185184 0.0022666669114867546 0.0015141837793280761
      vertex 0.0003962915959491694 0.0022666669114867572 0.0019603463102212913
    endloop
  endfacet
  facet normal 0.0 0.0 0.0
    outer loop
      vertex -0.001949855335852037 0.00226666691148675 -0.00044503961264296733
      vertex -0.0015040979474429499 0.002266666911486749 -0.00042318662533156494
      vertex -0.0019252507780687087 0.0022666669114867494 -0.0005416817800300249
    endloop
  endfacet
  facet normal 0.0 0.0 0.0
    outer loop
      vertex -0.00152332281021288 0.0022666669114867494 -0.0003476862471965538
      vertex -0.0015040979474429499 0.002266666911486749 -0.00042318662533156494
      vertex -0.001949855335852037 0.00226666691148675 -0.00044503961264296733
    endloop
  endfacet
  facet normal 0.0 0.0 0.0
    outer loop
      vertex 0.0004935142926271779 0.0022666669114867572 0.001938153779437423
      vertex 0.00046055168762967837 0.0022666669114867546 0.001493081806145334
      vertex 0.00038555705314185184 0.0022666669114867546 0.0015141837793280761
    endloop
  endfacet
  facet normal 0.0 0.0 0.0
    outer loop
      vertex 0.000589510612903659 0.0022666669114867564 0.0019111467214103068
      vertex 0.00046055168762967837 0.0022666669114867546 0.001493081806145334
      vertex 0.0004935142926271779 0.0022666669114867572 0.001938153779437423
    endloop
  endfacet
  facet normal 0.0 0.0 0.0
    outer loop
      vertex -0.0015040979474429499 0.002266666911486749 -0.00042318662533156494
      vertex -0.0014811383421661527 0.0022666669114867486 -0.0004976355022962748
      vertex -0.0019252507780687087 0.0022666669114867494 -0.0005416817800300249
    endloop
  endfacet
  facet normal 0.0 0.0 0.0
    outer loop
      vertex -0.0019252507780687087 0.0022666669114867494 -0.0005416817800300249
      vertex -0.0014811383421661527 0.0022666669114867486 -0.0004976355022962748
      vertex -0.0018958538881216885 0.002266666911486749 -0.00063697476421877
    endloop
  endfacet
  facet normal 0.0 0.0 0.0
    outer loop
      vertex 0.0006840403590645595 0.002266666911486756 0.001879386673933235
      vertex 0.0005344070622981192 0.002266666911486754 0.0014682708012179724
      vertex 0.000589510612903659 0.0022666669114867564 0.0019111467214103068
    endloop
  endfacet
  facet normal 0.0 0.0 0.0
    outer loop
      vertex 0.000589510612903659 0.0022666669114867564 0.0019111467214103068
      vertex 0.0005344070622981192 0.002266666911486754 0.0014682708012179724
      vertex 0.00046055168762967837 0.0022666669114867546 0.001493081806145334
    endloop
  endfacet
  facet normal 0.0 0.0 0.0
    outer loop
      vertex -0.0018958538881216885 0.002266666911486749 -0.00063697476421877
      vertex -0.0014544887908888291 0.0022666669114867486 -0.0005708449834828176
      vertex -0.0018617469169433115 0.0022666669114867486 -0.0007306801207554854
    endloop
  endfacet
  facet normal 0.0 0.0 0.0
    outer loop
      vertex -0.0014811383421661527 0.0022666669114867486 -0.0004976355022962748
      vertex -0.0014544887908888291 0.0022666669114867486 -0.0005708449834828176
      vertex -0.0018958538881216885 0.002266666911486749 -0.00063697476421877
    endloop
  endfacet
  facet normal 0.0 0.0 0.0
    outer loop
      vertex 0.0007768715913929594 0.0022666669114867555 0.0018429551113681784
      vertex 0.0006069269815690435 0.0022666669114867538 0.0014398057546293563
      vertex 0.0006840403590645595 0.002266666911486756 0.001879386673933235
    endloop
  endfacet
  facet normal 0.0 0.0 0.0
    outer loop
      vertex 0.0006840403590645595 0.002266666911486756 0.001879386673933235
      vertex 0.0006069269815690435 0.0022666669114867538 0.0014398057546293563
      vertex 0.0005344070622981192 0.002266666911486754 0.0014682708012179724
    endloop
  endfacet
  facet normal 0.0 0.0 0.0
    outer loop
      vertex -0.0018617469169433115 0.0022666669114867486 -0.0007306801207554854
      vertex -0.0014242307931460268 0.002266666911486748 -0.0006426382481770305
      vertex -0.0018230133248215933 0.0022666669114867477 -0.0008225764221122459
    endloop
  endfacet
  facet normal 0.0 0.0 0.0
    outer loop
      vertex -0.0014544887908888291 0.0022666669114867486 -0.0005708449834828176
      vertex -0.0014242307931460268 0.002266666911486748 -0.0006426382481770305
      vertex -0.0018617469169433115 0.0022666669114867486 -0.0007306801207554854
    endloop
  endfacet
  facet normal 0.0 0.0 0.0
    outer loop
      vertex 0.0007768715913929594 0.0022666669114867555 0.0018429551113681784
      vertex 0.0006779461136072555 0.0022666669114867538 0.00140776682763946
      vertex 0.0006069269815690435 0.0022666669114867538 0.0014398057546293563
    endloop
  endfacet
  facet normal 0.0 0.0 0.0
    outer loop
      vertex 0.0008677694505290524 0.002266666911486755 0.0018019405567185611
      vertex 0.0006779461136072555 0.0022666669114867538 0.00140776682763946
      vertex 0.0007768715913929594 0.0022666669114867555 0.0018429551113681784
    endloop
  endfacet
  facet normal 0.0 0.0 0.0
    outer loop
      vertex -0.0018230133248215933 0.0022666669114867477 -0.0008225764221122459
      vertex -0.0013904247025484354 0.0022666669114867477 -0.0007128297167360937
      vertex -0.0017797453309732086 0.0022666669114867473 -0.0009124210948367678
    endloop
  endfacet
  facet normal 0.0 0.0 0.0
    outer loop
      vertex -0.0014242307931460268 0.002266666911486748 -0.0006426382481770305
      vertex -0.0013904247025484354 0.0022666669114867477 -0.0007128297167360937
      vertex -0.0018230133248215933 0.0022666669114867477 -0.0008225764221122459
    endloop
  endfacet
  facet normal 0.0 0.0 0.0
    outer loop
      vertex 0.0009565102547530528 0.0022666669114867546 0.0017564444209150316
      vertex 0.0007472709320117485 0.0022666669114867533 0.0013722225029367137
      vertex 0.0008677694505290524 0.002266666911486755 0.0018019405567185611
    endloop
  endfacet
  facet normal 0.0 0.0 0.0
    outer loop
      vertex 0.0008677694505290524 0.002266666911486755 0.0018019405567185611
      vertex 0.0007472709320117485 0.0022666669114867533 0.0013722225029367137
      vertex 0.0006779461136072555 0.0022666669114867538 0.00140776682763946
    endloop
  endfacet
  facet normal 0.0 0.0 0.0
    outer loop
      vertex -0.0017797453309732086 0.0022666669114867473 -0.0009124210948367678
      vertex -0.001353164656092566 0.0022666669114867473 -0.0007812519320523429
      vertex -0.001732049001431974 0.002266666911486747 -0.0009999979460090576
    endloop
  endfacet
  facet normal 0.0 0.0 0.0
    outer loop
      vertex -0.0013904247025484354 0.0022666669114867477 -0.0007128297167360937
      vertex -0.001353164656092566 0.0022666669114867473 -0.0007812519320523429
      vertex -0.0017797453309732086 0.0022666669114867473 -0.0009124210948367678
    endloop
  endfacet
  facet normal 0.0 0.0 0.0
    outer loop
      vertex 0.0010428729915222979 0.002266666911486754 0.0017065816074933035
      vertex 0.0008147387741244505 0.002266666911486753 0.001333266434386157
      vertex 0.0009565102547530528 0.0022666669114867546 0.0017564444209150316
    endloop
  endfacet
  facet normal 0.0 0.0 0.0
    outer loop
      vertex 0.0009565102547530528 0.0022666669114867546 0.0017564444209150316
      vertex 0.0008147387741244505 0.002266666911486753 0.001333266434386157
      vertex 0.0007472709320117485 0.0022666669114867533 0.0013722225029367137
    endloop
  endfacet
  facet normal 0.0 0.0 0.0
    outer loop
      vertex -0.001732049001431974 0.002266666911486747 -0.0009999979460090576
      vertex -0.001312540661776362 0.002266666911486747 -0.000847727468733776
      vertex -0.0016800544677989524 0.0022666669114867464 -0.0010850924929963273
    endloop
  endfacet
  facet normal 0.0 0.0 0.0
    outer loop
      vertex -0.001353164656092566 0.0022666669114867473 -0.0007812519320523429
      vertex -0.001312540661776362 0.002266666911486747 -0.000847727468733776
      vertex -0.001732049001431974 0.002266666911486747 -0.0009999979460090576
    endloop
  endfacet
  facet normal 0.0 0.0 0.0
    outer loop
      vertex 0.0011266407772926915 0.0022666669114867538 0.0016524769882734305
      vertex 0.0008801855174658464 0.0022666669114867525 0.0012909958001735564
      vertex 0.0010428729915222979 0.002266666911486754 0.0017065816074933035
    endloop
  endfacet
  facet normal 0.0 0.0 0.0
    outer loop
      vertex 0.0010428729915222979 0.002266666911486754 0.0017065816074933035
      vertex 0.0008801855174658464 0.0022666669114867525 0.0012909958001735564
      vertex 0.0008147387741244505 0.002266666911486753 0.001333266434386157
    endloop
  endfacet
  facet normal 0.0 0.0 0.0
    outer loop
      vertex -0.0016800544677989524 0.0022666669114867464 -0.0010850924929963273
      vertex -0.0012686509855949016 0.0022666669114867464 -0.0009120988379570682
      vertex -0.0016238763045708568 0.002266666911486746 -0.001167487938200743
    endloop
  endfacet
  facet normal 0.0 0.0 0.0
    outer loop
      vertex -0.001312540661776362 0.002266666911486747 -0.000847727468733776
      vertex -0.0012686509855949016 0.0022666669114867464 -0.0009120988379570682
      vertex -0.0016800544677989524 0.0022666669114867464 -0.0010850924929963273
    endloop
  endfacet
  facet normal 0.0 0.0 0.0
    outer loop
      vertex 0.001207609365981601 0.0022666669114867533 0.0015942647986819638
      vertex 0.0009434426600920929 0.0022666669114867525 0.001245518351446857
      vertex 0.0011266407772926915 0.0022666669114867538 0.0016524769882734305
    endloop
  endfacet
  facet normal 0.0 0.0 0.0
    outer loop
      vertex 0.0011266407772926915 0.0022666669114867538 0.0016524769882734305
      vertex 0.0009434426600920929 0.0022666669114867525 0.001245518351446857
      vertex 0.0008801855174658464 0.0022666669114867525 0.0012909958001735564
    endloop
  endfacet
  facet normal 0.0 0.0 0.0
    outer loop
      vertex -0.0016238763045708568 0.002266666911486746 -0.001167487938200743
      vertex -0.0012216123702904968 0.002266666911486746 -0.0009742038172224875
      vertex -0.0015636643294516654 0.002266666911486745 -0.0012469820822389014
    endloop
  endfacet
  facet normal 0.0 0.0 0.0
    outer loop
      vertex -0.0012686509855949016 0.0022666669114867464 -0.0009120988379570682
      vertex -0.0012216123702904968 0.002266666911486746 -0.0009742038172224875
      vertex -0.0016238763045708568 0.002266666911486746 -0.001167487938200743
    endloop
  endfacet
  facet normal 0.0 0.0 0.0
    outer loop
      vertex 0.0012855786405049602 0.002266666911486753 0.0015320892424297943
      vertex 0.001004357257163694 0.002266666911486752 0.0011969441543190505
      vertex 0.001207609365981601 0.0022666669114867533 0.0015942647986819638
    endloop
  endfacet
  facet normal 0.0 0.0 0.0
    outer loop
      vertex 0.001207609365981601 0.0022666669114867533 0.0015942647986819638
      vertex 0.001004357257163694 0.002266666911486752 0.0011969441543190505
      vertex 0.0009434426600920929 0.0022666669114867525 0.001245518351446857
    endloop
  endfacet
  facet normal 0.0 0.0 0.0
    outer loop
      vertex -0.0015636643294516654 0.002266666911486745 -0.0012469820822389014
      vertex -0.0011715315903211214 0.0022666669114867455 -0.0010338843130288692
      vertex -0.0014995613115039027 0.0022666669114867447 -0.0013233698060845136
    endloop
  endfacet
  facet normal 0.0 0.0 0.0
    outer loop
      vertex -0.0012216123702904968 0.002266666911486746 -0.0009742038172224875
      vertex -0.0011715315903211214 0.0022666669114867455 -0.0010338843130288692
      vertex -0.0015636643294516654 0.002266666911486745 -0.0012469820822389014
    endloop
  endfacet
  facet normal 0.0 0.0 0.0
    outer loop
      vertex 0.0013603441043143732 0.0022666669114867525 0.0014661050961899916
      vertex 0.001062771984376826 0.0022666669114867516 0.0011453938478653072
      vertex 0.0012855786405049602 0.002266666911486753 0.0015320892424297943
    endloop
  endfacet
  facet normal 0.0 0.0 0.0
    outer loop
      vertex 0.0012855786405049602 0.002266666911486753 0.0015320892424297943
      vertex 0.001062771984376826 0.0022666669114867516 0.0011453938478653072
      vertex 0.001004357257163694 0.002266666911486752 0.0011969441543190505
    endloop
  endfacet
  facet normal 0.0 0.0 0.0
    outer loop
      vertex -0.0014995613115039027 0.0022666669114867447 -0.0013233698060845136
      vertex -0.00111854361471056 0.002266666911486745 -0.0010909939104465924
      vertex -0.001431732375070133 0.0022666669114867442 -0.0013964717665657395
    endloop
  endfacet
  facet normal 0.0 0.0 0.0
    outer loop
      vertex -0.0011715315903211214 0.0022666669114867455 -0.0010338843130288692
      vertex -0.00111854361471056 0.002266666911486745 -0.0010909939104465924
      vertex -0.0014995613115039027 0.0022666669114867447 -0.0013233698060845136
    endloop
  endfacet
  facet normal 0.0 0.0 0.0
    outer loop
      vertex 0.001062771984376826 0.0022666669114867516 0.0011453938478653072
      vertex 0.0014317323750701427 0.002266666911486752 0.001396471766565717
      vertex 0.0011185436147105698 0.002266666911486751 0.0010909939104465699
    endloop
  endfacet
  facet normal 0.0 0.0 0.0
    outer loop
      vertex 0.0013603441043143732 0.0022666669114867525 0.0014661050961899916
      vertex 0.0014317323750701427 0.002266666911486752 0.001396471766565717
      vertex 0.001062771984376826 0.0022666669114867516 0.0011453938478653072
    endloop
  endfacet
  facet normal 0.0 0.0 0.0
    outer loop
      vertex -0.0010627719843768163 0.0022666669114867447 -0.0011453938478653298
      vertex -0.0013603441043143634 0.002266666911486744 -0.0014661050961900142
      vertex -0.00111854361471056 0.002266666911486745 -0.0010909939104465924
    endloop
  endfacet
  facet normal 0.0 0.0 0.0
    outer loop
      vertex -0.00111854361471056 0.002266666911486745 -0.0010909939104465924
      vertex -0.0013603441043143634 0.002266666911486744 -0.0014661050961900142
      vertex -0.001431732375070133 0.0022666669114867442 -0.0013964717665657395
    endloop
  endfacet
  facet normal 0.0 0.0 0.0
    outer loop
      vertex 0.0014317323750701427 0.002266666911486752 0.001396471766565717
      vertex 0.0014995613115039125 0.0022666669114867516 0.0013233698060844908
      vertex 0.0011185436147105698 0.002266666911486751 0.0010909939104465699
    endloop
  endfacet
  facet normal 0.0 0.0 0.0
    outer loop
      vertex 0.0011185436147105698 0.002266666911486751 0.0010909939104465699
      vertex 0.0014995613115039125 0.0022666669114867516 0.0013233698060844908
      vertex 0.0011715315903211311 0.0022666669114867507 0.0010338843130288467
    endloop
  endfacet
  facet normal 0.0 0.0 0.0
    outer loop
      vertex -0.0010627719843768163 0.0022666669114867447 -0.0011453938478653298
      vertex -0.0012855786405049504 0.0022666669114867434 -0.0015320892424298168
      vertex -0.0013603441043143634 0.002266666911486744 -0.0014661050961900142
    endloop
  endfacet
  facet normal 0.0 0.0 0.0
    outer loop
      vertex -0.0010043572571636842 0.0022666669114867442 -0.001196944154319073
      vertex -0.0012855786405049504 0.0022666669114867434 -0.0015320892424298168
      vertex -0.0010627719843768163 0.0022666669114867447 -0.0011453938478653298
    endloop
  endfacet
  facet normal 0.0 0.0 0.0
    outer loop
      vertex 0.0014995613115039125 0.0022666669114867516 0.0013233698060844908
      vertex 0.0015636643294516751 0.002266666911486751 0.001246982082238879
      vertex 0.0011715315903211311 0.0022666669114867507 0.0010338843130288467
    endloop
  endfacet
  facet normal 0.0 0.0 0.0
    outer loop
      vertex 0.0011715315903211311 0.0022666669114867507 0.0010338843130288467
      vertex 0.0015636643294516751 0.002266666911486751 0.001246982082238879
      vertex 0.0012216123702905065 0.0022666669114867503 0.0009742038172224648
    endloop
  endfacet
  facet normal 0.0 0.0 0.0
    outer loop
      vertex -0.0010043572571636842 0.0022666669114867442 -0.001196944154319073
      vertex -0.0012076093659815913 0.002266666911486743 -0.0015942647986819864
      vertex -0.0012855786405049504 0.0022666669114867434 -0.0015320892424298168
    endloop
  endfacet
  facet normal 0.0 0.0 0.0
    outer loop
      vertex -0.0009434426600920834 0.002266666911486744 -0.0012455183514468798
      vertex -0.0012076093659815913 0.002266666911486743 -0.0015942647986819864
      vertex -0.0010043572571636842 0.0022666669114867442 -0.001196944154319073
    endloop
  endfacet
  facet normal 0.0 0.0 0.0
    outer loop
      vertex 0.0015636643294516751 0.002266666911486751 0.001246982082238879
      vertex 0.0016238763045708666 0.0022666669114867503 0.0011674879382007205
      vertex 0.0012216123702905065 0.0022666669114867503 0.0009742038172224648
    endloop
  endfacet
  facet normal 0.0 0.0 0.0
    outer loop
      vertex 0.0012216123702905065 0.0022666669114867503 0.0009742038172224648
      vertex 0.0016238763045708666 0.0022666669114867503 0.0011674879382007205
      vertex 0.0012686509855949113 0.00226666691148675 0.0009120988379570455
    endloop
  endfacet
  facet normal 0.0 0.0 0.0
    outer loop
      vertex 0.0016238763045708666 0.0022666669114867503 0.0011674879382007205
      vertex 0.0013125406617763718 0.0022666669114867494 0.0008477274687337534
      vertex 0.0012686509855949113 0.00226666691148675 0.0009120988379570455
    endloop
  endfacet
  facet normal 0.0 0.0 0.0
    outer loop
      vertex -0.0009434426600920834 0.002266666911486744 -0.0012455183514468798
      vertex -0.0011266407772926815 0.0022666669114867425 -0.001652476988273453
      vertex -0.0012076093659815913 0.002266666911486743 -0.0015942647986819864
    endloop
  endfacet
  facet normal 0.0 0.0 0.0
    outer loop
      vertex -0.0008801855174658369 0.002266666911486744 -0.0012909958001735792
      vertex -0.0011266407772926815 0.0022666669114867425 -0.001652476988273453
      vertex -0.0009434426600920834 0.002266666911486744 -0.0012455183514468798
    endloop
  endfacet
  facet normal 0.0 0.0 0.0
    outer loop
      vertex 0.0013125406617763718 0.0022666669114867494 0.0008477274687337534
      vertex 0.0016800544677989622 0.00226666691148675 0.0010850924929963045
      vertex 0.0013531646560925757 0.002266666911486749 0.0007812519320523203
    endloop
  endfacet
  facet normal 0.0 0.0 0.0
    outer loop
      vertex 0.0016238763045708666 0.0022666669114867503 0.0011674879382007205
      vertex 0.0016800544677989622 0.00226666691148675 0.0010850924929963045
      vertex 0.0013125406617763718 0.0022666669114867494 0.0008477274687337534
    endloop
  endfacet
  facet normal 0.0 0.0 0.0
    outer loop
      vertex -0.0008801855174658369 0.002266666911486744 -0.0012909958001735792
      vertex -0.0010428729915222881 0.002266666911486742 -0.0017065816074933262
      vertex -0.0011266407772926815 0.0022666669114867425 -0.001652476988273453
    endloop
  endfacet
  facet normal 0.0 0.0 0.0
    outer loop
      vertex -0.000814738774124441 0.0022666669114867434 -0.0013332664343861799
      vertex -0.0010428729915222881 0.002266666911486742 -0.0017065816074933262
      vertex -0.0008801855174658369 0.002266666911486744 -0.0012909958001735792
    endloop
  endfacet
  facet normal 0.0 0.0 0.0
    outer loop
      vertex 0.0016800544677989622 0.00226666691148675 0.0010850924929963045
      vertex 0.001732049001431984 0.0022666669114867494 0.000999997946009035
      vertex 0.0013531646560925757 0.002266666911486749 0.0007812519320523203
    endloop
  endfacet
  facet normal 0.0 0.0 0.0
    outer loop
      vertex -0.000814738774124441 0.0022666669114867434 -0.0013332664343861799
      vertex -0.0009565102547530431 0.0022666669114867416 -0.0017564444209150543
      vertex -0.0010428729915222881 0.002266666911486742 -0.0017065816074933262
    endloop
  endfacet
  facet normal 0.0 0.0 0.0
    outer loop
      vertex -0.0007472709320117389 0.002266666911486743 -0.0013722225029367363
      vertex -0.0009565102547530431 0.0022666669114867416 -0.0017564444209150543
      vertex -0.000814738774124441 0.0022666669114867434 -0.0013332664343861799
    endloop
  endfacet
  facet normal 0.0 0.0 0.0
    outer loop
      vertex 0.001732049001431984 0.0022666669114867494 0.000999997946009035
      vertex 0.0017797453309732183 0.002266666911486749 0.0009124210948367452
      vertex 0.0013531646560925757 0.002266666911486749 0.0007812519320523203
    endloop
  endfacet
  facet normal 0.0 0.0 0.0
    outer loop
      vertex 0.0013531646560925757 0.002266666911486749 0.0007812519320523203
      vertex 0.0017797453309732183 0.002266666911486749 0.0009124210948367452
      vertex 0.0013904247025484451 0.0022666669114867486 0.000712829716736071
    endloop
  endfacet
  facet normal 0.0 0.0 0.0
    outer loop
      vertex -0.0007472709320117389 0.002266666911486743 -0.0013722225029367363
      vertex -0.0008677694505290429 0.002266666911486741 -0.0018019405567185837
      vertex -0.0009565102547530431 0.0022666669114867416 -0.0017564444209150543
    endloop
  endfacet
  facet normal 0.0 0.0 0.0
    outer loop
      vertex -0.0006779461136072459 0.0022666669114867425 -0.0014077668276394825
      vertex -0.0008677694505290429 0.002266666911486741 -0.0018019405567185837
      vertex -0.0007472709320117389 0.002266666911486743 -0.0013722225029367363
    endloop
  endfacet
  facet normal 0.0 0.0 0.0
    outer loop
      vertex 0.0013904247025484451 0.0022666669114867486 0.000712829716736071
      vertex 0.0018230133248216033 0.0022666669114867486 0.0008225764221122232
      vertex 0.0014242307931460365 0.002266666911486748 0.0006426382481770079
    endloop
  endfacet
  facet normal 0.0 0.0 0.0
    outer loop
      vertex 0.0017797453309732183 0.002266666911486749 0.0009124210948367452
      vertex 0.0018230133248216033 0.0022666669114867486 0.0008225764221122232
      vertex 0.0013904247025484451 0.0022666669114867486 0.000712829716736071
    endloop
  endfacet
  facet normal 0.0 0.0 0.0
    outer loop
      vertex -0.0006779461136072459 0.0022666669114867425 -0.0014077668276394825
      vertex -0.0007768715913929499 0.0022666669114867408 -0.001842955111368201
      vertex -0.0008677694505290429 0.002266666911486741 -0.0018019405567185837
    endloop
  endfacet
  facet normal 0.0 0.0 0.0
    outer loop
      vertex -0.000606926981569034 0.0022666669114867425 -0.001439805754629379
      vertex -0.0007768715913929499 0.0022666669114867408 -0.001842955111368201
      vertex -0.0006779461136072459 0.0022666669114867425 -0.0014077668276394825
    endloop
  endfacet
  facet normal 0.0 0.0 0.0
    outer loop
      vertex 0.0014242307931460365 0.002266666911486748 0.0006426382481770079
      vertex 0.0018617469169433212 0.0022666669114867477 0.0007306801207554627
      vertex 0.0014544887908888389 0.0022666669114867477 0.0005708449834827949
    endloop
  endfacet
  facet normal 0.0 0.0 0.0
    outer loop
      vertex 0.0018230133248216033 0.0022666669114867486 0.0008225764221122232
      vertex 0.0018617469169433212 0.0022666669114867477 0.0007306801207554627
      vertex 0.0014242307931460365 0.002266666911486748 0.0006426382481770079
    endloop
  endfacet
  facet normal 0.0 0.0 0.0
    outer loop
      vertex -0.000606926981569034 0.0022666669114867425 -0.001439805754629379
      vertex -0.0006840403590645499 0.0022666669114867403 -0.0018793866739332575
      vertex -0.0007768715913929499 0.0022666669114867408 -0.001842955111368201
    endloop
  endfacet
  facet normal 0.0 0.0 0.0
    outer loop
      vertex -0.0005344070622981097 0.002266666911486742 -0.001468270801217995
      vertex -0.0006840403590645499 0.0022666669114867403 -0.0018793866739332575
      vertex -0.000606926981569034 0.0022666669114867425 -0.001439805754629379
    endloop
  endfacet
  facet normal 0.0 0.0 0.0
    outer loop
      vertex 0.0014544887908888389 0.0022666669114867477 0.0005708449834827949
      vertex 0.0018958538881216982 0.0022666669114867473 0.0006369747642187473
      vertex 0.0014811383421661625 0.0022666669114867477 0.0004976355022962522
    endloop
  endfacet
  facet normal 0.0 0.0 0.0
    outer loop
      vertex 0.0018617469169433212 0.0022666669114867477 0.0007306801207554627
      vertex 0.0018958538881216982 0.0022666669114867473 0.0006369747642187473
      vertex 0.0014544887908888389 0.0022666669114867477 0.0005708449834827949
    endloop
  endfacet
  facet normal 0.0 0.0 0.0
    outer loop
      vertex -0.0004605516876296688 0.0022666669114867416 -0.0014930818061453565
      vertex -0.0005895106129036495 0.00226666691148674 -0.0019111467214103295
      vertex -0.0005344070622981097 0.002266666911486742 -0.001468270801217995
    endloop
  endfacet
  facet normal 0.0 0.0 0.0
    outer loop
      vertex -0.0003855570531418423 0.0022666669114867416 -0.0015141837793280987
      vertex -0.0005895106129036495 0.00226666691148674 -0.0019111467214103295
      vertex -0.0004605516876296688 0.0022666669114867416 -0.0014930818061453565
    endloop
  endfacet
  facet normal 0.0 0.0 0.0
    outer loop
      vertex -0.0005344070622981097 0.002266666911486742 -0.001468270801217995
      vertex -0.0005895106129036495 0.00226666691148674 -0.0019111467214103295
      vertex -0.0006840403590645499 0.0022666669114867403 -0.0018793866739332575
    endloop
  endfacet
  facet normal 0.0 0.0 0.0
    outer loop
      vertex 0.0015040979474429596 0.0022666669114867473 0.0004231866253315422
      vertex 0.0019252507780687185 0.002266666911486747 0.0005416817800300022
      vertex 0.0015233228102128897 0.002266666911486747 0.00034768624719653103
    endloop
  endfacet
  facet normal 0.0 0.0 0.0
    outer loop
      vertex 0.0014811383421661625 0.0022666669114867477 0.0004976355022962522
      vertex 0.0019252507780687185 0.002266666911486747 0.0005416817800300022
      vertex 0.0015040979474429596 0.0022666669114867473 0.0004231866253315422
    endloop
  endfacet
  facet normal 0.0 0.0 0.0
    outer loop
      vertex 0.0018958538881216982 0.0022666669114867473 0.0006369747642187473
      vertex 0.0019252507780687185 0.002266666911486747 0.0005416817800300022
      vertex 0.0014811383421661625 0.0022666669114867477 0.0004976355022962522
    endloop
  endfacet
  facet normal 0.0 0.0 0.0
    outer loop
      vertex -0.0003855570531418423 0.0022666669114867416 -0.0015141837793280987
      vertex -0.0004935142926271684 0.0022666669114867395 -0.0019381537794374458
      vertex -0.0005895106129036495 0.00226666691148674 -0.0019111467214103295
    endloop
  endfacet
  facet normal 0.0 0.0 0.0
    outer loop
      vertex 0.0019252507780687185 0.002266666911486747 0.0005416817800300022
      vertex 0.0019498553358520468 0.0022666669114867464 0.00044503961264294456
      vertex 0.0015233228102128897 0.002266666911486747 0.00034768624719653103
    endloop
  endfacet
  facet normal 0.0 0.0 0.0
    outer loop
      vertex -0.00030960379730841204 0.002266666911486741 -0.001531519415717812
      vertex -0.00039629159594915987 0.0022666669114867395 -0.0019603463102213143
      vertex -0.0003855570531418423 0.0022666669114867416 -0.0015141837793280987
    endloop
  endfacet
  facet normal 0.0 0.0 0.0
    outer loop
      vertex -0.0003855570531418423 0.0022666669114867416 -0.0015141837793280987
      vertex -0.00039629159594915987 0.0022666669114867395 -0.0019603463102213143
      vertex -0.0004935142926271684 0.0022666669114867395 -0.0019381537794374458
    endloop
  endfacet
  facet normal 0.0 0.0 0.0
    outer loop
      vertex 0.0019498553358520468 0.0022666669114867464 0.00044503961264294456
      vertex 0.0019696149649266028 0.0022666669114867455 0.00034729486076210943
      vertex 0.0015233228102128897 0.002266666911486747 0.00034768624719653103
    endloop
  endfacet
  facet normal 0.0 0.0 0.0
    outer loop
      vertex 0.0015233228102128897 0.002266666911486747 0.00034768624719653103
      vertex 0.0019696149649266028 0.0022666669114867455 0.00034729486076210943
      vertex 0.0015387596255067157 0.0022666669114867464 0.0002713228671769254
    endloop
  endfacet
  facet normal 0.0 0.0 0.0
    outer loop
      vertex -0.00030960379730841204 0.002266666911486741 -0.001531519415717812
      vertex -0.00029808272058367744 0.002266666911486739 -0.001977662775968641
      vertex -0.00039629159594915987 0.0022666669114867395 -0.0019603463102213143
    endloop
  endfacet
  facet normal 0.0 0.0 0.0
    outer loop
      vertex -0.00023288227642173664 0.002266666911486741 -0.0015450478225140364
      vertex -0.00029808272058367744 0.002266666911486739 -0.001977662775968641
      vertex -0.00030960379730841204 0.002266666911486741 -0.001531519415717812
    endloop
  endfacet
  facet normal 0.0 0.0 0.0
    outer loop
      vertex 0.0019696149649266028 0.0022666669114867455 0.00034729486076210943
      vertex 0.001984479988390192 0.002266666911486745 0.0002486870744505786
      vertex 0.0015387596255067157 0.0022666669114867464 0.0002713228671769254
    endloop
  endfacet
  facet normal 0.0 0.0 0.0
    outer loop
      vertex 0.0015387596255067157 0.0022666669114867464 0.0002713228671769254
      vertex 0.001984479988390192 0.002266666911486745 0.0002486870744505786
      vertex 0.0015503706454595503 0.002266666911486746 0.00019428729952347757
    endloop
  endfacet
  facet normal 0.0 0.0 0.0
    outer loop
      vertex -0.00023288227642173664 0.002266666911486741 -0.0015450478225140364
      vertex -0.00019913612224190812 0.002266666911486738 -0.0019900615754548127
      vertex -0.00029808272058367744 0.002266666911486739 -0.001977662775968641
    endloop
  endfacet
  facet normal 0.0 0.0 0.0
    outer loop
      vertex -0.00015557141866839286 0.0022666669114867408 -0.0015547357602356071
      vertex -0.00019913612224190812 0.002266666911486738 -0.0019900615754548127
      vertex -0.00023288227642173664 0.002266666911486741 -0.0015450478225140364
    endloop
  endfacet
  facet normal 0.0 0.0 0.0
    outer loop
      vertex 0.0015581280904908446 0.0022666669114867455 0.00011676622948837313
      vertex 0.0019944077779820726 0.0022666669114867447 0.0001494587234143205
      vertex 0.0015620168184815122 0.002266666911486745 3.895570593029614e-05
    endloop
  endfacet
  facet normal 0.0 0.0 0.0
    outer loop
      vertex 0.0015503706454595503 0.002266666911486746 0.00019428729952347757
      vertex 0.0019944077779820726 0.0022666669114867447 0.0001494587234143205
      vertex 0.0015581280904908446 0.0022666669114867455 0.00011676622948837313
    endloop
  endfacet
  facet normal 0.0 0.0 0.0
    outer loop
      vertex 0.001984479988390192 0.002266666911486745 0.0002486870744505786
      vertex 0.0019944077779820726 0.0022666669114867447 0.0001494587234143205
      vertex 0.0015503706454595503 0.002266666911486746 0.00019428729952347757
    endloop
  endfacet
  facet normal 0.0 0.0 0.0
    outer loop
      vertex -0.00015557141866839286 0.0022666669114867408 -0.0015547357602356071
      vertex -9.969441734926688e-05 0.002266666911486738 -0.0019975152047381184
      vertex -0.00019913612224190812 0.002266666911486738 -0.0019900615754548127
    endloop
  endfacet
  facet normal 0.0 0.0 0.0
    outer loop
      vertex -7.788831508510763e-05 0.0022666669114867408 -0.0015605575389743358
      vertex -9.969441734926688e-05 0.002266666911486738 -0.0019975152047381184
      vertex -0.00015557141866839286 0.0022666669114867408 -0.0015547357602356071
    endloop
  endfacet
  facet normal 0.0 0.0 0.0
    outer loop
      vertex 0.0015620168184815122 0.002266666911486745 3.895570593029614e-05
      vertex 0.0019993768513658617 0.0022666669114867442 4.986103628796153e-05
      vertex 0.0015620160984924573 0.0022666669114867447 -3.895466625568193e-05
    endloop
  endfacet
  facet normal 0.0 0.0 0.0
    outer loop
      vertex 0.0019944077779820726 0.0022666669114867447 0.0001494587234143205
      vertex 0.0019993768513658617 0.0022666669114867442 4.986103628796153e-05
      vertex 0.0015620168184815122 0.002266666911486745 3.895570593029614e-05
    endloop
  endfacet
  facet normal 0.0 0.0 0.0
    outer loop
      vertex -7.788831508510763e-05 0.0022666669114867408 -0.0015605575389743358
      vertex 1.2374902746999825e-09 0.0022666669114867377 -0.001999999684197577
      vertex -9.969441734926688e-05 0.002266666911486738 -0.0019975152047381184
    endloop
  endfacet
  facet normal 0.0 0.0 0.0
    outer loop
      vertex -3.1349297993058623e-09 0.0022666669114867403 -0.001562501065173415
      vertex 1.2374902746999825e-09 0.0022666669114867377 -0.001999999684197577
      vertex -7.788831508510763e-05 0.0022666669114867408 -0.0015605575389743358
    endloop
  endfacet
  facet normal 0.0 0.0 0.0
    outer loop
      vertex 0.0015620160984924573 0.0022666669114867447 -3.895466625568193e-05
      vertex 0.001999377154310958 0.002266666911486744 -4.986241161316522e-05
      vertex 0.0015581333941503954 0.0022666669114867442 -0.00011676360360294484
    endloop
  endfacet
  facet normal 0.0 0.0 0.0
    outer loop
      vertex 0.0019993768513658617 0.0022666669114867442 4.986103628796153e-05
      vertex 0.001999377154310958 0.002266666911486744 -4.986241161316522e-05
      vertex 0.0015620160984924573 0.0022666669114867447 -3.895466625568193e-05
    endloop
  endfacet
  facet normal 0.0 0.0 0.0
    outer loop
      vertex -3.1349297993058623e-09 0.0022666669114867403 -0.001562501065173415
      vertex 9.969437903415812e-05 0.0022666669114867377 -0.0019975138904237692
      vertex 1.2374902746999825e-09 0.0022666669114867377 -0.001999999684197577
    endloop
  endfacet
  facet normal 0.0 0.0 0.0
    outer loop
      vertex 7.788283833091586e-05 0.0022666669114867403 -0.0015605588752061297
      vertex 9.969437903415812e-05 0.0022666669114867377 -0.0019975138904237692
      vertex -3.1349297993058623e-09 0.0022666669114867403 -0.001562501065173415
    endloop
  endfacet
  facet normal 0.0 0.0 0.0
    outer loop
      vertex 0.00015557416051619445 0.0022666669114867403 -0.00155473760272867
      vertex 9.969437903415812e-05 0.0022666669114867377 -0.0019975138904237692
      vertex 7.788283833091586e-05 0.0022666669114867403 -0.0015605588752061297
    endloop
  endfacet
  facet normal 0.0 0.0 0.0
    outer loop
      vertex 0.001999377154310958 0.002266666911486744 -4.986241161316522e-05
      vertex 0.001994404221406772 0.0022666669114867434 -0.00014946160101011379
      vertex 0.0015581333941503954 0.0022666669114867442 -0.00011676360360294484
    endloop
  endfacet
  facet normal 0.0 0.0 0.0
    outer loop
      vertex 0.00015557416051619445 0.0022666669114867403 -0.00155473760272867
      vertex 0.00019913851232416423 0.0022666669114867373 -0.0019900608290058432
      vertex 9.969437903415812e-05 0.0022666669114867377 -0.0019975138904237692
    endloop
  endfacet
  facet normal 0.0 0.0 0.0
    outer loop
      vertex 0.00023287684726663548 0.00226666691148674 -0.0015450474057179522
      vertex 0.00019913851232416423 0.0022666669114867373 -0.0019900608290058432
      vertex 0.00015557416051619445 0.0022666669114867403 -0.00155473760272867
    endloop
  endfacet
  facet normal 0.0 0.0 0.0
    outer loop
      vertex 0.0015581333941503954 0.0022666669114867442 -0.00011676360360294484
      vertex 0.001984479112631398 0.002266666911486743 -0.0002486883266574597
      vertex 0.0015503749597263617 0.002266666911486744 -0.00019428683957066877
    endloop
  endfacet
  facet normal 0.0 0.0 0.0
    outer loop
      vertex 0.001994404221406772 0.0022666669114867434 -0.00014946160101011379
      vertex 0.001984479112631398 0.002266666911486743 -0.0002486883266574597
      vertex 0.0015581333941503954 0.0022666669114867442 -0.00011676360360294484
    endloop
  endfacet
  facet normal 0.0 0.0 0.0
    outer loop
      vertex 0.00023287684726663548 0.00226666691148674 -0.0015450474057179522
      vertex 0.0002980859330463931 0.0022666669114867373 -0.001977660522458738
      vertex 0.00019913851232416423 0.0022666669114867373 -0.0019900608290058432
    endloop
  endfacet
  facet normal 0.0 0.0 0.0
    outer loop
      vertex 0.0015503749597263617 0.002266666911486744 -0.00019428683957066877
      vertex 0.001969615839321481 0.0022666669114867425 -0.0003472973029526644
      vertex 0.0015387652757728634 0.002266666911486744 -0.000271324300047918
    endloop
  endfacet
  facet normal 0.0 0.0 0.0
    outer loop
      vertex 0.001984479112631398 0.002266666911486743 -0.0002486883266574597
      vertex 0.001969615839321481 0.0022666669114867425 -0.0003472973029526644
      vertex 0.0015503749597263617 0.002266666911486744 -0.00019428683957066877
    endloop
  endfacet
  facet normal 0.0 0.0 0.0
    outer loop
      vertex 0.00023287684726663548 0.00226666691148674 -0.0015450474057179522
      vertex 0.00039629331635127366 0.0022666669114867373 -0.001960343566259574
      vertex 0.0002980859330463931 0.0022666669114867373 -0.001977660522458738
    endloop
  endfacet
  facet normal 0.0 0.0 0.0
    outer loop
      vertex 0.0003096056731514966 0.00226666691148674 -0.001531519588075252
      vertex 0.00039629331635127366 0.0022666669114867373 -0.001960343566259574
      vertex 0.00023287684726663548 0.00226666691148674 -0.0015450474057179522
    endloop
  endfacet
  facet normal 0.0 0.0 0.0
    outer loop
      vertex 0.00038555839581424334 0.00226666691148674 -0.0015141842443461635
      vertex 0.00039629331635127366 0.0022666669114867373 -0.001960343566259574
      vertex 0.0003096056731514966 0.00226666691148674 -0.001531519588075252
    endloop
  endfacet
  facet normal 0.0 0.0 0.0
    outer loop
      vertex 0.001969615839321481 0.0022666669114867425 -0.0003472973029526644
      vertex 0.001949852478380909 0.002266666911486742 -0.0004450415340059836
      vertex 0.0015387652757728634 0.002266666911486744 -0.000271324300047918
    endloop
  endfacet
  facet normal 0.0 0.0 0.0
    outer loop
      vertex 0.0015387652757728634 0.002266666911486744 -0.000271324300047918
      vertex 0.001949852478380909 0.002266666911486742 -0.0004450415340059836
      vertex 0.0015233261536652836 0.0022666669114867434 -0.00034768940352882324
    endloop
  endfacet
  facet normal 0.0 0.0 0.0
    outer loop
      vertex 0.00038555839581424334 0.00226666691148674 -0.0015141842443461635
      vertex 0.0004935146682121114 0.0022666669114867373 -0.0019381540484905355
      vertex 0.00039629331635127366 0.0022666669114867373 -0.001960343566259574
    endloop
  endfacet
  facet normal 0.0 0.0 0.0
    outer loop
      vertex 0.001949852478380909 0.002266666911486742 -0.0004450415340059836
      vertex 0.0019252470432822493 0.0022666669114867416 -0.0005416822819248072
      vertex 0.0015233261536652836 0.0022666669114867434 -0.00034768940352882324
    endloop
  endfacet
  facet normal 0.0 0.0 0.0
    outer loop
      vertex 0.0015233261536652836 0.0022666669114867434 -0.00034768940352882324
      vertex 0.0019252470432822493 0.0022666669114867416 -0.0005416822819248072
      vertex 0.0015041005507033653 0.002266666911486743 -0.00042318680957885603
    endloop
  endfacet
  facet normal 0.0 0.0 0.0
    outer loop
      vertex 0.00046055416928846254 0.00226666691148674 -0.0014930832513941415
      vertex 0.0005895083740665409 0.002266666911486737 -0.0019111466301959864
      vertex 0.00038555839581424334 0.00226666691148674 -0.0015141842443461635
    endloop
  endfacet
  facet normal 0.0 0.0 0.0
    outer loop
      vertex 0.00038555839581424334 0.00226666691148674 -0.0015141842443461635
      vertex 0.0005895083740665409 0.002266666911486737 -0.0019111466301959864
      vertex 0.0004935146682121114 0.0022666669114867373 -0.0019381540484905355
    endloop
  endfacet
  facet normal 0.0 0.0 0.0
    outer loop
      vertex 0.0015041005507033653 0.002266666911486743 -0.00042318680957885603
      vertex 0.0018958546278551812 0.002266666911486741 -0.000636973760175072
      vertex 0.0014811372634726228 0.0022666669114867425 -0.000497635275046394
    endloop
  endfacet
  facet normal 0.0 0.0 0.0
    outer loop
      vertex 0.0019252470432822493 0.0022666669114867416 -0.0005416822819248072
      vertex 0.0018958546278551812 0.002266666911486741 -0.000636973760175072
      vertex 0.0015041005507033653 0.002266666911486743 -0.00042318680957885603
    endloop
  endfacet
  facet normal 0.0 0.0 0.0
    outer loop
      vertex 0.00046055416928846254 0.00226666691148674 -0.0014930832513941415
      vertex 0.0006840371988165257 0.002266666911486737 -0.00187938654538247
      vertex 0.0005895083740665409 0.002266666911486737 -0.0019111466301959864
    endloop
  endfacet
  facet normal 0.0 0.0 0.0
    outer loop
      vertex 0.0005344080186091739 0.00226666691148674 -0.0014682684543669798
      vertex 0.0006840371988165257 0.002266666911486737 -0.00187938654538247
      vertex 0.00046055416928846254 0.00226666691148674 -0.0014930832513941415
    endloop
  endfacet
  facet normal 0.0 0.0 0.0
    outer loop
      vertex 0.0014811372634726228 0.0022666669114867425 -0.000497635275046394
      vertex 0.0018617446736780537 0.0022666669114867408 -0.0007306848841834606
      vertex 0.0014544906773785802 0.0022666669114867425 -0.0005708471128162022
    endloop
  endfacet
  facet normal 0.0 0.0 0.0
    outer loop
      vertex 0.0018958546278551812 0.002266666911486741 -0.000636973760175072
      vertex 0.0018617446736780537 0.0022666669114867408 -0.0007306848841834606
      vertex 0.0014811372634726228 0.0022666669114867425 -0.000497635275046394
    endloop
  endfacet
  facet normal 0.0 0.0 0.0
    outer loop
      vertex 0.0005344080186091739 0.00226666691148674 -0.0014682684543669798
      vertex 0.0007768697466498017 0.002266666911486737 -0.0018429531253394348
      vertex 0.0006840371988165257 0.002266666911486737 -0.00187938654538247
    endloop
  endfacet
  facet normal 0.0 0.0 0.0
    outer loop
      vertex 0.0006069322996342736 0.00226666691148674 -0.001439805191017537
      vertex 0.0007768697466498017 0.002266666911486737 -0.0018429531253394348
      vertex 0.0005344080186091739 0.00226666691148674 -0.0014682684543669798
    endloop
  endfacet
  facet normal 0.0 0.0 0.0
    outer loop
      vertex 0.0006779422878645438 0.00226666691148674 -0.0014077658477401251
      vertex 0.0007768697466498017 0.002266666911486737 -0.0018429531253394348
      vertex 0.0006069322996342736 0.00226666691148674 -0.001439805191017537
    endloop
  endfacet
  facet normal 0.0 0.0 0.0
    outer loop
      vertex 0.0014544906773785802 0.0022666669114867425 -0.0005708471128162022
      vertex 0.0018230148168950262 0.0022666669114867403 -0.0008225728908051114
      vertex 0.0014242251461111007 0.002266666911486742 -0.0006426387647716131
    endloop
  endfacet
  facet normal 0.0 0.0 0.0
    outer loop
      vertex 0.0018617446736780537 0.0022666669114867408 -0.0007306848841834606
      vertex 0.0018230148168950262 0.0022666669114867403 -0.0008225728908051114
      vertex 0.0014544906773785802 0.0022666669114867425 -0.0005708471128162022
    endloop
  endfacet
  facet normal 0.0 0.0 0.0
    outer loop
      vertex 0.0006779422878645438 0.00226666691148674 -0.0014077658477401251
      vertex 0.0008677704927555378 0.002266666911486737 -0.0018019356696406697
      vertex 0.0007768697466498017 0.002266666911486737 -0.0018429531253394348
    endloop
  endfacet
  facet normal 0.0 0.0 0.0
    outer loop
      vertex 0.0013904235001072828 0.0022666669114867416 -0.0007128314064723649
      vertex 0.0017797403383702198 0.00226666691148674 -0.0009124207927496131
      vertex 0.0013531629809842144 0.0022666669114867416 -0.0007812526574418097
    endloop
  endfacet
  facet normal 0.0 0.0 0.0
    outer loop
      vertex 0.0014242251461111007 0.002266666911486742 -0.0006426387647716131
      vertex 0.0017797403383702198 0.00226666691148674 -0.0009124207927496131
      vertex 0.0013904235001072828 0.0022666669114867416 -0.0007128314064723649
    endloop
  endfacet
  facet normal 0.0 0.0 0.0
    outer loop
      vertex 0.0018230148168950262 0.0022666669114867403 -0.0008225728908051114
      vertex 0.0017797403383702198 0.00226666691148674 -0.0009124207927496131
      vertex 0.0014242251461111007 0.002266666911486742 -0.0006426387647716131
    endloop
  endfacet
  facet normal 0.0 0.0 0.0
    outer loop
      vertex 0.0006779422878645438 0.00226666691148674 -0.0014077658477401251
      vertex 0.0009565112114301183 0.002266666911486737 -0.001756441099463594
      vertex 0.0008677704927555378 0.002266666911486737 -0.0018019356696406697
    endloop
  endfacet
  facet normal 0.0 0.0 0.0
    outer loop
      vertex 0.0007472688159051156 0.00226666691148674 -0.0013722204959640098
      vertex 0.0009565112114301183 0.002266666911486737 -0.001756441099463594
      vertex 0.0006779422878645438 0.00226666691148674 -0.0014077658477401251
    endloop
  endfacet
  facet normal 0.0 0.0 0.0
    outer loop
      vertex 0.0013531629809842144 0.0022666669114867416 -0.0007812526574418097
      vertex 0.0017320502389222537 0.0022666669114867395 -0.001000001738188531
      vertex 0.0013125378472847757 0.002266666911486741 -0.0008477313465589798
    endloop
  endfacet
  facet normal 0.0 0.0 0.0
    outer loop
      vertex 0.0017797403383702198 0.00226666691148674 -0.0009124207927496131
      vertex 0.0017320502389222537 0.0022666669114867395 -0.001000001738188531
      vertex 0.0013531629809842144 0.0022666669114867416 -0.0007812526574418097
    endloop
  endfacet
  facet normal 0.0 0.0 0.0
    outer loop
      vertex 0.0007472688159051156 0.00226666691148674 -0.0013722204959640098
      vertex 0.0010428736452542664 0.0022666669114867373 -0.0017065804649841953
      vertex 0.0009565112114301183 0.002266666911486737 -0.001756441099463594
    endloop
  endfacet
  facet normal 0.0 0.0 0.0
    outer loop
      vertex 0.0008147458864697683 0.00226666691148674 -0.0013332667970064292
      vertex 0.0010428736452542664 0.0022666669114867373 -0.0017065804649841953
      vertex 0.0007472688159051156 0.00226666691148674 -0.0013722204959640098
    endloop
  endfacet
  facet normal 0.0 0.0 0.0
    outer loop
      vertex 0.0008801890255250466 0.00226666691148674 -0.001290997678508212
      vertex 0.0010428736452542664 0.0022666669114867373 -0.0017065804649841953
      vertex 0.0008147458864697683 0.00226666691148674 -0.0013332667970064292
    endloop
  endfacet
  facet normal 0.0 0.0 0.0
    outer loop
      vertex 0.0017320502389222537 0.0022666669114867395 -0.001000001738188531
      vertex 0.0016800509136239467 0.0022666669114867395 -0.0010850941099013623
      vertex 0.0013125378472847757 0.002266666911486741 -0.0008477313465589798
    endloop
  endfacet
  facet normal 0.0 0.0 0.0
    outer loop
      vertex 0.0008801890255250466 0.00226666691148674 -0.001290997678508212
      vertex 0.001126636867631582 0.0022666669114867373 -0.0016524783089835256
      vertex 0.0010428736452542664 0.0022666669114867373 -0.0017065804649841953
    endloop
  endfacet
  facet normal 0.0 0.0 0.0
    outer loop
      vertex 0.0013125378472847757 0.002266666911486741 -0.0008477313465589798
      vertex 0.0016238772025796901 0.002266666911486739 -0.0011674851533425778
      vertex 0.0012686523258361858 0.002266666911486741 -0.000912100431701474
    endloop
  endfacet
  facet normal 0.0 0.0 0.0
    outer loop
      vertex 0.0016800509136239467 0.0022666669114867395 -0.0010850941099013623
      vertex 0.0016238772025796901 0.002266666911486739 -0.0011674851533425778
      vertex 0.0013125378472847757 0.002266666911486741 -0.0008477313465589798
    endloop
  endfacet
  facet normal 0.0 0.0 0.0
    outer loop
      vertex 0.0009434436638905115 0.00226666691148674 -0.0012455184551058898
      vertex 0.0012076069371757942 0.0022666669114867373 -0.0015942645125968848
      vertex 0.0008801890255250466 0.00226666691148674 -0.001290997678508212
    endloop
  endfacet
  facet normal 0.0 0.0 0.0
    outer loop
      vertex 0.0010043581520286112 0.0022666669114867403 -0.0011969414900774456
      vertex 0.0012076069371757942 0.0022666669114867373 -0.0015942645125968848
      vertex 0.0009434436638905115 0.00226666691148674 -0.0012455184551058898
    endloop
  endfacet
  facet normal 0.0 0.0 0.0
    outer loop
      vertex 0.0008801890255250466 0.00226666691148674 -0.001290997678508212
      vertex 0.0012076069371757942 0.0022666669114867373 -0.0015942645125968848
      vertex 0.001126636867631582 0.0022666669114867373 -0.0016524783089835256
    endloop
  endfacet
  facet normal 0.0 0.0 0.0
    outer loop
      vertex 0.0012686523258361858 0.002266666911486741 -0.000912100431701474
      vertex 0.0015636627365381958 0.002266666911486738 -0.0012469791308924408
      vertex 0.0012216150229299933 0.0022666669114867408 -0.0009742034437090708
    endloop
  endfacet
  facet normal 0.0 0.0 0.0
    outer loop
      vertex 0.0016238772025796901 0.002266666911486739 -0.0011674851533425778
      vertex 0.0015636627365381958 0.002266666911486738 -0.0012469791308924408
      vertex 0.0012686523258361858 0.002266666911486741 -0.000912100431701474
    endloop
  endfacet
  facet normal 0.0 0.0 0.0
    outer loop
      vertex 0.0010043581520286112 0.0022666669114867403 -0.0011969414900774456
      vertex 0.001285573146040605 0.0022666669114867373 -0.0015320882888504104
      vertex 0.0012076069371757942 0.0022666669114867373 -0.0015942645125968848
    endloop
  endfacet
  facet normal 0.0 0.0 0.0
    outer loop
      vertex 0.0012216150229299933 0.0022666669114867408 -0.0009742034437090708
      vertex 0.0014995622921725334 0.002266666911486738 -0.0013233715460025553
      vertex 0.0011715345448577456 0.0022666669114867408 -0.0010338839134215484
    endloop
  endfacet
  facet normal 0.0 0.0 0.0
    outer loop
      vertex 0.0015636627365381958 0.002266666911486738 -0.0012469791308924408
      vertex 0.0014995622921725334 0.002266666911486738 -0.0013233715460025553
      vertex 0.0012216150229299933 0.0022666669114867408 -0.0009742034437090708
    endloop
  endfacet
  facet normal 0.0 0.0 0.0
    outer loop
      vertex 0.0010627696627617728 0.0022666669114867403 -0.0011453920346280878
      vertex 0.0013603432631269495 0.0022666669114867377 -0.0014661035844466467
      vertex 0.0010043581520286112 0.0022666669114867403 -0.0011969414900774456
    endloop
  endfacet
  facet normal 0.0 0.0 0.0
    outer loop
      vertex 0.0010043581520286112 0.0022666669114867403 -0.0011969414900774456
      vertex 0.0013603432631269495 0.0022666669114867377 -0.0014661035844466467
      vertex 0.001285573146040605 0.0022666669114867373 -0.0015320882888504104
    endloop
  endfacet
  facet normal 0.0 0.0 0.0
    outer loop
      vertex 0.0011185408943011127 0.0022666669114867403 -0.0010909971539965456
      vertex 0.0014317364854415453 0.0022666669114867377 -0.001396471999407432
      vertex 0.0010627696627617728 0.0022666669114867403 -0.0011453920346280878
    endloop
  endfacet
  facet normal 0.0 0.0 0.0
    outer loop
      vertex 0.0011715345448577456 0.0022666669114867408 -0.0010338839134215484
      vertex 0.0014317364854415453 0.0022666669114867377 -0.001396471999407432
      vertex 0.0011185408943011127 0.0022666669114867403 -0.0010909971539965456
    endloop
  endfacet
  facet normal 0.0 0.0 0.0
    outer loop
      vertex 0.0014995622921725334 0.002266666911486738 -0.0013233715460025553
      vertex 0.0014317364854415453 0.0022666669114867377 -0.001396471999407432
      vertex 0.0011715345448577456 0.0022666669114867408 -0.0010338839134215484
    endloop
  endfacet
  facet normal 0.0 0.0 0.0
    outer loop
      vertex 0.0010627696627617728 0.0022666669114867403 -0.0011453920346280878
      vertex 0.0014317364854415453 0.0022666669114867377 -0.001396471999407432
      vertex 0.0013603432631269495 0.0022666669114867377 -0.0014661035844466467
    endloop
  endfacet
  facet normal 0.0 0.0 0.0
    outer loop
      vertex -0.0013603441043143652 0.0014333329423705328 -0.00146610509619001
      vertex -0.001062771984376818 0.0014333329423705337 -0.0011453938478653257
      vertex -0.0014317323750701347 0.0014333329423705332 -0.0013964717665657354
    endloop
  endfacet
  facet normal 0.0 0.0 0.0
    outer loop
      vertex -0.0014317323750701347 0.0014333329423705332 -0.0013964717665657354
      vertex -0.001062771984376818 0.0014333329423705337 -0.0011453938478653257
      vertex -0.0011185436147105618 0.001433332942370534 -0.0010909939104465883
    endloop
  endfacet
  facet normal 0.0 0.0 0.0
    outer loop
      vertex -0.0014317323750701347 0.0014333329423705332 -0.0013964717665657354
      vertex -0.001171531590321123 0.0014333329423705345 -0.001033884313028865
      vertex -0.0014995613115039044 0.0014333329423705337 -0.0013233698060845093
    endloop
  endfacet
  facet normal 0.0 0.0 0.0
    outer loop
      vertex -0.0011185436147105618 0.001433332942370534 -0.0010909939104465883
      vertex -0.001171531590321123 0.0014333329423705345 -0.001033884313028865
      vertex -0.0014317323750701347 0.0014333329423705332 -0.0013964717665657354
    endloop
  endfacet
  facet normal 0.0 0.0 0.0
    outer loop
      vertex -0.0013603441043143652 0.0014333329423705328 -0.00146610509619001
      vertex -0.0010043572571636862 0.0014333329423705332 -0.001196944154319069
      vertex -0.001062771984376818 0.0014333329423705337 -0.0011453938478653257
    endloop
  endfacet
  facet normal 0.0 0.0 0.0
    outer loop
      vertex -0.0012855786405049521 0.0014333329423705324 -0.0015320892424298127
      vertex -0.0010043572571636862 0.0014333329423705332 -0.001196944154319069
      vertex -0.0013603441043143652 0.0014333329423705328 -0.00146610509619001
    endloop
  endfacet
  facet normal 0.0 0.0 0.0
    outer loop
      vertex -0.001207609365981593 0.0014333329423705317 -0.0015942647986819823
      vertex -0.0010043572571636862 0.0014333329423705332 -0.001196944154319069
      vertex -0.0012855786405049521 0.0014333329423705324 -0.0015320892424298127
    endloop
  endfacet
  facet normal 0.0 0.0 0.0
    outer loop
      vertex -0.001171531590321123 0.0014333329423705345 -0.001033884313028865
      vertex -0.0012216123702904985 0.001433332942370535 -0.0009742038172224834
      vertex -0.0014995613115039044 0.0014333329423705337 -0.0013233698060845093
    endloop
  endfacet
  facet normal 0.0 0.0 0.0
    outer loop
      vertex -0.0014995613115039044 0.0014333329423705337 -0.0013233698060845093
      vertex -0.0012216123702904985 0.001433332942370535 -0.0009742038172224834
      vertex -0.0015636643294516673 0.0014333329423705343 -0.0012469820822388973
    endloop
  endfacet
  facet normal 0.0 0.0 0.0
    outer loop
      vertex -0.001207609365981593 0.0014333329423705317 -0.0015942647986819823
      vertex -0.0009434426600920851 0.001433332942370533 -0.0012455183514468754
      vertex -0.0010043572571636862 0.0014333329423705332 -0.001196944154319069
    endloop
  endfacet
  facet normal 0.0 0.0 0.0
    outer loop
      vertex -0.0015636643294516673 0.0014333329423705343 -0.0012469820822388973
      vertex -0.0012686509855949033 0.0014333329423705352 -0.0009120988379570641
      vertex -0.0016238763045708586 0.0014333329423705347 -0.001167487938200739
    endloop
  endfacet
  facet normal 0.0 0.0 0.0
    outer loop
      vertex -0.0012216123702904985 0.001433332942370535 -0.0009742038172224834
      vertex -0.0012686509855949033 0.0014333329423705352 -0.0009120988379570641
      vertex -0.0015636643294516673 0.0014333329423705343 -0.0012469820822388973
    endloop
  endfacet
  facet normal 0.0 0.0 0.0
    outer loop
      vertex -0.0011266407772926835 0.0014333329423705313 -0.001652476988273449
      vertex -0.0008801855174658388 0.0014333329423705326 -0.0012909958001735748
      vertex -0.001207609365981593 0.0014333329423705317 -0.0015942647986819823
    endloop
  endfacet
  facet normal 0.0 0.0 0.0
    outer loop
      vertex -0.001207609365981593 0.0014333329423705317 -0.0015942647986819823
      vertex -0.0008801855174658388 0.0014333329423705326 -0.0012909958001735748
      vertex -0.0009434426600920851 0.001433332942370533 -0.0012455183514468754
    endloop
  endfacet
  facet normal 0.0 0.0 0.0
    outer loop
      vertex -0.0012686509855949033 0.0014333329423705352 -0.0009120988379570641
      vertex -0.0013125406617763638 0.0014333329423705356 -0.0008477274687337719
      vertex -0.0016238763045708586 0.0014333329423705347 -0.001167487938200739
    endloop
  endfacet
  facet normal 0.0 0.0 0.0
    outer loop
      vertex -0.0016238763045708586 0.0014333329423705347 -0.001167487938200739
      vertex -0.0013125406617763638 0.0014333329423705356 -0.0008477274687337719
      vertex -0.0016800544677989541 0.0014333329423705354 -0.001085092492996323
    endloop
  endfacet
  facet normal 0.0 0.0 0.0
    outer loop
      vertex -0.0011266407772926835 0.0014333329423705313 -0.001652476988273449
      vertex -0.0008147387741244427 0.0014333329423705324 -0.0013332664343861755
      vertex -0.0008801855174658388 0.0014333329423705326 -0.0012909958001735748
    endloop
  endfacet
  facet normal 0.0 0.0 0.0
    outer loop
      vertex -0.0010428729915222899 0.0014333329423705308 -0.001706581607493322
      vertex -0.0008147387741244427 0.0014333329423705324 -0.0013332664343861755
      vertex -0.0011266407772926835 0.0014333329423705313 -0.001652476988273449
    endloop
  endfacet
  facet normal 0.0 0.0 0.0
    outer loop
      vertex -0.0013125406617763638 0.0014333329423705356 -0.0008477274687337719
      vertex -0.0013531646560925677 0.001433332942370536 -0.0007812519320523388
      vertex -0.0016800544677989541 0.0014333329423705354 -0.001085092492996323
    endloop
  endfacet
  facet normal 0.0 0.0 0.0
    outer loop
      vertex -0.0016800544677989541 0.0014333329423705354 -0.001085092492996323
      vertex -0.0013531646560925677 0.001433332942370536 -0.0007812519320523388
      vertex -0.001732049001431976 0.0014333329423705358 -0.0009999979460090535
    endloop
  endfacet
  facet normal 0.0 0.0 0.0
    outer loop
      vertex -0.0010428729915222899 0.0014333329423705308 -0.001706581607493322
      vertex -0.0007472709320117406 0.001433332942370532 -0.0013722225029367322
      vertex -0.0008147387741244427 0.0014333329423705324 -0.0013332664343861755
    endloop
  endfacet
  facet normal 0.0 0.0 0.0
    outer loop
      vertex -0.000956510254753045 0.0014333329423705304 -0.00175644442091505
      vertex -0.0007472709320117406 0.001433332942370532 -0.0013722225029367322
      vertex -0.0010428729915222899 0.0014333329423705308 -0.001706581607493322
    endloop
  endfacet
  facet normal 0.0 0.0 0.0
    outer loop
      vertex -0.0013531646560925677 0.001433332942370536 -0.0007812519320523388
      vertex -0.001390424702548437 0.0014333329423705365 -0.0007128297167360895
      vertex -0.001732049001431976 0.0014333329423705358 -0.0009999979460090535
    endloop
  endfacet
  facet normal 0.0 0.0 0.0
    outer loop
      vertex -0.001732049001431976 0.0014333329423705358 -0.0009999979460090535
      vertex -0.001390424702548437 0.0014333329423705365 -0.0007128297167360895
      vertex -0.0017797453309732103 0.0014333329423705363 -0.0009124210948367637
    endloop
  endfacet
  facet normal 0.0 0.0 0.0
    outer loop
      vertex -0.0008677694505290446 0.00143333294237053 -0.0018019405567185796
      vertex -0.0006779461136072477 0.0014333329423705317 -0.0014077668276394784
      vertex -0.000956510254753045 0.0014333329423705304 -0.00175644442091505
    endloop
  endfacet
  facet normal 0.0 0.0 0.0
    outer loop
      vertex -0.000956510254753045 0.0014333329423705304 -0.00175644442091505
      vertex -0.0006779461136072477 0.0014333329423705317 -0.0014077668276394784
      vertex -0.0007472709320117406 0.001433332942370532 -0.0013722225029367322
    endloop
  endfacet
  facet normal 0.0 0.0 0.0
    outer loop
      vertex -0.0017797453309732103 0.0014333329423705363 -0.0009124210948367637
      vertex -0.0014242307931460285 0.001433332942370537 -0.0006426382481770264
      vertex -0.0018230133248215952 0.001433332942370537 -0.0008225764221122419
    endloop
  endfacet
  facet normal 0.0 0.0 0.0
    outer loop
      vertex -0.001390424702548437 0.0014333329423705365 -0.0007128297167360895
      vertex -0.0014242307931460285 0.001433332942370537 -0.0006426382481770264
      vertex -0.0017797453309732103 0.0014333329423705363 -0.0009124210948367637
    endloop
  endfacet
  facet normal 0.0 0.0 0.0
    outer loop
      vertex -0.0008677694505290446 0.00143333294237053 -0.0018019405567185796
      vertex -0.0006069269815690358 0.0014333329423705313 -0.0014398057546293748
      vertex -0.0006779461136072477 0.0014333329423705317 -0.0014077668276394784
    endloop
  endfacet
  facet normal 0.0 0.0 0.0
    outer loop
      vertex -0.0007768715913929516 0.0014333329423705298 -0.0018429551113681969
      vertex -0.0006069269815690358 0.0014333329423705313 -0.0014398057546293748
      vertex -0.0008677694505290446 0.00143333294237053 -0.0018019405567185796
    endloop
  endfacet
  facet normal 0.0 0.0 0.0
    outer loop
      vertex -0.0014242307931460285 0.001433332942370537 -0.0006426382481770264
      vertex -0.0014544887908888309 0.0014333329423705373 -0.0005708449834828135
      vertex -0.0018230133248215952 0.001433332942370537 -0.0008225764221122419
    endloop
  endfacet
  facet normal 0.0 0.0 0.0
    outer loop
      vertex -0.0018230133248215952 0.001433332942370537 -0.0008225764221122419
      vertex -0.0014544887908888309 0.0014333329423705373 -0.0005708449834828135
      vertex -0.0018617469169433132 0.0014333329423705373 -0.0007306801207554813
    endloop
  endfacet
  facet normal 0.0 0.0 0.0
    outer loop
      vertex -0.0006840403590645518 0.0014333329423705293 -0.0018793866739332534
      vertex -0.0005344070622981114 0.001433332942370531 -0.0014682708012179909
      vertex -0.0007768715913929516 0.0014333329423705298 -0.0018429551113681969
    endloop
  endfacet
  facet normal 0.0 0.0 0.0
    outer loop
      vertex -0.0007768715913929516 0.0014333329423705298 -0.0018429551113681969
      vertex -0.0005344070622981114 0.001433332942370531 -0.0014682708012179909
      vertex -0.0006069269815690358 0.0014333329423705313 -0.0014398057546293748
    endloop
  endfacet
  facet normal 0.0 0.0 0.0
    outer loop
      vertex -0.0014544887908888309 0.0014333329423705373 -0.0005708449834828135
      vertex -0.0014811383421661547 0.0014333329423705378 -0.0004976355022962707
      vertex -0.0018617469169433132 0.0014333329423705373 -0.0007306801207554813
    endloop
  endfacet
  facet normal 0.0 0.0 0.0
    outer loop
      vertex -0.0018617469169433132 0.0014333329423705373 -0.0007306801207554813
      vertex -0.0014811383421661547 0.0014333329423705378 -0.0004976355022962707
      vertex -0.0018958538881216902 0.001433332942370538 -0.0006369747642187659
    endloop
  endfacet
  facet normal 0.0 0.0 0.0
    outer loop
      vertex -0.0006840403590645518 0.0014333329423705293 -0.0018793866739332534
      vertex -0.00046055168762967056 0.0014333329423705308 -0.0014930818061453523
      vertex -0.0005344070622981114 0.001433332942370531 -0.0014682708012179909
    endloop
  endfacet
  facet normal 0.0 0.0 0.0
    outer loop
      vertex -0.0005895106129036512 0.0014333329423705287 -0.0019111467214103252
      vertex -0.00046055168762967056 0.0014333329423705308 -0.0014930818061453523
      vertex -0.0006840403590645518 0.0014333329423705293 -0.0018793866739332534
    endloop
  endfacet
  facet normal 0.0 0.0 0.0
    outer loop
      vertex -0.0018958538881216902 0.001433332942370538 -0.0006369747642187659
      vertex -0.0015040979474429516 0.0014333329423705384 -0.0004231866253315607
      vertex -0.0019252507780687105 0.0014333329423705386 -0.0005416817800300207
    endloop
  endfacet
  facet normal 0.0 0.0 0.0
    outer loop
      vertex -0.0014811383421661547 0.0014333329423705378 -0.0004976355022962707
      vertex -0.0015040979474429516 0.0014333329423705384 -0.0004231866253315607
      vertex -0.0018958538881216902 0.001433332942370538 -0.0006369747642187659
    endloop
  endfacet
  facet normal 0.0 0.0 0.0
    outer loop
      vertex -0.0005895106129036512 0.0014333329423705287 -0.0019111467214103252
      vertex -0.0003855570531418441 0.0014333329423705304 -0.0015141837793280946
      vertex -0.00046055168762967056 0.0014333329423705308 -0.0014930818061453523
    endloop
  endfacet
  facet normal 0.0 0.0 0.0
    outer loop
      vertex -0.0004935142926271701 0.0014333329423705285 -0.0019381537794374414
      vertex -0.0003855570531418441 0.0014333329423705304 -0.0015141837793280946
      vertex -0.0005895106129036512 0.0014333329423705287 -0.0019111467214103252
    endloop
  endfacet
  facet normal 0.0 0.0 0.0
    outer loop
      vertex -0.00039629159594916166 0.001433332942370528 -0.00196034631022131
      vertex -0.0003855570531418441 0.0014333329423705304 -0.0015141837793280946
      vertex -0.0004935142926271701 0.0014333329423705285 -0.0019381537794374414
    endloop
  endfacet
  facet normal 0.0 0.0 0.0
    outer loop
      vertex -0.0019252507780687105 0.0014333329423705386 -0.0005416817800300207
      vertex -0.0015233228102128817 0.0014333329423705389 -0.00034768624719654957
      vertex -0.0019498553358520388 0.0014333329423705393 -0.0004450396126429631
    endloop
  endfacet
  facet normal 0.0 0.0 0.0
    outer loop
      vertex -0.0015040979474429516 0.0014333329423705384 -0.0004231866253315607
      vertex -0.0015233228102128817 0.0014333329423705389 -0.00034768624719654957
      vertex -0.0019252507780687105 0.0014333329423705386 -0.0005416817800300207
    endloop
  endfacet
  facet normal 0.0 0.0 0.0
    outer loop
      vertex -0.00039629159594916166 0.001433332942370528 -0.00196034631022131
      vertex -0.00030960379730841383 0.0014333329423705302 -0.001531519415717808
      vertex -0.0003855570531418441 0.0014333329423705304 -0.0015141837793280946
    endloop
  endfacet
  facet normal 0.0 0.0 0.0
    outer loop
      vertex -0.0015233228102128817 0.0014333329423705389 -0.00034768624719654957
      vertex -0.0015387596255067078 0.0014333329423705393 -0.0002713228671769439
      vertex -0.0019498553358520388 0.0014333329423705393 -0.0004450396126429631
    endloop
  endfacet
  facet normal 0.0 0.0 0.0
    outer loop
      vertex -0.0019498553358520388 0.0014333329423705393 -0.0004450396126429631
      vertex -0.0015387596255067078 0.0014333329423705393 -0.0002713228671769439
      vertex -0.001969614964926595 0.0014333329423705397 -0.00034729486076212797
    endloop
  endfacet
  facet normal 0.0 0.0 0.0
    outer loop
      vertex -0.00039629159594916166 0.001433332942370528 -0.00196034631022131
      vertex -0.0002328822764217384 0.00143333294237053 -0.0015450478225140323
      vertex -0.00030960379730841383 0.0014333329423705302 -0.001531519415717808
    endloop
  endfacet
  facet normal 0.0 0.0 0.0
    outer loop
      vertex -0.00029808272058367923 0.0014333329423705278 -0.001977662775968637
      vertex -0.0002328822764217384 0.00143333294237053 -0.0015450478225140323
      vertex -0.00039629159594916166 0.001433332942370528 -0.00196034631022131
    endloop
  endfacet
  facet normal 0.0 0.0 0.0
    outer loop
      vertex -0.001969614964926595 0.0014333329423705397 -0.00034729486076212797
      vertex -0.0015503706454595423 0.0014333329423705395 -0.00019428729952349614
      vertex -0.001984479988390184 0.0014333329423705402 -0.00024868707445059715
    endloop
  endfacet
  facet normal 0.0 0.0 0.0
    outer loop
      vertex -0.0015387596255067078 0.0014333329423705393 -0.0002713228671769439
      vertex -0.0015503706454595423 0.0014333329423705395 -0.00019428729952349614
      vertex -0.001969614964926595 0.0014333329423705397 -0.00034729486076212797
    endloop
  endfacet
  facet normal 0.0 0.0 0.0
    outer loop
      vertex -0.00019913612224190988 0.0014333329423705276 -0.0019900615754548084
      vertex -0.0001555714186683946 0.0014333329423705298 -0.001554735760235603
      vertex -0.00029808272058367923 0.0014333329423705278 -0.001977662775968637
    endloop
  endfacet
  facet normal 0.0 0.0 0.0
    outer loop
      vertex -0.00029808272058367923 0.0014333329423705278 -0.001977662775968637
      vertex -0.0001555714186683946 0.0014333329423705298 -0.001554735760235603
      vertex -0.0002328822764217384 0.00143333294237053 -0.0015450478225140323
    endloop
  endfacet
  facet normal 0.0 0.0 0.0
    outer loop
      vertex -0.0019944077779820647 0.0014333329423705408 -0.00014945872341433906
      vertex -0.0015581280904908366 0.00143333294237054 -0.00011676622948839168
      vertex -0.0019993768513658534 0.0014333329423705412 -4.986103628798008e-05
    endloop
  endfacet
  facet normal 0.0 0.0 0.0
    outer loop
      vertex -0.001984479988390184 0.0014333329423705402 -0.00024868707445059715
      vertex -0.0015581280904908366 0.00143333294237054 -0.00011676622948839168
      vertex -0.0019944077779820647 0.0014333329423705408 -0.00014945872341433906
    endloop
  endfacet
  facet normal 0.0 0.0 0.0
    outer loop
      vertex -0.0015503706454595423 0.0014333329423705395 -0.00019428729952349614
      vertex -0.0015581280904908366 0.00143333294237054 -0.00011676622948839168
      vertex -0.001984479988390184 0.0014333329423705402 -0.00024868707445059715
    endloop
  endfacet
  facet normal 0.0 0.0 0.0
    outer loop
      vertex -9.969441734926863e-05 0.0014333329423705274 -0.0019975152047381145
      vertex -7.788831508510938e-05 0.0014333329423705295 -0.0015605575389743315
      vertex -0.00019913612224190988 0.0014333329423705276 -0.0019900615754548084
    endloop
  endfacet
  facet normal 0.0 0.0 0.0
    outer loop
      vertex -0.00019913612224190988 0.0014333329423705276 -0.0019900615754548084
      vertex -7.788831508510938e-05 0.0014333329423705295 -0.0015605575389743315
      vertex -0.0001555714186683946 0.0014333329423705298 -0.001554735760235603
    endloop
  endfacet
  facet normal 0.0 0.0 0.0
    outer loop
      vertex -0.0019993768513658534 0.0014333329423705412 -4.986103628798008e-05
      vertex -0.0015620168184815042 0.0014333329423705404 -3.8955705930314694e-05
      vertex -0.0019993771543109504 0.0014333329423705417 4.986241161314667e-05
    endloop
  endfacet
  facet normal 0.0 0.0 0.0
    outer loop
      vertex -0.0015581280904908366 0.00143333294237054 -0.00011676622948839168
      vertex -0.0015620168184815042 0.0014333329423705404 -3.8955705930314694e-05
      vertex -0.0019993768513658534 0.0014333329423705412 -4.986103628798008e-05
    endloop
  endfacet
  facet normal 0.0 0.0 0.0
    outer loop
      vertex 1.2374902729437513e-09 0.0014333329423705272 -0.0019999996841975733
      vertex -3.1349298010620937e-09 0.0014333329423705295 -0.0015625010651734107
      vertex -9.969441734926863e-05 0.0014333329423705274 -0.0019975152047381145
    endloop
  endfacet
  facet normal 0.0 0.0 0.0
    outer loop
      vertex -9.969441734926863e-05 0.0014333329423705274 -0.0019975152047381145
      vertex -3.1349298010620937e-09 0.0014333329423705295 -0.0015625010651734107
      vertex -7.788831508510938e-05 0.0014333329423705295 -0.0015605575389743315
    endloop
  endfacet
  facet normal 0.0 0.0 0.0
    outer loop
      vertex -0.0015620168184815042 0.0014333329423705404 -3.8955705930314694e-05
      vertex -0.0015620160984924493 0.0014333329423705408 3.895466625566338e-05
      vertex -0.0019993771543109504 0.0014333329423705417 4.986241161314667e-05
    endloop
  endfacet
  facet normal 0.0 0.0 0.0
    outer loop
      vertex 9.969437903415637e-05 0.001433332942370527 -0.001997513890423765
      vertex 7.788283833091411e-05 0.0014333329423705293 -0.0015605588752061255
      vertex 1.2374902729437513e-09 0.0014333329423705272 -0.0019999996841975733
    endloop
  endfacet
  facet normal 0.0 0.0 0.0
    outer loop
      vertex 1.2374902729437513e-09 0.0014333329423705272 -0.0019999996841975733
      vertex 7.788283833091411e-05 0.0014333329423705293 -0.0015605588752061255
      vertex -3.1349298010620937e-09 0.0014333329423705295 -0.0015625010651734107
    endloop
  endfacet
  facet normal 0.0 0.0 0.0
    outer loop
      vertex -0.0019993771543109504 0.0014333329423705417 4.986241161314667e-05
      vertex -0.0015581333941503874 0.0014333329423705412 0.00011676360360292629
      vertex -0.0019944042214067636 0.0014333329423705423 0.00014946160101009522
    endloop
  endfacet
  facet normal 0.0 0.0 0.0
    outer loop
      vertex -0.0015620160984924493 0.0014333329423705408 3.895466625566338e-05
      vertex -0.0015581333941503874 0.0014333329423705412 0.00011676360360292629
      vertex -0.0019993771543109504 0.0014333329423705417 4.986241161314667e-05
    endloop
  endfacet
  facet normal 0.0 0.0 0.0
    outer loop
      vertex 9.969437903415637e-05 0.001433332942370527 -0.001997513890423765
      vertex 0.0001555741605161927 0.001433332942370529 -0.0015547376027286656
      vertex 7.788283833091411e-05 0.0014333329423705293 -0.0015605588752061255
    endloop
  endfacet
  facet normal 0.0 0.0 0.0
    outer loop
      vertex 0.0001991385123241625 0.0014333329423705267 -0.001990060829005839
      vertex 0.0001555741605161927 0.001433332942370529 -0.0015547376027286656
      vertex 9.969437903415637e-05 0.001433332942370527 -0.001997513890423765
    endloop
  endfacet
  facet normal 0.0 0.0 0.0
    outer loop
      vertex -0.00198447911263139 0.0014333329423705428 0.00024868832665744117
      vertex -0.0015503749597263537 0.0014333329423705415 0.0001942868395706502
      vertex -0.001969615839321473 0.0014333329423705432 0.00034729730295264587
    endloop
  endfacet
  facet normal 0.0 0.0 0.0
    outer loop
      vertex -0.0019944042214067636 0.0014333329423705423 0.00014946160101009522
      vertex -0.0015503749597263537 0.0014333329423705415 0.0001942868395706502
      vertex -0.00198447911263139 0.0014333329423705428 0.00024868832665744117
    endloop
  endfacet
  facet normal 0.0 0.0 0.0
    outer loop
      vertex -0.0015581333941503874 0.0014333329423705412 0.00011676360360292629
      vertex -0.0015503749597263537 0.0014333329423705415 0.0001942868395706502
      vertex -0.0019944042214067636 0.0014333329423705423 0.00014946160101009522
    endloop
  endfacet
  facet normal 0.0 0.0 0.0
    outer loop
      vertex 0.0002980859330463913 0.0014333329423705265 -0.001977660522458734
      vertex 0.00023287684726663375 0.001433332942370529 -0.0015450474057179479
      vertex 0.0001991385123241625 0.0014333329423705267 -0.001990060829005839
    endloop
  endfacet
  facet normal 0.0 0.0 0.0
    outer loop
      vertex 0.0001991385123241625 0.0014333329423705267 -0.001990060829005839
      vertex 0.00023287684726663375 0.001433332942370529 -0.0015450474057179479
      vertex 0.0001555741605161927 0.001433332942370529 -0.0015547376027286656
    endloop
  endfacet
  facet normal 0.0 0.0 0.0
    outer loop
      vertex -0.0015503749597263537 0.0014333329423705415 0.0001942868395706502
      vertex -0.0015387652757728554 0.001433332942370542 0.0002713243000478995
      vertex -0.001969615839321473 0.0014333329423705432 0.00034729730295264587
    endloop
  endfacet
  facet normal 0.0 0.0 0.0
    outer loop
      vertex 0.0002980859330463913 0.0014333329423705265 -0.001977660522458734
      vertex 0.0003096056731514948 0.0014333329423705287 -0.0015315195880752476
      vertex 0.00023287684726663375 0.001433332942370529 -0.0015450474057179479
    endloop
  endfacet
  facet normal 0.0 0.0 0.0
    outer loop
      vertex 0.00039629331635127193 0.0014333329423705265 -0.00196034356625957
      vertex 0.0003096056731514948 0.0014333329423705287 -0.0015315195880752476
      vertex 0.0002980859330463913 0.0014333329423705265 -0.001977660522458734
    endloop
  endfacet
  facet normal 0.0 0.0 0.0
    outer loop
      vertex -0.0015387652757728554 0.001433332942370542 0.0002713243000478995
      vertex -0.0015233261536652756 0.0014333329423705423 0.00034768940352880465
      vertex -0.001969615839321473 0.0014333329423705432 0.00034729730295264587
    endloop
  endfacet
  facet normal 0.0 0.0 0.0
    outer loop
      vertex -0.001969615839321473 0.0014333329423705432 0.00034729730295264587
      vertex -0.0015233261536652756 0.0014333329423705423 0.00034768940352880465
      vertex -0.001949852478380901 0.0014333329423705436 0.00044504153400596507
    endloop
  endfacet
  facet normal 0.0 0.0 0.0
    outer loop
      vertex 0.00039629331635127193 0.0014333329423705265 -0.00196034356625957
      vertex 0.00038555839581424156 0.0014333329423705287 -0.0015141842443461592
      vertex 0.0003096056731514948 0.0014333329423705287 -0.0015315195880752476
    endloop
  endfacet
  facet normal 0.0 0.0 0.0
    outer loop
      vertex 0.0004935146682121097 0.0014333329423705263 -0.0019381540484905313
      vertex 0.00038555839581424156 0.0014333329423705287 -0.0015141842443461592
      vertex 0.00039629331635127193 0.0014333329423705265 -0.00196034356625957
    endloop
  endfacet
  facet normal 0.0 0.0 0.0
    outer loop
      vertex 0.0005895083740665391 0.0014333329423705263 -0.001911146630195982
      vertex 0.00038555839581424156 0.0014333329423705287 -0.0015141842443461592
      vertex 0.0004935146682121097 0.0014333329423705263 -0.0019381540484905313
    endloop
  endfacet
  facet normal 0.0 0.0 0.0
    outer loop
      vertex -0.001949852478380901 0.0014333329423705436 0.00044504153400596507
      vertex -0.0015041005507033575 0.0014333329423705425 0.0004231868095788375
      vertex -0.0019252470432822412 0.001433332942370544 0.0005416822819247887
    endloop
  endfacet
  facet normal 0.0 0.0 0.0
    outer loop
      vertex -0.0015233261536652756 0.0014333329423705423 0.00034768940352880465
      vertex -0.0015041005507033575 0.0014333329423705425 0.0004231868095788375
      vertex -0.001949852478380901 0.0014333329423705436 0.00044504153400596507
    endloop
  endfacet
  facet normal 0.0 0.0 0.0
    outer loop
      vertex 0.0005895083740665391 0.0014333329423705263 -0.001911146630195982
      vertex 0.00046055416928846075 0.0014333329423705287 -0.0014930832513941371
      vertex 0.00038555839581424156 0.0014333329423705287 -0.0015141842443461592
    endloop
  endfacet
  facet normal 0.0 0.0 0.0
    outer loop
      vertex -0.0019252470432822412 0.001433332942370544 0.0005416822819247887
      vertex -0.0014811372634726148 0.001433332942370543 0.0004976352750463755
      vertex -0.0018958546278551734 0.0014333329423705445 0.0006369737601750534
    endloop
  endfacet
  facet normal 0.0 0.0 0.0
    outer loop
      vertex -0.0015041005507033575 0.0014333329423705425 0.0004231868095788375
      vertex -0.0014811372634726148 0.001433332942370543 0.0004976352750463755
      vertex -0.0019252470432822412 0.001433332942370544 0.0005416822819247887
    endloop
  endfacet
  facet normal 0.0 0.0 0.0
    outer loop
      vertex 0.0005895083740665391 0.0014333329423705263 -0.001911146630195982
      vertex 0.000534408018609172 0.0014333329423705287 -0.0014682684543669755
      vertex 0.00046055416928846075 0.0014333329423705287 -0.0014930832513941371
    endloop
  endfacet
  facet normal 0.0 0.0 0.0
    outer loop
      vertex 0.0006840371988165239 0.0014333329423705263 -0.0018793865453824656
      vertex 0.000534408018609172 0.0014333329423705287 -0.0014682684543669755
      vertex 0.0005895083740665391 0.0014333329423705263 -0.001911146630195982
    endloop
  endfacet
  facet normal 0.0 0.0 0.0
    outer loop
      vertex -0.0018958546278551734 0.0014333329423705445 0.0006369737601750534
      vertex -0.0014544906773785722 0.0014333329423705432 0.0005708471128161837
      vertex -0.0018617446736780457 0.001433332942370545 0.0007306848841834421
    endloop
  endfacet
  facet normal 0.0 0.0 0.0
    outer loop
      vertex -0.0014811372634726148 0.001433332942370543 0.0004976352750463755
      vertex -0.0014544906773785722 0.0014333329423705432 0.0005708471128161837
      vertex -0.0018958546278551734 0.0014333329423705445 0.0006369737601750534
    endloop
  endfacet
  facet normal 0.0 0.0 0.0
    outer loop
      vertex 0.0006840371988165239 0.0014333329423705263 -0.0018793865453824656
      vertex 0.0006069322996342717 0.0014333329423705285 -0.001439805191017533
      vertex 0.000534408018609172 0.0014333329423705287 -0.0014682684543669755
    endloop
  endfacet
  facet normal 0.0 0.0 0.0
    outer loop
      vertex 0.0007768697466498 0.0014333329423705263 -0.0018429531253394307
      vertex 0.0006069322996342717 0.0014333329423705285 -0.001439805191017533
      vertex 0.0006840371988165239 0.0014333329423705263 -0.0018793865453824656
    endloop
  endfacet
  facet normal 0.0 0.0 0.0
    outer loop
      vertex 0.0008677704927555359 0.0014333329423705263 -0.0018019356696406654
      vertex 0.0006069322996342717 0.0014333329423705285 -0.001439805191017533
      vertex 0.0007768697466498 0.0014333329423705263 -0.0018429531253394307
    endloop
  endfacet
  facet normal 0.0 0.0 0.0
    outer loop
      vertex -0.0018617446736780457 0.001433332942370545 0.0007306848841834421
      vertex -0.001424225146111093 0.0014333329423705434 0.0006426387647715945
      vertex -0.0018230148168950182 0.0014333329423705451 0.0008225728908050928
    endloop
  endfacet
  facet normal 0.0 0.0 0.0
    outer loop
      vertex -0.0014544906773785722 0.0014333329423705432 0.0005708471128161837
      vertex -0.001424225146111093 0.0014333329423705434 0.0006426387647715945
      vertex -0.0018617446736780457 0.001433332942370545 0.0007306848841834421
    endloop
  endfacet
  facet normal 0.0 0.0 0.0
    outer loop
      vertex 0.0008677704927555359 0.0014333329423705263 -0.0018019356696406654
      vertex 0.000677942287864542 0.0014333329423705287 -0.001407765847740121
      vertex 0.0006069322996342717 0.0014333329423705285 -0.001439805191017533
    endloop
  endfacet
  facet normal 0.0 0.0 0.0
    outer loop
      vertex -0.001424225146111093 0.0014333329423705434 0.0006426387647715945
      vertex -0.0013904235001072748 0.0014333329423705438 0.0007128314064723464
      vertex -0.0018230148168950182 0.0014333329423705451 0.0008225728908050928
    endloop
  endfacet
  facet normal 0.0 0.0 0.0
    outer loop
      vertex -0.0018230148168950182 0.0014333329423705451 0.0008225728908050928
      vertex -0.0013904235001072748 0.0014333329423705438 0.0007128314064723464
      vertex -0.0017797403383702118 0.0014333329423705456 0.0009124207927495945
    endloop
  endfacet
  facet normal 0.0 0.0 0.0
    outer loop
      vertex 0.0008677704927555359 0.0014333329423705263 -0.0018019356696406654
      vertex 0.0007472688159051138 0.0014333329423705287 -0.0013722204959640057
      vertex 0.000677942287864542 0.0014333329423705287 -0.001407765847740121
    endloop
  endfacet
  facet normal 0.0 0.0 0.0
    outer loop
      vertex 0.0009565112114301165 0.0014333329423705263 -0.0017564410994635898
      vertex 0.0007472688159051138 0.0014333329423705287 -0.0013722204959640057
      vertex 0.0008677704927555359 0.0014333329423705263 -0.0018019356696406654
    endloop
  endfacet
  facet normal 0.0 0.0 0.0
    outer loop
      vertex -0.0017797403383702118 0.0014333329423705456 0.0009124207927495945
      vertex -0.0013531629809842066 0.001433332942370544 0.0007812526574417912
      vertex -0.0017320502389222457 0.0014333329423705458 0.0010000017381885126
    endloop
  endfacet
  facet normal 0.0 0.0 0.0
    outer loop
      vertex -0.0013904235001072748 0.0014333329423705438 0.0007128314064723464
      vertex -0.0013531629809842066 0.001433332942370544 0.0007812526574417912
      vertex -0.0017797403383702118 0.0014333329423705456 0.0009124207927495945
    endloop
  endfacet
  facet normal 0.0 0.0 0.0
    outer loop
      vertex 0.0009565112114301165 0.0014333329423705263 -0.0017564410994635898
      vertex 0.0008147458864697665 0.0014333329423705287 -0.0013332667970064249
      vertex 0.0007472688159051138 0.0014333329423705287 -0.0013722204959640057
    endloop
  endfacet
  facet normal 0.0 0.0 0.0
    outer loop
      vertex 0.0010428736452542647 0.0014333329423705263 -0.0017065804649841912
      vertex 0.0008147458864697665 0.0014333329423705287 -0.0013332667970064249
      vertex 0.0009565112114301165 0.0014333329423705263 -0.0017564410994635898
    endloop
  endfacet
  facet normal 0.0 0.0 0.0
    outer loop
      vertex 0.0011266368676315802 0.0014333329423705265 -0.0016524783089835213
      vertex 0.0008147458864697665 0.0014333329423705287 -0.0013332667970064249
      vertex 0.0010428736452542647 0.0014333329423705263 -0.0017065804649841912
    endloop
  endfacet
  facet normal 0.0 0.0 0.0
    outer loop
      vertex -0.0017320502389222457 0.0014333329423705458 0.0010000017381885126
      vertex -0.0013125378472847676 0.0014333329423705443 0.0008477313465589612
      vertex -0.0016800509136239389 0.0014333329423705462 0.0010850941099013439
    endloop
  endfacet
  facet normal 0.0 0.0 0.0
    outer loop
      vertex -0.0013531629809842066 0.001433332942370544 0.0007812526574417912
      vertex -0.0013125378472847676 0.0014333329423705443 0.0008477313465589612
      vertex -0.0017320502389222457 0.0014333329423705458 0.0010000017381885126
    endloop
  endfacet
  facet normal 0.0 0.0 0.0
    outer loop
      vertex 0.0011266368676315802 0.0014333329423705265 -0.0016524783089835213
      vertex 0.0008801890255250447 0.0014333329423705287 -0.0012909976785082078
      vertex 0.0008147458864697665 0.0014333329423705287 -0.0013332667970064249
    endloop
  endfacet
  facet normal 0.0 0.0 0.0
    outer loop
      vertex -0.0016800509136239389 0.0014333329423705462 0.0010850941099013439
      vertex -0.001268652325836178 0.0014333329423705445 0.0009121004317014555
      vertex -0.0016238772025796821 0.0014333329423705464 0.0011674851533425594
    endloop
  endfacet
  facet normal 0.0 0.0 0.0
    outer loop
      vertex -0.0013125378472847676 0.0014333329423705443 0.0008477313465589612
      vertex -0.001268652325836178 0.0014333329423705445 0.0009121004317014555
      vertex -0.0016800509136239389 0.0014333329423705462 0.0010850941099013439
    endloop
  endfacet
  facet normal 0.0 0.0 0.0
    outer loop
      vertex 0.0012076069371757924 0.0014333329423705265 -0.0015942645125968807
      vertex 0.0009434436638905098 0.001433332942370529 -0.0012455184551058856
      vertex 0.0011266368676315802 0.0014333329423705265 -0.0016524783089835213
    endloop
  endfacet
  facet normal 0.0 0.0 0.0
    outer loop
      vertex 0.0011266368676315802 0.0014333329423705265 -0.0016524783089835213
      vertex 0.0009434436638905098 0.001433332942370529 -0.0012455184551058856
      vertex 0.0008801890255250447 0.0014333329423705287 -0.0012909976785082078
    endloop
  endfacet
  facet normal 0.0 0.0 0.0
    outer loop
      vertex -0.0016238772025796821 0.0014333329423705464 0.0011674851533425594
      vertex -0.0012216150229299853 0.0014333329423705447 0.0009742034437090522
      vertex -0.0015636627365381878 0.0014333329423705467 0.0012469791308924224
    endloop
  endfacet
  facet normal 0.0 0.0 0.0
    outer loop
      vertex -0.001268652325836178 0.0014333329423705445 0.0009121004317014555
      vertex -0.0012216150229299853 0.0014333329423705447 0.0009742034437090522
      vertex -0.0016238772025796821 0.0014333329423705464 0.0011674851533425594
    endloop
  endfacet
  facet normal 0.0 0.0 0.0
    outer loop
      vertex 0.0012076069371757924 0.0014333329423705265 -0.0015942645125968807
      vertex 0.0012855731460406031 0.0014333329423705267 -0.001532088288850406
      vertex 0.0009434436638905098 0.001433332942370529 -0.0012455184551058856
    endloop
  endfacet
  facet normal 0.0 0.0 0.0
    outer loop
      vertex 0.0012855731460406031 0.0014333329423705267 -0.001532088288850406
      vertex 0.0010043581520286094 0.001433332942370529 -0.0011969414900774413
      vertex 0.0009434436638905098 0.001433332942370529 -0.0012455184551058856
    endloop
  endfacet
  facet normal 0.0 0.0 0.0
    outer loop
      vertex -0.0012216150229299853 0.0014333329423705447 0.0009742034437090522
      vertex -0.0014995622921725254 0.0014333329423705469 0.0013233715460025369
      vertex -0.0015636627365381878 0.0014333329423705467 0.0012469791308924224
    endloop
  endfacet
  facet normal 0.0 0.0 0.0
    outer loop
      vertex -0.0012216150229299853 0.0014333329423705447 0.0009742034437090522
      vertex -0.0011715345448577376 0.001433332942370545 0.00103388391342153
      vertex -0.0014995622921725254 0.0014333329423705469 0.0013233715460025369
    endloop
  endfacet
  facet normal 0.0 0.0 0.0
    outer loop
      vertex 0.0012855731460406031 0.0014333329423705267 -0.001532088288850406
      vertex 0.0013603432631269477 0.001433332942370527 -0.0014661035844466426
      vertex 0.0010043581520286094 0.001433332942370529 -0.0011969414900774413
    endloop
  endfacet
  facet normal 0.0 0.0 0.0
    outer loop
      vertex 0.0013603432631269477 0.001433332942370527 -0.0014661035844466426
      vertex 0.0010627696627617711 0.0014333329423705293 -0.0011453920346280835
      vertex 0.0010043581520286094 0.001433332942370529 -0.0011969414900774413
    endloop
  endfacet
  facet normal 0.0 0.0 0.0
    outer loop
      vertex -0.0011715345448577376 0.001433332942370545 0.00103388391342153
      vertex -0.0014317364854415373 0.001433332942370547 0.0013964719994074136
      vertex -0.0014995622921725254 0.0014333329423705469 0.0013233715460025369
    endloop
  endfacet
  facet normal 0.0 0.0 0.0
    outer loop
      vertex -0.0011715345448577376 0.001433332942370545 0.00103388391342153
      vertex -0.0011185408943011046 0.0014333329423705451 0.0010909971539965271
      vertex -0.0014317364854415373 0.001433332942370547 0.0013964719994074136
    endloop
  endfacet
  facet normal 0.0 0.0 0.0
    outer loop
      vertex 0.0013603432631269477 0.001433332942370527 -0.0014661035844466426
      vertex 0.0014317364854415436 0.0014333329423705272 -0.001396471999407428
      vertex 0.0010627696627617711 0.0014333329423705293 -0.0011453920346280835
    endloop
  endfacet
  facet normal 0.0 0.0 0.0
    outer loop
      vertex 0.0010627696627617711 0.0014333329423705293 -0.0011453920346280835
      vertex 0.0014317364854415436 0.0014333329423705272 -0.001396471999407428
      vertex 0.0011185408943011107 0.0014333329423705293 -0.0010909971539965412
    endloop
  endfacet
  facet normal 0.0 0.0 0.0
    outer loop
      vertex -0.0010627696627617648 0.0014333329423705451 0.0011453920346280694
      vertex -0.0013603432631269414 0.0014333329423705473 0.0014661035844466283
      vertex -0.0011185408943011046 0.0014333329423705451 0.0010909971539965271
    endloop
  endfacet
  facet normal 0.0 0.0 0.0
    outer loop
      vertex -0.0011185408943011046 0.0014333329423705451 0.0010909971539965271
      vertex -0.0013603432631269414 0.0014333329423705473 0.0014661035844466283
      vertex -0.0014317364854415373 0.001433332942370547 0.0013964719994074136
    endloop
  endfacet
  facet normal 0.0 0.0 0.0
    outer loop
      vertex 0.0011185408943011107 0.0014333329423705293 -0.0010909971539965412
      vertex 0.0014995622921725315 0.0014333329423705274 -0.001323371546002551
      vertex 0.001171534544857744 0.0014333329423705295 -0.0010338839134215443
    endloop
  endfacet
  facet normal 0.0 0.0 0.0
    outer loop
      vertex 0.0014317364854415436 0.0014333329423705272 -0.001396471999407428
      vertex 0.0014995622921725315 0.0014333329423705274 -0.001323371546002551
      vertex 0.0011185408943011107 0.0014333329423705293 -0.0010909971539965412
    endloop
  endfacet
  facet normal 0.0 0.0 0.0
    outer loop
      vertex -0.0010627696627617648 0.0014333329423705451 0.0011453920346280694
      vertex -0.0010043581520286031 0.0014333329423705454 0.0011969414900774272
      vertex -0.0013603432631269414 0.0014333329423705473 0.0014661035844466283
    endloop
  endfacet
  facet normal 0.0 0.0 0.0
    outer loop
      vertex -0.0010043581520286031 0.0014333329423705454 0.0011969414900774272
      vertex -0.001285573146040597 0.0014333329423705478 0.001532088288850392
      vertex -0.0013603432631269414 0.0014333329423705473 0.0014661035844466283
    endloop
  endfacet
  facet normal 0.0 0.0 0.0
    outer loop
      vertex 0.0014995622921725315 0.0014333329423705274 -0.001323371546002551
      vertex 0.0012216150229299916 0.0014333329423705298 -0.0009742034437090667
      vertex 0.001171534544857744 0.0014333329423705295 -0.0010338839134215443
    endloop
  endfacet
  facet normal 0.0 0.0 0.0
    outer loop
      vertex -0.0010043581520286031 0.0014333329423705454 0.0011969414900774272
      vertex -0.0009434436638905039 0.0014333329423705454 0.0012455184551058713
      vertex -0.001285573146040597 0.0014333329423705478 0.001532088288850392
    endloop
  endfacet
  facet normal 0.0 0.0 0.0
    outer loop
      vertex 0.0014995622921725315 0.0014333329423705274 -0.001323371546002551
      vertex 0.001563662736538194 0.0014333329423705276 -0.0012469791308924365
      vertex 0.0012216150229299916 0.0014333329423705298 -0.0009742034437090667
    endloop
  endfacet
  facet normal 0.0 0.0 0.0
    outer loop
      vertex 0.001563662736538194 0.0014333329423705276 -0.0012469791308924365
      vertex 0.001268652325836184 0.00143333294237053 -0.0009121004317014699
      vertex 0.0012216150229299916 0.0014333329423705298 -0.0009742034437090667
    endloop
  endfacet
  facet normal 0.0 0.0 0.0
    outer loop
      vertex -0.0009434436638905039 0.0014333329423705454 0.0012455184551058713
      vertex -0.0012076069371757864 0.001433332942370548 0.0015942645125968664
      vertex -0.001285573146040597 0.0014333329423705478 0.001532088288850392
    endloop
  endfacet
  facet normal 0.0 0.0 0.0
    outer loop
      vertex 0.001563662736538194 0.0014333329423705276 -0.0012469791308924365
      vertex 0.0016238772025796884 0.0014333329423705278 -0.0011674851533425737
      vertex 0.001268652325836184 0.00143333294237053 -0.0009121004317014699
    endloop
  endfacet
  facet normal 0.0 0.0 0.0
    outer loop
      vertex -0.0009434436638905039 0.0014333329423705454 0.0012455184551058713
      vertex -0.0011266368676315739 0.001433332942370548 0.0016524783089835072
      vertex -0.0012076069371757864 0.001433332942370548 0.0015942645125968664
    endloop
  endfacet
  facet normal 0.0 0.0 0.0
    outer loop
      vertex -0.0008147458864697605 0.0014333329423705456 0.0013332667970064108
      vertex -0.0011266368676315739 0.001433332942370548 0.0016524783089835072
      vertex -0.0008801890255250388 0.0014333329423705456 0.0012909976785081935
    endloop
  endfacet
  facet normal 0.0 0.0 0.0
    outer loop
      vertex -0.0008801890255250388 0.0014333329423705456 0.0012909976785081935
      vertex -0.0011266368676315739 0.001433332942370548 0.0016524783089835072
      vertex -0.0009434436638905039 0.0014333329423705454 0.0012455184551058713
    endloop
  endfacet
  facet normal 0.0 0.0 0.0
    outer loop
      vertex 0.001268652325836184 0.00143333294237053 -0.0009121004317014699
      vertex 0.001680050913623945 0.001433332942370528 -0.001085094109901358
      vertex 0.001312537847284774 0.0014333329423705302 -0.0008477313465589756
    endloop
  endfacet
  facet normal 0.0 0.0 0.0
    outer loop
      vertex 0.0016238772025796884 0.0014333329423705278 -0.0011674851533425737
      vertex 0.001680050913623945 0.001433332942370528 -0.001085094109901358
      vertex 0.001268652325836184 0.00143333294237053 -0.0009121004317014699
    endloop
  endfacet
  facet normal 0.0 0.0 0.0
    outer loop
      vertex -0.0008147458864697605 0.0014333329423705456 0.0013332667970064108
      vertex -0.0010428736452542584 0.0014333329423705482 0.0017065804649841769
      vertex -0.0011266368676315739 0.001433332942370548 0.0016524783089835072
    endloop
  endfacet
  facet normal 0.0 0.0 0.0
    outer loop
      vertex 0.001312537847284774 0.0014333329423705302 -0.0008477313465589756
      vertex 0.001732050238922252 0.0014333329423705285 -0.001000001738188527
      vertex 0.0013531629809842127 0.0014333329423705304 -0.0007812526574418056
    endloop
  endfacet
  facet normal 0.0 0.0 0.0
    outer loop
      vertex 0.001680050913623945 0.001433332942370528 -0.001085094109901358
      vertex 0.001732050238922252 0.0014333329423705285 -0.001000001738188527
      vertex 0.001312537847284774 0.0014333329423705302 -0.0008477313465589756
    endloop
  endfacet
  facet normal 0.0 0.0 0.0
    outer loop
      vertex -0.000677942287864536 0.0014333329423705456 0.0014077658477401067
      vertex -0.0009565112114301106 0.0014333329423705482 0.0017564410994635755
      vertex -0.0007472688159051078 0.0014333329423705456 0.0013722204959639914
    endloop
  endfacet
  facet normal 0.0 0.0 0.0
    outer loop
      vertex -0.0007472688159051078 0.0014333329423705456 0.0013722204959639914
      vertex -0.0009565112114301106 0.0014333329423705482 0.0017564410994635755
      vertex -0.0008147458864697605 0.0014333329423705456 0.0013332667970064108
    endloop
  endfacet
  facet normal 0.0 0.0 0.0
    outer loop
      vertex -0.0008147458864697605 0.0014333329423705456 0.0013332667970064108
      vertex -0.0009565112114301106 0.0014333329423705482 0.0017564410994635755
      vertex -0.0010428736452542584 0.0014333329423705482 0.0017065804649841769
    endloop
  endfacet
  facet normal 0.0 0.0 0.0
    outer loop
      vertex 0.0013531629809842127 0.0014333329423705304 -0.0007812526574418056
      vertex 0.0017797403383702178 0.0014333329423705287 -0.000912420792749609
      vertex 0.0013904235001072811 0.0014333329423705306 -0.0007128314064723608
    endloop
  endfacet
  facet normal 0.0 0.0 0.0
    outer loop
      vertex 0.0013904235001072811 0.0014333329423705306 -0.0007128314064723608
      vertex 0.0017797403383702178 0.0014333329423705287 -0.000912420792749609
      vertex 0.001424225146111099 0.001433332942370531 -0.000642638764771609
    endloop
  endfacet
  facet normal 0.0 0.0 0.0
    outer loop
      vertex 0.001732050238922252 0.0014333329423705285 -0.001000001738188527
      vertex 0.0017797403383702178 0.0014333329423705287 -0.000912420792749609
      vertex 0.0013531629809842127 0.0014333329423705304 -0.0007812526574418056
    endloop
  endfacet
  facet normal 0.0 0.0 0.0
    outer loop
      vertex -0.000677942287864536 0.0014333329423705456 0.0014077658477401067
      vertex -0.00086777049275553 0.0014333329423705482 0.0018019356696406513
      vertex -0.0009565112114301106 0.0014333329423705482 0.0017564410994635755
    endloop
  endfacet
  facet normal 0.0 0.0 0.0
    outer loop
      vertex 0.0017797403383702178 0.0014333329423705287 -0.000912420792749609
      vertex 0.0018230148168950245 0.0014333329423705293 -0.0008225728908051072
      vertex 0.001424225146111099 0.001433332942370531 -0.000642638764771609
    endloop
  endfacet
  facet normal 0.0 0.0 0.0
    outer loop
      vertex -0.0005344080186091661 0.0014333329423705456 0.0014682684543669614
      vertex -0.0007768697466497939 0.0014333329423705482 0.0018429531253394164
      vertex -0.0006069322996342658 0.0014333329423705458 0.0014398051910175186
    endloop
  endfacet
  facet normal 0.0 0.0 0.0
    outer loop
      vertex -0.0006069322996342658 0.0014333329423705458 0.0014398051910175186
      vertex -0.0007768697466497939 0.0014333329423705482 0.0018429531253394164
      vertex -0.000677942287864536 0.0014333329423705456 0.0014077658477401067
    endloop
  endfacet
  facet normal 0.0 0.0 0.0
    outer loop
      vertex -0.000677942287864536 0.0014333329423705456 0.0014077658477401067
      vertex -0.0007768697466497939 0.0014333329423705482 0.0018429531253394164
      vertex -0.00086777049275553 0.0014333329423705482 0.0018019356696406513
    endloop
  endfacet
  facet normal 0.0 0.0 0.0
    outer loop
      vertex 0.001424225146111099 0.001433332942370531 -0.000642638764771609
      vertex 0.001861744673678052 0.0014333329423705295 -0.0007306848841834565
      vertex 0.0014544906773785785 0.0014333329423705313 -0.0005708471128161982
    endloop
  endfacet
  facet normal 0.0 0.0 0.0
    outer loop
      vertex 0.0018230148168950245 0.0014333329423705293 -0.0008225728908051072
      vertex 0.001861744673678052 0.0014333329423705295 -0.0007306848841834565
      vertex 0.001424225146111099 0.001433332942370531 -0.000642638764771609
    endloop
  endfacet
  facet normal 0.0 0.0 0.0
    outer loop
      vertex -0.0005344080186091661 0.0014333329423705456 0.0014682684543669614
      vertex -0.0006840371988165179 0.0014333329423705482 0.0018793865453824515
      vertex -0.0007768697466497939 0.0014333329423705482 0.0018429531253394164
    endloop
  endfacet
  facet normal 0.0 0.0 0.0
    outer loop
      vertex 0.0014544906773785785 0.0014333329423705313 -0.0005708471128161982
      vertex 0.0018958546278551795 0.00143333294237053 -0.000636973760175068
      vertex 0.0014811372634726209 0.0014333329423705315 -0.0004976352750463898
    endloop
  endfacet
  facet normal 0.0 0.0 0.0
    outer loop
      vertex 0.001861744673678052 0.0014333329423705295 -0.0007306848841834565
      vertex 0.0018958546278551795 0.00143333294237053 -0.000636973760175068
      vertex 0.0014544906773785785 0.0014333329423705313 -0.0005708471128161982
    endloop
  endfacet
  facet normal 0.0 0.0 0.0
    outer loop
      vertex -0.0003855583958142356 0.0014333329423705456 0.0015141842443461451
      vertex -0.0005895083740665332 0.0014333329423705482 0.001911146630195968
      vertex -0.0004605541692884548 0.0014333329423705456 0.001493083251394123
    endloop
  endfacet
  facet normal 0.0 0.0 0.0
    outer loop
      vertex -0.0004605541692884548 0.0014333329423705456 0.001493083251394123
      vertex -0.0005895083740665332 0.0014333329423705482 0.001911146630195968
      vertex -0.0005344080186091661 0.0014333329423705456 0.0014682684543669614
    endloop
  endfacet
  facet normal 0.0 0.0 0.0
    outer loop
      vertex -0.0005344080186091661 0.0014333329423705456 0.0014682684543669614
      vertex -0.0005895083740665332 0.0014333329423705482 0.001911146630195968
      vertex -0.0006840371988165179 0.0014333329423705482 0.0018793865453824515
    endloop
  endfacet
  facet normal 0.0 0.0 0.0
    outer loop
      vertex 0.0014811372634726209 0.0014333329423705315 -0.0004976352750463898
      vertex 0.0019252470432822475 0.0014333329423705304 -0.0005416822819248031
      vertex 0.0015041005507033635 0.001433332942370532 -0.0004231868095788518
    endloop
  endfacet
  facet normal 0.0 0.0 0.0
    outer loop
      vertex 0.0018958546278551795 0.00143333294237053 -0.000636973760175068
      vertex 0.0019252470432822475 0.0014333329423705304 -0.0005416822819248031
      vertex 0.0014811372634726209 0.0014333329423705315 -0.0004976352750463898
    endloop
  endfacet
  facet normal 0.0 0.0 0.0
    outer loop
      vertex -0.0003855583958142356 0.0014333329423705456 0.0015141842443461451
      vertex -0.0004935146682121036 0.0014333329423705482 0.001938154048490517
      vertex -0.0005895083740665332 0.0014333329423705482 0.001911146630195968
    endloop
  endfacet
  facet normal 0.0 0.0 0.0
    outer loop
      vertex 0.0015041005507033635 0.001433332942370532 -0.0004231868095788518
      vertex 0.0019498524783809073 0.0014333329423705308 -0.0004450415340059794
      vertex 0.0015233261536652819 0.0014333329423705321 -0.000347689403528819
    endloop
  endfacet
  facet normal 0.0 0.0 0.0
    outer loop
      vertex 0.0019252470432822475 0.0014333329423705304 -0.0005416822819248031
      vertex 0.0019498524783809073 0.0014333329423705308 -0.0004450415340059794
      vertex 0.0015041005507033635 0.001433332942370532 -0.0004231868095788518
    endloop
  endfacet
  facet normal 0.0 0.0 0.0
    outer loop
      vertex -0.0003855583958142356 0.0014333329423705456 0.0015141842443461451
      vertex -0.0003962933163512659 0.001433332942370548 0.0019603435662595555
      vertex -0.0004935146682121036 0.0014333329423705482 0.001938154048490517
    endloop
  endfacet
  facet normal 0.0 0.0 0.0
    outer loop
      vertex -0.00023287684726662768 0.0014333329423705454 0.0015450474057179338
      vertex -0.0003962933163512659 0.001433332942370548 0.0019603435662595555
      vertex -0.0003096056731514888 0.0014333329423705456 0.0015315195880752335
    endloop
  endfacet
  facet normal 0.0 0.0 0.0
    outer loop
      vertex -0.0003096056731514888 0.0014333329423705456 0.0015315195880752335
      vertex -0.0003962933163512659 0.001433332942370548 0.0019603435662595555
      vertex -0.0003855583958142356 0.0014333329423705456 0.0015141842443461451
    endloop
  endfacet
  facet normal 0.0 0.0 0.0
    outer loop
      vertex 0.0015233261536652819 0.0014333329423705321 -0.000347689403528819
      vertex 0.001969615839321479 0.0014333329423705313 -0.0003472973029526602
      vertex 0.0015387652757728617 0.0014333329423705326 -0.0002713243000479138
    endloop
  endfacet
  facet normal 0.0 0.0 0.0
    outer loop
      vertex 0.0019498524783809073 0.0014333329423705308 -0.0004450415340059794
      vertex 0.001969615839321479 0.0014333329423705313 -0.0003472973029526602
      vertex 0.0015233261536652819 0.0014333329423705321 -0.000347689403528819
    endloop
  endfacet
  facet normal 0.0 0.0 0.0
    outer loop
      vertex -0.00023287684726662768 0.0014333329423705454 0.0015450474057179338
      vertex -0.0002980859330463853 0.001433332942370548 0.0019776605224587195
      vertex -0.0003962933163512659 0.001433332942370548 0.0019603435662595555
    endloop
  endfacet
  facet normal 0.0 0.0 0.0
    outer loop
      vertex 0.001969615839321479 0.0014333329423705313 -0.0003472973029526602
      vertex 0.001984479112631396 0.0014333329423705317 -0.00024868832665745554
      vertex 0.0015387652757728617 0.0014333329423705326 -0.0002713243000479138
    endloop
  endfacet
  facet normal 0.0 0.0 0.0
    outer loop
      vertex 0.0015387652757728617 0.0014333329423705326 -0.0002713243000479138
      vertex 0.001984479112631396 0.0014333329423705317 -0.00024868832665745554
      vertex 0.0015503749597263598 0.001433332942370533 -0.0001942868395706646
    endloop
  endfacet
  facet normal 0.0 0.0 0.0
    outer loop
      vertex -0.00015557416051618664 0.0014333329423705454 0.0015547376027286515
      vertex -0.00019913851232415645 0.0014333329423705478 0.0019900608290058246
      vertex -0.00023287684726662768 0.0014333329423705454 0.0015450474057179338
    endloop
  endfacet
  facet normal 0.0 0.0 0.0
    outer loop
      vertex -0.00023287684726662768 0.0014333329423705454 0.0015450474057179338
      vertex -0.00019913851232415645 0.0014333329423705478 0.0019900608290058246
      vertex -0.0002980859330463853 0.001433332942370548 0.0019776605224587195
    endloop
  endfacet
  facet normal 0.0 0.0 0.0
    outer loop
      vertex 0.0015503749597263598 0.001433332942370533 -0.0001942868395706646
      vertex 0.00199440422140677 0.0014333329423705321 -0.0001494616010101096
      vertex 0.0015581333941503937 0.0014333329423705332 -0.00011676360360294067
    endloop
  endfacet
  facet normal 0.0 0.0 0.0
    outer loop
      vertex 0.0015581333941503937 0.0014333329423705332 -0.00011676360360294067
      vertex 0.00199440422140677 0.0014333329423705321 -0.0001494616010101096
      vertex 0.0015620160984924556 0.0014333329423705337 -3.895466625567776e-05
    endloop
  endfacet
  facet normal 0.0 0.0 0.0
    outer loop
      vertex 0.001984479112631396 0.0014333329423705317 -0.00024868832665745554
      vertex 0.00199440422140677 0.0014333329423705321 -0.0001494616010101096
      vertex 0.0015503749597263598 0.001433332942370533 -0.0001942868395706646
    endloop
  endfacet
  facet normal 0.0 0.0 0.0
    outer loop
      vertex -7.788283833090807e-05 0.0014333329423705451 0.0015605588752061112
      vertex -9.969437903415032e-05 0.0014333329423705473 0.001997513890423751
      vertex -0.00015557416051618664 0.0014333329423705454 0.0015547376027286515
    endloop
  endfacet
  facet normal 0.0 0.0 0.0
    outer loop
      vertex -0.00015557416051618664 0.0014333329423705454 0.0015547376027286515
      vertex -9.969437903415032e-05 0.0014333329423705473 0.001997513890423751
      vertex -0.00019913851232415645 0.0014333329423705478 0.0019900608290058246
    endloop
  endfacet
  facet normal 0.0 0.0 0.0
    outer loop
      vertex 0.00199440422140677 0.0014333329423705321 -0.0001494616010101096
      vertex 0.0019993771543109565 0.0014333329423705328 -4.986241161316105e-05
      vertex 0.0015620160984924556 0.0014333329423705337 -3.895466625567776e-05
    endloop
  endfacet
  facet normal 0.0 0.0 0.0
    outer loop
      vertex 3.134929807103524e-09 0.001433332942370545 0.0015625010651733966
      vertex -1.2374902669023209e-09 0.001433332942370547 0.001999999684197559
      vertex -7.788283833090807e-05 0.0014333329423705451 0.0015605588752061112
    endloop
  endfacet
  facet normal 0.0 0.0 0.0
    outer loop
      vertex 7.788831508511543e-05 0.001433332942370545 0.0015605575389743174
      vertex -1.2374902669023209e-09 0.001433332942370547 0.001999999684197559
      vertex 3.134929807103524e-09 0.001433332942370545 0.0015625010651733966
    endloop
  endfacet
  facet normal 0.0 0.0 0.0
    outer loop
      vertex -7.788283833090807e-05 0.0014333329423705451 0.0015605588752061112
      vertex -1.2374902669023209e-09 0.001433332942370547 0.001999999684197559
      vertex -9.969437903415032e-05 0.0014333329423705473 0.001997513890423751
    endloop
  endfacet
  facet normal 0.0 0.0 0.0
    outer loop
      vertex 0.0015620160984924556 0.0014333329423705337 -3.895466625567776e-05
      vertex 0.00199937685136586 0.0014333329423705332 4.9861036287965704e-05
      vertex 0.0015620168184815105 0.001433332942370534 3.8955705930300315e-05
    endloop
  endfacet
  facet normal 0.0 0.0 0.0
    outer loop
      vertex 0.0019993771543109565 0.0014333329423705328 -4.986241161316105e-05
      vertex 0.00199937685136586 0.0014333329423705332 4.9861036287965704e-05
      vertex 0.0015620160984924556 0.0014333329423705337 -3.895466625567776e-05
    endloop
  endfacet
  facet normal 0.0 0.0 0.0
    outer loop
      vertex 0.00015557141866840067 0.0014333329423705447 0.0015547357602355887
      vertex 9.969441734927467e-05 0.0014333329423705469 0.0019975152047381002
      vertex 7.788831508511543e-05 0.001433332942370545 0.0015605575389743174
    endloop
  endfacet
  facet normal 0.0 0.0 0.0
    outer loop
      vertex 7.788831508511543e-05 0.001433332942370545 0.0015605575389743174
      vertex 9.969441734927467e-05 0.0014333329423705469 0.0019975152047381002
      vertex -1.2374902669023209e-09 0.001433332942370547 0.001999999684197559
    endloop
  endfacet
  facet normal 0.0 0.0 0.0
    outer loop
      vertex 0.0015620168184815105 0.001433332942370534 3.8955705930300315e-05
      vertex 0.001994407777982071 0.0014333329423705337 0.00014945872341432466
      vertex 0.0015581280904908427 0.0014333329423705345 0.00011676622948837732
    endloop
  endfacet
  facet normal 0.0 0.0 0.0
    outer loop
      vertex 0.0015581280904908427 0.0014333329423705345 0.00011676622948837732
      vertex 0.001994407777982071 0.0014333329423705337 0.00014945872341432466
      vertex 0.0015503706454595486 0.001433332942370535 0.00019428729952348175
    endloop
  endfacet
  facet normal 0.0 0.0 0.0
    outer loop
      vertex 0.00199937685136586 0.0014333329423705332 4.9861036287965704e-05
      vertex 0.001994407777982071 0.0014333329423705337 0.00014945872341432466
      vertex 0.0015620168184815105 0.001433332942370534 3.8955705930300315e-05
    endloop
  endfacet
  facet normal 0.0 0.0 0.0
    outer loop
      vertex 0.00015557141866840067 0.0014333329423705447 0.0015547357602355887
      vertex 0.00019913612224191593 0.0014333329423705467 0.001990061575454794
      vertex 9.969441734927467e-05 0.0014333329423705469 0.0019975152047381002
    endloop
  endfacet
  facet normal 0.0 0.0 0.0
    outer loop
      vertex 0.001994407777982071 0.0014333329423705337 0.00014945872341432466
      vertex 0.0019844799883901904 0.0014333329423705343 0.0002486870744505828
      vertex 0.0015503706454595486 0.001433332942370535 0.00019428729952348175
    endloop
  endfacet
  facet normal 0.0 0.0 0.0
    outer loop
      vertex 0.00023288227642174445 0.0014333329423705445 0.001545047822514018
      vertex 0.00029808272058368525 0.0014333329423705464 0.0019776627759686225
      vertex 0.00015557141866840067 0.0014333329423705447 0.0015547357602355887
    endloop
  endfacet
  facet normal 0.0 0.0 0.0
    outer loop
      vertex 0.00015557141866840067 0.0014333329423705447 0.0015547357602355887
      vertex 0.00029808272058368525 0.0014333329423705464 0.0019776627759686225
      vertex 0.00019913612224191593 0.0014333329423705467 0.001990061575454794
    endloop
  endfacet
  facet normal 0.0 0.0 0.0
    outer loop
      vertex 0.0015503706454595486 0.001433332942370535 0.00019428729952348175
      vertex 0.001969614964926601 0.0014333329423705347 0.00034729486076211366
      vertex 0.001538759625506714 0.0014333329423705352 0.0002713228671769296
    endloop
  endfacet
  facet normal 0.0 0.0 0.0
    outer loop
      vertex 0.0019844799883901904 0.0014333329423705343 0.0002486870744505828
      vertex 0.001969614964926601 0.0014333329423705347 0.00034729486076211366
      vertex 0.0015503706454595486 0.001433332942370535 0.00019428729952348175
    endloop
  endfacet
  facet normal 0.0 0.0 0.0
    outer loop
      vertex 0.00023288227642174445 0.0014333329423705445 0.001545047822514018
      vertex 0.0003962915959491676 0.0014333329423705462 0.0019603463102212957
      vertex 0.00029808272058368525 0.0014333329423705464 0.0019776627759686225
    endloop
  endfacet
  facet normal 0.0 0.0 0.0
    outer loop
      vertex 0.0003096037973084198 0.0014333329423705443 0.0015315194157177936
      vertex 0.0003962915959491676 0.0014333329423705462 0.0019603463102212957
      vertex 0.00023288227642174445 0.0014333329423705445 0.001545047822514018
    endloop
  endfacet
  facet normal 0.0 0.0 0.0
    outer loop
      vertex 0.001538759625506714 0.0014333329423705352 0.0002713228671769296
      vertex 0.0019498553358520449 0.0014333329423705352 0.0004450396126429488
      vertex 0.001523322810212888 0.0014333329423705356 0.00034768624719653526
    endloop
  endfacet
  facet normal 0.0 0.0 0.0
    outer loop
      vertex 0.001969614964926601 0.0014333329423705347 0.00034729486076211366
      vertex 0.0019498553358520449 0.0014333329423705352 0.0004450396126429488
      vertex 0.001538759625506714 0.0014333329423705352 0.0002713228671769296
    endloop
  endfacet
  facet normal 0.0 0.0 0.0
    outer loop
      vertex 0.0003096037973084198 0.0014333329423705443 0.0015315194157177936
      vertex 0.0004935142926271762 0.0014333329423705458 0.0019381537794374273
      vertex 0.0003962915959491676 0.0014333329423705462 0.0019603463102212957
    endloop
  endfacet
  facet normal 0.0 0.0 0.0
    outer loop
      vertex 0.00038555705314185005 0.001433332942370544 0.0015141837793280803
      vertex 0.0004935142926271762 0.0014333329423705458 0.0019381537794374273
      vertex 0.0003096037973084198 0.0014333329423705443 0.0015315194157177936
    endloop
  endfacet
  facet normal 0.0 0.0 0.0
    outer loop
      vertex 0.001523322810212888 0.0014333329423705356 0.00034768624719653526
      vertex 0.0019252507780687168 0.0014333329423705358 0.0005416817800300063
      vertex 0.0015040979474429579 0.001433332942370536 0.0004231866253315464
    endloop
  endfacet
  facet normal 0.0 0.0 0.0
    outer loop
      vertex 0.0015040979474429579 0.001433332942370536 0.0004231866253315464
      vertex 0.0019252507780687168 0.0014333329423705358 0.0005416817800300063
      vertex 0.0014811383421661608 0.0014333329423705365 0.0004976355022962563
    endloop
  endfacet
  facet normal 0.0 0.0 0.0
    outer loop
      vertex 0.0019498553358520449 0.0014333329423705352 0.0004450396126429488
      vertex 0.0019252507780687168 0.0014333329423705358 0.0005416817800300063
      vertex 0.001523322810212888 0.0014333329423705356 0.00034768624719653526
    endloop
  endfacet
  facet normal 0.0 0.0 0.0
    outer loop
      vertex 0.00038555705314185005 0.001433332942370544 0.0015141837793280803
      vertex 0.0005895106129036572 0.0014333329423705456 0.0019111467214103111
      vertex 0.0004935142926271762 0.0014333329423705458 0.0019381537794374273
    endloop
  endfacet
  facet normal 0.0 0.0 0.0
    outer loop
      vertex 0.0004605516876296766 0.0014333329423705436 0.001493081806145338
      vertex 0.0005895106129036572 0.0014333329423705456 0.0019111467214103111
      vertex 0.00038555705314185005 0.001433332942370544 0.0015141837793280803
    endloop
  endfacet
  facet normal 0.0 0.0 0.0
    outer loop
      vertex 0.0019252507780687168 0.0014333329423705358 0.0005416817800300063
      vertex 0.0018958538881216965 0.0014333329423705363 0.0006369747642187514
      vertex 0.0014811383421661608 0.0014333329423705365 0.0004976355022962563
    endloop
  endfacet
  facet normal 0.0 0.0 0.0
    outer loop
      vertex 0.0004605516876296766 0.0014333329423705436 0.001493081806145338
      vertex 0.0006840403590645577 0.0014333329423705451 0.0018793866739332391
      vertex 0.0005895106129036572 0.0014333329423705456 0.0019111467214103111
    endloop
  endfacet
  facet normal 0.0 0.0 0.0
    outer loop
      vertex 0.0006069269815690418 0.0014333329423705432 0.0014398057546293605
      vertex 0.0006840403590645577 0.0014333329423705451 0.0018793866739332391
      vertex 0.0005344070622981174 0.0014333329423705434 0.0014682708012179765
    endloop
  endfacet
  facet normal 0.0 0.0 0.0
    outer loop
      vertex 0.0005344070622981174 0.0014333329423705434 0.0014682708012179765
      vertex 0.0006840403590645577 0.0014333329423705451 0.0018793866739332391
      vertex 0.0004605516876296766 0.0014333329423705436 0.001493081806145338
    endloop
  endfacet
  facet normal 0.0 0.0 0.0
    outer loop
      vertex 0.0018958538881216965 0.0014333329423705363 0.0006369747642187514
      vertex 0.0018617469169433193 0.001433332942370537 0.0007306801207554669
      vertex 0.0014811383421661608 0.0014333329423705365 0.0004976355022962563
    endloop
  endfacet
  facet normal 0.0 0.0 0.0
    outer loop
      vertex 0.0014811383421661608 0.0014333329423705365 0.0004976355022962563
      vertex 0.0018617469169433193 0.001433332942370537 0.0007306801207554669
      vertex 0.0014544887908888372 0.001433332942370537 0.000570844983482799
    endloop
  endfacet
  facet normal 0.0 0.0 0.0
    outer loop
      vertex 0.0006779461136072536 0.0014333329423705428 0.001407766827639464
      vertex 0.0007768715913929576 0.0014333329423705447 0.0018429551113681825
      vertex 0.0006069269815690418 0.0014333329423705432 0.0014398057546293605
    endloop
  endfacet
  facet normal 0.0 0.0 0.0
    outer loop
      vertex 0.0006069269815690418 0.0014333329423705432 0.0014398057546293605
      vertex 0.0007768715913929576 0.0014333329423705447 0.0018429551113681825
      vertex 0.0006840403590645577 0.0014333329423705451 0.0018793866739332391
    endloop
  endfacet
  facet normal 0.0 0.0 0.0
    outer loop
      vertex 0.0014544887908888372 0.001433332942370537 0.000570844983482799
      vertex 0.0018230133248216013 0.0014333329423705373 0.0008225764221122273
      vertex 0.0014242307931460348 0.0014333329423705373 0.000642638248177012
    endloop
  endfacet
  facet normal 0.0 0.0 0.0
    outer loop
      vertex 0.0018617469169433193 0.001433332942370537 0.0007306801207554669
      vertex 0.0018230133248216013 0.0014333329423705373 0.0008225764221122273
      vertex 0.0014544887908888372 0.001433332942370537 0.000570844983482799
    endloop
  endfacet
  facet normal 0.0 0.0 0.0
    outer loop
      vertex 0.0006779461136072536 0.0014333329423705428 0.001407766827639464
      vertex 0.0008677694505290506 0.0014333329423705445 0.0018019405567185653
      vertex 0.0007768715913929576 0.0014333329423705447 0.0018429551113681825
    endloop
  endfacet
  facet normal 0.0 0.0 0.0
    outer loop
      vertex 0.0014242307931460348 0.0014333329423705373 0.000642638248177012
      vertex 0.0017797453309732166 0.001433332942370538 0.0009124210948367493
      vertex 0.0013904247025484434 0.0014333329423705378 0.0007128297167360751
    endloop
  endfacet
  facet normal 0.0 0.0 0.0
    outer loop
      vertex 0.0018230133248216013 0.0014333329423705373 0.0008225764221122273
      vertex 0.0017797453309732166 0.001433332942370538 0.0009124210948367493
      vertex 0.0014242307931460348 0.0014333329423705373 0.000642638248177012
    endloop
  endfacet
  facet normal 0.0 0.0 0.0
    outer loop
      vertex 0.0007472709320117466 0.0014333329423705425 0.0013722225029367179
      vertex 0.0009565102547530509 0.001433332942370544 0.001756444420915036
      vertex 0.0006779461136072536 0.0014333329423705428 0.001407766827639464
    endloop
  endfacet
  facet normal 0.0 0.0 0.0
    outer loop
      vertex 0.0006779461136072536 0.0014333329423705428 0.001407766827639464
      vertex 0.0009565102547530509 0.001433332942370544 0.001756444420915036
      vertex 0.0008677694505290506 0.0014333329423705445 0.0018019405567185653
    endloop
  endfacet
  facet normal 0.0 0.0 0.0
    outer loop
      vertex 0.0013904247025484434 0.0014333329423705378 0.0007128297167360751
      vertex 0.001732049001431982 0.0014333329423705386 0.0009999979460090392
      vertex 0.001353164656092574 0.0014333329423705384 0.0007812519320523244
    endloop
  endfacet
  facet normal 0.0 0.0 0.0
    outer loop
      vertex 0.0017797453309732166 0.001433332942370538 0.0009124210948367493
      vertex 0.001732049001431982 0.0014333329423705386 0.0009999979460090392
      vertex 0.0013904247025484434 0.0014333329423705378 0.0007128297167360751
    endloop
  endfacet
  facet normal 0.0 0.0 0.0
    outer loop
      vertex 0.0007472709320117466 0.0014333329423705425 0.0013722225029367179
      vertex 0.0010428729915222962 0.0014333329423705436 0.0017065816074933078
      vertex 0.0009565102547530509 0.001433332942370544 0.001756444420915036
    endloop
  endfacet
  facet normal 0.0 0.0 0.0
    outer loop
      vertex 0.0008147387741244488 0.0014333329423705421 0.0013332664343861614
      vertex 0.0010428729915222962 0.0014333329423705436 0.0017065816074933078
      vertex 0.0007472709320117466 0.0014333329423705425 0.0013722225029367179
    endloop
  endfacet
  facet normal 0.0 0.0 0.0
    outer loop
      vertex 0.001732049001431982 0.0014333329423705386 0.0009999979460090392
      vertex 0.0016800544677989604 0.001433332942370539 0.0010850924929963089
      vertex 0.001353164656092574 0.0014333329423705384 0.0007812519320523244
    endloop
  endfacet
  facet normal 0.0 0.0 0.0
    outer loop
      vertex 0.001353164656092574 0.0014333329423705384 0.0007812519320523244
      vertex 0.0016800544677989604 0.001433332942370539 0.0010850924929963089
      vertex 0.0013125406617763699 0.0014333329423705389 0.0008477274687337575
    endloop
  endfacet
  facet normal 0.0 0.0 0.0
    outer loop
      vertex 0.0008147387741244488 0.0014333329423705421 0.0013332664343861614
      vertex 0.0011266407772926896 0.0014333329423705432 0.0016524769882734346
      vertex 0.0010428729915222962 0.0014333329423705436 0.0017065816074933078
    endloop
  endfacet
  facet normal 0.0 0.0 0.0
    outer loop
      vertex 0.0008801855174658447 0.001433332942370542 0.0012909958001735607
      vertex 0.0011266407772926896 0.0014333329423705432 0.0016524769882734346
      vertex 0.0008147387741244488 0.0014333329423705421 0.0013332664343861614
    endloop
  endfacet
  facet normal 0.0 0.0 0.0
    outer loop
      vertex 0.0013125406617763699 0.0014333329423705389 0.0008477274687337575
      vertex 0.0016238763045708648 0.0014333329423705397 0.0011674879382007246
      vertex 0.0012686509855949096 0.0014333329423705393 0.0009120988379570496
    endloop
  endfacet
  facet normal 0.0 0.0 0.0
    outer loop
      vertex 0.0016800544677989604 0.001433332942370539 0.0010850924929963089
      vertex 0.0016238763045708648 0.0014333329423705397 0.0011674879382007246
      vertex 0.0013125406617763699 0.0014333329423705389 0.0008477274687337575
    endloop
  endfacet
  facet normal 0.0 0.0 0.0
    outer loop
      vertex 0.0010043572571636922 0.0014333329423705412 0.0011969441543190546
      vertex 0.001207609365981599 0.0014333329423705428 0.001594264798681968
      vertex 0.0009434426600920911 0.0014333329423705415 0.0012455183514468613
    endloop
  endfacet
  facet normal 0.0 0.0 0.0
    outer loop
      vertex 0.0009434426600920911 0.0014333329423705415 0.0012455183514468613
      vertex 0.001207609365981599 0.0014333329423705428 0.001594264798681968
      vertex 0.0008801855174658447 0.001433332942370542 0.0012909958001735607
    endloop
  endfacet
  facet normal 0.0 0.0 0.0
    outer loop
      vertex 0.0008801855174658447 0.001433332942370542 0.0012909958001735607
      vertex 0.001207609365981599 0.0014333329423705428 0.001594264798681968
      vertex 0.0011266407772926896 0.0014333329423705432 0.0016524769882734346
    endloop
  endfacet
  facet normal 0.0 0.0 0.0
    outer loop
      vertex 0.0012686509855949096 0.0014333329423705393 0.0009120988379570496
      vertex 0.0015636643294516734 0.0014333329423705402 0.001246982082238883
      vertex 0.0012216123702905048 0.0014333329423705395 0.0009742038172224689
    endloop
  endfacet
  facet normal 0.0 0.0 0.0
    outer loop
      vertex 0.0012216123702905048 0.0014333329423705395 0.0009742038172224689
      vertex 0.0015636643294516734 0.0014333329423705402 0.001246982082238883
      vertex 0.0011715315903211294 0.00143333294237054 0.0010338843130288508
    endloop
  endfacet
  facet normal 0.0 0.0 0.0
    outer loop
      vertex 0.0016238763045708648 0.0014333329423705397 0.0011674879382007246
      vertex 0.0015636643294516734 0.0014333329423705402 0.001246982082238883
      vertex 0.0012686509855949096 0.0014333329423705393 0.0009120988379570496
    endloop
  endfacet
  facet normal 0.0 0.0 0.0
    outer loop
      vertex 0.0010043572571636922 0.0014333329423705412 0.0011969441543190546
      vertex 0.0012855786405049582 0.0014333329423705421 0.0015320892424297984
      vertex 0.001207609365981599 0.0014333329423705428 0.001594264798681968
    endloop
  endfacet
  facet normal 0.0 0.0 0.0
    outer loop
      vertex 0.0015636643294516734 0.0014333329423705402 0.001246982082238883
      vertex 0.0014995613115039105 0.0014333329423705408 0.0013233698060844952
      vertex 0.0011715315903211294 0.00143333294237054 0.0010338843130288508
    endloop
  endfacet
  facet normal 0.0 0.0 0.0
    outer loop
      vertex 0.001062771984376824 0.0014333329423705408 0.0011453938478653114
      vertex 0.0013603441043143713 0.0014333329423705417 0.0014661050961899957
      vertex 0.0010043572571636922 0.0014333329423705412 0.0011969441543190546
    endloop
  endfacet
  facet normal 0.0 0.0 0.0
    outer loop
      vertex 0.0010043572571636922 0.0014333329423705412 0.0011969441543190546
      vertex 0.0013603441043143713 0.0014333329423705417 0.0014661050961899957
      vertex 0.0012855786405049582 0.0014333329423705421 0.0015320892424297984
    endloop
  endfacet
  facet normal 0.0 0.0 0.0
    outer loop
      vertex 0.0011715315903211294 0.00143333294237054 0.0010338843130288508
      vertex 0.001431732375070141 0.0014333329423705412 0.001396471766565721
      vertex 0.001118543614710568 0.0014333329423705404 0.001090993910446574
    endloop
  endfacet
  facet normal 0.0 0.0 0.0
    outer loop
      vertex 0.001118543614710568 0.0014333329423705404 0.001090993910446574
      vertex 0.001431732375070141 0.0014333329423705412 0.001396471766565721
      vertex 0.001062771984376824 0.0014333329423705408 0.0011453938478653114
    endloop
  endfacet
  facet normal 0.0 0.0 0.0
    outer loop
      vertex 0.0014995613115039105 0.0014333329423705408 0.0013233698060844952
      vertex 0.001431732375070141 0.0014333329423705412 0.001396471766565721
      vertex 0.0011715315903211294 0.00143333294237054 0.0010338843130288508
    endloop
  endfacet
  facet normal 0.0 0.0 0.0
    outer loop
      vertex 0.001062771984376824 0.0014333329423705408 0.0011453938478653114
      vertex 0.001431732375070141 0.0014333329423705412 0.001396471766565721
      vertex 0.0013603441043143713 0.0014333329423705417 0.0014661050961899957
    endloop
  endfacet
endsolid mesh
